[2026-06-24T09:39:09.727+0000] {processor.py:186} INFO - Started process (PID=172) to work on /opt/airflow/dags/sanity_checks.py
[2026-06-24T09:39:09.731+0000] {processor.py:914} INFO - Processing file /opt/airflow/dags/sanity_checks.py for tasks to queue
[2026-06-24T09:39:09.742+0000] {logging_mixin.py:190} INFO - [2026-06-24T09:39:09.741+0000] {dagbag.py:587} INFO - Filling up the DagBag from /opt/airflow/dags/sanity_checks.py
[2026-06-24T09:39:09.791+0000] {processor.py:925} INFO - DAG(s) 'airflow_sanity_check' retrieved from /opt/airflow/dags/sanity_checks.py
[2026-06-24T09:39:09.903+0000] {logging_mixin.py:190} INFO - [2026-06-24T09:39:09.903+0000] {dag.py:3211} INFO - Sync 1 DAGs
[2026-06-24T09:39:09.982+0000] {logging_mixin.py:190} INFO - [2026-06-24T09:39:09.981+0000] {dag.py:4138} INFO - Setting next_dagrun for airflow_sanity_check to None, run_after=None
[2026-06-24T09:39:10.036+0000] {processor.py:208} INFO - Processing /opt/airflow/dags/sanity_checks.py took 0.331 seconds
[2026-06-24T09:39:40.436+0000] {processor.py:186} INFO - Started process (PID=195) to work on /opt/airflow/dags/sanity_checks.py
[2026-06-24T09:39:40.437+0000] {processor.py:914} INFO - Processing file /opt/airflow/dags/sanity_checks.py for tasks to queue
[2026-06-24T09:39:40.448+0000] {logging_mixin.py:190} INFO - [2026-06-24T09:39:40.448+0000] {dagbag.py:587} INFO - Filling up the DagBag from /opt/airflow/dags/sanity_checks.py
[2026-06-24T09:39:40.468+0000] {processor.py:925} INFO - DAG(s) 'airflow_sanity_check' retrieved from /opt/airflow/dags/sanity_checks.py
[2026-06-24T09:39:40.518+0000] {logging_mixin.py:190} INFO - [2026-06-24T09:39:40.517+0000] {dag.py:3211} INFO - Sync 1 DAGs
[2026-06-24T09:39:40.548+0000] {logging_mixin.py:190} INFO - [2026-06-24T09:39:40.548+0000] {dag.py:4138} INFO - Setting next_dagrun for airflow_sanity_check to None, run_after=None
[2026-06-24T09:39:40.585+0000] {processor.py:208} INFO - Processing /opt/airflow/dags/sanity_checks.py took 0.160 seconds
[2026-06-24T09:40:10.903+0000] {processor.py:186} INFO - Started process (PID=205) to work on /opt/airflow/dags/sanity_checks.py
[2026-06-24T09:40:10.904+0000] {processor.py:914} INFO - Processing file /opt/airflow/dags/sanity_checks.py for tasks to queue
[2026-06-24T09:40:10.908+0000] {logging_mixin.py:190} INFO - [2026-06-24T09:40:10.907+0000] {dagbag.py:587} INFO - Filling up the DagBag from /opt/airflow/dags/sanity_checks.py
[2026-06-24T09:40:10.925+0000] {processor.py:925} INFO - DAG(s) 'airflow_sanity_check' retrieved from /opt/airflow/dags/sanity_checks.py
[2026-06-24T09:40:10.969+0000] {logging_mixin.py:190} INFO - [2026-06-24T09:40:10.969+0000] {dag.py:3211} INFO - Sync 1 DAGs
[2026-06-24T09:40:10.995+0000] {logging_mixin.py:190} INFO - [2026-06-24T09:40:10.994+0000] {dag.py:4138} INFO - Setting next_dagrun for airflow_sanity_check to None, run_after=None
[2026-06-24T09:40:11.025+0000] {processor.py:208} INFO - Processing /opt/airflow/dags/sanity_checks.py took 0.135 seconds
[2026-06-24T09:40:41.358+0000] {processor.py:186} INFO - Started process (PID=218) to work on /opt/airflow/dags/sanity_checks.py
[2026-06-24T09:40:41.362+0000] {processor.py:914} INFO - Processing file /opt/airflow/dags/sanity_checks.py for tasks to queue
[2026-06-24T09:40:41.369+0000] {logging_mixin.py:190} INFO - [2026-06-24T09:40:41.368+0000] {dagbag.py:587} INFO - Filling up the DagBag from /opt/airflow/dags/sanity_checks.py
[2026-06-24T09:40:41.402+0000] {processor.py:925} INFO - DAG(s) 'airflow_sanity_check' retrieved from /opt/airflow/dags/sanity_checks.py
[2026-06-24T09:40:41.472+0000] {logging_mixin.py:190} INFO - [2026-06-24T09:40:41.471+0000] {dag.py:3211} INFO - Sync 1 DAGs
[2026-06-24T09:40:41.504+0000] {logging_mixin.py:190} INFO - [2026-06-24T09:40:41.503+0000] {dag.py:4138} INFO - Setting next_dagrun for airflow_sanity_check to None, run_after=None
[2026-06-24T09:40:41.541+0000] {processor.py:208} INFO - Processing /opt/airflow/dags/sanity_checks.py took 0.200 seconds
[2026-06-24T09:41:11.834+0000] {processor.py:186} INFO - Started process (PID=228) to work on /opt/airflow/dags/sanity_checks.py
[2026-06-24T09:41:11.836+0000] {processor.py:914} INFO - Processing file /opt/airflow/dags/sanity_checks.py for tasks to queue
[2026-06-24T09:41:11.840+0000] {logging_mixin.py:190} INFO - [2026-06-24T09:41:11.839+0000] {dagbag.py:587} INFO - Filling up the DagBag from /opt/airflow/dags/sanity_checks.py
[2026-06-24T09:41:11.857+0000] {processor.py:925} INFO - DAG(s) 'airflow_sanity_check' retrieved from /opt/airflow/dags/sanity_checks.py
[2026-06-24T09:41:11.917+0000] {logging_mixin.py:190} INFO - [2026-06-24T09:41:11.916+0000] {dag.py:3211} INFO - Sync 1 DAGs
[2026-06-24T09:41:11.950+0000] {logging_mixin.py:190} INFO - [2026-06-24T09:41:11.950+0000] {dag.py:4138} INFO - Setting next_dagrun for airflow_sanity_check to None, run_after=None
[2026-06-24T09:41:11.987+0000] {processor.py:208} INFO - Processing /opt/airflow/dags/sanity_checks.py took 0.164 seconds
[2026-06-24T09:41:42.288+0000] {processor.py:186} INFO - Started process (PID=238) to work on /opt/airflow/dags/sanity_checks.py
[2026-06-24T09:41:42.290+0000] {processor.py:914} INFO - Processing file /opt/airflow/dags/sanity_checks.py for tasks to queue
[2026-06-24T09:41:42.294+0000] {logging_mixin.py:190} INFO - [2026-06-24T09:41:42.293+0000] {dagbag.py:587} INFO - Filling up the DagBag from /opt/airflow/dags/sanity_checks.py
[2026-06-24T09:41:42.321+0000] {processor.py:925} INFO - DAG(s) 'airflow_sanity_check' retrieved from /opt/airflow/dags/sanity_checks.py
[2026-06-24T09:41:42.370+0000] {logging_mixin.py:190} INFO - [2026-06-24T09:41:42.370+0000] {dag.py:3211} INFO - Sync 1 DAGs
[2026-06-24T09:41:42.394+0000] {logging_mixin.py:190} INFO - [2026-06-24T09:41:42.393+0000] {dag.py:4138} INFO - Setting next_dagrun for airflow_sanity_check to None, run_after=None
[2026-06-24T09:41:42.451+0000] {processor.py:208} INFO - Processing /opt/airflow/dags/sanity_checks.py took 0.176 seconds
[2026-06-24T09:42:12.745+0000] {processor.py:186} INFO - Started process (PID=248) to work on /opt/airflow/dags/sanity_checks.py
[2026-06-24T09:42:12.747+0000] {processor.py:914} INFO - Processing file /opt/airflow/dags/sanity_checks.py for tasks to queue
[2026-06-24T09:42:12.751+0000] {logging_mixin.py:190} INFO - [2026-06-24T09:42:12.750+0000] {dagbag.py:587} INFO - Filling up the DagBag from /opt/airflow/dags/sanity_checks.py
[2026-06-24T09:42:12.766+0000] {processor.py:925} INFO - DAG(s) 'airflow_sanity_check' retrieved from /opt/airflow/dags/sanity_checks.py
[2026-06-24T09:42:12.808+0000] {logging_mixin.py:190} INFO - [2026-06-24T09:42:12.808+0000] {dag.py:3211} INFO - Sync 1 DAGs
[2026-06-24T09:42:12.829+0000] {logging_mixin.py:190} INFO - [2026-06-24T09:42:12.829+0000] {dag.py:4138} INFO - Setting next_dagrun for airflow_sanity_check to None, run_after=None
[2026-06-24T09:42:12.854+0000] {processor.py:208} INFO - Processing /opt/airflow/dags/sanity_checks.py took 0.118 seconds
[2026-06-24T09:42:43.151+0000] {processor.py:186} INFO - Started process (PID=258) to work on /opt/airflow/dags/sanity_checks.py
[2026-06-24T09:42:43.153+0000] {processor.py:914} INFO - Processing file /opt/airflow/dags/sanity_checks.py for tasks to queue
[2026-06-24T09:42:43.159+0000] {logging_mixin.py:190} INFO - [2026-06-24T09:42:43.158+0000] {dagbag.py:587} INFO - Filling up the DagBag from /opt/airflow/dags/sanity_checks.py
[2026-06-24T09:42:43.176+0000] {processor.py:925} INFO - DAG(s) 'airflow_sanity_check' retrieved from /opt/airflow/dags/sanity_checks.py
[2026-06-24T09:42:43.218+0000] {logging_mixin.py:190} INFO - [2026-06-24T09:42:43.217+0000] {dag.py:3211} INFO - Sync 1 DAGs
[2026-06-24T09:42:43.239+0000] {logging_mixin.py:190} INFO - [2026-06-24T09:42:43.238+0000] {dag.py:4138} INFO - Setting next_dagrun for airflow_sanity_check to None, run_after=None
[2026-06-24T09:42:43.267+0000] {processor.py:208} INFO - Processing /opt/airflow/dags/sanity_checks.py took 0.126 seconds
[2026-06-24T09:43:13.550+0000] {processor.py:186} INFO - Started process (PID=268) to work on /opt/airflow/dags/sanity_checks.py
[2026-06-24T09:43:13.551+0000] {processor.py:914} INFO - Processing file /opt/airflow/dags/sanity_checks.py for tasks to queue
[2026-06-24T09:43:13.555+0000] {logging_mixin.py:190} INFO - [2026-06-24T09:43:13.555+0000] {dagbag.py:587} INFO - Filling up the DagBag from /opt/airflow/dags/sanity_checks.py
[2026-06-24T09:43:13.571+0000] {processor.py:925} INFO - DAG(s) 'airflow_sanity_check' retrieved from /opt/airflow/dags/sanity_checks.py
[2026-06-24T09:43:13.613+0000] {logging_mixin.py:190} INFO - [2026-06-24T09:43:13.613+0000] {dag.py:3211} INFO - Sync 1 DAGs
[2026-06-24T09:43:13.635+0000] {logging_mixin.py:190} INFO - [2026-06-24T09:43:13.634+0000] {dag.py:4138} INFO - Setting next_dagrun for airflow_sanity_check to None, run_after=None
[2026-06-24T09:43:13.663+0000] {processor.py:208} INFO - Processing /opt/airflow/dags/sanity_checks.py took 0.123 seconds
[2026-06-24T09:43:43.962+0000] {processor.py:186} INFO - Started process (PID=278) to work on /opt/airflow/dags/sanity_checks.py
[2026-06-24T09:43:43.964+0000] {processor.py:914} INFO - Processing file /opt/airflow/dags/sanity_checks.py for tasks to queue
[2026-06-24T09:43:43.968+0000] {logging_mixin.py:190} INFO - [2026-06-24T09:43:43.968+0000] {dagbag.py:587} INFO - Filling up the DagBag from /opt/airflow/dags/sanity_checks.py
[2026-06-24T09:43:43.984+0000] {processor.py:925} INFO - DAG(s) 'airflow_sanity_check' retrieved from /opt/airflow/dags/sanity_checks.py
[2026-06-24T09:43:44.028+0000] {logging_mixin.py:190} INFO - [2026-06-24T09:43:44.028+0000] {dag.py:3211} INFO - Sync 1 DAGs
[2026-06-24T09:43:44.049+0000] {logging_mixin.py:190} INFO - [2026-06-24T09:43:44.049+0000] {dag.py:4138} INFO - Setting next_dagrun for airflow_sanity_check to None, run_after=None
[2026-06-24T09:43:44.080+0000] {processor.py:208} INFO - Processing /opt/airflow/dags/sanity_checks.py took 0.127 seconds
[2026-06-24T09:44:14.406+0000] {processor.py:186} INFO - Started process (PID=288) to work on /opt/airflow/dags/sanity_checks.py
[2026-06-24T09:44:14.408+0000] {processor.py:914} INFO - Processing file /opt/airflow/dags/sanity_checks.py for tasks to queue
[2026-06-24T09:44:14.411+0000] {logging_mixin.py:190} INFO - [2026-06-24T09:44:14.411+0000] {dagbag.py:587} INFO - Filling up the DagBag from /opt/airflow/dags/sanity_checks.py
[2026-06-24T09:44:14.427+0000] {processor.py:925} INFO - DAG(s) 'airflow_sanity_check' retrieved from /opt/airflow/dags/sanity_checks.py
[2026-06-24T09:44:14.470+0000] {logging_mixin.py:190} INFO - [2026-06-24T09:44:14.469+0000] {dag.py:3211} INFO - Sync 1 DAGs
[2026-06-24T09:44:14.494+0000] {logging_mixin.py:190} INFO - [2026-06-24T09:44:14.494+0000] {dag.py:4138} INFO - Setting next_dagrun for airflow_sanity_check to None, run_after=None
[2026-06-24T09:44:14.530+0000] {processor.py:208} INFO - Processing /opt/airflow/dags/sanity_checks.py took 0.133 seconds
[2026-06-24T09:44:44.864+0000] {processor.py:186} INFO - Started process (PID=310) to work on /opt/airflow/dags/sanity_checks.py
[2026-06-24T09:44:44.867+0000] {processor.py:914} INFO - Processing file /opt/airflow/dags/sanity_checks.py for tasks to queue
[2026-06-24T09:44:44.873+0000] {logging_mixin.py:190} INFO - [2026-06-24T09:44:44.873+0000] {dagbag.py:587} INFO - Filling up the DagBag from /opt/airflow/dags/sanity_checks.py
[2026-06-24T09:44:44.903+0000] {processor.py:925} INFO - DAG(s) 'airflow_sanity_check' retrieved from /opt/airflow/dags/sanity_checks.py
[2026-06-24T09:44:44.968+0000] {logging_mixin.py:190} INFO - [2026-06-24T09:44:44.968+0000] {dag.py:3211} INFO - Sync 1 DAGs
[2026-06-24T09:44:45.008+0000] {logging_mixin.py:190} INFO - [2026-06-24T09:44:45.007+0000] {dag.py:4138} INFO - Setting next_dagrun for airflow_sanity_check to None, run_after=None
[2026-06-24T09:44:45.046+0000] {processor.py:208} INFO - Processing /opt/airflow/dags/sanity_checks.py took 0.199 seconds
[2026-06-24T09:45:15.643+0000] {processor.py:186} INFO - Started process (PID=320) to work on /opt/airflow/dags/sanity_checks.py
[2026-06-24T09:45:15.645+0000] {processor.py:914} INFO - Processing file /opt/airflow/dags/sanity_checks.py for tasks to queue
[2026-06-24T09:45:15.650+0000] {logging_mixin.py:190} INFO - [2026-06-24T09:45:15.649+0000] {dagbag.py:587} INFO - Filling up the DagBag from /opt/airflow/dags/sanity_checks.py
[2026-06-24T09:45:15.669+0000] {processor.py:925} INFO - DAG(s) 'airflow_sanity_check' retrieved from /opt/airflow/dags/sanity_checks.py
[2026-06-24T09:45:15.716+0000] {logging_mixin.py:190} INFO - [2026-06-24T09:45:15.716+0000] {dag.py:3211} INFO - Sync 1 DAGs
[2026-06-24T09:45:15.745+0000] {logging_mixin.py:190} INFO - [2026-06-24T09:45:15.744+0000] {dag.py:4138} INFO - Setting next_dagrun for airflow_sanity_check to None, run_after=None
[2026-06-24T09:45:15.781+0000] {processor.py:208} INFO - Processing /opt/airflow/dags/sanity_checks.py took 0.149 seconds
[2026-06-24T09:45:46.108+0000] {processor.py:186} INFO - Started process (PID=330) to work on /opt/airflow/dags/sanity_checks.py
[2026-06-24T09:45:46.109+0000] {processor.py:914} INFO - Processing file /opt/airflow/dags/sanity_checks.py for tasks to queue
[2026-06-24T09:45:46.114+0000] {logging_mixin.py:190} INFO - [2026-06-24T09:45:46.113+0000] {dagbag.py:587} INFO - Filling up the DagBag from /opt/airflow/dags/sanity_checks.py
[2026-06-24T09:45:46.128+0000] {processor.py:925} INFO - DAG(s) 'airflow_sanity_check' retrieved from /opt/airflow/dags/sanity_checks.py
[2026-06-24T09:45:46.178+0000] {logging_mixin.py:190} INFO - [2026-06-24T09:45:46.177+0000] {dag.py:3211} INFO - Sync 1 DAGs
[2026-06-24T09:45:46.198+0000] {logging_mixin.py:190} INFO - [2026-06-24T09:45:46.198+0000] {dag.py:4138} INFO - Setting next_dagrun for airflow_sanity_check to None, run_after=None
[2026-06-24T09:45:46.231+0000] {processor.py:208} INFO - Processing /opt/airflow/dags/sanity_checks.py took 0.132 seconds
[2026-06-24T09:46:16.580+0000] {processor.py:186} INFO - Started process (PID=340) to work on /opt/airflow/dags/sanity_checks.py
[2026-06-24T09:46:16.584+0000] {processor.py:914} INFO - Processing file /opt/airflow/dags/sanity_checks.py for tasks to queue
[2026-06-24T09:46:16.588+0000] {logging_mixin.py:190} INFO - [2026-06-24T09:46:16.588+0000] {dagbag.py:587} INFO - Filling up the DagBag from /opt/airflow/dags/sanity_checks.py
[2026-06-24T09:46:16.607+0000] {processor.py:925} INFO - DAG(s) 'airflow_sanity_check' retrieved from /opt/airflow/dags/sanity_checks.py
[2026-06-24T09:46:16.653+0000] {logging_mixin.py:190} INFO - [2026-06-24T09:46:16.652+0000] {dag.py:3211} INFO - Sync 1 DAGs
[2026-06-24T09:46:16.678+0000] {logging_mixin.py:190} INFO - [2026-06-24T09:46:16.678+0000] {dag.py:4138} INFO - Setting next_dagrun for airflow_sanity_check to None, run_after=None
[2026-06-24T09:46:16.714+0000] {processor.py:208} INFO - Processing /opt/airflow/dags/sanity_checks.py took 0.148 seconds
[2026-06-24T09:46:47.066+0000] {processor.py:186} INFO - Started process (PID=360) to work on /opt/airflow/dags/sanity_checks.py
[2026-06-24T09:46:47.069+0000] {processor.py:914} INFO - Processing file /opt/airflow/dags/sanity_checks.py for tasks to queue
[2026-06-24T09:46:47.076+0000] {logging_mixin.py:190} INFO - [2026-06-24T09:46:47.075+0000] {dagbag.py:587} INFO - Filling up the DagBag from /opt/airflow/dags/sanity_checks.py
[2026-06-24T09:46:47.104+0000] {processor.py:925} INFO - DAG(s) 'airflow_sanity_check' retrieved from /opt/airflow/dags/sanity_checks.py
[2026-06-24T09:46:47.170+0000] {logging_mixin.py:190} INFO - [2026-06-24T09:46:47.170+0000] {dag.py:3211} INFO - Sync 1 DAGs
[2026-06-24T09:46:47.220+0000] {logging_mixin.py:190} INFO - [2026-06-24T09:46:47.219+0000] {dag.py:4138} INFO - Setting next_dagrun for airflow_sanity_check to None, run_after=None
[2026-06-24T09:46:47.262+0000] {processor.py:208} INFO - Processing /opt/airflow/dags/sanity_checks.py took 0.208 seconds
[2026-06-24T09:47:17.778+0000] {processor.py:186} INFO - Started process (PID=410) to work on /opt/airflow/dags/sanity_checks.py
[2026-06-24T09:47:17.814+0000] {processor.py:914} INFO - Processing file /opt/airflow/dags/sanity_checks.py for tasks to queue
[2026-06-24T09:47:17.838+0000] {logging_mixin.py:190} INFO - [2026-06-24T09:47:17.837+0000] {dagbag.py:587} INFO - Filling up the DagBag from /opt/airflow/dags/sanity_checks.py
[2026-06-24T09:47:18.337+0000] {processor.py:925} INFO - DAG(s) 'airflow_sanity_check' retrieved from /opt/airflow/dags/sanity_checks.py
[2026-06-24T09:47:18.506+0000] {logging_mixin.py:190} INFO - [2026-06-24T09:47:18.505+0000] {dag.py:3211} INFO - Sync 1 DAGs
[2026-06-24T09:47:18.840+0000] {logging_mixin.py:190} INFO - [2026-06-24T09:47:18.839+0000] {dag.py:4138} INFO - Setting next_dagrun for airflow_sanity_check to None, run_after=None
[2026-06-24T09:47:19.643+0000] {processor.py:208} INFO - Processing /opt/airflow/dags/sanity_checks.py took 1.937 seconds
[2026-06-24T09:47:50.369+0000] {processor.py:186} INFO - Started process (PID=420) to work on /opt/airflow/dags/sanity_checks.py
[2026-06-24T09:47:50.410+0000] {processor.py:914} INFO - Processing file /opt/airflow/dags/sanity_checks.py for tasks to queue
[2026-06-24T09:47:50.492+0000] {logging_mixin.py:190} INFO - [2026-06-24T09:47:50.491+0000] {dagbag.py:587} INFO - Filling up the DagBag from /opt/airflow/dags/sanity_checks.py
[2026-06-24T09:47:50.672+0000] {processor.py:925} INFO - DAG(s) 'airflow_sanity_check' retrieved from /opt/airflow/dags/sanity_checks.py
[2026-06-24T09:47:50.923+0000] {logging_mixin.py:190} INFO - [2026-06-24T09:47:50.922+0000] {dag.py:3211} INFO - Sync 1 DAGs
[2026-06-24T09:47:51.022+0000] {logging_mixin.py:190} INFO - [2026-06-24T09:47:51.021+0000] {dag.py:4138} INFO - Setting next_dagrun for airflow_sanity_check to None, run_after=None
[2026-06-24T09:47:51.136+0000] {processor.py:208} INFO - Processing /opt/airflow/dags/sanity_checks.py took 0.861 seconds
[2026-06-24T09:48:21.665+0000] {processor.py:186} INFO - Started process (PID=430) to work on /opt/airflow/dags/sanity_checks.py
[2026-06-24T09:48:21.684+0000] {processor.py:914} INFO - Processing file /opt/airflow/dags/sanity_checks.py for tasks to queue
[2026-06-24T09:48:21.745+0000] {logging_mixin.py:190} INFO - [2026-06-24T09:48:21.744+0000] {dagbag.py:587} INFO - Filling up the DagBag from /opt/airflow/dags/sanity_checks.py
[2026-06-24T09:48:21.869+0000] {processor.py:925} INFO - DAG(s) 'airflow_sanity_check' retrieved from /opt/airflow/dags/sanity_checks.py
[2026-06-24T09:48:22.230+0000] {logging_mixin.py:190} INFO - [2026-06-24T09:48:22.230+0000] {dag.py:3211} INFO - Sync 1 DAGs
[2026-06-24T09:48:22.499+0000] {logging_mixin.py:190} INFO - [2026-06-24T09:48:22.498+0000] {dag.py:4138} INFO - Setting next_dagrun for airflow_sanity_check to None, run_after=None
[2026-06-24T09:48:22.661+0000] {processor.py:208} INFO - Processing /opt/airflow/dags/sanity_checks.py took 1.070 seconds
[2026-06-24T09:48:54.386+0000] {processor.py:186} INFO - Started process (PID=440) to work on /opt/airflow/dags/sanity_checks.py
[2026-06-24T09:48:54.403+0000] {processor.py:914} INFO - Processing file /opt/airflow/dags/sanity_checks.py for tasks to queue
[2026-06-24T09:48:54.411+0000] {logging_mixin.py:190} INFO - [2026-06-24T09:48:54.409+0000] {dagbag.py:587} INFO - Filling up the DagBag from /opt/airflow/dags/sanity_checks.py
[2026-06-24T09:48:54.466+0000] {processor.py:925} INFO - DAG(s) 'airflow_sanity_check' retrieved from /opt/airflow/dags/sanity_checks.py
[2026-06-24T09:48:54.685+0000] {logging_mixin.py:190} INFO - [2026-06-24T09:48:54.683+0000] {dag.py:3211} INFO - Sync 1 DAGs
[2026-06-24T09:48:54.982+0000] {logging_mixin.py:190} INFO - [2026-06-24T09:48:54.981+0000] {dag.py:4138} INFO - Setting next_dagrun for airflow_sanity_check to None, run_after=None
[2026-06-24T09:48:55.095+0000] {processor.py:208} INFO - Processing /opt/airflow/dags/sanity_checks.py took 0.791 seconds
[2026-06-24T09:49:25.724+0000] {processor.py:186} INFO - Started process (PID=450) to work on /opt/airflow/dags/sanity_checks.py
[2026-06-24T09:49:25.761+0000] {processor.py:914} INFO - Processing file /opt/airflow/dags/sanity_checks.py for tasks to queue
[2026-06-24T09:49:25.774+0000] {logging_mixin.py:190} INFO - [2026-06-24T09:49:25.771+0000] {dagbag.py:587} INFO - Filling up the DagBag from /opt/airflow/dags/sanity_checks.py
[2026-06-24T09:49:25.888+0000] {processor.py:925} INFO - DAG(s) 'airflow_sanity_check' retrieved from /opt/airflow/dags/sanity_checks.py
[2026-06-24T09:49:26.236+0000] {logging_mixin.py:190} INFO - [2026-06-24T09:49:26.202+0000] {dag.py:3211} INFO - Sync 1 DAGs
[2026-06-24T09:49:26.334+0000] {logging_mixin.py:190} INFO - [2026-06-24T09:49:26.333+0000] {dag.py:4138} INFO - Setting next_dagrun for airflow_sanity_check to None, run_after=None
[2026-06-24T09:49:26.461+0000] {processor.py:208} INFO - Processing /opt/airflow/dags/sanity_checks.py took 0.764 seconds
[2026-06-24T09:49:57.141+0000] {processor.py:186} INFO - Started process (PID=460) to work on /opt/airflow/dags/sanity_checks.py
[2026-06-24T09:49:57.168+0000] {processor.py:914} INFO - Processing file /opt/airflow/dags/sanity_checks.py for tasks to queue
[2026-06-24T09:49:57.189+0000] {logging_mixin.py:190} INFO - [2026-06-24T09:49:57.188+0000] {dagbag.py:587} INFO - Filling up the DagBag from /opt/airflow/dags/sanity_checks.py
[2026-06-24T09:49:57.555+0000] {processor.py:925} INFO - DAG(s) 'airflow_sanity_check' retrieved from /opt/airflow/dags/sanity_checks.py
[2026-06-24T09:49:57.991+0000] {logging_mixin.py:190} INFO - [2026-06-24T09:49:57.990+0000] {dag.py:3211} INFO - Sync 1 DAGs
[2026-06-24T09:49:58.445+0000] {logging_mixin.py:190} INFO - [2026-06-24T09:49:58.440+0000] {dag.py:4138} INFO - Setting next_dagrun for airflow_sanity_check to None, run_after=None
[2026-06-24T09:49:58.914+0000] {processor.py:208} INFO - Processing /opt/airflow/dags/sanity_checks.py took 1.809 seconds
[2026-06-24T09:50:30.018+0000] {processor.py:186} INFO - Started process (PID=470) to work on /opt/airflow/dags/sanity_checks.py
[2026-06-24T09:50:30.033+0000] {processor.py:914} INFO - Processing file /opt/airflow/dags/sanity_checks.py for tasks to queue
[2026-06-24T09:50:30.044+0000] {logging_mixin.py:190} INFO - [2026-06-24T09:50:30.040+0000] {dagbag.py:587} INFO - Filling up the DagBag from /opt/airflow/dags/sanity_checks.py
[2026-06-24T09:50:30.216+0000] {processor.py:925} INFO - DAG(s) 'airflow_sanity_check' retrieved from /opt/airflow/dags/sanity_checks.py
[2026-06-24T09:50:30.821+0000] {logging_mixin.py:190} INFO - [2026-06-24T09:50:30.819+0000] {dag.py:3211} INFO - Sync 1 DAGs
[2026-06-24T09:50:30.961+0000] {logging_mixin.py:190} INFO - [2026-06-24T09:50:30.961+0000] {dag.py:4138} INFO - Setting next_dagrun for airflow_sanity_check to None, run_after=None
[2026-06-24T09:50:31.129+0000] {processor.py:208} INFO - Processing /opt/airflow/dags/sanity_checks.py took 1.130 seconds
[2026-06-24T09:51:02.401+0000] {processor.py:186} INFO - Started process (PID=480) to work on /opt/airflow/dags/sanity_checks.py
[2026-06-24T09:51:02.420+0000] {processor.py:914} INFO - Processing file /opt/airflow/dags/sanity_checks.py for tasks to queue
[2026-06-24T09:51:02.447+0000] {logging_mixin.py:190} INFO - [2026-06-24T09:51:02.440+0000] {dagbag.py:587} INFO - Filling up the DagBag from /opt/airflow/dags/sanity_checks.py
[2026-06-24T09:51:02.628+0000] {processor.py:925} INFO - DAG(s) 'airflow_sanity_check' retrieved from /opt/airflow/dags/sanity_checks.py
[2026-06-24T09:51:03.021+0000] {logging_mixin.py:190} INFO - [2026-06-24T09:51:03.021+0000] {dag.py:3211} INFO - Sync 1 DAGs
[2026-06-24T09:51:03.084+0000] {logging_mixin.py:190} INFO - [2026-06-24T09:51:03.083+0000] {dag.py:4138} INFO - Setting next_dagrun for airflow_sanity_check to None, run_after=None
[2026-06-24T09:51:03.297+0000] {processor.py:208} INFO - Processing /opt/airflow/dags/sanity_checks.py took 0.992 seconds
[2026-06-24T09:51:34.410+0000] {processor.py:186} INFO - Started process (PID=490) to work on /opt/airflow/dags/sanity_checks.py
[2026-06-24T09:51:34.416+0000] {processor.py:914} INFO - Processing file /opt/airflow/dags/sanity_checks.py for tasks to queue
[2026-06-24T09:51:34.441+0000] {logging_mixin.py:190} INFO - [2026-06-24T09:51:34.440+0000] {dagbag.py:587} INFO - Filling up the DagBag from /opt/airflow/dags/sanity_checks.py
[2026-06-24T09:51:34.510+0000] {processor.py:925} INFO - DAG(s) 'airflow_sanity_check' retrieved from /opt/airflow/dags/sanity_checks.py
[2026-06-24T09:51:34.638+0000] {logging_mixin.py:190} INFO - [2026-06-24T09:51:34.638+0000] {dag.py:3211} INFO - Sync 1 DAGs
[2026-06-24T09:51:34.688+0000] {logging_mixin.py:190} INFO - [2026-06-24T09:51:34.688+0000] {dag.py:4138} INFO - Setting next_dagrun for airflow_sanity_check to None, run_after=None
[2026-06-24T09:51:34.817+0000] {processor.py:208} INFO - Processing /opt/airflow/dags/sanity_checks.py took 0.432 seconds
[2026-06-24T09:52:05.759+0000] {processor.py:186} INFO - Started process (PID=500) to work on /opt/airflow/dags/sanity_checks.py
[2026-06-24T09:52:05.769+0000] {processor.py:914} INFO - Processing file /opt/airflow/dags/sanity_checks.py for tasks to queue
[2026-06-24T09:52:05.781+0000] {logging_mixin.py:190} INFO - [2026-06-24T09:52:05.780+0000] {dagbag.py:587} INFO - Filling up the DagBag from /opt/airflow/dags/sanity_checks.py
[2026-06-24T09:52:05.913+0000] {processor.py:925} INFO - DAG(s) 'airflow_sanity_check' retrieved from /opt/airflow/dags/sanity_checks.py
[2026-06-24T09:52:06.134+0000] {logging_mixin.py:190} INFO - [2026-06-24T09:52:06.116+0000] {dag.py:3211} INFO - Sync 1 DAGs
[2026-06-24T09:52:06.276+0000] {logging_mixin.py:190} INFO - [2026-06-24T09:52:06.275+0000] {dag.py:4138} INFO - Setting next_dagrun for airflow_sanity_check to None, run_after=None
[2026-06-24T09:52:06.419+0000] {processor.py:208} INFO - Processing /opt/airflow/dags/sanity_checks.py took 0.753 seconds
[2026-06-24T09:52:37.217+0000] {processor.py:186} INFO - Started process (PID=510) to work on /opt/airflow/dags/sanity_checks.py
[2026-06-24T09:52:37.229+0000] {processor.py:914} INFO - Processing file /opt/airflow/dags/sanity_checks.py for tasks to queue
[2026-06-24T09:52:37.300+0000] {logging_mixin.py:190} INFO - [2026-06-24T09:52:37.297+0000] {dagbag.py:587} INFO - Filling up the DagBag from /opt/airflow/dags/sanity_checks.py
[2026-06-24T09:52:37.609+0000] {processor.py:925} INFO - DAG(s) 'airflow_sanity_check' retrieved from /opt/airflow/dags/sanity_checks.py
[2026-06-24T09:52:37.824+0000] {logging_mixin.py:190} INFO - [2026-06-24T09:52:37.823+0000] {dag.py:3211} INFO - Sync 1 DAGs
[2026-06-24T09:52:38.030+0000] {logging_mixin.py:190} INFO - [2026-06-24T09:52:38.010+0000] {dag.py:4138} INFO - Setting next_dagrun for airflow_sanity_check to None, run_after=None
[2026-06-24T09:52:38.281+0000] {processor.py:208} INFO - Processing /opt/airflow/dags/sanity_checks.py took 1.192 seconds
[2026-06-24T09:53:09.234+0000] {processor.py:186} INFO - Started process (PID=520) to work on /opt/airflow/dags/sanity_checks.py
[2026-06-24T09:53:09.248+0000] {processor.py:914} INFO - Processing file /opt/airflow/dags/sanity_checks.py for tasks to queue
[2026-06-24T09:53:09.335+0000] {logging_mixin.py:190} INFO - [2026-06-24T09:53:09.306+0000] {dagbag.py:587} INFO - Filling up the DagBag from /opt/airflow/dags/sanity_checks.py
[2026-06-24T09:53:09.816+0000] {processor.py:925} INFO - DAG(s) 'airflow_sanity_check' retrieved from /opt/airflow/dags/sanity_checks.py
[2026-06-24T09:53:10.044+0000] {logging_mixin.py:190} INFO - [2026-06-24T09:53:10.042+0000] {dag.py:3211} INFO - Sync 1 DAGs
[2026-06-24T09:53:10.213+0000] {logging_mixin.py:190} INFO - [2026-06-24T09:53:10.212+0000] {dag.py:4138} INFO - Setting next_dagrun for airflow_sanity_check to None, run_after=None
[2026-06-24T09:53:10.448+0000] {processor.py:208} INFO - Processing /opt/airflow/dags/sanity_checks.py took 1.375 seconds
[2026-06-24T09:53:41.264+0000] {processor.py:186} INFO - Started process (PID=530) to work on /opt/airflow/dags/sanity_checks.py
[2026-06-24T09:53:41.277+0000] {processor.py:914} INFO - Processing file /opt/airflow/dags/sanity_checks.py for tasks to queue
[2026-06-24T09:53:41.385+0000] {logging_mixin.py:190} INFO - [2026-06-24T09:53:41.384+0000] {dagbag.py:587} INFO - Filling up the DagBag from /opt/airflow/dags/sanity_checks.py
[2026-06-24T09:53:41.637+0000] {processor.py:925} INFO - DAG(s) 'airflow_sanity_check' retrieved from /opt/airflow/dags/sanity_checks.py
[2026-06-24T09:53:42.038+0000] {logging_mixin.py:190} INFO - [2026-06-24T09:53:42.036+0000] {dag.py:3211} INFO - Sync 1 DAGs
[2026-06-24T09:53:42.305+0000] {logging_mixin.py:190} INFO - [2026-06-24T09:53:42.304+0000] {dag.py:4138} INFO - Setting next_dagrun for airflow_sanity_check to None, run_after=None
[2026-06-24T09:53:42.507+0000] {processor.py:208} INFO - Processing /opt/airflow/dags/sanity_checks.py took 1.282 seconds
[2026-06-24T09:54:13.170+0000] {processor.py:186} INFO - Started process (PID=540) to work on /opt/airflow/dags/sanity_checks.py
[2026-06-24T09:54:13.177+0000] {processor.py:914} INFO - Processing file /opt/airflow/dags/sanity_checks.py for tasks to queue
[2026-06-24T09:54:13.197+0000] {logging_mixin.py:190} INFO - [2026-06-24T09:54:13.196+0000] {dagbag.py:587} INFO - Filling up the DagBag from /opt/airflow/dags/sanity_checks.py
[2026-06-24T09:54:13.529+0000] {processor.py:925} INFO - DAG(s) 'airflow_sanity_check' retrieved from /opt/airflow/dags/sanity_checks.py
[2026-06-24T09:54:13.932+0000] {logging_mixin.py:190} INFO - [2026-06-24T09:54:13.927+0000] {dag.py:3211} INFO - Sync 1 DAGs
[2026-06-24T09:54:14.032+0000] {logging_mixin.py:190} INFO - [2026-06-24T09:54:14.030+0000] {dag.py:4138} INFO - Setting next_dagrun for airflow_sanity_check to None, run_after=None
[2026-06-24T09:54:14.193+0000] {processor.py:208} INFO - Processing /opt/airflow/dags/sanity_checks.py took 1.054 seconds
[2026-06-24T09:54:44.818+0000] {processor.py:186} INFO - Started process (PID=550) to work on /opt/airflow/dags/sanity_checks.py
[2026-06-24T09:54:44.827+0000] {processor.py:914} INFO - Processing file /opt/airflow/dags/sanity_checks.py for tasks to queue
[2026-06-24T09:54:44.868+0000] {logging_mixin.py:190} INFO - [2026-06-24T09:54:44.864+0000] {dagbag.py:587} INFO - Filling up the DagBag from /opt/airflow/dags/sanity_checks.py
[2026-06-24T09:54:45.188+0000] {processor.py:925} INFO - DAG(s) 'airflow_sanity_check' retrieved from /opt/airflow/dags/sanity_checks.py
[2026-06-24T09:54:45.339+0000] {logging_mixin.py:190} INFO - [2026-06-24T09:54:45.338+0000] {dag.py:3211} INFO - Sync 1 DAGs
[2026-06-24T09:54:45.482+0000] {logging_mixin.py:190} INFO - [2026-06-24T09:54:45.482+0000] {dag.py:4138} INFO - Setting next_dagrun for airflow_sanity_check to None, run_after=None
[2026-06-24T09:54:45.561+0000] {processor.py:208} INFO - Processing /opt/airflow/dags/sanity_checks.py took 0.802 seconds
[2026-06-24T09:55:16.521+0000] {processor.py:186} INFO - Started process (PID=560) to work on /opt/airflow/dags/sanity_checks.py
[2026-06-24T09:55:16.525+0000] {processor.py:914} INFO - Processing file /opt/airflow/dags/sanity_checks.py for tasks to queue
[2026-06-24T09:55:16.530+0000] {logging_mixin.py:190} INFO - [2026-06-24T09:55:16.529+0000] {dagbag.py:587} INFO - Filling up the DagBag from /opt/airflow/dags/sanity_checks.py
[2026-06-24T09:55:16.557+0000] {processor.py:925} INFO - DAG(s) 'airflow_sanity_check' retrieved from /opt/airflow/dags/sanity_checks.py
[2026-06-24T09:55:16.699+0000] {logging_mixin.py:190} INFO - [2026-06-24T09:55:16.699+0000] {dag.py:3211} INFO - Sync 1 DAGs
[2026-06-24T09:55:16.879+0000] {logging_mixin.py:190} INFO - [2026-06-24T09:55:16.879+0000] {dag.py:4138} INFO - Setting next_dagrun for airflow_sanity_check to None, run_after=None
[2026-06-24T09:55:16.991+0000] {processor.py:208} INFO - Processing /opt/airflow/dags/sanity_checks.py took 0.491 seconds
[2026-06-24T09:55:48.656+0000] {processor.py:186} INFO - Started process (PID=570) to work on /opt/airflow/dags/sanity_checks.py
[2026-06-24T09:55:48.711+0000] {processor.py:914} INFO - Processing file /opt/airflow/dags/sanity_checks.py for tasks to queue
[2026-06-24T09:55:48.902+0000] {logging_mixin.py:190} INFO - [2026-06-24T09:55:48.900+0000] {dagbag.py:587} INFO - Filling up the DagBag from /opt/airflow/dags/sanity_checks.py
[2026-06-24T09:55:49.311+0000] {processor.py:925} INFO - DAG(s) 'airflow_sanity_check' retrieved from /opt/airflow/dags/sanity_checks.py
[2026-06-24T09:55:49.892+0000] {logging_mixin.py:190} INFO - [2026-06-24T09:55:49.891+0000] {dag.py:3211} INFO - Sync 1 DAGs
[2026-06-24T09:55:50.055+0000] {logging_mixin.py:190} INFO - [2026-06-24T09:55:50.055+0000] {dag.py:4138} INFO - Setting next_dagrun for airflow_sanity_check to None, run_after=None
[2026-06-24T09:55:50.280+0000] {processor.py:208} INFO - Processing /opt/airflow/dags/sanity_checks.py took 2.034 seconds
[2026-06-24T09:56:21.725+0000] {processor.py:186} INFO - Started process (PID=580) to work on /opt/airflow/dags/sanity_checks.py
[2026-06-24T09:56:21.732+0000] {processor.py:914} INFO - Processing file /opt/airflow/dags/sanity_checks.py for tasks to queue
[2026-06-24T09:56:21.776+0000] {logging_mixin.py:190} INFO - [2026-06-24T09:56:21.774+0000] {dagbag.py:587} INFO - Filling up the DagBag from /opt/airflow/dags/sanity_checks.py
[2026-06-24T09:56:21.957+0000] {processor.py:925} INFO - DAG(s) 'airflow_sanity_check' retrieved from /opt/airflow/dags/sanity_checks.py
[2026-06-24T09:56:22.475+0000] {logging_mixin.py:190} INFO - [2026-06-24T09:56:22.472+0000] {dag.py:3211} INFO - Sync 1 DAGs
[2026-06-24T09:56:23.085+0000] {logging_mixin.py:190} INFO - [2026-06-24T09:56:23.084+0000] {dag.py:4138} INFO - Setting next_dagrun for airflow_sanity_check to None, run_after=None
[2026-06-24T09:56:23.252+0000] {processor.py:208} INFO - Processing /opt/airflow/dags/sanity_checks.py took 1.582 seconds
[2026-06-24T09:56:54.134+0000] {processor.py:186} INFO - Started process (PID=590) to work on /opt/airflow/dags/sanity_checks.py
[2026-06-24T09:56:54.168+0000] {processor.py:914} INFO - Processing file /opt/airflow/dags/sanity_checks.py for tasks to queue
[2026-06-24T09:56:54.331+0000] {logging_mixin.py:190} INFO - [2026-06-24T09:56:54.327+0000] {dagbag.py:587} INFO - Filling up the DagBag from /opt/airflow/dags/sanity_checks.py
[2026-06-24T09:56:54.565+0000] {processor.py:925} INFO - DAG(s) 'airflow_sanity_check' retrieved from /opt/airflow/dags/sanity_checks.py
[2026-06-24T09:56:55.099+0000] {logging_mixin.py:190} INFO - [2026-06-24T09:56:55.094+0000] {dag.py:3211} INFO - Sync 1 DAGs
[2026-06-24T09:56:55.342+0000] {logging_mixin.py:190} INFO - [2026-06-24T09:56:55.341+0000] {dag.py:4138} INFO - Setting next_dagrun for airflow_sanity_check to None, run_after=None
[2026-06-24T09:56:55.527+0000] {processor.py:208} INFO - Processing /opt/airflow/dags/sanity_checks.py took 1.684 seconds
[2026-06-24T09:57:26.104+0000] {processor.py:186} INFO - Started process (PID=600) to work on /opt/airflow/dags/sanity_checks.py
[2026-06-24T09:57:26.109+0000] {processor.py:914} INFO - Processing file /opt/airflow/dags/sanity_checks.py for tasks to queue
[2026-06-24T09:57:26.118+0000] {logging_mixin.py:190} INFO - [2026-06-24T09:57:26.117+0000] {dagbag.py:587} INFO - Filling up the DagBag from /opt/airflow/dags/sanity_checks.py
[2026-06-24T09:57:26.206+0000] {processor.py:925} INFO - DAG(s) 'airflow_sanity_check' retrieved from /opt/airflow/dags/sanity_checks.py
[2026-06-24T09:57:26.603+0000] {logging_mixin.py:190} INFO - [2026-06-24T09:57:26.599+0000] {dag.py:3211} INFO - Sync 1 DAGs
[2026-06-24T09:57:27.092+0000] {logging_mixin.py:190} INFO - [2026-06-24T09:57:27.063+0000] {dag.py:4138} INFO - Setting next_dagrun for airflow_sanity_check to None, run_after=None
[2026-06-24T09:57:27.615+0000] {processor.py:208} INFO - Processing /opt/airflow/dags/sanity_checks.py took 1.596 seconds
[2026-06-24T09:57:58.619+0000] {processor.py:186} INFO - Started process (PID=610) to work on /opt/airflow/dags/sanity_checks.py
[2026-06-24T09:57:58.629+0000] {processor.py:914} INFO - Processing file /opt/airflow/dags/sanity_checks.py for tasks to queue
[2026-06-24T09:57:58.677+0000] {logging_mixin.py:190} INFO - [2026-06-24T09:57:58.675+0000] {dagbag.py:587} INFO - Filling up the DagBag from /opt/airflow/dags/sanity_checks.py
[2026-06-24T09:57:58.833+0000] {processor.py:925} INFO - DAG(s) 'airflow_sanity_check' retrieved from /opt/airflow/dags/sanity_checks.py
[2026-06-24T09:57:59.420+0000] {logging_mixin.py:190} INFO - [2026-06-24T09:57:59.419+0000] {dag.py:3211} INFO - Sync 1 DAGs
[2026-06-24T09:57:59.681+0000] {logging_mixin.py:190} INFO - [2026-06-24T09:57:59.653+0000] {dag.py:4138} INFO - Setting next_dagrun for airflow_sanity_check to None, run_after=None
[2026-06-24T09:58:00.319+0000] {processor.py:208} INFO - Processing /opt/airflow/dags/sanity_checks.py took 1.756 seconds
[2026-06-24T09:58:31.175+0000] {processor.py:186} INFO - Started process (PID=620) to work on /opt/airflow/dags/sanity_checks.py
[2026-06-24T09:58:31.218+0000] {processor.py:914} INFO - Processing file /opt/airflow/dags/sanity_checks.py for tasks to queue
[2026-06-24T09:58:31.232+0000] {logging_mixin.py:190} INFO - [2026-06-24T09:58:31.231+0000] {dagbag.py:587} INFO - Filling up the DagBag from /opt/airflow/dags/sanity_checks.py
[2026-06-24T09:58:31.353+0000] {processor.py:925} INFO - DAG(s) 'airflow_sanity_check' retrieved from /opt/airflow/dags/sanity_checks.py
[2026-06-24T09:58:31.619+0000] {logging_mixin.py:190} INFO - [2026-06-24T09:58:31.593+0000] {dag.py:3211} INFO - Sync 1 DAGs
[2026-06-24T09:58:31.946+0000] {logging_mixin.py:190} INFO - [2026-06-24T09:58:31.946+0000] {dag.py:4138} INFO - Setting next_dagrun for airflow_sanity_check to None, run_after=None
[2026-06-24T09:58:32.203+0000] {processor.py:208} INFO - Processing /opt/airflow/dags/sanity_checks.py took 1.172 seconds
[2026-06-24T09:59:02.576+0000] {processor.py:186} INFO - Started process (PID=630) to work on /opt/airflow/dags/sanity_checks.py
[2026-06-24T09:59:02.589+0000] {processor.py:914} INFO - Processing file /opt/airflow/dags/sanity_checks.py for tasks to queue
[2026-06-24T09:59:02.613+0000] {logging_mixin.py:190} INFO - [2026-06-24T09:59:02.611+0000] {dagbag.py:587} INFO - Filling up the DagBag from /opt/airflow/dags/sanity_checks.py
[2026-06-24T09:59:02.839+0000] {processor.py:925} INFO - DAG(s) 'airflow_sanity_check' retrieved from /opt/airflow/dags/sanity_checks.py
[2026-06-24T09:59:03.516+0000] {logging_mixin.py:190} INFO - [2026-06-24T09:59:03.505+0000] {dag.py:3211} INFO - Sync 1 DAGs
[2026-06-24T09:59:03.910+0000] {logging_mixin.py:190} INFO - [2026-06-24T09:59:03.909+0000] {dag.py:4138} INFO - Setting next_dagrun for airflow_sanity_check to None, run_after=None
[2026-06-24T09:59:04.264+0000] {processor.py:208} INFO - Processing /opt/airflow/dags/sanity_checks.py took 1.848 seconds
[2026-06-24T09:59:35.423+0000] {processor.py:186} INFO - Started process (PID=640) to work on /opt/airflow/dags/sanity_checks.py
[2026-06-24T09:59:35.435+0000] {processor.py:914} INFO - Processing file /opt/airflow/dags/sanity_checks.py for tasks to queue
[2026-06-24T09:59:35.462+0000] {logging_mixin.py:190} INFO - [2026-06-24T09:59:35.452+0000] {dagbag.py:587} INFO - Filling up the DagBag from /opt/airflow/dags/sanity_checks.py
[2026-06-24T09:59:35.597+0000] {processor.py:925} INFO - DAG(s) 'airflow_sanity_check' retrieved from /opt/airflow/dags/sanity_checks.py
[2026-06-24T09:59:35.753+0000] {logging_mixin.py:190} INFO - [2026-06-24T09:59:35.752+0000] {dag.py:3211} INFO - Sync 1 DAGs
[2026-06-24T09:59:35.866+0000] {logging_mixin.py:190} INFO - [2026-06-24T09:59:35.865+0000] {dag.py:4138} INFO - Setting next_dagrun for airflow_sanity_check to None, run_after=None
[2026-06-24T09:59:35.976+0000] {processor.py:208} INFO - Processing /opt/airflow/dags/sanity_checks.py took 0.664 seconds
[2026-06-24T10:00:06.406+0000] {processor.py:186} INFO - Started process (PID=650) to work on /opt/airflow/dags/sanity_checks.py
[2026-06-24T10:00:06.422+0000] {processor.py:914} INFO - Processing file /opt/airflow/dags/sanity_checks.py for tasks to queue
[2026-06-24T10:00:06.477+0000] {logging_mixin.py:190} INFO - [2026-06-24T10:00:06.472+0000] {dagbag.py:587} INFO - Filling up the DagBag from /opt/airflow/dags/sanity_checks.py
[2026-06-24T10:00:06.600+0000] {processor.py:925} INFO - DAG(s) 'airflow_sanity_check' retrieved from /opt/airflow/dags/sanity_checks.py
[2026-06-24T10:00:06.919+0000] {logging_mixin.py:190} INFO - [2026-06-24T10:00:06.919+0000] {dag.py:3211} INFO - Sync 1 DAGs
[2026-06-24T10:00:07.135+0000] {logging_mixin.py:190} INFO - [2026-06-24T10:00:07.125+0000] {dag.py:4138} INFO - Setting next_dagrun for airflow_sanity_check to None, run_after=None
[2026-06-24T10:00:07.450+0000] {processor.py:208} INFO - Processing /opt/airflow/dags/sanity_checks.py took 1.108 seconds
[2026-06-24T10:00:38.369+0000] {processor.py:186} INFO - Started process (PID=660) to work on /opt/airflow/dags/sanity_checks.py
[2026-06-24T10:00:38.403+0000] {processor.py:914} INFO - Processing file /opt/airflow/dags/sanity_checks.py for tasks to queue
[2026-06-24T10:00:38.462+0000] {logging_mixin.py:190} INFO - [2026-06-24T10:00:38.449+0000] {dagbag.py:587} INFO - Filling up the DagBag from /opt/airflow/dags/sanity_checks.py
[2026-06-24T10:00:38.685+0000] {processor.py:925} INFO - DAG(s) 'airflow_sanity_check' retrieved from /opt/airflow/dags/sanity_checks.py
[2026-06-24T10:00:39.188+0000] {logging_mixin.py:190} INFO - [2026-06-24T10:00:39.187+0000] {dag.py:3211} INFO - Sync 1 DAGs
[2026-06-24T10:00:39.359+0000] {logging_mixin.py:190} INFO - [2026-06-24T10:00:39.359+0000] {dag.py:4138} INFO - Setting next_dagrun for airflow_sanity_check to None, run_after=None
[2026-06-24T10:00:40.047+0000] {processor.py:208} INFO - Processing /opt/airflow/dags/sanity_checks.py took 1.803 seconds
[2026-06-24T10:01:11.281+0000] {processor.py:186} INFO - Started process (PID=670) to work on /opt/airflow/dags/sanity_checks.py
[2026-06-24T10:01:11.304+0000] {processor.py:914} INFO - Processing file /opt/airflow/dags/sanity_checks.py for tasks to queue
[2026-06-24T10:01:11.346+0000] {logging_mixin.py:190} INFO - [2026-06-24T10:01:11.345+0000] {dagbag.py:587} INFO - Filling up the DagBag from /opt/airflow/dags/sanity_checks.py
[2026-06-24T10:01:11.501+0000] {processor.py:925} INFO - DAG(s) 'airflow_sanity_check' retrieved from /opt/airflow/dags/sanity_checks.py
[2026-06-24T10:01:12.079+0000] {logging_mixin.py:190} INFO - [2026-06-24T10:01:12.078+0000] {dag.py:3211} INFO - Sync 1 DAGs
[2026-06-24T10:01:12.223+0000] {logging_mixin.py:190} INFO - [2026-06-24T10:01:12.220+0000] {dag.py:4138} INFO - Setting next_dagrun for airflow_sanity_check to None, run_after=None
[2026-06-24T10:01:12.480+0000] {processor.py:208} INFO - Processing /opt/airflow/dags/sanity_checks.py took 1.362 seconds
[2026-06-24T10:01:43.146+0000] {processor.py:186} INFO - Started process (PID=680) to work on /opt/airflow/dags/sanity_checks.py
[2026-06-24T10:01:43.200+0000] {processor.py:914} INFO - Processing file /opt/airflow/dags/sanity_checks.py for tasks to queue
[2026-06-24T10:01:43.266+0000] {logging_mixin.py:190} INFO - [2026-06-24T10:01:43.244+0000] {dagbag.py:587} INFO - Filling up the DagBag from /opt/airflow/dags/sanity_checks.py
[2026-06-24T10:01:43.518+0000] {processor.py:925} INFO - DAG(s) 'airflow_sanity_check' retrieved from /opt/airflow/dags/sanity_checks.py
[2026-06-24T10:01:44.246+0000] {logging_mixin.py:190} INFO - [2026-06-24T10:01:44.244+0000] {dag.py:3211} INFO - Sync 1 DAGs
[2026-06-24T10:01:44.545+0000] {logging_mixin.py:190} INFO - [2026-06-24T10:01:44.528+0000] {dag.py:4138} INFO - Setting next_dagrun for airflow_sanity_check to None, run_after=None
[2026-06-24T10:01:44.938+0000] {processor.py:208} INFO - Processing /opt/airflow/dags/sanity_checks.py took 1.846 seconds
[2026-06-24T10:02:15.684+0000] {processor.py:186} INFO - Started process (PID=690) to work on /opt/airflow/dags/sanity_checks.py
[2026-06-24T10:02:15.701+0000] {processor.py:914} INFO - Processing file /opt/airflow/dags/sanity_checks.py for tasks to queue
[2026-06-24T10:02:15.738+0000] {logging_mixin.py:190} INFO - [2026-06-24T10:02:15.736+0000] {dagbag.py:587} INFO - Filling up the DagBag from /opt/airflow/dags/sanity_checks.py
[2026-06-24T10:02:16.144+0000] {processor.py:925} INFO - DAG(s) 'airflow_sanity_check' retrieved from /opt/airflow/dags/sanity_checks.py
[2026-06-24T10:02:17.219+0000] {logging_mixin.py:190} INFO - [2026-06-24T10:02:17.208+0000] {dag.py:3211} INFO - Sync 1 DAGs
[2026-06-24T10:02:17.980+0000] {logging_mixin.py:190} INFO - [2026-06-24T10:02:17.979+0000] {dag.py:4138} INFO - Setting next_dagrun for airflow_sanity_check to None, run_after=None
[2026-06-24T10:02:18.171+0000] {processor.py:208} INFO - Processing /opt/airflow/dags/sanity_checks.py took 2.592 seconds
[2026-06-24T10:02:49.105+0000] {processor.py:186} INFO - Started process (PID=700) to work on /opt/airflow/dags/sanity_checks.py
[2026-06-24T10:02:49.113+0000] {processor.py:914} INFO - Processing file /opt/airflow/dags/sanity_checks.py for tasks to queue
[2026-06-24T10:02:49.132+0000] {logging_mixin.py:190} INFO - [2026-06-24T10:02:49.131+0000] {dagbag.py:587} INFO - Filling up the DagBag from /opt/airflow/dags/sanity_checks.py
[2026-06-24T10:02:49.337+0000] {processor.py:925} INFO - DAG(s) 'airflow_sanity_check' retrieved from /opt/airflow/dags/sanity_checks.py
[2026-06-24T10:02:49.558+0000] {logging_mixin.py:190} INFO - [2026-06-24T10:02:49.558+0000] {dag.py:3211} INFO - Sync 1 DAGs
[2026-06-24T10:02:49.841+0000] {logging_mixin.py:190} INFO - [2026-06-24T10:02:49.840+0000] {dag.py:4138} INFO - Setting next_dagrun for airflow_sanity_check to None, run_after=None
[2026-06-24T10:02:50.165+0000] {processor.py:208} INFO - Processing /opt/airflow/dags/sanity_checks.py took 1.092 seconds
[2026-06-24T10:03:21.283+0000] {processor.py:186} INFO - Started process (PID=710) to work on /opt/airflow/dags/sanity_checks.py
[2026-06-24T10:03:21.288+0000] {processor.py:914} INFO - Processing file /opt/airflow/dags/sanity_checks.py for tasks to queue
[2026-06-24T10:03:21.327+0000] {logging_mixin.py:190} INFO - [2026-06-24T10:03:21.326+0000] {dagbag.py:587} INFO - Filling up the DagBag from /opt/airflow/dags/sanity_checks.py
[2026-06-24T10:03:21.487+0000] {processor.py:925} INFO - DAG(s) 'airflow_sanity_check' retrieved from /opt/airflow/dags/sanity_checks.py
[2026-06-24T10:03:21.907+0000] {logging_mixin.py:190} INFO - [2026-06-24T10:03:21.906+0000] {dag.py:3211} INFO - Sync 1 DAGs
[2026-06-24T10:03:22.396+0000] {logging_mixin.py:190} INFO - [2026-06-24T10:03:22.392+0000] {dag.py:4138} INFO - Setting next_dagrun for airflow_sanity_check to None, run_after=None
[2026-06-24T10:03:22.496+0000] {processor.py:208} INFO - Processing /opt/airflow/dags/sanity_checks.py took 1.267 seconds
[2026-06-24T10:03:53.670+0000] {processor.py:186} INFO - Started process (PID=720) to work on /opt/airflow/dags/sanity_checks.py
[2026-06-24T10:03:53.685+0000] {processor.py:914} INFO - Processing file /opt/airflow/dags/sanity_checks.py for tasks to queue
[2026-06-24T10:03:53.732+0000] {logging_mixin.py:190} INFO - [2026-06-24T10:03:53.731+0000] {dagbag.py:587} INFO - Filling up the DagBag from /opt/airflow/dags/sanity_checks.py
[2026-06-24T10:03:53.920+0000] {processor.py:925} INFO - DAG(s) 'airflow_sanity_check' retrieved from /opt/airflow/dags/sanity_checks.py
[2026-06-24T10:03:54.295+0000] {logging_mixin.py:190} INFO - [2026-06-24T10:03:54.295+0000] {dag.py:3211} INFO - Sync 1 DAGs
[2026-06-24T10:03:54.541+0000] {logging_mixin.py:190} INFO - [2026-06-24T10:03:54.528+0000] {dag.py:4138} INFO - Setting next_dagrun for airflow_sanity_check to None, run_after=None
[2026-06-24T10:03:54.753+0000] {processor.py:208} INFO - Processing /opt/airflow/dags/sanity_checks.py took 1.137 seconds
[2026-06-24T10:04:26.318+0000] {processor.py:186} INFO - Started process (PID=730) to work on /opt/airflow/dags/sanity_checks.py
[2026-06-24T10:04:26.338+0000] {processor.py:914} INFO - Processing file /opt/airflow/dags/sanity_checks.py for tasks to queue
[2026-06-24T10:04:26.348+0000] {logging_mixin.py:190} INFO - [2026-06-24T10:04:26.347+0000] {dagbag.py:587} INFO - Filling up the DagBag from /opt/airflow/dags/sanity_checks.py
[2026-06-24T10:04:26.988+0000] {processor.py:925} INFO - DAG(s) 'airflow_sanity_check' retrieved from /opt/airflow/dags/sanity_checks.py
[2026-06-24T10:04:27.360+0000] {logging_mixin.py:190} INFO - [2026-06-24T10:04:27.334+0000] {dag.py:3211} INFO - Sync 1 DAGs
[2026-06-24T10:04:27.621+0000] {logging_mixin.py:190} INFO - [2026-06-24T10:04:27.620+0000] {dag.py:4138} INFO - Setting next_dagrun for airflow_sanity_check to None, run_after=None
[2026-06-24T10:04:27.994+0000] {processor.py:208} INFO - Processing /opt/airflow/dags/sanity_checks.py took 1.772 seconds
[2026-06-24T10:04:58.978+0000] {processor.py:186} INFO - Started process (PID=740) to work on /opt/airflow/dags/sanity_checks.py
[2026-06-24T10:04:59.014+0000] {processor.py:914} INFO - Processing file /opt/airflow/dags/sanity_checks.py for tasks to queue
[2026-06-24T10:04:59.047+0000] {logging_mixin.py:190} INFO - [2026-06-24T10:04:59.045+0000] {dagbag.py:587} INFO - Filling up the DagBag from /opt/airflow/dags/sanity_checks.py
[2026-06-24T10:04:59.408+0000] {processor.py:925} INFO - DAG(s) 'airflow_sanity_check' retrieved from /opt/airflow/dags/sanity_checks.py
[2026-06-24T10:05:00.177+0000] {logging_mixin.py:190} INFO - [2026-06-24T10:05:00.130+0000] {dag.py:3211} INFO - Sync 1 DAGs
[2026-06-24T10:05:00.384+0000] {logging_mixin.py:190} INFO - [2026-06-24T10:05:00.383+0000] {dag.py:4138} INFO - Setting next_dagrun for airflow_sanity_check to None, run_after=None
[2026-06-24T10:05:00.479+0000] {processor.py:208} INFO - Processing /opt/airflow/dags/sanity_checks.py took 1.717 seconds
[2026-06-24T10:05:32.087+0000] {processor.py:186} INFO - Started process (PID=750) to work on /opt/airflow/dags/sanity_checks.py
[2026-06-24T10:05:32.102+0000] {processor.py:914} INFO - Processing file /opt/airflow/dags/sanity_checks.py for tasks to queue
[2026-06-24T10:05:32.169+0000] {logging_mixin.py:190} INFO - [2026-06-24T10:05:32.132+0000] {dagbag.py:587} INFO - Filling up the DagBag from /opt/airflow/dags/sanity_checks.py
[2026-06-24T10:05:32.356+0000] {processor.py:925} INFO - DAG(s) 'airflow_sanity_check' retrieved from /opt/airflow/dags/sanity_checks.py
[2026-06-24T10:05:32.762+0000] {logging_mixin.py:190} INFO - [2026-06-24T10:05:32.761+0000] {dag.py:3211} INFO - Sync 1 DAGs
[2026-06-24T10:05:33.164+0000] {logging_mixin.py:190} INFO - [2026-06-24T10:05:33.163+0000] {dag.py:4138} INFO - Setting next_dagrun for airflow_sanity_check to None, run_after=None
[2026-06-24T10:05:33.937+0000] {processor.py:208} INFO - Processing /opt/airflow/dags/sanity_checks.py took 2.281 seconds
[2026-06-24T10:06:04.525+0000] {processor.py:186} INFO - Started process (PID=760) to work on /opt/airflow/dags/sanity_checks.py
[2026-06-24T10:06:04.531+0000] {processor.py:914} INFO - Processing file /opt/airflow/dags/sanity_checks.py for tasks to queue
[2026-06-24T10:06:04.549+0000] {logging_mixin.py:190} INFO - [2026-06-24T10:06:04.547+0000] {dagbag.py:587} INFO - Filling up the DagBag from /opt/airflow/dags/sanity_checks.py
[2026-06-24T10:06:04.614+0000] {processor.py:925} INFO - DAG(s) 'airflow_sanity_check' retrieved from /opt/airflow/dags/sanity_checks.py
[2026-06-24T10:06:04.819+0000] {logging_mixin.py:190} INFO - [2026-06-24T10:06:04.818+0000] {dag.py:3211} INFO - Sync 1 DAGs
[2026-06-24T10:06:04.924+0000] {logging_mixin.py:190} INFO - [2026-06-24T10:06:04.923+0000] {dag.py:4138} INFO - Setting next_dagrun for airflow_sanity_check to None, run_after=None
[2026-06-24T10:06:04.960+0000] {processor.py:208} INFO - Processing /opt/airflow/dags/sanity_checks.py took 0.461 seconds
[2026-06-24T10:06:35.951+0000] {processor.py:186} INFO - Started process (PID=770) to work on /opt/airflow/dags/sanity_checks.py
[2026-06-24T10:06:35.970+0000] {processor.py:914} INFO - Processing file /opt/airflow/dags/sanity_checks.py for tasks to queue
[2026-06-24T10:06:35.989+0000] {logging_mixin.py:190} INFO - [2026-06-24T10:06:35.988+0000] {dagbag.py:587} INFO - Filling up the DagBag from /opt/airflow/dags/sanity_checks.py
[2026-06-24T10:06:36.107+0000] {processor.py:925} INFO - DAG(s) 'airflow_sanity_check' retrieved from /opt/airflow/dags/sanity_checks.py
[2026-06-24T10:06:36.255+0000] {logging_mixin.py:190} INFO - [2026-06-24T10:06:36.253+0000] {dag.py:3211} INFO - Sync 1 DAGs
[2026-06-24T10:06:36.331+0000] {logging_mixin.py:190} INFO - [2026-06-24T10:06:36.330+0000] {dag.py:4138} INFO - Setting next_dagrun for airflow_sanity_check to None, run_after=None
[2026-06-24T10:06:36.411+0000] {processor.py:208} INFO - Processing /opt/airflow/dags/sanity_checks.py took 0.492 seconds
[2026-06-24T10:07:07.465+0000] {processor.py:186} INFO - Started process (PID=780) to work on /opt/airflow/dags/sanity_checks.py
[2026-06-24T10:07:07.488+0000] {processor.py:914} INFO - Processing file /opt/airflow/dags/sanity_checks.py for tasks to queue
[2026-06-24T10:07:07.507+0000] {logging_mixin.py:190} INFO - [2026-06-24T10:07:07.506+0000] {dagbag.py:587} INFO - Filling up the DagBag from /opt/airflow/dags/sanity_checks.py
[2026-06-24T10:07:07.710+0000] {processor.py:925} INFO - DAG(s) 'airflow_sanity_check' retrieved from /opt/airflow/dags/sanity_checks.py
[2026-06-24T10:07:07.849+0000] {logging_mixin.py:190} INFO - [2026-06-24T10:07:07.847+0000] {dag.py:3211} INFO - Sync 1 DAGs
[2026-06-24T10:07:07.994+0000] {logging_mixin.py:190} INFO - [2026-06-24T10:07:07.990+0000] {dag.py:4138} INFO - Setting next_dagrun for airflow_sanity_check to None, run_after=None
[2026-06-24T10:07:08.073+0000] {processor.py:208} INFO - Processing /opt/airflow/dags/sanity_checks.py took 0.658 seconds
[2026-06-24T10:07:38.295+0000] {processor.py:186} INFO - Started process (PID=790) to work on /opt/airflow/dags/sanity_checks.py
[2026-06-24T10:07:38.300+0000] {processor.py:914} INFO - Processing file /opt/airflow/dags/sanity_checks.py for tasks to queue
[2026-06-24T10:07:38.312+0000] {logging_mixin.py:190} INFO - [2026-06-24T10:07:38.311+0000] {dagbag.py:587} INFO - Filling up the DagBag from /opt/airflow/dags/sanity_checks.py
[2026-06-24T10:07:38.360+0000] {processor.py:925} INFO - DAG(s) 'airflow_sanity_check' retrieved from /opt/airflow/dags/sanity_checks.py
[2026-06-24T10:07:38.650+0000] {logging_mixin.py:190} INFO - [2026-06-24T10:07:38.641+0000] {dag.py:3211} INFO - Sync 1 DAGs
[2026-06-24T10:07:38.782+0000] {logging_mixin.py:190} INFO - [2026-06-24T10:07:38.779+0000] {dag.py:4138} INFO - Setting next_dagrun for airflow_sanity_check to None, run_after=None
[2026-06-24T10:07:38.897+0000] {processor.py:208} INFO - Processing /opt/airflow/dags/sanity_checks.py took 0.624 seconds
[2026-06-24T10:08:10.149+0000] {processor.py:186} INFO - Started process (PID=800) to work on /opt/airflow/dags/sanity_checks.py
[2026-06-24T10:08:10.158+0000] {processor.py:914} INFO - Processing file /opt/airflow/dags/sanity_checks.py for tasks to queue
[2026-06-24T10:08:10.169+0000] {logging_mixin.py:190} INFO - [2026-06-24T10:08:10.167+0000] {dagbag.py:587} INFO - Filling up the DagBag from /opt/airflow/dags/sanity_checks.py
[2026-06-24T10:08:10.256+0000] {processor.py:925} INFO - DAG(s) 'airflow_sanity_check' retrieved from /opt/airflow/dags/sanity_checks.py
[2026-06-24T10:08:10.961+0000] {logging_mixin.py:190} INFO - [2026-06-24T10:08:10.957+0000] {dag.py:3211} INFO - Sync 1 DAGs
[2026-06-24T10:08:11.228+0000] {logging_mixin.py:190} INFO - [2026-06-24T10:08:11.215+0000] {dag.py:4138} INFO - Setting next_dagrun for airflow_sanity_check to None, run_after=None
[2026-06-24T10:08:11.308+0000] {processor.py:208} INFO - Processing /opt/airflow/dags/sanity_checks.py took 1.246 seconds
[2026-06-24T10:08:41.704+0000] {processor.py:186} INFO - Started process (PID=810) to work on /opt/airflow/dags/sanity_checks.py
[2026-06-24T10:08:41.725+0000] {processor.py:914} INFO - Processing file /opt/airflow/dags/sanity_checks.py for tasks to queue
[2026-06-24T10:08:41.751+0000] {logging_mixin.py:190} INFO - [2026-06-24T10:08:41.750+0000] {dagbag.py:587} INFO - Filling up the DagBag from /opt/airflow/dags/sanity_checks.py
[2026-06-24T10:08:41.864+0000] {processor.py:925} INFO - DAG(s) 'airflow_sanity_check' retrieved from /opt/airflow/dags/sanity_checks.py
[2026-06-24T10:08:41.979+0000] {logging_mixin.py:190} INFO - [2026-06-24T10:08:41.978+0000] {dag.py:3211} INFO - Sync 1 DAGs
[2026-06-24T10:08:42.058+0000] {logging_mixin.py:190} INFO - [2026-06-24T10:08:42.057+0000] {dag.py:4138} INFO - Setting next_dagrun for airflow_sanity_check to None, run_after=None
[2026-06-24T10:08:42.211+0000] {processor.py:208} INFO - Processing /opt/airflow/dags/sanity_checks.py took 0.548 seconds
[2026-06-24T10:09:13.879+0000] {processor.py:186} INFO - Started process (PID=820) to work on /opt/airflow/dags/sanity_checks.py
[2026-06-24T10:09:13.898+0000] {processor.py:914} INFO - Processing file /opt/airflow/dags/sanity_checks.py for tasks to queue
[2026-06-24T10:09:13.919+0000] {logging_mixin.py:190} INFO - [2026-06-24T10:09:13.918+0000] {dagbag.py:587} INFO - Filling up the DagBag from /opt/airflow/dags/sanity_checks.py
[2026-06-24T10:09:14.032+0000] {processor.py:925} INFO - DAG(s) 'airflow_sanity_check' retrieved from /opt/airflow/dags/sanity_checks.py
[2026-06-24T10:09:14.170+0000] {logging_mixin.py:190} INFO - [2026-06-24T10:09:14.170+0000] {dag.py:3211} INFO - Sync 1 DAGs
[2026-06-24T10:09:14.326+0000] {logging_mixin.py:190} INFO - [2026-06-24T10:09:14.325+0000] {dag.py:4138} INFO - Setting next_dagrun for airflow_sanity_check to None, run_after=None
[2026-06-24T10:09:14.542+0000] {processor.py:208} INFO - Processing /opt/airflow/dags/sanity_checks.py took 0.734 seconds
[2026-06-24T10:09:45.503+0000] {processor.py:186} INFO - Started process (PID=830) to work on /opt/airflow/dags/sanity_checks.py
[2026-06-24T10:09:45.512+0000] {processor.py:914} INFO - Processing file /opt/airflow/dags/sanity_checks.py for tasks to queue
[2026-06-24T10:09:45.530+0000] {logging_mixin.py:190} INFO - [2026-06-24T10:09:45.529+0000] {dagbag.py:587} INFO - Filling up the DagBag from /opt/airflow/dags/sanity_checks.py
[2026-06-24T10:09:45.685+0000] {processor.py:925} INFO - DAG(s) 'airflow_sanity_check' retrieved from /opt/airflow/dags/sanity_checks.py
[2026-06-24T10:09:45.977+0000] {logging_mixin.py:190} INFO - [2026-06-24T10:09:45.977+0000] {dag.py:3211} INFO - Sync 1 DAGs
[2026-06-24T10:09:46.143+0000] {logging_mixin.py:190} INFO - [2026-06-24T10:09:46.142+0000] {dag.py:4138} INFO - Setting next_dagrun for airflow_sanity_check to None, run_after=None
[2026-06-24T10:09:46.240+0000] {processor.py:208} INFO - Processing /opt/airflow/dags/sanity_checks.py took 0.766 seconds
[2026-06-24T10:10:17.429+0000] {processor.py:186} INFO - Started process (PID=840) to work on /opt/airflow/dags/sanity_checks.py
[2026-06-24T10:10:17.447+0000] {processor.py:914} INFO - Processing file /opt/airflow/dags/sanity_checks.py for tasks to queue
[2026-06-24T10:10:17.491+0000] {logging_mixin.py:190} INFO - [2026-06-24T10:10:17.490+0000] {dagbag.py:587} INFO - Filling up the DagBag from /opt/airflow/dags/sanity_checks.py
[2026-06-24T10:10:17.553+0000] {processor.py:925} INFO - DAG(s) 'airflow_sanity_check' retrieved from /opt/airflow/dags/sanity_checks.py
[2026-06-24T10:10:17.947+0000] {logging_mixin.py:190} INFO - [2026-06-24T10:10:17.946+0000] {dag.py:3211} INFO - Sync 1 DAGs
[2026-06-24T10:10:18.047+0000] {logging_mixin.py:190} INFO - [2026-06-24T10:10:18.046+0000] {dag.py:4138} INFO - Setting next_dagrun for airflow_sanity_check to None, run_after=None
[2026-06-24T10:10:18.132+0000] {processor.py:208} INFO - Processing /opt/airflow/dags/sanity_checks.py took 0.798 seconds
[2026-06-24T10:10:49.031+0000] {processor.py:186} INFO - Started process (PID=900) to work on /opt/airflow/dags/sanity_checks.py
[2026-06-24T10:10:49.038+0000] {processor.py:914} INFO - Processing file /opt/airflow/dags/sanity_checks.py for tasks to queue
[2026-06-24T10:10:49.053+0000] {logging_mixin.py:190} INFO - [2026-06-24T10:10:49.052+0000] {dagbag.py:587} INFO - Filling up the DagBag from /opt/airflow/dags/sanity_checks.py
[2026-06-24T10:10:49.102+0000] {processor.py:925} INFO - DAG(s) 'airflow_sanity_check' retrieved from /opt/airflow/dags/sanity_checks.py
[2026-06-24T10:10:49.393+0000] {logging_mixin.py:190} INFO - [2026-06-24T10:10:49.393+0000] {dag.py:3211} INFO - Sync 1 DAGs
[2026-06-24T10:10:49.681+0000] {logging_mixin.py:190} INFO - [2026-06-24T10:10:49.680+0000] {dag.py:4138} INFO - Setting next_dagrun for airflow_sanity_check to None, run_after=None
[2026-06-24T10:10:49.953+0000] {processor.py:208} INFO - Processing /opt/airflow/dags/sanity_checks.py took 0.943 seconds
[2026-06-24T10:11:20.980+0000] {processor.py:186} INFO - Started process (PID=910) to work on /opt/airflow/dags/sanity_checks.py
[2026-06-24T10:11:20.984+0000] {processor.py:914} INFO - Processing file /opt/airflow/dags/sanity_checks.py for tasks to queue
[2026-06-24T10:11:20.990+0000] {logging_mixin.py:190} INFO - [2026-06-24T10:11:20.990+0000] {dagbag.py:587} INFO - Filling up the DagBag from /opt/airflow/dags/sanity_checks.py
[2026-06-24T10:11:21.041+0000] {processor.py:925} INFO - DAG(s) 'airflow_sanity_check' retrieved from /opt/airflow/dags/sanity_checks.py
[2026-06-24T10:11:21.186+0000] {logging_mixin.py:190} INFO - [2026-06-24T10:11:21.185+0000] {dag.py:3211} INFO - Sync 1 DAGs
[2026-06-24T10:11:21.329+0000] {logging_mixin.py:190} INFO - [2026-06-24T10:11:21.328+0000] {dag.py:4138} INFO - Setting next_dagrun for airflow_sanity_check to None, run_after=None
[2026-06-24T10:11:21.431+0000] {processor.py:208} INFO - Processing /opt/airflow/dags/sanity_checks.py took 0.469 seconds
[2026-06-24T10:11:51.617+0000] {processor.py:186} INFO - Started process (PID=920) to work on /opt/airflow/dags/sanity_checks.py
[2026-06-24T10:11:51.620+0000] {processor.py:914} INFO - Processing file /opt/airflow/dags/sanity_checks.py for tasks to queue
[2026-06-24T10:11:51.652+0000] {logging_mixin.py:190} INFO - [2026-06-24T10:11:51.646+0000] {dagbag.py:587} INFO - Filling up the DagBag from /opt/airflow/dags/sanity_checks.py
[2026-06-24T10:11:51.810+0000] {processor.py:925} INFO - DAG(s) 'airflow_sanity_check' retrieved from /opt/airflow/dags/sanity_checks.py
[2026-06-24T10:11:52.294+0000] {logging_mixin.py:190} INFO - [2026-06-24T10:11:52.286+0000] {dag.py:3211} INFO - Sync 1 DAGs
[2026-06-24T10:11:52.454+0000] {logging_mixin.py:190} INFO - [2026-06-24T10:11:52.452+0000] {dag.py:4138} INFO - Setting next_dagrun for airflow_sanity_check to None, run_after=None
[2026-06-24T10:11:52.714+0000] {processor.py:208} INFO - Processing /opt/airflow/dags/sanity_checks.py took 1.119 seconds
[2026-06-24T10:12:24.093+0000] {processor.py:186} INFO - Started process (PID=930) to work on /opt/airflow/dags/sanity_checks.py
[2026-06-24T10:12:24.102+0000] {processor.py:914} INFO - Processing file /opt/airflow/dags/sanity_checks.py for tasks to queue
[2026-06-24T10:12:24.113+0000] {logging_mixin.py:190} INFO - [2026-06-24T10:12:24.111+0000] {dagbag.py:587} INFO - Filling up the DagBag from /opt/airflow/dags/sanity_checks.py
[2026-06-24T10:12:24.225+0000] {processor.py:925} INFO - DAG(s) 'airflow_sanity_check' retrieved from /opt/airflow/dags/sanity_checks.py
[2026-06-24T10:12:24.439+0000] {logging_mixin.py:190} INFO - [2026-06-24T10:12:24.439+0000] {dag.py:3211} INFO - Sync 1 DAGs
[2026-06-24T10:12:24.552+0000] {logging_mixin.py:190} INFO - [2026-06-24T10:12:24.551+0000] {dag.py:4138} INFO - Setting next_dagrun for airflow_sanity_check to None, run_after=None
[2026-06-24T10:12:24.627+0000] {processor.py:208} INFO - Processing /opt/airflow/dags/sanity_checks.py took 0.690 seconds
[2026-06-24T10:12:56.011+0000] {processor.py:186} INFO - Started process (PID=940) to work on /opt/airflow/dags/sanity_checks.py
[2026-06-24T10:12:56.077+0000] {processor.py:914} INFO - Processing file /opt/airflow/dags/sanity_checks.py for tasks to queue
[2026-06-24T10:12:56.108+0000] {logging_mixin.py:190} INFO - [2026-06-24T10:12:56.107+0000] {dagbag.py:587} INFO - Filling up the DagBag from /opt/airflow/dags/sanity_checks.py
[2026-06-24T10:12:56.469+0000] {processor.py:925} INFO - DAG(s) 'airflow_sanity_check' retrieved from /opt/airflow/dags/sanity_checks.py
[2026-06-24T10:12:56.970+0000] {logging_mixin.py:190} INFO - [2026-06-24T10:12:56.969+0000] {dag.py:3211} INFO - Sync 1 DAGs
[2026-06-24T10:12:57.160+0000] {logging_mixin.py:190} INFO - [2026-06-24T10:12:57.157+0000] {dag.py:4138} INFO - Setting next_dagrun for airflow_sanity_check to None, run_after=None
[2026-06-24T10:12:57.310+0000] {processor.py:208} INFO - Processing /opt/airflow/dags/sanity_checks.py took 1.464 seconds
[2026-06-24T10:13:28.268+0000] {processor.py:186} INFO - Started process (PID=950) to work on /opt/airflow/dags/sanity_checks.py
[2026-06-24T10:13:28.276+0000] {processor.py:914} INFO - Processing file /opt/airflow/dags/sanity_checks.py for tasks to queue
[2026-06-24T10:13:28.362+0000] {logging_mixin.py:190} INFO - [2026-06-24T10:13:28.350+0000] {dagbag.py:587} INFO - Filling up the DagBag from /opt/airflow/dags/sanity_checks.py
[2026-06-24T10:13:28.538+0000] {processor.py:925} INFO - DAG(s) 'airflow_sanity_check' retrieved from /opt/airflow/dags/sanity_checks.py
[2026-06-24T10:13:29.411+0000] {logging_mixin.py:190} INFO - [2026-06-24T10:13:29.410+0000] {dag.py:3211} INFO - Sync 1 DAGs
[2026-06-24T10:13:29.602+0000] {logging_mixin.py:190} INFO - [2026-06-24T10:13:29.601+0000] {dag.py:4138} INFO - Setting next_dagrun for airflow_sanity_check to None, run_after=None
[2026-06-24T10:13:30.073+0000] {processor.py:208} INFO - Processing /opt/airflow/dags/sanity_checks.py took 1.928 seconds
[2026-06-24T10:14:01.049+0000] {processor.py:186} INFO - Started process (PID=960) to work on /opt/airflow/dags/sanity_checks.py
[2026-06-24T10:14:01.074+0000] {processor.py:914} INFO - Processing file /opt/airflow/dags/sanity_checks.py for tasks to queue
[2026-06-24T10:14:01.150+0000] {logging_mixin.py:190} INFO - [2026-06-24T10:14:01.147+0000] {dagbag.py:587} INFO - Filling up the DagBag from /opt/airflow/dags/sanity_checks.py
[2026-06-24T10:14:01.489+0000] {processor.py:925} INFO - DAG(s) 'airflow_sanity_check' retrieved from /opt/airflow/dags/sanity_checks.py
[2026-06-24T10:14:01.674+0000] {logging_mixin.py:190} INFO - [2026-06-24T10:14:01.673+0000] {dag.py:3211} INFO - Sync 1 DAGs
[2026-06-24T10:14:01.765+0000] {logging_mixin.py:190} INFO - [2026-06-24T10:14:01.765+0000] {dag.py:4138} INFO - Setting next_dagrun for airflow_sanity_check to None, run_after=None
[2026-06-24T10:14:01.866+0000] {processor.py:208} INFO - Processing /opt/airflow/dags/sanity_checks.py took 0.913 seconds
[2026-06-24T10:14:32.982+0000] {processor.py:186} INFO - Started process (PID=970) to work on /opt/airflow/dags/sanity_checks.py
[2026-06-24T10:14:33.010+0000] {processor.py:914} INFO - Processing file /opt/airflow/dags/sanity_checks.py for tasks to queue
[2026-06-24T10:14:33.045+0000] {logging_mixin.py:190} INFO - [2026-06-24T10:14:33.024+0000] {dagbag.py:587} INFO - Filling up the DagBag from /opt/airflow/dags/sanity_checks.py
[2026-06-24T10:14:33.144+0000] {processor.py:925} INFO - DAG(s) 'airflow_sanity_check' retrieved from /opt/airflow/dags/sanity_checks.py
[2026-06-24T10:14:33.416+0000] {logging_mixin.py:190} INFO - [2026-06-24T10:14:33.416+0000] {dag.py:3211} INFO - Sync 1 DAGs
[2026-06-24T10:14:33.564+0000] {logging_mixin.py:190} INFO - [2026-06-24T10:14:33.562+0000] {dag.py:4138} INFO - Setting next_dagrun for airflow_sanity_check to None, run_after=None
[2026-06-24T10:14:34.014+0000] {processor.py:208} INFO - Processing /opt/airflow/dags/sanity_checks.py took 1.094 seconds
[2026-06-24T10:15:04.577+0000] {processor.py:186} INFO - Started process (PID=980) to work on /opt/airflow/dags/sanity_checks.py
[2026-06-24T10:15:04.581+0000] {processor.py:914} INFO - Processing file /opt/airflow/dags/sanity_checks.py for tasks to queue
[2026-06-24T10:15:04.594+0000] {logging_mixin.py:190} INFO - [2026-06-24T10:15:04.591+0000] {dagbag.py:587} INFO - Filling up the DagBag from /opt/airflow/dags/sanity_checks.py
[2026-06-24T10:15:04.774+0000] {processor.py:925} INFO - DAG(s) 'airflow_sanity_check' retrieved from /opt/airflow/dags/sanity_checks.py
[2026-06-24T10:15:04.948+0000] {logging_mixin.py:190} INFO - [2026-06-24T10:15:04.948+0000] {dag.py:3211} INFO - Sync 1 DAGs
[2026-06-24T10:15:05.197+0000] {logging_mixin.py:190} INFO - [2026-06-24T10:15:05.196+0000] {dag.py:4138} INFO - Setting next_dagrun for airflow_sanity_check to None, run_after=None
[2026-06-24T10:15:05.318+0000] {processor.py:208} INFO - Processing /opt/airflow/dags/sanity_checks.py took 0.775 seconds
[2026-06-24T10:15:37.792+0000] {processor.py:186} INFO - Started process (PID=990) to work on /opt/airflow/dags/sanity_checks.py
[2026-06-24T10:15:37.839+0000] {processor.py:914} INFO - Processing file /opt/airflow/dags/sanity_checks.py for tasks to queue
[2026-06-24T10:15:38.065+0000] {logging_mixin.py:190} INFO - [2026-06-24T10:15:37.965+0000] {dagbag.py:587} INFO - Filling up the DagBag from /opt/airflow/dags/sanity_checks.py
[2026-06-24T10:15:38.894+0000] {processor.py:925} INFO - DAG(s) 'airflow_sanity_check' retrieved from /opt/airflow/dags/sanity_checks.py
[2026-06-24T10:15:39.615+0000] {logging_mixin.py:190} INFO - [2026-06-24T10:15:39.608+0000] {dag.py:3211} INFO - Sync 1 DAGs
[2026-06-24T10:15:39.850+0000] {logging_mixin.py:190} INFO - [2026-06-24T10:15:39.849+0000] {dag.py:4138} INFO - Setting next_dagrun for airflow_sanity_check to None, run_after=None
[2026-06-24T10:15:40.163+0000] {processor.py:208} INFO - Processing /opt/airflow/dags/sanity_checks.py took 2.550 seconds
[2026-06-24T10:16:11.300+0000] {processor.py:186} INFO - Started process (PID=1000) to work on /opt/airflow/dags/sanity_checks.py
[2026-06-24T10:16:11.307+0000] {processor.py:914} INFO - Processing file /opt/airflow/dags/sanity_checks.py for tasks to queue
[2026-06-24T10:16:11.335+0000] {logging_mixin.py:190} INFO - [2026-06-24T10:16:11.329+0000] {dagbag.py:587} INFO - Filling up the DagBag from /opt/airflow/dags/sanity_checks.py
[2026-06-24T10:16:11.516+0000] {processor.py:925} INFO - DAG(s) 'airflow_sanity_check' retrieved from /opt/airflow/dags/sanity_checks.py
[2026-06-24T10:16:11.715+0000] {logging_mixin.py:190} INFO - [2026-06-24T10:16:11.714+0000] {dag.py:3211} INFO - Sync 1 DAGs
[2026-06-24T10:16:11.791+0000] {logging_mixin.py:190} INFO - [2026-06-24T10:16:11.789+0000] {dag.py:4138} INFO - Setting next_dagrun for airflow_sanity_check to None, run_after=None
[2026-06-24T10:16:12.074+0000] {processor.py:208} INFO - Processing /opt/airflow/dags/sanity_checks.py took 0.907 seconds
[2026-06-24T10:16:42.831+0000] {processor.py:186} INFO - Started process (PID=1010) to work on /opt/airflow/dags/sanity_checks.py
[2026-06-24T10:16:42.848+0000] {processor.py:914} INFO - Processing file /opt/airflow/dags/sanity_checks.py for tasks to queue
[2026-06-24T10:16:42.873+0000] {logging_mixin.py:190} INFO - [2026-06-24T10:16:42.872+0000] {dagbag.py:587} INFO - Filling up the DagBag from /opt/airflow/dags/sanity_checks.py
[2026-06-24T10:16:43.041+0000] {processor.py:925} INFO - DAG(s) 'airflow_sanity_check' retrieved from /opt/airflow/dags/sanity_checks.py
[2026-06-24T10:16:43.345+0000] {logging_mixin.py:190} INFO - [2026-06-24T10:16:43.345+0000] {dag.py:3211} INFO - Sync 1 DAGs
[2026-06-24T10:16:43.519+0000] {logging_mixin.py:190} INFO - [2026-06-24T10:16:43.519+0000] {dag.py:4138} INFO - Setting next_dagrun for airflow_sanity_check to None, run_after=None
[2026-06-24T10:16:44.235+0000] {processor.py:208} INFO - Processing /opt/airflow/dags/sanity_checks.py took 1.472 seconds
[2026-06-24T10:17:15.104+0000] {processor.py:186} INFO - Started process (PID=1020) to work on /opt/airflow/dags/sanity_checks.py
[2026-06-24T10:17:15.122+0000] {processor.py:914} INFO - Processing file /opt/airflow/dags/sanity_checks.py for tasks to queue
[2026-06-24T10:17:15.176+0000] {logging_mixin.py:190} INFO - [2026-06-24T10:17:15.171+0000] {dagbag.py:587} INFO - Filling up the DagBag from /opt/airflow/dags/sanity_checks.py
[2026-06-24T10:17:15.354+0000] {processor.py:925} INFO - DAG(s) 'airflow_sanity_check' retrieved from /opt/airflow/dags/sanity_checks.py
[2026-06-24T10:17:15.750+0000] {logging_mixin.py:190} INFO - [2026-06-24T10:17:15.748+0000] {dag.py:3211} INFO - Sync 1 DAGs
[2026-06-24T10:17:15.877+0000] {logging_mixin.py:190} INFO - [2026-06-24T10:17:15.877+0000] {dag.py:4138} INFO - Setting next_dagrun for airflow_sanity_check to None, run_after=None
[2026-06-24T10:17:16.406+0000] {processor.py:208} INFO - Processing /opt/airflow/dags/sanity_checks.py took 1.428 seconds
[2026-06-24T10:17:46.910+0000] {processor.py:186} INFO - Started process (PID=1030) to work on /opt/airflow/dags/sanity_checks.py
[2026-06-24T10:17:46.923+0000] {processor.py:914} INFO - Processing file /opt/airflow/dags/sanity_checks.py for tasks to queue
[2026-06-24T10:17:46.951+0000] {logging_mixin.py:190} INFO - [2026-06-24T10:17:46.948+0000] {dagbag.py:587} INFO - Filling up the DagBag from /opt/airflow/dags/sanity_checks.py
[2026-06-24T10:17:47.120+0000] {processor.py:925} INFO - DAG(s) 'airflow_sanity_check' retrieved from /opt/airflow/dags/sanity_checks.py
[2026-06-24T10:17:47.589+0000] {logging_mixin.py:190} INFO - [2026-06-24T10:17:47.588+0000] {dag.py:3211} INFO - Sync 1 DAGs
[2026-06-24T10:17:47.936+0000] {logging_mixin.py:190} INFO - [2026-06-24T10:17:47.935+0000] {dag.py:4138} INFO - Setting next_dagrun for airflow_sanity_check to None, run_after=None
[2026-06-24T10:17:48.314+0000] {processor.py:208} INFO - Processing /opt/airflow/dags/sanity_checks.py took 1.437 seconds
[2026-06-24T10:18:18.902+0000] {processor.py:186} INFO - Started process (PID=1040) to work on /opt/airflow/dags/sanity_checks.py
[2026-06-24T10:18:18.936+0000] {processor.py:914} INFO - Processing file /opt/airflow/dags/sanity_checks.py for tasks to queue
[2026-06-24T10:18:18.959+0000] {logging_mixin.py:190} INFO - [2026-06-24T10:18:18.957+0000] {dagbag.py:587} INFO - Filling up the DagBag from /opt/airflow/dags/sanity_checks.py
[2026-06-24T10:18:19.184+0000] {processor.py:925} INFO - DAG(s) 'airflow_sanity_check' retrieved from /opt/airflow/dags/sanity_checks.py
[2026-06-24T10:18:19.564+0000] {logging_mixin.py:190} INFO - [2026-06-24T10:18:19.564+0000] {dag.py:3211} INFO - Sync 1 DAGs
[2026-06-24T10:18:19.751+0000] {logging_mixin.py:190} INFO - [2026-06-24T10:18:19.750+0000] {dag.py:4138} INFO - Setting next_dagrun for airflow_sanity_check to None, run_after=None
[2026-06-24T10:18:20.078+0000] {processor.py:208} INFO - Processing /opt/airflow/dags/sanity_checks.py took 1.296 seconds
[2026-06-24T10:18:50.484+0000] {processor.py:186} INFO - Started process (PID=1050) to work on /opt/airflow/dags/sanity_checks.py
[2026-06-24T10:18:50.490+0000] {processor.py:914} INFO - Processing file /opt/airflow/dags/sanity_checks.py for tasks to queue
[2026-06-24T10:18:50.504+0000] {logging_mixin.py:190} INFO - [2026-06-24T10:18:50.502+0000] {dagbag.py:587} INFO - Filling up the DagBag from /opt/airflow/dags/sanity_checks.py
[2026-06-24T10:18:50.804+0000] {processor.py:925} INFO - DAG(s) 'airflow_sanity_check' retrieved from /opt/airflow/dags/sanity_checks.py
[2026-06-24T10:18:51.309+0000] {logging_mixin.py:190} INFO - [2026-06-24T10:18:51.307+0000] {dag.py:3211} INFO - Sync 1 DAGs
[2026-06-24T10:18:51.552+0000] {logging_mixin.py:190} INFO - [2026-06-24T10:18:51.551+0000] {dag.py:4138} INFO - Setting next_dagrun for airflow_sanity_check to None, run_after=None
[2026-06-24T10:18:51.859+0000] {processor.py:208} INFO - Processing /opt/airflow/dags/sanity_checks.py took 1.402 seconds
[2026-06-24T10:19:23.304+0000] {processor.py:186} INFO - Started process (PID=1060) to work on /opt/airflow/dags/sanity_checks.py
[2026-06-24T10:19:23.331+0000] {processor.py:914} INFO - Processing file /opt/airflow/dags/sanity_checks.py for tasks to queue
[2026-06-24T10:19:23.371+0000] {logging_mixin.py:190} INFO - [2026-06-24T10:19:23.369+0000] {dagbag.py:587} INFO - Filling up the DagBag from /opt/airflow/dags/sanity_checks.py
[2026-06-24T10:19:23.515+0000] {processor.py:925} INFO - DAG(s) 'airflow_sanity_check' retrieved from /opt/airflow/dags/sanity_checks.py
[2026-06-24T10:19:23.821+0000] {logging_mixin.py:190} INFO - [2026-06-24T10:19:23.820+0000] {dag.py:3211} INFO - Sync 1 DAGs
[2026-06-24T10:19:24.232+0000] {logging_mixin.py:190} INFO - [2026-06-24T10:19:24.232+0000] {dag.py:4138} INFO - Setting next_dagrun for airflow_sanity_check to None, run_after=None
[2026-06-24T10:19:24.863+0000] {processor.py:208} INFO - Processing /opt/airflow/dags/sanity_checks.py took 1.633 seconds
[2026-06-24T10:19:55.322+0000] {processor.py:186} INFO - Started process (PID=1070) to work on /opt/airflow/dags/sanity_checks.py
[2026-06-24T10:19:55.328+0000] {processor.py:914} INFO - Processing file /opt/airflow/dags/sanity_checks.py for tasks to queue
[2026-06-24T10:19:55.350+0000] {logging_mixin.py:190} INFO - [2026-06-24T10:19:55.349+0000] {dagbag.py:587} INFO - Filling up the DagBag from /opt/airflow/dags/sanity_checks.py
[2026-06-24T10:19:55.610+0000] {processor.py:925} INFO - DAG(s) 'airflow_sanity_check' retrieved from /opt/airflow/dags/sanity_checks.py
[2026-06-24T10:19:55.815+0000] {logging_mixin.py:190} INFO - [2026-06-24T10:19:55.799+0000] {dag.py:3211} INFO - Sync 1 DAGs
[2026-06-24T10:19:56.156+0000] {logging_mixin.py:190} INFO - [2026-06-24T10:19:56.156+0000] {dag.py:4138} INFO - Setting next_dagrun for airflow_sanity_check to None, run_after=None
[2026-06-24T10:19:56.407+0000] {processor.py:208} INFO - Processing /opt/airflow/dags/sanity_checks.py took 1.169 seconds
[2026-06-24T10:20:27.373+0000] {processor.py:186} INFO - Started process (PID=1080) to work on /opt/airflow/dags/sanity_checks.py
[2026-06-24T10:20:27.381+0000] {processor.py:914} INFO - Processing file /opt/airflow/dags/sanity_checks.py for tasks to queue
[2026-06-24T10:20:27.393+0000] {logging_mixin.py:190} INFO - [2026-06-24T10:20:27.392+0000] {dagbag.py:587} INFO - Filling up the DagBag from /opt/airflow/dags/sanity_checks.py
[2026-06-24T10:20:27.442+0000] {processor.py:925} INFO - DAG(s) 'airflow_sanity_check' retrieved from /opt/airflow/dags/sanity_checks.py
[2026-06-24T10:20:27.553+0000] {logging_mixin.py:190} INFO - [2026-06-24T10:20:27.553+0000] {dag.py:3211} INFO - Sync 1 DAGs
[2026-06-24T10:20:27.626+0000] {logging_mixin.py:190} INFO - [2026-06-24T10:20:27.625+0000] {dag.py:4138} INFO - Setting next_dagrun for airflow_sanity_check to None, run_after=None
[2026-06-24T10:20:27.732+0000] {processor.py:208} INFO - Processing /opt/airflow/dags/sanity_checks.py took 0.381 seconds
[2026-06-24T10:20:58.274+0000] {processor.py:186} INFO - Started process (PID=1090) to work on /opt/airflow/dags/sanity_checks.py
[2026-06-24T10:20:58.276+0000] {processor.py:914} INFO - Processing file /opt/airflow/dags/sanity_checks.py for tasks to queue
[2026-06-24T10:20:58.281+0000] {logging_mixin.py:190} INFO - [2026-06-24T10:20:58.280+0000] {dagbag.py:587} INFO - Filling up the DagBag from /opt/airflow/dags/sanity_checks.py
[2026-06-24T10:20:58.302+0000] {processor.py:925} INFO - DAG(s) 'airflow_sanity_check' retrieved from /opt/airflow/dags/sanity_checks.py
[2026-06-24T10:20:58.366+0000] {logging_mixin.py:190} INFO - [2026-06-24T10:20:58.366+0000] {dag.py:3211} INFO - Sync 1 DAGs
[2026-06-24T10:20:58.395+0000] {logging_mixin.py:190} INFO - [2026-06-24T10:20:58.395+0000] {dag.py:4138} INFO - Setting next_dagrun for airflow_sanity_check to None, run_after=None
[2026-06-24T10:20:58.425+0000] {processor.py:208} INFO - Processing /opt/airflow/dags/sanity_checks.py took 0.160 seconds
[2026-06-24T10:21:28.747+0000] {processor.py:186} INFO - Started process (PID=1100) to work on /opt/airflow/dags/sanity_checks.py
[2026-06-24T10:21:28.749+0000] {processor.py:914} INFO - Processing file /opt/airflow/dags/sanity_checks.py for tasks to queue
[2026-06-24T10:21:28.752+0000] {logging_mixin.py:190} INFO - [2026-06-24T10:21:28.752+0000] {dagbag.py:587} INFO - Filling up the DagBag from /opt/airflow/dags/sanity_checks.py
[2026-06-24T10:21:28.768+0000] {processor.py:925} INFO - DAG(s) 'airflow_sanity_check' retrieved from /opt/airflow/dags/sanity_checks.py
[2026-06-24T10:21:28.808+0000] {logging_mixin.py:190} INFO - [2026-06-24T10:21:28.808+0000] {dag.py:3211} INFO - Sync 1 DAGs
[2026-06-24T10:21:28.829+0000] {logging_mixin.py:190} INFO - [2026-06-24T10:21:28.829+0000] {dag.py:4138} INFO - Setting next_dagrun for airflow_sanity_check to None, run_after=None
[2026-06-24T10:21:28.857+0000] {processor.py:208} INFO - Processing /opt/airflow/dags/sanity_checks.py took 0.118 seconds
[2026-06-24T10:21:59.174+0000] {processor.py:186} INFO - Started process (PID=1110) to work on /opt/airflow/dags/sanity_checks.py
[2026-06-24T10:21:59.175+0000] {processor.py:914} INFO - Processing file /opt/airflow/dags/sanity_checks.py for tasks to queue
[2026-06-24T10:21:59.178+0000] {logging_mixin.py:190} INFO - [2026-06-24T10:21:59.178+0000] {dagbag.py:587} INFO - Filling up the DagBag from /opt/airflow/dags/sanity_checks.py
[2026-06-24T10:21:59.193+0000] {processor.py:925} INFO - DAG(s) 'airflow_sanity_check' retrieved from /opt/airflow/dags/sanity_checks.py
[2026-06-24T10:21:59.233+0000] {logging_mixin.py:190} INFO - [2026-06-24T10:21:59.233+0000] {dag.py:3211} INFO - Sync 1 DAGs
[2026-06-24T10:21:59.253+0000] {logging_mixin.py:190} INFO - [2026-06-24T10:21:59.253+0000] {dag.py:4138} INFO - Setting next_dagrun for airflow_sanity_check to None, run_after=None
[2026-06-24T10:21:59.280+0000] {processor.py:208} INFO - Processing /opt/airflow/dags/sanity_checks.py took 0.114 seconds
[2026-06-24T10:22:29.603+0000] {processor.py:186} INFO - Started process (PID=1120) to work on /opt/airflow/dags/sanity_checks.py
[2026-06-24T10:22:29.605+0000] {processor.py:914} INFO - Processing file /opt/airflow/dags/sanity_checks.py for tasks to queue
[2026-06-24T10:22:29.609+0000] {logging_mixin.py:190} INFO - [2026-06-24T10:22:29.608+0000] {dagbag.py:587} INFO - Filling up the DagBag from /opt/airflow/dags/sanity_checks.py
[2026-06-24T10:22:29.623+0000] {processor.py:925} INFO - DAG(s) 'airflow_sanity_check' retrieved from /opt/airflow/dags/sanity_checks.py
[2026-06-24T10:22:29.665+0000] {logging_mixin.py:190} INFO - [2026-06-24T10:22:29.665+0000] {dag.py:3211} INFO - Sync 1 DAGs
[2026-06-24T10:22:29.690+0000] {logging_mixin.py:190} INFO - [2026-06-24T10:22:29.690+0000] {dag.py:4138} INFO - Setting next_dagrun for airflow_sanity_check to None, run_after=None
[2026-06-24T10:22:29.762+0000] {processor.py:208} INFO - Processing /opt/airflow/dags/sanity_checks.py took 0.168 seconds
[2026-06-24T10:23:00.076+0000] {processor.py:186} INFO - Started process (PID=1130) to work on /opt/airflow/dags/sanity_checks.py
[2026-06-24T10:23:00.078+0000] {processor.py:914} INFO - Processing file /opt/airflow/dags/sanity_checks.py for tasks to queue
[2026-06-24T10:23:00.082+0000] {logging_mixin.py:190} INFO - [2026-06-24T10:23:00.081+0000] {dagbag.py:587} INFO - Filling up the DagBag from /opt/airflow/dags/sanity_checks.py
[2026-06-24T10:23:00.096+0000] {processor.py:925} INFO - DAG(s) 'airflow_sanity_check' retrieved from /opt/airflow/dags/sanity_checks.py
[2026-06-24T10:23:00.136+0000] {logging_mixin.py:190} INFO - [2026-06-24T10:23:00.136+0000] {dag.py:3211} INFO - Sync 1 DAGs
[2026-06-24T10:23:00.157+0000] {logging_mixin.py:190} INFO - [2026-06-24T10:23:00.157+0000] {dag.py:4138} INFO - Setting next_dagrun for airflow_sanity_check to None, run_after=None
[2026-06-24T10:23:00.185+0000] {processor.py:208} INFO - Processing /opt/airflow/dags/sanity_checks.py took 0.116 seconds
[2026-06-24T10:23:30.416+0000] {processor.py:186} INFO - Started process (PID=1140) to work on /opt/airflow/dags/sanity_checks.py
[2026-06-24T10:23:30.418+0000] {processor.py:914} INFO - Processing file /opt/airflow/dags/sanity_checks.py for tasks to queue
[2026-06-24T10:23:30.422+0000] {logging_mixin.py:190} INFO - [2026-06-24T10:23:30.421+0000] {dagbag.py:587} INFO - Filling up the DagBag from /opt/airflow/dags/sanity_checks.py
[2026-06-24T10:23:30.438+0000] {processor.py:925} INFO - DAG(s) 'airflow_sanity_check' retrieved from /opt/airflow/dags/sanity_checks.py
[2026-06-24T10:23:30.478+0000] {logging_mixin.py:190} INFO - [2026-06-24T10:23:30.478+0000] {dag.py:3211} INFO - Sync 1 DAGs
[2026-06-24T10:23:30.500+0000] {logging_mixin.py:190} INFO - [2026-06-24T10:23:30.500+0000] {dag.py:4138} INFO - Setting next_dagrun for airflow_sanity_check to None, run_after=None
[2026-06-24T10:23:30.527+0000] {processor.py:208} INFO - Processing /opt/airflow/dags/sanity_checks.py took 0.120 seconds
[2026-06-24T10:24:00.858+0000] {processor.py:186} INFO - Started process (PID=1150) to work on /opt/airflow/dags/sanity_checks.py
[2026-06-24T10:24:00.860+0000] {processor.py:914} INFO - Processing file /opt/airflow/dags/sanity_checks.py for tasks to queue
[2026-06-24T10:24:00.864+0000] {logging_mixin.py:190} INFO - [2026-06-24T10:24:00.863+0000] {dagbag.py:587} INFO - Filling up the DagBag from /opt/airflow/dags/sanity_checks.py
[2026-06-24T10:24:00.880+0000] {processor.py:925} INFO - DAG(s) 'airflow_sanity_check' retrieved from /opt/airflow/dags/sanity_checks.py
[2026-06-24T10:24:00.922+0000] {logging_mixin.py:190} INFO - [2026-06-24T10:24:00.921+0000] {dag.py:3211} INFO - Sync 1 DAGs
[2026-06-24T10:24:00.946+0000] {logging_mixin.py:190} INFO - [2026-06-24T10:24:00.945+0000] {dag.py:4138} INFO - Setting next_dagrun for airflow_sanity_check to None, run_after=None
[2026-06-24T10:24:00.971+0000] {processor.py:208} INFO - Processing /opt/airflow/dags/sanity_checks.py took 0.121 seconds
[2026-06-24T10:24:31.303+0000] {processor.py:186} INFO - Started process (PID=1160) to work on /opt/airflow/dags/sanity_checks.py
[2026-06-24T10:24:31.305+0000] {processor.py:914} INFO - Processing file /opt/airflow/dags/sanity_checks.py for tasks to queue
[2026-06-24T10:24:31.308+0000] {logging_mixin.py:190} INFO - [2026-06-24T10:24:31.308+0000] {dagbag.py:587} INFO - Filling up the DagBag from /opt/airflow/dags/sanity_checks.py
[2026-06-24T10:24:31.323+0000] {processor.py:925} INFO - DAG(s) 'airflow_sanity_check' retrieved from /opt/airflow/dags/sanity_checks.py
[2026-06-24T10:24:31.363+0000] {logging_mixin.py:190} INFO - [2026-06-24T10:24:31.362+0000] {dag.py:3211} INFO - Sync 1 DAGs
[2026-06-24T10:24:31.383+0000] {logging_mixin.py:190} INFO - [2026-06-24T10:24:31.383+0000] {dag.py:4138} INFO - Setting next_dagrun for airflow_sanity_check to None, run_after=None
[2026-06-24T10:24:31.408+0000] {processor.py:208} INFO - Processing /opt/airflow/dags/sanity_checks.py took 0.112 seconds
[2026-06-24T10:25:06.483+0000] {processor.py:186} INFO - Started process (PID=1165) to work on /opt/airflow/dags/sanity_checks.py
[2026-06-24T10:25:06.484+0000] {processor.py:914} INFO - Processing file /opt/airflow/dags/sanity_checks.py for tasks to queue
[2026-06-24T10:25:06.488+0000] {logging_mixin.py:190} INFO - [2026-06-24T10:25:06.487+0000] {dagbag.py:587} INFO - Filling up the DagBag from /opt/airflow/dags/sanity_checks.py
[2026-06-24T10:25:06.504+0000] {processor.py:925} INFO - DAG(s) 'airflow_sanity_check' retrieved from /opt/airflow/dags/sanity_checks.py
[2026-06-24T10:25:06.556+0000] {logging_mixin.py:190} INFO - [2026-06-24T10:25:06.555+0000] {dag.py:3211} INFO - Sync 1 DAGs
[2026-06-24T10:25:06.596+0000] {logging_mixin.py:190} INFO - [2026-06-24T10:25:06.596+0000] {dag.py:4138} INFO - Setting next_dagrun for airflow_sanity_check to None, run_after=None
[2026-06-24T10:25:06.655+0000] {processor.py:208} INFO - Processing /opt/airflow/dags/sanity_checks.py took 0.181 seconds
[2026-06-24T10:54:29.069+0000] {processor.py:186} INFO - Started process (PID=1175) to work on /opt/airflow/dags/sanity_checks.py
[2026-06-24T10:54:29.071+0000] {processor.py:914} INFO - Processing file /opt/airflow/dags/sanity_checks.py for tasks to queue
[2026-06-24T10:54:29.078+0000] {logging_mixin.py:190} INFO - [2026-06-24T10:54:29.077+0000] {dagbag.py:587} INFO - Filling up the DagBag from /opt/airflow/dags/sanity_checks.py
[2026-06-24T10:54:29.105+0000] {processor.py:925} INFO - DAG(s) 'airflow_sanity_check' retrieved from /opt/airflow/dags/sanity_checks.py
[2026-06-24T10:54:29.165+0000] {logging_mixin.py:190} INFO - [2026-06-24T10:54:29.165+0000] {dag.py:3211} INFO - Sync 1 DAGs
[2026-06-24T10:54:29.203+0000] {logging_mixin.py:190} INFO - [2026-06-24T10:54:29.203+0000] {dag.py:4138} INFO - Setting next_dagrun for airflow_sanity_check to None, run_after=None
[2026-06-24T10:54:29.233+0000] {processor.py:208} INFO - Processing /opt/airflow/dags/sanity_checks.py took 0.178 seconds
[2026-06-24T10:54:59.558+0000] {processor.py:186} INFO - Started process (PID=1185) to work on /opt/airflow/dags/sanity_checks.py
[2026-06-24T10:54:59.560+0000] {processor.py:914} INFO - Processing file /opt/airflow/dags/sanity_checks.py for tasks to queue
[2026-06-24T10:54:59.565+0000] {logging_mixin.py:190} INFO - [2026-06-24T10:54:59.564+0000] {dagbag.py:587} INFO - Filling up the DagBag from /opt/airflow/dags/sanity_checks.py
[2026-06-24T10:54:59.581+0000] {processor.py:925} INFO - DAG(s) 'airflow_sanity_check' retrieved from /opt/airflow/dags/sanity_checks.py
[2026-06-24T10:54:59.624+0000] {logging_mixin.py:190} INFO - [2026-06-24T10:54:59.623+0000] {dag.py:3211} INFO - Sync 1 DAGs
[2026-06-24T10:54:59.646+0000] {logging_mixin.py:190} INFO - [2026-06-24T10:54:59.646+0000] {dag.py:4138} INFO - Setting next_dagrun for airflow_sanity_check to None, run_after=None
[2026-06-24T10:54:59.706+0000] {processor.py:208} INFO - Processing /opt/airflow/dags/sanity_checks.py took 0.166 seconds
[2026-06-24T10:55:30.012+0000] {processor.py:186} INFO - Started process (PID=1195) to work on /opt/airflow/dags/sanity_checks.py
[2026-06-24T10:55:30.013+0000] {processor.py:914} INFO - Processing file /opt/airflow/dags/sanity_checks.py for tasks to queue
[2026-06-24T10:55:30.017+0000] {logging_mixin.py:190} INFO - [2026-06-24T10:55:30.016+0000] {dagbag.py:587} INFO - Filling up the DagBag from /opt/airflow/dags/sanity_checks.py
[2026-06-24T10:55:30.032+0000] {processor.py:925} INFO - DAG(s) 'airflow_sanity_check' retrieved from /opt/airflow/dags/sanity_checks.py
[2026-06-24T10:55:30.078+0000] {logging_mixin.py:190} INFO - [2026-06-24T10:55:30.077+0000] {dag.py:3211} INFO - Sync 1 DAGs
[2026-06-24T10:55:30.099+0000] {logging_mixin.py:190} INFO - [2026-06-24T10:55:30.099+0000] {dag.py:4138} INFO - Setting next_dagrun for airflow_sanity_check to None, run_after=None
[2026-06-24T10:55:30.127+0000] {processor.py:208} INFO - Processing /opt/airflow/dags/sanity_checks.py took 0.124 seconds
[2026-06-24T10:56:00.432+0000] {processor.py:186} INFO - Started process (PID=1205) to work on /opt/airflow/dags/sanity_checks.py
[2026-06-24T10:56:00.434+0000] {processor.py:914} INFO - Processing file /opt/airflow/dags/sanity_checks.py for tasks to queue
[2026-06-24T10:56:00.437+0000] {logging_mixin.py:190} INFO - [2026-06-24T10:56:00.437+0000] {dagbag.py:587} INFO - Filling up the DagBag from /opt/airflow/dags/sanity_checks.py
[2026-06-24T10:56:00.453+0000] {processor.py:925} INFO - DAG(s) 'airflow_sanity_check' retrieved from /opt/airflow/dags/sanity_checks.py
[2026-06-24T10:56:00.494+0000] {logging_mixin.py:190} INFO - [2026-06-24T10:56:00.493+0000] {dag.py:3211} INFO - Sync 1 DAGs
[2026-06-24T10:56:00.526+0000] {logging_mixin.py:190} INFO - [2026-06-24T10:56:00.526+0000] {dag.py:4138} INFO - Setting next_dagrun for airflow_sanity_check to None, run_after=None
[2026-06-24T10:56:00.597+0000] {processor.py:208} INFO - Processing /opt/airflow/dags/sanity_checks.py took 0.173 seconds
[2026-06-24T10:56:30.908+0000] {processor.py:186} INFO - Started process (PID=1215) to work on /opt/airflow/dags/sanity_checks.py
[2026-06-24T10:56:30.910+0000] {processor.py:914} INFO - Processing file /opt/airflow/dags/sanity_checks.py for tasks to queue
[2026-06-24T10:56:30.913+0000] {logging_mixin.py:190} INFO - [2026-06-24T10:56:30.912+0000] {dagbag.py:587} INFO - Filling up the DagBag from /opt/airflow/dags/sanity_checks.py
[2026-06-24T10:56:30.929+0000] {processor.py:925} INFO - DAG(s) 'airflow_sanity_check' retrieved from /opt/airflow/dags/sanity_checks.py
[2026-06-24T10:56:30.971+0000] {logging_mixin.py:190} INFO - [2026-06-24T10:56:30.971+0000] {dag.py:3211} INFO - Sync 1 DAGs
[2026-06-24T10:56:30.992+0000] {logging_mixin.py:190} INFO - [2026-06-24T10:56:30.992+0000] {dag.py:4138} INFO - Setting next_dagrun for airflow_sanity_check to None, run_after=None
[2026-06-24T10:56:31.036+0000] {processor.py:208} INFO - Processing /opt/airflow/dags/sanity_checks.py took 0.137 seconds
[2026-06-24T10:57:01.353+0000] {processor.py:186} INFO - Started process (PID=1225) to work on /opt/airflow/dags/sanity_checks.py
[2026-06-24T10:57:01.355+0000] {processor.py:914} INFO - Processing file /opt/airflow/dags/sanity_checks.py for tasks to queue
[2026-06-24T10:57:01.360+0000] {logging_mixin.py:190} INFO - [2026-06-24T10:57:01.359+0000] {dagbag.py:587} INFO - Filling up the DagBag from /opt/airflow/dags/sanity_checks.py
[2026-06-24T10:57:01.375+0000] {processor.py:925} INFO - DAG(s) 'airflow_sanity_check' retrieved from /opt/airflow/dags/sanity_checks.py
[2026-06-24T10:57:01.428+0000] {logging_mixin.py:190} INFO - [2026-06-24T10:57:01.428+0000] {dag.py:3211} INFO - Sync 1 DAGs
[2026-06-24T10:57:01.454+0000] {logging_mixin.py:190} INFO - [2026-06-24T10:57:01.454+0000] {dag.py:4138} INFO - Setting next_dagrun for airflow_sanity_check to None, run_after=None
[2026-06-24T10:57:01.506+0000] {processor.py:208} INFO - Processing /opt/airflow/dags/sanity_checks.py took 0.161 seconds
[2026-06-24T10:57:31.846+0000] {processor.py:186} INFO - Started process (PID=1235) to work on /opt/airflow/dags/sanity_checks.py
[2026-06-24T10:57:31.849+0000] {processor.py:914} INFO - Processing file /opt/airflow/dags/sanity_checks.py for tasks to queue
[2026-06-24T10:57:31.865+0000] {logging_mixin.py:190} INFO - [2026-06-24T10:57:31.865+0000] {dagbag.py:587} INFO - Filling up the DagBag from /opt/airflow/dags/sanity_checks.py
[2026-06-24T10:57:31.889+0000] {processor.py:925} INFO - DAG(s) 'airflow_sanity_check' retrieved from /opt/airflow/dags/sanity_checks.py
[2026-06-24T10:57:31.939+0000] {logging_mixin.py:190} INFO - [2026-06-24T10:57:31.938+0000] {dag.py:3211} INFO - Sync 1 DAGs
[2026-06-24T10:57:31.971+0000] {logging_mixin.py:190} INFO - [2026-06-24T10:57:31.971+0000] {dag.py:4138} INFO - Setting next_dagrun for airflow_sanity_check to None, run_after=None
[2026-06-24T10:57:32.037+0000] {processor.py:208} INFO - Processing /opt/airflow/dags/sanity_checks.py took 0.220 seconds
[2026-06-24T10:58:02.504+0000] {processor.py:186} INFO - Started process (PID=1245) to work on /opt/airflow/dags/sanity_checks.py
[2026-06-24T10:58:02.506+0000] {processor.py:914} INFO - Processing file /opt/airflow/dags/sanity_checks.py for tasks to queue
[2026-06-24T10:58:02.511+0000] {logging_mixin.py:190} INFO - [2026-06-24T10:58:02.511+0000] {dagbag.py:587} INFO - Filling up the DagBag from /opt/airflow/dags/sanity_checks.py
[2026-06-24T10:58:02.543+0000] {processor.py:925} INFO - DAG(s) 'airflow_sanity_check' retrieved from /opt/airflow/dags/sanity_checks.py
[2026-06-24T10:58:02.595+0000] {logging_mixin.py:190} INFO - [2026-06-24T10:58:02.595+0000] {dag.py:3211} INFO - Sync 1 DAGs
[2026-06-24T10:58:02.633+0000] {logging_mixin.py:190} INFO - [2026-06-24T10:58:02.633+0000] {dag.py:4138} INFO - Setting next_dagrun for airflow_sanity_check to None, run_after=None
[2026-06-24T10:58:02.663+0000] {processor.py:208} INFO - Processing /opt/airflow/dags/sanity_checks.py took 0.170 seconds
[2026-06-24T10:58:33.099+0000] {processor.py:186} INFO - Started process (PID=1255) to work on /opt/airflow/dags/sanity_checks.py
[2026-06-24T10:58:33.101+0000] {processor.py:914} INFO - Processing file /opt/airflow/dags/sanity_checks.py for tasks to queue
[2026-06-24T10:58:33.105+0000] {logging_mixin.py:190} INFO - [2026-06-24T10:58:33.104+0000] {dagbag.py:587} INFO - Filling up the DagBag from /opt/airflow/dags/sanity_checks.py
[2026-06-24T10:58:33.121+0000] {processor.py:925} INFO - DAG(s) 'airflow_sanity_check' retrieved from /opt/airflow/dags/sanity_checks.py
[2026-06-24T10:58:33.174+0000] {logging_mixin.py:190} INFO - [2026-06-24T10:58:33.173+0000] {dag.py:3211} INFO - Sync 1 DAGs
[2026-06-24T10:58:33.195+0000] {logging_mixin.py:190} INFO - [2026-06-24T10:58:33.195+0000] {dag.py:4138} INFO - Setting next_dagrun for airflow_sanity_check to None, run_after=None
[2026-06-24T10:58:33.224+0000] {processor.py:208} INFO - Processing /opt/airflow/dags/sanity_checks.py took 0.137 seconds
[2026-06-24T10:59:03.571+0000] {processor.py:186} INFO - Started process (PID=1265) to work on /opt/airflow/dags/sanity_checks.py
[2026-06-24T10:59:03.572+0000] {processor.py:914} INFO - Processing file /opt/airflow/dags/sanity_checks.py for tasks to queue
[2026-06-24T10:59:03.577+0000] {logging_mixin.py:190} INFO - [2026-06-24T10:59:03.576+0000] {dagbag.py:587} INFO - Filling up the DagBag from /opt/airflow/dags/sanity_checks.py
[2026-06-24T10:59:03.606+0000] {processor.py:925} INFO - DAG(s) 'airflow_sanity_check' retrieved from /opt/airflow/dags/sanity_checks.py
[2026-06-24T10:59:03.661+0000] {logging_mixin.py:190} INFO - [2026-06-24T10:59:03.660+0000] {dag.py:3211} INFO - Sync 1 DAGs
[2026-06-24T10:59:03.689+0000] {logging_mixin.py:190} INFO - [2026-06-24T10:59:03.688+0000] {dag.py:4138} INFO - Setting next_dagrun for airflow_sanity_check to None, run_after=None
[2026-06-24T10:59:03.740+0000] {processor.py:208} INFO - Processing /opt/airflow/dags/sanity_checks.py took 0.179 seconds
[2026-06-24T10:59:34.190+0000] {processor.py:186} INFO - Started process (PID=1275) to work on /opt/airflow/dags/sanity_checks.py
[2026-06-24T10:59:34.193+0000] {processor.py:914} INFO - Processing file /opt/airflow/dags/sanity_checks.py for tasks to queue
[2026-06-24T10:59:34.198+0000] {logging_mixin.py:190} INFO - [2026-06-24T10:59:34.197+0000] {dagbag.py:587} INFO - Filling up the DagBag from /opt/airflow/dags/sanity_checks.py
[2026-06-24T10:59:34.244+0000] {processor.py:925} INFO - DAG(s) 'airflow_sanity_check' retrieved from /opt/airflow/dags/sanity_checks.py
[2026-06-24T10:59:34.289+0000] {logging_mixin.py:190} INFO - [2026-06-24T10:59:34.289+0000] {dag.py:3211} INFO - Sync 1 DAGs
[2026-06-24T10:59:34.310+0000] {logging_mixin.py:190} INFO - [2026-06-24T10:59:34.310+0000] {dag.py:4138} INFO - Setting next_dagrun for airflow_sanity_check to None, run_after=None
[2026-06-24T10:59:34.337+0000] {processor.py:208} INFO - Processing /opt/airflow/dags/sanity_checks.py took 0.160 seconds
[2026-06-24T11:00:04.708+0000] {processor.py:186} INFO - Started process (PID=1285) to work on /opt/airflow/dags/sanity_checks.py
[2026-06-24T11:00:04.709+0000] {processor.py:914} INFO - Processing file /opt/airflow/dags/sanity_checks.py for tasks to queue
[2026-06-24T11:00:04.713+0000] {logging_mixin.py:190} INFO - [2026-06-24T11:00:04.713+0000] {dagbag.py:587} INFO - Filling up the DagBag from /opt/airflow/dags/sanity_checks.py
[2026-06-24T11:00:04.728+0000] {processor.py:925} INFO - DAG(s) 'airflow_sanity_check' retrieved from /opt/airflow/dags/sanity_checks.py
[2026-06-24T11:00:04.770+0000] {logging_mixin.py:190} INFO - [2026-06-24T11:00:04.770+0000] {dag.py:3211} INFO - Sync 1 DAGs
[2026-06-24T11:00:04.792+0000] {logging_mixin.py:190} INFO - [2026-06-24T11:00:04.792+0000] {dag.py:4138} INFO - Setting next_dagrun for airflow_sanity_check to None, run_after=None
[2026-06-24T11:00:04.821+0000] {processor.py:208} INFO - Processing /opt/airflow/dags/sanity_checks.py took 0.122 seconds
[2026-06-24T11:00:35.148+0000] {processor.py:186} INFO - Started process (PID=1295) to work on /opt/airflow/dags/sanity_checks.py
[2026-06-24T11:00:35.150+0000] {processor.py:914} INFO - Processing file /opt/airflow/dags/sanity_checks.py for tasks to queue
[2026-06-24T11:00:35.155+0000] {logging_mixin.py:190} INFO - [2026-06-24T11:00:35.154+0000] {dagbag.py:587} INFO - Filling up the DagBag from /opt/airflow/dags/sanity_checks.py
[2026-06-24T11:00:35.171+0000] {processor.py:925} INFO - DAG(s) 'airflow_sanity_check' retrieved from /opt/airflow/dags/sanity_checks.py
[2026-06-24T11:00:35.219+0000] {logging_mixin.py:190} INFO - [2026-06-24T11:00:35.219+0000] {dag.py:3211} INFO - Sync 1 DAGs
[2026-06-24T11:00:35.242+0000] {logging_mixin.py:190} INFO - [2026-06-24T11:00:35.241+0000] {dag.py:4138} INFO - Setting next_dagrun for airflow_sanity_check to None, run_after=None
[2026-06-24T11:00:35.271+0000] {processor.py:208} INFO - Processing /opt/airflow/dags/sanity_checks.py took 0.134 seconds
[2026-06-24T11:01:05.668+0000] {processor.py:186} INFO - Started process (PID=1305) to work on /opt/airflow/dags/sanity_checks.py
[2026-06-24T11:01:05.669+0000] {processor.py:914} INFO - Processing file /opt/airflow/dags/sanity_checks.py for tasks to queue
[2026-06-24T11:01:05.673+0000] {logging_mixin.py:190} INFO - [2026-06-24T11:01:05.673+0000] {dagbag.py:587} INFO - Filling up the DagBag from /opt/airflow/dags/sanity_checks.py
[2026-06-24T11:01:05.688+0000] {processor.py:925} INFO - DAG(s) 'airflow_sanity_check' retrieved from /opt/airflow/dags/sanity_checks.py
[2026-06-24T11:01:05.731+0000] {logging_mixin.py:190} INFO - [2026-06-24T11:01:05.730+0000] {dag.py:3211} INFO - Sync 1 DAGs
[2026-06-24T11:01:05.752+0000] {logging_mixin.py:190} INFO - [2026-06-24T11:01:05.752+0000] {dag.py:4138} INFO - Setting next_dagrun for airflow_sanity_check to None, run_after=None
[2026-06-24T11:01:05.780+0000] {processor.py:208} INFO - Processing /opt/airflow/dags/sanity_checks.py took 0.121 seconds
[2026-06-24T11:01:36.103+0000] {processor.py:186} INFO - Started process (PID=1315) to work on /opt/airflow/dags/sanity_checks.py
[2026-06-24T11:01:36.105+0000] {processor.py:914} INFO - Processing file /opt/airflow/dags/sanity_checks.py for tasks to queue
[2026-06-24T11:01:36.108+0000] {logging_mixin.py:190} INFO - [2026-06-24T11:01:36.108+0000] {dagbag.py:587} INFO - Filling up the DagBag from /opt/airflow/dags/sanity_checks.py
[2026-06-24T11:01:36.123+0000] {processor.py:925} INFO - DAG(s) 'airflow_sanity_check' retrieved from /opt/airflow/dags/sanity_checks.py
[2026-06-24T11:01:36.166+0000] {logging_mixin.py:190} INFO - [2026-06-24T11:01:36.166+0000] {dag.py:3211} INFO - Sync 1 DAGs
[2026-06-24T11:01:36.188+0000] {logging_mixin.py:190} INFO - [2026-06-24T11:01:36.188+0000] {dag.py:4138} INFO - Setting next_dagrun for airflow_sanity_check to None, run_after=None
[2026-06-24T11:01:36.215+0000] {processor.py:208} INFO - Processing /opt/airflow/dags/sanity_checks.py took 0.120 seconds
[2026-06-24T11:02:06.529+0000] {processor.py:186} INFO - Started process (PID=1325) to work on /opt/airflow/dags/sanity_checks.py
[2026-06-24T11:02:06.531+0000] {processor.py:914} INFO - Processing file /opt/airflow/dags/sanity_checks.py for tasks to queue
[2026-06-24T11:02:06.535+0000] {logging_mixin.py:190} INFO - [2026-06-24T11:02:06.535+0000] {dagbag.py:587} INFO - Filling up the DagBag from /opt/airflow/dags/sanity_checks.py
[2026-06-24T11:02:06.552+0000] {processor.py:925} INFO - DAG(s) 'airflow_sanity_check' retrieved from /opt/airflow/dags/sanity_checks.py
[2026-06-24T11:02:06.601+0000] {logging_mixin.py:190} INFO - [2026-06-24T11:02:06.601+0000] {dag.py:3211} INFO - Sync 1 DAGs
[2026-06-24T11:02:06.625+0000] {logging_mixin.py:190} INFO - [2026-06-24T11:02:06.625+0000] {dag.py:4138} INFO - Setting next_dagrun for airflow_sanity_check to None, run_after=None
[2026-06-24T11:02:06.650+0000] {processor.py:208} INFO - Processing /opt/airflow/dags/sanity_checks.py took 0.133 seconds
[2026-06-24T11:02:37.046+0000] {processor.py:186} INFO - Started process (PID=1335) to work on /opt/airflow/dags/sanity_checks.py
[2026-06-24T11:02:37.047+0000] {processor.py:914} INFO - Processing file /opt/airflow/dags/sanity_checks.py for tasks to queue
[2026-06-24T11:02:37.057+0000] {logging_mixin.py:190} INFO - [2026-06-24T11:02:37.051+0000] {dagbag.py:587} INFO - Filling up the DagBag from /opt/airflow/dags/sanity_checks.py
[2026-06-24T11:02:37.074+0000] {processor.py:925} INFO - DAG(s) 'airflow_sanity_check' retrieved from /opt/airflow/dags/sanity_checks.py
[2026-06-24T11:02:37.118+0000] {logging_mixin.py:190} INFO - [2026-06-24T11:02:37.118+0000] {dag.py:3211} INFO - Sync 1 DAGs
[2026-06-24T11:02:37.140+0000] {logging_mixin.py:190} INFO - [2026-06-24T11:02:37.139+0000] {dag.py:4138} INFO - Setting next_dagrun for airflow_sanity_check to None, run_after=None
[2026-06-24T11:02:37.168+0000] {processor.py:208} INFO - Processing /opt/airflow/dags/sanity_checks.py took 0.132 seconds
[2026-06-24T11:03:07.514+0000] {processor.py:186} INFO - Started process (PID=1345) to work on /opt/airflow/dags/sanity_checks.py
[2026-06-24T11:03:07.515+0000] {processor.py:914} INFO - Processing file /opt/airflow/dags/sanity_checks.py for tasks to queue
[2026-06-24T11:03:07.518+0000] {logging_mixin.py:190} INFO - [2026-06-24T11:03:07.518+0000] {dagbag.py:587} INFO - Filling up the DagBag from /opt/airflow/dags/sanity_checks.py
[2026-06-24T11:03:07.534+0000] {processor.py:925} INFO - DAG(s) 'airflow_sanity_check' retrieved from /opt/airflow/dags/sanity_checks.py
[2026-06-24T11:03:07.575+0000] {logging_mixin.py:190} INFO - [2026-06-24T11:03:07.575+0000] {dag.py:3211} INFO - Sync 1 DAGs
[2026-06-24T11:03:07.597+0000] {logging_mixin.py:190} INFO - [2026-06-24T11:03:07.597+0000] {dag.py:4138} INFO - Setting next_dagrun for airflow_sanity_check to None, run_after=None
[2026-06-24T11:03:07.625+0000] {processor.py:208} INFO - Processing /opt/airflow/dags/sanity_checks.py took 0.120 seconds
[2026-06-24T11:03:37.981+0000] {processor.py:186} INFO - Started process (PID=1355) to work on /opt/airflow/dags/sanity_checks.py
[2026-06-24T11:03:37.982+0000] {processor.py:914} INFO - Processing file /opt/airflow/dags/sanity_checks.py for tasks to queue
[2026-06-24T11:03:37.986+0000] {logging_mixin.py:190} INFO - [2026-06-24T11:03:37.985+0000] {dagbag.py:587} INFO - Filling up the DagBag from /opt/airflow/dags/sanity_checks.py
[2026-06-24T11:03:38.008+0000] {processor.py:925} INFO - DAG(s) 'airflow_sanity_check' retrieved from /opt/airflow/dags/sanity_checks.py
[2026-06-24T11:03:38.051+0000] {logging_mixin.py:190} INFO - [2026-06-24T11:03:38.051+0000] {dag.py:3211} INFO - Sync 1 DAGs
[2026-06-24T11:03:38.082+0000] {logging_mixin.py:190} INFO - [2026-06-24T11:03:38.082+0000] {dag.py:4138} INFO - Setting next_dagrun for airflow_sanity_check to None, run_after=None
[2026-06-24T11:03:38.111+0000] {processor.py:208} INFO - Processing /opt/airflow/dags/sanity_checks.py took 0.142 seconds
[2026-06-24T11:04:08.571+0000] {processor.py:186} INFO - Started process (PID=1365) to work on /opt/airflow/dags/sanity_checks.py
[2026-06-24T11:04:08.576+0000] {processor.py:914} INFO - Processing file /opt/airflow/dags/sanity_checks.py for tasks to queue
[2026-06-24T11:04:08.585+0000] {logging_mixin.py:190} INFO - [2026-06-24T11:04:08.584+0000] {dagbag.py:587} INFO - Filling up the DagBag from /opt/airflow/dags/sanity_checks.py
[2026-06-24T11:04:08.605+0000] {processor.py:925} INFO - DAG(s) 'airflow_sanity_check' retrieved from /opt/airflow/dags/sanity_checks.py
[2026-06-24T11:04:08.657+0000] {logging_mixin.py:190} INFO - [2026-06-24T11:04:08.657+0000] {dag.py:3211} INFO - Sync 1 DAGs
[2026-06-24T11:04:08.683+0000] {logging_mixin.py:190} INFO - [2026-06-24T11:04:08.683+0000] {dag.py:4138} INFO - Setting next_dagrun for airflow_sanity_check to None, run_after=None
[2026-06-24T11:04:08.723+0000] {processor.py:208} INFO - Processing /opt/airflow/dags/sanity_checks.py took 0.162 seconds
[2026-06-24T11:04:39.090+0000] {processor.py:186} INFO - Started process (PID=1375) to work on /opt/airflow/dags/sanity_checks.py
[2026-06-24T11:04:39.092+0000] {processor.py:914} INFO - Processing file /opt/airflow/dags/sanity_checks.py for tasks to queue
[2026-06-24T11:04:39.095+0000] {logging_mixin.py:190} INFO - [2026-06-24T11:04:39.095+0000] {dagbag.py:587} INFO - Filling up the DagBag from /opt/airflow/dags/sanity_checks.py
[2026-06-24T11:04:39.111+0000] {processor.py:925} INFO - DAG(s) 'airflow_sanity_check' retrieved from /opt/airflow/dags/sanity_checks.py
[2026-06-24T11:04:39.155+0000] {logging_mixin.py:190} INFO - [2026-06-24T11:04:39.154+0000] {dag.py:3211} INFO - Sync 1 DAGs
[2026-06-24T11:04:39.176+0000] {logging_mixin.py:190} INFO - [2026-06-24T11:04:39.176+0000] {dag.py:4138} INFO - Setting next_dagrun for airflow_sanity_check to None, run_after=None
[2026-06-24T11:04:39.204+0000] {processor.py:208} INFO - Processing /opt/airflow/dags/sanity_checks.py took 0.123 seconds
[2026-06-24T11:05:09.724+0000] {processor.py:186} INFO - Started process (PID=1385) to work on /opt/airflow/dags/sanity_checks.py
[2026-06-24T11:05:09.725+0000] {processor.py:914} INFO - Processing file /opt/airflow/dags/sanity_checks.py for tasks to queue
[2026-06-24T11:05:09.729+0000] {logging_mixin.py:190} INFO - [2026-06-24T11:05:09.729+0000] {dagbag.py:587} INFO - Filling up the DagBag from /opt/airflow/dags/sanity_checks.py
[2026-06-24T11:05:09.744+0000] {processor.py:925} INFO - DAG(s) 'airflow_sanity_check' retrieved from /opt/airflow/dags/sanity_checks.py
[2026-06-24T11:05:09.786+0000] {logging_mixin.py:190} INFO - [2026-06-24T11:05:09.786+0000] {dag.py:3211} INFO - Sync 1 DAGs
[2026-06-24T11:05:09.808+0000] {logging_mixin.py:190} INFO - [2026-06-24T11:05:09.807+0000] {dag.py:4138} INFO - Setting next_dagrun for airflow_sanity_check to None, run_after=None
[2026-06-24T11:05:09.837+0000] {processor.py:208} INFO - Processing /opt/airflow/dags/sanity_checks.py took 0.123 seconds
[2026-06-24T11:05:40.262+0000] {processor.py:186} INFO - Started process (PID=1395) to work on /opt/airflow/dags/sanity_checks.py
[2026-06-24T11:05:40.264+0000] {processor.py:914} INFO - Processing file /opt/airflow/dags/sanity_checks.py for tasks to queue
[2026-06-24T11:05:40.267+0000] {logging_mixin.py:190} INFO - [2026-06-24T11:05:40.267+0000] {dagbag.py:587} INFO - Filling up the DagBag from /opt/airflow/dags/sanity_checks.py
[2026-06-24T11:05:40.282+0000] {processor.py:925} INFO - DAG(s) 'airflow_sanity_check' retrieved from /opt/airflow/dags/sanity_checks.py
[2026-06-24T11:05:40.323+0000] {logging_mixin.py:190} INFO - [2026-06-24T11:05:40.323+0000] {dag.py:3211} INFO - Sync 1 DAGs
[2026-06-24T11:05:40.344+0000] {logging_mixin.py:190} INFO - [2026-06-24T11:05:40.343+0000] {dag.py:4138} INFO - Setting next_dagrun for airflow_sanity_check to None, run_after=None
[2026-06-24T11:05:40.373+0000] {processor.py:208} INFO - Processing /opt/airflow/dags/sanity_checks.py took 0.119 seconds
[2026-06-24T11:06:10.698+0000] {processor.py:186} INFO - Started process (PID=1405) to work on /opt/airflow/dags/sanity_checks.py
[2026-06-24T11:06:10.699+0000] {processor.py:914} INFO - Processing file /opt/airflow/dags/sanity_checks.py for tasks to queue
[2026-06-24T11:06:10.702+0000] {logging_mixin.py:190} INFO - [2026-06-24T11:06:10.702+0000] {dagbag.py:587} INFO - Filling up the DagBag from /opt/airflow/dags/sanity_checks.py
[2026-06-24T11:06:10.718+0000] {processor.py:925} INFO - DAG(s) 'airflow_sanity_check' retrieved from /opt/airflow/dags/sanity_checks.py
[2026-06-24T11:06:10.757+0000] {logging_mixin.py:190} INFO - [2026-06-24T11:06:10.757+0000] {dag.py:3211} INFO - Sync 1 DAGs
[2026-06-24T11:06:10.778+0000] {logging_mixin.py:190} INFO - [2026-06-24T11:06:10.778+0000] {dag.py:4138} INFO - Setting next_dagrun for airflow_sanity_check to None, run_after=None
[2026-06-24T11:06:10.808+0000] {processor.py:208} INFO - Processing /opt/airflow/dags/sanity_checks.py took 0.117 seconds
[2026-06-24T11:06:41.129+0000] {processor.py:186} INFO - Started process (PID=1415) to work on /opt/airflow/dags/sanity_checks.py
[2026-06-24T11:06:41.130+0000] {processor.py:914} INFO - Processing file /opt/airflow/dags/sanity_checks.py for tasks to queue
[2026-06-24T11:06:41.134+0000] {logging_mixin.py:190} INFO - [2026-06-24T11:06:41.133+0000] {dagbag.py:587} INFO - Filling up the DagBag from /opt/airflow/dags/sanity_checks.py
[2026-06-24T11:06:41.148+0000] {processor.py:925} INFO - DAG(s) 'airflow_sanity_check' retrieved from /opt/airflow/dags/sanity_checks.py
[2026-06-24T11:06:41.188+0000] {logging_mixin.py:190} INFO - [2026-06-24T11:06:41.188+0000] {dag.py:3211} INFO - Sync 1 DAGs
[2026-06-24T11:06:41.209+0000] {logging_mixin.py:190} INFO - [2026-06-24T11:06:41.208+0000] {dag.py:4138} INFO - Setting next_dagrun for airflow_sanity_check to None, run_after=None
[2026-06-24T11:06:41.237+0000] {processor.py:208} INFO - Processing /opt/airflow/dags/sanity_checks.py took 0.115 seconds
[2026-06-24T11:07:11.605+0000] {processor.py:186} INFO - Started process (PID=1425) to work on /opt/airflow/dags/sanity_checks.py
[2026-06-24T11:07:11.608+0000] {processor.py:914} INFO - Processing file /opt/airflow/dags/sanity_checks.py for tasks to queue
[2026-06-24T11:07:11.615+0000] {logging_mixin.py:190} INFO - [2026-06-24T11:07:11.613+0000] {dagbag.py:587} INFO - Filling up the DagBag from /opt/airflow/dags/sanity_checks.py
[2026-06-24T11:07:11.650+0000] {processor.py:925} INFO - DAG(s) 'airflow_sanity_check' retrieved from /opt/airflow/dags/sanity_checks.py
[2026-06-24T11:07:11.845+0000] {logging_mixin.py:190} INFO - [2026-06-24T11:07:11.845+0000] {dag.py:3211} INFO - Sync 1 DAGs
[2026-06-24T11:07:11.913+0000] {logging_mixin.py:190} INFO - [2026-06-24T11:07:11.912+0000] {dag.py:4138} INFO - Setting next_dagrun for airflow_sanity_check to None, run_after=None
[2026-06-24T11:07:12.037+0000] {processor.py:208} INFO - Processing /opt/airflow/dags/sanity_checks.py took 0.447 seconds
[2026-06-24T11:07:42.284+0000] {processor.py:186} INFO - Started process (PID=1435) to work on /opt/airflow/dags/sanity_checks.py
[2026-06-24T11:07:42.286+0000] {processor.py:914} INFO - Processing file /opt/airflow/dags/sanity_checks.py for tasks to queue
[2026-06-24T11:07:42.290+0000] {logging_mixin.py:190} INFO - [2026-06-24T11:07:42.290+0000] {dagbag.py:587} INFO - Filling up the DagBag from /opt/airflow/dags/sanity_checks.py
[2026-06-24T11:07:42.307+0000] {processor.py:925} INFO - DAG(s) 'airflow_sanity_check' retrieved from /opt/airflow/dags/sanity_checks.py
[2026-06-24T11:07:42.352+0000] {logging_mixin.py:190} INFO - [2026-06-24T11:07:42.352+0000] {dag.py:3211} INFO - Sync 1 DAGs
[2026-06-24T11:07:42.376+0000] {logging_mixin.py:190} INFO - [2026-06-24T11:07:42.375+0000] {dag.py:4138} INFO - Setting next_dagrun for airflow_sanity_check to None, run_after=None
[2026-06-24T11:07:42.405+0000] {processor.py:208} INFO - Processing /opt/airflow/dags/sanity_checks.py took 0.131 seconds
[2026-06-24T11:08:12.741+0000] {processor.py:186} INFO - Started process (PID=1445) to work on /opt/airflow/dags/sanity_checks.py
[2026-06-24T11:08:12.743+0000] {processor.py:914} INFO - Processing file /opt/airflow/dags/sanity_checks.py for tasks to queue
[2026-06-24T11:08:12.746+0000] {logging_mixin.py:190} INFO - [2026-06-24T11:08:12.746+0000] {dagbag.py:587} INFO - Filling up the DagBag from /opt/airflow/dags/sanity_checks.py
[2026-06-24T11:08:12.761+0000] {processor.py:925} INFO - DAG(s) 'airflow_sanity_check' retrieved from /opt/airflow/dags/sanity_checks.py
[2026-06-24T11:08:12.803+0000] {logging_mixin.py:190} INFO - [2026-06-24T11:08:12.803+0000] {dag.py:3211} INFO - Sync 1 DAGs
[2026-06-24T11:08:12.825+0000] {logging_mixin.py:190} INFO - [2026-06-24T11:08:12.824+0000] {dag.py:4138} INFO - Setting next_dagrun for airflow_sanity_check to None, run_after=None
[2026-06-24T11:08:12.853+0000] {processor.py:208} INFO - Processing /opt/airflow/dags/sanity_checks.py took 0.120 seconds
[2026-06-24T11:08:43.175+0000] {processor.py:186} INFO - Started process (PID=1455) to work on /opt/airflow/dags/sanity_checks.py
[2026-06-24T11:08:43.177+0000] {processor.py:914} INFO - Processing file /opt/airflow/dags/sanity_checks.py for tasks to queue
[2026-06-24T11:08:43.180+0000] {logging_mixin.py:190} INFO - [2026-06-24T11:08:43.180+0000] {dagbag.py:587} INFO - Filling up the DagBag from /opt/airflow/dags/sanity_checks.py
[2026-06-24T11:08:43.197+0000] {processor.py:925} INFO - DAG(s) 'airflow_sanity_check' retrieved from /opt/airflow/dags/sanity_checks.py
[2026-06-24T11:08:43.243+0000] {logging_mixin.py:190} INFO - [2026-06-24T11:08:43.242+0000] {dag.py:3211} INFO - Sync 1 DAGs
[2026-06-24T11:08:43.277+0000] {logging_mixin.py:190} INFO - [2026-06-24T11:08:43.277+0000] {dag.py:4138} INFO - Setting next_dagrun for airflow_sanity_check to None, run_after=None
[2026-06-24T11:08:43.313+0000] {processor.py:208} INFO - Processing /opt/airflow/dags/sanity_checks.py took 0.146 seconds
[2026-06-24T11:09:13.672+0000] {processor.py:186} INFO - Started process (PID=1465) to work on /opt/airflow/dags/sanity_checks.py
[2026-06-24T11:09:13.674+0000] {processor.py:914} INFO - Processing file /opt/airflow/dags/sanity_checks.py for tasks to queue
[2026-06-24T11:09:13.677+0000] {logging_mixin.py:190} INFO - [2026-06-24T11:09:13.677+0000] {dagbag.py:587} INFO - Filling up the DagBag from /opt/airflow/dags/sanity_checks.py
[2026-06-24T11:09:13.693+0000] {processor.py:925} INFO - DAG(s) 'airflow_sanity_check' retrieved from /opt/airflow/dags/sanity_checks.py
[2026-06-24T11:09:13.736+0000] {logging_mixin.py:190} INFO - [2026-06-24T11:09:13.736+0000] {dag.py:3211} INFO - Sync 1 DAGs
[2026-06-24T11:09:13.757+0000] {logging_mixin.py:190} INFO - [2026-06-24T11:09:13.757+0000] {dag.py:4138} INFO - Setting next_dagrun for airflow_sanity_check to None, run_after=None
[2026-06-24T11:09:13.794+0000] {processor.py:208} INFO - Processing /opt/airflow/dags/sanity_checks.py took 0.131 seconds
[2026-06-24T11:09:44.163+0000] {processor.py:186} INFO - Started process (PID=1475) to work on /opt/airflow/dags/sanity_checks.py
[2026-06-24T11:09:44.165+0000] {processor.py:914} INFO - Processing file /opt/airflow/dags/sanity_checks.py for tasks to queue
[2026-06-24T11:09:44.169+0000] {logging_mixin.py:190} INFO - [2026-06-24T11:09:44.168+0000] {dagbag.py:587} INFO - Filling up the DagBag from /opt/airflow/dags/sanity_checks.py
[2026-06-24T11:09:44.185+0000] {processor.py:925} INFO - DAG(s) 'airflow_sanity_check' retrieved from /opt/airflow/dags/sanity_checks.py
[2026-06-24T11:09:44.228+0000] {logging_mixin.py:190} INFO - [2026-06-24T11:09:44.227+0000] {dag.py:3211} INFO - Sync 1 DAGs
[2026-06-24T11:09:44.259+0000] {logging_mixin.py:190} INFO - [2026-06-24T11:09:44.258+0000] {dag.py:4138} INFO - Setting next_dagrun for airflow_sanity_check to None, run_after=None
[2026-06-24T11:09:44.296+0000] {processor.py:208} INFO - Processing /opt/airflow/dags/sanity_checks.py took 0.141 seconds
[2026-06-24T11:10:14.708+0000] {processor.py:186} INFO - Started process (PID=1485) to work on /opt/airflow/dags/sanity_checks.py
[2026-06-24T11:10:14.711+0000] {processor.py:914} INFO - Processing file /opt/airflow/dags/sanity_checks.py for tasks to queue
[2026-06-24T11:10:14.720+0000] {logging_mixin.py:190} INFO - [2026-06-24T11:10:14.719+0000] {dagbag.py:587} INFO - Filling up the DagBag from /opt/airflow/dags/sanity_checks.py
[2026-06-24T11:10:14.751+0000] {processor.py:925} INFO - DAG(s) 'airflow_sanity_check' retrieved from /opt/airflow/dags/sanity_checks.py
[2026-06-24T11:10:14.807+0000] {logging_mixin.py:190} INFO - [2026-06-24T11:10:14.806+0000] {dag.py:3211} INFO - Sync 1 DAGs
[2026-06-24T11:10:14.832+0000] {logging_mixin.py:190} INFO - [2026-06-24T11:10:14.831+0000] {dag.py:4138} INFO - Setting next_dagrun for airflow_sanity_check to None, run_after=None
[2026-06-24T11:10:14.868+0000] {processor.py:208} INFO - Processing /opt/airflow/dags/sanity_checks.py took 0.168 seconds
[2026-06-24T11:10:45.243+0000] {processor.py:186} INFO - Started process (PID=1495) to work on /opt/airflow/dags/sanity_checks.py
[2026-06-24T11:10:45.245+0000] {processor.py:914} INFO - Processing file /opt/airflow/dags/sanity_checks.py for tasks to queue
[2026-06-24T11:10:45.249+0000] {logging_mixin.py:190} INFO - [2026-06-24T11:10:45.249+0000] {dagbag.py:587} INFO - Filling up the DagBag from /opt/airflow/dags/sanity_checks.py
[2026-06-24T11:10:45.266+0000] {processor.py:925} INFO - DAG(s) 'airflow_sanity_check' retrieved from /opt/airflow/dags/sanity_checks.py
[2026-06-24T11:10:45.312+0000] {logging_mixin.py:190} INFO - [2026-06-24T11:10:45.312+0000] {dag.py:3211} INFO - Sync 1 DAGs
[2026-06-24T11:10:45.333+0000] {logging_mixin.py:190} INFO - [2026-06-24T11:10:45.333+0000] {dag.py:4138} INFO - Setting next_dagrun for airflow_sanity_check to None, run_after=None
[2026-06-24T11:10:45.362+0000] {processor.py:208} INFO - Processing /opt/airflow/dags/sanity_checks.py took 0.128 seconds
[2026-06-24T11:11:15.699+0000] {processor.py:186} INFO - Started process (PID=1505) to work on /opt/airflow/dags/sanity_checks.py
[2026-06-24T11:11:15.701+0000] {processor.py:914} INFO - Processing file /opt/airflow/dags/sanity_checks.py for tasks to queue
[2026-06-24T11:11:15.706+0000] {logging_mixin.py:190} INFO - [2026-06-24T11:11:15.705+0000] {dagbag.py:587} INFO - Filling up the DagBag from /opt/airflow/dags/sanity_checks.py
[2026-06-24T11:11:15.722+0000] {processor.py:925} INFO - DAG(s) 'airflow_sanity_check' retrieved from /opt/airflow/dags/sanity_checks.py
[2026-06-24T11:11:15.763+0000] {logging_mixin.py:190} INFO - [2026-06-24T11:11:15.763+0000] {dag.py:3211} INFO - Sync 1 DAGs
[2026-06-24T11:11:15.784+0000] {logging_mixin.py:190} INFO - [2026-06-24T11:11:15.784+0000] {dag.py:4138} INFO - Setting next_dagrun for airflow_sanity_check to None, run_after=None
[2026-06-24T11:11:15.814+0000] {processor.py:208} INFO - Processing /opt/airflow/dags/sanity_checks.py took 0.124 seconds
[2026-06-24T11:11:46.287+0000] {processor.py:186} INFO - Started process (PID=1515) to work on /opt/airflow/dags/sanity_checks.py
[2026-06-24T11:11:46.289+0000] {processor.py:914} INFO - Processing file /opt/airflow/dags/sanity_checks.py for tasks to queue
[2026-06-24T11:11:46.296+0000] {logging_mixin.py:190} INFO - [2026-06-24T11:11:46.296+0000] {dagbag.py:587} INFO - Filling up the DagBag from /opt/airflow/dags/sanity_checks.py
[2026-06-24T11:11:46.328+0000] {processor.py:925} INFO - DAG(s) 'airflow_sanity_check' retrieved from /opt/airflow/dags/sanity_checks.py
[2026-06-24T11:11:46.470+0000] {logging_mixin.py:190} INFO - [2026-06-24T11:11:46.470+0000] {dag.py:3211} INFO - Sync 1 DAGs
[2026-06-24T11:11:46.504+0000] {logging_mixin.py:190} INFO - [2026-06-24T11:11:46.504+0000] {dag.py:4138} INFO - Setting next_dagrun for airflow_sanity_check to None, run_after=None
[2026-06-24T11:11:46.626+0000] {processor.py:208} INFO - Processing /opt/airflow/dags/sanity_checks.py took 0.352 seconds
[2026-06-24T11:12:16.925+0000] {processor.py:186} INFO - Started process (PID=1525) to work on /opt/airflow/dags/sanity_checks.py
[2026-06-24T11:12:16.926+0000] {processor.py:914} INFO - Processing file /opt/airflow/dags/sanity_checks.py for tasks to queue
[2026-06-24T11:12:16.929+0000] {logging_mixin.py:190} INFO - [2026-06-24T11:12:16.929+0000] {dagbag.py:587} INFO - Filling up the DagBag from /opt/airflow/dags/sanity_checks.py
[2026-06-24T11:12:16.945+0000] {processor.py:925} INFO - DAG(s) 'airflow_sanity_check' retrieved from /opt/airflow/dags/sanity_checks.py
[2026-06-24T11:12:16.986+0000] {logging_mixin.py:190} INFO - [2026-06-24T11:12:16.986+0000] {dag.py:3211} INFO - Sync 1 DAGs
[2026-06-24T11:12:17.012+0000] {logging_mixin.py:190} INFO - [2026-06-24T11:12:17.011+0000] {dag.py:4138} INFO - Setting next_dagrun for airflow_sanity_check to None, run_after=None
[2026-06-24T11:12:17.039+0000] {processor.py:208} INFO - Processing /opt/airflow/dags/sanity_checks.py took 0.123 seconds
[2026-06-24T11:12:47.365+0000] {processor.py:186} INFO - Started process (PID=1535) to work on /opt/airflow/dags/sanity_checks.py
[2026-06-24T11:12:47.366+0000] {processor.py:914} INFO - Processing file /opt/airflow/dags/sanity_checks.py for tasks to queue
[2026-06-24T11:12:47.376+0000] {logging_mixin.py:190} INFO - [2026-06-24T11:12:47.375+0000] {dagbag.py:587} INFO - Filling up the DagBag from /opt/airflow/dags/sanity_checks.py
[2026-06-24T11:12:47.392+0000] {processor.py:925} INFO - DAG(s) 'airflow_sanity_check' retrieved from /opt/airflow/dags/sanity_checks.py
[2026-06-24T11:12:47.436+0000] {logging_mixin.py:190} INFO - [2026-06-24T11:12:47.435+0000] {dag.py:3211} INFO - Sync 1 DAGs
[2026-06-24T11:12:47.458+0000] {logging_mixin.py:190} INFO - [2026-06-24T11:12:47.458+0000] {dag.py:4138} INFO - Setting next_dagrun for airflow_sanity_check to None, run_after=None
[2026-06-24T11:12:47.489+0000] {processor.py:208} INFO - Processing /opt/airflow/dags/sanity_checks.py took 0.134 seconds
[2026-06-24T11:13:17.942+0000] {processor.py:186} INFO - Started process (PID=1545) to work on /opt/airflow/dags/sanity_checks.py
[2026-06-24T11:13:17.945+0000] {processor.py:914} INFO - Processing file /opt/airflow/dags/sanity_checks.py for tasks to queue
[2026-06-24T11:13:17.948+0000] {logging_mixin.py:190} INFO - [2026-06-24T11:13:17.948+0000] {dagbag.py:587} INFO - Filling up the DagBag from /opt/airflow/dags/sanity_checks.py
[2026-06-24T11:13:17.967+0000] {processor.py:925} INFO - DAG(s) 'airflow_sanity_check' retrieved from /opt/airflow/dags/sanity_checks.py
[2026-06-24T11:13:18.018+0000] {logging_mixin.py:190} INFO - [2026-06-24T11:13:18.017+0000] {dag.py:3211} INFO - Sync 1 DAGs
[2026-06-24T11:13:18.042+0000] {logging_mixin.py:190} INFO - [2026-06-24T11:13:18.042+0000] {dag.py:4138} INFO - Setting next_dagrun for airflow_sanity_check to None, run_after=None
[2026-06-24T11:13:18.084+0000] {processor.py:208} INFO - Processing /opt/airflow/dags/sanity_checks.py took 0.152 seconds
[2026-06-24T11:13:48.453+0000] {processor.py:186} INFO - Started process (PID=1555) to work on /opt/airflow/dags/sanity_checks.py
[2026-06-24T11:13:48.454+0000] {processor.py:914} INFO - Processing file /opt/airflow/dags/sanity_checks.py for tasks to queue
[2026-06-24T11:13:48.458+0000] {logging_mixin.py:190} INFO - [2026-06-24T11:13:48.457+0000] {dagbag.py:587} INFO - Filling up the DagBag from /opt/airflow/dags/sanity_checks.py
[2026-06-24T11:13:48.472+0000] {processor.py:925} INFO - DAG(s) 'airflow_sanity_check' retrieved from /opt/airflow/dags/sanity_checks.py
[2026-06-24T11:13:48.512+0000] {logging_mixin.py:190} INFO - [2026-06-24T11:13:48.511+0000] {dag.py:3211} INFO - Sync 1 DAGs
[2026-06-24T11:13:48.531+0000] {logging_mixin.py:190} INFO - [2026-06-24T11:13:48.531+0000] {dag.py:4138} INFO - Setting next_dagrun for airflow_sanity_check to None, run_after=None
[2026-06-24T11:13:48.561+0000] {processor.py:208} INFO - Processing /opt/airflow/dags/sanity_checks.py took 0.116 seconds
[2026-06-24T11:14:18.845+0000] {processor.py:186} INFO - Started process (PID=1565) to work on /opt/airflow/dags/sanity_checks.py
[2026-06-24T11:14:18.847+0000] {processor.py:914} INFO - Processing file /opt/airflow/dags/sanity_checks.py for tasks to queue
[2026-06-24T11:14:18.851+0000] {logging_mixin.py:190} INFO - [2026-06-24T11:14:18.851+0000] {dagbag.py:587} INFO - Filling up the DagBag from /opt/airflow/dags/sanity_checks.py
[2026-06-24T11:14:18.866+0000] {processor.py:925} INFO - DAG(s) 'airflow_sanity_check' retrieved from /opt/airflow/dags/sanity_checks.py
[2026-06-24T11:14:18.907+0000] {logging_mixin.py:190} INFO - [2026-06-24T11:14:18.907+0000] {dag.py:3211} INFO - Sync 1 DAGs
[2026-06-24T11:14:18.929+0000] {logging_mixin.py:190} INFO - [2026-06-24T11:14:18.929+0000] {dag.py:4138} INFO - Setting next_dagrun for airflow_sanity_check to None, run_after=None
[2026-06-24T11:14:18.957+0000] {processor.py:208} INFO - Processing /opt/airflow/dags/sanity_checks.py took 0.120 seconds
[2026-06-24T11:14:49.290+0000] {processor.py:186} INFO - Started process (PID=1575) to work on /opt/airflow/dags/sanity_checks.py
[2026-06-24T11:14:49.291+0000] {processor.py:914} INFO - Processing file /opt/airflow/dags/sanity_checks.py for tasks to queue
[2026-06-24T11:14:49.294+0000] {logging_mixin.py:190} INFO - [2026-06-24T11:14:49.294+0000] {dagbag.py:587} INFO - Filling up the DagBag from /opt/airflow/dags/sanity_checks.py
[2026-06-24T11:14:49.309+0000] {processor.py:925} INFO - DAG(s) 'airflow_sanity_check' retrieved from /opt/airflow/dags/sanity_checks.py
[2026-06-24T11:14:49.349+0000] {logging_mixin.py:190} INFO - [2026-06-24T11:14:49.349+0000] {dag.py:3211} INFO - Sync 1 DAGs
[2026-06-24T11:14:49.370+0000] {logging_mixin.py:190} INFO - [2026-06-24T11:14:49.370+0000] {dag.py:4138} INFO - Setting next_dagrun for airflow_sanity_check to None, run_after=None
[2026-06-24T11:14:49.397+0000] {processor.py:208} INFO - Processing /opt/airflow/dags/sanity_checks.py took 0.115 seconds
[2026-06-24T11:15:19.864+0000] {processor.py:186} INFO - Started process (PID=1585) to work on /opt/airflow/dags/sanity_checks.py
[2026-06-24T11:15:19.865+0000] {processor.py:914} INFO - Processing file /opt/airflow/dags/sanity_checks.py for tasks to queue
[2026-06-24T11:15:19.869+0000] {logging_mixin.py:190} INFO - [2026-06-24T11:15:19.868+0000] {dagbag.py:587} INFO - Filling up the DagBag from /opt/airflow/dags/sanity_checks.py
[2026-06-24T11:15:19.886+0000] {processor.py:925} INFO - DAG(s) 'airflow_sanity_check' retrieved from /opt/airflow/dags/sanity_checks.py
[2026-06-24T11:15:19.937+0000] {logging_mixin.py:190} INFO - [2026-06-24T11:15:19.936+0000] {dag.py:3211} INFO - Sync 1 DAGs
[2026-06-24T11:15:19.959+0000] {logging_mixin.py:190} INFO - [2026-06-24T11:15:19.959+0000] {dag.py:4138} INFO - Setting next_dagrun for airflow_sanity_check to None, run_after=None
[2026-06-24T11:15:19.989+0000] {processor.py:208} INFO - Processing /opt/airflow/dags/sanity_checks.py took 0.136 seconds
[2026-06-24T11:15:50.324+0000] {processor.py:186} INFO - Started process (PID=1595) to work on /opt/airflow/dags/sanity_checks.py
[2026-06-24T11:15:50.326+0000] {processor.py:914} INFO - Processing file /opt/airflow/dags/sanity_checks.py for tasks to queue
[2026-06-24T11:15:50.329+0000] {logging_mixin.py:190} INFO - [2026-06-24T11:15:50.329+0000] {dagbag.py:587} INFO - Filling up the DagBag from /opt/airflow/dags/sanity_checks.py
[2026-06-24T11:15:50.348+0000] {processor.py:925} INFO - DAG(s) 'airflow_sanity_check' retrieved from /opt/airflow/dags/sanity_checks.py
[2026-06-24T11:15:50.394+0000] {logging_mixin.py:190} INFO - [2026-06-24T11:15:50.394+0000] {dag.py:3211} INFO - Sync 1 DAGs
[2026-06-24T11:15:50.419+0000] {logging_mixin.py:190} INFO - [2026-06-24T11:15:50.418+0000] {dag.py:4138} INFO - Setting next_dagrun for airflow_sanity_check to None, run_after=None
[2026-06-24T11:15:50.448+0000] {processor.py:208} INFO - Processing /opt/airflow/dags/sanity_checks.py took 0.135 seconds
[2026-06-24T11:16:20.874+0000] {processor.py:186} INFO - Started process (PID=1605) to work on /opt/airflow/dags/sanity_checks.py
[2026-06-24T11:16:20.876+0000] {processor.py:914} INFO - Processing file /opt/airflow/dags/sanity_checks.py for tasks to queue
[2026-06-24T11:16:20.883+0000] {logging_mixin.py:190} INFO - [2026-06-24T11:16:20.882+0000] {dagbag.py:587} INFO - Filling up the DagBag from /opt/airflow/dags/sanity_checks.py
[2026-06-24T11:16:20.913+0000] {processor.py:925} INFO - DAG(s) 'airflow_sanity_check' retrieved from /opt/airflow/dags/sanity_checks.py
[2026-06-24T11:16:20.964+0000] {logging_mixin.py:190} INFO - [2026-06-24T11:16:20.964+0000] {dag.py:3211} INFO - Sync 1 DAGs
[2026-06-24T11:16:20.992+0000] {logging_mixin.py:190} INFO - [2026-06-24T11:16:20.991+0000] {dag.py:4138} INFO - Setting next_dagrun for airflow_sanity_check to None, run_after=None
[2026-06-24T11:16:21.025+0000] {processor.py:208} INFO - Processing /opt/airflow/dags/sanity_checks.py took 0.166 seconds
[2026-06-24T11:16:51.380+0000] {processor.py:186} INFO - Started process (PID=1615) to work on /opt/airflow/dags/sanity_checks.py
[2026-06-24T11:16:51.381+0000] {processor.py:914} INFO - Processing file /opt/airflow/dags/sanity_checks.py for tasks to queue
[2026-06-24T11:16:51.387+0000] {logging_mixin.py:190} INFO - [2026-06-24T11:16:51.386+0000] {dagbag.py:587} INFO - Filling up the DagBag from /opt/airflow/dags/sanity_checks.py
[2026-06-24T11:16:51.404+0000] {processor.py:925} INFO - DAG(s) 'airflow_sanity_check' retrieved from /opt/airflow/dags/sanity_checks.py
[2026-06-24T11:16:51.456+0000] {logging_mixin.py:190} INFO - [2026-06-24T11:16:51.456+0000] {dag.py:3211} INFO - Sync 1 DAGs
[2026-06-24T11:16:51.481+0000] {logging_mixin.py:190} INFO - [2026-06-24T11:16:51.480+0000] {dag.py:4138} INFO - Setting next_dagrun for airflow_sanity_check to None, run_after=None
[2026-06-24T11:16:51.508+0000] {processor.py:208} INFO - Processing /opt/airflow/dags/sanity_checks.py took 0.137 seconds
[2026-06-24T11:17:22.054+0000] {processor.py:186} INFO - Started process (PID=1625) to work on /opt/airflow/dags/sanity_checks.py
[2026-06-24T11:17:22.055+0000] {processor.py:914} INFO - Processing file /opt/airflow/dags/sanity_checks.py for tasks to queue
[2026-06-24T11:17:22.059+0000] {logging_mixin.py:190} INFO - [2026-06-24T11:17:22.059+0000] {dagbag.py:587} INFO - Filling up the DagBag from /opt/airflow/dags/sanity_checks.py
[2026-06-24T11:17:22.075+0000] {processor.py:925} INFO - DAG(s) 'airflow_sanity_check' retrieved from /opt/airflow/dags/sanity_checks.py
[2026-06-24T11:17:22.116+0000] {logging_mixin.py:190} INFO - [2026-06-24T11:17:22.115+0000] {dag.py:3211} INFO - Sync 1 DAGs
[2026-06-24T11:17:22.141+0000] {logging_mixin.py:190} INFO - [2026-06-24T11:17:22.140+0000] {dag.py:4138} INFO - Setting next_dagrun for airflow_sanity_check to None, run_after=None
[2026-06-24T11:17:22.171+0000] {processor.py:208} INFO - Processing /opt/airflow/dags/sanity_checks.py took 0.127 seconds
[2026-06-24T11:17:52.619+0000] {processor.py:186} INFO - Started process (PID=1635) to work on /opt/airflow/dags/sanity_checks.py
[2026-06-24T11:17:52.620+0000] {processor.py:914} INFO - Processing file /opt/airflow/dags/sanity_checks.py for tasks to queue
[2026-06-24T11:17:52.625+0000] {logging_mixin.py:190} INFO - [2026-06-24T11:17:52.625+0000] {dagbag.py:587} INFO - Filling up the DagBag from /opt/airflow/dags/sanity_checks.py
[2026-06-24T11:17:52.648+0000] {processor.py:925} INFO - DAG(s) 'airflow_sanity_check' retrieved from /opt/airflow/dags/sanity_checks.py
[2026-06-24T11:17:52.691+0000] {logging_mixin.py:190} INFO - [2026-06-24T11:17:52.691+0000] {dag.py:3211} INFO - Sync 1 DAGs
[2026-06-24T11:17:52.713+0000] {logging_mixin.py:190} INFO - [2026-06-24T11:17:52.712+0000] {dag.py:4138} INFO - Setting next_dagrun for airflow_sanity_check to None, run_after=None
[2026-06-24T11:17:52.741+0000] {processor.py:208} INFO - Processing /opt/airflow/dags/sanity_checks.py took 0.130 seconds
[2026-06-24T11:18:23.054+0000] {processor.py:186} INFO - Started process (PID=1645) to work on /opt/airflow/dags/sanity_checks.py
[2026-06-24T11:18:23.056+0000] {processor.py:914} INFO - Processing file /opt/airflow/dags/sanity_checks.py for tasks to queue
[2026-06-24T11:18:23.060+0000] {logging_mixin.py:190} INFO - [2026-06-24T11:18:23.060+0000] {dagbag.py:587} INFO - Filling up the DagBag from /opt/airflow/dags/sanity_checks.py
[2026-06-24T11:18:23.075+0000] {processor.py:925} INFO - DAG(s) 'airflow_sanity_check' retrieved from /opt/airflow/dags/sanity_checks.py
[2026-06-24T11:18:23.118+0000] {logging_mixin.py:190} INFO - [2026-06-24T11:18:23.118+0000] {dag.py:3211} INFO - Sync 1 DAGs
[2026-06-24T11:18:23.140+0000] {logging_mixin.py:190} INFO - [2026-06-24T11:18:23.140+0000] {dag.py:4138} INFO - Setting next_dagrun for airflow_sanity_check to None, run_after=None
[2026-06-24T11:18:23.167+0000] {processor.py:208} INFO - Processing /opt/airflow/dags/sanity_checks.py took 0.121 seconds
[2026-06-24T11:18:53.544+0000] {processor.py:186} INFO - Started process (PID=1655) to work on /opt/airflow/dags/sanity_checks.py
[2026-06-24T11:18:53.547+0000] {processor.py:914} INFO - Processing file /opt/airflow/dags/sanity_checks.py for tasks to queue
[2026-06-24T11:18:53.551+0000] {logging_mixin.py:190} INFO - [2026-06-24T11:18:53.551+0000] {dagbag.py:587} INFO - Filling up the DagBag from /opt/airflow/dags/sanity_checks.py
[2026-06-24T11:18:53.568+0000] {processor.py:925} INFO - DAG(s) 'airflow_sanity_check' retrieved from /opt/airflow/dags/sanity_checks.py
[2026-06-24T11:18:53.611+0000] {logging_mixin.py:190} INFO - [2026-06-24T11:18:53.610+0000] {dag.py:3211} INFO - Sync 1 DAGs
[2026-06-24T11:18:53.632+0000] {logging_mixin.py:190} INFO - [2026-06-24T11:18:53.632+0000] {dag.py:4138} INFO - Setting next_dagrun for airflow_sanity_check to None, run_after=None
[2026-06-24T11:18:53.662+0000] {processor.py:208} INFO - Processing /opt/airflow/dags/sanity_checks.py took 0.127 seconds
[2026-06-24T11:19:23.998+0000] {processor.py:186} INFO - Started process (PID=1665) to work on /opt/airflow/dags/sanity_checks.py
[2026-06-24T11:19:24.001+0000] {processor.py:914} INFO - Processing file /opt/airflow/dags/sanity_checks.py for tasks to queue
[2026-06-24T11:19:24.008+0000] {logging_mixin.py:190} INFO - [2026-06-24T11:19:24.007+0000] {dagbag.py:587} INFO - Filling up the DagBag from /opt/airflow/dags/sanity_checks.py
[2026-06-24T11:19:24.029+0000] {processor.py:925} INFO - DAG(s) 'airflow_sanity_check' retrieved from /opt/airflow/dags/sanity_checks.py
[2026-06-24T11:19:24.079+0000] {logging_mixin.py:190} INFO - [2026-06-24T11:19:24.079+0000] {dag.py:3211} INFO - Sync 1 DAGs
[2026-06-24T11:19:24.104+0000] {logging_mixin.py:190} INFO - [2026-06-24T11:19:24.104+0000] {dag.py:4138} INFO - Setting next_dagrun for airflow_sanity_check to None, run_after=None
[2026-06-24T11:19:24.135+0000] {processor.py:208} INFO - Processing /opt/airflow/dags/sanity_checks.py took 0.148 seconds
[2026-06-24T11:19:54.469+0000] {processor.py:186} INFO - Started process (PID=1675) to work on /opt/airflow/dags/sanity_checks.py
[2026-06-24T11:19:54.470+0000] {processor.py:914} INFO - Processing file /opt/airflow/dags/sanity_checks.py for tasks to queue
[2026-06-24T11:19:54.474+0000] {logging_mixin.py:190} INFO - [2026-06-24T11:19:54.473+0000] {dagbag.py:587} INFO - Filling up the DagBag from /opt/airflow/dags/sanity_checks.py
[2026-06-24T11:19:54.495+0000] {processor.py:925} INFO - DAG(s) 'airflow_sanity_check' retrieved from /opt/airflow/dags/sanity_checks.py
[2026-06-24T11:19:54.548+0000] {logging_mixin.py:190} INFO - [2026-06-24T11:19:54.547+0000] {dag.py:3211} INFO - Sync 1 DAGs
[2026-06-24T11:19:54.576+0000] {logging_mixin.py:190} INFO - [2026-06-24T11:19:54.576+0000] {dag.py:4138} INFO - Setting next_dagrun for airflow_sanity_check to None, run_after=None
[2026-06-24T11:19:54.640+0000] {processor.py:208} INFO - Processing /opt/airflow/dags/sanity_checks.py took 0.182 seconds
[2026-06-24T11:20:24.975+0000] {processor.py:186} INFO - Started process (PID=1685) to work on /opt/airflow/dags/sanity_checks.py
[2026-06-24T11:20:24.977+0000] {processor.py:914} INFO - Processing file /opt/airflow/dags/sanity_checks.py for tasks to queue
[2026-06-24T11:20:24.981+0000] {logging_mixin.py:190} INFO - [2026-06-24T11:20:24.981+0000] {dagbag.py:587} INFO - Filling up the DagBag from /opt/airflow/dags/sanity_checks.py
[2026-06-24T11:20:24.998+0000] {processor.py:925} INFO - DAG(s) 'airflow_sanity_check' retrieved from /opt/airflow/dags/sanity_checks.py
[2026-06-24T11:20:25.042+0000] {logging_mixin.py:190} INFO - [2026-06-24T11:20:25.042+0000] {dag.py:3211} INFO - Sync 1 DAGs
[2026-06-24T11:20:25.065+0000] {logging_mixin.py:190} INFO - [2026-06-24T11:20:25.065+0000] {dag.py:4138} INFO - Setting next_dagrun for airflow_sanity_check to None, run_after=None
[2026-06-24T11:20:25.097+0000] {processor.py:208} INFO - Processing /opt/airflow/dags/sanity_checks.py took 0.130 seconds
[2026-06-24T11:20:55.416+0000] {processor.py:186} INFO - Started process (PID=1695) to work on /opt/airflow/dags/sanity_checks.py
[2026-06-24T11:20:55.417+0000] {processor.py:914} INFO - Processing file /opt/airflow/dags/sanity_checks.py for tasks to queue
[2026-06-24T11:20:55.422+0000] {logging_mixin.py:190} INFO - [2026-06-24T11:20:55.421+0000] {dagbag.py:587} INFO - Filling up the DagBag from /opt/airflow/dags/sanity_checks.py
[2026-06-24T11:20:55.438+0000] {processor.py:925} INFO - DAG(s) 'airflow_sanity_check' retrieved from /opt/airflow/dags/sanity_checks.py
[2026-06-24T11:20:55.483+0000] {logging_mixin.py:190} INFO - [2026-06-24T11:20:55.482+0000] {dag.py:3211} INFO - Sync 1 DAGs
[2026-06-24T11:20:55.506+0000] {logging_mixin.py:190} INFO - [2026-06-24T11:20:55.506+0000] {dag.py:4138} INFO - Setting next_dagrun for airflow_sanity_check to None, run_after=None
[2026-06-24T11:20:55.536+0000] {processor.py:208} INFO - Processing /opt/airflow/dags/sanity_checks.py took 0.129 seconds
[2026-06-24T11:21:25.874+0000] {processor.py:186} INFO - Started process (PID=1705) to work on /opt/airflow/dags/sanity_checks.py
[2026-06-24T11:21:25.876+0000] {processor.py:914} INFO - Processing file /opt/airflow/dags/sanity_checks.py for tasks to queue
[2026-06-24T11:21:25.880+0000] {logging_mixin.py:190} INFO - [2026-06-24T11:21:25.880+0000] {dagbag.py:587} INFO - Filling up the DagBag from /opt/airflow/dags/sanity_checks.py
[2026-06-24T11:21:25.896+0000] {processor.py:925} INFO - DAG(s) 'airflow_sanity_check' retrieved from /opt/airflow/dags/sanity_checks.py
[2026-06-24T11:21:25.935+0000] {logging_mixin.py:190} INFO - [2026-06-24T11:21:25.935+0000] {dag.py:3211} INFO - Sync 1 DAGs
[2026-06-24T11:21:25.955+0000] {logging_mixin.py:190} INFO - [2026-06-24T11:21:25.955+0000] {dag.py:4138} INFO - Setting next_dagrun for airflow_sanity_check to None, run_after=None
[2026-06-24T11:21:25.983+0000] {processor.py:208} INFO - Processing /opt/airflow/dags/sanity_checks.py took 0.117 seconds
[2026-06-24T11:21:56.298+0000] {processor.py:186} INFO - Started process (PID=1715) to work on /opt/airflow/dags/sanity_checks.py
[2026-06-24T11:21:56.299+0000] {processor.py:914} INFO - Processing file /opt/airflow/dags/sanity_checks.py for tasks to queue
[2026-06-24T11:21:56.302+0000] {logging_mixin.py:190} INFO - [2026-06-24T11:21:56.302+0000] {dagbag.py:587} INFO - Filling up the DagBag from /opt/airflow/dags/sanity_checks.py
[2026-06-24T11:21:56.317+0000] {processor.py:925} INFO - DAG(s) 'airflow_sanity_check' retrieved from /opt/airflow/dags/sanity_checks.py
[2026-06-24T11:21:56.356+0000] {logging_mixin.py:190} INFO - [2026-06-24T11:21:56.356+0000] {dag.py:3211} INFO - Sync 1 DAGs
[2026-06-24T11:21:56.377+0000] {logging_mixin.py:190} INFO - [2026-06-24T11:21:56.376+0000] {dag.py:4138} INFO - Setting next_dagrun for airflow_sanity_check to None, run_after=None
[2026-06-24T11:21:56.404+0000] {processor.py:208} INFO - Processing /opt/airflow/dags/sanity_checks.py took 0.114 seconds
[2026-06-24T11:22:26.749+0000] {processor.py:186} INFO - Started process (PID=1725) to work on /opt/airflow/dags/sanity_checks.py
[2026-06-24T11:22:26.750+0000] {processor.py:914} INFO - Processing file /opt/airflow/dags/sanity_checks.py for tasks to queue
[2026-06-24T11:22:26.753+0000] {logging_mixin.py:190} INFO - [2026-06-24T11:22:26.753+0000] {dagbag.py:587} INFO - Filling up the DagBag from /opt/airflow/dags/sanity_checks.py
[2026-06-24T11:22:26.769+0000] {processor.py:925} INFO - DAG(s) 'airflow_sanity_check' retrieved from /opt/airflow/dags/sanity_checks.py
[2026-06-24T11:22:26.812+0000] {logging_mixin.py:190} INFO - [2026-06-24T11:22:26.811+0000] {dag.py:3211} INFO - Sync 1 DAGs
[2026-06-24T11:22:26.834+0000] {logging_mixin.py:190} INFO - [2026-06-24T11:22:26.834+0000] {dag.py:4138} INFO - Setting next_dagrun for airflow_sanity_check to None, run_after=None
[2026-06-24T11:22:26.867+0000] {processor.py:208} INFO - Processing /opt/airflow/dags/sanity_checks.py took 0.126 seconds
[2026-06-24T11:22:57.174+0000] {processor.py:186} INFO - Started process (PID=1735) to work on /opt/airflow/dags/sanity_checks.py
[2026-06-24T11:22:57.176+0000] {processor.py:914} INFO - Processing file /opt/airflow/dags/sanity_checks.py for tasks to queue
[2026-06-24T11:22:57.179+0000] {logging_mixin.py:190} INFO - [2026-06-24T11:22:57.179+0000] {dagbag.py:587} INFO - Filling up the DagBag from /opt/airflow/dags/sanity_checks.py
[2026-06-24T11:22:57.194+0000] {processor.py:925} INFO - DAG(s) 'airflow_sanity_check' retrieved from /opt/airflow/dags/sanity_checks.py
[2026-06-24T11:22:57.236+0000] {logging_mixin.py:190} INFO - [2026-06-24T11:22:57.235+0000] {dag.py:3211} INFO - Sync 1 DAGs
[2026-06-24T11:22:57.256+0000] {logging_mixin.py:190} INFO - [2026-06-24T11:22:57.256+0000] {dag.py:4138} INFO - Setting next_dagrun for airflow_sanity_check to None, run_after=None
[2026-06-24T11:22:57.284+0000] {processor.py:208} INFO - Processing /opt/airflow/dags/sanity_checks.py took 0.119 seconds
[2026-06-24T11:23:27.606+0000] {processor.py:186} INFO - Started process (PID=1745) to work on /opt/airflow/dags/sanity_checks.py
[2026-06-24T11:23:27.608+0000] {processor.py:914} INFO - Processing file /opt/airflow/dags/sanity_checks.py for tasks to queue
[2026-06-24T11:23:27.612+0000] {logging_mixin.py:190} INFO - [2026-06-24T11:23:27.611+0000] {dagbag.py:587} INFO - Filling up the DagBag from /opt/airflow/dags/sanity_checks.py
[2026-06-24T11:23:27.628+0000] {processor.py:925} INFO - DAG(s) 'airflow_sanity_check' retrieved from /opt/airflow/dags/sanity_checks.py
[2026-06-24T11:23:27.670+0000] {logging_mixin.py:190} INFO - [2026-06-24T11:23:27.670+0000] {dag.py:3211} INFO - Sync 1 DAGs
[2026-06-24T11:23:27.691+0000] {logging_mixin.py:190} INFO - [2026-06-24T11:23:27.691+0000] {dag.py:4138} INFO - Setting next_dagrun for airflow_sanity_check to None, run_after=None
[2026-06-24T11:23:27.718+0000] {processor.py:208} INFO - Processing /opt/airflow/dags/sanity_checks.py took 0.120 seconds
[2026-06-24T11:23:58.062+0000] {processor.py:186} INFO - Started process (PID=1755) to work on /opt/airflow/dags/sanity_checks.py
[2026-06-24T11:23:58.064+0000] {processor.py:914} INFO - Processing file /opt/airflow/dags/sanity_checks.py for tasks to queue
[2026-06-24T11:23:58.071+0000] {logging_mixin.py:190} INFO - [2026-06-24T11:23:58.071+0000] {dagbag.py:587} INFO - Filling up the DagBag from /opt/airflow/dags/sanity_checks.py
[2026-06-24T11:23:58.149+0000] {processor.py:925} INFO - DAG(s) 'airflow_sanity_check' retrieved from /opt/airflow/dags/sanity_checks.py
[2026-06-24T11:23:58.217+0000] {logging_mixin.py:190} INFO - [2026-06-24T11:23:58.216+0000] {dag.py:3211} INFO - Sync 1 DAGs
[2026-06-24T11:23:58.239+0000] {logging_mixin.py:190} INFO - [2026-06-24T11:23:58.239+0000] {dag.py:4138} INFO - Setting next_dagrun for airflow_sanity_check to None, run_after=None
[2026-06-24T11:23:58.267+0000] {processor.py:208} INFO - Processing /opt/airflow/dags/sanity_checks.py took 0.219 seconds
[2026-06-24T11:24:28.440+0000] {processor.py:186} INFO - Started process (PID=1765) to work on /opt/airflow/dags/sanity_checks.py
[2026-06-24T11:24:28.441+0000] {processor.py:914} INFO - Processing file /opt/airflow/dags/sanity_checks.py for tasks to queue
[2026-06-24T11:24:28.446+0000] {logging_mixin.py:190} INFO - [2026-06-24T11:24:28.445+0000] {dagbag.py:587} INFO - Filling up the DagBag from /opt/airflow/dags/sanity_checks.py
[2026-06-24T11:24:28.460+0000] {processor.py:925} INFO - DAG(s) 'airflow_sanity_check' retrieved from /opt/airflow/dags/sanity_checks.py
[2026-06-24T11:24:28.501+0000] {logging_mixin.py:190} INFO - [2026-06-24T11:24:28.501+0000] {dag.py:3211} INFO - Sync 1 DAGs
[2026-06-24T11:24:28.523+0000] {logging_mixin.py:190} INFO - [2026-06-24T11:24:28.523+0000] {dag.py:4138} INFO - Setting next_dagrun for airflow_sanity_check to None, run_after=None
[2026-06-24T11:24:28.550+0000] {processor.py:208} INFO - Processing /opt/airflow/dags/sanity_checks.py took 0.117 seconds
[2026-06-24T11:24:58.885+0000] {processor.py:186} INFO - Started process (PID=1775) to work on /opt/airflow/dags/sanity_checks.py
[2026-06-24T11:24:58.886+0000] {processor.py:914} INFO - Processing file /opt/airflow/dags/sanity_checks.py for tasks to queue
[2026-06-24T11:24:58.889+0000] {logging_mixin.py:190} INFO - [2026-06-24T11:24:58.889+0000] {dagbag.py:587} INFO - Filling up the DagBag from /opt/airflow/dags/sanity_checks.py
[2026-06-24T11:24:58.905+0000] {processor.py:925} INFO - DAG(s) 'airflow_sanity_check' retrieved from /opt/airflow/dags/sanity_checks.py
[2026-06-24T11:24:58.945+0000] {logging_mixin.py:190} INFO - [2026-06-24T11:24:58.945+0000] {dag.py:3211} INFO - Sync 1 DAGs
[2026-06-24T11:24:58.967+0000] {logging_mixin.py:190} INFO - [2026-06-24T11:24:58.967+0000] {dag.py:4138} INFO - Setting next_dagrun for airflow_sanity_check to None, run_after=None
[2026-06-24T11:24:58.991+0000] {processor.py:208} INFO - Processing /opt/airflow/dags/sanity_checks.py took 0.115 seconds
[2026-06-24T11:25:29.286+0000] {processor.py:186} INFO - Started process (PID=1785) to work on /opt/airflow/dags/sanity_checks.py
[2026-06-24T11:25:29.288+0000] {processor.py:914} INFO - Processing file /opt/airflow/dags/sanity_checks.py for tasks to queue
[2026-06-24T11:25:29.291+0000] {logging_mixin.py:190} INFO - [2026-06-24T11:25:29.291+0000] {dagbag.py:587} INFO - Filling up the DagBag from /opt/airflow/dags/sanity_checks.py
[2026-06-24T11:25:29.307+0000] {processor.py:925} INFO - DAG(s) 'airflow_sanity_check' retrieved from /opt/airflow/dags/sanity_checks.py
[2026-06-24T11:25:29.347+0000] {logging_mixin.py:190} INFO - [2026-06-24T11:25:29.347+0000] {dag.py:3211} INFO - Sync 1 DAGs
[2026-06-24T11:25:29.367+0000] {logging_mixin.py:190} INFO - [2026-06-24T11:25:29.367+0000] {dag.py:4138} INFO - Setting next_dagrun for airflow_sanity_check to None, run_after=None
[2026-06-24T11:25:29.395+0000] {processor.py:208} INFO - Processing /opt/airflow/dags/sanity_checks.py took 0.117 seconds
[2026-06-24T11:25:59.715+0000] {processor.py:186} INFO - Started process (PID=1795) to work on /opt/airflow/dags/sanity_checks.py
[2026-06-24T11:25:59.716+0000] {processor.py:914} INFO - Processing file /opt/airflow/dags/sanity_checks.py for tasks to queue
[2026-06-24T11:25:59.720+0000] {logging_mixin.py:190} INFO - [2026-06-24T11:25:59.719+0000] {dagbag.py:587} INFO - Filling up the DagBag from /opt/airflow/dags/sanity_checks.py
[2026-06-24T11:25:59.736+0000] {processor.py:925} INFO - DAG(s) 'airflow_sanity_check' retrieved from /opt/airflow/dags/sanity_checks.py
[2026-06-24T11:25:59.778+0000] {logging_mixin.py:190} INFO - [2026-06-24T11:25:59.778+0000] {dag.py:3211} INFO - Sync 1 DAGs
[2026-06-24T11:25:59.798+0000] {logging_mixin.py:190} INFO - [2026-06-24T11:25:59.798+0000] {dag.py:4138} INFO - Setting next_dagrun for airflow_sanity_check to None, run_after=None
[2026-06-24T11:25:59.824+0000] {processor.py:208} INFO - Processing /opt/airflow/dags/sanity_checks.py took 0.118 seconds
[2026-06-24T11:26:30.150+0000] {processor.py:186} INFO - Started process (PID=1805) to work on /opt/airflow/dags/sanity_checks.py
[2026-06-24T11:26:30.152+0000] {processor.py:914} INFO - Processing file /opt/airflow/dags/sanity_checks.py for tasks to queue
[2026-06-24T11:26:30.155+0000] {logging_mixin.py:190} INFO - [2026-06-24T11:26:30.155+0000] {dagbag.py:587} INFO - Filling up the DagBag from /opt/airflow/dags/sanity_checks.py
[2026-06-24T11:26:30.171+0000] {processor.py:925} INFO - DAG(s) 'airflow_sanity_check' retrieved from /opt/airflow/dags/sanity_checks.py
[2026-06-24T11:26:30.215+0000] {logging_mixin.py:190} INFO - [2026-06-24T11:26:30.215+0000] {dag.py:3211} INFO - Sync 1 DAGs
[2026-06-24T11:26:30.237+0000] {logging_mixin.py:190} INFO - [2026-06-24T11:26:30.236+0000] {dag.py:4138} INFO - Setting next_dagrun for airflow_sanity_check to None, run_after=None
[2026-06-24T11:26:30.262+0000] {processor.py:208} INFO - Processing /opt/airflow/dags/sanity_checks.py took 0.120 seconds
[2026-06-24T11:27:00.579+0000] {processor.py:186} INFO - Started process (PID=1815) to work on /opt/airflow/dags/sanity_checks.py
[2026-06-24T11:27:00.581+0000] {processor.py:914} INFO - Processing file /opt/airflow/dags/sanity_checks.py for tasks to queue
[2026-06-24T11:27:00.585+0000] {logging_mixin.py:190} INFO - [2026-06-24T11:27:00.584+0000] {dagbag.py:587} INFO - Filling up the DagBag from /opt/airflow/dags/sanity_checks.py
[2026-06-24T11:27:00.599+0000] {processor.py:925} INFO - DAG(s) 'airflow_sanity_check' retrieved from /opt/airflow/dags/sanity_checks.py
[2026-06-24T11:27:00.641+0000] {logging_mixin.py:190} INFO - [2026-06-24T11:27:00.641+0000] {dag.py:3211} INFO - Sync 1 DAGs
[2026-06-24T11:27:00.662+0000] {logging_mixin.py:190} INFO - [2026-06-24T11:27:00.662+0000] {dag.py:4138} INFO - Setting next_dagrun for airflow_sanity_check to None, run_after=None
[2026-06-24T11:27:00.688+0000] {processor.py:208} INFO - Processing /opt/airflow/dags/sanity_checks.py took 0.118 seconds
[2026-06-24T11:27:31.006+0000] {processor.py:186} INFO - Started process (PID=1825) to work on /opt/airflow/dags/sanity_checks.py
[2026-06-24T11:27:31.008+0000] {processor.py:914} INFO - Processing file /opt/airflow/dags/sanity_checks.py for tasks to queue
[2026-06-24T11:27:31.013+0000] {logging_mixin.py:190} INFO - [2026-06-24T11:27:31.012+0000] {dagbag.py:587} INFO - Filling up the DagBag from /opt/airflow/dags/sanity_checks.py
[2026-06-24T11:27:31.029+0000] {processor.py:925} INFO - DAG(s) 'airflow_sanity_check' retrieved from /opt/airflow/dags/sanity_checks.py
[2026-06-24T11:27:31.071+0000] {logging_mixin.py:190} INFO - [2026-06-24T11:27:31.070+0000] {dag.py:3211} INFO - Sync 1 DAGs
[2026-06-24T11:27:31.092+0000] {logging_mixin.py:190} INFO - [2026-06-24T11:27:31.092+0000] {dag.py:4138} INFO - Setting next_dagrun for airflow_sanity_check to None, run_after=None
[2026-06-24T11:27:31.119+0000] {processor.py:208} INFO - Processing /opt/airflow/dags/sanity_checks.py took 0.121 seconds
[2026-06-24T11:28:01.420+0000] {processor.py:186} INFO - Started process (PID=1835) to work on /opt/airflow/dags/sanity_checks.py
[2026-06-24T11:28:01.422+0000] {processor.py:914} INFO - Processing file /opt/airflow/dags/sanity_checks.py for tasks to queue
[2026-06-24T11:28:01.427+0000] {logging_mixin.py:190} INFO - [2026-06-24T11:28:01.426+0000] {dagbag.py:587} INFO - Filling up the DagBag from /opt/airflow/dags/sanity_checks.py
[2026-06-24T11:28:01.443+0000] {processor.py:925} INFO - DAG(s) 'airflow_sanity_check' retrieved from /opt/airflow/dags/sanity_checks.py
[2026-06-24T11:28:01.485+0000] {logging_mixin.py:190} INFO - [2026-06-24T11:28:01.485+0000] {dag.py:3211} INFO - Sync 1 DAGs
[2026-06-24T11:28:01.506+0000] {logging_mixin.py:190} INFO - [2026-06-24T11:28:01.506+0000] {dag.py:4138} INFO - Setting next_dagrun for airflow_sanity_check to None, run_after=None
[2026-06-24T11:28:01.531+0000] {processor.py:208} INFO - Processing /opt/airflow/dags/sanity_checks.py took 0.121 seconds
[2026-06-24T11:28:31.841+0000] {processor.py:186} INFO - Started process (PID=1845) to work on /opt/airflow/dags/sanity_checks.py
[2026-06-24T11:28:31.843+0000] {processor.py:914} INFO - Processing file /opt/airflow/dags/sanity_checks.py for tasks to queue
[2026-06-24T11:28:31.847+0000] {logging_mixin.py:190} INFO - [2026-06-24T11:28:31.847+0000] {dagbag.py:587} INFO - Filling up the DagBag from /opt/airflow/dags/sanity_checks.py
[2026-06-24T11:28:31.863+0000] {processor.py:925} INFO - DAG(s) 'airflow_sanity_check' retrieved from /opt/airflow/dags/sanity_checks.py
[2026-06-24T11:28:31.914+0000] {logging_mixin.py:190} INFO - [2026-06-24T11:28:31.913+0000] {dag.py:3211} INFO - Sync 1 DAGs
[2026-06-24T11:28:31.947+0000] {logging_mixin.py:190} INFO - [2026-06-24T11:28:31.947+0000] {dag.py:4138} INFO - Setting next_dagrun for airflow_sanity_check to None, run_after=None
[2026-06-24T11:28:31.971+0000] {processor.py:208} INFO - Processing /opt/airflow/dags/sanity_checks.py took 0.139 seconds
[2026-06-24T11:29:02.285+0000] {processor.py:186} INFO - Started process (PID=1855) to work on /opt/airflow/dags/sanity_checks.py
[2026-06-24T11:29:02.286+0000] {processor.py:914} INFO - Processing file /opt/airflow/dags/sanity_checks.py for tasks to queue
[2026-06-24T11:29:02.290+0000] {logging_mixin.py:190} INFO - [2026-06-24T11:29:02.289+0000] {dagbag.py:587} INFO - Filling up the DagBag from /opt/airflow/dags/sanity_checks.py
[2026-06-24T11:29:02.306+0000] {processor.py:925} INFO - DAG(s) 'airflow_sanity_check' retrieved from /opt/airflow/dags/sanity_checks.py
[2026-06-24T11:29:02.347+0000] {logging_mixin.py:190} INFO - [2026-06-24T11:29:02.346+0000] {dag.py:3211} INFO - Sync 1 DAGs
[2026-06-24T11:29:02.368+0000] {logging_mixin.py:190} INFO - [2026-06-24T11:29:02.368+0000] {dag.py:4138} INFO - Setting next_dagrun for airflow_sanity_check to None, run_after=None
[2026-06-24T11:29:02.393+0000] {processor.py:208} INFO - Processing /opt/airflow/dags/sanity_checks.py took 0.117 seconds
[2026-06-24T11:29:32.740+0000] {processor.py:186} INFO - Started process (PID=1865) to work on /opt/airflow/dags/sanity_checks.py
[2026-06-24T11:29:32.741+0000] {processor.py:914} INFO - Processing file /opt/airflow/dags/sanity_checks.py for tasks to queue
[2026-06-24T11:29:32.745+0000] {logging_mixin.py:190} INFO - [2026-06-24T11:29:32.744+0000] {dagbag.py:587} INFO - Filling up the DagBag from /opt/airflow/dags/sanity_checks.py
[2026-06-24T11:29:32.761+0000] {processor.py:925} INFO - DAG(s) 'airflow_sanity_check' retrieved from /opt/airflow/dags/sanity_checks.py
[2026-06-24T11:29:32.801+0000] {logging_mixin.py:190} INFO - [2026-06-24T11:29:32.801+0000] {dag.py:3211} INFO - Sync 1 DAGs
[2026-06-24T11:29:32.822+0000] {logging_mixin.py:190} INFO - [2026-06-24T11:29:32.822+0000] {dag.py:4138} INFO - Setting next_dagrun for airflow_sanity_check to None, run_after=None
[2026-06-24T11:29:32.848+0000] {processor.py:208} INFO - Processing /opt/airflow/dags/sanity_checks.py took 0.116 seconds
[2026-06-24T11:30:03.167+0000] {processor.py:186} INFO - Started process (PID=1875) to work on /opt/airflow/dags/sanity_checks.py
[2026-06-24T11:30:03.168+0000] {processor.py:914} INFO - Processing file /opt/airflow/dags/sanity_checks.py for tasks to queue
[2026-06-24T11:30:03.173+0000] {logging_mixin.py:190} INFO - [2026-06-24T11:30:03.172+0000] {dagbag.py:587} INFO - Filling up the DagBag from /opt/airflow/dags/sanity_checks.py
[2026-06-24T11:30:03.188+0000] {processor.py:925} INFO - DAG(s) 'airflow_sanity_check' retrieved from /opt/airflow/dags/sanity_checks.py
[2026-06-24T11:30:03.228+0000] {logging_mixin.py:190} INFO - [2026-06-24T11:30:03.228+0000] {dag.py:3211} INFO - Sync 1 DAGs
[2026-06-24T11:30:03.249+0000] {logging_mixin.py:190} INFO - [2026-06-24T11:30:03.248+0000] {dag.py:4138} INFO - Setting next_dagrun for airflow_sanity_check to None, run_after=None
[2026-06-24T11:30:03.274+0000] {processor.py:208} INFO - Processing /opt/airflow/dags/sanity_checks.py took 0.115 seconds
[2026-06-24T11:30:33.590+0000] {processor.py:186} INFO - Started process (PID=1885) to work on /opt/airflow/dags/sanity_checks.py
[2026-06-24T11:30:33.592+0000] {processor.py:914} INFO - Processing file /opt/airflow/dags/sanity_checks.py for tasks to queue
[2026-06-24T11:30:33.596+0000] {logging_mixin.py:190} INFO - [2026-06-24T11:30:33.596+0000] {dagbag.py:587} INFO - Filling up the DagBag from /opt/airflow/dags/sanity_checks.py
[2026-06-24T11:30:33.611+0000] {processor.py:925} INFO - DAG(s) 'airflow_sanity_check' retrieved from /opt/airflow/dags/sanity_checks.py
[2026-06-24T11:30:33.652+0000] {logging_mixin.py:190} INFO - [2026-06-24T11:30:33.651+0000] {dag.py:3211} INFO - Sync 1 DAGs
[2026-06-24T11:30:33.672+0000] {logging_mixin.py:190} INFO - [2026-06-24T11:30:33.671+0000] {dag.py:4138} INFO - Setting next_dagrun for airflow_sanity_check to None, run_after=None
[2026-06-24T11:30:33.700+0000] {processor.py:208} INFO - Processing /opt/airflow/dags/sanity_checks.py took 0.118 seconds
[2026-06-24T11:31:04.014+0000] {processor.py:186} INFO - Started process (PID=1895) to work on /opt/airflow/dags/sanity_checks.py
[2026-06-24T11:31:04.016+0000] {processor.py:914} INFO - Processing file /opt/airflow/dags/sanity_checks.py for tasks to queue
[2026-06-24T11:31:04.023+0000] {logging_mixin.py:190} INFO - [2026-06-24T11:31:04.022+0000] {dagbag.py:587} INFO - Filling up the DagBag from /opt/airflow/dags/sanity_checks.py
[2026-06-24T11:31:04.040+0000] {processor.py:925} INFO - DAG(s) 'airflow_sanity_check' retrieved from /opt/airflow/dags/sanity_checks.py
[2026-06-24T11:31:04.083+0000] {logging_mixin.py:190} INFO - [2026-06-24T11:31:04.082+0000] {dag.py:3211} INFO - Sync 1 DAGs
[2026-06-24T11:31:04.107+0000] {logging_mixin.py:190} INFO - [2026-06-24T11:31:04.107+0000] {dag.py:4138} INFO - Setting next_dagrun for airflow_sanity_check to None, run_after=None
[2026-06-24T11:31:04.134+0000] {processor.py:208} INFO - Processing /opt/airflow/dags/sanity_checks.py took 0.130 seconds
[2026-06-24T11:31:34.748+0000] {processor.py:186} INFO - Started process (PID=1905) to work on /opt/airflow/dags/sanity_checks.py
[2026-06-24T11:31:34.750+0000] {processor.py:914} INFO - Processing file /opt/airflow/dags/sanity_checks.py for tasks to queue
[2026-06-24T11:31:34.753+0000] {logging_mixin.py:190} INFO - [2026-06-24T11:31:34.753+0000] {dagbag.py:587} INFO - Filling up the DagBag from /opt/airflow/dags/sanity_checks.py
[2026-06-24T11:31:34.771+0000] {processor.py:925} INFO - DAG(s) 'airflow_sanity_check' retrieved from /opt/airflow/dags/sanity_checks.py
[2026-06-24T11:31:34.817+0000] {logging_mixin.py:190} INFO - [2026-06-24T11:31:34.816+0000] {dag.py:3211} INFO - Sync 1 DAGs
[2026-06-24T11:31:34.845+0000] {logging_mixin.py:190} INFO - [2026-06-24T11:31:34.844+0000] {dag.py:4138} INFO - Setting next_dagrun for airflow_sanity_check to None, run_after=None
[2026-06-24T11:31:34.875+0000] {processor.py:208} INFO - Processing /opt/airflow/dags/sanity_checks.py took 0.160 seconds
[2026-06-24T11:32:31.717+0000] {processor.py:186} INFO - Started process (PID=1915) to work on /opt/airflow/dags/sanity_checks.py
[2026-06-24T11:32:31.719+0000] {processor.py:914} INFO - Processing file /opt/airflow/dags/sanity_checks.py for tasks to queue
[2026-06-24T11:32:31.724+0000] {logging_mixin.py:190} INFO - [2026-06-24T11:32:31.723+0000] {dagbag.py:587} INFO - Filling up the DagBag from /opt/airflow/dags/sanity_checks.py
[2026-06-24T11:32:31.739+0000] {processor.py:925} INFO - DAG(s) 'airflow_sanity_check' retrieved from /opt/airflow/dags/sanity_checks.py
[2026-06-24T11:32:31.799+0000] {logging_mixin.py:190} INFO - [2026-06-24T11:32:31.798+0000] {dag.py:3211} INFO - Sync 1 DAGs
[2026-06-24T11:32:31.829+0000] {logging_mixin.py:190} INFO - [2026-06-24T11:32:31.829+0000] {dag.py:4138} INFO - Setting next_dagrun for airflow_sanity_check to None, run_after=None
[2026-06-24T11:32:31.857+0000] {processor.py:208} INFO - Processing /opt/airflow/dags/sanity_checks.py took 0.149 seconds
[2026-06-24T11:54:39.226+0000] {processor.py:186} INFO - Started process (PID=1925) to work on /opt/airflow/dags/sanity_checks.py
[2026-06-24T11:54:39.234+0000] {processor.py:914} INFO - Processing file /opt/airflow/dags/sanity_checks.py for tasks to queue
[2026-06-24T11:54:39.251+0000] {logging_mixin.py:190} INFO - [2026-06-24T11:54:39.249+0000] {dagbag.py:587} INFO - Filling up the DagBag from /opt/airflow/dags/sanity_checks.py
[2026-06-24T11:54:39.344+0000] {processor.py:925} INFO - DAG(s) 'airflow_sanity_check' retrieved from /opt/airflow/dags/sanity_checks.py
[2026-06-24T11:54:39.710+0000] {logging_mixin.py:190} INFO - [2026-06-24T11:54:39.707+0000] {dag.py:3211} INFO - Sync 1 DAGs
[2026-06-24T11:54:39.892+0000] {logging_mixin.py:190} INFO - [2026-06-24T11:54:39.890+0000] {dag.py:4138} INFO - Setting next_dagrun for airflow_sanity_check to None, run_after=None
[2026-06-24T11:54:40.036+0000] {processor.py:208} INFO - Processing /opt/airflow/dags/sanity_checks.py took 0.856 seconds
[2026-06-24T12:24:15.018+0000] {processor.py:186} INFO - Started process (PID=1935) to work on /opt/airflow/dags/sanity_checks.py
[2026-06-24T12:24:15.025+0000] {processor.py:914} INFO - Processing file /opt/airflow/dags/sanity_checks.py for tasks to queue
[2026-06-24T12:24:15.209+0000] {logging_mixin.py:190} INFO - [2026-06-24T12:24:15.184+0000] {dagbag.py:587} INFO - Filling up the DagBag from /opt/airflow/dags/sanity_checks.py
[2026-06-24T12:24:15.660+0000] {processor.py:925} INFO - DAG(s) 'airflow_sanity_check' retrieved from /opt/airflow/dags/sanity_checks.py
[2026-06-24T12:24:16.324+0000] {logging_mixin.py:190} INFO - [2026-06-24T12:24:16.322+0000] {dag.py:3211} INFO - Sync 1 DAGs
[2026-06-24T12:24:16.719+0000] {logging_mixin.py:190} INFO - [2026-06-24T12:24:16.718+0000] {dag.py:4138} INFO - Setting next_dagrun for airflow_sanity_check to None, run_after=None
[2026-06-24T12:24:17.022+0000] {processor.py:208} INFO - Processing /opt/airflow/dags/sanity_checks.py took 2.134 seconds
[2026-06-24T12:24:48.200+0000] {processor.py:186} INFO - Started process (PID=1945) to work on /opt/airflow/dags/sanity_checks.py
[2026-06-24T12:24:48.207+0000] {processor.py:914} INFO - Processing file /opt/airflow/dags/sanity_checks.py for tasks to queue
[2026-06-24T12:24:48.220+0000] {logging_mixin.py:190} INFO - [2026-06-24T12:24:48.218+0000] {dagbag.py:587} INFO - Filling up the DagBag from /opt/airflow/dags/sanity_checks.py
[2026-06-24T12:24:48.279+0000] {processor.py:925} INFO - DAG(s) 'airflow_sanity_check' retrieved from /opt/airflow/dags/sanity_checks.py
[2026-06-24T12:24:48.419+0000] {logging_mixin.py:190} INFO - [2026-06-24T12:24:48.418+0000] {dag.py:3211} INFO - Sync 1 DAGs
[2026-06-24T12:24:48.502+0000] {logging_mixin.py:190} INFO - [2026-06-24T12:24:48.501+0000] {dag.py:4138} INFO - Setting next_dagrun for airflow_sanity_check to None, run_after=None
[2026-06-24T12:24:48.586+0000] {processor.py:208} INFO - Processing /opt/airflow/dags/sanity_checks.py took 0.430 seconds
[2026-06-24T12:25:18.882+0000] {processor.py:186} INFO - Started process (PID=1955) to work on /opt/airflow/dags/sanity_checks.py
[2026-06-24T12:25:18.886+0000] {processor.py:914} INFO - Processing file /opt/airflow/dags/sanity_checks.py for tasks to queue
[2026-06-24T12:25:18.895+0000] {logging_mixin.py:190} INFO - [2026-06-24T12:25:18.894+0000] {dagbag.py:587} INFO - Filling up the DagBag from /opt/airflow/dags/sanity_checks.py
[2026-06-24T12:25:18.937+0000] {processor.py:925} INFO - DAG(s) 'airflow_sanity_check' retrieved from /opt/airflow/dags/sanity_checks.py
[2026-06-24T12:25:19.043+0000] {logging_mixin.py:190} INFO - [2026-06-24T12:25:19.043+0000] {dag.py:3211} INFO - Sync 1 DAGs
[2026-06-24T12:25:19.103+0000] {logging_mixin.py:190} INFO - [2026-06-24T12:25:19.102+0000] {dag.py:4138} INFO - Setting next_dagrun for airflow_sanity_check to None, run_after=None
[2026-06-24T12:25:19.565+0000] {processor.py:208} INFO - Processing /opt/airflow/dags/sanity_checks.py took 0.707 seconds
[2026-06-24T12:25:50.159+0000] {processor.py:186} INFO - Started process (PID=1965) to work on /opt/airflow/dags/sanity_checks.py
[2026-06-24T12:25:50.162+0000] {processor.py:914} INFO - Processing file /opt/airflow/dags/sanity_checks.py for tasks to queue
[2026-06-24T12:25:50.173+0000] {logging_mixin.py:190} INFO - [2026-06-24T12:25:50.172+0000] {dagbag.py:587} INFO - Filling up the DagBag from /opt/airflow/dags/sanity_checks.py
[2026-06-24T12:25:50.213+0000] {processor.py:925} INFO - DAG(s) 'airflow_sanity_check' retrieved from /opt/airflow/dags/sanity_checks.py
[2026-06-24T12:25:50.334+0000] {logging_mixin.py:190} INFO - [2026-06-24T12:25:50.334+0000] {dag.py:3211} INFO - Sync 1 DAGs
[2026-06-24T12:25:50.393+0000] {logging_mixin.py:190} INFO - [2026-06-24T12:25:50.392+0000] {dag.py:4138} INFO - Setting next_dagrun for airflow_sanity_check to None, run_after=None
[2026-06-24T12:25:50.460+0000] {processor.py:208} INFO - Processing /opt/airflow/dags/sanity_checks.py took 0.325 seconds
[2026-06-24T12:26:20.754+0000] {processor.py:186} INFO - Started process (PID=1975) to work on /opt/airflow/dags/sanity_checks.py
[2026-06-24T12:26:20.760+0000] {processor.py:914} INFO - Processing file /opt/airflow/dags/sanity_checks.py for tasks to queue
[2026-06-24T12:26:20.775+0000] {logging_mixin.py:190} INFO - [2026-06-24T12:26:20.773+0000] {dagbag.py:587} INFO - Filling up the DagBag from /opt/airflow/dags/sanity_checks.py
[2026-06-24T12:26:20.832+0000] {processor.py:925} INFO - DAG(s) 'airflow_sanity_check' retrieved from /opt/airflow/dags/sanity_checks.py
[2026-06-24T12:26:20.982+0000] {logging_mixin.py:190} INFO - [2026-06-24T12:26:20.981+0000] {dag.py:3211} INFO - Sync 1 DAGs
[2026-06-24T12:26:21.060+0000] {logging_mixin.py:190} INFO - [2026-06-24T12:26:21.059+0000] {dag.py:4138} INFO - Setting next_dagrun for airflow_sanity_check to None, run_after=None
[2026-06-24T12:26:21.164+0000] {processor.py:208} INFO - Processing /opt/airflow/dags/sanity_checks.py took 0.444 seconds
[2026-06-24T12:26:51.328+0000] {processor.py:186} INFO - Started process (PID=1985) to work on /opt/airflow/dags/sanity_checks.py
[2026-06-24T12:26:51.330+0000] {processor.py:914} INFO - Processing file /opt/airflow/dags/sanity_checks.py for tasks to queue
[2026-06-24T12:26:51.338+0000] {logging_mixin.py:190} INFO - [2026-06-24T12:26:51.337+0000] {dagbag.py:587} INFO - Filling up the DagBag from /opt/airflow/dags/sanity_checks.py
[2026-06-24T12:26:51.364+0000] {processor.py:925} INFO - DAG(s) 'airflow_sanity_check' retrieved from /opt/airflow/dags/sanity_checks.py
[2026-06-24T12:26:51.440+0000] {logging_mixin.py:190} INFO - [2026-06-24T12:26:51.439+0000] {dag.py:3211} INFO - Sync 1 DAGs
[2026-06-24T12:26:51.482+0000] {logging_mixin.py:190} INFO - [2026-06-24T12:26:51.482+0000] {dag.py:4138} INFO - Setting next_dagrun for airflow_sanity_check to None, run_after=None
[2026-06-24T12:26:51.549+0000] {processor.py:208} INFO - Processing /opt/airflow/dags/sanity_checks.py took 0.237 seconds
[2026-06-24T12:27:21.952+0000] {processor.py:186} INFO - Started process (PID=1995) to work on /opt/airflow/dags/sanity_checks.py
[2026-06-24T12:27:21.955+0000] {processor.py:914} INFO - Processing file /opt/airflow/dags/sanity_checks.py for tasks to queue
[2026-06-24T12:27:21.960+0000] {logging_mixin.py:190} INFO - [2026-06-24T12:27:21.959+0000] {dagbag.py:587} INFO - Filling up the DagBag from /opt/airflow/dags/sanity_checks.py
[2026-06-24T12:27:21.984+0000] {processor.py:925} INFO - DAG(s) 'airflow_sanity_check' retrieved from /opt/airflow/dags/sanity_checks.py
[2026-06-24T12:27:22.047+0000] {logging_mixin.py:190} INFO - [2026-06-24T12:27:22.047+0000] {dag.py:3211} INFO - Sync 1 DAGs
[2026-06-24T12:27:22.082+0000] {logging_mixin.py:190} INFO - [2026-06-24T12:27:22.081+0000] {dag.py:4138} INFO - Setting next_dagrun for airflow_sanity_check to None, run_after=None
[2026-06-24T12:27:22.126+0000] {processor.py:208} INFO - Processing /opt/airflow/dags/sanity_checks.py took 0.189 seconds
[2026-06-24T12:27:52.476+0000] {processor.py:186} INFO - Started process (PID=2005) to work on /opt/airflow/dags/sanity_checks.py
[2026-06-24T12:27:52.478+0000] {processor.py:914} INFO - Processing file /opt/airflow/dags/sanity_checks.py for tasks to queue
[2026-06-24T12:27:52.482+0000] {logging_mixin.py:190} INFO - [2026-06-24T12:27:52.482+0000] {dagbag.py:587} INFO - Filling up the DagBag from /opt/airflow/dags/sanity_checks.py
[2026-06-24T12:27:52.502+0000] {processor.py:925} INFO - DAG(s) 'airflow_sanity_check' retrieved from /opt/airflow/dags/sanity_checks.py
[2026-06-24T12:27:52.553+0000] {logging_mixin.py:190} INFO - [2026-06-24T12:27:52.552+0000] {dag.py:3211} INFO - Sync 1 DAGs
[2026-06-24T12:27:52.584+0000] {logging_mixin.py:190} INFO - [2026-06-24T12:27:52.583+0000] {dag.py:4138} INFO - Setting next_dagrun for airflow_sanity_check to None, run_after=None
[2026-06-24T12:27:52.614+0000] {processor.py:208} INFO - Processing /opt/airflow/dags/sanity_checks.py took 0.149 seconds
[2026-06-24T12:28:22.928+0000] {processor.py:186} INFO - Started process (PID=2015) to work on /opt/airflow/dags/sanity_checks.py
[2026-06-24T12:28:22.930+0000] {processor.py:914} INFO - Processing file /opt/airflow/dags/sanity_checks.py for tasks to queue
[2026-06-24T12:28:22.933+0000] {logging_mixin.py:190} INFO - [2026-06-24T12:28:22.933+0000] {dagbag.py:587} INFO - Filling up the DagBag from /opt/airflow/dags/sanity_checks.py
[2026-06-24T12:28:22.949+0000] {processor.py:925} INFO - DAG(s) 'airflow_sanity_check' retrieved from /opt/airflow/dags/sanity_checks.py
[2026-06-24T12:28:22.990+0000] {logging_mixin.py:190} INFO - [2026-06-24T12:28:22.989+0000] {dag.py:3211} INFO - Sync 1 DAGs
[2026-06-24T12:28:23.012+0000] {logging_mixin.py:190} INFO - [2026-06-24T12:28:23.011+0000] {dag.py:4138} INFO - Setting next_dagrun for airflow_sanity_check to None, run_after=None
[2026-06-24T12:28:23.039+0000] {processor.py:208} INFO - Processing /opt/airflow/dags/sanity_checks.py took 0.120 seconds
[2026-06-24T12:28:53.355+0000] {processor.py:186} INFO - Started process (PID=2025) to work on /opt/airflow/dags/sanity_checks.py
[2026-06-24T12:28:53.356+0000] {processor.py:914} INFO - Processing file /opt/airflow/dags/sanity_checks.py for tasks to queue
[2026-06-24T12:28:53.360+0000] {logging_mixin.py:190} INFO - [2026-06-24T12:28:53.359+0000] {dagbag.py:587} INFO - Filling up the DagBag from /opt/airflow/dags/sanity_checks.py
[2026-06-24T12:28:53.376+0000] {processor.py:925} INFO - DAG(s) 'airflow_sanity_check' retrieved from /opt/airflow/dags/sanity_checks.py
[2026-06-24T12:28:53.422+0000] {logging_mixin.py:190} INFO - [2026-06-24T12:28:53.422+0000] {dag.py:3211} INFO - Sync 1 DAGs
[2026-06-24T12:28:53.444+0000] {logging_mixin.py:190} INFO - [2026-06-24T12:28:53.444+0000] {dag.py:4138} INFO - Setting next_dagrun for airflow_sanity_check to None, run_after=None
[2026-06-24T12:28:53.473+0000] {processor.py:208} INFO - Processing /opt/airflow/dags/sanity_checks.py took 0.128 seconds
[2026-06-24T12:29:23.829+0000] {processor.py:186} INFO - Started process (PID=2035) to work on /opt/airflow/dags/sanity_checks.py
[2026-06-24T12:29:23.831+0000] {processor.py:914} INFO - Processing file /opt/airflow/dags/sanity_checks.py for tasks to queue
[2026-06-24T12:29:23.836+0000] {logging_mixin.py:190} INFO - [2026-06-24T12:29:23.835+0000] {dagbag.py:587} INFO - Filling up the DagBag from /opt/airflow/dags/sanity_checks.py
[2026-06-24T12:29:23.854+0000] {processor.py:925} INFO - DAG(s) 'airflow_sanity_check' retrieved from /opt/airflow/dags/sanity_checks.py
[2026-06-24T12:29:23.905+0000] {logging_mixin.py:190} INFO - [2026-06-24T12:29:23.904+0000] {dag.py:3211} INFO - Sync 1 DAGs
[2026-06-24T12:29:23.930+0000] {logging_mixin.py:190} INFO - [2026-06-24T12:29:23.930+0000] {dag.py:4138} INFO - Setting next_dagrun for airflow_sanity_check to None, run_after=None
[2026-06-24T12:29:23.962+0000] {processor.py:208} INFO - Processing /opt/airflow/dags/sanity_checks.py took 0.142 seconds
[2026-06-24T12:29:54.439+0000] {processor.py:186} INFO - Started process (PID=2045) to work on /opt/airflow/dags/sanity_checks.py
[2026-06-24T12:29:54.442+0000] {processor.py:914} INFO - Processing file /opt/airflow/dags/sanity_checks.py for tasks to queue
[2026-06-24T12:29:54.451+0000] {logging_mixin.py:190} INFO - [2026-06-24T12:29:54.450+0000] {dagbag.py:587} INFO - Filling up the DagBag from /opt/airflow/dags/sanity_checks.py
[2026-06-24T12:29:54.485+0000] {processor.py:925} INFO - DAG(s) 'airflow_sanity_check' retrieved from /opt/airflow/dags/sanity_checks.py
[2026-06-24T12:29:54.629+0000] {logging_mixin.py:190} INFO - [2026-06-24T12:29:54.629+0000] {dag.py:3211} INFO - Sync 1 DAGs
[2026-06-24T12:29:54.675+0000] {logging_mixin.py:190} INFO - [2026-06-24T12:29:54.675+0000] {dag.py:4138} INFO - Setting next_dagrun for airflow_sanity_check to None, run_after=None
[2026-06-24T12:29:54.730+0000] {processor.py:208} INFO - Processing /opt/airflow/dags/sanity_checks.py took 0.312 seconds
[2026-06-24T12:30:25.213+0000] {processor.py:186} INFO - Started process (PID=2055) to work on /opt/airflow/dags/sanity_checks.py
[2026-06-24T12:30:25.217+0000] {processor.py:914} INFO - Processing file /opt/airflow/dags/sanity_checks.py for tasks to queue
[2026-06-24T12:30:25.225+0000] {logging_mixin.py:190} INFO - [2026-06-24T12:30:25.224+0000] {dagbag.py:587} INFO - Filling up the DagBag from /opt/airflow/dags/sanity_checks.py
[2026-06-24T12:30:25.261+0000] {processor.py:925} INFO - DAG(s) 'airflow_sanity_check' retrieved from /opt/airflow/dags/sanity_checks.py
[2026-06-24T12:30:25.353+0000] {logging_mixin.py:190} INFO - [2026-06-24T12:30:25.352+0000] {dag.py:3211} INFO - Sync 1 DAGs
[2026-06-24T12:30:25.401+0000] {logging_mixin.py:190} INFO - [2026-06-24T12:30:25.400+0000] {dag.py:4138} INFO - Setting next_dagrun for airflow_sanity_check to None, run_after=None
[2026-06-24T12:30:25.468+0000] {processor.py:208} INFO - Processing /opt/airflow/dags/sanity_checks.py took 0.277 seconds
[2026-06-24T12:30:56.011+0000] {processor.py:186} INFO - Started process (PID=2065) to work on /opt/airflow/dags/sanity_checks.py
[2026-06-24T12:30:56.014+0000] {processor.py:914} INFO - Processing file /opt/airflow/dags/sanity_checks.py for tasks to queue
[2026-06-24T12:30:56.022+0000] {logging_mixin.py:190} INFO - [2026-06-24T12:30:56.021+0000] {dagbag.py:587} INFO - Filling up the DagBag from /opt/airflow/dags/sanity_checks.py
[2026-06-24T12:30:56.055+0000] {processor.py:925} INFO - DAG(s) 'airflow_sanity_check' retrieved from /opt/airflow/dags/sanity_checks.py
[2026-06-24T12:30:56.195+0000] {logging_mixin.py:190} INFO - [2026-06-24T12:30:56.184+0000] {dag.py:3211} INFO - Sync 1 DAGs
[2026-06-24T12:30:56.270+0000] {logging_mixin.py:190} INFO - [2026-06-24T12:30:56.269+0000] {dag.py:4138} INFO - Setting next_dagrun for airflow_sanity_check to None, run_after=None
[2026-06-24T12:30:56.341+0000] {processor.py:208} INFO - Processing /opt/airflow/dags/sanity_checks.py took 0.349 seconds
[2026-06-24T12:31:26.768+0000] {processor.py:186} INFO - Started process (PID=2075) to work on /opt/airflow/dags/sanity_checks.py
[2026-06-24T12:31:26.770+0000] {processor.py:914} INFO - Processing file /opt/airflow/dags/sanity_checks.py for tasks to queue
[2026-06-24T12:31:26.776+0000] {logging_mixin.py:190} INFO - [2026-06-24T12:31:26.775+0000] {dagbag.py:587} INFO - Filling up the DagBag from /opt/airflow/dags/sanity_checks.py
[2026-06-24T12:31:26.805+0000] {processor.py:925} INFO - DAG(s) 'airflow_sanity_check' retrieved from /opt/airflow/dags/sanity_checks.py
[2026-06-24T12:31:26.876+0000] {logging_mixin.py:190} INFO - [2026-06-24T12:31:26.876+0000] {dag.py:3211} INFO - Sync 1 DAGs
[2026-06-24T12:31:26.913+0000] {logging_mixin.py:190} INFO - [2026-06-24T12:31:26.913+0000] {dag.py:4138} INFO - Setting next_dagrun for airflow_sanity_check to None, run_after=None
[2026-06-24T12:31:26.958+0000] {processor.py:208} INFO - Processing /opt/airflow/dags/sanity_checks.py took 0.206 seconds
[2026-06-24T12:31:57.384+0000] {processor.py:186} INFO - Started process (PID=2085) to work on /opt/airflow/dags/sanity_checks.py
[2026-06-24T12:31:57.389+0000] {processor.py:914} INFO - Processing file /opt/airflow/dags/sanity_checks.py for tasks to queue
[2026-06-24T12:31:57.400+0000] {logging_mixin.py:190} INFO - [2026-06-24T12:31:57.399+0000] {dagbag.py:587} INFO - Filling up the DagBag from /opt/airflow/dags/sanity_checks.py
[2026-06-24T12:31:57.431+0000] {processor.py:925} INFO - DAG(s) 'airflow_sanity_check' retrieved from /opt/airflow/dags/sanity_checks.py
[2026-06-24T12:31:57.523+0000] {logging_mixin.py:190} INFO - [2026-06-24T12:31:57.523+0000] {dag.py:3211} INFO - Sync 1 DAGs
[2026-06-24T12:31:57.567+0000] {logging_mixin.py:190} INFO - [2026-06-24T12:31:57.567+0000] {dag.py:4138} INFO - Setting next_dagrun for airflow_sanity_check to None, run_after=None
[2026-06-24T12:31:57.622+0000] {processor.py:208} INFO - Processing /opt/airflow/dags/sanity_checks.py took 0.254 seconds
[2026-06-24T12:32:28.202+0000] {processor.py:186} INFO - Started process (PID=2095) to work on /opt/airflow/dags/sanity_checks.py
[2026-06-24T12:32:28.206+0000] {processor.py:914} INFO - Processing file /opt/airflow/dags/sanity_checks.py for tasks to queue
[2026-06-24T12:32:28.220+0000] {logging_mixin.py:190} INFO - [2026-06-24T12:32:28.216+0000] {dagbag.py:587} INFO - Filling up the DagBag from /opt/airflow/dags/sanity_checks.py
[2026-06-24T12:32:28.308+0000] {processor.py:925} INFO - DAG(s) 'airflow_sanity_check' retrieved from /opt/airflow/dags/sanity_checks.py
[2026-06-24T12:32:28.647+0000] {logging_mixin.py:190} INFO - [2026-06-24T12:32:28.645+0000] {dag.py:3211} INFO - Sync 1 DAGs
[2026-06-24T12:32:28.753+0000] {logging_mixin.py:190} INFO - [2026-06-24T12:32:28.752+0000] {dag.py:4138} INFO - Setting next_dagrun for airflow_sanity_check to None, run_after=None
[2026-06-24T12:32:28.866+0000] {processor.py:208} INFO - Processing /opt/airflow/dags/sanity_checks.py took 0.699 seconds
[2026-06-24T12:32:59.042+0000] {processor.py:186} INFO - Started process (PID=2105) to work on /opt/airflow/dags/sanity_checks.py
[2026-06-24T12:32:59.046+0000] {processor.py:914} INFO - Processing file /opt/airflow/dags/sanity_checks.py for tasks to queue
[2026-06-24T12:32:59.057+0000] {logging_mixin.py:190} INFO - [2026-06-24T12:32:59.056+0000] {dagbag.py:587} INFO - Filling up the DagBag from /opt/airflow/dags/sanity_checks.py
[2026-06-24T12:32:59.090+0000] {processor.py:925} INFO - DAG(s) 'airflow_sanity_check' retrieved from /opt/airflow/dags/sanity_checks.py
[2026-06-24T12:32:59.184+0000] {logging_mixin.py:190} INFO - [2026-06-24T12:32:59.184+0000] {dag.py:3211} INFO - Sync 1 DAGs
[2026-06-24T12:32:59.229+0000] {logging_mixin.py:190} INFO - [2026-06-24T12:32:59.229+0000] {dag.py:4138} INFO - Setting next_dagrun for airflow_sanity_check to None, run_after=None
[2026-06-24T12:32:59.285+0000] {processor.py:208} INFO - Processing /opt/airflow/dags/sanity_checks.py took 0.266 seconds
[2026-06-24T12:33:29.730+0000] {processor.py:186} INFO - Started process (PID=2115) to work on /opt/airflow/dags/sanity_checks.py
[2026-06-24T12:33:29.733+0000] {processor.py:914} INFO - Processing file /opt/airflow/dags/sanity_checks.py for tasks to queue
[2026-06-24T12:33:29.740+0000] {logging_mixin.py:190} INFO - [2026-06-24T12:33:29.739+0000] {dagbag.py:587} INFO - Filling up the DagBag from /opt/airflow/dags/sanity_checks.py
[2026-06-24T12:33:29.766+0000] {processor.py:925} INFO - DAG(s) 'airflow_sanity_check' retrieved from /opt/airflow/dags/sanity_checks.py
[2026-06-24T12:33:29.835+0000] {logging_mixin.py:190} INFO - [2026-06-24T12:33:29.834+0000] {dag.py:3211} INFO - Sync 1 DAGs
[2026-06-24T12:33:29.872+0000] {logging_mixin.py:190} INFO - [2026-06-24T12:33:29.871+0000] {dag.py:4138} INFO - Setting next_dagrun for airflow_sanity_check to None, run_after=None
[2026-06-24T12:33:29.918+0000] {processor.py:208} INFO - Processing /opt/airflow/dags/sanity_checks.py took 0.202 seconds
[2026-06-24T12:34:00.347+0000] {processor.py:186} INFO - Started process (PID=2125) to work on /opt/airflow/dags/sanity_checks.py
[2026-06-24T12:34:00.349+0000] {processor.py:914} INFO - Processing file /opt/airflow/dags/sanity_checks.py for tasks to queue
[2026-06-24T12:34:00.353+0000] {logging_mixin.py:190} INFO - [2026-06-24T12:34:00.353+0000] {dagbag.py:587} INFO - Filling up the DagBag from /opt/airflow/dags/sanity_checks.py
[2026-06-24T12:34:00.371+0000] {processor.py:925} INFO - DAG(s) 'airflow_sanity_check' retrieved from /opt/airflow/dags/sanity_checks.py
[2026-06-24T12:34:00.423+0000] {logging_mixin.py:190} INFO - [2026-06-24T12:34:00.423+0000] {dag.py:3211} INFO - Sync 1 DAGs
[2026-06-24T12:34:00.460+0000] {logging_mixin.py:190} INFO - [2026-06-24T12:34:00.459+0000] {dag.py:4138} INFO - Setting next_dagrun for airflow_sanity_check to None, run_after=None
[2026-06-24T12:34:01.169+0000] {processor.py:208} INFO - Processing /opt/airflow/dags/sanity_checks.py took 0.832 seconds
[2026-06-24T12:49:45.781+0000] {processor.py:186} INFO - Started process (PID=2135) to work on /opt/airflow/dags/sanity_checks.py
[2026-06-24T12:49:45.783+0000] {processor.py:914} INFO - Processing file /opt/airflow/dags/sanity_checks.py for tasks to queue
[2026-06-24T12:49:45.786+0000] {logging_mixin.py:190} INFO - [2026-06-24T12:49:45.786+0000] {dagbag.py:587} INFO - Filling up the DagBag from /opt/airflow/dags/sanity_checks.py
[2026-06-24T12:49:45.802+0000] {processor.py:925} INFO - DAG(s) 'airflow_sanity_check' retrieved from /opt/airflow/dags/sanity_checks.py
[2026-06-24T12:49:45.845+0000] {logging_mixin.py:190} INFO - [2026-06-24T12:49:45.844+0000] {dag.py:3211} INFO - Sync 1 DAGs
[2026-06-24T12:49:45.866+0000] {logging_mixin.py:190} INFO - [2026-06-24T12:49:45.866+0000] {dag.py:4138} INFO - Setting next_dagrun for airflow_sanity_check to None, run_after=None
[2026-06-24T12:49:45.897+0000] {processor.py:208} INFO - Processing /opt/airflow/dags/sanity_checks.py took 0.124 seconds
[2026-06-24T12:50:16.269+0000] {processor.py:186} INFO - Started process (PID=2145) to work on /opt/airflow/dags/sanity_checks.py
[2026-06-24T12:50:16.271+0000] {processor.py:914} INFO - Processing file /opt/airflow/dags/sanity_checks.py for tasks to queue
[2026-06-24T12:50:16.274+0000] {logging_mixin.py:190} INFO - [2026-06-24T12:50:16.274+0000] {dagbag.py:587} INFO - Filling up the DagBag from /opt/airflow/dags/sanity_checks.py
[2026-06-24T12:50:16.290+0000] {processor.py:925} INFO - DAG(s) 'airflow_sanity_check' retrieved from /opt/airflow/dags/sanity_checks.py
[2026-06-24T12:50:16.333+0000] {logging_mixin.py:190} INFO - [2026-06-24T12:50:16.333+0000] {dag.py:3211} INFO - Sync 1 DAGs
[2026-06-24T12:50:16.356+0000] {logging_mixin.py:190} INFO - [2026-06-24T12:50:16.356+0000] {dag.py:4138} INFO - Setting next_dagrun for airflow_sanity_check to None, run_after=None
[2026-06-24T12:50:16.382+0000] {processor.py:208} INFO - Processing /opt/airflow/dags/sanity_checks.py took 0.121 seconds
[2026-06-24T12:50:46.785+0000] {processor.py:186} INFO - Started process (PID=2155) to work on /opt/airflow/dags/sanity_checks.py
[2026-06-24T12:50:46.787+0000] {processor.py:914} INFO - Processing file /opt/airflow/dags/sanity_checks.py for tasks to queue
[2026-06-24T12:50:46.791+0000] {logging_mixin.py:190} INFO - [2026-06-24T12:50:46.790+0000] {dagbag.py:587} INFO - Filling up the DagBag from /opt/airflow/dags/sanity_checks.py
[2026-06-24T12:50:46.809+0000] {processor.py:925} INFO - DAG(s) 'airflow_sanity_check' retrieved from /opt/airflow/dags/sanity_checks.py
[2026-06-24T12:50:46.857+0000] {logging_mixin.py:190} INFO - [2026-06-24T12:50:46.857+0000] {dag.py:3211} INFO - Sync 1 DAGs
[2026-06-24T12:50:46.884+0000] {logging_mixin.py:190} INFO - [2026-06-24T12:50:46.884+0000] {dag.py:4138} INFO - Setting next_dagrun for airflow_sanity_check to None, run_after=None
[2026-06-24T12:50:46.925+0000] {processor.py:208} INFO - Processing /opt/airflow/dags/sanity_checks.py took 0.150 seconds
[2026-06-24T12:51:17.288+0000] {processor.py:186} INFO - Started process (PID=2165) to work on /opt/airflow/dags/sanity_checks.py
[2026-06-24T12:51:17.290+0000] {processor.py:914} INFO - Processing file /opt/airflow/dags/sanity_checks.py for tasks to queue
[2026-06-24T12:51:17.293+0000] {logging_mixin.py:190} INFO - [2026-06-24T12:51:17.293+0000] {dagbag.py:587} INFO - Filling up the DagBag from /opt/airflow/dags/sanity_checks.py
[2026-06-24T12:51:17.309+0000] {processor.py:925} INFO - DAG(s) 'airflow_sanity_check' retrieved from /opt/airflow/dags/sanity_checks.py
[2026-06-24T12:51:17.351+0000] {logging_mixin.py:190} INFO - [2026-06-24T12:51:17.350+0000] {dag.py:3211} INFO - Sync 1 DAGs
[2026-06-24T12:51:17.373+0000] {logging_mixin.py:190} INFO - [2026-06-24T12:51:17.372+0000] {dag.py:4138} INFO - Setting next_dagrun for airflow_sanity_check to None, run_after=None
[2026-06-24T12:51:17.398+0000] {processor.py:208} INFO - Processing /opt/airflow/dags/sanity_checks.py took 0.119 seconds
[2026-06-24T12:51:47.698+0000] {processor.py:186} INFO - Started process (PID=2175) to work on /opt/airflow/dags/sanity_checks.py
[2026-06-24T12:51:47.699+0000] {processor.py:914} INFO - Processing file /opt/airflow/dags/sanity_checks.py for tasks to queue
[2026-06-24T12:51:47.703+0000] {logging_mixin.py:190} INFO - [2026-06-24T12:51:47.703+0000] {dagbag.py:587} INFO - Filling up the DagBag from /opt/airflow/dags/sanity_checks.py
[2026-06-24T12:51:47.719+0000] {processor.py:925} INFO - DAG(s) 'airflow_sanity_check' retrieved from /opt/airflow/dags/sanity_checks.py
[2026-06-24T12:51:47.760+0000] {logging_mixin.py:190} INFO - [2026-06-24T12:51:47.760+0000] {dag.py:3211} INFO - Sync 1 DAGs
[2026-06-24T12:51:47.781+0000] {logging_mixin.py:190} INFO - [2026-06-24T12:51:47.781+0000] {dag.py:4138} INFO - Setting next_dagrun for airflow_sanity_check to None, run_after=None
[2026-06-24T12:51:47.808+0000] {processor.py:208} INFO - Processing /opt/airflow/dags/sanity_checks.py took 0.119 seconds
[2026-06-24T12:52:18.230+0000] {processor.py:186} INFO - Started process (PID=2185) to work on /opt/airflow/dags/sanity_checks.py
[2026-06-24T12:52:18.232+0000] {processor.py:914} INFO - Processing file /opt/airflow/dags/sanity_checks.py for tasks to queue
[2026-06-24T12:52:18.236+0000] {logging_mixin.py:190} INFO - [2026-06-24T12:52:18.236+0000] {dagbag.py:587} INFO - Filling up the DagBag from /opt/airflow/dags/sanity_checks.py
[2026-06-24T12:52:18.254+0000] {processor.py:925} INFO - DAG(s) 'airflow_sanity_check' retrieved from /opt/airflow/dags/sanity_checks.py
[2026-06-24T12:52:18.298+0000] {logging_mixin.py:190} INFO - [2026-06-24T12:52:18.298+0000] {dag.py:3211} INFO - Sync 1 DAGs
[2026-06-24T12:52:18.325+0000] {logging_mixin.py:190} INFO - [2026-06-24T12:52:18.325+0000] {dag.py:4138} INFO - Setting next_dagrun for airflow_sanity_check to None, run_after=None
[2026-06-24T12:52:19.218+0000] {processor.py:208} INFO - Processing /opt/airflow/dags/sanity_checks.py took 0.998 seconds
[2026-06-24T12:52:49.812+0000] {processor.py:186} INFO - Started process (PID=2195) to work on /opt/airflow/dags/sanity_checks.py
[2026-06-24T12:52:49.814+0000] {processor.py:914} INFO - Processing file /opt/airflow/dags/sanity_checks.py for tasks to queue
[2026-06-24T12:52:49.818+0000] {logging_mixin.py:190} INFO - [2026-06-24T12:52:49.818+0000] {dagbag.py:587} INFO - Filling up the DagBag from /opt/airflow/dags/sanity_checks.py
[2026-06-24T12:52:49.843+0000] {processor.py:925} INFO - DAG(s) 'airflow_sanity_check' retrieved from /opt/airflow/dags/sanity_checks.py
[2026-06-24T12:52:49.902+0000] {logging_mixin.py:190} INFO - [2026-06-24T12:52:49.901+0000] {dag.py:3211} INFO - Sync 1 DAGs
[2026-06-24T12:52:49.938+0000] {logging_mixin.py:190} INFO - [2026-06-24T12:52:49.937+0000] {dag.py:4138} INFO - Setting next_dagrun for airflow_sanity_check to None, run_after=None
[2026-06-24T12:52:49.980+0000] {processor.py:208} INFO - Processing /opt/airflow/dags/sanity_checks.py took 0.180 seconds
[2026-06-24T12:53:20.452+0000] {processor.py:186} INFO - Started process (PID=2205) to work on /opt/airflow/dags/sanity_checks.py
[2026-06-24T12:53:20.453+0000] {processor.py:914} INFO - Processing file /opt/airflow/dags/sanity_checks.py for tasks to queue
[2026-06-24T12:53:20.456+0000] {logging_mixin.py:190} INFO - [2026-06-24T12:53:20.456+0000] {dagbag.py:587} INFO - Filling up the DagBag from /opt/airflow/dags/sanity_checks.py
[2026-06-24T12:53:20.472+0000] {processor.py:925} INFO - DAG(s) 'airflow_sanity_check' retrieved from /opt/airflow/dags/sanity_checks.py
[2026-06-24T12:53:20.515+0000] {logging_mixin.py:190} INFO - [2026-06-24T12:53:20.515+0000] {dag.py:3211} INFO - Sync 1 DAGs
[2026-06-24T12:53:20.537+0000] {logging_mixin.py:190} INFO - [2026-06-24T12:53:20.537+0000] {dag.py:4138} INFO - Setting next_dagrun for airflow_sanity_check to None, run_after=None
[2026-06-24T12:53:20.571+0000] {processor.py:208} INFO - Processing /opt/airflow/dags/sanity_checks.py took 0.128 seconds
[2026-06-24T12:53:51.075+0000] {processor.py:186} INFO - Started process (PID=2215) to work on /opt/airflow/dags/sanity_checks.py
[2026-06-24T12:53:51.078+0000] {processor.py:914} INFO - Processing file /opt/airflow/dags/sanity_checks.py for tasks to queue
[2026-06-24T12:53:51.082+0000] {logging_mixin.py:190} INFO - [2026-06-24T12:53:51.082+0000] {dagbag.py:587} INFO - Filling up the DagBag from /opt/airflow/dags/sanity_checks.py
[2026-06-24T12:53:51.104+0000] {processor.py:925} INFO - DAG(s) 'airflow_sanity_check' retrieved from /opt/airflow/dags/sanity_checks.py
[2026-06-24T12:53:51.171+0000] {logging_mixin.py:190} INFO - [2026-06-24T12:53:51.170+0000] {dag.py:3211} INFO - Sync 1 DAGs
[2026-06-24T12:53:51.200+0000] {logging_mixin.py:190} INFO - [2026-06-24T12:53:51.200+0000] {dag.py:4138} INFO - Setting next_dagrun for airflow_sanity_check to None, run_after=None
[2026-06-24T12:53:51.229+0000] {processor.py:208} INFO - Processing /opt/airflow/dags/sanity_checks.py took 0.169 seconds
[2026-06-24T12:54:21.596+0000] {processor.py:186} INFO - Started process (PID=2225) to work on /opt/airflow/dags/sanity_checks.py
[2026-06-24T12:54:21.597+0000] {processor.py:914} INFO - Processing file /opt/airflow/dags/sanity_checks.py for tasks to queue
[2026-06-24T12:54:21.600+0000] {logging_mixin.py:190} INFO - [2026-06-24T12:54:21.600+0000] {dagbag.py:587} INFO - Filling up the DagBag from /opt/airflow/dags/sanity_checks.py
[2026-06-24T12:54:21.616+0000] {processor.py:925} INFO - DAG(s) 'airflow_sanity_check' retrieved from /opt/airflow/dags/sanity_checks.py
[2026-06-24T12:54:21.661+0000] {logging_mixin.py:190} INFO - [2026-06-24T12:54:21.661+0000] {dag.py:3211} INFO - Sync 1 DAGs
[2026-06-24T12:54:21.683+0000] {logging_mixin.py:190} INFO - [2026-06-24T12:54:21.682+0000] {dag.py:4138} INFO - Setting next_dagrun for airflow_sanity_check to None, run_after=None
[2026-06-24T12:54:21.711+0000] {processor.py:208} INFO - Processing /opt/airflow/dags/sanity_checks.py took 0.124 seconds
[2026-06-24T12:54:52.062+0000] {processor.py:186} INFO - Started process (PID=2235) to work on /opt/airflow/dags/sanity_checks.py
[2026-06-24T12:54:52.063+0000] {processor.py:914} INFO - Processing file /opt/airflow/dags/sanity_checks.py for tasks to queue
[2026-06-24T12:54:52.068+0000] {logging_mixin.py:190} INFO - [2026-06-24T12:54:52.067+0000] {dagbag.py:587} INFO - Filling up the DagBag from /opt/airflow/dags/sanity_checks.py
[2026-06-24T12:54:52.082+0000] {processor.py:925} INFO - DAG(s) 'airflow_sanity_check' retrieved from /opt/airflow/dags/sanity_checks.py
[2026-06-24T12:54:52.123+0000] {logging_mixin.py:190} INFO - [2026-06-24T12:54:52.123+0000] {dag.py:3211} INFO - Sync 1 DAGs
[2026-06-24T12:54:52.147+0000] {logging_mixin.py:190} INFO - [2026-06-24T12:54:52.147+0000] {dag.py:4138} INFO - Setting next_dagrun for airflow_sanity_check to None, run_after=None
[2026-06-24T12:54:52.176+0000] {processor.py:208} INFO - Processing /opt/airflow/dags/sanity_checks.py took 0.123 seconds
[2026-06-24T12:55:22.721+0000] {processor.py:186} INFO - Started process (PID=2245) to work on /opt/airflow/dags/sanity_checks.py
[2026-06-24T12:55:22.739+0000] {processor.py:914} INFO - Processing file /opt/airflow/dags/sanity_checks.py for tasks to queue
[2026-06-24T12:55:22.781+0000] {logging_mixin.py:190} INFO - [2026-06-24T12:55:22.780+0000] {dagbag.py:587} INFO - Filling up the DagBag from /opt/airflow/dags/sanity_checks.py
[2026-06-24T12:55:22.798+0000] {processor.py:925} INFO - DAG(s) 'airflow_sanity_check' retrieved from /opt/airflow/dags/sanity_checks.py
[2026-06-24T12:55:22.848+0000] {logging_mixin.py:190} INFO - [2026-06-24T12:55:22.848+0000] {dag.py:3211} INFO - Sync 1 DAGs
[2026-06-24T12:55:23.201+0000] {logging_mixin.py:190} INFO - [2026-06-24T12:55:23.200+0000] {dag.py:4138} INFO - Setting next_dagrun for airflow_sanity_check to None, run_after=None
[2026-06-24T12:55:23.260+0000] {processor.py:208} INFO - Processing /opt/airflow/dags/sanity_checks.py took 0.786 seconds
[2026-06-24T12:55:53.734+0000] {processor.py:186} INFO - Started process (PID=2255) to work on /opt/airflow/dags/sanity_checks.py
[2026-06-24T12:55:53.736+0000] {processor.py:914} INFO - Processing file /opt/airflow/dags/sanity_checks.py for tasks to queue
[2026-06-24T12:55:53.740+0000] {logging_mixin.py:190} INFO - [2026-06-24T12:55:53.740+0000] {dagbag.py:587} INFO - Filling up the DagBag from /opt/airflow/dags/sanity_checks.py
[2026-06-24T12:55:53.757+0000] {processor.py:925} INFO - DAG(s) 'airflow_sanity_check' retrieved from /opt/airflow/dags/sanity_checks.py
[2026-06-24T12:55:53.819+0000] {logging_mixin.py:190} INFO - [2026-06-24T12:55:53.818+0000] {dag.py:3211} INFO - Sync 1 DAGs
[2026-06-24T12:55:53.841+0000] {logging_mixin.py:190} INFO - [2026-06-24T12:55:53.840+0000] {dag.py:4138} INFO - Setting next_dagrun for airflow_sanity_check to None, run_after=None
[2026-06-24T12:55:53.870+0000] {processor.py:208} INFO - Processing /opt/airflow/dags/sanity_checks.py took 0.145 seconds
[2026-06-24T12:56:24.261+0000] {processor.py:186} INFO - Started process (PID=2265) to work on /opt/airflow/dags/sanity_checks.py
[2026-06-24T12:56:24.264+0000] {processor.py:914} INFO - Processing file /opt/airflow/dags/sanity_checks.py for tasks to queue
[2026-06-24T12:56:24.270+0000] {logging_mixin.py:190} INFO - [2026-06-24T12:56:24.270+0000] {dagbag.py:587} INFO - Filling up the DagBag from /opt/airflow/dags/sanity_checks.py
[2026-06-24T12:56:24.302+0000] {processor.py:925} INFO - DAG(s) 'airflow_sanity_check' retrieved from /opt/airflow/dags/sanity_checks.py
[2026-06-24T12:56:24.353+0000] {logging_mixin.py:190} INFO - [2026-06-24T12:56:24.352+0000] {dag.py:3211} INFO - Sync 1 DAGs
[2026-06-24T12:56:24.374+0000] {logging_mixin.py:190} INFO - [2026-06-24T12:56:24.374+0000] {dag.py:4138} INFO - Setting next_dagrun for airflow_sanity_check to None, run_after=None
[2026-06-24T12:56:24.405+0000] {processor.py:208} INFO - Processing /opt/airflow/dags/sanity_checks.py took 0.156 seconds
[2026-06-24T12:56:54.815+0000] {processor.py:186} INFO - Started process (PID=2275) to work on /opt/airflow/dags/sanity_checks.py
[2026-06-24T12:56:54.816+0000] {processor.py:914} INFO - Processing file /opt/airflow/dags/sanity_checks.py for tasks to queue
[2026-06-24T12:56:54.820+0000] {logging_mixin.py:190} INFO - [2026-06-24T12:56:54.820+0000] {dagbag.py:587} INFO - Filling up the DagBag from /opt/airflow/dags/sanity_checks.py
[2026-06-24T12:56:54.835+0000] {processor.py:925} INFO - DAG(s) 'airflow_sanity_check' retrieved from /opt/airflow/dags/sanity_checks.py
[2026-06-24T12:56:54.882+0000] {logging_mixin.py:190} INFO - [2026-06-24T12:56:54.882+0000] {dag.py:3211} INFO - Sync 1 DAGs
[2026-06-24T12:56:54.912+0000] {logging_mixin.py:190} INFO - [2026-06-24T12:56:54.911+0000] {dag.py:4138} INFO - Setting next_dagrun for airflow_sanity_check to None, run_after=None
[2026-06-24T12:56:54.939+0000] {processor.py:208} INFO - Processing /opt/airflow/dags/sanity_checks.py took 0.134 seconds
[2026-06-24T12:57:25.265+0000] {processor.py:186} INFO - Started process (PID=2285) to work on /opt/airflow/dags/sanity_checks.py
[2026-06-24T12:57:25.267+0000] {processor.py:914} INFO - Processing file /opt/airflow/dags/sanity_checks.py for tasks to queue
[2026-06-24T12:57:25.270+0000] {logging_mixin.py:190} INFO - [2026-06-24T12:57:25.270+0000] {dagbag.py:587} INFO - Filling up the DagBag from /opt/airflow/dags/sanity_checks.py
[2026-06-24T12:57:25.286+0000] {processor.py:925} INFO - DAG(s) 'airflow_sanity_check' retrieved from /opt/airflow/dags/sanity_checks.py
[2026-06-24T12:57:25.328+0000] {logging_mixin.py:190} INFO - [2026-06-24T12:57:25.328+0000] {dag.py:3211} INFO - Sync 1 DAGs
[2026-06-24T12:57:25.349+0000] {logging_mixin.py:190} INFO - [2026-06-24T12:57:25.348+0000] {dag.py:4138} INFO - Setting next_dagrun for airflow_sanity_check to None, run_after=None
[2026-06-24T12:57:25.379+0000] {processor.py:208} INFO - Processing /opt/airflow/dags/sanity_checks.py took 0.122 seconds
[2026-06-24T12:57:55.726+0000] {processor.py:186} INFO - Started process (PID=2295) to work on /opt/airflow/dags/sanity_checks.py
[2026-06-24T12:57:55.727+0000] {processor.py:914} INFO - Processing file /opt/airflow/dags/sanity_checks.py for tasks to queue
[2026-06-24T12:57:55.731+0000] {logging_mixin.py:190} INFO - [2026-06-24T12:57:55.730+0000] {dagbag.py:587} INFO - Filling up the DagBag from /opt/airflow/dags/sanity_checks.py
[2026-06-24T12:57:55.750+0000] {processor.py:925} INFO - DAG(s) 'airflow_sanity_check' retrieved from /opt/airflow/dags/sanity_checks.py
[2026-06-24T12:57:55.791+0000] {logging_mixin.py:190} INFO - [2026-06-24T12:57:55.790+0000] {dag.py:3211} INFO - Sync 1 DAGs
[2026-06-24T12:57:55.813+0000] {logging_mixin.py:190} INFO - [2026-06-24T12:57:55.812+0000] {dag.py:4138} INFO - Setting next_dagrun for airflow_sanity_check to None, run_after=None
[2026-06-24T12:57:56.104+0000] {processor.py:208} INFO - Processing /opt/airflow/dags/sanity_checks.py took 0.389 seconds
[2026-06-24T12:58:26.452+0000] {processor.py:186} INFO - Started process (PID=2305) to work on /opt/airflow/dags/sanity_checks.py
[2026-06-24T12:58:26.453+0000] {processor.py:914} INFO - Processing file /opt/airflow/dags/sanity_checks.py for tasks to queue
[2026-06-24T12:58:26.459+0000] {logging_mixin.py:190} INFO - [2026-06-24T12:58:26.457+0000] {dagbag.py:587} INFO - Filling up the DagBag from /opt/airflow/dags/sanity_checks.py
[2026-06-24T12:58:26.476+0000] {processor.py:925} INFO - DAG(s) 'airflow_sanity_check' retrieved from /opt/airflow/dags/sanity_checks.py
[2026-06-24T12:58:26.520+0000] {logging_mixin.py:190} INFO - [2026-06-24T12:58:26.519+0000] {dag.py:3211} INFO - Sync 1 DAGs
[2026-06-24T12:58:26.545+0000] {logging_mixin.py:190} INFO - [2026-06-24T12:58:26.544+0000] {dag.py:4138} INFO - Setting next_dagrun for airflow_sanity_check to None, run_after=None
[2026-06-24T12:58:26.579+0000] {processor.py:208} INFO - Processing /opt/airflow/dags/sanity_checks.py took 0.137 seconds
[2026-06-24T12:58:56.929+0000] {processor.py:186} INFO - Started process (PID=2315) to work on /opt/airflow/dags/sanity_checks.py
[2026-06-24T12:58:56.931+0000] {processor.py:914} INFO - Processing file /opt/airflow/dags/sanity_checks.py for tasks to queue
[2026-06-24T12:58:56.936+0000] {logging_mixin.py:190} INFO - [2026-06-24T12:58:56.935+0000] {dagbag.py:587} INFO - Filling up the DagBag from /opt/airflow/dags/sanity_checks.py
[2026-06-24T12:58:56.952+0000] {processor.py:925} INFO - DAG(s) 'airflow_sanity_check' retrieved from /opt/airflow/dags/sanity_checks.py
[2026-06-24T12:58:56.996+0000] {logging_mixin.py:190} INFO - [2026-06-24T12:58:56.996+0000] {dag.py:3211} INFO - Sync 1 DAGs
[2026-06-24T12:58:57.021+0000] {logging_mixin.py:190} INFO - [2026-06-24T12:58:57.020+0000] {dag.py:4138} INFO - Setting next_dagrun for airflow_sanity_check to None, run_after=None
[2026-06-24T12:58:57.047+0000] {processor.py:208} INFO - Processing /opt/airflow/dags/sanity_checks.py took 0.128 seconds
[2026-06-24T12:59:27.343+0000] {processor.py:186} INFO - Started process (PID=2325) to work on /opt/airflow/dags/sanity_checks.py
[2026-06-24T12:59:27.344+0000] {processor.py:914} INFO - Processing file /opt/airflow/dags/sanity_checks.py for tasks to queue
[2026-06-24T12:59:27.348+0000] {logging_mixin.py:190} INFO - [2026-06-24T12:59:27.348+0000] {dagbag.py:587} INFO - Filling up the DagBag from /opt/airflow/dags/sanity_checks.py
[2026-06-24T12:59:27.363+0000] {processor.py:925} INFO - DAG(s) 'airflow_sanity_check' retrieved from /opt/airflow/dags/sanity_checks.py
[2026-06-24T12:59:27.406+0000] {logging_mixin.py:190} INFO - [2026-06-24T12:59:27.405+0000] {dag.py:3211} INFO - Sync 1 DAGs
[2026-06-24T12:59:27.427+0000] {logging_mixin.py:190} INFO - [2026-06-24T12:59:27.427+0000] {dag.py:4138} INFO - Setting next_dagrun for airflow_sanity_check to None, run_after=None
[2026-06-24T12:59:27.454+0000] {processor.py:208} INFO - Processing /opt/airflow/dags/sanity_checks.py took 0.119 seconds
[2026-06-24T12:59:57.812+0000] {processor.py:186} INFO - Started process (PID=2335) to work on /opt/airflow/dags/sanity_checks.py
[2026-06-24T12:59:57.813+0000] {processor.py:914} INFO - Processing file /opt/airflow/dags/sanity_checks.py for tasks to queue
[2026-06-24T12:59:57.816+0000] {logging_mixin.py:190} INFO - [2026-06-24T12:59:57.816+0000] {dagbag.py:587} INFO - Filling up the DagBag from /opt/airflow/dags/sanity_checks.py
[2026-06-24T12:59:57.832+0000] {processor.py:925} INFO - DAG(s) 'airflow_sanity_check' retrieved from /opt/airflow/dags/sanity_checks.py
[2026-06-24T12:59:57.876+0000] {logging_mixin.py:190} INFO - [2026-06-24T12:59:57.875+0000] {dag.py:3211} INFO - Sync 1 DAGs
[2026-06-24T12:59:57.897+0000] {logging_mixin.py:190} INFO - [2026-06-24T12:59:57.897+0000] {dag.py:4138} INFO - Setting next_dagrun for airflow_sanity_check to None, run_after=None
[2026-06-24T12:59:57.926+0000] {processor.py:208} INFO - Processing /opt/airflow/dags/sanity_checks.py took 0.124 seconds
[2026-06-24T13:00:28.244+0000] {processor.py:186} INFO - Started process (PID=2345) to work on /opt/airflow/dags/sanity_checks.py
[2026-06-24T13:00:28.245+0000] {processor.py:914} INFO - Processing file /opt/airflow/dags/sanity_checks.py for tasks to queue
[2026-06-24T13:00:28.249+0000] {logging_mixin.py:190} INFO - [2026-06-24T13:00:28.248+0000] {dagbag.py:587} INFO - Filling up the DagBag from /opt/airflow/dags/sanity_checks.py
[2026-06-24T13:00:28.264+0000] {processor.py:925} INFO - DAG(s) 'airflow_sanity_check' retrieved from /opt/airflow/dags/sanity_checks.py
[2026-06-24T13:00:28.308+0000] {logging_mixin.py:190} INFO - [2026-06-24T13:00:28.307+0000] {dag.py:3211} INFO - Sync 1 DAGs
[2026-06-24T13:00:28.329+0000] {logging_mixin.py:190} INFO - [2026-06-24T13:00:28.329+0000] {dag.py:4138} INFO - Setting next_dagrun for airflow_sanity_check to None, run_after=None
[2026-06-24T13:00:28.359+0000] {processor.py:208} INFO - Processing /opt/airflow/dags/sanity_checks.py took 0.124 seconds
[2026-06-24T13:00:58.683+0000] {processor.py:186} INFO - Started process (PID=2355) to work on /opt/airflow/dags/sanity_checks.py
[2026-06-24T13:00:58.684+0000] {processor.py:914} INFO - Processing file /opt/airflow/dags/sanity_checks.py for tasks to queue
[2026-06-24T13:00:58.688+0000] {logging_mixin.py:190} INFO - [2026-06-24T13:00:58.688+0000] {dagbag.py:587} INFO - Filling up the DagBag from /opt/airflow/dags/sanity_checks.py
[2026-06-24T13:00:58.706+0000] {processor.py:925} INFO - DAG(s) 'airflow_sanity_check' retrieved from /opt/airflow/dags/sanity_checks.py
[2026-06-24T13:00:58.756+0000] {logging_mixin.py:190} INFO - [2026-06-24T13:00:58.755+0000] {dag.py:3211} INFO - Sync 1 DAGs
[2026-06-24T13:00:58.782+0000] {logging_mixin.py:190} INFO - [2026-06-24T13:00:58.782+0000] {dag.py:4138} INFO - Setting next_dagrun for airflow_sanity_check to None, run_after=None
[2026-06-24T13:00:58.998+0000] {processor.py:208} INFO - Processing /opt/airflow/dags/sanity_checks.py took 0.324 seconds
[2026-06-24T13:01:29.330+0000] {processor.py:186} INFO - Started process (PID=2365) to work on /opt/airflow/dags/sanity_checks.py
[2026-06-24T13:01:29.331+0000] {processor.py:914} INFO - Processing file /opt/airflow/dags/sanity_checks.py for tasks to queue
[2026-06-24T13:01:29.335+0000] {logging_mixin.py:190} INFO - [2026-06-24T13:01:29.335+0000] {dagbag.py:587} INFO - Filling up the DagBag from /opt/airflow/dags/sanity_checks.py
[2026-06-24T13:01:29.352+0000] {processor.py:925} INFO - DAG(s) 'airflow_sanity_check' retrieved from /opt/airflow/dags/sanity_checks.py
[2026-06-24T13:01:29.394+0000] {logging_mixin.py:190} INFO - [2026-06-24T13:01:29.394+0000] {dag.py:3211} INFO - Sync 1 DAGs
[2026-06-24T13:01:29.414+0000] {logging_mixin.py:190} INFO - [2026-06-24T13:01:29.414+0000] {dag.py:4138} INFO - Setting next_dagrun for airflow_sanity_check to None, run_after=None
[2026-06-24T13:01:29.440+0000] {processor.py:208} INFO - Processing /opt/airflow/dags/sanity_checks.py took 0.119 seconds
[2026-06-24T13:01:59.764+0000] {processor.py:186} INFO - Started process (PID=2375) to work on /opt/airflow/dags/sanity_checks.py
[2026-06-24T13:01:59.765+0000] {processor.py:914} INFO - Processing file /opt/airflow/dags/sanity_checks.py for tasks to queue
[2026-06-24T13:01:59.769+0000] {logging_mixin.py:190} INFO - [2026-06-24T13:01:59.769+0000] {dagbag.py:587} INFO - Filling up the DagBag from /opt/airflow/dags/sanity_checks.py
[2026-06-24T13:01:59.785+0000] {processor.py:925} INFO - DAG(s) 'airflow_sanity_check' retrieved from /opt/airflow/dags/sanity_checks.py
[2026-06-24T13:01:59.826+0000] {logging_mixin.py:190} INFO - [2026-06-24T13:01:59.826+0000] {dag.py:3211} INFO - Sync 1 DAGs
[2026-06-24T13:01:59.849+0000] {logging_mixin.py:190} INFO - [2026-06-24T13:01:59.849+0000] {dag.py:4138} INFO - Setting next_dagrun for airflow_sanity_check to None, run_after=None
[2026-06-24T13:01:59.879+0000] {processor.py:208} INFO - Processing /opt/airflow/dags/sanity_checks.py took 0.124 seconds
[2026-06-24T13:02:30.196+0000] {processor.py:186} INFO - Started process (PID=2385) to work on /opt/airflow/dags/sanity_checks.py
[2026-06-24T13:02:30.198+0000] {processor.py:914} INFO - Processing file /opt/airflow/dags/sanity_checks.py for tasks to queue
[2026-06-24T13:02:30.203+0000] {logging_mixin.py:190} INFO - [2026-06-24T13:02:30.202+0000] {dagbag.py:587} INFO - Filling up the DagBag from /opt/airflow/dags/sanity_checks.py
[2026-06-24T13:02:30.217+0000] {processor.py:925} INFO - DAG(s) 'airflow_sanity_check' retrieved from /opt/airflow/dags/sanity_checks.py
[2026-06-24T13:02:30.260+0000] {logging_mixin.py:190} INFO - [2026-06-24T13:02:30.259+0000] {dag.py:3211} INFO - Sync 1 DAGs
[2026-06-24T13:02:30.281+0000] {logging_mixin.py:190} INFO - [2026-06-24T13:02:30.281+0000] {dag.py:4138} INFO - Setting next_dagrun for airflow_sanity_check to None, run_after=None
[2026-06-24T13:02:30.309+0000] {processor.py:208} INFO - Processing /opt/airflow/dags/sanity_checks.py took 0.125 seconds
[2026-06-24T13:03:00.626+0000] {processor.py:186} INFO - Started process (PID=2395) to work on /opt/airflow/dags/sanity_checks.py
[2026-06-24T13:03:00.628+0000] {processor.py:914} INFO - Processing file /opt/airflow/dags/sanity_checks.py for tasks to queue
[2026-06-24T13:03:00.631+0000] {logging_mixin.py:190} INFO - [2026-06-24T13:03:00.631+0000] {dagbag.py:587} INFO - Filling up the DagBag from /opt/airflow/dags/sanity_checks.py
[2026-06-24T13:03:00.647+0000] {processor.py:925} INFO - DAG(s) 'airflow_sanity_check' retrieved from /opt/airflow/dags/sanity_checks.py
[2026-06-24T13:03:00.691+0000] {logging_mixin.py:190} INFO - [2026-06-24T13:03:00.691+0000] {dag.py:3211} INFO - Sync 1 DAGs
[2026-06-24T13:03:00.718+0000] {logging_mixin.py:190} INFO - [2026-06-24T13:03:00.718+0000] {dag.py:4138} INFO - Setting next_dagrun for airflow_sanity_check to None, run_after=None
[2026-06-24T13:03:00.747+0000] {processor.py:208} INFO - Processing /opt/airflow/dags/sanity_checks.py took 0.129 seconds
[2026-06-24T13:03:31.124+0000] {processor.py:186} INFO - Started process (PID=2405) to work on /opt/airflow/dags/sanity_checks.py
[2026-06-24T13:03:31.126+0000] {processor.py:914} INFO - Processing file /opt/airflow/dags/sanity_checks.py for tasks to queue
[2026-06-24T13:03:31.129+0000] {logging_mixin.py:190} INFO - [2026-06-24T13:03:31.129+0000] {dagbag.py:587} INFO - Filling up the DagBag from /opt/airflow/dags/sanity_checks.py
[2026-06-24T13:03:31.145+0000] {processor.py:925} INFO - DAG(s) 'airflow_sanity_check' retrieved from /opt/airflow/dags/sanity_checks.py
[2026-06-24T13:03:31.187+0000] {logging_mixin.py:190} INFO - [2026-06-24T13:03:31.186+0000] {dag.py:3211} INFO - Sync 1 DAGs
[2026-06-24T13:03:31.209+0000] {logging_mixin.py:190} INFO - [2026-06-24T13:03:31.208+0000] {dag.py:4138} INFO - Setting next_dagrun for airflow_sanity_check to None, run_after=None
[2026-06-24T13:03:31.237+0000] {processor.py:208} INFO - Processing /opt/airflow/dags/sanity_checks.py took 0.121 seconds
[2026-06-24T13:04:01.650+0000] {processor.py:186} INFO - Started process (PID=2415) to work on /opt/airflow/dags/sanity_checks.py
[2026-06-24T13:04:01.652+0000] {processor.py:914} INFO - Processing file /opt/airflow/dags/sanity_checks.py for tasks to queue
[2026-06-24T13:04:01.655+0000] {logging_mixin.py:190} INFO - [2026-06-24T13:04:01.654+0000] {dagbag.py:587} INFO - Filling up the DagBag from /opt/airflow/dags/sanity_checks.py
[2026-06-24T13:04:01.672+0000] {processor.py:925} INFO - DAG(s) 'airflow_sanity_check' retrieved from /opt/airflow/dags/sanity_checks.py
[2026-06-24T13:04:01.733+0000] {logging_mixin.py:190} INFO - [2026-06-24T13:04:01.733+0000] {dag.py:3211} INFO - Sync 1 DAGs
[2026-06-24T13:04:01.976+0000] {logging_mixin.py:190} INFO - [2026-06-24T13:04:01.976+0000] {dag.py:4138} INFO - Setting next_dagrun for airflow_sanity_check to None, run_after=None
[2026-06-24T13:04:02.002+0000] {processor.py:208} INFO - Processing /opt/airflow/dags/sanity_checks.py took 0.362 seconds
[2026-06-24T13:04:32.324+0000] {processor.py:186} INFO - Started process (PID=2425) to work on /opt/airflow/dags/sanity_checks.py
[2026-06-24T13:04:32.326+0000] {processor.py:914} INFO - Processing file /opt/airflow/dags/sanity_checks.py for tasks to queue
[2026-06-24T13:04:32.329+0000] {logging_mixin.py:190} INFO - [2026-06-24T13:04:32.329+0000] {dagbag.py:587} INFO - Filling up the DagBag from /opt/airflow/dags/sanity_checks.py
[2026-06-24T13:04:32.345+0000] {processor.py:925} INFO - DAG(s) 'airflow_sanity_check' retrieved from /opt/airflow/dags/sanity_checks.py
[2026-06-24T13:04:32.387+0000] {logging_mixin.py:190} INFO - [2026-06-24T13:04:32.386+0000] {dag.py:3211} INFO - Sync 1 DAGs
[2026-06-24T13:04:32.408+0000] {logging_mixin.py:190} INFO - [2026-06-24T13:04:32.408+0000] {dag.py:4138} INFO - Setting next_dagrun for airflow_sanity_check to None, run_after=None
[2026-06-24T13:04:32.435+0000] {processor.py:208} INFO - Processing /opt/airflow/dags/sanity_checks.py took 0.121 seconds
[2026-06-24T13:05:03.008+0000] {processor.py:186} INFO - Started process (PID=2435) to work on /opt/airflow/dags/sanity_checks.py
[2026-06-24T13:05:03.010+0000] {processor.py:914} INFO - Processing file /opt/airflow/dags/sanity_checks.py for tasks to queue
[2026-06-24T13:05:03.013+0000] {logging_mixin.py:190} INFO - [2026-06-24T13:05:03.013+0000] {dagbag.py:587} INFO - Filling up the DagBag from /opt/airflow/dags/sanity_checks.py
[2026-06-24T13:05:03.031+0000] {processor.py:925} INFO - DAG(s) 'airflow_sanity_check' retrieved from /opt/airflow/dags/sanity_checks.py
[2026-06-24T13:05:03.075+0000] {logging_mixin.py:190} INFO - [2026-06-24T13:05:03.074+0000] {dag.py:3211} INFO - Sync 1 DAGs
[2026-06-24T13:05:03.096+0000] {logging_mixin.py:190} INFO - [2026-06-24T13:05:03.096+0000] {dag.py:4138} INFO - Setting next_dagrun for airflow_sanity_check to None, run_after=None
[2026-06-24T13:05:03.122+0000] {processor.py:208} INFO - Processing /opt/airflow/dags/sanity_checks.py took 0.122 seconds
[2026-06-24T13:05:33.452+0000] {processor.py:186} INFO - Started process (PID=2445) to work on /opt/airflow/dags/sanity_checks.py
[2026-06-24T13:05:33.454+0000] {processor.py:914} INFO - Processing file /opt/airflow/dags/sanity_checks.py for tasks to queue
[2026-06-24T13:05:33.457+0000] {logging_mixin.py:190} INFO - [2026-06-24T13:05:33.456+0000] {dagbag.py:587} INFO - Filling up the DagBag from /opt/airflow/dags/sanity_checks.py
[2026-06-24T13:05:33.471+0000] {processor.py:925} INFO - DAG(s) 'airflow_sanity_check' retrieved from /opt/airflow/dags/sanity_checks.py
[2026-06-24T13:05:33.517+0000] {logging_mixin.py:190} INFO - [2026-06-24T13:05:33.517+0000] {dag.py:3211} INFO - Sync 1 DAGs
[2026-06-24T13:05:33.540+0000] {logging_mixin.py:190} INFO - [2026-06-24T13:05:33.540+0000] {dag.py:4138} INFO - Setting next_dagrun for airflow_sanity_check to None, run_after=None
[2026-06-24T13:05:33.574+0000] {processor.py:208} INFO - Processing /opt/airflow/dags/sanity_checks.py took 0.132 seconds
[2026-06-24T13:06:40.112+0000] {processor.py:186} INFO - Started process (PID=2455) to work on /opt/airflow/dags/sanity_checks.py
[2026-06-24T13:06:40.114+0000] {processor.py:914} INFO - Processing file /opt/airflow/dags/sanity_checks.py for tasks to queue
[2026-06-24T13:06:40.118+0000] {logging_mixin.py:190} INFO - [2026-06-24T13:06:40.117+0000] {dagbag.py:587} INFO - Filling up the DagBag from /opt/airflow/dags/sanity_checks.py
[2026-06-24T13:06:40.133+0000] {processor.py:925} INFO - DAG(s) 'airflow_sanity_check' retrieved from /opt/airflow/dags/sanity_checks.py
[2026-06-24T13:06:40.176+0000] {logging_mixin.py:190} INFO - [2026-06-24T13:06:40.176+0000] {dag.py:3211} INFO - Sync 1 DAGs
[2026-06-24T13:06:40.198+0000] {logging_mixin.py:190} INFO - [2026-06-24T13:06:40.197+0000] {dag.py:4138} INFO - Setting next_dagrun for airflow_sanity_check to None, run_after=None
[2026-06-24T13:06:40.226+0000] {processor.py:208} INFO - Processing /opt/airflow/dags/sanity_checks.py took 0.123 seconds
[2026-06-24T13:27:04.929+0000] {processor.py:186} INFO - Started process (PID=2465) to work on /opt/airflow/dags/sanity_checks.py
[2026-06-24T13:27:04.931+0000] {processor.py:914} INFO - Processing file /opt/airflow/dags/sanity_checks.py for tasks to queue
[2026-06-24T13:27:04.934+0000] {logging_mixin.py:190} INFO - [2026-06-24T13:27:04.934+0000] {dagbag.py:587} INFO - Filling up the DagBag from /opt/airflow/dags/sanity_checks.py
[2026-06-24T13:27:04.951+0000] {processor.py:925} INFO - DAG(s) 'airflow_sanity_check' retrieved from /opt/airflow/dags/sanity_checks.py
[2026-06-24T13:27:05.000+0000] {logging_mixin.py:190} INFO - [2026-06-24T13:27:05.000+0000] {dag.py:3211} INFO - Sync 1 DAGs
[2026-06-24T13:27:05.023+0000] {logging_mixin.py:190} INFO - [2026-06-24T13:27:05.023+0000] {dag.py:4138} INFO - Setting next_dagrun for airflow_sanity_check to None, run_after=None
[2026-06-24T13:27:05.284+0000] {processor.py:208} INFO - Processing /opt/airflow/dags/sanity_checks.py took 0.367 seconds
[2026-06-24T13:27:35.617+0000] {processor.py:186} INFO - Started process (PID=2475) to work on /opt/airflow/dags/sanity_checks.py
[2026-06-24T13:27:35.621+0000] {processor.py:914} INFO - Processing file /opt/airflow/dags/sanity_checks.py for tasks to queue
[2026-06-24T13:27:35.624+0000] {logging_mixin.py:190} INFO - [2026-06-24T13:27:35.624+0000] {dagbag.py:587} INFO - Filling up the DagBag from /opt/airflow/dags/sanity_checks.py
[2026-06-24T13:27:35.641+0000] {processor.py:925} INFO - DAG(s) 'airflow_sanity_check' retrieved from /opt/airflow/dags/sanity_checks.py
[2026-06-24T13:27:35.689+0000] {logging_mixin.py:190} INFO - [2026-06-24T13:27:35.689+0000] {dag.py:3211} INFO - Sync 1 DAGs
[2026-06-24T13:27:35.953+0000] {logging_mixin.py:190} INFO - [2026-06-24T13:27:35.952+0000] {dag.py:4138} INFO - Setting next_dagrun for airflow_sanity_check to None, run_after=None
[2026-06-24T13:27:35.992+0000] {processor.py:208} INFO - Processing /opt/airflow/dags/sanity_checks.py took 0.384 seconds
[2026-06-24T13:28:06.323+0000] {processor.py:186} INFO - Started process (PID=2485) to work on /opt/airflow/dags/sanity_checks.py
[2026-06-24T13:28:06.325+0000] {processor.py:914} INFO - Processing file /opt/airflow/dags/sanity_checks.py for tasks to queue
[2026-06-24T13:28:06.329+0000] {logging_mixin.py:190} INFO - [2026-06-24T13:28:06.328+0000] {dagbag.py:587} INFO - Filling up the DagBag from /opt/airflow/dags/sanity_checks.py
[2026-06-24T13:28:06.344+0000] {processor.py:925} INFO - DAG(s) 'airflow_sanity_check' retrieved from /opt/airflow/dags/sanity_checks.py
[2026-06-24T13:28:06.398+0000] {logging_mixin.py:190} INFO - [2026-06-24T13:28:06.397+0000] {dag.py:3211} INFO - Sync 1 DAGs
[2026-06-24T13:28:06.419+0000] {logging_mixin.py:190} INFO - [2026-06-24T13:28:06.419+0000] {dag.py:4138} INFO - Setting next_dagrun for airflow_sanity_check to None, run_after=None
[2026-06-24T13:28:06.446+0000] {processor.py:208} INFO - Processing /opt/airflow/dags/sanity_checks.py took 0.131 seconds
[2026-06-24T13:28:36.757+0000] {processor.py:186} INFO - Started process (PID=2495) to work on /opt/airflow/dags/sanity_checks.py
[2026-06-24T13:28:36.762+0000] {processor.py:914} INFO - Processing file /opt/airflow/dags/sanity_checks.py for tasks to queue
[2026-06-24T13:28:36.766+0000] {logging_mixin.py:190} INFO - [2026-06-24T13:28:36.765+0000] {dagbag.py:587} INFO - Filling up the DagBag from /opt/airflow/dags/sanity_checks.py
[2026-06-24T13:28:36.784+0000] {processor.py:925} INFO - DAG(s) 'airflow_sanity_check' retrieved from /opt/airflow/dags/sanity_checks.py
[2026-06-24T13:28:36.830+0000] {logging_mixin.py:190} INFO - [2026-06-24T13:28:36.830+0000] {dag.py:3211} INFO - Sync 1 DAGs
[2026-06-24T13:28:36.859+0000] {logging_mixin.py:190} INFO - [2026-06-24T13:28:36.858+0000] {dag.py:4138} INFO - Setting next_dagrun for airflow_sanity_check to None, run_after=None
[2026-06-24T13:28:37.044+0000] {processor.py:208} INFO - Processing /opt/airflow/dags/sanity_checks.py took 0.296 seconds
[2026-06-24T13:29:07.591+0000] {processor.py:186} INFO - Started process (PID=2505) to work on /opt/airflow/dags/sanity_checks.py
[2026-06-24T13:29:07.593+0000] {processor.py:914} INFO - Processing file /opt/airflow/dags/sanity_checks.py for tasks to queue
[2026-06-24T13:29:07.597+0000] {logging_mixin.py:190} INFO - [2026-06-24T13:29:07.596+0000] {dagbag.py:587} INFO - Filling up the DagBag from /opt/airflow/dags/sanity_checks.py
[2026-06-24T13:29:07.613+0000] {processor.py:925} INFO - DAG(s) 'airflow_sanity_check' retrieved from /opt/airflow/dags/sanity_checks.py
[2026-06-24T13:29:07.657+0000] {logging_mixin.py:190} INFO - [2026-06-24T13:29:07.657+0000] {dag.py:3211} INFO - Sync 1 DAGs
[2026-06-24T13:29:07.680+0000] {logging_mixin.py:190} INFO - [2026-06-24T13:29:07.679+0000] {dag.py:4138} INFO - Setting next_dagrun for airflow_sanity_check to None, run_after=None
[2026-06-24T13:29:07.707+0000] {processor.py:208} INFO - Processing /opt/airflow/dags/sanity_checks.py took 0.125 seconds
[2026-06-24T13:29:38.141+0000] {processor.py:186} INFO - Started process (PID=2515) to work on /opt/airflow/dags/sanity_checks.py
[2026-06-24T13:29:38.142+0000] {processor.py:914} INFO - Processing file /opt/airflow/dags/sanity_checks.py for tasks to queue
[2026-06-24T13:29:38.147+0000] {logging_mixin.py:190} INFO - [2026-06-24T13:29:38.147+0000] {dagbag.py:587} INFO - Filling up the DagBag from /opt/airflow/dags/sanity_checks.py
[2026-06-24T13:29:38.171+0000] {processor.py:925} INFO - DAG(s) 'airflow_sanity_check' retrieved from /opt/airflow/dags/sanity_checks.py
[2026-06-24T13:29:38.227+0000] {logging_mixin.py:190} INFO - [2026-06-24T13:29:38.227+0000] {dag.py:3211} INFO - Sync 1 DAGs
[2026-06-24T13:29:38.255+0000] {logging_mixin.py:190} INFO - [2026-06-24T13:29:38.255+0000] {dag.py:4138} INFO - Setting next_dagrun for airflow_sanity_check to None, run_after=None
[2026-06-24T13:29:38.287+0000] {processor.py:208} INFO - Processing /opt/airflow/dags/sanity_checks.py took 0.158 seconds
[2026-06-24T13:30:08.628+0000] {processor.py:186} INFO - Started process (PID=2525) to work on /opt/airflow/dags/sanity_checks.py
[2026-06-24T13:30:08.630+0000] {processor.py:914} INFO - Processing file /opt/airflow/dags/sanity_checks.py for tasks to queue
[2026-06-24T13:30:08.634+0000] {logging_mixin.py:190} INFO - [2026-06-24T13:30:08.633+0000] {dagbag.py:587} INFO - Filling up the DagBag from /opt/airflow/dags/sanity_checks.py
[2026-06-24T13:30:08.649+0000] {processor.py:925} INFO - DAG(s) 'airflow_sanity_check' retrieved from /opt/airflow/dags/sanity_checks.py
[2026-06-24T13:30:08.692+0000] {logging_mixin.py:190} INFO - [2026-06-24T13:30:08.692+0000] {dag.py:3211} INFO - Sync 1 DAGs
[2026-06-24T13:30:08.714+0000] {logging_mixin.py:190} INFO - [2026-06-24T13:30:08.714+0000] {dag.py:4138} INFO - Setting next_dagrun for airflow_sanity_check to None, run_after=None
[2026-06-24T13:30:08.939+0000] {processor.py:208} INFO - Processing /opt/airflow/dags/sanity_checks.py took 0.320 seconds
[2026-06-24T13:30:39.268+0000] {processor.py:186} INFO - Started process (PID=2535) to work on /opt/airflow/dags/sanity_checks.py
[2026-06-24T13:30:39.270+0000] {processor.py:914} INFO - Processing file /opt/airflow/dags/sanity_checks.py for tasks to queue
[2026-06-24T13:30:39.274+0000] {logging_mixin.py:190} INFO - [2026-06-24T13:30:39.273+0000] {dagbag.py:587} INFO - Filling up the DagBag from /opt/airflow/dags/sanity_checks.py
[2026-06-24T13:30:39.290+0000] {processor.py:925} INFO - DAG(s) 'airflow_sanity_check' retrieved from /opt/airflow/dags/sanity_checks.py
[2026-06-24T13:30:39.335+0000] {logging_mixin.py:190} INFO - [2026-06-24T13:30:39.335+0000] {dag.py:3211} INFO - Sync 1 DAGs
[2026-06-24T13:30:39.357+0000] {logging_mixin.py:190} INFO - [2026-06-24T13:30:39.357+0000] {dag.py:4138} INFO - Setting next_dagrun for airflow_sanity_check to None, run_after=None
[2026-06-24T13:30:39.388+0000] {processor.py:208} INFO - Processing /opt/airflow/dags/sanity_checks.py took 0.130 seconds
[2026-06-24T13:31:09.733+0000] {processor.py:186} INFO - Started process (PID=2545) to work on /opt/airflow/dags/sanity_checks.py
[2026-06-24T13:31:09.735+0000] {processor.py:914} INFO - Processing file /opt/airflow/dags/sanity_checks.py for tasks to queue
[2026-06-24T13:31:09.739+0000] {logging_mixin.py:190} INFO - [2026-06-24T13:31:09.738+0000] {dagbag.py:587} INFO - Filling up the DagBag from /opt/airflow/dags/sanity_checks.py
[2026-06-24T13:31:09.758+0000] {processor.py:925} INFO - DAG(s) 'airflow_sanity_check' retrieved from /opt/airflow/dags/sanity_checks.py
[2026-06-24T13:31:09.809+0000] {logging_mixin.py:190} INFO - [2026-06-24T13:31:09.808+0000] {dag.py:3211} INFO - Sync 1 DAGs
[2026-06-24T13:31:09.832+0000] {logging_mixin.py:190} INFO - [2026-06-24T13:31:09.832+0000] {dag.py:4138} INFO - Setting next_dagrun for airflow_sanity_check to None, run_after=None
[2026-06-24T13:31:09.862+0000] {processor.py:208} INFO - Processing /opt/airflow/dags/sanity_checks.py took 0.140 seconds
[2026-06-24T13:31:40.193+0000] {processor.py:186} INFO - Started process (PID=2555) to work on /opt/airflow/dags/sanity_checks.py
[2026-06-24T13:31:40.195+0000] {processor.py:914} INFO - Processing file /opt/airflow/dags/sanity_checks.py for tasks to queue
[2026-06-24T13:31:40.200+0000] {logging_mixin.py:190} INFO - [2026-06-24T13:31:40.199+0000] {dagbag.py:587} INFO - Filling up the DagBag from /opt/airflow/dags/sanity_checks.py
[2026-06-24T13:31:40.216+0000] {processor.py:925} INFO - DAG(s) 'airflow_sanity_check' retrieved from /opt/airflow/dags/sanity_checks.py
[2026-06-24T13:31:40.262+0000] {logging_mixin.py:190} INFO - [2026-06-24T13:31:40.261+0000] {dag.py:3211} INFO - Sync 1 DAGs
[2026-06-24T13:31:40.285+0000] {logging_mixin.py:190} INFO - [2026-06-24T13:31:40.285+0000] {dag.py:4138} INFO - Setting next_dagrun for airflow_sanity_check to None, run_after=None
[2026-06-24T13:31:40.314+0000] {processor.py:208} INFO - Processing /opt/airflow/dags/sanity_checks.py took 0.130 seconds
[2026-06-24T13:32:10.656+0000] {processor.py:186} INFO - Started process (PID=2565) to work on /opt/airflow/dags/sanity_checks.py
[2026-06-24T13:32:10.658+0000] {processor.py:914} INFO - Processing file /opt/airflow/dags/sanity_checks.py for tasks to queue
[2026-06-24T13:32:10.663+0000] {logging_mixin.py:190} INFO - [2026-06-24T13:32:10.662+0000] {dagbag.py:587} INFO - Filling up the DagBag from /opt/airflow/dags/sanity_checks.py
[2026-06-24T13:32:10.680+0000] {processor.py:925} INFO - DAG(s) 'airflow_sanity_check' retrieved from /opt/airflow/dags/sanity_checks.py
[2026-06-24T13:32:10.733+0000] {logging_mixin.py:190} INFO - [2026-06-24T13:32:10.733+0000] {dag.py:3211} INFO - Sync 1 DAGs
[2026-06-24T13:32:10.842+0000] {logging_mixin.py:190} INFO - [2026-06-24T13:32:10.842+0000] {dag.py:4138} INFO - Setting next_dagrun for airflow_sanity_check to None, run_after=None
[2026-06-24T13:32:10.883+0000] {processor.py:208} INFO - Processing /opt/airflow/dags/sanity_checks.py took 0.238 seconds
[2026-06-24T13:32:41.145+0000] {processor.py:186} INFO - Started process (PID=2575) to work on /opt/airflow/dags/sanity_checks.py
[2026-06-24T13:32:41.147+0000] {processor.py:914} INFO - Processing file /opt/airflow/dags/sanity_checks.py for tasks to queue
[2026-06-24T13:32:41.150+0000] {logging_mixin.py:190} INFO - [2026-06-24T13:32:41.150+0000] {dagbag.py:587} INFO - Filling up the DagBag from /opt/airflow/dags/sanity_checks.py
[2026-06-24T13:32:41.166+0000] {processor.py:925} INFO - DAG(s) 'airflow_sanity_check' retrieved from /opt/airflow/dags/sanity_checks.py
[2026-06-24T13:32:41.207+0000] {logging_mixin.py:190} INFO - [2026-06-24T13:32:41.207+0000] {dag.py:3211} INFO - Sync 1 DAGs
[2026-06-24T13:32:41.229+0000] {logging_mixin.py:190} INFO - [2026-06-24T13:32:41.229+0000] {dag.py:4138} INFO - Setting next_dagrun for airflow_sanity_check to None, run_after=None
[2026-06-24T13:32:41.258+0000] {processor.py:208} INFO - Processing /opt/airflow/dags/sanity_checks.py took 0.122 seconds
[2026-06-24T16:20:05.650+0000] {processor.py:186} INFO - Started process (PID=2585) to work on /opt/airflow/dags/sanity_checks.py
[2026-06-24T16:20:05.652+0000] {processor.py:914} INFO - Processing file /opt/airflow/dags/sanity_checks.py for tasks to queue
[2026-06-24T16:20:05.655+0000] {logging_mixin.py:190} INFO - [2026-06-24T16:20:05.655+0000] {dagbag.py:587} INFO - Filling up the DagBag from /opt/airflow/dags/sanity_checks.py
[2026-06-24T16:20:05.676+0000] {processor.py:925} INFO - DAG(s) 'airflow_sanity_check' retrieved from /opt/airflow/dags/sanity_checks.py
[2026-06-24T16:20:05.726+0000] {logging_mixin.py:190} INFO - [2026-06-24T16:20:05.726+0000] {dag.py:3211} INFO - Sync 1 DAGs
[2026-06-24T16:20:06.145+0000] {logging_mixin.py:190} INFO - [2026-06-24T16:20:06.144+0000] {dag.py:4138} INFO - Setting next_dagrun for airflow_sanity_check to None, run_after=None
[2026-06-24T16:20:06.219+0000] {processor.py:208} INFO - Processing /opt/airflow/dags/sanity_checks.py took 0.585 seconds
[2026-06-24T16:20:36.610+0000] {processor.py:186} INFO - Started process (PID=2595) to work on /opt/airflow/dags/sanity_checks.py
[2026-06-24T16:20:36.612+0000] {processor.py:914} INFO - Processing file /opt/airflow/dags/sanity_checks.py for tasks to queue
[2026-06-24T16:20:36.616+0000] {logging_mixin.py:190} INFO - [2026-06-24T16:20:36.615+0000] {dagbag.py:587} INFO - Filling up the DagBag from /opt/airflow/dags/sanity_checks.py
[2026-06-24T16:20:36.633+0000] {processor.py:925} INFO - DAG(s) 'airflow_sanity_check' retrieved from /opt/airflow/dags/sanity_checks.py
[2026-06-24T16:20:36.736+0000] {logging_mixin.py:190} INFO - [2026-06-24T16:20:36.735+0000] {dag.py:3211} INFO - Sync 1 DAGs
[2026-06-24T16:20:36.785+0000] {logging_mixin.py:190} INFO - [2026-06-24T16:20:36.784+0000] {dag.py:4138} INFO - Setting next_dagrun for airflow_sanity_check to None, run_after=None
[2026-06-24T16:20:36.820+0000] {processor.py:208} INFO - Processing /opt/airflow/dags/sanity_checks.py took 0.222 seconds
[2026-06-24T16:21:07.219+0000] {processor.py:186} INFO - Started process (PID=2605) to work on /opt/airflow/dags/sanity_checks.py
[2026-06-24T16:21:07.221+0000] {processor.py:914} INFO - Processing file /opt/airflow/dags/sanity_checks.py for tasks to queue
[2026-06-24T16:21:07.224+0000] {logging_mixin.py:190} INFO - [2026-06-24T16:21:07.224+0000] {dagbag.py:587} INFO - Filling up the DagBag from /opt/airflow/dags/sanity_checks.py
[2026-06-24T16:21:07.241+0000] {processor.py:925} INFO - DAG(s) 'airflow_sanity_check' retrieved from /opt/airflow/dags/sanity_checks.py
[2026-06-24T16:21:07.287+0000] {logging_mixin.py:190} INFO - [2026-06-24T16:21:07.287+0000] {dag.py:3211} INFO - Sync 1 DAGs
[2026-06-24T16:21:07.311+0000] {logging_mixin.py:190} INFO - [2026-06-24T16:21:07.311+0000] {dag.py:4138} INFO - Setting next_dagrun for airflow_sanity_check to None, run_after=None
[2026-06-24T16:21:07.340+0000] {processor.py:208} INFO - Processing /opt/airflow/dags/sanity_checks.py took 0.131 seconds
[2026-06-24T16:21:37.684+0000] {processor.py:186} INFO - Started process (PID=2615) to work on /opt/airflow/dags/sanity_checks.py
[2026-06-24T16:21:37.686+0000] {processor.py:914} INFO - Processing file /opt/airflow/dags/sanity_checks.py for tasks to queue
[2026-06-24T16:21:37.690+0000] {logging_mixin.py:190} INFO - [2026-06-24T16:21:37.690+0000] {dagbag.py:587} INFO - Filling up the DagBag from /opt/airflow/dags/sanity_checks.py
[2026-06-24T16:21:37.706+0000] {processor.py:925} INFO - DAG(s) 'airflow_sanity_check' retrieved from /opt/airflow/dags/sanity_checks.py
[2026-06-24T16:21:37.747+0000] {logging_mixin.py:190} INFO - [2026-06-24T16:21:37.747+0000] {dag.py:3211} INFO - Sync 1 DAGs
[2026-06-24T16:21:37.769+0000] {logging_mixin.py:190} INFO - [2026-06-24T16:21:37.768+0000] {dag.py:4138} INFO - Setting next_dagrun for airflow_sanity_check to None, run_after=None
[2026-06-24T16:21:37.796+0000] {processor.py:208} INFO - Processing /opt/airflow/dags/sanity_checks.py took 0.120 seconds
[2026-06-24T16:22:08.165+0000] {processor.py:186} INFO - Started process (PID=2625) to work on /opt/airflow/dags/sanity_checks.py
[2026-06-24T16:22:08.167+0000] {processor.py:914} INFO - Processing file /opt/airflow/dags/sanity_checks.py for tasks to queue
[2026-06-24T16:22:08.170+0000] {logging_mixin.py:190} INFO - [2026-06-24T16:22:08.170+0000] {dagbag.py:587} INFO - Filling up the DagBag from /opt/airflow/dags/sanity_checks.py
[2026-06-24T16:22:08.186+0000] {processor.py:925} INFO - DAG(s) 'airflow_sanity_check' retrieved from /opt/airflow/dags/sanity_checks.py
[2026-06-24T16:22:08.231+0000] {logging_mixin.py:190} INFO - [2026-06-24T16:22:08.231+0000] {dag.py:3211} INFO - Sync 1 DAGs
[2026-06-24T16:22:08.252+0000] {logging_mixin.py:190} INFO - [2026-06-24T16:22:08.252+0000] {dag.py:4138} INFO - Setting next_dagrun for airflow_sanity_check to None, run_after=None
[2026-06-24T16:22:08.282+0000] {processor.py:208} INFO - Processing /opt/airflow/dags/sanity_checks.py took 0.126 seconds
[2026-06-24T16:22:38.673+0000] {processor.py:186} INFO - Started process (PID=2635) to work on /opt/airflow/dags/sanity_checks.py
[2026-06-24T16:22:38.675+0000] {processor.py:914} INFO - Processing file /opt/airflow/dags/sanity_checks.py for tasks to queue
[2026-06-24T16:22:38.679+0000] {logging_mixin.py:190} INFO - [2026-06-24T16:22:38.679+0000] {dagbag.py:587} INFO - Filling up the DagBag from /opt/airflow/dags/sanity_checks.py
[2026-06-24T16:22:38.696+0000] {processor.py:925} INFO - DAG(s) 'airflow_sanity_check' retrieved from /opt/airflow/dags/sanity_checks.py
[2026-06-24T16:22:38.740+0000] {logging_mixin.py:190} INFO - [2026-06-24T16:22:38.740+0000] {dag.py:3211} INFO - Sync 1 DAGs
[2026-06-24T16:22:38.764+0000] {logging_mixin.py:190} INFO - [2026-06-24T16:22:38.763+0000] {dag.py:4138} INFO - Setting next_dagrun for airflow_sanity_check to None, run_after=None
[2026-06-24T16:22:38.990+0000] {processor.py:208} INFO - Processing /opt/airflow/dags/sanity_checks.py took 0.326 seconds
[2026-06-24T16:23:09.310+0000] {processor.py:186} INFO - Started process (PID=2645) to work on /opt/airflow/dags/sanity_checks.py
[2026-06-24T16:23:09.312+0000] {processor.py:914} INFO - Processing file /opt/airflow/dags/sanity_checks.py for tasks to queue
[2026-06-24T16:23:09.317+0000] {logging_mixin.py:190} INFO - [2026-06-24T16:23:09.317+0000] {dagbag.py:587} INFO - Filling up the DagBag from /opt/airflow/dags/sanity_checks.py
[2026-06-24T16:23:09.335+0000] {processor.py:925} INFO - DAG(s) 'airflow_sanity_check' retrieved from /opt/airflow/dags/sanity_checks.py
[2026-06-24T16:23:09.381+0000] {logging_mixin.py:190} INFO - [2026-06-24T16:23:09.381+0000] {dag.py:3211} INFO - Sync 1 DAGs
[2026-06-24T16:23:09.665+0000] {logging_mixin.py:190} INFO - [2026-06-24T16:23:09.664+0000] {dag.py:4138} INFO - Setting next_dagrun for airflow_sanity_check to None, run_after=None
[2026-06-24T16:23:09.702+0000] {processor.py:208} INFO - Processing /opt/airflow/dags/sanity_checks.py took 0.401 seconds
[2026-06-24T16:23:40.089+0000] {processor.py:186} INFO - Started process (PID=2655) to work on /opt/airflow/dags/sanity_checks.py
[2026-06-24T16:23:40.091+0000] {processor.py:914} INFO - Processing file /opt/airflow/dags/sanity_checks.py for tasks to queue
[2026-06-24T16:23:40.095+0000] {logging_mixin.py:190} INFO - [2026-06-24T16:23:40.094+0000] {dagbag.py:587} INFO - Filling up the DagBag from /opt/airflow/dags/sanity_checks.py
[2026-06-24T16:23:40.110+0000] {processor.py:925} INFO - DAG(s) 'airflow_sanity_check' retrieved from /opt/airflow/dags/sanity_checks.py
[2026-06-24T16:23:40.153+0000] {logging_mixin.py:190} INFO - [2026-06-24T16:23:40.153+0000] {dag.py:3211} INFO - Sync 1 DAGs
[2026-06-24T16:23:40.175+0000] {logging_mixin.py:190} INFO - [2026-06-24T16:23:40.175+0000] {dag.py:4138} INFO - Setting next_dagrun for airflow_sanity_check to None, run_after=None
[2026-06-24T16:23:40.200+0000] {processor.py:208} INFO - Processing /opt/airflow/dags/sanity_checks.py took 0.119 seconds
[2026-06-24T16:24:10.561+0000] {processor.py:186} INFO - Started process (PID=2665) to work on /opt/airflow/dags/sanity_checks.py
[2026-06-24T16:24:10.563+0000] {processor.py:914} INFO - Processing file /opt/airflow/dags/sanity_checks.py for tasks to queue
[2026-06-24T16:24:10.566+0000] {logging_mixin.py:190} INFO - [2026-06-24T16:24:10.566+0000] {dagbag.py:587} INFO - Filling up the DagBag from /opt/airflow/dags/sanity_checks.py
[2026-06-24T16:24:10.586+0000] {processor.py:925} INFO - DAG(s) 'airflow_sanity_check' retrieved from /opt/airflow/dags/sanity_checks.py
[2026-06-24T16:24:10.634+0000] {logging_mixin.py:190} INFO - [2026-06-24T16:24:10.634+0000] {dag.py:3211} INFO - Sync 1 DAGs
[2026-06-24T16:24:10.658+0000] {logging_mixin.py:190} INFO - [2026-06-24T16:24:10.657+0000] {dag.py:4138} INFO - Setting next_dagrun for airflow_sanity_check to None, run_after=None
[2026-06-24T16:24:10.687+0000] {processor.py:208} INFO - Processing /opt/airflow/dags/sanity_checks.py took 0.138 seconds
[2026-06-24T16:24:41.014+0000] {processor.py:186} INFO - Started process (PID=2675) to work on /opt/airflow/dags/sanity_checks.py
[2026-06-24T16:24:41.016+0000] {processor.py:914} INFO - Processing file /opt/airflow/dags/sanity_checks.py for tasks to queue
[2026-06-24T16:24:41.019+0000] {logging_mixin.py:190} INFO - [2026-06-24T16:24:41.018+0000] {dagbag.py:587} INFO - Filling up the DagBag from /opt/airflow/dags/sanity_checks.py
[2026-06-24T16:24:41.034+0000] {processor.py:925} INFO - DAG(s) 'airflow_sanity_check' retrieved from /opt/airflow/dags/sanity_checks.py
[2026-06-24T16:24:41.076+0000] {logging_mixin.py:190} INFO - [2026-06-24T16:24:41.076+0000] {dag.py:3211} INFO - Sync 1 DAGs
[2026-06-24T16:24:41.097+0000] {logging_mixin.py:190} INFO - [2026-06-24T16:24:41.097+0000] {dag.py:4138} INFO - Setting next_dagrun for airflow_sanity_check to None, run_after=None
[2026-06-24T16:24:41.125+0000] {processor.py:208} INFO - Processing /opt/airflow/dags/sanity_checks.py took 0.119 seconds
[2026-06-24T16:25:11.470+0000] {processor.py:186} INFO - Started process (PID=2685) to work on /opt/airflow/dags/sanity_checks.py
[2026-06-24T16:25:11.471+0000] {processor.py:914} INFO - Processing file /opt/airflow/dags/sanity_checks.py for tasks to queue
[2026-06-24T16:25:11.475+0000] {logging_mixin.py:190} INFO - [2026-06-24T16:25:11.474+0000] {dagbag.py:587} INFO - Filling up the DagBag from /opt/airflow/dags/sanity_checks.py
[2026-06-24T16:25:11.490+0000] {processor.py:925} INFO - DAG(s) 'airflow_sanity_check' retrieved from /opt/airflow/dags/sanity_checks.py
[2026-06-24T16:25:11.532+0000] {logging_mixin.py:190} INFO - [2026-06-24T16:25:11.531+0000] {dag.py:3211} INFO - Sync 1 DAGs
[2026-06-24T16:25:11.553+0000] {logging_mixin.py:190} INFO - [2026-06-24T16:25:11.553+0000] {dag.py:4138} INFO - Setting next_dagrun for airflow_sanity_check to None, run_after=None
[2026-06-24T16:25:11.582+0000] {processor.py:208} INFO - Processing /opt/airflow/dags/sanity_checks.py took 0.121 seconds
[2026-06-24T16:25:41.919+0000] {processor.py:186} INFO - Started process (PID=2695) to work on /opt/airflow/dags/sanity_checks.py
[2026-06-24T16:25:41.921+0000] {processor.py:914} INFO - Processing file /opt/airflow/dags/sanity_checks.py for tasks to queue
[2026-06-24T16:25:41.924+0000] {logging_mixin.py:190} INFO - [2026-06-24T16:25:41.924+0000] {dagbag.py:587} INFO - Filling up the DagBag from /opt/airflow/dags/sanity_checks.py
[2026-06-24T16:25:41.942+0000] {processor.py:925} INFO - DAG(s) 'airflow_sanity_check' retrieved from /opt/airflow/dags/sanity_checks.py
[2026-06-24T16:25:41.983+0000] {logging_mixin.py:190} INFO - [2026-06-24T16:25:41.983+0000] {dag.py:3211} INFO - Sync 1 DAGs
[2026-06-24T16:25:42.006+0000] {logging_mixin.py:190} INFO - [2026-06-24T16:25:42.005+0000] {dag.py:4138} INFO - Setting next_dagrun for airflow_sanity_check to None, run_after=None
[2026-06-24T16:25:42.248+0000] {processor.py:208} INFO - Processing /opt/airflow/dags/sanity_checks.py took 0.338 seconds
[2026-06-24T16:26:12.588+0000] {processor.py:186} INFO - Started process (PID=2705) to work on /opt/airflow/dags/sanity_checks.py
[2026-06-24T16:26:12.589+0000] {processor.py:914} INFO - Processing file /opt/airflow/dags/sanity_checks.py for tasks to queue
[2026-06-24T16:26:12.593+0000] {logging_mixin.py:190} INFO - [2026-06-24T16:26:12.593+0000] {dagbag.py:587} INFO - Filling up the DagBag from /opt/airflow/dags/sanity_checks.py
[2026-06-24T16:26:12.608+0000] {processor.py:925} INFO - DAG(s) 'airflow_sanity_check' retrieved from /opt/airflow/dags/sanity_checks.py
[2026-06-24T16:26:12.650+0000] {logging_mixin.py:190} INFO - [2026-06-24T16:26:12.650+0000] {dag.py:3211} INFO - Sync 1 DAGs
[2026-06-24T16:26:12.856+0000] {logging_mixin.py:190} INFO - [2026-06-24T16:26:12.856+0000] {dag.py:4138} INFO - Setting next_dagrun for airflow_sanity_check to None, run_after=None
[2026-06-24T16:26:12.880+0000] {processor.py:208} INFO - Processing /opt/airflow/dags/sanity_checks.py took 0.301 seconds
[2026-06-24T16:26:43.077+0000] {processor.py:186} INFO - Started process (PID=2715) to work on /opt/airflow/dags/sanity_checks.py
[2026-06-24T16:26:43.078+0000] {processor.py:914} INFO - Processing file /opt/airflow/dags/sanity_checks.py for tasks to queue
[2026-06-24T16:26:43.082+0000] {logging_mixin.py:190} INFO - [2026-06-24T16:26:43.082+0000] {dagbag.py:587} INFO - Filling up the DagBag from /opt/airflow/dags/sanity_checks.py
[2026-06-24T16:26:43.098+0000] {processor.py:925} INFO - DAG(s) 'airflow_sanity_check' retrieved from /opt/airflow/dags/sanity_checks.py
[2026-06-24T16:26:43.141+0000] {logging_mixin.py:190} INFO - [2026-06-24T16:26:43.140+0000] {dag.py:3211} INFO - Sync 1 DAGs
[2026-06-24T16:26:43.162+0000] {logging_mixin.py:190} INFO - [2026-06-24T16:26:43.161+0000] {dag.py:4138} INFO - Setting next_dagrun for airflow_sanity_check to None, run_after=None
[2026-06-24T16:26:43.190+0000] {processor.py:208} INFO - Processing /opt/airflow/dags/sanity_checks.py took 0.123 seconds
[2026-06-24T16:27:13.549+0000] {processor.py:186} INFO - Started process (PID=2725) to work on /opt/airflow/dags/sanity_checks.py
[2026-06-24T16:27:13.551+0000] {processor.py:914} INFO - Processing file /opt/airflow/dags/sanity_checks.py for tasks to queue
[2026-06-24T16:27:13.554+0000] {logging_mixin.py:190} INFO - [2026-06-24T16:27:13.554+0000] {dagbag.py:587} INFO - Filling up the DagBag from /opt/airflow/dags/sanity_checks.py
[2026-06-24T16:27:13.569+0000] {processor.py:925} INFO - DAG(s) 'airflow_sanity_check' retrieved from /opt/airflow/dags/sanity_checks.py
[2026-06-24T16:27:13.611+0000] {logging_mixin.py:190} INFO - [2026-06-24T16:27:13.610+0000] {dag.py:3211} INFO - Sync 1 DAGs
[2026-06-24T16:27:13.632+0000] {logging_mixin.py:190} INFO - [2026-06-24T16:27:13.632+0000] {dag.py:4138} INFO - Setting next_dagrun for airflow_sanity_check to None, run_after=None
[2026-06-24T16:27:13.659+0000] {processor.py:208} INFO - Processing /opt/airflow/dags/sanity_checks.py took 0.119 seconds
[2026-06-24T16:27:43.998+0000] {processor.py:186} INFO - Started process (PID=2735) to work on /opt/airflow/dags/sanity_checks.py
[2026-06-24T16:27:43.999+0000] {processor.py:914} INFO - Processing file /opt/airflow/dags/sanity_checks.py for tasks to queue
[2026-06-24T16:27:44.003+0000] {logging_mixin.py:190} INFO - [2026-06-24T16:27:44.002+0000] {dagbag.py:587} INFO - Filling up the DagBag from /opt/airflow/dags/sanity_checks.py
[2026-06-24T16:27:44.019+0000] {processor.py:925} INFO - DAG(s) 'airflow_sanity_check' retrieved from /opt/airflow/dags/sanity_checks.py
[2026-06-24T16:27:44.061+0000] {logging_mixin.py:190} INFO - [2026-06-24T16:27:44.060+0000] {dag.py:3211} INFO - Sync 1 DAGs
[2026-06-24T16:27:44.082+0000] {logging_mixin.py:190} INFO - [2026-06-24T16:27:44.082+0000] {dag.py:4138} INFO - Setting next_dagrun for airflow_sanity_check to None, run_after=None
[2026-06-24T16:27:44.108+0000] {processor.py:208} INFO - Processing /opt/airflow/dags/sanity_checks.py took 0.118 seconds
[2026-06-24T17:23:09.512+0000] {processor.py:186} INFO - Started process (PID=2745) to work on /opt/airflow/dags/sanity_checks.py
[2026-06-24T17:23:09.535+0000] {processor.py:914} INFO - Processing file /opt/airflow/dags/sanity_checks.py for tasks to queue
[2026-06-24T17:23:09.547+0000] {logging_mixin.py:190} INFO - [2026-06-24T17:23:09.546+0000] {dagbag.py:587} INFO - Filling up the DagBag from /opt/airflow/dags/sanity_checks.py
[2026-06-24T17:23:09.715+0000] {processor.py:925} INFO - DAG(s) 'airflow_sanity_check' retrieved from /opt/airflow/dags/sanity_checks.py
[2026-06-24T17:23:10.389+0000] {logging_mixin.py:190} INFO - [2026-06-24T17:23:10.377+0000] {dag.py:3211} INFO - Sync 1 DAGs
[2026-06-24T17:23:10.679+0000] {logging_mixin.py:190} INFO - [2026-06-24T17:23:10.668+0000] {dag.py:4138} INFO - Setting next_dagrun for airflow_sanity_check to None, run_after=None
[2026-06-24T17:23:10.845+0000] {processor.py:208} INFO - Processing /opt/airflow/dags/sanity_checks.py took 1.618 seconds
[2026-06-24T17:23:41.449+0000] {processor.py:186} INFO - Started process (PID=2755) to work on /opt/airflow/dags/sanity_checks.py
[2026-06-24T17:23:41.455+0000] {processor.py:914} INFO - Processing file /opt/airflow/dags/sanity_checks.py for tasks to queue
[2026-06-24T17:23:41.461+0000] {logging_mixin.py:190} INFO - [2026-06-24T17:23:41.460+0000] {dagbag.py:587} INFO - Filling up the DagBag from /opt/airflow/dags/sanity_checks.py
[2026-06-24T17:23:41.516+0000] {processor.py:925} INFO - DAG(s) 'airflow_sanity_check' retrieved from /opt/airflow/dags/sanity_checks.py
[2026-06-24T17:23:41.664+0000] {logging_mixin.py:190} INFO - [2026-06-24T17:23:41.664+0000] {dag.py:3211} INFO - Sync 1 DAGs
[2026-06-24T17:23:42.137+0000] {logging_mixin.py:190} INFO - [2026-06-24T17:23:42.136+0000] {dag.py:4138} INFO - Setting next_dagrun for airflow_sanity_check to None, run_after=None
[2026-06-24T17:23:42.211+0000] {processor.py:208} INFO - Processing /opt/airflow/dags/sanity_checks.py took 0.784 seconds
[2026-06-24T17:24:13.062+0000] {processor.py:186} INFO - Started process (PID=2765) to work on /opt/airflow/dags/sanity_checks.py
[2026-06-24T17:24:13.067+0000] {processor.py:914} INFO - Processing file /opt/airflow/dags/sanity_checks.py for tasks to queue
[2026-06-24T17:24:13.072+0000] {logging_mixin.py:190} INFO - [2026-06-24T17:24:13.071+0000] {dagbag.py:587} INFO - Filling up the DagBag from /opt/airflow/dags/sanity_checks.py
[2026-06-24T17:24:13.095+0000] {processor.py:925} INFO - DAG(s) 'airflow_sanity_check' retrieved from /opt/airflow/dags/sanity_checks.py
[2026-06-24T17:24:13.161+0000] {logging_mixin.py:190} INFO - [2026-06-24T17:24:13.161+0000] {dag.py:3211} INFO - Sync 1 DAGs
[2026-06-24T17:24:13.197+0000] {logging_mixin.py:190} INFO - [2026-06-24T17:24:13.196+0000] {dag.py:4138} INFO - Setting next_dagrun for airflow_sanity_check to None, run_after=None
[2026-06-24T17:24:13.239+0000] {processor.py:208} INFO - Processing /opt/airflow/dags/sanity_checks.py took 0.189 seconds
[2026-06-24T17:24:43.653+0000] {processor.py:186} INFO - Started process (PID=2775) to work on /opt/airflow/dags/sanity_checks.py
[2026-06-24T17:24:43.655+0000] {processor.py:914} INFO - Processing file /opt/airflow/dags/sanity_checks.py for tasks to queue
[2026-06-24T17:24:43.658+0000] {logging_mixin.py:190} INFO - [2026-06-24T17:24:43.658+0000] {dagbag.py:587} INFO - Filling up the DagBag from /opt/airflow/dags/sanity_checks.py
[2026-06-24T17:24:43.675+0000] {processor.py:925} INFO - DAG(s) 'airflow_sanity_check' retrieved from /opt/airflow/dags/sanity_checks.py
[2026-06-24T17:24:43.721+0000] {logging_mixin.py:190} INFO - [2026-06-24T17:24:43.720+0000] {dag.py:3211} INFO - Sync 1 DAGs
[2026-06-24T17:24:43.743+0000] {logging_mixin.py:190} INFO - [2026-06-24T17:24:43.742+0000] {dag.py:4138} INFO - Setting next_dagrun for airflow_sanity_check to None, run_after=None
[2026-06-24T17:24:43.768+0000] {processor.py:208} INFO - Processing /opt/airflow/dags/sanity_checks.py took 0.124 seconds
[2026-06-24T17:25:14.138+0000] {processor.py:186} INFO - Started process (PID=2785) to work on /opt/airflow/dags/sanity_checks.py
[2026-06-24T17:25:14.139+0000] {processor.py:914} INFO - Processing file /opt/airflow/dags/sanity_checks.py for tasks to queue
[2026-06-24T17:25:14.142+0000] {logging_mixin.py:190} INFO - [2026-06-24T17:25:14.142+0000] {dagbag.py:587} INFO - Filling up the DagBag from /opt/airflow/dags/sanity_checks.py
[2026-06-24T17:25:14.159+0000] {processor.py:925} INFO - DAG(s) 'airflow_sanity_check' retrieved from /opt/airflow/dags/sanity_checks.py
[2026-06-24T17:25:14.205+0000] {logging_mixin.py:190} INFO - [2026-06-24T17:25:14.205+0000] {dag.py:3211} INFO - Sync 1 DAGs
[2026-06-24T17:25:14.227+0000] {logging_mixin.py:190} INFO - [2026-06-24T17:25:14.227+0000] {dag.py:4138} INFO - Setting next_dagrun for airflow_sanity_check to None, run_after=None
[2026-06-24T17:25:14.255+0000] {processor.py:208} INFO - Processing /opt/airflow/dags/sanity_checks.py took 0.126 seconds
[2026-06-24T17:25:44.551+0000] {processor.py:186} INFO - Started process (PID=2795) to work on /opt/airflow/dags/sanity_checks.py
[2026-06-24T17:25:44.552+0000] {processor.py:914} INFO - Processing file /opt/airflow/dags/sanity_checks.py for tasks to queue
[2026-06-24T17:25:44.556+0000] {logging_mixin.py:190} INFO - [2026-06-24T17:25:44.556+0000] {dagbag.py:587} INFO - Filling up the DagBag from /opt/airflow/dags/sanity_checks.py
[2026-06-24T17:25:44.570+0000] {processor.py:925} INFO - DAG(s) 'airflow_sanity_check' retrieved from /opt/airflow/dags/sanity_checks.py
[2026-06-24T17:25:44.610+0000] {logging_mixin.py:190} INFO - [2026-06-24T17:25:44.610+0000] {dag.py:3211} INFO - Sync 1 DAGs
[2026-06-24T17:25:44.633+0000] {logging_mixin.py:190} INFO - [2026-06-24T17:25:44.632+0000] {dag.py:4138} INFO - Setting next_dagrun for airflow_sanity_check to None, run_after=None
[2026-06-24T17:25:44.657+0000] {processor.py:208} INFO - Processing /opt/airflow/dags/sanity_checks.py took 0.114 seconds
[2026-06-24T17:26:14.986+0000] {processor.py:186} INFO - Started process (PID=2805) to work on /opt/airflow/dags/sanity_checks.py
[2026-06-24T17:26:14.988+0000] {processor.py:914} INFO - Processing file /opt/airflow/dags/sanity_checks.py for tasks to queue
[2026-06-24T17:26:14.992+0000] {logging_mixin.py:190} INFO - [2026-06-24T17:26:14.992+0000] {dagbag.py:587} INFO - Filling up the DagBag from /opt/airflow/dags/sanity_checks.py
[2026-06-24T17:26:15.008+0000] {processor.py:925} INFO - DAG(s) 'airflow_sanity_check' retrieved from /opt/airflow/dags/sanity_checks.py
[2026-06-24T17:26:15.053+0000] {logging_mixin.py:190} INFO - [2026-06-24T17:26:15.053+0000] {dag.py:3211} INFO - Sync 1 DAGs
[2026-06-24T17:26:15.080+0000] {logging_mixin.py:190} INFO - [2026-06-24T17:26:15.079+0000] {dag.py:4138} INFO - Setting next_dagrun for airflow_sanity_check to None, run_after=None
[2026-06-24T17:26:15.319+0000] {processor.py:208} INFO - Processing /opt/airflow/dags/sanity_checks.py took 0.342 seconds
[2026-06-24T17:26:45.668+0000] {processor.py:186} INFO - Started process (PID=2815) to work on /opt/airflow/dags/sanity_checks.py
[2026-06-24T17:26:45.669+0000] {processor.py:914} INFO - Processing file /opt/airflow/dags/sanity_checks.py for tasks to queue
[2026-06-24T17:26:45.673+0000] {logging_mixin.py:190} INFO - [2026-06-24T17:26:45.673+0000] {dagbag.py:587} INFO - Filling up the DagBag from /opt/airflow/dags/sanity_checks.py
[2026-06-24T17:26:45.688+0000] {processor.py:925} INFO - DAG(s) 'airflow_sanity_check' retrieved from /opt/airflow/dags/sanity_checks.py
[2026-06-24T17:26:45.730+0000] {logging_mixin.py:190} INFO - [2026-06-24T17:26:45.729+0000] {dag.py:3211} INFO - Sync 1 DAGs
[2026-06-24T17:26:45.927+0000] {logging_mixin.py:190} INFO - [2026-06-24T17:26:45.927+0000] {dag.py:4138} INFO - Setting next_dagrun for airflow_sanity_check to None, run_after=None
[2026-06-24T17:26:45.953+0000] {processor.py:208} INFO - Processing /opt/airflow/dags/sanity_checks.py took 0.293 seconds
[2026-06-24T17:27:16.365+0000] {processor.py:186} INFO - Started process (PID=2825) to work on /opt/airflow/dags/sanity_checks.py
[2026-06-24T17:27:16.367+0000] {processor.py:914} INFO - Processing file /opt/airflow/dags/sanity_checks.py for tasks to queue
[2026-06-24T17:27:16.370+0000] {logging_mixin.py:190} INFO - [2026-06-24T17:27:16.370+0000] {dagbag.py:587} INFO - Filling up the DagBag from /opt/airflow/dags/sanity_checks.py
[2026-06-24T17:27:16.389+0000] {processor.py:925} INFO - DAG(s) 'airflow_sanity_check' retrieved from /opt/airflow/dags/sanity_checks.py
[2026-06-24T17:27:16.434+0000] {logging_mixin.py:190} INFO - [2026-06-24T17:27:16.433+0000] {dag.py:3211} INFO - Sync 1 DAGs
[2026-06-24T17:27:16.456+0000] {logging_mixin.py:190} INFO - [2026-06-24T17:27:16.455+0000] {dag.py:4138} INFO - Setting next_dagrun for airflow_sanity_check to None, run_after=None
[2026-06-24T17:27:16.486+0000] {processor.py:208} INFO - Processing /opt/airflow/dags/sanity_checks.py took 0.130 seconds
[2026-06-24T17:27:46.824+0000] {processor.py:186} INFO - Started process (PID=2835) to work on /opt/airflow/dags/sanity_checks.py
[2026-06-24T17:27:46.826+0000] {processor.py:914} INFO - Processing file /opt/airflow/dags/sanity_checks.py for tasks to queue
[2026-06-24T17:27:46.831+0000] {logging_mixin.py:190} INFO - [2026-06-24T17:27:46.830+0000] {dagbag.py:587} INFO - Filling up the DagBag from /opt/airflow/dags/sanity_checks.py
[2026-06-24T17:27:46.849+0000] {processor.py:925} INFO - DAG(s) 'airflow_sanity_check' retrieved from /opt/airflow/dags/sanity_checks.py
[2026-06-24T17:27:46.891+0000] {logging_mixin.py:190} INFO - [2026-06-24T17:27:46.890+0000] {dag.py:3211} INFO - Sync 1 DAGs
[2026-06-24T17:27:46.912+0000] {logging_mixin.py:190} INFO - [2026-06-24T17:27:46.912+0000] {dag.py:4138} INFO - Setting next_dagrun for airflow_sanity_check to None, run_after=None
[2026-06-24T17:27:46.937+0000] {processor.py:208} INFO - Processing /opt/airflow/dags/sanity_checks.py took 0.123 seconds
[2026-06-24T17:28:17.267+0000] {processor.py:186} INFO - Started process (PID=2845) to work on /opt/airflow/dags/sanity_checks.py
[2026-06-24T17:28:17.268+0000] {processor.py:914} INFO - Processing file /opt/airflow/dags/sanity_checks.py for tasks to queue
[2026-06-24T17:28:17.272+0000] {logging_mixin.py:190} INFO - [2026-06-24T17:28:17.271+0000] {dagbag.py:587} INFO - Filling up the DagBag from /opt/airflow/dags/sanity_checks.py
[2026-06-24T17:28:17.288+0000] {processor.py:925} INFO - DAG(s) 'airflow_sanity_check' retrieved from /opt/airflow/dags/sanity_checks.py
[2026-06-24T17:28:17.329+0000] {logging_mixin.py:190} INFO - [2026-06-24T17:28:17.329+0000] {dag.py:3211} INFO - Sync 1 DAGs
[2026-06-24T17:28:17.350+0000] {logging_mixin.py:190} INFO - [2026-06-24T17:28:17.349+0000] {dag.py:4138} INFO - Setting next_dagrun for airflow_sanity_check to None, run_after=None
[2026-06-24T17:28:17.377+0000] {processor.py:208} INFO - Processing /opt/airflow/dags/sanity_checks.py took 0.119 seconds
[2026-06-24T17:28:47.718+0000] {processor.py:186} INFO - Started process (PID=2855) to work on /opt/airflow/dags/sanity_checks.py
[2026-06-24T17:28:47.720+0000] {processor.py:914} INFO - Processing file /opt/airflow/dags/sanity_checks.py for tasks to queue
[2026-06-24T17:28:47.724+0000] {logging_mixin.py:190} INFO - [2026-06-24T17:28:47.724+0000] {dagbag.py:587} INFO - Filling up the DagBag from /opt/airflow/dags/sanity_checks.py
[2026-06-24T17:28:47.739+0000] {processor.py:925} INFO - DAG(s) 'airflow_sanity_check' retrieved from /opt/airflow/dags/sanity_checks.py
[2026-06-24T17:28:47.788+0000] {logging_mixin.py:190} INFO - [2026-06-24T17:28:47.787+0000] {dag.py:3211} INFO - Sync 1 DAGs
[2026-06-24T17:28:47.810+0000] {logging_mixin.py:190} INFO - [2026-06-24T17:28:47.809+0000] {dag.py:4138} INFO - Setting next_dagrun for airflow_sanity_check to None, run_after=None
[2026-06-24T17:28:47.839+0000] {processor.py:208} INFO - Processing /opt/airflow/dags/sanity_checks.py took 0.131 seconds
[2026-06-24T17:29:18.149+0000] {processor.py:186} INFO - Started process (PID=2865) to work on /opt/airflow/dags/sanity_checks.py
[2026-06-24T17:29:18.150+0000] {processor.py:914} INFO - Processing file /opt/airflow/dags/sanity_checks.py for tasks to queue
[2026-06-24T17:29:18.154+0000] {logging_mixin.py:190} INFO - [2026-06-24T17:29:18.154+0000] {dagbag.py:587} INFO - Filling up the DagBag from /opt/airflow/dags/sanity_checks.py
[2026-06-24T17:29:18.170+0000] {processor.py:925} INFO - DAG(s) 'airflow_sanity_check' retrieved from /opt/airflow/dags/sanity_checks.py
[2026-06-24T17:29:18.210+0000] {logging_mixin.py:190} INFO - [2026-06-24T17:29:18.210+0000] {dag.py:3211} INFO - Sync 1 DAGs
[2026-06-24T17:29:18.404+0000] {logging_mixin.py:190} INFO - [2026-06-24T17:29:18.404+0000] {dag.py:4138} INFO - Setting next_dagrun for airflow_sanity_check to None, run_after=None
[2026-06-24T17:29:18.428+0000] {processor.py:208} INFO - Processing /opt/airflow/dags/sanity_checks.py took 0.288 seconds
[2026-06-24T17:29:48.753+0000] {processor.py:186} INFO - Started process (PID=2875) to work on /opt/airflow/dags/sanity_checks.py
[2026-06-24T17:29:48.755+0000] {processor.py:914} INFO - Processing file /opt/airflow/dags/sanity_checks.py for tasks to queue
[2026-06-24T17:29:48.759+0000] {logging_mixin.py:190} INFO - [2026-06-24T17:29:48.759+0000] {dagbag.py:587} INFO - Filling up the DagBag from /opt/airflow/dags/sanity_checks.py
[2026-06-24T17:29:48.776+0000] {processor.py:925} INFO - DAG(s) 'airflow_sanity_check' retrieved from /opt/airflow/dags/sanity_checks.py
[2026-06-24T17:29:48.817+0000] {logging_mixin.py:190} INFO - [2026-06-24T17:29:48.816+0000] {dag.py:3211} INFO - Sync 1 DAGs
[2026-06-24T17:29:49.011+0000] {logging_mixin.py:190} INFO - [2026-06-24T17:29:49.011+0000] {dag.py:4138} INFO - Setting next_dagrun for airflow_sanity_check to None, run_after=None
[2026-06-24T17:29:49.034+0000] {processor.py:208} INFO - Processing /opt/airflow/dags/sanity_checks.py took 0.290 seconds
[2026-06-24T17:30:19.377+0000] {processor.py:186} INFO - Started process (PID=2885) to work on /opt/airflow/dags/sanity_checks.py
[2026-06-24T17:30:19.378+0000] {processor.py:914} INFO - Processing file /opt/airflow/dags/sanity_checks.py for tasks to queue
[2026-06-24T17:30:19.382+0000] {logging_mixin.py:190} INFO - [2026-06-24T17:30:19.381+0000] {dagbag.py:587} INFO - Filling up the DagBag from /opt/airflow/dags/sanity_checks.py
[2026-06-24T17:30:19.397+0000] {processor.py:925} INFO - DAG(s) 'airflow_sanity_check' retrieved from /opt/airflow/dags/sanity_checks.py
[2026-06-24T17:30:19.438+0000] {logging_mixin.py:190} INFO - [2026-06-24T17:30:19.438+0000] {dag.py:3211} INFO - Sync 1 DAGs
[2026-06-24T17:30:19.459+0000] {logging_mixin.py:190} INFO - [2026-06-24T17:30:19.459+0000] {dag.py:4138} INFO - Setting next_dagrun for airflow_sanity_check to None, run_after=None
[2026-06-24T17:30:19.486+0000] {processor.py:208} INFO - Processing /opt/airflow/dags/sanity_checks.py took 0.119 seconds
[2026-06-24T17:30:49.793+0000] {processor.py:186} INFO - Started process (PID=2895) to work on /opt/airflow/dags/sanity_checks.py
[2026-06-24T17:30:49.795+0000] {processor.py:914} INFO - Processing file /opt/airflow/dags/sanity_checks.py for tasks to queue
[2026-06-24T17:30:49.800+0000] {logging_mixin.py:190} INFO - [2026-06-24T17:30:49.799+0000] {dagbag.py:587} INFO - Filling up the DagBag from /opt/airflow/dags/sanity_checks.py
[2026-06-24T17:30:49.817+0000] {processor.py:925} INFO - DAG(s) 'airflow_sanity_check' retrieved from /opt/airflow/dags/sanity_checks.py
[2026-06-24T17:30:49.869+0000] {logging_mixin.py:190} INFO - [2026-06-24T17:30:49.869+0000] {dag.py:3211} INFO - Sync 1 DAGs
[2026-06-24T17:30:49.891+0000] {logging_mixin.py:190} INFO - [2026-06-24T17:30:49.891+0000] {dag.py:4138} INFO - Setting next_dagrun for airflow_sanity_check to None, run_after=None
[2026-06-24T17:30:49.916+0000] {processor.py:208} INFO - Processing /opt/airflow/dags/sanity_checks.py took 0.131 seconds
[2026-06-24T17:31:20.236+0000] {processor.py:186} INFO - Started process (PID=2905) to work on /opt/airflow/dags/sanity_checks.py
[2026-06-24T17:31:20.238+0000] {processor.py:914} INFO - Processing file /opt/airflow/dags/sanity_checks.py for tasks to queue
[2026-06-24T17:31:20.241+0000] {logging_mixin.py:190} INFO - [2026-06-24T17:31:20.241+0000] {dagbag.py:587} INFO - Filling up the DagBag from /opt/airflow/dags/sanity_checks.py
[2026-06-24T17:31:20.256+0000] {processor.py:925} INFO - DAG(s) 'airflow_sanity_check' retrieved from /opt/airflow/dags/sanity_checks.py
[2026-06-24T17:31:20.296+0000] {logging_mixin.py:190} INFO - [2026-06-24T17:31:20.296+0000] {dag.py:3211} INFO - Sync 1 DAGs
[2026-06-24T17:31:20.317+0000] {logging_mixin.py:190} INFO - [2026-06-24T17:31:20.316+0000] {dag.py:4138} INFO - Setting next_dagrun for airflow_sanity_check to None, run_after=None
[2026-06-24T17:31:20.343+0000] {processor.py:208} INFO - Processing /opt/airflow/dags/sanity_checks.py took 0.114 seconds
[2026-06-24T17:31:50.789+0000] {processor.py:186} INFO - Started process (PID=2915) to work on /opt/airflow/dags/sanity_checks.py
[2026-06-24T17:31:50.790+0000] {processor.py:914} INFO - Processing file /opt/airflow/dags/sanity_checks.py for tasks to queue
[2026-06-24T17:31:50.794+0000] {logging_mixin.py:190} INFO - [2026-06-24T17:31:50.793+0000] {dagbag.py:587} INFO - Filling up the DagBag from /opt/airflow/dags/sanity_checks.py
[2026-06-24T17:31:50.811+0000] {processor.py:925} INFO - DAG(s) 'airflow_sanity_check' retrieved from /opt/airflow/dags/sanity_checks.py
[2026-06-24T17:31:50.857+0000] {logging_mixin.py:190} INFO - [2026-06-24T17:31:50.856+0000] {dag.py:3211} INFO - Sync 1 DAGs
[2026-06-24T17:31:50.880+0000] {logging_mixin.py:190} INFO - [2026-06-24T17:31:50.879+0000] {dag.py:4138} INFO - Setting next_dagrun for airflow_sanity_check to None, run_after=None
[2026-06-24T17:31:51.108+0000] {processor.py:208} INFO - Processing /opt/airflow/dags/sanity_checks.py took 0.329 seconds
[2026-06-24T17:32:21.456+0000] {processor.py:186} INFO - Started process (PID=2925) to work on /opt/airflow/dags/sanity_checks.py
[2026-06-24T17:32:21.457+0000] {processor.py:914} INFO - Processing file /opt/airflow/dags/sanity_checks.py for tasks to queue
[2026-06-24T17:32:21.463+0000] {logging_mixin.py:190} INFO - [2026-06-24T17:32:21.463+0000] {dagbag.py:587} INFO - Filling up the DagBag from /opt/airflow/dags/sanity_checks.py
[2026-06-24T17:32:21.479+0000] {processor.py:925} INFO - DAG(s) 'airflow_sanity_check' retrieved from /opt/airflow/dags/sanity_checks.py
[2026-06-24T17:32:21.523+0000] {logging_mixin.py:190} INFO - [2026-06-24T17:32:21.523+0000] {dag.py:3211} INFO - Sync 1 DAGs
[2026-06-24T17:32:21.733+0000] {logging_mixin.py:190} INFO - [2026-06-24T17:32:21.733+0000] {dag.py:4138} INFO - Setting next_dagrun for airflow_sanity_check to None, run_after=None
[2026-06-24T17:32:21.758+0000] {processor.py:208} INFO - Processing /opt/airflow/dags/sanity_checks.py took 0.310 seconds
[2026-06-24T17:33:10.746+0000] {processor.py:186} INFO - Started process (PID=2935) to work on /opt/airflow/dags/sanity_checks.py
[2026-06-24T17:33:10.747+0000] {processor.py:914} INFO - Processing file /opt/airflow/dags/sanity_checks.py for tasks to queue
[2026-06-24T17:33:10.752+0000] {logging_mixin.py:190} INFO - [2026-06-24T17:33:10.751+0000] {dagbag.py:587} INFO - Filling up the DagBag from /opt/airflow/dags/sanity_checks.py
[2026-06-24T17:33:10.767+0000] {processor.py:925} INFO - DAG(s) 'airflow_sanity_check' retrieved from /opt/airflow/dags/sanity_checks.py
[2026-06-24T17:33:10.808+0000] {logging_mixin.py:190} INFO - [2026-06-24T17:33:10.807+0000] {dag.py:3211} INFO - Sync 1 DAGs
[2026-06-24T17:33:11.096+0000] {logging_mixin.py:190} INFO - [2026-06-24T17:33:11.096+0000] {dag.py:4138} INFO - Setting next_dagrun for airflow_sanity_check to None, run_after=None
[2026-06-24T17:33:11.124+0000] {processor.py:208} INFO - Processing /opt/airflow/dags/sanity_checks.py took 0.386 seconds
[2026-06-24T18:34:33.803+0000] {processor.py:186} INFO - Started process (PID=2945) to work on /opt/airflow/dags/sanity_checks.py
[2026-06-24T18:34:33.811+0000] {processor.py:914} INFO - Processing file /opt/airflow/dags/sanity_checks.py for tasks to queue
[2026-06-24T18:34:33.841+0000] {logging_mixin.py:190} INFO - [2026-06-24T18:34:33.839+0000] {dagbag.py:587} INFO - Filling up the DagBag from /opt/airflow/dags/sanity_checks.py
[2026-06-24T18:34:33.963+0000] {processor.py:925} INFO - DAG(s) 'airflow_sanity_check' retrieved from /opt/airflow/dags/sanity_checks.py
[2026-06-24T18:34:34.255+0000] {logging_mixin.py:190} INFO - [2026-06-24T18:34:34.254+0000] {dag.py:3211} INFO - Sync 1 DAGs
[2026-06-24T18:34:34.466+0000] {logging_mixin.py:190} INFO - [2026-06-24T18:34:34.464+0000] {dag.py:4138} INFO - Setting next_dagrun for airflow_sanity_check to None, run_after=None
[2026-06-24T18:34:34.790+0000] {processor.py:208} INFO - Processing /opt/airflow/dags/sanity_checks.py took 1.044 seconds
[2026-06-24T18:35:05.821+0000] {processor.py:186} INFO - Started process (PID=2955) to work on /opt/airflow/dags/sanity_checks.py
[2026-06-24T18:35:05.826+0000] {processor.py:914} INFO - Processing file /opt/airflow/dags/sanity_checks.py for tasks to queue
[2026-06-24T18:35:05.844+0000] {logging_mixin.py:190} INFO - [2026-06-24T18:35:05.841+0000] {dagbag.py:587} INFO - Filling up the DagBag from /opt/airflow/dags/sanity_checks.py
[2026-06-24T18:35:05.944+0000] {processor.py:925} INFO - DAG(s) 'airflow_sanity_check' retrieved from /opt/airflow/dags/sanity_checks.py
[2026-06-24T18:35:06.226+0000] {logging_mixin.py:190} INFO - [2026-06-24T18:35:06.224+0000] {dag.py:3211} INFO - Sync 1 DAGs
[2026-06-24T18:35:06.299+0000] {logging_mixin.py:190} INFO - [2026-06-24T18:35:06.297+0000] {dag.py:4138} INFO - Setting next_dagrun for airflow_sanity_check to None, run_after=None
[2026-06-24T18:35:06.381+0000] {processor.py:208} INFO - Processing /opt/airflow/dags/sanity_checks.py took 0.626 seconds
[2026-06-24T18:35:37.017+0000] {processor.py:186} INFO - Started process (PID=2965) to work on /opt/airflow/dags/sanity_checks.py
[2026-06-24T18:35:37.022+0000] {processor.py:914} INFO - Processing file /opt/airflow/dags/sanity_checks.py for tasks to queue
[2026-06-24T18:35:37.034+0000] {logging_mixin.py:190} INFO - [2026-06-24T18:35:37.032+0000] {dagbag.py:587} INFO - Filling up the DagBag from /opt/airflow/dags/sanity_checks.py
[2026-06-24T18:35:37.076+0000] {processor.py:925} INFO - DAG(s) 'airflow_sanity_check' retrieved from /opt/airflow/dags/sanity_checks.py
[2026-06-24T18:35:37.199+0000] {logging_mixin.py:190} INFO - [2026-06-24T18:35:37.198+0000] {dag.py:3211} INFO - Sync 1 DAGs
[2026-06-24T18:35:37.260+0000] {logging_mixin.py:190} INFO - [2026-06-24T18:35:37.259+0000] {dag.py:4138} INFO - Setting next_dagrun for airflow_sanity_check to None, run_after=None
[2026-06-24T18:35:37.332+0000] {processor.py:208} INFO - Processing /opt/airflow/dags/sanity_checks.py took 0.341 seconds
[2026-06-24T18:36:07.440+0000] {processor.py:186} INFO - Started process (PID=2975) to work on /opt/airflow/dags/sanity_checks.py
[2026-06-24T18:36:07.444+0000] {processor.py:914} INFO - Processing file /opt/airflow/dags/sanity_checks.py for tasks to queue
[2026-06-24T18:36:07.451+0000] {logging_mixin.py:190} INFO - [2026-06-24T18:36:07.450+0000] {dagbag.py:587} INFO - Filling up the DagBag from /opt/airflow/dags/sanity_checks.py
[2026-06-24T18:36:07.487+0000] {processor.py:925} INFO - DAG(s) 'airflow_sanity_check' retrieved from /opt/airflow/dags/sanity_checks.py
[2026-06-24T18:36:07.581+0000] {logging_mixin.py:190} INFO - [2026-06-24T18:36:07.580+0000] {dag.py:3211} INFO - Sync 1 DAGs
[2026-06-24T18:36:07.629+0000] {logging_mixin.py:190} INFO - [2026-06-24T18:36:07.629+0000] {dag.py:4138} INFO - Setting next_dagrun for airflow_sanity_check to None, run_after=None
[2026-06-24T18:36:08.034+0000] {processor.py:208} INFO - Processing /opt/airflow/dags/sanity_checks.py took 0.616 seconds
[2026-06-24T18:36:38.497+0000] {processor.py:186} INFO - Started process (PID=2985) to work on /opt/airflow/dags/sanity_checks.py
[2026-06-24T18:36:38.500+0000] {processor.py:914} INFO - Processing file /opt/airflow/dags/sanity_checks.py for tasks to queue
[2026-06-24T18:36:38.508+0000] {logging_mixin.py:190} INFO - [2026-06-24T18:36:38.507+0000] {dagbag.py:587} INFO - Filling up the DagBag from /opt/airflow/dags/sanity_checks.py
[2026-06-24T18:36:38.555+0000] {processor.py:925} INFO - DAG(s) 'airflow_sanity_check' retrieved from /opt/airflow/dags/sanity_checks.py
[2026-06-24T18:36:38.744+0000] {logging_mixin.py:190} INFO - [2026-06-24T18:36:38.743+0000] {dag.py:3211} INFO - Sync 1 DAGs
[2026-06-24T18:36:39.534+0000] {logging_mixin.py:190} INFO - [2026-06-24T18:36:39.533+0000] {dag.py:4138} INFO - Setting next_dagrun for airflow_sanity_check to None, run_after=None
[2026-06-24T18:36:39.594+0000] {processor.py:208} INFO - Processing /opt/airflow/dags/sanity_checks.py took 1.118 seconds
[2026-06-24T18:37:10.179+0000] {processor.py:186} INFO - Started process (PID=2995) to work on /opt/airflow/dags/sanity_checks.py
[2026-06-24T18:37:10.185+0000] {processor.py:914} INFO - Processing file /opt/airflow/dags/sanity_checks.py for tasks to queue
[2026-06-24T18:37:10.202+0000] {logging_mixin.py:190} INFO - [2026-06-24T18:37:10.200+0000] {dagbag.py:587} INFO - Filling up the DagBag from /opt/airflow/dags/sanity_checks.py
[2026-06-24T18:37:10.253+0000] {processor.py:925} INFO - DAG(s) 'airflow_sanity_check' retrieved from /opt/airflow/dags/sanity_checks.py
[2026-06-24T18:37:10.899+0000] {logging_mixin.py:190} INFO - [2026-06-24T18:37:10.898+0000] {dag.py:3211} INFO - Sync 1 DAGs
[2026-06-24T18:37:11.011+0000] {logging_mixin.py:190} INFO - [2026-06-24T18:37:11.010+0000] {dag.py:4138} INFO - Setting next_dagrun for airflow_sanity_check to None, run_after=None
[2026-06-24T18:37:11.235+0000] {processor.py:208} INFO - Processing /opt/airflow/dags/sanity_checks.py took 1.084 seconds
[2026-06-24T18:37:41.416+0000] {processor.py:186} INFO - Started process (PID=3005) to work on /opt/airflow/dags/sanity_checks.py
[2026-06-24T18:37:41.417+0000] {processor.py:914} INFO - Processing file /opt/airflow/dags/sanity_checks.py for tasks to queue
[2026-06-24T18:37:41.421+0000] {logging_mixin.py:190} INFO - [2026-06-24T18:37:41.420+0000] {dagbag.py:587} INFO - Filling up the DagBag from /opt/airflow/dags/sanity_checks.py
[2026-06-24T18:37:41.436+0000] {processor.py:925} INFO - DAG(s) 'airflow_sanity_check' retrieved from /opt/airflow/dags/sanity_checks.py
[2026-06-24T18:37:41.476+0000] {logging_mixin.py:190} INFO - [2026-06-24T18:37:41.475+0000] {dag.py:3211} INFO - Sync 1 DAGs
[2026-06-24T18:37:41.495+0000] {logging_mixin.py:190} INFO - [2026-06-24T18:37:41.495+0000] {dag.py:4138} INFO - Setting next_dagrun for airflow_sanity_check to None, run_after=None
[2026-06-24T18:37:41.522+0000] {processor.py:208} INFO - Processing /opt/airflow/dags/sanity_checks.py took 0.115 seconds
[2026-06-24T18:38:11.830+0000] {processor.py:186} INFO - Started process (PID=3015) to work on /opt/airflow/dags/sanity_checks.py
[2026-06-24T18:38:11.833+0000] {processor.py:914} INFO - Processing file /opt/airflow/dags/sanity_checks.py for tasks to queue
[2026-06-24T18:38:11.837+0000] {logging_mixin.py:190} INFO - [2026-06-24T18:38:11.836+0000] {dagbag.py:587} INFO - Filling up the DagBag from /opt/airflow/dags/sanity_checks.py
[2026-06-24T18:38:11.854+0000] {processor.py:925} INFO - DAG(s) 'airflow_sanity_check' retrieved from /opt/airflow/dags/sanity_checks.py
[2026-06-24T18:38:11.895+0000] {logging_mixin.py:190} INFO - [2026-06-24T18:38:11.894+0000] {dag.py:3211} INFO - Sync 1 DAGs
[2026-06-24T18:38:11.916+0000] {logging_mixin.py:190} INFO - [2026-06-24T18:38:11.915+0000] {dag.py:4138} INFO - Setting next_dagrun for airflow_sanity_check to None, run_after=None
[2026-06-24T18:38:11.942+0000] {processor.py:208} INFO - Processing /opt/airflow/dags/sanity_checks.py took 0.122 seconds
[2026-06-24T18:38:42.256+0000] {processor.py:186} INFO - Started process (PID=3025) to work on /opt/airflow/dags/sanity_checks.py
[2026-06-24T18:38:42.258+0000] {processor.py:914} INFO - Processing file /opt/airflow/dags/sanity_checks.py for tasks to queue
[2026-06-24T18:38:42.261+0000] {logging_mixin.py:190} INFO - [2026-06-24T18:38:42.261+0000] {dagbag.py:587} INFO - Filling up the DagBag from /opt/airflow/dags/sanity_checks.py
[2026-06-24T18:38:42.276+0000] {processor.py:925} INFO - DAG(s) 'airflow_sanity_check' retrieved from /opt/airflow/dags/sanity_checks.py
[2026-06-24T18:38:42.323+0000] {logging_mixin.py:190} INFO - [2026-06-24T18:38:42.322+0000] {dag.py:3211} INFO - Sync 1 DAGs
[2026-06-24T18:38:42.343+0000] {logging_mixin.py:190} INFO - [2026-06-24T18:38:42.343+0000] {dag.py:4138} INFO - Setting next_dagrun for airflow_sanity_check to None, run_after=None
[2026-06-24T18:38:42.371+0000] {processor.py:208} INFO - Processing /opt/airflow/dags/sanity_checks.py took 0.125 seconds
[2026-06-24T18:39:12.704+0000] {processor.py:186} INFO - Started process (PID=3035) to work on /opt/airflow/dags/sanity_checks.py
[2026-06-24T18:39:12.705+0000] {processor.py:914} INFO - Processing file /opt/airflow/dags/sanity_checks.py for tasks to queue
[2026-06-24T18:39:12.709+0000] {logging_mixin.py:190} INFO - [2026-06-24T18:39:12.708+0000] {dagbag.py:587} INFO - Filling up the DagBag from /opt/airflow/dags/sanity_checks.py
[2026-06-24T18:39:12.724+0000] {processor.py:925} INFO - DAG(s) 'airflow_sanity_check' retrieved from /opt/airflow/dags/sanity_checks.py
[2026-06-24T18:39:12.767+0000] {logging_mixin.py:190} INFO - [2026-06-24T18:39:12.767+0000] {dag.py:3211} INFO - Sync 1 DAGs
[2026-06-24T18:39:12.789+0000] {logging_mixin.py:190} INFO - [2026-06-24T18:39:12.789+0000] {dag.py:4138} INFO - Setting next_dagrun for airflow_sanity_check to None, run_after=None
[2026-06-24T18:39:12.993+0000] {processor.py:208} INFO - Processing /opt/airflow/dags/sanity_checks.py took 0.298 seconds
[2026-06-24T18:39:43.342+0000] {processor.py:186} INFO - Started process (PID=3045) to work on /opt/airflow/dags/sanity_checks.py
[2026-06-24T18:39:43.343+0000] {processor.py:914} INFO - Processing file /opt/airflow/dags/sanity_checks.py for tasks to queue
[2026-06-24T18:39:43.348+0000] {logging_mixin.py:190} INFO - [2026-06-24T18:39:43.347+0000] {dagbag.py:587} INFO - Filling up the DagBag from /opt/airflow/dags/sanity_checks.py
[2026-06-24T18:39:43.363+0000] {processor.py:925} INFO - DAG(s) 'airflow_sanity_check' retrieved from /opt/airflow/dags/sanity_checks.py
[2026-06-24T18:39:43.411+0000] {logging_mixin.py:190} INFO - [2026-06-24T18:39:43.411+0000] {dag.py:3211} INFO - Sync 1 DAGs
[2026-06-24T18:39:43.603+0000] {logging_mixin.py:190} INFO - [2026-06-24T18:39:43.603+0000] {dag.py:4138} INFO - Setting next_dagrun for airflow_sanity_check to None, run_after=None
[2026-06-24T18:39:43.627+0000] {processor.py:208} INFO - Processing /opt/airflow/dags/sanity_checks.py took 0.295 seconds
[2026-06-24T18:40:13.951+0000] {processor.py:186} INFO - Started process (PID=3055) to work on /opt/airflow/dags/sanity_checks.py
[2026-06-24T18:40:13.952+0000] {processor.py:914} INFO - Processing file /opt/airflow/dags/sanity_checks.py for tasks to queue
[2026-06-24T18:40:13.956+0000] {logging_mixin.py:190} INFO - [2026-06-24T18:40:13.956+0000] {dagbag.py:587} INFO - Filling up the DagBag from /opt/airflow/dags/sanity_checks.py
[2026-06-24T18:40:13.972+0000] {processor.py:925} INFO - DAG(s) 'airflow_sanity_check' retrieved from /opt/airflow/dags/sanity_checks.py
[2026-06-24T18:40:14.014+0000] {logging_mixin.py:190} INFO - [2026-06-24T18:40:14.013+0000] {dag.py:3211} INFO - Sync 1 DAGs
[2026-06-24T18:40:14.034+0000] {logging_mixin.py:190} INFO - [2026-06-24T18:40:14.034+0000] {dag.py:4138} INFO - Setting next_dagrun for airflow_sanity_check to None, run_after=None
[2026-06-24T18:40:14.061+0000] {processor.py:208} INFO - Processing /opt/airflow/dags/sanity_checks.py took 0.120 seconds
[2026-06-24T18:40:44.391+0000] {processor.py:186} INFO - Started process (PID=3065) to work on /opt/airflow/dags/sanity_checks.py
[2026-06-24T18:40:44.393+0000] {processor.py:914} INFO - Processing file /opt/airflow/dags/sanity_checks.py for tasks to queue
[2026-06-24T18:40:44.396+0000] {logging_mixin.py:190} INFO - [2026-06-24T18:40:44.396+0000] {dagbag.py:587} INFO - Filling up the DagBag from /opt/airflow/dags/sanity_checks.py
[2026-06-24T18:40:44.411+0000] {processor.py:925} INFO - DAG(s) 'airflow_sanity_check' retrieved from /opt/airflow/dags/sanity_checks.py
[2026-06-24T18:40:44.454+0000] {logging_mixin.py:190} INFO - [2026-06-24T18:40:44.453+0000] {dag.py:3211} INFO - Sync 1 DAGs
[2026-06-24T18:40:44.474+0000] {logging_mixin.py:190} INFO - [2026-06-24T18:40:44.474+0000] {dag.py:4138} INFO - Setting next_dagrun for airflow_sanity_check to None, run_after=None
[2026-06-24T18:40:44.500+0000] {processor.py:208} INFO - Processing /opt/airflow/dags/sanity_checks.py took 0.123 seconds
[2026-06-24T18:41:14.824+0000] {processor.py:186} INFO - Started process (PID=3075) to work on /opt/airflow/dags/sanity_checks.py
[2026-06-24T18:41:14.825+0000] {processor.py:914} INFO - Processing file /opt/airflow/dags/sanity_checks.py for tasks to queue
[2026-06-24T18:41:14.828+0000] {logging_mixin.py:190} INFO - [2026-06-24T18:41:14.828+0000] {dagbag.py:587} INFO - Filling up the DagBag from /opt/airflow/dags/sanity_checks.py
[2026-06-24T18:41:14.844+0000] {processor.py:925} INFO - DAG(s) 'airflow_sanity_check' retrieved from /opt/airflow/dags/sanity_checks.py
[2026-06-24T18:41:14.885+0000] {logging_mixin.py:190} INFO - [2026-06-24T18:41:14.885+0000] {dag.py:3211} INFO - Sync 1 DAGs
[2026-06-24T18:41:14.910+0000] {logging_mixin.py:190} INFO - [2026-06-24T18:41:14.910+0000] {dag.py:4138} INFO - Setting next_dagrun for airflow_sanity_check to None, run_after=None
[2026-06-24T18:41:14.941+0000] {processor.py:208} INFO - Processing /opt/airflow/dags/sanity_checks.py took 0.126 seconds
[2026-06-24T18:41:45.283+0000] {processor.py:186} INFO - Started process (PID=3085) to work on /opt/airflow/dags/sanity_checks.py
[2026-06-24T18:41:45.285+0000] {processor.py:914} INFO - Processing file /opt/airflow/dags/sanity_checks.py for tasks to queue
[2026-06-24T18:41:45.288+0000] {logging_mixin.py:190} INFO - [2026-06-24T18:41:45.288+0000] {dagbag.py:587} INFO - Filling up the DagBag from /opt/airflow/dags/sanity_checks.py
[2026-06-24T18:41:45.302+0000] {processor.py:925} INFO - DAG(s) 'airflow_sanity_check' retrieved from /opt/airflow/dags/sanity_checks.py
[2026-06-24T18:41:45.342+0000] {logging_mixin.py:190} INFO - [2026-06-24T18:41:45.342+0000] {dag.py:3211} INFO - Sync 1 DAGs
[2026-06-24T18:41:45.362+0000] {logging_mixin.py:190} INFO - [2026-06-24T18:41:45.362+0000] {dag.py:4138} INFO - Setting next_dagrun for airflow_sanity_check to None, run_after=None
[2026-06-24T18:41:45.559+0000] {processor.py:208} INFO - Processing /opt/airflow/dags/sanity_checks.py took 0.284 seconds
[2026-06-24T18:42:15.880+0000] {processor.py:186} INFO - Started process (PID=3095) to work on /opt/airflow/dags/sanity_checks.py
[2026-06-24T18:42:15.881+0000] {processor.py:914} INFO - Processing file /opt/airflow/dags/sanity_checks.py for tasks to queue
[2026-06-24T18:42:15.885+0000] {logging_mixin.py:190} INFO - [2026-06-24T18:42:15.884+0000] {dagbag.py:587} INFO - Filling up the DagBag from /opt/airflow/dags/sanity_checks.py
[2026-06-24T18:42:15.902+0000] {processor.py:925} INFO - DAG(s) 'airflow_sanity_check' retrieved from /opt/airflow/dags/sanity_checks.py
[2026-06-24T18:42:15.943+0000] {logging_mixin.py:190} INFO - [2026-06-24T18:42:15.943+0000] {dag.py:3211} INFO - Sync 1 DAGs
[2026-06-24T18:42:16.134+0000] {logging_mixin.py:190} INFO - [2026-06-24T18:42:16.134+0000] {dag.py:4138} INFO - Setting next_dagrun for airflow_sanity_check to None, run_after=None
[2026-06-24T18:42:16.160+0000] {processor.py:208} INFO - Processing /opt/airflow/dags/sanity_checks.py took 0.289 seconds
[2026-06-24T18:42:46.489+0000] {processor.py:186} INFO - Started process (PID=3105) to work on /opt/airflow/dags/sanity_checks.py
[2026-06-24T18:42:46.491+0000] {processor.py:914} INFO - Processing file /opt/airflow/dags/sanity_checks.py for tasks to queue
[2026-06-24T18:42:46.495+0000] {logging_mixin.py:190} INFO - [2026-06-24T18:42:46.494+0000] {dagbag.py:587} INFO - Filling up the DagBag from /opt/airflow/dags/sanity_checks.py
[2026-06-24T18:42:46.512+0000] {processor.py:925} INFO - DAG(s) 'airflow_sanity_check' retrieved from /opt/airflow/dags/sanity_checks.py
[2026-06-24T18:42:46.733+0000] {logging_mixin.py:190} INFO - [2026-06-24T18:42:46.733+0000] {dag.py:3211} INFO - Sync 1 DAGs
[2026-06-24T18:42:46.751+0000] {logging_mixin.py:190} INFO - [2026-06-24T18:42:46.751+0000] {dag.py:4138} INFO - Setting next_dagrun for airflow_sanity_check to None, run_after=None
[2026-06-24T18:42:46.776+0000] {processor.py:208} INFO - Processing /opt/airflow/dags/sanity_checks.py took 0.297 seconds
[2026-06-24T18:43:17.097+0000] {processor.py:186} INFO - Started process (PID=3115) to work on /opt/airflow/dags/sanity_checks.py
[2026-06-24T18:43:17.098+0000] {processor.py:914} INFO - Processing file /opt/airflow/dags/sanity_checks.py for tasks to queue
[2026-06-24T18:43:17.103+0000] {logging_mixin.py:190} INFO - [2026-06-24T18:43:17.102+0000] {dagbag.py:587} INFO - Filling up the DagBag from /opt/airflow/dags/sanity_checks.py
[2026-06-24T18:43:17.118+0000] {processor.py:925} INFO - DAG(s) 'airflow_sanity_check' retrieved from /opt/airflow/dags/sanity_checks.py
[2026-06-24T18:43:17.162+0000] {logging_mixin.py:190} INFO - [2026-06-24T18:43:17.161+0000] {dag.py:3211} INFO - Sync 1 DAGs
[2026-06-24T18:43:17.183+0000] {logging_mixin.py:190} INFO - [2026-06-24T18:43:17.182+0000] {dag.py:4138} INFO - Setting next_dagrun for airflow_sanity_check to None, run_after=None
[2026-06-24T18:43:17.231+0000] {processor.py:208} INFO - Processing /opt/airflow/dags/sanity_checks.py took 0.147 seconds
[2026-06-24T18:43:47.573+0000] {processor.py:186} INFO - Started process (PID=3125) to work on /opt/airflow/dags/sanity_checks.py
[2026-06-24T18:43:47.574+0000] {processor.py:914} INFO - Processing file /opt/airflow/dags/sanity_checks.py for tasks to queue
[2026-06-24T18:43:47.578+0000] {logging_mixin.py:190} INFO - [2026-06-24T18:43:47.578+0000] {dagbag.py:587} INFO - Filling up the DagBag from /opt/airflow/dags/sanity_checks.py
[2026-06-24T18:43:47.594+0000] {processor.py:925} INFO - DAG(s) 'airflow_sanity_check' retrieved from /opt/airflow/dags/sanity_checks.py
[2026-06-24T18:43:47.635+0000] {logging_mixin.py:190} INFO - [2026-06-24T18:43:47.635+0000] {dag.py:3211} INFO - Sync 1 DAGs
[2026-06-24T18:43:47.656+0000] {logging_mixin.py:190} INFO - [2026-06-24T18:43:47.656+0000] {dag.py:4138} INFO - Setting next_dagrun for airflow_sanity_check to None, run_after=None
[2026-06-24T18:43:47.684+0000] {processor.py:208} INFO - Processing /opt/airflow/dags/sanity_checks.py took 0.124 seconds
[2026-06-24T18:44:18.005+0000] {processor.py:186} INFO - Started process (PID=3135) to work on /opt/airflow/dags/sanity_checks.py
[2026-06-24T18:44:18.006+0000] {processor.py:914} INFO - Processing file /opt/airflow/dags/sanity_checks.py for tasks to queue
[2026-06-24T18:44:18.010+0000] {logging_mixin.py:190} INFO - [2026-06-24T18:44:18.009+0000] {dagbag.py:587} INFO - Filling up the DagBag from /opt/airflow/dags/sanity_checks.py
[2026-06-24T18:44:18.026+0000] {processor.py:925} INFO - DAG(s) 'airflow_sanity_check' retrieved from /opt/airflow/dags/sanity_checks.py
[2026-06-24T18:44:18.069+0000] {logging_mixin.py:190} INFO - [2026-06-24T18:44:18.069+0000] {dag.py:3211} INFO - Sync 1 DAGs
[2026-06-24T18:44:18.091+0000] {logging_mixin.py:190} INFO - [2026-06-24T18:44:18.091+0000] {dag.py:4138} INFO - Setting next_dagrun for airflow_sanity_check to None, run_after=None
[2026-06-24T18:44:18.118+0000] {processor.py:208} INFO - Processing /opt/airflow/dags/sanity_checks.py took 0.122 seconds
[2026-06-24T18:44:48.462+0000] {processor.py:186} INFO - Started process (PID=3145) to work on /opt/airflow/dags/sanity_checks.py
[2026-06-24T18:44:48.463+0000] {processor.py:914} INFO - Processing file /opt/airflow/dags/sanity_checks.py for tasks to queue
[2026-06-24T18:44:48.467+0000] {logging_mixin.py:190} INFO - [2026-06-24T18:44:48.467+0000] {dagbag.py:587} INFO - Filling up the DagBag from /opt/airflow/dags/sanity_checks.py
[2026-06-24T18:44:48.484+0000] {processor.py:925} INFO - DAG(s) 'airflow_sanity_check' retrieved from /opt/airflow/dags/sanity_checks.py
[2026-06-24T18:44:48.525+0000] {logging_mixin.py:190} INFO - [2026-06-24T18:44:48.525+0000] {dag.py:3211} INFO - Sync 1 DAGs
[2026-06-24T18:44:48.548+0000] {logging_mixin.py:190} INFO - [2026-06-24T18:44:48.548+0000] {dag.py:4138} INFO - Setting next_dagrun for airflow_sanity_check to None, run_after=None
[2026-06-24T18:44:48.773+0000] {processor.py:208} INFO - Processing /opt/airflow/dags/sanity_checks.py took 0.320 seconds
[2026-06-24T18:45:19.109+0000] {processor.py:186} INFO - Started process (PID=3155) to work on /opt/airflow/dags/sanity_checks.py
[2026-06-24T18:45:19.111+0000] {processor.py:914} INFO - Processing file /opt/airflow/dags/sanity_checks.py for tasks to queue
[2026-06-24T18:45:19.114+0000] {logging_mixin.py:190} INFO - [2026-06-24T18:45:19.113+0000] {dagbag.py:587} INFO - Filling up the DagBag from /opt/airflow/dags/sanity_checks.py
[2026-06-24T18:45:19.129+0000] {processor.py:925} INFO - DAG(s) 'airflow_sanity_check' retrieved from /opt/airflow/dags/sanity_checks.py
[2026-06-24T18:45:19.171+0000] {logging_mixin.py:190} INFO - [2026-06-24T18:45:19.171+0000] {dag.py:3211} INFO - Sync 1 DAGs
[2026-06-24T18:45:19.355+0000] {logging_mixin.py:190} INFO - [2026-06-24T18:45:19.355+0000] {dag.py:4138} INFO - Setting next_dagrun for airflow_sanity_check to None, run_after=None
[2026-06-24T18:45:19.382+0000] {processor.py:208} INFO - Processing /opt/airflow/dags/sanity_checks.py took 0.281 seconds
[2026-06-24T18:45:49.730+0000] {processor.py:186} INFO - Started process (PID=3165) to work on /opt/airflow/dags/sanity_checks.py
[2026-06-24T18:45:49.731+0000] {processor.py:914} INFO - Processing file /opt/airflow/dags/sanity_checks.py for tasks to queue
[2026-06-24T18:45:49.736+0000] {logging_mixin.py:190} INFO - [2026-06-24T18:45:49.736+0000] {dagbag.py:587} INFO - Filling up the DagBag from /opt/airflow/dags/sanity_checks.py
[2026-06-24T18:45:49.752+0000] {processor.py:925} INFO - DAG(s) 'airflow_sanity_check' retrieved from /opt/airflow/dags/sanity_checks.py
[2026-06-24T18:45:49.795+0000] {logging_mixin.py:190} INFO - [2026-06-24T18:45:49.795+0000] {dag.py:3211} INFO - Sync 1 DAGs
[2026-06-24T18:45:49.816+0000] {logging_mixin.py:190} INFO - [2026-06-24T18:45:49.816+0000] {dag.py:4138} INFO - Setting next_dagrun for airflow_sanity_check to None, run_after=None
[2026-06-24T18:45:49.844+0000] {processor.py:208} INFO - Processing /opt/airflow/dags/sanity_checks.py took 0.127 seconds
[2026-06-24T18:46:20.178+0000] {processor.py:186} INFO - Started process (PID=3175) to work on /opt/airflow/dags/sanity_checks.py
[2026-06-24T18:46:20.180+0000] {processor.py:914} INFO - Processing file /opt/airflow/dags/sanity_checks.py for tasks to queue
[2026-06-24T18:46:20.184+0000] {logging_mixin.py:190} INFO - [2026-06-24T18:46:20.184+0000] {dagbag.py:587} INFO - Filling up the DagBag from /opt/airflow/dags/sanity_checks.py
[2026-06-24T18:46:20.201+0000] {processor.py:925} INFO - DAG(s) 'airflow_sanity_check' retrieved from /opt/airflow/dags/sanity_checks.py
[2026-06-24T18:46:20.243+0000] {logging_mixin.py:190} INFO - [2026-06-24T18:46:20.242+0000] {dag.py:3211} INFO - Sync 1 DAGs
[2026-06-24T18:46:20.264+0000] {logging_mixin.py:190} INFO - [2026-06-24T18:46:20.263+0000] {dag.py:4138} INFO - Setting next_dagrun for airflow_sanity_check to None, run_after=None
[2026-06-24T18:46:20.291+0000] {processor.py:208} INFO - Processing /opt/airflow/dags/sanity_checks.py took 0.122 seconds
[2026-06-24T18:46:50.639+0000] {processor.py:186} INFO - Started process (PID=3185) to work on /opt/airflow/dags/sanity_checks.py
[2026-06-24T18:46:50.641+0000] {processor.py:914} INFO - Processing file /opt/airflow/dags/sanity_checks.py for tasks to queue
[2026-06-24T18:46:50.645+0000] {logging_mixin.py:190} INFO - [2026-06-24T18:46:50.644+0000] {dagbag.py:587} INFO - Filling up the DagBag from /opt/airflow/dags/sanity_checks.py
[2026-06-24T18:46:50.660+0000] {processor.py:925} INFO - DAG(s) 'airflow_sanity_check' retrieved from /opt/airflow/dags/sanity_checks.py
[2026-06-24T18:46:50.701+0000] {logging_mixin.py:190} INFO - [2026-06-24T18:46:50.701+0000] {dag.py:3211} INFO - Sync 1 DAGs
[2026-06-24T18:46:50.723+0000] {logging_mixin.py:190} INFO - [2026-06-24T18:46:50.723+0000] {dag.py:4138} INFO - Setting next_dagrun for airflow_sanity_check to None, run_after=None
[2026-06-24T18:46:50.750+0000] {processor.py:208} INFO - Processing /opt/airflow/dags/sanity_checks.py took 0.122 seconds
[2026-06-24T18:47:21.073+0000] {processor.py:186} INFO - Started process (PID=3195) to work on /opt/airflow/dags/sanity_checks.py
[2026-06-24T18:47:21.075+0000] {processor.py:914} INFO - Processing file /opt/airflow/dags/sanity_checks.py for tasks to queue
[2026-06-24T18:47:21.079+0000] {logging_mixin.py:190} INFO - [2026-06-24T18:47:21.079+0000] {dagbag.py:587} INFO - Filling up the DagBag from /opt/airflow/dags/sanity_checks.py
[2026-06-24T18:47:21.106+0000] {processor.py:925} INFO - DAG(s) 'airflow_sanity_check' retrieved from /opt/airflow/dags/sanity_checks.py
[2026-06-24T18:47:21.150+0000] {logging_mixin.py:190} INFO - [2026-06-24T18:47:21.149+0000] {dag.py:3211} INFO - Sync 1 DAGs
[2026-06-24T18:47:21.171+0000] {logging_mixin.py:190} INFO - [2026-06-24T18:47:21.171+0000] {dag.py:4138} INFO - Setting next_dagrun for airflow_sanity_check to None, run_after=None
[2026-06-24T18:47:21.198+0000] {processor.py:208} INFO - Processing /opt/airflow/dags/sanity_checks.py took 0.137 seconds
[2026-06-24T18:47:51.520+0000] {processor.py:186} INFO - Started process (PID=3205) to work on /opt/airflow/dags/sanity_checks.py
[2026-06-24T18:47:51.522+0000] {processor.py:914} INFO - Processing file /opt/airflow/dags/sanity_checks.py for tasks to queue
[2026-06-24T18:47:51.525+0000] {logging_mixin.py:190} INFO - [2026-06-24T18:47:51.525+0000] {dagbag.py:587} INFO - Filling up the DagBag from /opt/airflow/dags/sanity_checks.py
[2026-06-24T18:47:51.542+0000] {processor.py:925} INFO - DAG(s) 'airflow_sanity_check' retrieved from /opt/airflow/dags/sanity_checks.py
[2026-06-24T18:47:51.585+0000] {logging_mixin.py:190} INFO - [2026-06-24T18:47:51.584+0000] {dag.py:3211} INFO - Sync 1 DAGs
[2026-06-24T18:47:51.788+0000] {logging_mixin.py:190} INFO - [2026-06-24T18:47:51.788+0000] {dag.py:4138} INFO - Setting next_dagrun for airflow_sanity_check to None, run_after=None
[2026-06-24T18:47:51.813+0000] {processor.py:208} INFO - Processing /opt/airflow/dags/sanity_checks.py took 0.302 seconds
[2026-06-24T18:48:22.131+0000] {processor.py:186} INFO - Started process (PID=3215) to work on /opt/airflow/dags/sanity_checks.py
[2026-06-24T18:48:22.133+0000] {processor.py:914} INFO - Processing file /opt/airflow/dags/sanity_checks.py for tasks to queue
[2026-06-24T18:48:22.136+0000] {logging_mixin.py:190} INFO - [2026-06-24T18:48:22.136+0000] {dagbag.py:587} INFO - Filling up the DagBag from /opt/airflow/dags/sanity_checks.py
[2026-06-24T18:48:22.155+0000] {processor.py:925} INFO - DAG(s) 'airflow_sanity_check' retrieved from /opt/airflow/dags/sanity_checks.py
[2026-06-24T18:48:22.362+0000] {logging_mixin.py:190} INFO - [2026-06-24T18:48:22.362+0000] {dag.py:3211} INFO - Sync 1 DAGs
[2026-06-24T18:48:22.381+0000] {logging_mixin.py:190} INFO - [2026-06-24T18:48:22.381+0000] {dag.py:4138} INFO - Setting next_dagrun for airflow_sanity_check to None, run_after=None
[2026-06-24T18:48:22.403+0000] {processor.py:208} INFO - Processing /opt/airflow/dags/sanity_checks.py took 0.282 seconds
[2026-06-24T18:48:52.746+0000] {processor.py:186} INFO - Started process (PID=3225) to work on /opt/airflow/dags/sanity_checks.py
[2026-06-24T18:48:52.748+0000] {processor.py:914} INFO - Processing file /opt/airflow/dags/sanity_checks.py for tasks to queue
[2026-06-24T18:48:52.751+0000] {logging_mixin.py:190} INFO - [2026-06-24T18:48:52.751+0000] {dagbag.py:587} INFO - Filling up the DagBag from /opt/airflow/dags/sanity_checks.py
[2026-06-24T18:48:52.766+0000] {processor.py:925} INFO - DAG(s) 'airflow_sanity_check' retrieved from /opt/airflow/dags/sanity_checks.py
[2026-06-24T18:48:52.810+0000] {logging_mixin.py:190} INFO - [2026-06-24T18:48:52.810+0000] {dag.py:3211} INFO - Sync 1 DAGs
[2026-06-24T18:48:52.831+0000] {logging_mixin.py:190} INFO - [2026-06-24T18:48:52.831+0000] {dag.py:4138} INFO - Setting next_dagrun for airflow_sanity_check to None, run_after=None
[2026-06-24T18:48:52.857+0000] {processor.py:208} INFO - Processing /opt/airflow/dags/sanity_checks.py took 0.119 seconds
[2026-06-24T18:49:23.170+0000] {processor.py:186} INFO - Started process (PID=3235) to work on /opt/airflow/dags/sanity_checks.py
[2026-06-24T18:49:23.171+0000] {processor.py:914} INFO - Processing file /opt/airflow/dags/sanity_checks.py for tasks to queue
[2026-06-24T18:49:23.175+0000] {logging_mixin.py:190} INFO - [2026-06-24T18:49:23.175+0000] {dagbag.py:587} INFO - Filling up the DagBag from /opt/airflow/dags/sanity_checks.py
[2026-06-24T18:49:23.195+0000] {processor.py:925} INFO - DAG(s) 'airflow_sanity_check' retrieved from /opt/airflow/dags/sanity_checks.py
[2026-06-24T18:49:23.239+0000] {logging_mixin.py:190} INFO - [2026-06-24T18:49:23.239+0000] {dag.py:3211} INFO - Sync 1 DAGs
[2026-06-24T18:49:23.260+0000] {logging_mixin.py:190} INFO - [2026-06-24T18:49:23.260+0000] {dag.py:4138} INFO - Setting next_dagrun for airflow_sanity_check to None, run_after=None
[2026-06-24T18:49:23.288+0000] {processor.py:208} INFO - Processing /opt/airflow/dags/sanity_checks.py took 0.127 seconds
[2026-06-24T18:49:53.640+0000] {processor.py:186} INFO - Started process (PID=3245) to work on /opt/airflow/dags/sanity_checks.py
[2026-06-24T18:49:53.642+0000] {processor.py:914} INFO - Processing file /opt/airflow/dags/sanity_checks.py for tasks to queue
[2026-06-24T18:49:53.645+0000] {logging_mixin.py:190} INFO - [2026-06-24T18:49:53.645+0000] {dagbag.py:587} INFO - Filling up the DagBag from /opt/airflow/dags/sanity_checks.py
[2026-06-24T18:49:53.660+0000] {processor.py:925} INFO - DAG(s) 'airflow_sanity_check' retrieved from /opt/airflow/dags/sanity_checks.py
[2026-06-24T18:49:53.702+0000] {logging_mixin.py:190} INFO - [2026-06-24T18:49:53.702+0000] {dag.py:3211} INFO - Sync 1 DAGs
[2026-06-24T18:49:53.724+0000] {logging_mixin.py:190} INFO - [2026-06-24T18:49:53.723+0000] {dag.py:4138} INFO - Setting next_dagrun for airflow_sanity_check to None, run_after=None
[2026-06-24T18:49:53.754+0000] {processor.py:208} INFO - Processing /opt/airflow/dags/sanity_checks.py took 0.123 seconds
[2026-06-24T18:50:24.074+0000] {processor.py:186} INFO - Started process (PID=3255) to work on /opt/airflow/dags/sanity_checks.py
[2026-06-24T18:50:24.076+0000] {processor.py:914} INFO - Processing file /opt/airflow/dags/sanity_checks.py for tasks to queue
[2026-06-24T18:50:24.080+0000] {logging_mixin.py:190} INFO - [2026-06-24T18:50:24.079+0000] {dagbag.py:587} INFO - Filling up the DagBag from /opt/airflow/dags/sanity_checks.py
[2026-06-24T18:50:24.095+0000] {processor.py:925} INFO - DAG(s) 'airflow_sanity_check' retrieved from /opt/airflow/dags/sanity_checks.py
[2026-06-24T18:50:24.137+0000] {logging_mixin.py:190} INFO - [2026-06-24T18:50:24.136+0000] {dag.py:3211} INFO - Sync 1 DAGs
[2026-06-24T18:50:24.159+0000] {logging_mixin.py:190} INFO - [2026-06-24T18:50:24.159+0000] {dag.py:4138} INFO - Setting next_dagrun for airflow_sanity_check to None, run_after=None
[2026-06-24T18:50:24.346+0000] {processor.py:208} INFO - Processing /opt/airflow/dags/sanity_checks.py took 0.281 seconds
[2026-06-24T18:50:54.692+0000] {processor.py:186} INFO - Started process (PID=3265) to work on /opt/airflow/dags/sanity_checks.py
[2026-06-24T18:50:54.694+0000] {processor.py:914} INFO - Processing file /opt/airflow/dags/sanity_checks.py for tasks to queue
[2026-06-24T18:50:54.697+0000] {logging_mixin.py:190} INFO - [2026-06-24T18:50:54.697+0000] {dagbag.py:587} INFO - Filling up the DagBag from /opt/airflow/dags/sanity_checks.py
[2026-06-24T18:50:54.714+0000] {processor.py:925} INFO - DAG(s) 'airflow_sanity_check' retrieved from /opt/airflow/dags/sanity_checks.py
[2026-06-24T18:50:54.758+0000] {logging_mixin.py:190} INFO - [2026-06-24T18:50:54.757+0000] {dag.py:3211} INFO - Sync 1 DAGs
[2026-06-24T18:50:54.958+0000] {logging_mixin.py:190} INFO - [2026-06-24T18:50:54.957+0000] {dag.py:4138} INFO - Setting next_dagrun for airflow_sanity_check to None, run_after=None
[2026-06-24T18:50:54.984+0000] {processor.py:208} INFO - Processing /opt/airflow/dags/sanity_checks.py took 0.302 seconds
[2026-06-24T18:51:25.313+0000] {processor.py:186} INFO - Started process (PID=3275) to work on /opt/airflow/dags/sanity_checks.py
[2026-06-24T18:51:25.315+0000] {processor.py:914} INFO - Processing file /opt/airflow/dags/sanity_checks.py for tasks to queue
[2026-06-24T18:51:25.318+0000] {logging_mixin.py:190} INFO - [2026-06-24T18:51:25.318+0000] {dagbag.py:587} INFO - Filling up the DagBag from /opt/airflow/dags/sanity_checks.py
[2026-06-24T18:51:25.334+0000] {processor.py:925} INFO - DAG(s) 'airflow_sanity_check' retrieved from /opt/airflow/dags/sanity_checks.py
[2026-06-24T18:51:25.537+0000] {logging_mixin.py:190} INFO - [2026-06-24T18:51:25.537+0000] {dag.py:3211} INFO - Sync 1 DAGs
[2026-06-24T18:51:25.554+0000] {logging_mixin.py:190} INFO - [2026-06-24T18:51:25.554+0000] {dag.py:4138} INFO - Setting next_dagrun for airflow_sanity_check to None, run_after=None
[2026-06-24T18:51:25.578+0000] {processor.py:208} INFO - Processing /opt/airflow/dags/sanity_checks.py took 0.273 seconds
[2026-06-24T18:51:55.903+0000] {processor.py:186} INFO - Started process (PID=3285) to work on /opt/airflow/dags/sanity_checks.py
[2026-06-24T18:51:55.905+0000] {processor.py:914} INFO - Processing file /opt/airflow/dags/sanity_checks.py for tasks to queue
[2026-06-24T18:51:55.909+0000] {logging_mixin.py:190} INFO - [2026-06-24T18:51:55.908+0000] {dagbag.py:587} INFO - Filling up the DagBag from /opt/airflow/dags/sanity_checks.py
[2026-06-24T18:51:55.923+0000] {processor.py:925} INFO - DAG(s) 'airflow_sanity_check' retrieved from /opt/airflow/dags/sanity_checks.py
[2026-06-24T18:51:55.965+0000] {logging_mixin.py:190} INFO - [2026-06-24T18:51:55.965+0000] {dag.py:3211} INFO - Sync 1 DAGs
[2026-06-24T18:51:55.987+0000] {logging_mixin.py:190} INFO - [2026-06-24T18:51:55.987+0000] {dag.py:4138} INFO - Setting next_dagrun for airflow_sanity_check to None, run_after=None
[2026-06-24T18:51:56.014+0000] {processor.py:208} INFO - Processing /opt/airflow/dags/sanity_checks.py took 0.120 seconds
[2026-06-24T18:52:26.339+0000] {processor.py:186} INFO - Started process (PID=3295) to work on /opt/airflow/dags/sanity_checks.py
[2026-06-24T18:52:26.341+0000] {processor.py:914} INFO - Processing file /opt/airflow/dags/sanity_checks.py for tasks to queue
[2026-06-24T18:52:26.346+0000] {logging_mixin.py:190} INFO - [2026-06-24T18:52:26.346+0000] {dagbag.py:587} INFO - Filling up the DagBag from /opt/airflow/dags/sanity_checks.py
[2026-06-24T18:52:26.362+0000] {processor.py:925} INFO - DAG(s) 'airflow_sanity_check' retrieved from /opt/airflow/dags/sanity_checks.py
[2026-06-24T18:52:26.406+0000] {logging_mixin.py:190} INFO - [2026-06-24T18:52:26.405+0000] {dag.py:3211} INFO - Sync 1 DAGs
[2026-06-24T18:52:26.428+0000] {logging_mixin.py:190} INFO - [2026-06-24T18:52:26.427+0000] {dag.py:4138} INFO - Setting next_dagrun for airflow_sanity_check to None, run_after=None
[2026-06-24T18:52:26.455+0000] {processor.py:208} INFO - Processing /opt/airflow/dags/sanity_checks.py took 0.127 seconds
[2026-06-24T18:52:56.796+0000] {processor.py:186} INFO - Started process (PID=3305) to work on /opt/airflow/dags/sanity_checks.py
[2026-06-24T18:52:56.797+0000] {processor.py:914} INFO - Processing file /opt/airflow/dags/sanity_checks.py for tasks to queue
[2026-06-24T18:52:56.801+0000] {logging_mixin.py:190} INFO - [2026-06-24T18:52:56.801+0000] {dagbag.py:587} INFO - Filling up the DagBag from /opt/airflow/dags/sanity_checks.py
[2026-06-24T18:52:56.816+0000] {processor.py:925} INFO - DAG(s) 'airflow_sanity_check' retrieved from /opt/airflow/dags/sanity_checks.py
[2026-06-24T18:52:56.855+0000] {logging_mixin.py:190} INFO - [2026-06-24T18:52:56.854+0000] {dag.py:3211} INFO - Sync 1 DAGs
[2026-06-24T18:52:56.875+0000] {logging_mixin.py:190} INFO - [2026-06-24T18:52:56.875+0000] {dag.py:4138} INFO - Setting next_dagrun for airflow_sanity_check to None, run_after=None
[2026-06-24T18:52:56.902+0000] {processor.py:208} INFO - Processing /opt/airflow/dags/sanity_checks.py took 0.114 seconds
[2026-06-24T18:53:27.226+0000] {processor.py:186} INFO - Started process (PID=3315) to work on /opt/airflow/dags/sanity_checks.py
[2026-06-24T18:53:27.227+0000] {processor.py:914} INFO - Processing file /opt/airflow/dags/sanity_checks.py for tasks to queue
[2026-06-24T18:53:27.231+0000] {logging_mixin.py:190} INFO - [2026-06-24T18:53:27.230+0000] {dagbag.py:587} INFO - Filling up the DagBag from /opt/airflow/dags/sanity_checks.py
[2026-06-24T18:53:27.248+0000] {processor.py:925} INFO - DAG(s) 'airflow_sanity_check' retrieved from /opt/airflow/dags/sanity_checks.py
[2026-06-24T18:53:27.289+0000] {logging_mixin.py:190} INFO - [2026-06-24T18:53:27.289+0000] {dag.py:3211} INFO - Sync 1 DAGs
[2026-06-24T18:53:27.479+0000] {logging_mixin.py:190} INFO - [2026-06-24T18:53:27.479+0000] {dag.py:4138} INFO - Setting next_dagrun for airflow_sanity_check to None, run_after=None
[2026-06-24T18:53:27.505+0000] {processor.py:208} INFO - Processing /opt/airflow/dags/sanity_checks.py took 0.289 seconds
[2026-06-24T18:53:57.843+0000] {processor.py:186} INFO - Started process (PID=3325) to work on /opt/airflow/dags/sanity_checks.py
[2026-06-24T18:53:57.845+0000] {processor.py:914} INFO - Processing file /opt/airflow/dags/sanity_checks.py for tasks to queue
[2026-06-24T18:53:57.849+0000] {logging_mixin.py:190} INFO - [2026-06-24T18:53:57.848+0000] {dagbag.py:587} INFO - Filling up the DagBag from /opt/airflow/dags/sanity_checks.py
[2026-06-24T18:53:57.864+0000] {processor.py:925} INFO - DAG(s) 'airflow_sanity_check' retrieved from /opt/airflow/dags/sanity_checks.py
[2026-06-24T18:53:58.082+0000] {logging_mixin.py:190} INFO - [2026-06-24T18:53:58.082+0000] {dag.py:3211} INFO - Sync 1 DAGs
[2026-06-24T18:53:58.105+0000] {logging_mixin.py:190} INFO - [2026-06-24T18:53:58.105+0000] {dag.py:4138} INFO - Setting next_dagrun for airflow_sanity_check to None, run_after=None
[2026-06-24T18:53:58.129+0000] {processor.py:208} INFO - Processing /opt/airflow/dags/sanity_checks.py took 0.296 seconds
[2026-06-24T18:54:28.455+0000] {processor.py:186} INFO - Started process (PID=3335) to work on /opt/airflow/dags/sanity_checks.py
[2026-06-24T18:54:28.457+0000] {processor.py:914} INFO - Processing file /opt/airflow/dags/sanity_checks.py for tasks to queue
[2026-06-24T18:54:28.460+0000] {logging_mixin.py:190} INFO - [2026-06-24T18:54:28.460+0000] {dagbag.py:587} INFO - Filling up the DagBag from /opt/airflow/dags/sanity_checks.py
[2026-06-24T18:54:28.475+0000] {processor.py:925} INFO - DAG(s) 'airflow_sanity_check' retrieved from /opt/airflow/dags/sanity_checks.py
[2026-06-24T18:54:28.515+0000] {logging_mixin.py:190} INFO - [2026-06-24T18:54:28.515+0000] {dag.py:3211} INFO - Sync 1 DAGs
[2026-06-24T18:54:28.536+0000] {logging_mixin.py:190} INFO - [2026-06-24T18:54:28.536+0000] {dag.py:4138} INFO - Setting next_dagrun for airflow_sanity_check to None, run_after=None
[2026-06-24T18:54:28.565+0000] {processor.py:208} INFO - Processing /opt/airflow/dags/sanity_checks.py took 0.118 seconds
[2026-06-24T18:54:58.924+0000] {processor.py:186} INFO - Started process (PID=3345) to work on /opt/airflow/dags/sanity_checks.py
[2026-06-24T18:54:58.926+0000] {processor.py:914} INFO - Processing file /opt/airflow/dags/sanity_checks.py for tasks to queue
[2026-06-24T18:54:58.930+0000] {logging_mixin.py:190} INFO - [2026-06-24T18:54:58.930+0000] {dagbag.py:587} INFO - Filling up the DagBag from /opt/airflow/dags/sanity_checks.py
[2026-06-24T18:54:58.945+0000] {processor.py:925} INFO - DAG(s) 'airflow_sanity_check' retrieved from /opt/airflow/dags/sanity_checks.py
[2026-06-24T18:54:58.987+0000] {logging_mixin.py:190} INFO - [2026-06-24T18:54:58.987+0000] {dag.py:3211} INFO - Sync 1 DAGs
[2026-06-24T18:54:59.009+0000] {logging_mixin.py:190} INFO - [2026-06-24T18:54:59.008+0000] {dag.py:4138} INFO - Setting next_dagrun for airflow_sanity_check to None, run_after=None
[2026-06-24T18:54:59.040+0000] {processor.py:208} INFO - Processing /opt/airflow/dags/sanity_checks.py took 0.124 seconds
[2026-06-24T18:55:29.369+0000] {processor.py:186} INFO - Started process (PID=3355) to work on /opt/airflow/dags/sanity_checks.py
[2026-06-24T18:55:29.371+0000] {processor.py:914} INFO - Processing file /opt/airflow/dags/sanity_checks.py for tasks to queue
[2026-06-24T18:55:29.375+0000] {logging_mixin.py:190} INFO - [2026-06-24T18:55:29.375+0000] {dagbag.py:587} INFO - Filling up the DagBag from /opt/airflow/dags/sanity_checks.py
[2026-06-24T18:55:29.391+0000] {processor.py:925} INFO - DAG(s) 'airflow_sanity_check' retrieved from /opt/airflow/dags/sanity_checks.py
[2026-06-24T18:55:29.433+0000] {logging_mixin.py:190} INFO - [2026-06-24T18:55:29.432+0000] {dag.py:3211} INFO - Sync 1 DAGs
[2026-06-24T18:55:29.455+0000] {logging_mixin.py:190} INFO - [2026-06-24T18:55:29.455+0000] {dag.py:4138} INFO - Setting next_dagrun for airflow_sanity_check to None, run_after=None
[2026-06-24T18:55:29.482+0000] {processor.py:208} INFO - Processing /opt/airflow/dags/sanity_checks.py took 0.122 seconds
[2026-06-24T18:55:59.811+0000] {processor.py:186} INFO - Started process (PID=3365) to work on /opt/airflow/dags/sanity_checks.py
[2026-06-24T18:55:59.813+0000] {processor.py:914} INFO - Processing file /opt/airflow/dags/sanity_checks.py for tasks to queue
[2026-06-24T18:55:59.817+0000] {logging_mixin.py:190} INFO - [2026-06-24T18:55:59.816+0000] {dagbag.py:587} INFO - Filling up the DagBag from /opt/airflow/dags/sanity_checks.py
[2026-06-24T18:55:59.831+0000] {processor.py:925} INFO - DAG(s) 'airflow_sanity_check' retrieved from /opt/airflow/dags/sanity_checks.py
[2026-06-24T18:55:59.873+0000] {logging_mixin.py:190} INFO - [2026-06-24T18:55:59.873+0000] {dag.py:3211} INFO - Sync 1 DAGs
[2026-06-24T18:55:59.897+0000] {logging_mixin.py:190} INFO - [2026-06-24T18:55:59.896+0000] {dag.py:4138} INFO - Setting next_dagrun for airflow_sanity_check to None, run_after=None
[2026-06-24T18:56:00.106+0000] {processor.py:208} INFO - Processing /opt/airflow/dags/sanity_checks.py took 0.304 seconds
[2026-06-24T18:56:30.445+0000] {processor.py:186} INFO - Started process (PID=3375) to work on /opt/airflow/dags/sanity_checks.py
[2026-06-24T18:56:30.447+0000] {processor.py:914} INFO - Processing file /opt/airflow/dags/sanity_checks.py for tasks to queue
[2026-06-24T18:56:30.451+0000] {logging_mixin.py:190} INFO - [2026-06-24T18:56:30.450+0000] {dagbag.py:587} INFO - Filling up the DagBag from /opt/airflow/dags/sanity_checks.py
[2026-06-24T18:56:30.468+0000] {processor.py:925} INFO - DAG(s) 'airflow_sanity_check' retrieved from /opt/airflow/dags/sanity_checks.py
[2026-06-24T18:56:30.511+0000] {logging_mixin.py:190} INFO - [2026-06-24T18:56:30.511+0000] {dag.py:3211} INFO - Sync 1 DAGs
[2026-06-24T18:56:30.707+0000] {logging_mixin.py:190} INFO - [2026-06-24T18:56:30.706+0000] {dag.py:4138} INFO - Setting next_dagrun for airflow_sanity_check to None, run_after=None
[2026-06-24T18:56:30.731+0000] {processor.py:208} INFO - Processing /opt/airflow/dags/sanity_checks.py took 0.299 seconds
[2026-06-24T18:57:01.075+0000] {processor.py:186} INFO - Started process (PID=3385) to work on /opt/airflow/dags/sanity_checks.py
[2026-06-24T18:57:01.077+0000] {processor.py:914} INFO - Processing file /opt/airflow/dags/sanity_checks.py for tasks to queue
[2026-06-24T18:57:01.080+0000] {logging_mixin.py:190} INFO - [2026-06-24T18:57:01.079+0000] {dagbag.py:587} INFO - Filling up the DagBag from /opt/airflow/dags/sanity_checks.py
[2026-06-24T18:57:01.095+0000] {processor.py:925} INFO - DAG(s) 'airflow_sanity_check' retrieved from /opt/airflow/dags/sanity_checks.py
[2026-06-24T18:57:01.312+0000] {logging_mixin.py:190} INFO - [2026-06-24T18:57:01.312+0000] {dag.py:3211} INFO - Sync 1 DAGs
[2026-06-24T18:57:01.330+0000] {logging_mixin.py:190} INFO - [2026-06-24T18:57:01.330+0000] {dag.py:4138} INFO - Setting next_dagrun for airflow_sanity_check to None, run_after=None
[2026-06-24T18:57:01.358+0000] {processor.py:208} INFO - Processing /opt/airflow/dags/sanity_checks.py took 0.292 seconds
[2026-06-24T18:57:31.694+0000] {processor.py:186} INFO - Started process (PID=3395) to work on /opt/airflow/dags/sanity_checks.py
[2026-06-24T18:57:31.696+0000] {processor.py:914} INFO - Processing file /opt/airflow/dags/sanity_checks.py for tasks to queue
[2026-06-24T18:57:31.700+0000] {logging_mixin.py:190} INFO - [2026-06-24T18:57:31.700+0000] {dagbag.py:587} INFO - Filling up the DagBag from /opt/airflow/dags/sanity_checks.py
[2026-06-24T18:57:31.717+0000] {processor.py:925} INFO - DAG(s) 'airflow_sanity_check' retrieved from /opt/airflow/dags/sanity_checks.py
[2026-06-24T18:57:31.759+0000] {logging_mixin.py:190} INFO - [2026-06-24T18:57:31.759+0000] {dag.py:3211} INFO - Sync 1 DAGs
[2026-06-24T18:57:31.780+0000] {logging_mixin.py:190} INFO - [2026-06-24T18:57:31.780+0000] {dag.py:4138} INFO - Setting next_dagrun for airflow_sanity_check to None, run_after=None
[2026-06-24T18:57:31.809+0000] {processor.py:208} INFO - Processing /opt/airflow/dags/sanity_checks.py took 0.123 seconds
[2026-06-24T18:58:02.140+0000] {processor.py:186} INFO - Started process (PID=3405) to work on /opt/airflow/dags/sanity_checks.py
[2026-06-24T18:58:02.142+0000] {processor.py:914} INFO - Processing file /opt/airflow/dags/sanity_checks.py for tasks to queue
[2026-06-24T18:58:02.146+0000] {logging_mixin.py:190} INFO - [2026-06-24T18:58:02.145+0000] {dagbag.py:587} INFO - Filling up the DagBag from /opt/airflow/dags/sanity_checks.py
[2026-06-24T18:58:02.161+0000] {processor.py:925} INFO - DAG(s) 'airflow_sanity_check' retrieved from /opt/airflow/dags/sanity_checks.py
[2026-06-24T18:58:02.201+0000] {logging_mixin.py:190} INFO - [2026-06-24T18:58:02.200+0000] {dag.py:3211} INFO - Sync 1 DAGs
[2026-06-24T18:58:02.221+0000] {logging_mixin.py:190} INFO - [2026-06-24T18:58:02.221+0000] {dag.py:4138} INFO - Setting next_dagrun for airflow_sanity_check to None, run_after=None
[2026-06-24T18:58:02.251+0000] {processor.py:208} INFO - Processing /opt/airflow/dags/sanity_checks.py took 0.120 seconds
[2026-06-24T18:58:32.568+0000] {processor.py:186} INFO - Started process (PID=3415) to work on /opt/airflow/dags/sanity_checks.py
[2026-06-24T18:58:32.570+0000] {processor.py:914} INFO - Processing file /opt/airflow/dags/sanity_checks.py for tasks to queue
[2026-06-24T18:58:32.574+0000] {logging_mixin.py:190} INFO - [2026-06-24T18:58:32.574+0000] {dagbag.py:587} INFO - Filling up the DagBag from /opt/airflow/dags/sanity_checks.py
[2026-06-24T18:58:32.589+0000] {processor.py:925} INFO - DAG(s) 'airflow_sanity_check' retrieved from /opt/airflow/dags/sanity_checks.py
[2026-06-24T18:58:32.631+0000] {logging_mixin.py:190} INFO - [2026-06-24T18:58:32.631+0000] {dag.py:3211} INFO - Sync 1 DAGs
[2026-06-24T18:58:32.652+0000] {logging_mixin.py:190} INFO - [2026-06-24T18:58:32.652+0000] {dag.py:4138} INFO - Setting next_dagrun for airflow_sanity_check to None, run_after=None
[2026-06-24T18:58:32.681+0000] {processor.py:208} INFO - Processing /opt/airflow/dags/sanity_checks.py took 0.122 seconds
[2026-06-24T18:59:03.000+0000] {processor.py:186} INFO - Started process (PID=3425) to work on /opt/airflow/dags/sanity_checks.py
[2026-06-24T18:59:03.002+0000] {processor.py:914} INFO - Processing file /opt/airflow/dags/sanity_checks.py for tasks to queue
[2026-06-24T18:59:03.006+0000] {logging_mixin.py:190} INFO - [2026-06-24T18:59:03.006+0000] {dagbag.py:587} INFO - Filling up the DagBag from /opt/airflow/dags/sanity_checks.py
[2026-06-24T18:59:03.022+0000] {processor.py:925} INFO - DAG(s) 'airflow_sanity_check' retrieved from /opt/airflow/dags/sanity_checks.py
[2026-06-24T18:59:03.064+0000] {logging_mixin.py:190} INFO - [2026-06-24T18:59:03.064+0000] {dag.py:3211} INFO - Sync 1 DAGs
[2026-06-24T18:59:03.247+0000] {logging_mixin.py:190} INFO - [2026-06-24T18:59:03.247+0000] {dag.py:4138} INFO - Setting next_dagrun for airflow_sanity_check to None, run_after=None
[2026-06-24T18:59:03.279+0000] {processor.py:208} INFO - Processing /opt/airflow/dags/sanity_checks.py took 0.288 seconds
[2026-06-24T18:59:33.613+0000] {processor.py:186} INFO - Started process (PID=3435) to work on /opt/airflow/dags/sanity_checks.py
[2026-06-24T18:59:33.615+0000] {processor.py:914} INFO - Processing file /opt/airflow/dags/sanity_checks.py for tasks to queue
[2026-06-24T18:59:33.619+0000] {logging_mixin.py:190} INFO - [2026-06-24T18:59:33.619+0000] {dagbag.py:587} INFO - Filling up the DagBag from /opt/airflow/dags/sanity_checks.py
[2026-06-24T18:59:33.634+0000] {processor.py:925} INFO - DAG(s) 'airflow_sanity_check' retrieved from /opt/airflow/dags/sanity_checks.py
[2026-06-24T18:59:33.676+0000] {logging_mixin.py:190} INFO - [2026-06-24T18:59:33.675+0000] {dag.py:3211} INFO - Sync 1 DAGs
[2026-06-24T18:59:33.866+0000] {logging_mixin.py:190} INFO - [2026-06-24T18:59:33.865+0000] {dag.py:4138} INFO - Setting next_dagrun for airflow_sanity_check to None, run_after=None
[2026-06-24T18:59:33.892+0000] {processor.py:208} INFO - Processing /opt/airflow/dags/sanity_checks.py took 0.288 seconds
[2026-06-24T19:00:04.258+0000] {processor.py:186} INFO - Started process (PID=3445) to work on /opt/airflow/dags/sanity_checks.py
[2026-06-24T19:00:04.260+0000] {processor.py:914} INFO - Processing file /opt/airflow/dags/sanity_checks.py for tasks to queue
[2026-06-24T19:00:04.264+0000] {logging_mixin.py:190} INFO - [2026-06-24T19:00:04.263+0000] {dagbag.py:587} INFO - Filling up the DagBag from /opt/airflow/dags/sanity_checks.py
[2026-06-24T19:00:04.280+0000] {processor.py:925} INFO - DAG(s) 'airflow_sanity_check' retrieved from /opt/airflow/dags/sanity_checks.py
[2026-06-24T19:00:04.493+0000] {logging_mixin.py:190} INFO - [2026-06-24T19:00:04.492+0000] {dag.py:3211} INFO - Sync 1 DAGs
[2026-06-24T19:00:04.512+0000] {logging_mixin.py:190} INFO - [2026-06-24T19:00:04.512+0000] {dag.py:4138} INFO - Setting next_dagrun for airflow_sanity_check to None, run_after=None
[2026-06-24T19:00:04.538+0000] {processor.py:208} INFO - Processing /opt/airflow/dags/sanity_checks.py took 0.292 seconds
[2026-06-24T19:00:34.857+0000] {processor.py:186} INFO - Started process (PID=3455) to work on /opt/airflow/dags/sanity_checks.py
[2026-06-24T19:00:34.859+0000] {processor.py:914} INFO - Processing file /opt/airflow/dags/sanity_checks.py for tasks to queue
[2026-06-24T19:00:34.862+0000] {logging_mixin.py:190} INFO - [2026-06-24T19:00:34.862+0000] {dagbag.py:587} INFO - Filling up the DagBag from /opt/airflow/dags/sanity_checks.py
[2026-06-24T19:00:34.878+0000] {processor.py:925} INFO - DAG(s) 'airflow_sanity_check' retrieved from /opt/airflow/dags/sanity_checks.py
[2026-06-24T19:00:34.919+0000] {logging_mixin.py:190} INFO - [2026-06-24T19:00:34.919+0000] {dag.py:3211} INFO - Sync 1 DAGs
[2026-06-24T19:00:34.941+0000] {logging_mixin.py:190} INFO - [2026-06-24T19:00:34.940+0000] {dag.py:4138} INFO - Setting next_dagrun for airflow_sanity_check to None, run_after=None
[2026-06-24T19:00:34.967+0000] {processor.py:208} INFO - Processing /opt/airflow/dags/sanity_checks.py took 0.119 seconds
[2026-06-24T19:01:05.307+0000] {processor.py:186} INFO - Started process (PID=3465) to work on /opt/airflow/dags/sanity_checks.py
[2026-06-24T19:01:05.309+0000] {processor.py:914} INFO - Processing file /opt/airflow/dags/sanity_checks.py for tasks to queue
[2026-06-24T19:01:05.312+0000] {logging_mixin.py:190} INFO - [2026-06-24T19:01:05.312+0000] {dagbag.py:587} INFO - Filling up the DagBag from /opt/airflow/dags/sanity_checks.py
[2026-06-24T19:01:05.327+0000] {processor.py:925} INFO - DAG(s) 'airflow_sanity_check' retrieved from /opt/airflow/dags/sanity_checks.py
[2026-06-24T19:01:05.366+0000] {logging_mixin.py:190} INFO - [2026-06-24T19:01:05.366+0000] {dag.py:3211} INFO - Sync 1 DAGs
[2026-06-24T19:01:05.386+0000] {logging_mixin.py:190} INFO - [2026-06-24T19:01:05.386+0000] {dag.py:4138} INFO - Setting next_dagrun for airflow_sanity_check to None, run_after=None
[2026-06-24T19:01:05.413+0000] {processor.py:208} INFO - Processing /opt/airflow/dags/sanity_checks.py took 0.114 seconds
[2026-06-24T19:01:35.729+0000] {processor.py:186} INFO - Started process (PID=3475) to work on /opt/airflow/dags/sanity_checks.py
[2026-06-24T19:01:35.731+0000] {processor.py:914} INFO - Processing file /opt/airflow/dags/sanity_checks.py for tasks to queue
[2026-06-24T19:01:35.735+0000] {logging_mixin.py:190} INFO - [2026-06-24T19:01:35.734+0000] {dagbag.py:587} INFO - Filling up the DagBag from /opt/airflow/dags/sanity_checks.py
[2026-06-24T19:01:35.751+0000] {processor.py:925} INFO - DAG(s) 'airflow_sanity_check' retrieved from /opt/airflow/dags/sanity_checks.py
[2026-06-24T19:01:35.793+0000] {logging_mixin.py:190} INFO - [2026-06-24T19:01:35.792+0000] {dag.py:3211} INFO - Sync 1 DAGs
[2026-06-24T19:01:35.816+0000] {logging_mixin.py:190} INFO - [2026-06-24T19:01:35.816+0000] {dag.py:4138} INFO - Setting next_dagrun for airflow_sanity_check to None, run_after=None
[2026-06-24T19:01:36.025+0000] {processor.py:208} INFO - Processing /opt/airflow/dags/sanity_checks.py took 0.305 seconds
[2026-06-24T19:02:06.373+0000] {processor.py:186} INFO - Started process (PID=3485) to work on /opt/airflow/dags/sanity_checks.py
[2026-06-24T19:02:06.374+0000] {processor.py:914} INFO - Processing file /opt/airflow/dags/sanity_checks.py for tasks to queue
[2026-06-24T19:02:06.378+0000] {logging_mixin.py:190} INFO - [2026-06-24T19:02:06.378+0000] {dagbag.py:587} INFO - Filling up the DagBag from /opt/airflow/dags/sanity_checks.py
[2026-06-24T19:02:06.394+0000] {processor.py:925} INFO - DAG(s) 'airflow_sanity_check' retrieved from /opt/airflow/dags/sanity_checks.py
[2026-06-24T19:02:06.437+0000] {logging_mixin.py:190} INFO - [2026-06-24T19:02:06.437+0000] {dag.py:3211} INFO - Sync 1 DAGs
[2026-06-24T19:02:06.646+0000] {logging_mixin.py:190} INFO - [2026-06-24T19:02:06.646+0000] {dag.py:4138} INFO - Setting next_dagrun for airflow_sanity_check to None, run_after=None
[2026-06-24T19:02:06.673+0000] {processor.py:208} INFO - Processing /opt/airflow/dags/sanity_checks.py took 0.308 seconds
[2026-06-24T19:02:37.013+0000] {processor.py:186} INFO - Started process (PID=3495) to work on /opt/airflow/dags/sanity_checks.py
[2026-06-24T19:02:37.014+0000] {processor.py:914} INFO - Processing file /opt/airflow/dags/sanity_checks.py for tasks to queue
[2026-06-24T19:02:37.018+0000] {logging_mixin.py:190} INFO - [2026-06-24T19:02:37.018+0000] {dagbag.py:587} INFO - Filling up the DagBag from /opt/airflow/dags/sanity_checks.py
[2026-06-24T19:02:37.033+0000] {processor.py:925} INFO - DAG(s) 'airflow_sanity_check' retrieved from /opt/airflow/dags/sanity_checks.py
[2026-06-24T19:02:37.239+0000] {logging_mixin.py:190} INFO - [2026-06-24T19:02:37.239+0000] {dag.py:3211} INFO - Sync 1 DAGs
[2026-06-24T19:02:37.258+0000] {logging_mixin.py:190} INFO - [2026-06-24T19:02:37.258+0000] {dag.py:4138} INFO - Setting next_dagrun for airflow_sanity_check to None, run_after=None
[2026-06-24T19:02:37.283+0000] {processor.py:208} INFO - Processing /opt/airflow/dags/sanity_checks.py took 0.278 seconds
[2026-06-24T19:03:07.610+0000] {processor.py:186} INFO - Started process (PID=3505) to work on /opt/airflow/dags/sanity_checks.py
[2026-06-24T19:03:07.612+0000] {processor.py:914} INFO - Processing file /opt/airflow/dags/sanity_checks.py for tasks to queue
[2026-06-24T19:03:07.616+0000] {logging_mixin.py:190} INFO - [2026-06-24T19:03:07.615+0000] {dagbag.py:587} INFO - Filling up the DagBag from /opt/airflow/dags/sanity_checks.py
[2026-06-24T19:03:07.633+0000] {processor.py:925} INFO - DAG(s) 'airflow_sanity_check' retrieved from /opt/airflow/dags/sanity_checks.py
[2026-06-24T19:03:07.675+0000] {logging_mixin.py:190} INFO - [2026-06-24T19:03:07.674+0000] {dag.py:3211} INFO - Sync 1 DAGs
[2026-06-24T19:03:07.696+0000] {logging_mixin.py:190} INFO - [2026-06-24T19:03:07.696+0000] {dag.py:4138} INFO - Setting next_dagrun for airflow_sanity_check to None, run_after=None
[2026-06-24T19:03:07.724+0000] {processor.py:208} INFO - Processing /opt/airflow/dags/sanity_checks.py took 0.123 seconds
[2026-06-24T19:03:38.040+0000] {processor.py:186} INFO - Started process (PID=3515) to work on /opt/airflow/dags/sanity_checks.py
[2026-06-24T19:03:38.042+0000] {processor.py:914} INFO - Processing file /opt/airflow/dags/sanity_checks.py for tasks to queue
[2026-06-24T19:03:38.046+0000] {logging_mixin.py:190} INFO - [2026-06-24T19:03:38.045+0000] {dagbag.py:587} INFO - Filling up the DagBag from /opt/airflow/dags/sanity_checks.py
[2026-06-24T19:03:38.062+0000] {processor.py:925} INFO - DAG(s) 'airflow_sanity_check' retrieved from /opt/airflow/dags/sanity_checks.py
[2026-06-24T19:03:38.108+0000] {logging_mixin.py:190} INFO - [2026-06-24T19:03:38.107+0000] {dag.py:3211} INFO - Sync 1 DAGs
[2026-06-24T19:03:38.128+0000] {logging_mixin.py:190} INFO - [2026-06-24T19:03:38.128+0000] {dag.py:4138} INFO - Setting next_dagrun for airflow_sanity_check to None, run_after=None
[2026-06-24T19:03:38.169+0000] {processor.py:208} INFO - Processing /opt/airflow/dags/sanity_checks.py took 0.138 seconds
[2026-06-24T19:04:08.499+0000] {processor.py:186} INFO - Started process (PID=3525) to work on /opt/airflow/dags/sanity_checks.py
[2026-06-24T19:04:08.500+0000] {processor.py:914} INFO - Processing file /opt/airflow/dags/sanity_checks.py for tasks to queue
[2026-06-24T19:04:08.503+0000] {logging_mixin.py:190} INFO - [2026-06-24T19:04:08.503+0000] {dagbag.py:587} INFO - Filling up the DagBag from /opt/airflow/dags/sanity_checks.py
[2026-06-24T19:04:08.518+0000] {processor.py:925} INFO - DAG(s) 'airflow_sanity_check' retrieved from /opt/airflow/dags/sanity_checks.py
[2026-06-24T19:04:08.560+0000] {logging_mixin.py:190} INFO - [2026-06-24T19:04:08.560+0000] {dag.py:3211} INFO - Sync 1 DAGs
[2026-06-24T19:04:08.582+0000] {logging_mixin.py:190} INFO - [2026-06-24T19:04:08.582+0000] {dag.py:4138} INFO - Setting next_dagrun for airflow_sanity_check to None, run_after=None
[2026-06-24T19:04:08.610+0000] {processor.py:208} INFO - Processing /opt/airflow/dags/sanity_checks.py took 0.120 seconds
[2026-06-24T19:04:38.944+0000] {processor.py:186} INFO - Started process (PID=3535) to work on /opt/airflow/dags/sanity_checks.py
[2026-06-24T19:04:38.946+0000] {processor.py:914} INFO - Processing file /opt/airflow/dags/sanity_checks.py for tasks to queue
[2026-06-24T19:04:38.950+0000] {logging_mixin.py:190} INFO - [2026-06-24T19:04:38.950+0000] {dagbag.py:587} INFO - Filling up the DagBag from /opt/airflow/dags/sanity_checks.py
[2026-06-24T19:04:38.966+0000] {processor.py:925} INFO - DAG(s) 'airflow_sanity_check' retrieved from /opt/airflow/dags/sanity_checks.py
[2026-06-24T19:04:39.007+0000] {logging_mixin.py:190} INFO - [2026-06-24T19:04:39.007+0000] {dag.py:3211} INFO - Sync 1 DAGs
[2026-06-24T19:04:39.029+0000] {logging_mixin.py:190} INFO - [2026-06-24T19:04:39.028+0000] {dag.py:4138} INFO - Setting next_dagrun for airflow_sanity_check to None, run_after=None
[2026-06-24T19:04:39.236+0000] {processor.py:208} INFO - Processing /opt/airflow/dags/sanity_checks.py took 0.301 seconds
[2026-06-24T19:05:09.578+0000] {processor.py:186} INFO - Started process (PID=3545) to work on /opt/airflow/dags/sanity_checks.py
[2026-06-24T19:05:09.580+0000] {processor.py:914} INFO - Processing file /opt/airflow/dags/sanity_checks.py for tasks to queue
[2026-06-24T19:05:09.584+0000] {logging_mixin.py:190} INFO - [2026-06-24T19:05:09.584+0000] {dagbag.py:587} INFO - Filling up the DagBag from /opt/airflow/dags/sanity_checks.py
[2026-06-24T19:05:09.599+0000] {processor.py:925} INFO - DAG(s) 'airflow_sanity_check' retrieved from /opt/airflow/dags/sanity_checks.py
[2026-06-24T19:05:09.640+0000] {logging_mixin.py:190} INFO - [2026-06-24T19:05:09.640+0000] {dag.py:3211} INFO - Sync 1 DAGs
[2026-06-24T19:05:09.829+0000] {logging_mixin.py:190} INFO - [2026-06-24T19:05:09.829+0000] {dag.py:4138} INFO - Setting next_dagrun for airflow_sanity_check to None, run_after=None
[2026-06-24T19:05:09.856+0000] {processor.py:208} INFO - Processing /opt/airflow/dags/sanity_checks.py took 0.286 seconds
[2026-06-24T19:05:40.184+0000] {processor.py:186} INFO - Started process (PID=3555) to work on /opt/airflow/dags/sanity_checks.py
[2026-06-24T19:05:40.185+0000] {processor.py:914} INFO - Processing file /opt/airflow/dags/sanity_checks.py for tasks to queue
[2026-06-24T19:05:40.189+0000] {logging_mixin.py:190} INFO - [2026-06-24T19:05:40.189+0000] {dagbag.py:587} INFO - Filling up the DagBag from /opt/airflow/dags/sanity_checks.py
[2026-06-24T19:05:40.203+0000] {processor.py:925} INFO - DAG(s) 'airflow_sanity_check' retrieved from /opt/airflow/dags/sanity_checks.py
[2026-06-24T19:05:40.414+0000] {logging_mixin.py:190} INFO - [2026-06-24T19:05:40.413+0000] {dag.py:3211} INFO - Sync 1 DAGs
[2026-06-24T19:05:40.431+0000] {logging_mixin.py:190} INFO - [2026-06-24T19:05:40.431+0000] {dag.py:4138} INFO - Setting next_dagrun for airflow_sanity_check to None, run_after=None
[2026-06-24T19:05:40.458+0000] {processor.py:208} INFO - Processing /opt/airflow/dags/sanity_checks.py took 0.283 seconds
[2026-06-24T19:06:10.796+0000] {processor.py:186} INFO - Started process (PID=3565) to work on /opt/airflow/dags/sanity_checks.py
[2026-06-24T19:06:10.798+0000] {processor.py:914} INFO - Processing file /opt/airflow/dags/sanity_checks.py for tasks to queue
[2026-06-24T19:06:10.801+0000] {logging_mixin.py:190} INFO - [2026-06-24T19:06:10.801+0000] {dagbag.py:587} INFO - Filling up the DagBag from /opt/airflow/dags/sanity_checks.py
[2026-06-24T19:06:10.818+0000] {processor.py:925} INFO - DAG(s) 'airflow_sanity_check' retrieved from /opt/airflow/dags/sanity_checks.py
[2026-06-24T19:06:10.860+0000] {logging_mixin.py:190} INFO - [2026-06-24T19:06:10.859+0000] {dag.py:3211} INFO - Sync 1 DAGs
[2026-06-24T19:06:10.883+0000] {logging_mixin.py:190} INFO - [2026-06-24T19:06:10.883+0000] {dag.py:4138} INFO - Setting next_dagrun for airflow_sanity_check to None, run_after=None
[2026-06-24T19:06:10.910+0000] {processor.py:208} INFO - Processing /opt/airflow/dags/sanity_checks.py took 0.122 seconds
[2026-06-24T19:06:41.248+0000] {processor.py:186} INFO - Started process (PID=3575) to work on /opt/airflow/dags/sanity_checks.py
[2026-06-24T19:06:41.250+0000] {processor.py:914} INFO - Processing file /opt/airflow/dags/sanity_checks.py for tasks to queue
[2026-06-24T19:06:41.253+0000] {logging_mixin.py:190} INFO - [2026-06-24T19:06:41.253+0000] {dagbag.py:587} INFO - Filling up the DagBag from /opt/airflow/dags/sanity_checks.py
[2026-06-24T19:06:41.269+0000] {processor.py:925} INFO - DAG(s) 'airflow_sanity_check' retrieved from /opt/airflow/dags/sanity_checks.py
[2026-06-24T19:06:41.311+0000] {logging_mixin.py:190} INFO - [2026-06-24T19:06:41.311+0000] {dag.py:3211} INFO - Sync 1 DAGs
[2026-06-24T19:06:41.333+0000] {logging_mixin.py:190} INFO - [2026-06-24T19:06:41.333+0000] {dag.py:4138} INFO - Setting next_dagrun for airflow_sanity_check to None, run_after=None
[2026-06-24T19:06:41.359+0000] {processor.py:208} INFO - Processing /opt/airflow/dags/sanity_checks.py took 0.119 seconds
[2026-06-24T19:07:11.683+0000] {processor.py:186} INFO - Started process (PID=3585) to work on /opt/airflow/dags/sanity_checks.py
[2026-06-24T19:07:11.684+0000] {processor.py:914} INFO - Processing file /opt/airflow/dags/sanity_checks.py for tasks to queue
[2026-06-24T19:07:11.688+0000] {logging_mixin.py:190} INFO - [2026-06-24T19:07:11.687+0000] {dagbag.py:587} INFO - Filling up the DagBag from /opt/airflow/dags/sanity_checks.py
[2026-06-24T19:07:11.705+0000] {processor.py:925} INFO - DAG(s) 'airflow_sanity_check' retrieved from /opt/airflow/dags/sanity_checks.py
[2026-06-24T19:07:11.748+0000] {logging_mixin.py:190} INFO - [2026-06-24T19:07:11.748+0000] {dag.py:3211} INFO - Sync 1 DAGs
[2026-06-24T19:07:11.772+0000] {logging_mixin.py:190} INFO - [2026-06-24T19:07:11.771+0000] {dag.py:4138} INFO - Setting next_dagrun for airflow_sanity_check to None, run_after=None
[2026-06-24T19:07:11.989+0000] {processor.py:208} INFO - Processing /opt/airflow/dags/sanity_checks.py took 0.315 seconds
[2026-06-24T19:07:42.309+0000] {processor.py:186} INFO - Started process (PID=3595) to work on /opt/airflow/dags/sanity_checks.py
[2026-06-24T19:07:42.311+0000] {processor.py:914} INFO - Processing file /opt/airflow/dags/sanity_checks.py for tasks to queue
[2026-06-24T19:07:42.315+0000] {logging_mixin.py:190} INFO - [2026-06-24T19:07:42.314+0000] {dagbag.py:587} INFO - Filling up the DagBag from /opt/airflow/dags/sanity_checks.py
[2026-06-24T19:07:42.331+0000] {processor.py:925} INFO - DAG(s) 'airflow_sanity_check' retrieved from /opt/airflow/dags/sanity_checks.py
[2026-06-24T19:07:42.374+0000] {logging_mixin.py:190} INFO - [2026-06-24T19:07:42.373+0000] {dag.py:3211} INFO - Sync 1 DAGs
[2026-06-24T19:07:42.565+0000] {logging_mixin.py:190} INFO - [2026-06-24T19:07:42.565+0000] {dag.py:4138} INFO - Setting next_dagrun for airflow_sanity_check to None, run_after=None
[2026-06-24T19:07:42.589+0000] {processor.py:208} INFO - Processing /opt/airflow/dags/sanity_checks.py took 0.289 seconds
[2026-06-24T19:08:12.911+0000] {processor.py:186} INFO - Started process (PID=3605) to work on /opt/airflow/dags/sanity_checks.py
[2026-06-24T19:08:12.912+0000] {processor.py:914} INFO - Processing file /opt/airflow/dags/sanity_checks.py for tasks to queue
[2026-06-24T19:08:12.917+0000] {logging_mixin.py:190} INFO - [2026-06-24T19:08:12.916+0000] {dagbag.py:587} INFO - Filling up the DagBag from /opt/airflow/dags/sanity_checks.py
[2026-06-24T19:08:12.932+0000] {processor.py:925} INFO - DAG(s) 'airflow_sanity_check' retrieved from /opt/airflow/dags/sanity_checks.py
[2026-06-24T19:08:13.147+0000] {logging_mixin.py:190} INFO - [2026-06-24T19:08:13.147+0000] {dag.py:3211} INFO - Sync 1 DAGs
[2026-06-24T19:08:13.166+0000] {logging_mixin.py:190} INFO - [2026-06-24T19:08:13.166+0000] {dag.py:4138} INFO - Setting next_dagrun for airflow_sanity_check to None, run_after=None
[2026-06-24T19:08:13.202+0000] {processor.py:208} INFO - Processing /opt/airflow/dags/sanity_checks.py took 0.299 seconds
[2026-06-24T19:08:43.540+0000] {processor.py:186} INFO - Started process (PID=3615) to work on /opt/airflow/dags/sanity_checks.py
[2026-06-24T19:08:43.542+0000] {processor.py:914} INFO - Processing file /opt/airflow/dags/sanity_checks.py for tasks to queue
[2026-06-24T19:08:43.546+0000] {logging_mixin.py:190} INFO - [2026-06-24T19:08:43.545+0000] {dagbag.py:587} INFO - Filling up the DagBag from /opt/airflow/dags/sanity_checks.py
[2026-06-24T19:08:43.562+0000] {processor.py:925} INFO - DAG(s) 'airflow_sanity_check' retrieved from /opt/airflow/dags/sanity_checks.py
[2026-06-24T19:08:43.784+0000] {logging_mixin.py:190} INFO - [2026-06-24T19:08:43.783+0000] {dag.py:3211} INFO - Sync 1 DAGs
[2026-06-24T19:08:43.802+0000] {logging_mixin.py:190} INFO - [2026-06-24T19:08:43.802+0000] {dag.py:4138} INFO - Setting next_dagrun for airflow_sanity_check to None, run_after=None
[2026-06-24T19:08:43.828+0000] {processor.py:208} INFO - Processing /opt/airflow/dags/sanity_checks.py took 0.297 seconds
[2026-06-24T19:09:14.150+0000] {processor.py:186} INFO - Started process (PID=3625) to work on /opt/airflow/dags/sanity_checks.py
[2026-06-24T19:09:14.151+0000] {processor.py:914} INFO - Processing file /opt/airflow/dags/sanity_checks.py for tasks to queue
[2026-06-24T19:09:14.155+0000] {logging_mixin.py:190} INFO - [2026-06-24T19:09:14.155+0000] {dagbag.py:587} INFO - Filling up the DagBag from /opt/airflow/dags/sanity_checks.py
[2026-06-24T19:09:14.171+0000] {processor.py:925} INFO - DAG(s) 'airflow_sanity_check' retrieved from /opt/airflow/dags/sanity_checks.py
[2026-06-24T19:09:14.214+0000] {logging_mixin.py:190} INFO - [2026-06-24T19:09:14.213+0000] {dag.py:3211} INFO - Sync 1 DAGs
[2026-06-24T19:09:14.236+0000] {logging_mixin.py:190} INFO - [2026-06-24T19:09:14.235+0000] {dag.py:4138} INFO - Setting next_dagrun for airflow_sanity_check to None, run_after=None
[2026-06-24T19:09:14.266+0000] {processor.py:208} INFO - Processing /opt/airflow/dags/sanity_checks.py took 0.125 seconds
[2026-06-24T19:09:44.608+0000] {processor.py:186} INFO - Started process (PID=3635) to work on /opt/airflow/dags/sanity_checks.py
[2026-06-24T19:09:44.610+0000] {processor.py:914} INFO - Processing file /opt/airflow/dags/sanity_checks.py for tasks to queue
[2026-06-24T19:09:44.613+0000] {logging_mixin.py:190} INFO - [2026-06-24T19:09:44.613+0000] {dagbag.py:587} INFO - Filling up the DagBag from /opt/airflow/dags/sanity_checks.py
[2026-06-24T19:09:44.629+0000] {processor.py:925} INFO - DAG(s) 'airflow_sanity_check' retrieved from /opt/airflow/dags/sanity_checks.py
[2026-06-24T19:09:44.669+0000] {logging_mixin.py:190} INFO - [2026-06-24T19:09:44.669+0000] {dag.py:3211} INFO - Sync 1 DAGs
[2026-06-24T19:09:44.692+0000] {logging_mixin.py:190} INFO - [2026-06-24T19:09:44.692+0000] {dag.py:4138} INFO - Setting next_dagrun for airflow_sanity_check to None, run_after=None
[2026-06-24T19:09:44.720+0000] {processor.py:208} INFO - Processing /opt/airflow/dags/sanity_checks.py took 0.122 seconds
[2026-06-24T19:10:15.040+0000] {processor.py:186} INFO - Started process (PID=3645) to work on /opt/airflow/dags/sanity_checks.py
[2026-06-24T19:10:15.041+0000] {processor.py:914} INFO - Processing file /opt/airflow/dags/sanity_checks.py for tasks to queue
[2026-06-24T19:10:15.045+0000] {logging_mixin.py:190} INFO - [2026-06-24T19:10:15.044+0000] {dagbag.py:587} INFO - Filling up the DagBag from /opt/airflow/dags/sanity_checks.py
[2026-06-24T19:10:15.060+0000] {processor.py:925} INFO - DAG(s) 'airflow_sanity_check' retrieved from /opt/airflow/dags/sanity_checks.py
[2026-06-24T19:10:15.102+0000] {logging_mixin.py:190} INFO - [2026-06-24T19:10:15.102+0000] {dag.py:3211} INFO - Sync 1 DAGs
[2026-06-24T19:10:15.125+0000] {logging_mixin.py:190} INFO - [2026-06-24T19:10:15.125+0000] {dag.py:4138} INFO - Setting next_dagrun for airflow_sanity_check to None, run_after=None
[2026-06-24T19:10:15.152+0000] {processor.py:208} INFO - Processing /opt/airflow/dags/sanity_checks.py took 0.121 seconds
[2026-06-24T19:10:45.483+0000] {processor.py:186} INFO - Started process (PID=3655) to work on /opt/airflow/dags/sanity_checks.py
[2026-06-24T19:10:45.484+0000] {processor.py:914} INFO - Processing file /opt/airflow/dags/sanity_checks.py for tasks to queue
[2026-06-24T19:10:45.488+0000] {logging_mixin.py:190} INFO - [2026-06-24T19:10:45.488+0000] {dagbag.py:587} INFO - Filling up the DagBag from /opt/airflow/dags/sanity_checks.py
[2026-06-24T19:10:45.503+0000] {processor.py:925} INFO - DAG(s) 'airflow_sanity_check' retrieved from /opt/airflow/dags/sanity_checks.py
[2026-06-24T19:10:45.546+0000] {logging_mixin.py:190} INFO - [2026-06-24T19:10:45.546+0000] {dag.py:3211} INFO - Sync 1 DAGs
[2026-06-24T19:10:45.567+0000] {logging_mixin.py:190} INFO - [2026-06-24T19:10:45.567+0000] {dag.py:4138} INFO - Setting next_dagrun for airflow_sanity_check to None, run_after=None
[2026-06-24T19:10:45.592+0000] {processor.py:208} INFO - Processing /opt/airflow/dags/sanity_checks.py took 0.119 seconds
[2026-06-24T19:11:15.921+0000] {processor.py:186} INFO - Started process (PID=3665) to work on /opt/airflow/dags/sanity_checks.py
[2026-06-24T19:11:15.923+0000] {processor.py:914} INFO - Processing file /opt/airflow/dags/sanity_checks.py for tasks to queue
[2026-06-24T19:11:15.927+0000] {logging_mixin.py:190} INFO - [2026-06-24T19:11:15.927+0000] {dagbag.py:587} INFO - Filling up the DagBag from /opt/airflow/dags/sanity_checks.py
[2026-06-24T19:11:15.942+0000] {processor.py:925} INFO - DAG(s) 'airflow_sanity_check' retrieved from /opt/airflow/dags/sanity_checks.py
[2026-06-24T19:11:15.985+0000] {logging_mixin.py:190} INFO - [2026-06-24T19:11:15.985+0000] {dag.py:3211} INFO - Sync 1 DAGs
[2026-06-24T19:11:16.006+0000] {logging_mixin.py:190} INFO - [2026-06-24T19:11:16.006+0000] {dag.py:4138} INFO - Setting next_dagrun for airflow_sanity_check to None, run_after=None
[2026-06-24T19:11:16.033+0000] {processor.py:208} INFO - Processing /opt/airflow/dags/sanity_checks.py took 0.121 seconds
[2026-06-24T19:11:46.388+0000] {processor.py:186} INFO - Started process (PID=3675) to work on /opt/airflow/dags/sanity_checks.py
[2026-06-24T19:11:46.389+0000] {processor.py:914} INFO - Processing file /opt/airflow/dags/sanity_checks.py for tasks to queue
[2026-06-24T19:11:46.393+0000] {logging_mixin.py:190} INFO - [2026-06-24T19:11:46.392+0000] {dagbag.py:587} INFO - Filling up the DagBag from /opt/airflow/dags/sanity_checks.py
[2026-06-24T19:11:46.407+0000] {processor.py:925} INFO - DAG(s) 'airflow_sanity_check' retrieved from /opt/airflow/dags/sanity_checks.py
[2026-06-24T19:11:46.452+0000] {logging_mixin.py:190} INFO - [2026-06-24T19:11:46.452+0000] {dag.py:3211} INFO - Sync 1 DAGs
[2026-06-24T19:11:46.474+0000] {logging_mixin.py:190} INFO - [2026-06-24T19:11:46.474+0000] {dag.py:4138} INFO - Setting next_dagrun for airflow_sanity_check to None, run_after=None
[2026-06-24T19:11:46.501+0000] {processor.py:208} INFO - Processing /opt/airflow/dags/sanity_checks.py took 0.123 seconds
[2026-06-24T19:42:28.216+0000] {processor.py:186} INFO - Started process (PID=3685) to work on /opt/airflow/dags/sanity_checks.py
[2026-06-24T19:42:28.218+0000] {processor.py:914} INFO - Processing file /opt/airflow/dags/sanity_checks.py for tasks to queue
[2026-06-24T19:42:28.221+0000] {logging_mixin.py:190} INFO - [2026-06-24T19:42:28.221+0000] {dagbag.py:587} INFO - Filling up the DagBag from /opt/airflow/dags/sanity_checks.py
[2026-06-24T19:42:28.236+0000] {processor.py:925} INFO - DAG(s) 'airflow_sanity_check' retrieved from /opt/airflow/dags/sanity_checks.py
[2026-06-24T19:42:28.280+0000] {logging_mixin.py:190} INFO - [2026-06-24T19:42:28.280+0000] {dag.py:3211} INFO - Sync 1 DAGs
[2026-06-24T19:42:28.302+0000] {logging_mixin.py:190} INFO - [2026-06-24T19:42:28.302+0000] {dag.py:4138} INFO - Setting next_dagrun for airflow_sanity_check to None, run_after=None
[2026-06-24T19:42:28.328+0000] {processor.py:208} INFO - Processing /opt/airflow/dags/sanity_checks.py took 0.120 seconds
[2026-06-24T19:42:58.640+0000] {processor.py:186} INFO - Started process (PID=3695) to work on /opt/airflow/dags/sanity_checks.py
[2026-06-24T19:42:58.641+0000] {processor.py:914} INFO - Processing file /opt/airflow/dags/sanity_checks.py for tasks to queue
[2026-06-24T19:42:58.645+0000] {logging_mixin.py:190} INFO - [2026-06-24T19:42:58.644+0000] {dagbag.py:587} INFO - Filling up the DagBag from /opt/airflow/dags/sanity_checks.py
[2026-06-24T19:42:58.659+0000] {processor.py:925} INFO - DAG(s) 'airflow_sanity_check' retrieved from /opt/airflow/dags/sanity_checks.py
[2026-06-24T19:42:58.706+0000] {logging_mixin.py:190} INFO - [2026-06-24T19:42:58.706+0000] {dag.py:3211} INFO - Sync 1 DAGs
[2026-06-24T19:42:58.727+0000] {logging_mixin.py:190} INFO - [2026-06-24T19:42:58.727+0000] {dag.py:4138} INFO - Setting next_dagrun for airflow_sanity_check to None, run_after=None
[2026-06-24T19:42:58.760+0000] {processor.py:208} INFO - Processing /opt/airflow/dags/sanity_checks.py took 0.129 seconds
[2026-06-24T19:43:29.075+0000] {processor.py:186} INFO - Started process (PID=3705) to work on /opt/airflow/dags/sanity_checks.py
[2026-06-24T19:43:29.076+0000] {processor.py:914} INFO - Processing file /opt/airflow/dags/sanity_checks.py for tasks to queue
[2026-06-24T19:43:29.080+0000] {logging_mixin.py:190} INFO - [2026-06-24T19:43:29.079+0000] {dagbag.py:587} INFO - Filling up the DagBag from /opt/airflow/dags/sanity_checks.py
[2026-06-24T19:43:29.096+0000] {processor.py:925} INFO - DAG(s) 'airflow_sanity_check' retrieved from /opt/airflow/dags/sanity_checks.py
[2026-06-24T19:43:29.141+0000] {logging_mixin.py:190} INFO - [2026-06-24T19:43:29.140+0000] {dag.py:3211} INFO - Sync 1 DAGs
[2026-06-24T19:43:29.165+0000] {logging_mixin.py:190} INFO - [2026-06-24T19:43:29.165+0000] {dag.py:4138} INFO - Setting next_dagrun for airflow_sanity_check to None, run_after=None
[2026-06-24T19:43:29.191+0000] {processor.py:208} INFO - Processing /opt/airflow/dags/sanity_checks.py took 0.125 seconds
[2026-06-24T19:43:59.492+0000] {processor.py:186} INFO - Started process (PID=3715) to work on /opt/airflow/dags/sanity_checks.py
[2026-06-24T19:43:59.494+0000] {processor.py:914} INFO - Processing file /opt/airflow/dags/sanity_checks.py for tasks to queue
[2026-06-24T19:43:59.499+0000] {logging_mixin.py:190} INFO - [2026-06-24T19:43:59.498+0000] {dagbag.py:587} INFO - Filling up the DagBag from /opt/airflow/dags/sanity_checks.py
[2026-06-24T19:43:59.514+0000] {processor.py:925} INFO - DAG(s) 'airflow_sanity_check' retrieved from /opt/airflow/dags/sanity_checks.py
[2026-06-24T19:43:59.556+0000] {logging_mixin.py:190} INFO - [2026-06-24T19:43:59.556+0000] {dag.py:3211} INFO - Sync 1 DAGs
[2026-06-24T19:43:59.578+0000] {logging_mixin.py:190} INFO - [2026-06-24T19:43:59.577+0000] {dag.py:4138} INFO - Setting next_dagrun for airflow_sanity_check to None, run_after=None
[2026-06-24T19:43:59.605+0000] {processor.py:208} INFO - Processing /opt/airflow/dags/sanity_checks.py took 0.123 seconds
[2026-06-24T19:44:29.929+0000] {processor.py:186} INFO - Started process (PID=3725) to work on /opt/airflow/dags/sanity_checks.py
[2026-06-24T19:44:29.930+0000] {processor.py:914} INFO - Processing file /opt/airflow/dags/sanity_checks.py for tasks to queue
[2026-06-24T19:44:29.935+0000] {logging_mixin.py:190} INFO - [2026-06-24T19:44:29.935+0000] {dagbag.py:587} INFO - Filling up the DagBag from /opt/airflow/dags/sanity_checks.py
[2026-06-24T19:44:29.951+0000] {processor.py:925} INFO - DAG(s) 'airflow_sanity_check' retrieved from /opt/airflow/dags/sanity_checks.py
[2026-06-24T19:44:29.994+0000] {logging_mixin.py:190} INFO - [2026-06-24T19:44:29.994+0000] {dag.py:3211} INFO - Sync 1 DAGs
[2026-06-24T19:44:30.015+0000] {logging_mixin.py:190} INFO - [2026-06-24T19:44:30.014+0000] {dag.py:4138} INFO - Setting next_dagrun for airflow_sanity_check to None, run_after=None
[2026-06-24T19:44:30.043+0000] {processor.py:208} INFO - Processing /opt/airflow/dags/sanity_checks.py took 0.123 seconds
[2026-06-24T19:45:00.364+0000] {processor.py:186} INFO - Started process (PID=3735) to work on /opt/airflow/dags/sanity_checks.py
[2026-06-24T19:45:00.365+0000] {processor.py:914} INFO - Processing file /opt/airflow/dags/sanity_checks.py for tasks to queue
[2026-06-24T19:45:00.369+0000] {logging_mixin.py:190} INFO - [2026-06-24T19:45:00.368+0000] {dagbag.py:587} INFO - Filling up the DagBag from /opt/airflow/dags/sanity_checks.py
[2026-06-24T19:45:00.385+0000] {processor.py:925} INFO - DAG(s) 'airflow_sanity_check' retrieved from /opt/airflow/dags/sanity_checks.py
[2026-06-24T19:45:00.425+0000] {logging_mixin.py:190} INFO - [2026-06-24T19:45:00.425+0000] {dag.py:3211} INFO - Sync 1 DAGs
[2026-06-24T19:45:00.448+0000] {logging_mixin.py:190} INFO - [2026-06-24T19:45:00.448+0000] {dag.py:4138} INFO - Setting next_dagrun for airflow_sanity_check to None, run_after=None
[2026-06-24T19:45:00.476+0000] {processor.py:208} INFO - Processing /opt/airflow/dags/sanity_checks.py took 0.124 seconds
[2026-06-24T20:15:52.736+0000] {processor.py:186} INFO - Started process (PID=3745) to work on /opt/airflow/dags/sanity_checks.py
[2026-06-24T20:15:52.758+0000] {processor.py:914} INFO - Processing file /opt/airflow/dags/sanity_checks.py for tasks to queue
[2026-06-24T20:15:52.783+0000] {logging_mixin.py:190} INFO - [2026-06-24T20:15:52.780+0000] {dagbag.py:587} INFO - Filling up the DagBag from /opt/airflow/dags/sanity_checks.py
[2026-06-24T20:15:52.867+0000] {processor.py:925} INFO - DAG(s) 'airflow_sanity_check' retrieved from /opt/airflow/dags/sanity_checks.py
[2026-06-24T20:15:53.075+0000] {logging_mixin.py:190} INFO - [2026-06-24T20:15:53.073+0000] {dag.py:3211} INFO - Sync 1 DAGs
[2026-06-24T20:15:53.187+0000] {logging_mixin.py:190} INFO - [2026-06-24T20:15:53.186+0000] {dag.py:4138} INFO - Setting next_dagrun for airflow_sanity_check to None, run_after=None
[2026-06-24T20:15:53.329+0000] {processor.py:208} INFO - Processing /opt/airflow/dags/sanity_checks.py took 0.676 seconds
[2026-06-24T20:16:24.163+0000] {processor.py:186} INFO - Started process (PID=3755) to work on /opt/airflow/dags/sanity_checks.py
[2026-06-24T20:16:24.171+0000] {processor.py:914} INFO - Processing file /opt/airflow/dags/sanity_checks.py for tasks to queue
[2026-06-24T20:16:24.190+0000] {logging_mixin.py:190} INFO - [2026-06-24T20:16:24.188+0000] {dagbag.py:587} INFO - Filling up the DagBag from /opt/airflow/dags/sanity_checks.py
[2026-06-24T20:16:24.280+0000] {processor.py:925} INFO - DAG(s) 'airflow_sanity_check' retrieved from /opt/airflow/dags/sanity_checks.py
[2026-06-24T20:16:24.488+0000] {logging_mixin.py:190} INFO - [2026-06-24T20:16:24.487+0000] {dag.py:3211} INFO - Sync 1 DAGs
[2026-06-24T20:16:24.593+0000] {logging_mixin.py:190} INFO - [2026-06-24T20:16:24.591+0000] {dag.py:4138} INFO - Setting next_dagrun for airflow_sanity_check to None, run_after=None
[2026-06-24T20:16:24.702+0000] {processor.py:208} INFO - Processing /opt/airflow/dags/sanity_checks.py took 0.593 seconds
[2026-06-24T20:16:55.365+0000] {processor.py:186} INFO - Started process (PID=3765) to work on /opt/airflow/dags/sanity_checks.py
[2026-06-24T20:16:55.371+0000] {processor.py:914} INFO - Processing file /opt/airflow/dags/sanity_checks.py for tasks to queue
[2026-06-24T20:16:55.384+0000] {logging_mixin.py:190} INFO - [2026-06-24T20:16:55.383+0000] {dagbag.py:587} INFO - Filling up the DagBag from /opt/airflow/dags/sanity_checks.py
[2026-06-24T20:16:55.445+0000] {processor.py:925} INFO - DAG(s) 'airflow_sanity_check' retrieved from /opt/airflow/dags/sanity_checks.py
[2026-06-24T20:16:55.539+0000] {logging_mixin.py:190} INFO - [2026-06-24T20:16:55.538+0000] {dag.py:3211} INFO - Sync 1 DAGs
[2026-06-24T20:16:55.584+0000] {logging_mixin.py:190} INFO - [2026-06-24T20:16:55.583+0000] {dag.py:4138} INFO - Setting next_dagrun for airflow_sanity_check to None, run_after=None
[2026-06-24T20:16:55.635+0000] {processor.py:208} INFO - Processing /opt/airflow/dags/sanity_checks.py took 0.314 seconds
[2026-06-24T20:33:56.790+0000] {processor.py:186} INFO - Started process (PID=3775) to work on /opt/airflow/dags/sanity_checks.py
[2026-06-24T20:33:56.801+0000] {processor.py:914} INFO - Processing file /opt/airflow/dags/sanity_checks.py for tasks to queue
[2026-06-24T20:33:56.834+0000] {logging_mixin.py:190} INFO - [2026-06-24T20:33:56.830+0000] {dagbag.py:587} INFO - Filling up the DagBag from /opt/airflow/dags/sanity_checks.py
[2026-06-24T20:33:57.002+0000] {processor.py:925} INFO - DAG(s) 'airflow_sanity_check' retrieved from /opt/airflow/dags/sanity_checks.py
[2026-06-24T20:33:57.269+0000] {logging_mixin.py:190} INFO - [2026-06-24T20:33:57.267+0000] {dag.py:3211} INFO - Sync 1 DAGs
[2026-06-24T20:33:57.384+0000] {logging_mixin.py:190} INFO - [2026-06-24T20:33:57.383+0000] {dag.py:4138} INFO - Setting next_dagrun for airflow_sanity_check to None, run_after=None
[2026-06-24T20:33:57.569+0000] {processor.py:208} INFO - Processing /opt/airflow/dags/sanity_checks.py took 0.841 seconds
[2026-06-24T20:34:27.907+0000] {processor.py:186} INFO - Started process (PID=3785) to work on /opt/airflow/dags/sanity_checks.py
[2026-06-24T20:34:27.911+0000] {processor.py:914} INFO - Processing file /opt/airflow/dags/sanity_checks.py for tasks to queue
[2026-06-24T20:34:27.924+0000] {logging_mixin.py:190} INFO - [2026-06-24T20:34:27.922+0000] {dagbag.py:587} INFO - Filling up the DagBag from /opt/airflow/dags/sanity_checks.py
[2026-06-24T20:34:27.968+0000] {processor.py:925} INFO - DAG(s) 'airflow_sanity_check' retrieved from /opt/airflow/dags/sanity_checks.py
[2026-06-24T20:34:28.097+0000] {logging_mixin.py:190} INFO - [2026-06-24T20:34:28.096+0000] {dag.py:3211} INFO - Sync 1 DAGs
[2026-06-24T20:34:28.172+0000] {logging_mixin.py:190} INFO - [2026-06-24T20:34:28.171+0000] {dag.py:4138} INFO - Setting next_dagrun for airflow_sanity_check to None, run_after=None
[2026-06-24T20:34:28.252+0000] {processor.py:208} INFO - Processing /opt/airflow/dags/sanity_checks.py took 0.374 seconds
[2026-06-24T20:51:41.644+0000] {processor.py:186} INFO - Started process (PID=3795) to work on /opt/airflow/dags/sanity_checks.py
[2026-06-24T20:51:41.647+0000] {processor.py:914} INFO - Processing file /opt/airflow/dags/sanity_checks.py for tasks to queue
[2026-06-24T20:51:41.658+0000] {logging_mixin.py:190} INFO - [2026-06-24T20:51:41.657+0000] {dagbag.py:587} INFO - Filling up the DagBag from /opt/airflow/dags/sanity_checks.py
[2026-06-24T20:51:41.695+0000] {processor.py:925} INFO - DAG(s) 'airflow_sanity_check' retrieved from /opt/airflow/dags/sanity_checks.py
[2026-06-24T20:51:41.796+0000] {logging_mixin.py:190} INFO - [2026-06-24T20:51:41.795+0000] {dag.py:3211} INFO - Sync 1 DAGs
[2026-06-24T20:51:41.860+0000] {logging_mixin.py:190} INFO - [2026-06-24T20:51:41.859+0000] {dag.py:4138} INFO - Setting next_dagrun for airflow_sanity_check to None, run_after=None
[2026-06-24T20:51:41.947+0000] {processor.py:208} INFO - Processing /opt/airflow/dags/sanity_checks.py took 0.326 seconds
[2026-06-24T21:10:06.344+0000] {processor.py:186} INFO - Started process (PID=3805) to work on /opt/airflow/dags/sanity_checks.py
[2026-06-24T21:10:06.348+0000] {processor.py:914} INFO - Processing file /opt/airflow/dags/sanity_checks.py for tasks to queue
[2026-06-24T21:10:06.356+0000] {logging_mixin.py:190} INFO - [2026-06-24T21:10:06.355+0000] {dagbag.py:587} INFO - Filling up the DagBag from /opt/airflow/dags/sanity_checks.py
[2026-06-24T21:10:06.394+0000] {processor.py:925} INFO - DAG(s) 'airflow_sanity_check' retrieved from /opt/airflow/dags/sanity_checks.py
[2026-06-24T21:10:06.497+0000] {logging_mixin.py:190} INFO - [2026-06-24T21:10:06.496+0000] {dag.py:3211} INFO - Sync 1 DAGs
[2026-06-24T21:10:06.551+0000] {logging_mixin.py:190} INFO - [2026-06-24T21:10:06.550+0000] {dag.py:4138} INFO - Setting next_dagrun for airflow_sanity_check to None, run_after=None
[2026-06-24T21:10:06.623+0000] {processor.py:208} INFO - Processing /opt/airflow/dags/sanity_checks.py took 0.305 seconds
[2026-06-24T21:10:37.202+0000] {processor.py:186} INFO - Started process (PID=3815) to work on /opt/airflow/dags/sanity_checks.py
[2026-06-24T21:10:37.206+0000] {processor.py:914} INFO - Processing file /opt/airflow/dags/sanity_checks.py for tasks to queue
[2026-06-24T21:10:37.217+0000] {logging_mixin.py:190} INFO - [2026-06-24T21:10:37.216+0000] {dagbag.py:587} INFO - Filling up the DagBag from /opt/airflow/dags/sanity_checks.py
[2026-06-24T21:10:37.265+0000] {processor.py:925} INFO - DAG(s) 'airflow_sanity_check' retrieved from /opt/airflow/dags/sanity_checks.py
[2026-06-24T21:10:37.393+0000] {logging_mixin.py:190} INFO - [2026-06-24T21:10:37.393+0000] {dag.py:3211} INFO - Sync 1 DAGs
[2026-06-24T21:10:37.460+0000] {logging_mixin.py:190} INFO - [2026-06-24T21:10:37.459+0000] {dag.py:4138} INFO - Setting next_dagrun for airflow_sanity_check to None, run_after=None
[2026-06-24T21:10:37.538+0000] {processor.py:208} INFO - Processing /opt/airflow/dags/sanity_checks.py took 0.367 seconds
[2026-06-24T21:11:08.112+0000] {processor.py:186} INFO - Started process (PID=3825) to work on /opt/airflow/dags/sanity_checks.py
[2026-06-24T21:11:08.115+0000] {processor.py:914} INFO - Processing file /opt/airflow/dags/sanity_checks.py for tasks to queue
[2026-06-24T21:11:08.123+0000] {logging_mixin.py:190} INFO - [2026-06-24T21:11:08.122+0000] {dagbag.py:587} INFO - Filling up the DagBag from /opt/airflow/dags/sanity_checks.py
[2026-06-24T21:11:08.159+0000] {processor.py:925} INFO - DAG(s) 'airflow_sanity_check' retrieved from /opt/airflow/dags/sanity_checks.py
[2026-06-24T21:11:08.266+0000] {logging_mixin.py:190} INFO - [2026-06-24T21:11:08.266+0000] {dag.py:3211} INFO - Sync 1 DAGs
[2026-06-24T21:11:08.325+0000] {logging_mixin.py:190} INFO - [2026-06-24T21:11:08.324+0000] {dag.py:4138} INFO - Setting next_dagrun for airflow_sanity_check to None, run_after=None
[2026-06-24T21:11:08.413+0000] {processor.py:208} INFO - Processing /opt/airflow/dags/sanity_checks.py took 0.322 seconds
[2026-06-24T21:11:39.116+0000] {processor.py:186} INFO - Started process (PID=3835) to work on /opt/airflow/dags/sanity_checks.py
[2026-06-24T21:11:39.123+0000] {processor.py:914} INFO - Processing file /opt/airflow/dags/sanity_checks.py for tasks to queue
[2026-06-24T21:11:39.138+0000] {logging_mixin.py:190} INFO - [2026-06-24T21:11:39.137+0000] {dagbag.py:587} INFO - Filling up the DagBag from /opt/airflow/dags/sanity_checks.py
[2026-06-24T21:11:39.201+0000] {processor.py:925} INFO - DAG(s) 'airflow_sanity_check' retrieved from /opt/airflow/dags/sanity_checks.py
[2026-06-24T21:11:39.366+0000] {logging_mixin.py:190} INFO - [2026-06-24T21:11:39.365+0000] {dag.py:3211} INFO - Sync 1 DAGs
[2026-06-24T21:11:39.438+0000] {logging_mixin.py:190} INFO - [2026-06-24T21:11:39.437+0000] {dag.py:4138} INFO - Setting next_dagrun for airflow_sanity_check to None, run_after=None
[2026-06-24T21:11:39.521+0000] {processor.py:208} INFO - Processing /opt/airflow/dags/sanity_checks.py took 0.443 seconds
[2026-06-24T21:12:10.117+0000] {processor.py:186} INFO - Started process (PID=3845) to work on /opt/airflow/dags/sanity_checks.py
[2026-06-24T21:12:10.120+0000] {processor.py:914} INFO - Processing file /opt/airflow/dags/sanity_checks.py for tasks to queue
[2026-06-24T21:12:10.128+0000] {logging_mixin.py:190} INFO - [2026-06-24T21:12:10.127+0000] {dagbag.py:587} INFO - Filling up the DagBag from /opt/airflow/dags/sanity_checks.py
[2026-06-24T21:12:10.158+0000] {processor.py:925} INFO - DAG(s) 'airflow_sanity_check' retrieved from /opt/airflow/dags/sanity_checks.py
[2026-06-24T21:12:10.274+0000] {logging_mixin.py:190} INFO - [2026-06-24T21:12:10.274+0000] {dag.py:3211} INFO - Sync 1 DAGs
[2026-06-24T21:12:10.320+0000] {logging_mixin.py:190} INFO - [2026-06-24T21:12:10.320+0000] {dag.py:4138} INFO - Setting next_dagrun for airflow_sanity_check to None, run_after=None
[2026-06-24T21:12:10.392+0000] {processor.py:208} INFO - Processing /opt/airflow/dags/sanity_checks.py took 0.296 seconds
[2026-06-24T21:12:40.896+0000] {processor.py:186} INFO - Started process (PID=3855) to work on /opt/airflow/dags/sanity_checks.py
[2026-06-24T21:12:40.899+0000] {processor.py:914} INFO - Processing file /opt/airflow/dags/sanity_checks.py for tasks to queue
[2026-06-24T21:12:40.909+0000] {logging_mixin.py:190} INFO - [2026-06-24T21:12:40.908+0000] {dagbag.py:587} INFO - Filling up the DagBag from /opt/airflow/dags/sanity_checks.py
[2026-06-24T21:12:40.944+0000] {processor.py:925} INFO - DAG(s) 'airflow_sanity_check' retrieved from /opt/airflow/dags/sanity_checks.py
[2026-06-24T21:12:41.038+0000] {logging_mixin.py:190} INFO - [2026-06-24T21:12:41.037+0000] {dag.py:3211} INFO - Sync 1 DAGs
[2026-06-24T21:12:41.089+0000] {logging_mixin.py:190} INFO - [2026-06-24T21:12:41.088+0000] {dag.py:4138} INFO - Setting next_dagrun for airflow_sanity_check to None, run_after=None
[2026-06-24T21:12:41.145+0000] {processor.py:208} INFO - Processing /opt/airflow/dags/sanity_checks.py took 0.272 seconds
[2026-06-24T21:13:11.579+0000] {processor.py:186} INFO - Started process (PID=3865) to work on /opt/airflow/dags/sanity_checks.py
[2026-06-24T21:13:11.582+0000] {processor.py:914} INFO - Processing file /opt/airflow/dags/sanity_checks.py for tasks to queue
[2026-06-24T21:13:11.588+0000] {logging_mixin.py:190} INFO - [2026-06-24T21:13:11.587+0000] {dagbag.py:587} INFO - Filling up the DagBag from /opt/airflow/dags/sanity_checks.py
[2026-06-24T21:13:11.616+0000] {processor.py:925} INFO - DAG(s) 'airflow_sanity_check' retrieved from /opt/airflow/dags/sanity_checks.py
[2026-06-24T21:13:11.691+0000] {logging_mixin.py:190} INFO - [2026-06-24T21:13:11.690+0000] {dag.py:3211} INFO - Sync 1 DAGs
[2026-06-24T21:13:11.729+0000] {logging_mixin.py:190} INFO - [2026-06-24T21:13:11.728+0000] {dag.py:4138} INFO - Setting next_dagrun for airflow_sanity_check to None, run_after=None
[2026-06-24T21:13:11.779+0000] {processor.py:208} INFO - Processing /opt/airflow/dags/sanity_checks.py took 0.217 seconds
[2026-06-24T21:13:42.164+0000] {processor.py:186} INFO - Started process (PID=3875) to work on /opt/airflow/dags/sanity_checks.py
[2026-06-24T21:13:42.167+0000] {processor.py:914} INFO - Processing file /opt/airflow/dags/sanity_checks.py for tasks to queue
[2026-06-24T21:13:42.173+0000] {logging_mixin.py:190} INFO - [2026-06-24T21:13:42.172+0000] {dagbag.py:587} INFO - Filling up the DagBag from /opt/airflow/dags/sanity_checks.py
[2026-06-24T21:13:42.198+0000] {processor.py:925} INFO - DAG(s) 'airflow_sanity_check' retrieved from /opt/airflow/dags/sanity_checks.py
[2026-06-24T21:13:42.275+0000] {logging_mixin.py:190} INFO - [2026-06-24T21:13:42.275+0000] {dag.py:3211} INFO - Sync 1 DAGs
[2026-06-24T21:13:42.314+0000] {logging_mixin.py:190} INFO - [2026-06-24T21:13:42.313+0000] {dag.py:4138} INFO - Setting next_dagrun for airflow_sanity_check to None, run_after=None
[2026-06-24T21:13:42.357+0000] {processor.py:208} INFO - Processing /opt/airflow/dags/sanity_checks.py took 0.213 seconds
[2026-06-24T21:14:12.939+0000] {processor.py:186} INFO - Started process (PID=3885) to work on /opt/airflow/dags/sanity_checks.py
[2026-06-24T21:14:12.944+0000] {processor.py:914} INFO - Processing file /opt/airflow/dags/sanity_checks.py for tasks to queue
[2026-06-24T21:14:12.972+0000] {logging_mixin.py:190} INFO - [2026-06-24T21:14:12.971+0000] {dagbag.py:587} INFO - Filling up the DagBag from /opt/airflow/dags/sanity_checks.py
[2026-06-24T21:14:13.034+0000] {processor.py:925} INFO - DAG(s) 'airflow_sanity_check' retrieved from /opt/airflow/dags/sanity_checks.py
[2026-06-24T21:14:13.292+0000] {logging_mixin.py:190} INFO - [2026-06-24T21:14:13.291+0000] {dag.py:3211} INFO - Sync 1 DAGs
[2026-06-24T21:14:13.417+0000] {logging_mixin.py:190} INFO - [2026-06-24T21:14:13.416+0000] {dag.py:4138} INFO - Setting next_dagrun for airflow_sanity_check to None, run_after=None
[2026-06-24T21:14:13.594+0000] {processor.py:208} INFO - Processing /opt/airflow/dags/sanity_checks.py took 0.709 seconds
[2026-06-24T21:14:44.246+0000] {processor.py:186} INFO - Started process (PID=3895) to work on /opt/airflow/dags/sanity_checks.py
[2026-06-24T21:14:44.249+0000] {processor.py:914} INFO - Processing file /opt/airflow/dags/sanity_checks.py for tasks to queue
[2026-06-24T21:14:44.256+0000] {logging_mixin.py:190} INFO - [2026-06-24T21:14:44.255+0000] {dagbag.py:587} INFO - Filling up the DagBag from /opt/airflow/dags/sanity_checks.py
[2026-06-24T21:14:44.289+0000] {processor.py:925} INFO - DAG(s) 'airflow_sanity_check' retrieved from /opt/airflow/dags/sanity_checks.py
[2026-06-24T21:14:44.380+0000] {logging_mixin.py:190} INFO - [2026-06-24T21:14:44.380+0000] {dag.py:3211} INFO - Sync 1 DAGs
[2026-06-24T21:14:44.427+0000] {logging_mixin.py:190} INFO - [2026-06-24T21:14:44.427+0000] {dag.py:4138} INFO - Setting next_dagrun for airflow_sanity_check to None, run_after=None
[2026-06-24T21:14:44.482+0000] {processor.py:208} INFO - Processing /opt/airflow/dags/sanity_checks.py took 0.256 seconds
[2026-06-24T21:15:15.130+0000] {processor.py:186} INFO - Started process (PID=3905) to work on /opt/airflow/dags/sanity_checks.py
[2026-06-24T21:15:15.134+0000] {processor.py:914} INFO - Processing file /opt/airflow/dags/sanity_checks.py for tasks to queue
[2026-06-24T21:15:15.145+0000] {logging_mixin.py:190} INFO - [2026-06-24T21:15:15.144+0000] {dagbag.py:587} INFO - Filling up the DagBag from /opt/airflow/dags/sanity_checks.py
[2026-06-24T21:15:15.188+0000] {processor.py:925} INFO - DAG(s) 'airflow_sanity_check' retrieved from /opt/airflow/dags/sanity_checks.py
[2026-06-24T21:15:15.305+0000] {logging_mixin.py:190} INFO - [2026-06-24T21:15:15.304+0000] {dag.py:3211} INFO - Sync 1 DAGs
[2026-06-24T21:15:15.366+0000] {logging_mixin.py:190} INFO - [2026-06-24T21:15:15.365+0000] {dag.py:4138} INFO - Setting next_dagrun for airflow_sanity_check to None, run_after=None
[2026-06-24T21:15:15.437+0000] {processor.py:208} INFO - Processing /opt/airflow/dags/sanity_checks.py took 0.335 seconds
[2026-06-24T21:15:46.006+0000] {processor.py:186} INFO - Started process (PID=3915) to work on /opt/airflow/dags/sanity_checks.py
[2026-06-24T21:15:46.010+0000] {processor.py:914} INFO - Processing file /opt/airflow/dags/sanity_checks.py for tasks to queue
[2026-06-24T21:15:46.022+0000] {logging_mixin.py:190} INFO - [2026-06-24T21:15:46.021+0000] {dagbag.py:587} INFO - Filling up the DagBag from /opt/airflow/dags/sanity_checks.py
[2026-06-24T21:15:46.063+0000] {processor.py:925} INFO - DAG(s) 'airflow_sanity_check' retrieved from /opt/airflow/dags/sanity_checks.py
[2026-06-24T21:15:46.181+0000] {logging_mixin.py:190} INFO - [2026-06-24T21:15:46.180+0000] {dag.py:3211} INFO - Sync 1 DAGs
[2026-06-24T21:15:46.242+0000] {logging_mixin.py:190} INFO - [2026-06-24T21:15:46.242+0000] {dag.py:4138} INFO - Setting next_dagrun for airflow_sanity_check to None, run_after=None
[2026-06-24T21:15:46.309+0000] {processor.py:208} INFO - Processing /opt/airflow/dags/sanity_checks.py took 0.326 seconds
[2026-06-24T21:16:16.779+0000] {processor.py:186} INFO - Started process (PID=3925) to work on /opt/airflow/dags/sanity_checks.py
[2026-06-24T21:16:16.782+0000] {processor.py:914} INFO - Processing file /opt/airflow/dags/sanity_checks.py for tasks to queue
[2026-06-24T21:16:16.788+0000] {logging_mixin.py:190} INFO - [2026-06-24T21:16:16.787+0000] {dagbag.py:587} INFO - Filling up the DagBag from /opt/airflow/dags/sanity_checks.py
[2026-06-24T21:16:16.818+0000] {processor.py:925} INFO - DAG(s) 'airflow_sanity_check' retrieved from /opt/airflow/dags/sanity_checks.py
[2026-06-24T21:16:16.901+0000] {logging_mixin.py:190} INFO - [2026-06-24T21:16:16.901+0000] {dag.py:3211} INFO - Sync 1 DAGs
[2026-06-24T21:16:16.947+0000] {logging_mixin.py:190} INFO - [2026-06-24T21:16:16.946+0000] {dag.py:4138} INFO - Setting next_dagrun for airflow_sanity_check to None, run_after=None
[2026-06-24T21:16:16.999+0000] {processor.py:208} INFO - Processing /opt/airflow/dags/sanity_checks.py took 0.239 seconds
[2026-06-24T21:16:47.434+0000] {processor.py:186} INFO - Started process (PID=3935) to work on /opt/airflow/dags/sanity_checks.py
[2026-06-24T21:16:47.437+0000] {processor.py:914} INFO - Processing file /opt/airflow/dags/sanity_checks.py for tasks to queue
[2026-06-24T21:16:47.444+0000] {logging_mixin.py:190} INFO - [2026-06-24T21:16:47.443+0000] {dagbag.py:587} INFO - Filling up the DagBag from /opt/airflow/dags/sanity_checks.py
[2026-06-24T21:16:47.478+0000] {processor.py:925} INFO - DAG(s) 'airflow_sanity_check' retrieved from /opt/airflow/dags/sanity_checks.py
[2026-06-24T21:16:47.569+0000] {logging_mixin.py:190} INFO - [2026-06-24T21:16:47.568+0000] {dag.py:3211} INFO - Sync 1 DAGs
[2026-06-24T21:16:47.617+0000] {logging_mixin.py:190} INFO - [2026-06-24T21:16:47.617+0000] {dag.py:4138} INFO - Setting next_dagrun for airflow_sanity_check to None, run_after=None
[2026-06-24T21:16:47.673+0000] {processor.py:208} INFO - Processing /opt/airflow/dags/sanity_checks.py took 0.261 seconds
[2026-06-24T21:17:18.095+0000] {processor.py:186} INFO - Started process (PID=3945) to work on /opt/airflow/dags/sanity_checks.py
[2026-06-24T21:17:18.097+0000] {processor.py:914} INFO - Processing file /opt/airflow/dags/sanity_checks.py for tasks to queue
[2026-06-24T21:17:18.103+0000] {logging_mixin.py:190} INFO - [2026-06-24T21:17:18.103+0000] {dagbag.py:587} INFO - Filling up the DagBag from /opt/airflow/dags/sanity_checks.py
[2026-06-24T21:17:18.132+0000] {processor.py:925} INFO - DAG(s) 'airflow_sanity_check' retrieved from /opt/airflow/dags/sanity_checks.py
[2026-06-24T21:17:18.205+0000] {logging_mixin.py:190} INFO - [2026-06-24T21:17:18.204+0000] {dag.py:3211} INFO - Sync 1 DAGs
[2026-06-24T21:17:18.243+0000] {logging_mixin.py:190} INFO - [2026-06-24T21:17:18.243+0000] {dag.py:4138} INFO - Setting next_dagrun for airflow_sanity_check to None, run_after=None
[2026-06-24T21:17:18.289+0000] {processor.py:208} INFO - Processing /opt/airflow/dags/sanity_checks.py took 0.210 seconds
[2026-06-24T21:17:48.718+0000] {processor.py:186} INFO - Started process (PID=3955) to work on /opt/airflow/dags/sanity_checks.py
[2026-06-24T21:17:48.721+0000] {processor.py:914} INFO - Processing file /opt/airflow/dags/sanity_checks.py for tasks to queue
[2026-06-24T21:17:48.728+0000] {logging_mixin.py:190} INFO - [2026-06-24T21:17:48.727+0000] {dagbag.py:587} INFO - Filling up the DagBag from /opt/airflow/dags/sanity_checks.py
[2026-06-24T21:17:48.758+0000] {processor.py:925} INFO - DAG(s) 'airflow_sanity_check' retrieved from /opt/airflow/dags/sanity_checks.py
[2026-06-24T21:17:48.843+0000] {logging_mixin.py:190} INFO - [2026-06-24T21:17:48.842+0000] {dag.py:3211} INFO - Sync 1 DAGs
[2026-06-24T21:17:48.886+0000] {logging_mixin.py:190} INFO - [2026-06-24T21:17:48.885+0000] {dag.py:4138} INFO - Setting next_dagrun for airflow_sanity_check to None, run_after=None
[2026-06-24T21:17:48.936+0000] {processor.py:208} INFO - Processing /opt/airflow/dags/sanity_checks.py took 0.236 seconds
[2026-06-24T21:18:19.350+0000] {processor.py:186} INFO - Started process (PID=3965) to work on /opt/airflow/dags/sanity_checks.py
[2026-06-24T21:18:19.353+0000] {processor.py:914} INFO - Processing file /opt/airflow/dags/sanity_checks.py for tasks to queue
[2026-06-24T21:18:19.358+0000] {logging_mixin.py:190} INFO - [2026-06-24T21:18:19.357+0000] {dagbag.py:587} INFO - Filling up the DagBag from /opt/airflow/dags/sanity_checks.py
[2026-06-24T21:18:19.384+0000] {processor.py:925} INFO - DAG(s) 'airflow_sanity_check' retrieved from /opt/airflow/dags/sanity_checks.py
[2026-06-24T21:18:19.451+0000] {logging_mixin.py:190} INFO - [2026-06-24T21:18:19.451+0000] {dag.py:3211} INFO - Sync 1 DAGs
[2026-06-24T21:18:19.487+0000] {logging_mixin.py:190} INFO - [2026-06-24T21:18:19.487+0000] {dag.py:4138} INFO - Setting next_dagrun for airflow_sanity_check to None, run_after=None
[2026-06-24T21:18:19.530+0000] {processor.py:208} INFO - Processing /opt/airflow/dags/sanity_checks.py took 0.195 seconds
[2026-06-24T21:18:49.935+0000] {processor.py:186} INFO - Started process (PID=3975) to work on /opt/airflow/dags/sanity_checks.py
[2026-06-24T21:18:49.938+0000] {processor.py:914} INFO - Processing file /opt/airflow/dags/sanity_checks.py for tasks to queue
[2026-06-24T21:18:49.946+0000] {logging_mixin.py:190} INFO - [2026-06-24T21:18:49.945+0000] {dagbag.py:587} INFO - Filling up the DagBag from /opt/airflow/dags/sanity_checks.py
[2026-06-24T21:18:49.976+0000] {processor.py:925} INFO - DAG(s) 'airflow_sanity_check' retrieved from /opt/airflow/dags/sanity_checks.py
[2026-06-24T21:18:50.057+0000] {logging_mixin.py:190} INFO - [2026-06-24T21:18:50.056+0000] {dag.py:3211} INFO - Sync 1 DAGs
[2026-06-24T21:18:50.100+0000] {logging_mixin.py:190} INFO - [2026-06-24T21:18:50.099+0000] {dag.py:4138} INFO - Setting next_dagrun for airflow_sanity_check to None, run_after=None
[2026-06-24T21:18:50.154+0000] {processor.py:208} INFO - Processing /opt/airflow/dags/sanity_checks.py took 0.238 seconds
