[2026-07-23T00:20:43.292+0000] {processor.py:186} INFO - Started process (PID=2227) to work on /opt/airflow/dags/sanity_checks.py
[2026-07-23T00:20:43.303+0000] {processor.py:914} INFO - Processing file /opt/airflow/dags/sanity_checks.py for tasks to queue
[2026-07-23T00:20:43.341+0000] {logging_mixin.py:190} INFO - [2026-07-23T00:20:43.337+0000] {dagbag.py:587} INFO - Filling up the DagBag from /opt/airflow/dags/sanity_checks.py
[2026-07-23T00:20:43.455+0000] {processor.py:925} INFO - DAG(s) 'airflow_sanity_check' retrieved from /opt/airflow/dags/sanity_checks.py
[2026-07-23T00:20:43.840+0000] {logging_mixin.py:190} INFO - [2026-07-23T00:20:43.837+0000] {dag.py:3211} INFO - Sync 1 DAGs
[2026-07-23T00:20:44.153+0000] {logging_mixin.py:190} INFO - [2026-07-23T00:20:44.137+0000] {dag.py:4138} INFO - Setting next_dagrun for airflow_sanity_check to None, run_after=None
[2026-07-23T00:20:44.410+0000] {processor.py:208} INFO - Processing /opt/airflow/dags/sanity_checks.py took 1.211 seconds
[2026-07-23T00:21:18.862+0000] {processor.py:186} INFO - Started process (PID=2252) to work on /opt/airflow/dags/sanity_checks.py
[2026-07-23T00:21:18.868+0000] {processor.py:914} INFO - Processing file /opt/airflow/dags/sanity_checks.py for tasks to queue
[2026-07-23T00:21:18.888+0000] {logging_mixin.py:190} INFO - [2026-07-23T00:21:18.886+0000] {dagbag.py:587} INFO - Filling up the DagBag from /opt/airflow/dags/sanity_checks.py
[2026-07-23T00:21:18.957+0000] {processor.py:925} INFO - DAG(s) 'airflow_sanity_check' retrieved from /opt/airflow/dags/sanity_checks.py
[2026-07-23T00:21:19.262+0000] {logging_mixin.py:190} INFO - [2026-07-23T00:21:19.259+0000] {dag.py:3211} INFO - Sync 1 DAGs
[2026-07-23T00:21:19.456+0000] {logging_mixin.py:190} INFO - [2026-07-23T00:21:19.454+0000] {dag.py:4138} INFO - Setting next_dagrun for airflow_sanity_check to None, run_after=None
[2026-07-23T00:21:19.680+0000] {processor.py:208} INFO - Processing /opt/airflow/dags/sanity_checks.py took 0.860 seconds
[2026-07-23T00:21:51.854+0000] {processor.py:186} INFO - Started process (PID=2277) to work on /opt/airflow/dags/sanity_checks.py
[2026-07-23T00:21:51.863+0000] {processor.py:914} INFO - Processing file /opt/airflow/dags/sanity_checks.py for tasks to queue
[2026-07-23T00:21:51.887+0000] {logging_mixin.py:190} INFO - [2026-07-23T00:21:51.884+0000] {dagbag.py:587} INFO - Filling up the DagBag from /opt/airflow/dags/sanity_checks.py
[2026-07-23T00:21:51.970+0000] {processor.py:925} INFO - DAG(s) 'airflow_sanity_check' retrieved from /opt/airflow/dags/sanity_checks.py
[2026-07-23T00:21:52.171+0000] {logging_mixin.py:190} INFO - [2026-07-23T00:21:52.170+0000] {dag.py:3211} INFO - Sync 1 DAGs
[2026-07-23T00:21:52.297+0000] {logging_mixin.py:190} INFO - [2026-07-23T00:21:52.296+0000] {dag.py:4138} INFO - Setting next_dagrun for airflow_sanity_check to None, run_after=None
[2026-07-23T00:21:52.404+0000] {processor.py:208} INFO - Processing /opt/airflow/dags/sanity_checks.py took 0.593 seconds
[2026-07-23T00:22:23.283+0000] {processor.py:186} INFO - Started process (PID=2294) to work on /opt/airflow/dags/sanity_checks.py
[2026-07-23T00:22:23.286+0000] {processor.py:914} INFO - Processing file /opt/airflow/dags/sanity_checks.py for tasks to queue
[2026-07-23T00:22:23.292+0000] {logging_mixin.py:190} INFO - [2026-07-23T00:22:23.291+0000] {dagbag.py:587} INFO - Filling up the DagBag from /opt/airflow/dags/sanity_checks.py
[2026-07-23T00:22:23.319+0000] {processor.py:925} INFO - DAG(s) 'airflow_sanity_check' retrieved from /opt/airflow/dags/sanity_checks.py
[2026-07-23T00:22:23.398+0000] {logging_mixin.py:190} INFO - [2026-07-23T00:22:23.397+0000] {dag.py:3211} INFO - Sync 1 DAGs
[2026-07-23T00:22:23.440+0000] {logging_mixin.py:190} INFO - [2026-07-23T00:22:23.440+0000] {dag.py:4138} INFO - Setting next_dagrun for airflow_sanity_check to None, run_after=None
[2026-07-23T00:22:23.489+0000] {processor.py:208} INFO - Processing /opt/airflow/dags/sanity_checks.py took 0.222 seconds
[2026-07-23T00:22:53.936+0000] {processor.py:186} INFO - Started process (PID=2309) to work on /opt/airflow/dags/sanity_checks.py
[2026-07-23T00:22:53.939+0000] {processor.py:914} INFO - Processing file /opt/airflow/dags/sanity_checks.py for tasks to queue
[2026-07-23T00:22:53.944+0000] {logging_mixin.py:190} INFO - [2026-07-23T00:22:53.943+0000] {dagbag.py:587} INFO - Filling up the DagBag from /opt/airflow/dags/sanity_checks.py
[2026-07-23T00:22:53.969+0000] {processor.py:925} INFO - DAG(s) 'airflow_sanity_check' retrieved from /opt/airflow/dags/sanity_checks.py
[2026-07-23T00:22:54.033+0000] {logging_mixin.py:190} INFO - [2026-07-23T00:22:54.033+0000] {dag.py:3211} INFO - Sync 1 DAGs
[2026-07-23T00:22:54.069+0000] {logging_mixin.py:190} INFO - [2026-07-23T00:22:54.068+0000] {dag.py:4138} INFO - Setting next_dagrun for airflow_sanity_check to None, run_after=None
[2026-07-23T00:22:54.111+0000] {processor.py:208} INFO - Processing /opt/airflow/dags/sanity_checks.py took 0.189 seconds
[2026-07-23T00:23:24.551+0000] {processor.py:186} INFO - Started process (PID=2324) to work on /opt/airflow/dags/sanity_checks.py
[2026-07-23T00:23:24.553+0000] {processor.py:914} INFO - Processing file /opt/airflow/dags/sanity_checks.py for tasks to queue
[2026-07-23T00:23:24.558+0000] {logging_mixin.py:190} INFO - [2026-07-23T00:23:24.557+0000] {dagbag.py:587} INFO - Filling up the DagBag from /opt/airflow/dags/sanity_checks.py
[2026-07-23T00:23:24.581+0000] {processor.py:925} INFO - DAG(s) 'airflow_sanity_check' retrieved from /opt/airflow/dags/sanity_checks.py
[2026-07-23T00:23:24.636+0000] {logging_mixin.py:190} INFO - [2026-07-23T00:23:24.635+0000] {dag.py:3211} INFO - Sync 1 DAGs
[2026-07-23T00:23:24.666+0000] {logging_mixin.py:190} INFO - [2026-07-23T00:23:24.666+0000] {dag.py:4138} INFO - Setting next_dagrun for airflow_sanity_check to None, run_after=None
[2026-07-23T00:23:24.702+0000] {processor.py:208} INFO - Processing /opt/airflow/dags/sanity_checks.py took 0.163 seconds
[2026-07-23T00:23:55.171+0000] {processor.py:186} INFO - Started process (PID=2339) to work on /opt/airflow/dags/sanity_checks.py
[2026-07-23T00:23:55.173+0000] {processor.py:914} INFO - Processing file /opt/airflow/dags/sanity_checks.py for tasks to queue
[2026-07-23T00:23:55.179+0000] {logging_mixin.py:190} INFO - [2026-07-23T00:23:55.178+0000] {dagbag.py:587} INFO - Filling up the DagBag from /opt/airflow/dags/sanity_checks.py
[2026-07-23T00:23:55.202+0000] {processor.py:925} INFO - DAG(s) 'airflow_sanity_check' retrieved from /opt/airflow/dags/sanity_checks.py
[2026-07-23T00:23:55.268+0000] {logging_mixin.py:190} INFO - [2026-07-23T00:23:55.267+0000] {dag.py:3211} INFO - Sync 1 DAGs
[2026-07-23T00:23:55.303+0000] {logging_mixin.py:190} INFO - [2026-07-23T00:23:55.303+0000] {dag.py:4138} INFO - Setting next_dagrun for airflow_sanity_check to None, run_after=None
[2026-07-23T00:23:55.345+0000] {processor.py:208} INFO - Processing /opt/airflow/dags/sanity_checks.py took 0.188 seconds
[2026-07-23T00:24:25.675+0000] {processor.py:186} INFO - Started process (PID=2354) to work on /opt/airflow/dags/sanity_checks.py
[2026-07-23T00:24:25.676+0000] {processor.py:914} INFO - Processing file /opt/airflow/dags/sanity_checks.py for tasks to queue
[2026-07-23T00:24:25.681+0000] {logging_mixin.py:190} INFO - [2026-07-23T00:24:25.681+0000] {dagbag.py:587} INFO - Filling up the DagBag from /opt/airflow/dags/sanity_checks.py
[2026-07-23T00:24:25.697+0000] {processor.py:925} INFO - DAG(s) 'airflow_sanity_check' retrieved from /opt/airflow/dags/sanity_checks.py
[2026-07-23T00:24:25.743+0000] {logging_mixin.py:190} INFO - [2026-07-23T00:24:25.743+0000] {dag.py:3211} INFO - Sync 1 DAGs
[2026-07-23T00:24:25.767+0000] {logging_mixin.py:190} INFO - [2026-07-23T00:24:25.766+0000] {dag.py:4138} INFO - Setting next_dagrun for airflow_sanity_check to None, run_after=None
[2026-07-23T00:24:25.798+0000] {processor.py:208} INFO - Processing /opt/airflow/dags/sanity_checks.py took 0.133 seconds
[2026-07-23T00:24:56.216+0000] {processor.py:186} INFO - Started process (PID=2369) to work on /opt/airflow/dags/sanity_checks.py
[2026-07-23T00:24:56.218+0000] {processor.py:914} INFO - Processing file /opt/airflow/dags/sanity_checks.py for tasks to queue
[2026-07-23T00:24:56.223+0000] {logging_mixin.py:190} INFO - [2026-07-23T00:24:56.223+0000] {dagbag.py:587} INFO - Filling up the DagBag from /opt/airflow/dags/sanity_checks.py
[2026-07-23T00:24:56.242+0000] {processor.py:925} INFO - DAG(s) 'airflow_sanity_check' retrieved from /opt/airflow/dags/sanity_checks.py
[2026-07-23T00:24:56.291+0000] {logging_mixin.py:190} INFO - [2026-07-23T00:24:56.291+0000] {dag.py:3211} INFO - Sync 1 DAGs
[2026-07-23T00:24:56.317+0000] {logging_mixin.py:190} INFO - [2026-07-23T00:24:56.317+0000] {dag.py:4138} INFO - Setting next_dagrun for airflow_sanity_check to None, run_after=None
[2026-07-23T00:24:56.351+0000] {processor.py:208} INFO - Processing /opt/airflow/dags/sanity_checks.py took 0.145 seconds
[2026-07-23T00:25:26.726+0000] {processor.py:186} INFO - Started process (PID=2384) to work on /opt/airflow/dags/sanity_checks.py
[2026-07-23T00:25:26.728+0000] {processor.py:914} INFO - Processing file /opt/airflow/dags/sanity_checks.py for tasks to queue
[2026-07-23T00:25:26.732+0000] {logging_mixin.py:190} INFO - [2026-07-23T00:25:26.731+0000] {dagbag.py:587} INFO - Filling up the DagBag from /opt/airflow/dags/sanity_checks.py
[2026-07-23T00:25:26.750+0000] {processor.py:925} INFO - DAG(s) 'airflow_sanity_check' retrieved from /opt/airflow/dags/sanity_checks.py
[2026-07-23T00:25:26.798+0000] {logging_mixin.py:190} INFO - [2026-07-23T00:25:26.797+0000] {dag.py:3211} INFO - Sync 1 DAGs
[2026-07-23T00:25:26.822+0000] {logging_mixin.py:190} INFO - [2026-07-23T00:25:26.822+0000] {dag.py:4138} INFO - Setting next_dagrun for airflow_sanity_check to None, run_after=None
[2026-07-23T00:25:26.853+0000] {processor.py:208} INFO - Processing /opt/airflow/dags/sanity_checks.py took 0.137 seconds
[2026-07-23T00:25:57.421+0000] {processor.py:186} INFO - Started process (PID=2402) to work on /opt/airflow/dags/sanity_checks.py
[2026-07-23T00:25:57.423+0000] {processor.py:914} INFO - Processing file /opt/airflow/dags/sanity_checks.py for tasks to queue
[2026-07-23T00:25:57.429+0000] {logging_mixin.py:190} INFO - [2026-07-23T00:25:57.428+0000] {dagbag.py:587} INFO - Filling up the DagBag from /opt/airflow/dags/sanity_checks.py
[2026-07-23T00:25:57.454+0000] {processor.py:925} INFO - DAG(s) 'airflow_sanity_check' retrieved from /opt/airflow/dags/sanity_checks.py
[2026-07-23T00:25:57.521+0000] {logging_mixin.py:190} INFO - [2026-07-23T00:25:57.520+0000] {dag.py:3211} INFO - Sync 1 DAGs
[2026-07-23T00:25:57.557+0000] {logging_mixin.py:190} INFO - [2026-07-23T00:25:57.557+0000] {dag.py:4138} INFO - Setting next_dagrun for airflow_sanity_check to None, run_after=None
[2026-07-23T00:25:57.602+0000] {processor.py:208} INFO - Processing /opt/airflow/dags/sanity_checks.py took 0.195 seconds
[2026-07-23T00:26:27.943+0000] {processor.py:186} INFO - Started process (PID=2417) to work on /opt/airflow/dags/sanity_checks.py
[2026-07-23T00:26:27.945+0000] {processor.py:914} INFO - Processing file /opt/airflow/dags/sanity_checks.py for tasks to queue
[2026-07-23T00:26:27.950+0000] {logging_mixin.py:190} INFO - [2026-07-23T00:26:27.949+0000] {dagbag.py:587} INFO - Filling up the DagBag from /opt/airflow/dags/sanity_checks.py
[2026-07-23T00:26:27.967+0000] {processor.py:925} INFO - DAG(s) 'airflow_sanity_check' retrieved from /opt/airflow/dags/sanity_checks.py
[2026-07-23T00:26:28.016+0000] {logging_mixin.py:190} INFO - [2026-07-23T00:26:28.015+0000] {dag.py:3211} INFO - Sync 1 DAGs
[2026-07-23T00:26:28.041+0000] {logging_mixin.py:190} INFO - [2026-07-23T00:26:28.041+0000] {dag.py:4138} INFO - Setting next_dagrun for airflow_sanity_check to None, run_after=None
[2026-07-23T00:26:28.076+0000] {processor.py:208} INFO - Processing /opt/airflow/dags/sanity_checks.py took 0.143 seconds
[2026-07-23T00:26:58.511+0000] {processor.py:186} INFO - Started process (PID=2432) to work on /opt/airflow/dags/sanity_checks.py
[2026-07-23T00:26:58.513+0000] {processor.py:914} INFO - Processing file /opt/airflow/dags/sanity_checks.py for tasks to queue
[2026-07-23T00:26:58.518+0000] {logging_mixin.py:190} INFO - [2026-07-23T00:26:58.517+0000] {dagbag.py:587} INFO - Filling up the DagBag from /opt/airflow/dags/sanity_checks.py
[2026-07-23T00:26:58.536+0000] {processor.py:925} INFO - DAG(s) 'airflow_sanity_check' retrieved from /opt/airflow/dags/sanity_checks.py
[2026-07-23T00:26:58.590+0000] {logging_mixin.py:190} INFO - [2026-07-23T00:26:58.589+0000] {dag.py:3211} INFO - Sync 1 DAGs
[2026-07-23T00:26:58.617+0000] {logging_mixin.py:190} INFO - [2026-07-23T00:26:58.617+0000] {dag.py:4138} INFO - Setting next_dagrun for airflow_sanity_check to None, run_after=None
[2026-07-23T00:26:58.650+0000] {processor.py:208} INFO - Processing /opt/airflow/dags/sanity_checks.py took 0.151 seconds
[2026-07-23T00:27:29.063+0000] {processor.py:186} INFO - Started process (PID=2447) to work on /opt/airflow/dags/sanity_checks.py
[2026-07-23T00:27:29.064+0000] {processor.py:914} INFO - Processing file /opt/airflow/dags/sanity_checks.py for tasks to queue
[2026-07-23T00:27:29.068+0000] {logging_mixin.py:190} INFO - [2026-07-23T00:27:29.068+0000] {dagbag.py:587} INFO - Filling up the DagBag from /opt/airflow/dags/sanity_checks.py
[2026-07-23T00:27:29.084+0000] {processor.py:925} INFO - DAG(s) 'airflow_sanity_check' retrieved from /opt/airflow/dags/sanity_checks.py
[2026-07-23T00:27:29.131+0000] {logging_mixin.py:190} INFO - [2026-07-23T00:27:29.130+0000] {dag.py:3211} INFO - Sync 1 DAGs
[2026-07-23T00:27:29.154+0000] {logging_mixin.py:190} INFO - [2026-07-23T00:27:29.154+0000] {dag.py:4138} INFO - Setting next_dagrun for airflow_sanity_check to None, run_after=None
[2026-07-23T00:27:29.183+0000] {processor.py:208} INFO - Processing /opt/airflow/dags/sanity_checks.py took 0.131 seconds
[2026-07-23T00:27:59.593+0000] {processor.py:186} INFO - Started process (PID=2462) to work on /opt/airflow/dags/sanity_checks.py
[2026-07-23T00:27:59.595+0000] {processor.py:914} INFO - Processing file /opt/airflow/dags/sanity_checks.py for tasks to queue
[2026-07-23T00:27:59.599+0000] {logging_mixin.py:190} INFO - [2026-07-23T00:27:59.599+0000] {dagbag.py:587} INFO - Filling up the DagBag from /opt/airflow/dags/sanity_checks.py
[2026-07-23T00:27:59.617+0000] {processor.py:925} INFO - DAG(s) 'airflow_sanity_check' retrieved from /opt/airflow/dags/sanity_checks.py
[2026-07-23T00:27:59.665+0000] {logging_mixin.py:190} INFO - [2026-07-23T00:27:59.664+0000] {dag.py:3211} INFO - Sync 1 DAGs
[2026-07-23T00:27:59.690+0000] {logging_mixin.py:190} INFO - [2026-07-23T00:27:59.689+0000] {dag.py:4138} INFO - Setting next_dagrun for airflow_sanity_check to None, run_after=None
[2026-07-23T00:27:59.723+0000] {processor.py:208} INFO - Processing /opt/airflow/dags/sanity_checks.py took 0.140 seconds
[2026-07-23T00:28:30.370+0000] {processor.py:186} INFO - Started process (PID=2477) to work on /opt/airflow/dags/sanity_checks.py
[2026-07-23T00:28:30.372+0000] {processor.py:914} INFO - Processing file /opt/airflow/dags/sanity_checks.py for tasks to queue
[2026-07-23T00:28:30.377+0000] {logging_mixin.py:190} INFO - [2026-07-23T00:28:30.376+0000] {dagbag.py:587} INFO - Filling up the DagBag from /opt/airflow/dags/sanity_checks.py
[2026-07-23T00:28:30.397+0000] {processor.py:925} INFO - DAG(s) 'airflow_sanity_check' retrieved from /opt/airflow/dags/sanity_checks.py
[2026-07-23T00:28:30.451+0000] {logging_mixin.py:190} INFO - [2026-07-23T00:28:30.451+0000] {dag.py:3211} INFO - Sync 1 DAGs
[2026-07-23T00:28:30.480+0000] {logging_mixin.py:190} INFO - [2026-07-23T00:28:30.479+0000] {dag.py:4138} INFO - Setting next_dagrun for airflow_sanity_check to None, run_after=None
[2026-07-23T00:28:30.513+0000] {processor.py:208} INFO - Processing /opt/airflow/dags/sanity_checks.py took 0.155 seconds
[2026-07-23T00:29:00.976+0000] {processor.py:186} INFO - Started process (PID=2492) to work on /opt/airflow/dags/sanity_checks.py
[2026-07-23T00:29:00.978+0000] {processor.py:914} INFO - Processing file /opt/airflow/dags/sanity_checks.py for tasks to queue
[2026-07-23T00:29:00.983+0000] {logging_mixin.py:190} INFO - [2026-07-23T00:29:00.982+0000] {dagbag.py:587} INFO - Filling up the DagBag from /opt/airflow/dags/sanity_checks.py
[2026-07-23T00:29:01.006+0000] {processor.py:925} INFO - DAG(s) 'airflow_sanity_check' retrieved from /opt/airflow/dags/sanity_checks.py
[2026-07-23T00:29:01.063+0000] {logging_mixin.py:190} INFO - [2026-07-23T00:29:01.063+0000] {dag.py:3211} INFO - Sync 1 DAGs
[2026-07-23T00:29:01.095+0000] {logging_mixin.py:190} INFO - [2026-07-23T00:29:01.095+0000] {dag.py:4138} INFO - Setting next_dagrun for airflow_sanity_check to None, run_after=None
[2026-07-23T00:29:01.133+0000] {processor.py:208} INFO - Processing /opt/airflow/dags/sanity_checks.py took 0.169 seconds
[2026-07-23T00:59:32.289+0000] {processor.py:186} INFO - Started process (PID=2500) to work on /opt/airflow/dags/sanity_checks.py
[2026-07-23T00:59:32.295+0000] {processor.py:914} INFO - Processing file /opt/airflow/dags/sanity_checks.py for tasks to queue
[2026-07-23T00:59:32.311+0000] {logging_mixin.py:190} INFO - [2026-07-23T00:59:32.308+0000] {dagbag.py:587} INFO - Filling up the DagBag from /opt/airflow/dags/sanity_checks.py
[2026-07-23T00:59:32.407+0000] {processor.py:925} INFO - DAG(s) 'airflow_sanity_check' retrieved from /opt/airflow/dags/sanity_checks.py
[2026-07-23T00:59:32.679+0000] {logging_mixin.py:190} INFO - [2026-07-23T00:59:32.677+0000] {dag.py:3211} INFO - Sync 1 DAGs
[2026-07-23T00:59:32.792+0000] {logging_mixin.py:190} INFO - [2026-07-23T00:59:32.788+0000] {dag.py:4138} INFO - Setting next_dagrun for airflow_sanity_check to None, run_after=None
[2026-07-23T00:59:32.954+0000] {processor.py:208} INFO - Processing /opt/airflow/dags/sanity_checks.py took 0.706 seconds
[2026-07-23T01:17:41.196+0000] {processor.py:186} INFO - Started process (PID=2518) to work on /opt/airflow/dags/sanity_checks.py
[2026-07-23T01:17:41.209+0000] {processor.py:914} INFO - Processing file /opt/airflow/dags/sanity_checks.py for tasks to queue
[2026-07-23T01:17:41.247+0000] {logging_mixin.py:190} INFO - [2026-07-23T01:17:41.243+0000] {dagbag.py:587} INFO - Filling up the DagBag from /opt/airflow/dags/sanity_checks.py
[2026-07-23T01:17:41.350+0000] {processor.py:925} INFO - DAG(s) 'airflow_sanity_check' retrieved from /opt/airflow/dags/sanity_checks.py
[2026-07-23T01:17:41.627+0000] {logging_mixin.py:190} INFO - [2026-07-23T01:17:41.625+0000] {dag.py:3211} INFO - Sync 1 DAGs
[2026-07-23T01:17:41.754+0000] {logging_mixin.py:190} INFO - [2026-07-23T01:17:41.752+0000] {dag.py:4138} INFO - Setting next_dagrun for airflow_sanity_check to None, run_after=None
[2026-07-23T01:17:41.948+0000] {processor.py:208} INFO - Processing /opt/airflow/dags/sanity_checks.py took 0.899 seconds
[2026-07-23T01:18:12.931+0000] {processor.py:186} INFO - Started process (PID=2533) to work on /opt/airflow/dags/sanity_checks.py
[2026-07-23T01:18:12.937+0000] {processor.py:914} INFO - Processing file /opt/airflow/dags/sanity_checks.py for tasks to queue
[2026-07-23T01:18:12.952+0000] {logging_mixin.py:190} INFO - [2026-07-23T01:18:12.950+0000] {dagbag.py:587} INFO - Filling up the DagBag from /opt/airflow/dags/sanity_checks.py
[2026-07-23T01:18:13.014+0000] {processor.py:925} INFO - DAG(s) 'airflow_sanity_check' retrieved from /opt/airflow/dags/sanity_checks.py
[2026-07-23T01:18:13.198+0000] {logging_mixin.py:190} INFO - [2026-07-23T01:18:13.196+0000] {dag.py:3211} INFO - Sync 1 DAGs
[2026-07-23T01:18:13.295+0000] {logging_mixin.py:190} INFO - [2026-07-23T01:18:13.293+0000] {dag.py:4138} INFO - Setting next_dagrun for airflow_sanity_check to None, run_after=None
[2026-07-23T01:18:13.424+0000] {processor.py:208} INFO - Processing /opt/airflow/dags/sanity_checks.py took 0.533 seconds
[2026-07-23T01:36:18.614+0000] {processor.py:186} INFO - Started process (PID=2548) to work on /opt/airflow/dags/sanity_checks.py
[2026-07-23T01:36:18.621+0000] {processor.py:914} INFO - Processing file /opt/airflow/dags/sanity_checks.py for tasks to queue
[2026-07-23T01:36:18.636+0000] {logging_mixin.py:190} INFO - [2026-07-23T01:36:18.634+0000] {dagbag.py:587} INFO - Filling up the DagBag from /opt/airflow/dags/sanity_checks.py
[2026-07-23T01:36:18.795+0000] {processor.py:925} INFO - DAG(s) 'airflow_sanity_check' retrieved from /opt/airflow/dags/sanity_checks.py
[2026-07-23T01:36:18.992+0000] {logging_mixin.py:190} INFO - [2026-07-23T01:36:18.991+0000] {dag.py:3211} INFO - Sync 1 DAGs
[2026-07-23T01:36:19.057+0000] {logging_mixin.py:190} INFO - [2026-07-23T01:36:19.056+0000] {dag.py:4138} INFO - Setting next_dagrun for airflow_sanity_check to None, run_after=None
[2026-07-23T01:36:19.141+0000] {processor.py:208} INFO - Processing /opt/airflow/dags/sanity_checks.py took 0.569 seconds
[2026-07-23T01:36:49.468+0000] {processor.py:186} INFO - Started process (PID=2563) to work on /opt/airflow/dags/sanity_checks.py
[2026-07-23T01:36:49.474+0000] {processor.py:914} INFO - Processing file /opt/airflow/dags/sanity_checks.py for tasks to queue
[2026-07-23T01:36:49.488+0000] {logging_mixin.py:190} INFO - [2026-07-23T01:36:49.486+0000] {dagbag.py:587} INFO - Filling up the DagBag from /opt/airflow/dags/sanity_checks.py
[2026-07-23T01:36:49.553+0000] {processor.py:925} INFO - DAG(s) 'airflow_sanity_check' retrieved from /opt/airflow/dags/sanity_checks.py
[2026-07-23T01:36:49.722+0000] {logging_mixin.py:190} INFO - [2026-07-23T01:36:49.721+0000] {dag.py:3211} INFO - Sync 1 DAGs
[2026-07-23T01:36:49.828+0000] {logging_mixin.py:190} INFO - [2026-07-23T01:36:49.827+0000] {dag.py:4138} INFO - Setting next_dagrun for airflow_sanity_check to None, run_after=None
[2026-07-23T01:36:49.950+0000] {processor.py:208} INFO - Processing /opt/airflow/dags/sanity_checks.py took 0.519 seconds
[2026-07-23T01:37:20.294+0000] {processor.py:186} INFO - Started process (PID=2575) to work on /opt/airflow/dags/sanity_checks.py
[2026-07-23T01:37:20.299+0000] {processor.py:914} INFO - Processing file /opt/airflow/dags/sanity_checks.py for tasks to queue
[2026-07-23T01:37:20.311+0000] {logging_mixin.py:190} INFO - [2026-07-23T01:37:20.310+0000] {dagbag.py:587} INFO - Filling up the DagBag from /opt/airflow/dags/sanity_checks.py
[2026-07-23T01:37:20.391+0000] {processor.py:925} INFO - DAG(s) 'airflow_sanity_check' retrieved from /opt/airflow/dags/sanity_checks.py
[2026-07-23T01:37:20.597+0000] {logging_mixin.py:190} INFO - [2026-07-23T01:37:20.596+0000] {dag.py:3211} INFO - Sync 1 DAGs
[2026-07-23T01:37:20.661+0000] {logging_mixin.py:190} INFO - [2026-07-23T01:37:20.660+0000] {dag.py:4138} INFO - Setting next_dagrun for airflow_sanity_check to None, run_after=None
[2026-07-23T01:37:20.733+0000] {processor.py:208} INFO - Processing /opt/airflow/dags/sanity_checks.py took 0.481 seconds
[2026-07-23T01:37:50.996+0000] {processor.py:186} INFO - Started process (PID=2590) to work on /opt/airflow/dags/sanity_checks.py
[2026-07-23T01:37:51.004+0000] {processor.py:914} INFO - Processing file /opt/airflow/dags/sanity_checks.py for tasks to queue
[2026-07-23T01:37:51.019+0000] {logging_mixin.py:190} INFO - [2026-07-23T01:37:51.017+0000] {dagbag.py:587} INFO - Filling up the DagBag from /opt/airflow/dags/sanity_checks.py
[2026-07-23T01:37:51.091+0000] {processor.py:925} INFO - DAG(s) 'airflow_sanity_check' retrieved from /opt/airflow/dags/sanity_checks.py
[2026-07-23T01:37:51.274+0000] {logging_mixin.py:190} INFO - [2026-07-23T01:37:51.273+0000] {dag.py:3211} INFO - Sync 1 DAGs
[2026-07-23T01:37:51.364+0000] {logging_mixin.py:190} INFO - [2026-07-23T01:37:51.363+0000] {dag.py:4138} INFO - Setting next_dagrun for airflow_sanity_check to None, run_after=None
[2026-07-23T01:37:51.475+0000] {processor.py:208} INFO - Processing /opt/airflow/dags/sanity_checks.py took 0.519 seconds
[2026-07-23T01:38:22.009+0000] {processor.py:186} INFO - Started process (PID=2605) to work on /opt/airflow/dags/sanity_checks.py
[2026-07-23T01:38:22.013+0000] {processor.py:914} INFO - Processing file /opt/airflow/dags/sanity_checks.py for tasks to queue
[2026-07-23T01:38:22.023+0000] {logging_mixin.py:190} INFO - [2026-07-23T01:38:22.020+0000] {dagbag.py:587} INFO - Filling up the DagBag from /opt/airflow/dags/sanity_checks.py
[2026-07-23T01:38:22.061+0000] {processor.py:925} INFO - DAG(s) 'airflow_sanity_check' retrieved from /opt/airflow/dags/sanity_checks.py
[2026-07-23T01:38:22.170+0000] {logging_mixin.py:190} INFO - [2026-07-23T01:38:22.169+0000] {dag.py:3211} INFO - Sync 1 DAGs
[2026-07-23T01:38:22.232+0000] {logging_mixin.py:190} INFO - [2026-07-23T01:38:22.232+0000] {dag.py:4138} INFO - Setting next_dagrun for airflow_sanity_check to None, run_after=None
[2026-07-23T01:38:22.296+0000] {processor.py:208} INFO - Processing /opt/airflow/dags/sanity_checks.py took 0.310 seconds
[2026-07-23T01:38:52.694+0000] {processor.py:186} INFO - Started process (PID=2620) to work on /opt/airflow/dags/sanity_checks.py
[2026-07-23T01:38:52.697+0000] {processor.py:914} INFO - Processing file /opt/airflow/dags/sanity_checks.py for tasks to queue
[2026-07-23T01:38:52.707+0000] {logging_mixin.py:190} INFO - [2026-07-23T01:38:52.706+0000] {dagbag.py:587} INFO - Filling up the DagBag from /opt/airflow/dags/sanity_checks.py
[2026-07-23T01:38:52.743+0000] {processor.py:925} INFO - DAG(s) 'airflow_sanity_check' retrieved from /opt/airflow/dags/sanity_checks.py
[2026-07-23T01:38:52.841+0000] {logging_mixin.py:190} INFO - [2026-07-23T01:38:52.840+0000] {dag.py:3211} INFO - Sync 1 DAGs
[2026-07-23T01:38:52.892+0000] {logging_mixin.py:190} INFO - [2026-07-23T01:38:52.891+0000] {dag.py:4138} INFO - Setting next_dagrun for airflow_sanity_check to None, run_after=None
[2026-07-23T01:38:52.950+0000] {processor.py:208} INFO - Processing /opt/airflow/dags/sanity_checks.py took 0.278 seconds
[2026-07-23T01:39:23.344+0000] {processor.py:186} INFO - Started process (PID=2635) to work on /opt/airflow/dags/sanity_checks.py
[2026-07-23T01:39:23.348+0000] {processor.py:914} INFO - Processing file /opt/airflow/dags/sanity_checks.py for tasks to queue
[2026-07-23T01:39:23.357+0000] {logging_mixin.py:190} INFO - [2026-07-23T01:39:23.356+0000] {dagbag.py:587} INFO - Filling up the DagBag from /opt/airflow/dags/sanity_checks.py
[2026-07-23T01:39:23.393+0000] {processor.py:925} INFO - DAG(s) 'airflow_sanity_check' retrieved from /opt/airflow/dags/sanity_checks.py
[2026-07-23T01:39:23.491+0000] {logging_mixin.py:190} INFO - [2026-07-23T01:39:23.491+0000] {dag.py:3211} INFO - Sync 1 DAGs
[2026-07-23T01:39:23.543+0000] {logging_mixin.py:190} INFO - [2026-07-23T01:39:23.543+0000] {dag.py:4138} INFO - Setting next_dagrun for airflow_sanity_check to None, run_after=None
[2026-07-23T01:39:23.604+0000] {processor.py:208} INFO - Processing /opt/airflow/dags/sanity_checks.py took 0.281 seconds
[2026-07-23T01:39:54.561+0000] {processor.py:186} INFO - Started process (PID=2653) to work on /opt/airflow/dags/sanity_checks.py
[2026-07-23T01:39:54.564+0000] {processor.py:914} INFO - Processing file /opt/airflow/dags/sanity_checks.py for tasks to queue
[2026-07-23T01:39:54.572+0000] {logging_mixin.py:190} INFO - [2026-07-23T01:39:54.571+0000] {dagbag.py:587} INFO - Filling up the DagBag from /opt/airflow/dags/sanity_checks.py
[2026-07-23T01:39:54.599+0000] {processor.py:925} INFO - DAG(s) 'airflow_sanity_check' retrieved from /opt/airflow/dags/sanity_checks.py
[2026-07-23T01:39:54.670+0000] {logging_mixin.py:190} INFO - [2026-07-23T01:39:54.669+0000] {dag.py:3211} INFO - Sync 1 DAGs
[2026-07-23T01:39:54.710+0000] {logging_mixin.py:190} INFO - [2026-07-23T01:39:54.709+0000] {dag.py:4138} INFO - Setting next_dagrun for airflow_sanity_check to None, run_after=None
[2026-07-23T01:39:54.758+0000] {processor.py:208} INFO - Processing /opt/airflow/dags/sanity_checks.py took 0.212 seconds
[2026-07-23T01:40:25.398+0000] {processor.py:186} INFO - Started process (PID=2668) to work on /opt/airflow/dags/sanity_checks.py
[2026-07-23T01:40:25.407+0000] {processor.py:914} INFO - Processing file /opt/airflow/dags/sanity_checks.py for tasks to queue
[2026-07-23T01:40:25.431+0000] {logging_mixin.py:190} INFO - [2026-07-23T01:40:25.427+0000] {dagbag.py:587} INFO - Filling up the DagBag from /opt/airflow/dags/sanity_checks.py
[2026-07-23T01:40:25.534+0000] {processor.py:925} INFO - DAG(s) 'airflow_sanity_check' retrieved from /opt/airflow/dags/sanity_checks.py
[2026-07-23T01:40:25.883+0000] {logging_mixin.py:190} INFO - [2026-07-23T01:40:25.881+0000] {dag.py:3211} INFO - Sync 1 DAGs
[2026-07-23T01:40:26.025+0000] {logging_mixin.py:190} INFO - [2026-07-23T01:40:26.023+0000] {dag.py:4138} INFO - Setting next_dagrun for airflow_sanity_check to None, run_after=None
[2026-07-23T01:40:26.229+0000] {processor.py:208} INFO - Processing /opt/airflow/dags/sanity_checks.py took 0.876 seconds
[2026-07-23T01:40:57.206+0000] {processor.py:186} INFO - Started process (PID=2683) to work on /opt/airflow/dags/sanity_checks.py
[2026-07-23T01:40:57.210+0000] {processor.py:914} INFO - Processing file /opt/airflow/dags/sanity_checks.py for tasks to queue
[2026-07-23T01:40:57.228+0000] {logging_mixin.py:190} INFO - [2026-07-23T01:40:57.227+0000] {dagbag.py:587} INFO - Filling up the DagBag from /opt/airflow/dags/sanity_checks.py
[2026-07-23T01:40:57.268+0000] {processor.py:925} INFO - DAG(s) 'airflow_sanity_check' retrieved from /opt/airflow/dags/sanity_checks.py
[2026-07-23T01:40:57.382+0000] {logging_mixin.py:190} INFO - [2026-07-23T01:40:57.381+0000] {dag.py:3211} INFO - Sync 1 DAGs
[2026-07-23T01:40:57.445+0000] {logging_mixin.py:190} INFO - [2026-07-23T01:40:57.444+0000] {dag.py:4138} INFO - Setting next_dagrun for airflow_sanity_check to None, run_after=None
[2026-07-23T01:40:57.519+0000] {processor.py:208} INFO - Processing /opt/airflow/dags/sanity_checks.py took 0.343 seconds
[2026-07-23T01:41:28.188+0000] {processor.py:186} INFO - Started process (PID=2698) to work on /opt/airflow/dags/sanity_checks.py
[2026-07-23T01:41:28.190+0000] {processor.py:914} INFO - Processing file /opt/airflow/dags/sanity_checks.py for tasks to queue
[2026-07-23T01:41:28.201+0000] {logging_mixin.py:190} INFO - [2026-07-23T01:41:28.200+0000] {dagbag.py:587} INFO - Filling up the DagBag from /opt/airflow/dags/sanity_checks.py
[2026-07-23T01:41:28.243+0000] {processor.py:925} INFO - DAG(s) 'airflow_sanity_check' retrieved from /opt/airflow/dags/sanity_checks.py
[2026-07-23T01:41:28.378+0000] {logging_mixin.py:190} INFO - [2026-07-23T01:41:28.378+0000] {dag.py:3211} INFO - Sync 1 DAGs
[2026-07-23T01:41:28.452+0000] {logging_mixin.py:190} INFO - [2026-07-23T01:41:28.452+0000] {dag.py:4138} INFO - Setting next_dagrun for airflow_sanity_check to None, run_after=None
[2026-07-23T01:41:28.539+0000] {processor.py:208} INFO - Processing /opt/airflow/dags/sanity_checks.py took 0.372 seconds
[2026-07-23T01:41:59.042+0000] {processor.py:186} INFO - Started process (PID=2713) to work on /opt/airflow/dags/sanity_checks.py
[2026-07-23T01:41:59.044+0000] {processor.py:914} INFO - Processing file /opt/airflow/dags/sanity_checks.py for tasks to queue
[2026-07-23T01:41:59.052+0000] {logging_mixin.py:190} INFO - [2026-07-23T01:41:59.051+0000] {dagbag.py:587} INFO - Filling up the DagBag from /opt/airflow/dags/sanity_checks.py
[2026-07-23T01:41:59.078+0000] {processor.py:925} INFO - DAG(s) 'airflow_sanity_check' retrieved from /opt/airflow/dags/sanity_checks.py
[2026-07-23T01:41:59.149+0000] {logging_mixin.py:190} INFO - [2026-07-23T01:41:59.148+0000] {dag.py:3211} INFO - Sync 1 DAGs
[2026-07-23T01:41:59.185+0000] {logging_mixin.py:190} INFO - [2026-07-23T01:41:59.185+0000] {dag.py:4138} INFO - Setting next_dagrun for airflow_sanity_check to None, run_after=None
[2026-07-23T01:41:59.231+0000] {processor.py:208} INFO - Processing /opt/airflow/dags/sanity_checks.py took 0.205 seconds
[2026-07-23T01:42:29.717+0000] {processor.py:186} INFO - Started process (PID=2728) to work on /opt/airflow/dags/sanity_checks.py
[2026-07-23T01:42:29.720+0000] {processor.py:914} INFO - Processing file /opt/airflow/dags/sanity_checks.py for tasks to queue
[2026-07-23T01:42:29.730+0000] {logging_mixin.py:190} INFO - [2026-07-23T01:42:29.729+0000] {dagbag.py:587} INFO - Filling up the DagBag from /opt/airflow/dags/sanity_checks.py
[2026-07-23T01:42:29.769+0000] {processor.py:925} INFO - DAG(s) 'airflow_sanity_check' retrieved from /opt/airflow/dags/sanity_checks.py
[2026-07-23T01:42:29.868+0000] {logging_mixin.py:190} INFO - [2026-07-23T01:42:29.867+0000] {dag.py:3211} INFO - Sync 1 DAGs
[2026-07-23T01:42:29.921+0000] {logging_mixin.py:190} INFO - [2026-07-23T01:42:29.920+0000] {dag.py:4138} INFO - Setting next_dagrun for airflow_sanity_check to None, run_after=None
[2026-07-23T01:42:29.994+0000] {processor.py:208} INFO - Processing /opt/airflow/dags/sanity_checks.py took 0.300 seconds
[2026-07-23T01:43:00.250+0000] {processor.py:186} INFO - Started process (PID=2740) to work on /opt/airflow/dags/sanity_checks.py
[2026-07-23T01:43:00.253+0000] {processor.py:914} INFO - Processing file /opt/airflow/dags/sanity_checks.py for tasks to queue
[2026-07-23T01:43:00.259+0000] {logging_mixin.py:190} INFO - [2026-07-23T01:43:00.258+0000] {dagbag.py:587} INFO - Filling up the DagBag from /opt/airflow/dags/sanity_checks.py
[2026-07-23T01:43:00.287+0000] {processor.py:925} INFO - DAG(s) 'airflow_sanity_check' retrieved from /opt/airflow/dags/sanity_checks.py
[2026-07-23T01:43:00.361+0000] {logging_mixin.py:190} INFO - [2026-07-23T01:43:00.360+0000] {dag.py:3211} INFO - Sync 1 DAGs
[2026-07-23T01:43:00.401+0000] {logging_mixin.py:190} INFO - [2026-07-23T01:43:00.400+0000] {dag.py:4138} INFO - Setting next_dagrun for airflow_sanity_check to None, run_after=None
[2026-07-23T01:43:00.449+0000] {processor.py:208} INFO - Processing /opt/airflow/dags/sanity_checks.py took 0.216 seconds
[2026-07-23T01:43:31.232+0000] {processor.py:186} INFO - Started process (PID=2758) to work on /opt/airflow/dags/sanity_checks.py
[2026-07-23T01:43:31.236+0000] {processor.py:914} INFO - Processing file /opt/airflow/dags/sanity_checks.py for tasks to queue
[2026-07-23T01:43:31.247+0000] {logging_mixin.py:190} INFO - [2026-07-23T01:43:31.246+0000] {dagbag.py:587} INFO - Filling up the DagBag from /opt/airflow/dags/sanity_checks.py
[2026-07-23T01:43:31.283+0000] {processor.py:925} INFO - DAG(s) 'airflow_sanity_check' retrieved from /opt/airflow/dags/sanity_checks.py
[2026-07-23T01:43:31.388+0000] {logging_mixin.py:190} INFO - [2026-07-23T01:43:31.387+0000] {dag.py:3211} INFO - Sync 1 DAGs
[2026-07-23T01:43:31.440+0000] {logging_mixin.py:190} INFO - [2026-07-23T01:43:31.440+0000] {dag.py:4138} INFO - Setting next_dagrun for airflow_sanity_check to None, run_after=None
[2026-07-23T01:43:31.502+0000] {processor.py:208} INFO - Processing /opt/airflow/dags/sanity_checks.py took 0.290 seconds
[2026-07-23T01:44:02.008+0000] {processor.py:186} INFO - Started process (PID=2773) to work on /opt/airflow/dags/sanity_checks.py
[2026-07-23T01:44:02.011+0000] {processor.py:914} INFO - Processing file /opt/airflow/dags/sanity_checks.py for tasks to queue
[2026-07-23T01:44:02.018+0000] {logging_mixin.py:190} INFO - [2026-07-23T01:44:02.017+0000] {dagbag.py:587} INFO - Filling up the DagBag from /opt/airflow/dags/sanity_checks.py
[2026-07-23T01:44:02.051+0000] {processor.py:925} INFO - DAG(s) 'airflow_sanity_check' retrieved from /opt/airflow/dags/sanity_checks.py
[2026-07-23T01:44:02.136+0000] {logging_mixin.py:190} INFO - [2026-07-23T01:44:02.135+0000] {dag.py:3211} INFO - Sync 1 DAGs
[2026-07-23T01:44:02.174+0000] {logging_mixin.py:190} INFO - [2026-07-23T01:44:02.173+0000] {dag.py:4138} INFO - Setting next_dagrun for airflow_sanity_check to None, run_after=None
[2026-07-23T01:44:02.223+0000] {processor.py:208} INFO - Processing /opt/airflow/dags/sanity_checks.py took 0.233 seconds
[2026-07-23T01:44:32.811+0000] {processor.py:186} INFO - Started process (PID=2788) to work on /opt/airflow/dags/sanity_checks.py
[2026-07-23T01:44:32.815+0000] {processor.py:914} INFO - Processing file /opt/airflow/dags/sanity_checks.py for tasks to queue
[2026-07-23T01:44:32.826+0000] {logging_mixin.py:190} INFO - [2026-07-23T01:44:32.825+0000] {dagbag.py:587} INFO - Filling up the DagBag from /opt/airflow/dags/sanity_checks.py
[2026-07-23T01:44:32.876+0000] {processor.py:925} INFO - DAG(s) 'airflow_sanity_check' retrieved from /opt/airflow/dags/sanity_checks.py
[2026-07-23T01:44:33.006+0000] {logging_mixin.py:190} INFO - [2026-07-23T01:44:33.005+0000] {dag.py:3211} INFO - Sync 1 DAGs
[2026-07-23T01:44:33.065+0000] {logging_mixin.py:190} INFO - [2026-07-23T01:44:33.065+0000] {dag.py:4138} INFO - Setting next_dagrun for airflow_sanity_check to None, run_after=None
[2026-07-23T01:44:33.137+0000] {processor.py:208} INFO - Processing /opt/airflow/dags/sanity_checks.py took 0.358 seconds
[2026-07-23T01:45:03.682+0000] {processor.py:186} INFO - Started process (PID=2803) to work on /opt/airflow/dags/sanity_checks.py
[2026-07-23T01:45:03.684+0000] {processor.py:914} INFO - Processing file /opt/airflow/dags/sanity_checks.py for tasks to queue
[2026-07-23T01:45:03.692+0000] {logging_mixin.py:190} INFO - [2026-07-23T01:45:03.691+0000] {dagbag.py:587} INFO - Filling up the DagBag from /opt/airflow/dags/sanity_checks.py
[2026-07-23T01:45:03.718+0000] {processor.py:925} INFO - DAG(s) 'airflow_sanity_check' retrieved from /opt/airflow/dags/sanity_checks.py
[2026-07-23T01:45:03.785+0000] {logging_mixin.py:190} INFO - [2026-07-23T01:45:03.784+0000] {dag.py:3211} INFO - Sync 1 DAGs
[2026-07-23T01:45:03.820+0000] {logging_mixin.py:190} INFO - [2026-07-23T01:45:03.819+0000] {dag.py:4138} INFO - Setting next_dagrun for airflow_sanity_check to None, run_after=None
[2026-07-23T01:45:03.863+0000] {processor.py:208} INFO - Processing /opt/airflow/dags/sanity_checks.py took 0.197 seconds
[2026-07-23T01:45:34.397+0000] {processor.py:186} INFO - Started process (PID=2818) to work on /opt/airflow/dags/sanity_checks.py
[2026-07-23T01:45:34.401+0000] {processor.py:914} INFO - Processing file /opt/airflow/dags/sanity_checks.py for tasks to queue
[2026-07-23T01:45:34.412+0000] {logging_mixin.py:190} INFO - [2026-07-23T01:45:34.411+0000] {dagbag.py:587} INFO - Filling up the DagBag from /opt/airflow/dags/sanity_checks.py
[2026-07-23T01:45:34.449+0000] {processor.py:925} INFO - DAG(s) 'airflow_sanity_check' retrieved from /opt/airflow/dags/sanity_checks.py
[2026-07-23T01:45:34.563+0000] {logging_mixin.py:190} INFO - [2026-07-23T01:45:34.562+0000] {dag.py:3211} INFO - Sync 1 DAGs
[2026-07-23T01:45:34.624+0000] {logging_mixin.py:190} INFO - [2026-07-23T01:45:34.623+0000] {dag.py:4138} INFO - Setting next_dagrun for airflow_sanity_check to None, run_after=None
[2026-07-23T01:45:35.072+0000] {processor.py:208} INFO - Processing /opt/airflow/dags/sanity_checks.py took 0.700 seconds
[2026-07-23T01:46:05.656+0000] {processor.py:186} INFO - Started process (PID=2833) to work on /opt/airflow/dags/sanity_checks.py
[2026-07-23T01:46:05.660+0000] {processor.py:914} INFO - Processing file /opt/airflow/dags/sanity_checks.py for tasks to queue
[2026-07-23T01:46:05.668+0000] {logging_mixin.py:190} INFO - [2026-07-23T01:46:05.667+0000] {dagbag.py:587} INFO - Filling up the DagBag from /opt/airflow/dags/sanity_checks.py
[2026-07-23T01:46:05.706+0000] {processor.py:925} INFO - DAG(s) 'airflow_sanity_check' retrieved from /opt/airflow/dags/sanity_checks.py
[2026-07-23T01:46:05.847+0000] {logging_mixin.py:190} INFO - [2026-07-23T01:46:05.846+0000] {dag.py:3211} INFO - Sync 1 DAGs
[2026-07-23T01:46:05.940+0000] {logging_mixin.py:190} INFO - [2026-07-23T01:46:05.939+0000] {dag.py:4138} INFO - Setting next_dagrun for airflow_sanity_check to None, run_after=None
[2026-07-23T01:46:06.001+0000] {processor.py:208} INFO - Processing /opt/airflow/dags/sanity_checks.py took 0.371 seconds
[2026-07-23T01:46:36.707+0000] {processor.py:186} INFO - Started process (PID=2848) to work on /opt/airflow/dags/sanity_checks.py
[2026-07-23T01:46:36.712+0000] {processor.py:914} INFO - Processing file /opt/airflow/dags/sanity_checks.py for tasks to queue
[2026-07-23T01:46:36.722+0000] {logging_mixin.py:190} INFO - [2026-07-23T01:46:36.721+0000] {dagbag.py:587} INFO - Filling up the DagBag from /opt/airflow/dags/sanity_checks.py
[2026-07-23T01:46:36.766+0000] {processor.py:925} INFO - DAG(s) 'airflow_sanity_check' retrieved from /opt/airflow/dags/sanity_checks.py
[2026-07-23T01:46:36.881+0000] {logging_mixin.py:190} INFO - [2026-07-23T01:46:36.880+0000] {dag.py:3211} INFO - Sync 1 DAGs
[2026-07-23T01:46:36.970+0000] {logging_mixin.py:190} INFO - [2026-07-23T01:46:36.969+0000] {dag.py:4138} INFO - Setting next_dagrun for airflow_sanity_check to None, run_after=None
[2026-07-23T01:46:37.041+0000] {processor.py:208} INFO - Processing /opt/airflow/dags/sanity_checks.py took 0.361 seconds
[2026-07-23T01:47:07.614+0000] {processor.py:186} INFO - Started process (PID=2863) to work on /opt/airflow/dags/sanity_checks.py
[2026-07-23T01:47:07.616+0000] {processor.py:914} INFO - Processing file /opt/airflow/dags/sanity_checks.py for tasks to queue
[2026-07-23T01:47:07.623+0000] {logging_mixin.py:190} INFO - [2026-07-23T01:47:07.622+0000] {dagbag.py:587} INFO - Filling up the DagBag from /opt/airflow/dags/sanity_checks.py
[2026-07-23T01:47:07.653+0000] {processor.py:925} INFO - DAG(s) 'airflow_sanity_check' retrieved from /opt/airflow/dags/sanity_checks.py
[2026-07-23T01:47:07.729+0000] {logging_mixin.py:190} INFO - [2026-07-23T01:47:07.728+0000] {dag.py:3211} INFO - Sync 1 DAGs
[2026-07-23T01:47:07.770+0000] {logging_mixin.py:190} INFO - [2026-07-23T01:47:07.769+0000] {dag.py:4138} INFO - Setting next_dagrun for airflow_sanity_check to None, run_after=None
[2026-07-23T01:47:07.818+0000] {processor.py:208} INFO - Processing /opt/airflow/dags/sanity_checks.py took 0.221 seconds
[2026-07-23T01:47:38.386+0000] {processor.py:186} INFO - Started process (PID=2878) to work on /opt/airflow/dags/sanity_checks.py
[2026-07-23T01:47:38.390+0000] {processor.py:914} INFO - Processing file /opt/airflow/dags/sanity_checks.py for tasks to queue
[2026-07-23T01:47:38.400+0000] {logging_mixin.py:190} INFO - [2026-07-23T01:47:38.399+0000] {dagbag.py:587} INFO - Filling up the DagBag from /opt/airflow/dags/sanity_checks.py
[2026-07-23T01:47:38.440+0000] {processor.py:925} INFO - DAG(s) 'airflow_sanity_check' retrieved from /opt/airflow/dags/sanity_checks.py
[2026-07-23T01:47:38.553+0000] {logging_mixin.py:190} INFO - [2026-07-23T01:47:38.551+0000] {dag.py:3211} INFO - Sync 1 DAGs
[2026-07-23T01:47:38.609+0000] {logging_mixin.py:190} INFO - [2026-07-23T01:47:38.609+0000] {dag.py:4138} INFO - Setting next_dagrun for airflow_sanity_check to None, run_after=None
[2026-07-23T01:47:38.675+0000] {processor.py:208} INFO - Processing /opt/airflow/dags/sanity_checks.py took 0.312 seconds
[2026-07-23T01:48:09.480+0000] {processor.py:186} INFO - Started process (PID=2893) to work on /opt/airflow/dags/sanity_checks.py
[2026-07-23T01:48:09.489+0000] {processor.py:914} INFO - Processing file /opt/airflow/dags/sanity_checks.py for tasks to queue
[2026-07-23T01:48:09.509+0000] {logging_mixin.py:190} INFO - [2026-07-23T01:48:09.507+0000] {dagbag.py:587} INFO - Filling up the DagBag from /opt/airflow/dags/sanity_checks.py
[2026-07-23T01:48:09.604+0000] {processor.py:925} INFO - DAG(s) 'airflow_sanity_check' retrieved from /opt/airflow/dags/sanity_checks.py
[2026-07-23T01:48:09.919+0000] {logging_mixin.py:190} INFO - [2026-07-23T01:48:09.918+0000] {dag.py:3211} INFO - Sync 1 DAGs
[2026-07-23T01:48:10.100+0000] {logging_mixin.py:190} INFO - [2026-07-23T01:48:10.097+0000] {dag.py:4138} INFO - Setting next_dagrun for airflow_sanity_check to None, run_after=None
[2026-07-23T01:48:10.285+0000] {processor.py:208} INFO - Processing /opt/airflow/dags/sanity_checks.py took 0.854 seconds
[2026-07-23T02:18:36.984+0000] {processor.py:186} INFO - Started process (PID=2908) to work on /opt/airflow/dags/sanity_checks.py
[2026-07-23T02:18:36.991+0000] {processor.py:914} INFO - Processing file /opt/airflow/dags/sanity_checks.py for tasks to queue
[2026-07-23T02:18:37.012+0000] {logging_mixin.py:190} INFO - [2026-07-23T02:18:37.009+0000] {dagbag.py:587} INFO - Filling up the DagBag from /opt/airflow/dags/sanity_checks.py
[2026-07-23T02:18:37.079+0000] {processor.py:925} INFO - DAG(s) 'airflow_sanity_check' retrieved from /opt/airflow/dags/sanity_checks.py
[2026-07-23T02:18:37.266+0000] {logging_mixin.py:190} INFO - [2026-07-23T02:18:37.264+0000] {dag.py:3211} INFO - Sync 1 DAGs
[2026-07-23T02:18:37.369+0000] {logging_mixin.py:190} INFO - [2026-07-23T02:18:37.368+0000] {dag.py:4138} INFO - Setting next_dagrun for airflow_sanity_check to None, run_after=None
[2026-07-23T02:18:38.193+0000] {processor.py:208} INFO - Processing /opt/airflow/dags/sanity_checks.py took 1.249 seconds
[2026-07-23T02:19:08.475+0000] {processor.py:186} INFO - Started process (PID=2920) to work on /opt/airflow/dags/sanity_checks.py
[2026-07-23T02:19:08.483+0000] {processor.py:914} INFO - Processing file /opt/airflow/dags/sanity_checks.py for tasks to queue
[2026-07-23T02:19:08.504+0000] {logging_mixin.py:190} INFO - [2026-07-23T02:19:08.501+0000] {dagbag.py:587} INFO - Filling up the DagBag from /opt/airflow/dags/sanity_checks.py
[2026-07-23T02:19:08.585+0000] {processor.py:925} INFO - DAG(s) 'airflow_sanity_check' retrieved from /opt/airflow/dags/sanity_checks.py
[2026-07-23T02:19:09.012+0000] {logging_mixin.py:190} INFO - [2026-07-23T02:19:09.004+0000] {dag.py:3211} INFO - Sync 1 DAGs
[2026-07-23T02:19:09.198+0000] {logging_mixin.py:190} INFO - [2026-07-23T02:19:09.196+0000] {dag.py:4138} INFO - Setting next_dagrun for airflow_sanity_check to None, run_after=None
[2026-07-23T02:19:09.317+0000] {processor.py:208} INFO - Processing /opt/airflow/dags/sanity_checks.py took 0.890 seconds
[2026-07-23T02:19:39.578+0000] {processor.py:186} INFO - Started process (PID=2935) to work on /opt/airflow/dags/sanity_checks.py
[2026-07-23T02:19:39.586+0000] {processor.py:914} INFO - Processing file /opt/airflow/dags/sanity_checks.py for tasks to queue
[2026-07-23T02:19:39.631+0000] {logging_mixin.py:190} INFO - [2026-07-23T02:19:39.626+0000] {dagbag.py:587} INFO - Filling up the DagBag from /opt/airflow/dags/sanity_checks.py
[2026-07-23T02:19:39.699+0000] {processor.py:925} INFO - DAG(s) 'airflow_sanity_check' retrieved from /opt/airflow/dags/sanity_checks.py
[2026-07-23T02:19:39.925+0000] {logging_mixin.py:190} INFO - [2026-07-23T02:19:39.924+0000] {dag.py:3211} INFO - Sync 1 DAGs
[2026-07-23T02:19:40.044+0000] {logging_mixin.py:190} INFO - [2026-07-23T02:19:40.043+0000] {dag.py:4138} INFO - Setting next_dagrun for airflow_sanity_check to None, run_after=None
[2026-07-23T02:19:40.153+0000] {processor.py:208} INFO - Processing /opt/airflow/dags/sanity_checks.py took 0.621 seconds
[2026-07-23T02:20:10.840+0000] {processor.py:186} INFO - Started process (PID=2950) to work on /opt/airflow/dags/sanity_checks.py
[2026-07-23T02:20:10.847+0000] {processor.py:914} INFO - Processing file /opt/airflow/dags/sanity_checks.py for tasks to queue
[2026-07-23T02:20:10.867+0000] {logging_mixin.py:190} INFO - [2026-07-23T02:20:10.865+0000] {dagbag.py:587} INFO - Filling up the DagBag from /opt/airflow/dags/sanity_checks.py
[2026-07-23T02:20:10.940+0000] {processor.py:925} INFO - DAG(s) 'airflow_sanity_check' retrieved from /opt/airflow/dags/sanity_checks.py
[2026-07-23T02:20:11.151+0000] {logging_mixin.py:190} INFO - [2026-07-23T02:20:11.149+0000] {dag.py:3211} INFO - Sync 1 DAGs
[2026-07-23T02:20:11.365+0000] {logging_mixin.py:190} INFO - [2026-07-23T02:20:11.363+0000] {dag.py:4138} INFO - Setting next_dagrun for airflow_sanity_check to None, run_after=None
[2026-07-23T02:20:11.506+0000] {processor.py:208} INFO - Processing /opt/airflow/dags/sanity_checks.py took 0.710 seconds
[2026-07-23T02:20:42.118+0000] {processor.py:186} INFO - Started process (PID=2965) to work on /opt/airflow/dags/sanity_checks.py
[2026-07-23T02:20:42.124+0000] {processor.py:914} INFO - Processing file /opt/airflow/dags/sanity_checks.py for tasks to queue
[2026-07-23T02:20:42.141+0000] {logging_mixin.py:190} INFO - [2026-07-23T02:20:42.139+0000] {dagbag.py:587} INFO - Filling up the DagBag from /opt/airflow/dags/sanity_checks.py
[2026-07-23T02:20:42.219+0000] {processor.py:925} INFO - DAG(s) 'airflow_sanity_check' retrieved from /opt/airflow/dags/sanity_checks.py
[2026-07-23T02:20:42.416+0000] {logging_mixin.py:190} INFO - [2026-07-23T02:20:42.415+0000] {dag.py:3211} INFO - Sync 1 DAGs
[2026-07-23T02:20:42.556+0000] {logging_mixin.py:190} INFO - [2026-07-23T02:20:42.555+0000] {dag.py:4138} INFO - Setting next_dagrun for airflow_sanity_check to None, run_after=None
[2026-07-23T02:20:42.687+0000] {processor.py:208} INFO - Processing /opt/airflow/dags/sanity_checks.py took 0.621 seconds
[2026-07-23T02:21:13.231+0000] {processor.py:186} INFO - Started process (PID=2980) to work on /opt/airflow/dags/sanity_checks.py
[2026-07-23T02:21:13.279+0000] {processor.py:914} INFO - Processing file /opt/airflow/dags/sanity_checks.py for tasks to queue
[2026-07-23T02:21:13.480+0000] {logging_mixin.py:190} INFO - [2026-07-23T02:21:13.476+0000] {dagbag.py:587} INFO - Filling up the DagBag from /opt/airflow/dags/sanity_checks.py
[2026-07-23T02:21:13.657+0000] {processor.py:925} INFO - DAG(s) 'airflow_sanity_check' retrieved from /opt/airflow/dags/sanity_checks.py
[2026-07-23T02:21:13.869+0000] {logging_mixin.py:190} INFO - [2026-07-23T02:21:13.867+0000] {dag.py:3211} INFO - Sync 1 DAGs
[2026-07-23T02:21:13.975+0000] {logging_mixin.py:190} INFO - [2026-07-23T02:21:13.974+0000] {dag.py:4138} INFO - Setting next_dagrun for airflow_sanity_check to None, run_after=None
[2026-07-23T02:21:14.096+0000] {processor.py:208} INFO - Processing /opt/airflow/dags/sanity_checks.py took 0.937 seconds
[2026-07-23T02:21:44.597+0000] {processor.py:186} INFO - Started process (PID=2998) to work on /opt/airflow/dags/sanity_checks.py
[2026-07-23T02:21:44.601+0000] {processor.py:914} INFO - Processing file /opt/airflow/dags/sanity_checks.py for tasks to queue
[2026-07-23T02:21:44.610+0000] {logging_mixin.py:190} INFO - [2026-07-23T02:21:44.609+0000] {dagbag.py:587} INFO - Filling up the DagBag from /opt/airflow/dags/sanity_checks.py
[2026-07-23T02:21:44.654+0000] {processor.py:925} INFO - DAG(s) 'airflow_sanity_check' retrieved from /opt/airflow/dags/sanity_checks.py
[2026-07-23T02:21:44.780+0000] {logging_mixin.py:190} INFO - [2026-07-23T02:21:44.779+0000] {dag.py:3211} INFO - Sync 1 DAGs
[2026-07-23T02:21:44.877+0000] {logging_mixin.py:190} INFO - [2026-07-23T02:21:44.876+0000] {dag.py:4138} INFO - Setting next_dagrun for airflow_sanity_check to None, run_after=None
[2026-07-23T02:21:45.371+0000] {processor.py:208} INFO - Processing /opt/airflow/dags/sanity_checks.py took 0.801 seconds
[2026-07-23T02:22:15.784+0000] {processor.py:186} INFO - Started process (PID=3013) to work on /opt/airflow/dags/sanity_checks.py
[2026-07-23T02:22:15.792+0000] {processor.py:914} INFO - Processing file /opt/airflow/dags/sanity_checks.py for tasks to queue
[2026-07-23T02:22:15.808+0000] {logging_mixin.py:190} INFO - [2026-07-23T02:22:15.806+0000] {dagbag.py:587} INFO - Filling up the DagBag from /opt/airflow/dags/sanity_checks.py
[2026-07-23T02:22:15.909+0000] {processor.py:925} INFO - DAG(s) 'airflow_sanity_check' retrieved from /opt/airflow/dags/sanity_checks.py
[2026-07-23T02:22:16.131+0000] {logging_mixin.py:190} INFO - [2026-07-23T02:22:16.129+0000] {dag.py:3211} INFO - Sync 1 DAGs
[2026-07-23T02:22:16.247+0000] {logging_mixin.py:190} INFO - [2026-07-23T02:22:16.246+0000] {dag.py:4138} INFO - Setting next_dagrun for airflow_sanity_check to None, run_after=None
[2026-07-23T02:22:16.394+0000] {processor.py:208} INFO - Processing /opt/airflow/dags/sanity_checks.py took 0.654 seconds
[2026-07-23T02:22:47.212+0000] {processor.py:186} INFO - Started process (PID=3028) to work on /opt/airflow/dags/sanity_checks.py
[2026-07-23T02:22:47.216+0000] {processor.py:914} INFO - Processing file /opt/airflow/dags/sanity_checks.py for tasks to queue
[2026-07-23T02:22:47.228+0000] {logging_mixin.py:190} INFO - [2026-07-23T02:22:47.227+0000] {dagbag.py:587} INFO - Filling up the DagBag from /opt/airflow/dags/sanity_checks.py
[2026-07-23T02:22:47.268+0000] {processor.py:925} INFO - DAG(s) 'airflow_sanity_check' retrieved from /opt/airflow/dags/sanity_checks.py
[2026-07-23T02:22:47.377+0000] {logging_mixin.py:190} INFO - [2026-07-23T02:22:47.376+0000] {dag.py:3211} INFO - Sync 1 DAGs
[2026-07-23T02:22:47.441+0000] {logging_mixin.py:190} INFO - [2026-07-23T02:22:47.440+0000] {dag.py:4138} INFO - Setting next_dagrun for airflow_sanity_check to None, run_after=None
[2026-07-23T02:22:47.513+0000] {processor.py:208} INFO - Processing /opt/airflow/dags/sanity_checks.py took 0.332 seconds
[2026-07-23T02:23:17.816+0000] {processor.py:186} INFO - Started process (PID=3043) to work on /opt/airflow/dags/sanity_checks.py
[2026-07-23T02:23:17.823+0000] {processor.py:914} INFO - Processing file /opt/airflow/dags/sanity_checks.py for tasks to queue
[2026-07-23T02:23:17.841+0000] {logging_mixin.py:190} INFO - [2026-07-23T02:23:17.840+0000] {dagbag.py:587} INFO - Filling up the DagBag from /opt/airflow/dags/sanity_checks.py
[2026-07-23T02:23:17.909+0000] {processor.py:925} INFO - DAG(s) 'airflow_sanity_check' retrieved from /opt/airflow/dags/sanity_checks.py
[2026-07-23T02:23:18.107+0000] {logging_mixin.py:190} INFO - [2026-07-23T02:23:18.106+0000] {dag.py:3211} INFO - Sync 1 DAGs
[2026-07-23T02:23:18.206+0000] {logging_mixin.py:190} INFO - [2026-07-23T02:23:18.205+0000] {dag.py:4138} INFO - Setting next_dagrun for airflow_sanity_check to None, run_after=None
[2026-07-23T02:23:18.322+0000] {processor.py:208} INFO - Processing /opt/airflow/dags/sanity_checks.py took 0.543 seconds
[2026-07-23T02:23:49.450+0000] {processor.py:186} INFO - Started process (PID=3058) to work on /opt/airflow/dags/sanity_checks.py
[2026-07-23T02:23:49.458+0000] {processor.py:914} INFO - Processing file /opt/airflow/dags/sanity_checks.py for tasks to queue
[2026-07-23T02:23:49.471+0000] {logging_mixin.py:190} INFO - [2026-07-23T02:23:49.469+0000] {dagbag.py:587} INFO - Filling up the DagBag from /opt/airflow/dags/sanity_checks.py
[2026-07-23T02:23:49.528+0000] {processor.py:925} INFO - DAG(s) 'airflow_sanity_check' retrieved from /opt/airflow/dags/sanity_checks.py
[2026-07-23T02:23:49.688+0000] {logging_mixin.py:190} INFO - [2026-07-23T02:23:49.687+0000] {dag.py:3211} INFO - Sync 1 DAGs
[2026-07-23T02:23:49.778+0000] {logging_mixin.py:190} INFO - [2026-07-23T02:23:49.777+0000] {dag.py:4138} INFO - Setting next_dagrun for airflow_sanity_check to None, run_after=None
[2026-07-23T02:23:49.925+0000] {processor.py:208} INFO - Processing /opt/airflow/dags/sanity_checks.py took 0.509 seconds
[2026-07-23T02:24:20.652+0000] {processor.py:186} INFO - Started process (PID=3073) to work on /opt/airflow/dags/sanity_checks.py
[2026-07-23T02:24:20.657+0000] {processor.py:914} INFO - Processing file /opt/airflow/dags/sanity_checks.py for tasks to queue
[2026-07-23T02:24:20.669+0000] {logging_mixin.py:190} INFO - [2026-07-23T02:24:20.668+0000] {dagbag.py:587} INFO - Filling up the DagBag from /opt/airflow/dags/sanity_checks.py
[2026-07-23T02:24:20.724+0000] {processor.py:925} INFO - DAG(s) 'airflow_sanity_check' retrieved from /opt/airflow/dags/sanity_checks.py
[2026-07-23T02:24:20.883+0000] {logging_mixin.py:190} INFO - [2026-07-23T02:24:20.882+0000] {dag.py:3211} INFO - Sync 1 DAGs
[2026-07-23T02:24:20.967+0000] {logging_mixin.py:190} INFO - [2026-07-23T02:24:20.967+0000] {dag.py:4138} INFO - Setting next_dagrun for airflow_sanity_check to None, run_after=None
[2026-07-23T02:24:21.062+0000] {processor.py:208} INFO - Processing /opt/airflow/dags/sanity_checks.py took 0.443 seconds
[2026-07-23T02:24:51.951+0000] {processor.py:186} INFO - Started process (PID=3088) to work on /opt/airflow/dags/sanity_checks.py
[2026-07-23T02:24:51.957+0000] {processor.py:914} INFO - Processing file /opt/airflow/dags/sanity_checks.py for tasks to queue
[2026-07-23T02:24:51.968+0000] {logging_mixin.py:190} INFO - [2026-07-23T02:24:51.967+0000] {dagbag.py:587} INFO - Filling up the DagBag from /opt/airflow/dags/sanity_checks.py
[2026-07-23T02:24:52.019+0000] {processor.py:925} INFO - DAG(s) 'airflow_sanity_check' retrieved from /opt/airflow/dags/sanity_checks.py
[2026-07-23T02:24:52.137+0000] {logging_mixin.py:190} INFO - [2026-07-23T02:24:52.136+0000] {dag.py:3211} INFO - Sync 1 DAGs
[2026-07-23T02:24:52.201+0000] {logging_mixin.py:190} INFO - [2026-07-23T02:24:52.201+0000] {dag.py:4138} INFO - Setting next_dagrun for airflow_sanity_check to None, run_after=None
[2026-07-23T02:24:52.274+0000] {processor.py:208} INFO - Processing /opt/airflow/dags/sanity_checks.py took 0.352 seconds
[2026-07-23T02:25:22.909+0000] {processor.py:186} INFO - Started process (PID=3103) to work on /opt/airflow/dags/sanity_checks.py
[2026-07-23T02:25:22.915+0000] {processor.py:914} INFO - Processing file /opt/airflow/dags/sanity_checks.py for tasks to queue
[2026-07-23T02:25:22.932+0000] {logging_mixin.py:190} INFO - [2026-07-23T02:25:22.929+0000] {dagbag.py:587} INFO - Filling up the DagBag from /opt/airflow/dags/sanity_checks.py
[2026-07-23T02:25:23.008+0000] {processor.py:925} INFO - DAG(s) 'airflow_sanity_check' retrieved from /opt/airflow/dags/sanity_checks.py
[2026-07-23T02:25:23.214+0000] {logging_mixin.py:190} INFO - [2026-07-23T02:25:23.213+0000] {dag.py:3211} INFO - Sync 1 DAGs
[2026-07-23T02:25:23.310+0000] {logging_mixin.py:190} INFO - [2026-07-23T02:25:23.309+0000] {dag.py:4138} INFO - Setting next_dagrun for airflow_sanity_check to None, run_after=None
[2026-07-23T02:25:23.422+0000] {processor.py:208} INFO - Processing /opt/airflow/dags/sanity_checks.py took 0.576 seconds
[2026-07-23T02:25:53.867+0000] {processor.py:186} INFO - Started process (PID=3118) to work on /opt/airflow/dags/sanity_checks.py
[2026-07-23T02:25:53.871+0000] {processor.py:914} INFO - Processing file /opt/airflow/dags/sanity_checks.py for tasks to queue
[2026-07-23T02:25:53.879+0000] {logging_mixin.py:190} INFO - [2026-07-23T02:25:53.878+0000] {dagbag.py:587} INFO - Filling up the DagBag from /opt/airflow/dags/sanity_checks.py
[2026-07-23T02:25:53.916+0000] {processor.py:925} INFO - DAG(s) 'airflow_sanity_check' retrieved from /opt/airflow/dags/sanity_checks.py
[2026-07-23T02:25:54.018+0000] {logging_mixin.py:190} INFO - [2026-07-23T02:25:54.017+0000] {dag.py:3211} INFO - Sync 1 DAGs
[2026-07-23T02:25:54.073+0000] {logging_mixin.py:190} INFO - [2026-07-23T02:25:54.072+0000] {dag.py:4138} INFO - Setting next_dagrun for airflow_sanity_check to None, run_after=None
[2026-07-23T02:25:54.139+0000] {processor.py:208} INFO - Processing /opt/airflow/dags/sanity_checks.py took 0.292 seconds
[2026-07-23T02:26:24.795+0000] {processor.py:186} INFO - Started process (PID=3133) to work on /opt/airflow/dags/sanity_checks.py
[2026-07-23T02:26:24.799+0000] {processor.py:914} INFO - Processing file /opt/airflow/dags/sanity_checks.py for tasks to queue
[2026-07-23T02:26:24.809+0000] {logging_mixin.py:190} INFO - [2026-07-23T02:26:24.808+0000] {dagbag.py:587} INFO - Filling up the DagBag from /opt/airflow/dags/sanity_checks.py
[2026-07-23T02:26:24.849+0000] {processor.py:925} INFO - DAG(s) 'airflow_sanity_check' retrieved from /opt/airflow/dags/sanity_checks.py
[2026-07-23T02:26:24.947+0000] {logging_mixin.py:190} INFO - [2026-07-23T02:26:24.946+0000] {dag.py:3211} INFO - Sync 1 DAGs
[2026-07-23T02:26:24.998+0000] {logging_mixin.py:190} INFO - [2026-07-23T02:26:24.997+0000] {dag.py:4138} INFO - Setting next_dagrun for airflow_sanity_check to None, run_after=None
[2026-07-23T02:26:25.060+0000] {processor.py:208} INFO - Processing /opt/airflow/dags/sanity_checks.py took 0.286 seconds
[2026-07-23T02:26:55.565+0000] {processor.py:186} INFO - Started process (PID=3148) to work on /opt/airflow/dags/sanity_checks.py
[2026-07-23T02:26:55.568+0000] {processor.py:914} INFO - Processing file /opt/airflow/dags/sanity_checks.py for tasks to queue
[2026-07-23T02:26:55.576+0000] {logging_mixin.py:190} INFO - [2026-07-23T02:26:55.575+0000] {dagbag.py:587} INFO - Filling up the DagBag from /opt/airflow/dags/sanity_checks.py
[2026-07-23T02:26:55.608+0000] {processor.py:925} INFO - DAG(s) 'airflow_sanity_check' retrieved from /opt/airflow/dags/sanity_checks.py
[2026-07-23T02:26:55.694+0000] {logging_mixin.py:190} INFO - [2026-07-23T02:26:55.693+0000] {dag.py:3211} INFO - Sync 1 DAGs
[2026-07-23T02:26:55.737+0000] {logging_mixin.py:190} INFO - [2026-07-23T02:26:55.736+0000] {dag.py:4138} INFO - Setting next_dagrun for airflow_sanity_check to None, run_after=None
[2026-07-23T02:26:55.793+0000] {processor.py:208} INFO - Processing /opt/airflow/dags/sanity_checks.py took 0.247 seconds
[2026-07-23T02:27:26.068+0000] {processor.py:186} INFO - Started process (PID=3163) to work on /opt/airflow/dags/sanity_checks.py
[2026-07-23T02:27:26.072+0000] {processor.py:914} INFO - Processing file /opt/airflow/dags/sanity_checks.py for tasks to queue
[2026-07-23T02:27:26.083+0000] {logging_mixin.py:190} INFO - [2026-07-23T02:27:26.082+0000] {dagbag.py:587} INFO - Filling up the DagBag from /opt/airflow/dags/sanity_checks.py
[2026-07-23T02:27:26.119+0000] {processor.py:925} INFO - DAG(s) 'airflow_sanity_check' retrieved from /opt/airflow/dags/sanity_checks.py
[2026-07-23T02:27:26.218+0000] {logging_mixin.py:190} INFO - [2026-07-23T02:27:26.217+0000] {dag.py:3211} INFO - Sync 1 DAGs
[2026-07-23T02:27:26.269+0000] {logging_mixin.py:190} INFO - [2026-07-23T02:27:26.268+0000] {dag.py:4138} INFO - Setting next_dagrun for airflow_sanity_check to None, run_after=None
[2026-07-23T02:27:26.710+0000] {processor.py:208} INFO - Processing /opt/airflow/dags/sanity_checks.py took 0.665 seconds
[2026-07-23T02:27:57.145+0000] {processor.py:186} INFO - Started process (PID=3178) to work on /opt/airflow/dags/sanity_checks.py
[2026-07-23T02:27:57.148+0000] {processor.py:914} INFO - Processing file /opt/airflow/dags/sanity_checks.py for tasks to queue
[2026-07-23T02:27:57.156+0000] {logging_mixin.py:190} INFO - [2026-07-23T02:27:57.155+0000] {dagbag.py:587} INFO - Filling up the DagBag from /opt/airflow/dags/sanity_checks.py
[2026-07-23T02:27:57.189+0000] {processor.py:925} INFO - DAG(s) 'airflow_sanity_check' retrieved from /opt/airflow/dags/sanity_checks.py
[2026-07-23T02:27:57.282+0000] {logging_mixin.py:190} INFO - [2026-07-23T02:27:57.281+0000] {dag.py:3211} INFO - Sync 1 DAGs
[2026-07-23T02:27:57.331+0000] {logging_mixin.py:190} INFO - [2026-07-23T02:27:57.330+0000] {dag.py:4138} INFO - Setting next_dagrun for airflow_sanity_check to None, run_after=None
[2026-07-23T02:27:57.388+0000] {processor.py:208} INFO - Processing /opt/airflow/dags/sanity_checks.py took 0.265 seconds
[2026-07-23T02:28:28.277+0000] {processor.py:186} INFO - Started process (PID=3193) to work on /opt/airflow/dags/sanity_checks.py
[2026-07-23T02:28:28.285+0000] {processor.py:914} INFO - Processing file /opt/airflow/dags/sanity_checks.py for tasks to queue
[2026-07-23T02:28:28.307+0000] {logging_mixin.py:190} INFO - [2026-07-23T02:28:28.304+0000] {dagbag.py:587} INFO - Filling up the DagBag from /opt/airflow/dags/sanity_checks.py
[2026-07-23T02:28:28.423+0000] {processor.py:925} INFO - DAG(s) 'airflow_sanity_check' retrieved from /opt/airflow/dags/sanity_checks.py
[2026-07-23T02:28:28.647+0000] {logging_mixin.py:190} INFO - [2026-07-23T02:28:28.645+0000] {dag.py:3211} INFO - Sync 1 DAGs
[2026-07-23T02:28:28.753+0000] {logging_mixin.py:190} INFO - [2026-07-23T02:28:28.752+0000] {dag.py:4138} INFO - Setting next_dagrun for airflow_sanity_check to None, run_after=None
[2026-07-23T02:28:28.890+0000] {processor.py:208} INFO - Processing /opt/airflow/dags/sanity_checks.py took 0.672 seconds
[2026-07-23T03:29:01.988+0000] {processor.py:186} INFO - Started process (PID=3208) to work on /opt/airflow/dags/sanity_checks.py
[2026-07-23T03:29:01.994+0000] {processor.py:914} INFO - Processing file /opt/airflow/dags/sanity_checks.py for tasks to queue
[2026-07-23T03:29:02.009+0000] {logging_mixin.py:190} INFO - [2026-07-23T03:29:02.007+0000] {dagbag.py:587} INFO - Filling up the DagBag from /opt/airflow/dags/sanity_checks.py
[2026-07-23T03:29:02.076+0000] {processor.py:925} INFO - DAG(s) 'airflow_sanity_check' retrieved from /opt/airflow/dags/sanity_checks.py
[2026-07-23T03:29:02.270+0000] {logging_mixin.py:190} INFO - [2026-07-23T03:29:02.268+0000] {dag.py:3211} INFO - Sync 1 DAGs
[2026-07-23T03:29:02.383+0000] {logging_mixin.py:190} INFO - [2026-07-23T03:29:02.382+0000] {dag.py:4138} INFO - Setting next_dagrun for airflow_sanity_check to None, run_after=None
[2026-07-23T03:29:02.507+0000] {processor.py:208} INFO - Processing /opt/airflow/dags/sanity_checks.py took 0.563 seconds
[2026-07-23T03:29:33.538+0000] {processor.py:186} INFO - Started process (PID=3223) to work on /opt/airflow/dags/sanity_checks.py
[2026-07-23T03:29:33.544+0000] {processor.py:914} INFO - Processing file /opt/airflow/dags/sanity_checks.py for tasks to queue
[2026-07-23T03:29:33.560+0000] {logging_mixin.py:190} INFO - [2026-07-23T03:29:33.558+0000] {dagbag.py:587} INFO - Filling up the DagBag from /opt/airflow/dags/sanity_checks.py
[2026-07-23T03:29:33.630+0000] {processor.py:925} INFO - DAG(s) 'airflow_sanity_check' retrieved from /opt/airflow/dags/sanity_checks.py
[2026-07-23T03:29:33.810+0000] {logging_mixin.py:190} INFO - [2026-07-23T03:29:33.808+0000] {dag.py:3211} INFO - Sync 1 DAGs
[2026-07-23T03:29:33.911+0000] {logging_mixin.py:190} INFO - [2026-07-23T03:29:33.909+0000] {dag.py:4138} INFO - Setting next_dagrun for airflow_sanity_check to None, run_after=None
[2026-07-23T03:29:34.029+0000] {processor.py:208} INFO - Processing /opt/airflow/dags/sanity_checks.py took 0.530 seconds
[2026-07-23T03:30:05.122+0000] {processor.py:186} INFO - Started process (PID=3238) to work on /opt/airflow/dags/sanity_checks.py
[2026-07-23T03:30:05.125+0000] {processor.py:914} INFO - Processing file /opt/airflow/dags/sanity_checks.py for tasks to queue
[2026-07-23T03:30:05.136+0000] {logging_mixin.py:190} INFO - [2026-07-23T03:30:05.134+0000] {dagbag.py:587} INFO - Filling up the DagBag from /opt/airflow/dags/sanity_checks.py
[2026-07-23T03:30:05.175+0000] {processor.py:925} INFO - DAG(s) 'airflow_sanity_check' retrieved from /opt/airflow/dags/sanity_checks.py
[2026-07-23T03:30:05.261+0000] {logging_mixin.py:190} INFO - [2026-07-23T03:30:05.261+0000] {dag.py:3211} INFO - Sync 1 DAGs
[2026-07-23T03:30:05.313+0000] {logging_mixin.py:190} INFO - [2026-07-23T03:30:05.312+0000] {dag.py:4138} INFO - Setting next_dagrun for airflow_sanity_check to None, run_after=None
[2026-07-23T03:30:05.374+0000] {processor.py:208} INFO - Processing /opt/airflow/dags/sanity_checks.py took 0.275 seconds
[2026-07-23T03:30:35.706+0000] {processor.py:186} INFO - Started process (PID=3253) to work on /opt/airflow/dags/sanity_checks.py
[2026-07-23T03:30:35.712+0000] {processor.py:914} INFO - Processing file /opt/airflow/dags/sanity_checks.py for tasks to queue
[2026-07-23T03:30:35.728+0000] {logging_mixin.py:190} INFO - [2026-07-23T03:30:35.726+0000] {dagbag.py:587} INFO - Filling up the DagBag from /opt/airflow/dags/sanity_checks.py
[2026-07-23T03:30:35.800+0000] {processor.py:925} INFO - DAG(s) 'airflow_sanity_check' retrieved from /opt/airflow/dags/sanity_checks.py
[2026-07-23T03:30:36.007+0000] {logging_mixin.py:190} INFO - [2026-07-23T03:30:36.006+0000] {dag.py:3211} INFO - Sync 1 DAGs
[2026-07-23T03:30:36.110+0000] {logging_mixin.py:190} INFO - [2026-07-23T03:30:36.109+0000] {dag.py:4138} INFO - Setting next_dagrun for airflow_sanity_check to None, run_after=None
[2026-07-23T03:30:36.231+0000] {processor.py:208} INFO - Processing /opt/airflow/dags/sanity_checks.py took 0.569 seconds
[2026-07-23T03:31:06.464+0000] {processor.py:186} INFO - Started process (PID=3265) to work on /opt/airflow/dags/sanity_checks.py
[2026-07-23T03:31:06.471+0000] {processor.py:914} INFO - Processing file /opt/airflow/dags/sanity_checks.py for tasks to queue
[2026-07-23T03:31:06.483+0000] {logging_mixin.py:190} INFO - [2026-07-23T03:31:06.482+0000] {dagbag.py:587} INFO - Filling up the DagBag from /opt/airflow/dags/sanity_checks.py
[2026-07-23T03:31:06.536+0000] {processor.py:925} INFO - DAG(s) 'airflow_sanity_check' retrieved from /opt/airflow/dags/sanity_checks.py
[2026-07-23T03:31:06.683+0000] {logging_mixin.py:190} INFO - [2026-07-23T03:31:06.682+0000] {dag.py:3211} INFO - Sync 1 DAGs
[2026-07-23T03:31:06.764+0000] {logging_mixin.py:190} INFO - [2026-07-23T03:31:06.763+0000] {dag.py:4138} INFO - Setting next_dagrun for airflow_sanity_check to None, run_after=None
[2026-07-23T03:31:06.853+0000] {processor.py:208} INFO - Processing /opt/airflow/dags/sanity_checks.py took 0.424 seconds
[2026-07-23T03:31:37.141+0000] {processor.py:186} INFO - Started process (PID=3280) to work on /opt/airflow/dags/sanity_checks.py
[2026-07-23T03:31:37.147+0000] {processor.py:914} INFO - Processing file /opt/airflow/dags/sanity_checks.py for tasks to queue
[2026-07-23T03:31:37.164+0000] {logging_mixin.py:190} INFO - [2026-07-23T03:31:37.160+0000] {dagbag.py:587} INFO - Filling up the DagBag from /opt/airflow/dags/sanity_checks.py
[2026-07-23T03:31:37.235+0000] {processor.py:925} INFO - DAG(s) 'airflow_sanity_check' retrieved from /opt/airflow/dags/sanity_checks.py
[2026-07-23T03:31:37.421+0000] {logging_mixin.py:190} INFO - [2026-07-23T03:31:37.419+0000] {dag.py:3211} INFO - Sync 1 DAGs
[2026-07-23T03:31:37.528+0000] {logging_mixin.py:190} INFO - [2026-07-23T03:31:37.527+0000] {dag.py:4138} INFO - Setting next_dagrun for airflow_sanity_check to None, run_after=None
[2026-07-23T03:31:37.647+0000] {processor.py:208} INFO - Processing /opt/airflow/dags/sanity_checks.py took 0.546 seconds
[2026-07-23T04:01:44.949+0000] {processor.py:186} INFO - Started process (PID=3298) to work on /opt/airflow/dags/sanity_checks.py
[2026-07-23T04:01:44.955+0000] {processor.py:914} INFO - Processing file /opt/airflow/dags/sanity_checks.py for tasks to queue
[2026-07-23T04:01:44.970+0000] {logging_mixin.py:190} INFO - [2026-07-23T04:01:44.968+0000] {dagbag.py:587} INFO - Filling up the DagBag from /opt/airflow/dags/sanity_checks.py
[2026-07-23T04:01:45.036+0000] {processor.py:925} INFO - DAG(s) 'airflow_sanity_check' retrieved from /opt/airflow/dags/sanity_checks.py
[2026-07-23T04:01:45.212+0000] {logging_mixin.py:190} INFO - [2026-07-23T04:01:45.211+0000] {dag.py:3211} INFO - Sync 1 DAGs
[2026-07-23T04:01:45.318+0000] {logging_mixin.py:190} INFO - [2026-07-23T04:01:45.316+0000] {dag.py:4138} INFO - Setting next_dagrun for airflow_sanity_check to None, run_after=None
[2026-07-23T04:01:45.456+0000] {processor.py:208} INFO - Processing /opt/airflow/dags/sanity_checks.py took 0.548 seconds
[2026-07-23T05:02:39.524+0000] {processor.py:186} INFO - Started process (PID=3313) to work on /opt/airflow/dags/sanity_checks.py
[2026-07-23T05:02:39.535+0000] {processor.py:914} INFO - Processing file /opt/airflow/dags/sanity_checks.py for tasks to queue
[2026-07-23T05:02:39.569+0000] {logging_mixin.py:190} INFO - [2026-07-23T05:02:39.567+0000] {dagbag.py:587} INFO - Filling up the DagBag from /opt/airflow/dags/sanity_checks.py
[2026-07-23T05:02:39.712+0000] {processor.py:925} INFO - DAG(s) 'airflow_sanity_check' retrieved from /opt/airflow/dags/sanity_checks.py
[2026-07-23T05:02:40.217+0000] {logging_mixin.py:190} INFO - [2026-07-23T05:02:40.216+0000] {dag.py:3211} INFO - Sync 1 DAGs
[2026-07-23T05:02:40.515+0000] {logging_mixin.py:190} INFO - [2026-07-23T05:02:40.513+0000] {dag.py:4138} INFO - Setting next_dagrun for airflow_sanity_check to None, run_after=None
[2026-07-23T05:02:40.717+0000] {processor.py:208} INFO - Processing /opt/airflow/dags/sanity_checks.py took 1.250 seconds
[2026-07-23T06:03:33.188+0000] {processor.py:186} INFO - Started process (PID=3328) to work on /opt/airflow/dags/sanity_checks.py
[2026-07-23T06:03:33.192+0000] {processor.py:914} INFO - Processing file /opt/airflow/dags/sanity_checks.py for tasks to queue
[2026-07-23T06:03:33.199+0000] {logging_mixin.py:190} INFO - [2026-07-23T06:03:33.198+0000] {dagbag.py:587} INFO - Filling up the DagBag from /opt/airflow/dags/sanity_checks.py
[2026-07-23T06:03:33.233+0000] {processor.py:925} INFO - DAG(s) 'airflow_sanity_check' retrieved from /opt/airflow/dags/sanity_checks.py
[2026-07-23T06:03:33.329+0000] {logging_mixin.py:190} INFO - [2026-07-23T06:03:33.329+0000] {dag.py:3211} INFO - Sync 1 DAGs
[2026-07-23T06:03:33.380+0000] {logging_mixin.py:190} INFO - [2026-07-23T06:03:33.379+0000] {dag.py:4138} INFO - Setting next_dagrun for airflow_sanity_check to None, run_after=None
[2026-07-23T06:03:33.443+0000] {processor.py:208} INFO - Processing /opt/airflow/dags/sanity_checks.py took 0.286 seconds
[2026-07-23T06:50:43.446+0000] {processor.py:186} INFO - Started process (PID=3343) to work on /opt/airflow/dags/sanity_checks.py
[2026-07-23T06:50:43.448+0000] {processor.py:914} INFO - Processing file /opt/airflow/dags/sanity_checks.py for tasks to queue
[2026-07-23T06:50:43.454+0000] {logging_mixin.py:190} INFO - [2026-07-23T06:50:43.453+0000] {dagbag.py:587} INFO - Filling up the DagBag from /opt/airflow/dags/sanity_checks.py
[2026-07-23T06:50:43.479+0000] {processor.py:925} INFO - DAG(s) 'airflow_sanity_check' retrieved from /opt/airflow/dags/sanity_checks.py
[2026-07-23T06:50:43.546+0000] {logging_mixin.py:190} INFO - [2026-07-23T06:50:43.545+0000] {dag.py:3211} INFO - Sync 1 DAGs
[2026-07-23T06:50:43.581+0000] {logging_mixin.py:190} INFO - [2026-07-23T06:50:43.581+0000] {dag.py:4138} INFO - Setting next_dagrun for airflow_sanity_check to None, run_after=None
[2026-07-23T06:50:43.880+0000] {processor.py:208} INFO - Processing /opt/airflow/dags/sanity_checks.py took 0.449 seconds
[2026-07-23T07:51:38.508+0000] {processor.py:186} INFO - Started process (PID=3358) to work on /opt/airflow/dags/sanity_checks.py
[2026-07-23T07:51:38.512+0000] {processor.py:914} INFO - Processing file /opt/airflow/dags/sanity_checks.py for tasks to queue
[2026-07-23T07:51:38.523+0000] {logging_mixin.py:190} INFO - [2026-07-23T07:51:38.521+0000] {dagbag.py:587} INFO - Filling up the DagBag from /opt/airflow/dags/sanity_checks.py
[2026-07-23T07:51:38.560+0000] {processor.py:925} INFO - DAG(s) 'airflow_sanity_check' retrieved from /opt/airflow/dags/sanity_checks.py
[2026-07-23T07:51:38.671+0000] {logging_mixin.py:190} INFO - [2026-07-23T07:51:38.671+0000] {dag.py:3211} INFO - Sync 1 DAGs
[2026-07-23T07:51:38.729+0000] {logging_mixin.py:190} INFO - [2026-07-23T07:51:38.729+0000] {dag.py:4138} INFO - Setting next_dagrun for airflow_sanity_check to None, run_after=None
[2026-07-23T07:51:38.794+0000] {processor.py:208} INFO - Processing /opt/airflow/dags/sanity_checks.py took 0.309 seconds
[2026-07-23T08:42:37.945+0000] {processor.py:186} INFO - Started process (PID=3373) to work on /opt/airflow/dags/sanity_checks.py
[2026-07-23T08:42:37.951+0000] {processor.py:914} INFO - Processing file /opt/airflow/dags/sanity_checks.py for tasks to queue
[2026-07-23T08:42:37.982+0000] {logging_mixin.py:190} INFO - [2026-07-23T08:42:37.980+0000] {dagbag.py:587} INFO - Filling up the DagBag from /opt/airflow/dags/sanity_checks.py
[2026-07-23T08:42:38.049+0000] {processor.py:925} INFO - DAG(s) 'airflow_sanity_check' retrieved from /opt/airflow/dags/sanity_checks.py
[2026-07-23T08:42:38.224+0000] {logging_mixin.py:190} INFO - [2026-07-23T08:42:38.223+0000] {dag.py:3211} INFO - Sync 1 DAGs
[2026-07-23T08:42:38.322+0000] {logging_mixin.py:190} INFO - [2026-07-23T08:42:38.320+0000] {dag.py:4138} INFO - Setting next_dagrun for airflow_sanity_check to None, run_after=None
[2026-07-23T08:42:38.431+0000] {processor.py:208} INFO - Processing /opt/airflow/dags/sanity_checks.py took 0.537 seconds
[2026-07-23T09:43:29.323+0000] {processor.py:186} INFO - Started process (PID=3388) to work on /opt/airflow/dags/sanity_checks.py
[2026-07-23T09:43:29.330+0000] {processor.py:914} INFO - Processing file /opt/airflow/dags/sanity_checks.py for tasks to queue
[2026-07-23T09:43:29.346+0000] {logging_mixin.py:190} INFO - [2026-07-23T09:43:29.344+0000] {dagbag.py:587} INFO - Filling up the DagBag from /opt/airflow/dags/sanity_checks.py
[2026-07-23T09:43:29.414+0000] {processor.py:925} INFO - DAG(s) 'airflow_sanity_check' retrieved from /opt/airflow/dags/sanity_checks.py
[2026-07-23T09:43:29.667+0000] {logging_mixin.py:190} INFO - [2026-07-23T09:43:29.665+0000] {dag.py:3211} INFO - Sync 1 DAGs
[2026-07-23T09:43:29.766+0000] {logging_mixin.py:190} INFO - [2026-07-23T09:43:29.765+0000] {dag.py:4138} INFO - Setting next_dagrun for airflow_sanity_check to None, run_after=None
[2026-07-23T09:43:29.879+0000] {processor.py:208} INFO - Processing /opt/airflow/dags/sanity_checks.py took 0.597 seconds
[2026-07-23T09:44:00.364+0000] {processor.py:186} INFO - Started process (PID=3403) to work on /opt/airflow/dags/sanity_checks.py
[2026-07-23T09:44:00.365+0000] {processor.py:914} INFO - Processing file /opt/airflow/dags/sanity_checks.py for tasks to queue
[2026-07-23T09:44:00.369+0000] {logging_mixin.py:190} INFO - [2026-07-23T09:44:00.369+0000] {dagbag.py:587} INFO - Filling up the DagBag from /opt/airflow/dags/sanity_checks.py
[2026-07-23T09:44:00.386+0000] {processor.py:925} INFO - DAG(s) 'airflow_sanity_check' retrieved from /opt/airflow/dags/sanity_checks.py
[2026-07-23T09:44:00.428+0000] {logging_mixin.py:190} INFO - [2026-07-23T09:44:00.428+0000] {dag.py:3211} INFO - Sync 1 DAGs
[2026-07-23T09:44:00.449+0000] {logging_mixin.py:190} INFO - [2026-07-23T09:44:00.449+0000] {dag.py:4138} INFO - Setting next_dagrun for airflow_sanity_check to None, run_after=None
[2026-07-23T09:44:00.479+0000] {processor.py:208} INFO - Processing /opt/airflow/dags/sanity_checks.py took 0.125 seconds
[2026-07-23T09:44:30.845+0000] {processor.py:186} INFO - Started process (PID=3418) to work on /opt/airflow/dags/sanity_checks.py
[2026-07-23T09:44:30.847+0000] {processor.py:914} INFO - Processing file /opt/airflow/dags/sanity_checks.py for tasks to queue
[2026-07-23T09:44:30.851+0000] {logging_mixin.py:190} INFO - [2026-07-23T09:44:30.850+0000] {dagbag.py:587} INFO - Filling up the DagBag from /opt/airflow/dags/sanity_checks.py
[2026-07-23T09:44:30.866+0000] {processor.py:925} INFO - DAG(s) 'airflow_sanity_check' retrieved from /opt/airflow/dags/sanity_checks.py
[2026-07-23T09:44:30.907+0000] {logging_mixin.py:190} INFO - [2026-07-23T09:44:30.907+0000] {dag.py:3211} INFO - Sync 1 DAGs
[2026-07-23T09:44:30.929+0000] {logging_mixin.py:190} INFO - [2026-07-23T09:44:30.928+0000] {dag.py:4138} INFO - Setting next_dagrun for airflow_sanity_check to None, run_after=None
[2026-07-23T09:44:30.958+0000] {processor.py:208} INFO - Processing /opt/airflow/dags/sanity_checks.py took 0.122 seconds
[2026-07-23T09:45:01.495+0000] {processor.py:186} INFO - Started process (PID=3433) to work on /opt/airflow/dags/sanity_checks.py
[2026-07-23T09:45:01.497+0000] {processor.py:914} INFO - Processing file /opt/airflow/dags/sanity_checks.py for tasks to queue
[2026-07-23T09:45:01.501+0000] {logging_mixin.py:190} INFO - [2026-07-23T09:45:01.501+0000] {dagbag.py:587} INFO - Filling up the DagBag from /opt/airflow/dags/sanity_checks.py
[2026-07-23T09:45:01.517+0000] {processor.py:925} INFO - DAG(s) 'airflow_sanity_check' retrieved from /opt/airflow/dags/sanity_checks.py
[2026-07-23T09:45:01.559+0000] {logging_mixin.py:190} INFO - [2026-07-23T09:45:01.558+0000] {dag.py:3211} INFO - Sync 1 DAGs
[2026-07-23T09:45:01.765+0000] {logging_mixin.py:190} INFO - [2026-07-23T09:45:01.765+0000] {dag.py:4138} INFO - Setting next_dagrun for airflow_sanity_check to None, run_after=None
[2026-07-23T09:45:01.792+0000] {processor.py:208} INFO - Processing /opt/airflow/dags/sanity_checks.py took 0.305 seconds
[2026-07-23T09:45:32.166+0000] {processor.py:186} INFO - Started process (PID=3448) to work on /opt/airflow/dags/sanity_checks.py
[2026-07-23T09:45:32.168+0000] {processor.py:914} INFO - Processing file /opt/airflow/dags/sanity_checks.py for tasks to queue
[2026-07-23T09:45:32.173+0000] {logging_mixin.py:190} INFO - [2026-07-23T09:45:32.172+0000] {dagbag.py:587} INFO - Filling up the DagBag from /opt/airflow/dags/sanity_checks.py
[2026-07-23T09:45:32.188+0000] {processor.py:925} INFO - DAG(s) 'airflow_sanity_check' retrieved from /opt/airflow/dags/sanity_checks.py
[2026-07-23T09:45:32.230+0000] {logging_mixin.py:190} INFO - [2026-07-23T09:45:32.230+0000] {dag.py:3211} INFO - Sync 1 DAGs
[2026-07-23T09:45:32.252+0000] {logging_mixin.py:190} INFO - [2026-07-23T09:45:32.251+0000] {dag.py:4138} INFO - Setting next_dagrun for airflow_sanity_check to None, run_after=None
[2026-07-23T09:45:32.281+0000] {processor.py:208} INFO - Processing /opt/airflow/dags/sanity_checks.py took 0.124 seconds
[2026-07-23T09:46:02.638+0000] {processor.py:186} INFO - Started process (PID=3463) to work on /opt/airflow/dags/sanity_checks.py
[2026-07-23T09:46:02.641+0000] {processor.py:914} INFO - Processing file /opt/airflow/dags/sanity_checks.py for tasks to queue
[2026-07-23T09:46:02.645+0000] {logging_mixin.py:190} INFO - [2026-07-23T09:46:02.644+0000] {dagbag.py:587} INFO - Filling up the DagBag from /opt/airflow/dags/sanity_checks.py
[2026-07-23T09:46:02.661+0000] {processor.py:925} INFO - DAG(s) 'airflow_sanity_check' retrieved from /opt/airflow/dags/sanity_checks.py
[2026-07-23T09:46:02.704+0000] {logging_mixin.py:190} INFO - [2026-07-23T09:46:02.703+0000] {dag.py:3211} INFO - Sync 1 DAGs
[2026-07-23T09:46:02.725+0000] {logging_mixin.py:190} INFO - [2026-07-23T09:46:02.725+0000] {dag.py:4138} INFO - Setting next_dagrun for airflow_sanity_check to None, run_after=None
[2026-07-23T09:46:02.753+0000] {processor.py:208} INFO - Processing /opt/airflow/dags/sanity_checks.py took 0.123 seconds
[2026-07-23T09:46:33.099+0000] {processor.py:186} INFO - Started process (PID=3478) to work on /opt/airflow/dags/sanity_checks.py
[2026-07-23T09:46:33.101+0000] {processor.py:914} INFO - Processing file /opt/airflow/dags/sanity_checks.py for tasks to queue
[2026-07-23T09:46:33.104+0000] {logging_mixin.py:190} INFO - [2026-07-23T09:46:33.104+0000] {dagbag.py:587} INFO - Filling up the DagBag from /opt/airflow/dags/sanity_checks.py
[2026-07-23T09:46:33.121+0000] {processor.py:925} INFO - DAG(s) 'airflow_sanity_check' retrieved from /opt/airflow/dags/sanity_checks.py
[2026-07-23T09:46:33.163+0000] {logging_mixin.py:190} INFO - [2026-07-23T09:46:33.163+0000] {dag.py:3211} INFO - Sync 1 DAGs
[2026-07-23T09:46:33.185+0000] {logging_mixin.py:190} INFO - [2026-07-23T09:46:33.185+0000] {dag.py:4138} INFO - Setting next_dagrun for airflow_sanity_check to None, run_after=None
[2026-07-23T09:46:33.212+0000] {processor.py:208} INFO - Processing /opt/airflow/dags/sanity_checks.py took 0.122 seconds
[2026-07-23T09:47:03.578+0000] {processor.py:186} INFO - Started process (PID=3493) to work on /opt/airflow/dags/sanity_checks.py
[2026-07-23T09:47:03.579+0000] {processor.py:914} INFO - Processing file /opt/airflow/dags/sanity_checks.py for tasks to queue
[2026-07-23T09:47:03.583+0000] {logging_mixin.py:190} INFO - [2026-07-23T09:47:03.583+0000] {dagbag.py:587} INFO - Filling up the DagBag from /opt/airflow/dags/sanity_checks.py
[2026-07-23T09:47:03.601+0000] {processor.py:925} INFO - DAG(s) 'airflow_sanity_check' retrieved from /opt/airflow/dags/sanity_checks.py
[2026-07-23T09:47:03.643+0000] {logging_mixin.py:190} INFO - [2026-07-23T09:47:03.643+0000] {dag.py:3211} INFO - Sync 1 DAGs
[2026-07-23T09:47:03.665+0000] {logging_mixin.py:190} INFO - [2026-07-23T09:47:03.665+0000] {dag.py:4138} INFO - Setting next_dagrun for airflow_sanity_check to None, run_after=None
[2026-07-23T09:47:03.691+0000] {processor.py:208} INFO - Processing /opt/airflow/dags/sanity_checks.py took 0.123 seconds
[2026-07-23T09:47:34.062+0000] {processor.py:186} INFO - Started process (PID=3508) to work on /opt/airflow/dags/sanity_checks.py
[2026-07-23T09:47:34.064+0000] {processor.py:914} INFO - Processing file /opt/airflow/dags/sanity_checks.py for tasks to queue
[2026-07-23T09:47:34.067+0000] {logging_mixin.py:190} INFO - [2026-07-23T09:47:34.067+0000] {dagbag.py:587} INFO - Filling up the DagBag from /opt/airflow/dags/sanity_checks.py
[2026-07-23T09:47:34.084+0000] {processor.py:925} INFO - DAG(s) 'airflow_sanity_check' retrieved from /opt/airflow/dags/sanity_checks.py
[2026-07-23T09:47:34.125+0000] {logging_mixin.py:190} INFO - [2026-07-23T09:47:34.125+0000] {dag.py:3211} INFO - Sync 1 DAGs
[2026-07-23T09:47:34.148+0000] {logging_mixin.py:190} INFO - [2026-07-23T09:47:34.148+0000] {dag.py:4138} INFO - Setting next_dagrun for airflow_sanity_check to None, run_after=None
[2026-07-23T09:47:34.360+0000] {processor.py:208} INFO - Processing /opt/airflow/dags/sanity_checks.py took 0.307 seconds
[2026-07-23T09:48:04.727+0000] {processor.py:186} INFO - Started process (PID=3523) to work on /opt/airflow/dags/sanity_checks.py
[2026-07-23T09:48:04.728+0000] {processor.py:914} INFO - Processing file /opt/airflow/dags/sanity_checks.py for tasks to queue
[2026-07-23T09:48:04.732+0000] {logging_mixin.py:190} INFO - [2026-07-23T09:48:04.732+0000] {dagbag.py:587} INFO - Filling up the DagBag from /opt/airflow/dags/sanity_checks.py
[2026-07-23T09:48:04.747+0000] {processor.py:925} INFO - DAG(s) 'airflow_sanity_check' retrieved from /opt/airflow/dags/sanity_checks.py
[2026-07-23T09:48:04.790+0000] {logging_mixin.py:190} INFO - [2026-07-23T09:48:04.790+0000] {dag.py:3211} INFO - Sync 1 DAGs
[2026-07-23T09:48:04.811+0000] {logging_mixin.py:190} INFO - [2026-07-23T09:48:04.811+0000] {dag.py:4138} INFO - Setting next_dagrun for airflow_sanity_check to None, run_after=None
[2026-07-23T09:48:04.841+0000] {processor.py:208} INFO - Processing /opt/airflow/dags/sanity_checks.py took 0.124 seconds
[2026-07-23T09:48:35.222+0000] {processor.py:186} INFO - Started process (PID=3538) to work on /opt/airflow/dags/sanity_checks.py
[2026-07-23T09:48:35.224+0000] {processor.py:914} INFO - Processing file /opt/airflow/dags/sanity_checks.py for tasks to queue
[2026-07-23T09:48:35.229+0000] {logging_mixin.py:190} INFO - [2026-07-23T09:48:35.228+0000] {dagbag.py:587} INFO - Filling up the DagBag from /opt/airflow/dags/sanity_checks.py
[2026-07-23T09:48:35.246+0000] {processor.py:925} INFO - DAG(s) 'airflow_sanity_check' retrieved from /opt/airflow/dags/sanity_checks.py
[2026-07-23T09:48:35.288+0000] {logging_mixin.py:190} INFO - [2026-07-23T09:48:35.287+0000] {dag.py:3211} INFO - Sync 1 DAGs
[2026-07-23T09:48:35.310+0000] {logging_mixin.py:190} INFO - [2026-07-23T09:48:35.309+0000] {dag.py:4138} INFO - Setting next_dagrun for airflow_sanity_check to None, run_after=None
[2026-07-23T09:48:35.339+0000] {processor.py:208} INFO - Processing /opt/airflow/dags/sanity_checks.py took 0.126 seconds
[2026-07-23T09:49:05.680+0000] {processor.py:186} INFO - Started process (PID=3553) to work on /opt/airflow/dags/sanity_checks.py
[2026-07-23T09:49:05.681+0000] {processor.py:914} INFO - Processing file /opt/airflow/dags/sanity_checks.py for tasks to queue
[2026-07-23T09:49:05.685+0000] {logging_mixin.py:190} INFO - [2026-07-23T09:49:05.684+0000] {dagbag.py:587} INFO - Filling up the DagBag from /opt/airflow/dags/sanity_checks.py
[2026-07-23T09:49:05.700+0000] {processor.py:925} INFO - DAG(s) 'airflow_sanity_check' retrieved from /opt/airflow/dags/sanity_checks.py
[2026-07-23T09:49:05.741+0000] {logging_mixin.py:190} INFO - [2026-07-23T09:49:05.741+0000] {dag.py:3211} INFO - Sync 1 DAGs
[2026-07-23T09:49:05.763+0000] {logging_mixin.py:190} INFO - [2026-07-23T09:49:05.762+0000] {dag.py:4138} INFO - Setting next_dagrun for airflow_sanity_check to None, run_after=None
[2026-07-23T09:49:05.791+0000] {processor.py:208} INFO - Processing /opt/airflow/dags/sanity_checks.py took 0.121 seconds
[2026-07-23T09:49:36.154+0000] {processor.py:186} INFO - Started process (PID=3568) to work on /opt/airflow/dags/sanity_checks.py
[2026-07-23T09:49:36.156+0000] {processor.py:914} INFO - Processing file /opt/airflow/dags/sanity_checks.py for tasks to queue
[2026-07-23T09:49:36.159+0000] {logging_mixin.py:190} INFO - [2026-07-23T09:49:36.159+0000] {dagbag.py:587} INFO - Filling up the DagBag from /opt/airflow/dags/sanity_checks.py
[2026-07-23T09:49:36.176+0000] {processor.py:925} INFO - DAG(s) 'airflow_sanity_check' retrieved from /opt/airflow/dags/sanity_checks.py
[2026-07-23T09:49:36.217+0000] {logging_mixin.py:190} INFO - [2026-07-23T09:49:36.217+0000] {dag.py:3211} INFO - Sync 1 DAGs
[2026-07-23T09:49:36.239+0000] {logging_mixin.py:190} INFO - [2026-07-23T09:49:36.238+0000] {dag.py:4138} INFO - Setting next_dagrun for airflow_sanity_check to None, run_after=None
[2026-07-23T09:49:36.268+0000] {processor.py:208} INFO - Processing /opt/airflow/dags/sanity_checks.py took 0.124 seconds
[2026-07-23T09:50:06.643+0000] {processor.py:186} INFO - Started process (PID=3583) to work on /opt/airflow/dags/sanity_checks.py
[2026-07-23T09:50:06.646+0000] {processor.py:914} INFO - Processing file /opt/airflow/dags/sanity_checks.py for tasks to queue
[2026-07-23T09:50:06.654+0000] {logging_mixin.py:190} INFO - [2026-07-23T09:50:06.653+0000] {dagbag.py:587} INFO - Filling up the DagBag from /opt/airflow/dags/sanity_checks.py
[2026-07-23T09:50:06.682+0000] {processor.py:925} INFO - DAG(s) 'airflow_sanity_check' retrieved from /opt/airflow/dags/sanity_checks.py
[2026-07-23T09:50:06.748+0000] {logging_mixin.py:190} INFO - [2026-07-23T09:50:06.748+0000] {dag.py:3211} INFO - Sync 1 DAGs
[2026-07-23T09:50:06.800+0000] {logging_mixin.py:190} INFO - [2026-07-23T09:50:06.800+0000] {dag.py:4138} INFO - Setting next_dagrun for airflow_sanity_check to None, run_after=None
[2026-07-23T09:50:06.851+0000] {processor.py:208} INFO - Processing /opt/airflow/dags/sanity_checks.py took 0.223 seconds
[2026-07-23T09:50:37.439+0000] {processor.py:186} INFO - Started process (PID=3598) to work on /opt/airflow/dags/sanity_checks.py
[2026-07-23T09:50:37.441+0000] {processor.py:914} INFO - Processing file /opt/airflow/dags/sanity_checks.py for tasks to queue
[2026-07-23T09:50:37.445+0000] {logging_mixin.py:190} INFO - [2026-07-23T09:50:37.445+0000] {dagbag.py:587} INFO - Filling up the DagBag from /opt/airflow/dags/sanity_checks.py
[2026-07-23T09:50:37.460+0000] {processor.py:925} INFO - DAG(s) 'airflow_sanity_check' retrieved from /opt/airflow/dags/sanity_checks.py
[2026-07-23T09:50:37.501+0000] {logging_mixin.py:190} INFO - [2026-07-23T09:50:37.500+0000] {dag.py:3211} INFO - Sync 1 DAGs
[2026-07-23T09:50:37.713+0000] {logging_mixin.py:190} INFO - [2026-07-23T09:50:37.713+0000] {dag.py:4138} INFO - Setting next_dagrun for airflow_sanity_check to None, run_after=None
[2026-07-23T09:50:37.739+0000] {processor.py:208} INFO - Processing /opt/airflow/dags/sanity_checks.py took 0.309 seconds
[2026-07-23T09:51:08.096+0000] {processor.py:186} INFO - Started process (PID=3613) to work on /opt/airflow/dags/sanity_checks.py
[2026-07-23T09:51:08.098+0000] {processor.py:914} INFO - Processing file /opt/airflow/dags/sanity_checks.py for tasks to queue
[2026-07-23T09:51:08.102+0000] {logging_mixin.py:190} INFO - [2026-07-23T09:51:08.102+0000] {dagbag.py:587} INFO - Filling up the DagBag from /opt/airflow/dags/sanity_checks.py
[2026-07-23T09:51:08.125+0000] {processor.py:925} INFO - DAG(s) 'airflow_sanity_check' retrieved from /opt/airflow/dags/sanity_checks.py
[2026-07-23T09:51:08.169+0000] {logging_mixin.py:190} INFO - [2026-07-23T09:51:08.169+0000] {dag.py:3211} INFO - Sync 1 DAGs
[2026-07-23T09:51:08.192+0000] {logging_mixin.py:190} INFO - [2026-07-23T09:51:08.191+0000] {dag.py:4138} INFO - Setting next_dagrun for airflow_sanity_check to None, run_after=None
[2026-07-23T09:51:08.221+0000] {processor.py:208} INFO - Processing /opt/airflow/dags/sanity_checks.py took 0.134 seconds
[2026-07-23T09:51:38.597+0000] {processor.py:186} INFO - Started process (PID=3628) to work on /opt/airflow/dags/sanity_checks.py
[2026-07-23T09:51:38.599+0000] {processor.py:914} INFO - Processing file /opt/airflow/dags/sanity_checks.py for tasks to queue
[2026-07-23T09:51:38.603+0000] {logging_mixin.py:190} INFO - [2026-07-23T09:51:38.603+0000] {dagbag.py:587} INFO - Filling up the DagBag from /opt/airflow/dags/sanity_checks.py
[2026-07-23T09:51:38.619+0000] {processor.py:925} INFO - DAG(s) 'airflow_sanity_check' retrieved from /opt/airflow/dags/sanity_checks.py
[2026-07-23T09:51:38.660+0000] {logging_mixin.py:190} INFO - [2026-07-23T09:51:38.660+0000] {dag.py:3211} INFO - Sync 1 DAGs
[2026-07-23T09:51:38.682+0000] {logging_mixin.py:190} INFO - [2026-07-23T09:51:38.681+0000] {dag.py:4138} INFO - Setting next_dagrun for airflow_sanity_check to None, run_after=None
[2026-07-23T09:51:38.710+0000] {processor.py:208} INFO - Processing /opt/airflow/dags/sanity_checks.py took 0.121 seconds
[2026-07-23T09:52:09.076+0000] {processor.py:186} INFO - Started process (PID=3643) to work on /opt/airflow/dags/sanity_checks.py
[2026-07-23T09:52:09.078+0000] {processor.py:914} INFO - Processing file /opt/airflow/dags/sanity_checks.py for tasks to queue
[2026-07-23T09:52:09.082+0000] {logging_mixin.py:190} INFO - [2026-07-23T09:52:09.081+0000] {dagbag.py:587} INFO - Filling up the DagBag from /opt/airflow/dags/sanity_checks.py
[2026-07-23T09:52:09.102+0000] {processor.py:925} INFO - DAG(s) 'airflow_sanity_check' retrieved from /opt/airflow/dags/sanity_checks.py
[2026-07-23T09:52:09.152+0000] {logging_mixin.py:190} INFO - [2026-07-23T09:52:09.151+0000] {dag.py:3211} INFO - Sync 1 DAGs
[2026-07-23T09:52:09.176+0000] {logging_mixin.py:190} INFO - [2026-07-23T09:52:09.175+0000] {dag.py:4138} INFO - Setting next_dagrun for airflow_sanity_check to None, run_after=None
[2026-07-23T09:52:09.206+0000] {processor.py:208} INFO - Processing /opt/airflow/dags/sanity_checks.py took 0.140 seconds
[2026-07-23T09:52:39.566+0000] {processor.py:186} INFO - Started process (PID=3658) to work on /opt/airflow/dags/sanity_checks.py
[2026-07-23T09:52:39.567+0000] {processor.py:914} INFO - Processing file /opt/airflow/dags/sanity_checks.py for tasks to queue
[2026-07-23T09:52:39.571+0000] {logging_mixin.py:190} INFO - [2026-07-23T09:52:39.571+0000] {dagbag.py:587} INFO - Filling up the DagBag from /opt/airflow/dags/sanity_checks.py
[2026-07-23T09:52:39.588+0000] {processor.py:925} INFO - DAG(s) 'airflow_sanity_check' retrieved from /opt/airflow/dags/sanity_checks.py
[2026-07-23T09:52:39.632+0000] {logging_mixin.py:190} INFO - [2026-07-23T09:52:39.632+0000] {dag.py:3211} INFO - Sync 1 DAGs
[2026-07-23T09:52:39.654+0000] {logging_mixin.py:190} INFO - [2026-07-23T09:52:39.654+0000] {dag.py:4138} INFO - Setting next_dagrun for airflow_sanity_check to None, run_after=None
[2026-07-23T09:52:39.683+0000] {processor.py:208} INFO - Processing /opt/airflow/dags/sanity_checks.py took 0.128 seconds
[2026-07-23T09:53:10.044+0000] {processor.py:186} INFO - Started process (PID=3673) to work on /opt/airflow/dags/sanity_checks.py
[2026-07-23T09:53:10.046+0000] {processor.py:914} INFO - Processing file /opt/airflow/dags/sanity_checks.py for tasks to queue
[2026-07-23T09:53:10.051+0000] {logging_mixin.py:190} INFO - [2026-07-23T09:53:10.050+0000] {dagbag.py:587} INFO - Filling up the DagBag from /opt/airflow/dags/sanity_checks.py
[2026-07-23T09:53:10.071+0000] {processor.py:925} INFO - DAG(s) 'airflow_sanity_check' retrieved from /opt/airflow/dags/sanity_checks.py
[2026-07-23T09:53:10.126+0000] {logging_mixin.py:190} INFO - [2026-07-23T09:53:10.125+0000] {dag.py:3211} INFO - Sync 1 DAGs
[2026-07-23T09:53:10.155+0000] {logging_mixin.py:190} INFO - [2026-07-23T09:53:10.154+0000] {dag.py:4138} INFO - Setting next_dagrun for airflow_sanity_check to None, run_after=None
[2026-07-23T09:53:10.412+0000] {processor.py:208} INFO - Processing /opt/airflow/dags/sanity_checks.py took 0.379 seconds
[2026-07-23T09:53:40.815+0000] {processor.py:186} INFO - Started process (PID=3688) to work on /opt/airflow/dags/sanity_checks.py
[2026-07-23T09:53:40.817+0000] {processor.py:914} INFO - Processing file /opt/airflow/dags/sanity_checks.py for tasks to queue
[2026-07-23T09:53:40.822+0000] {logging_mixin.py:190} INFO - [2026-07-23T09:53:40.822+0000] {dagbag.py:587} INFO - Filling up the DagBag from /opt/airflow/dags/sanity_checks.py
[2026-07-23T09:53:40.838+0000] {processor.py:925} INFO - DAG(s) 'airflow_sanity_check' retrieved from /opt/airflow/dags/sanity_checks.py
[2026-07-23T09:53:40.880+0000] {logging_mixin.py:190} INFO - [2026-07-23T09:53:40.880+0000] {dag.py:3211} INFO - Sync 1 DAGs
[2026-07-23T09:53:40.901+0000] {logging_mixin.py:190} INFO - [2026-07-23T09:53:40.901+0000] {dag.py:4138} INFO - Setting next_dagrun for airflow_sanity_check to None, run_after=None
[2026-07-23T09:53:40.931+0000] {processor.py:208} INFO - Processing /opt/airflow/dags/sanity_checks.py took 0.125 seconds
[2026-07-23T09:54:11.299+0000] {processor.py:186} INFO - Started process (PID=3703) to work on /opt/airflow/dags/sanity_checks.py
[2026-07-23T09:54:11.302+0000] {processor.py:914} INFO - Processing file /opt/airflow/dags/sanity_checks.py for tasks to queue
[2026-07-23T09:54:11.306+0000] {logging_mixin.py:190} INFO - [2026-07-23T09:54:11.305+0000] {dagbag.py:587} INFO - Filling up the DagBag from /opt/airflow/dags/sanity_checks.py
[2026-07-23T09:54:11.324+0000] {processor.py:925} INFO - DAG(s) 'airflow_sanity_check' retrieved from /opt/airflow/dags/sanity_checks.py
[2026-07-23T09:54:11.371+0000] {logging_mixin.py:190} INFO - [2026-07-23T09:54:11.371+0000] {dag.py:3211} INFO - Sync 1 DAGs
[2026-07-23T09:54:11.396+0000] {logging_mixin.py:190} INFO - [2026-07-23T09:54:11.395+0000] {dag.py:4138} INFO - Setting next_dagrun for airflow_sanity_check to None, run_after=None
[2026-07-23T09:54:11.426+0000] {processor.py:208} INFO - Processing /opt/airflow/dags/sanity_checks.py took 0.137 seconds
[2026-07-23T09:54:41.796+0000] {processor.py:186} INFO - Started process (PID=3718) to work on /opt/airflow/dags/sanity_checks.py
[2026-07-23T09:54:41.798+0000] {processor.py:914} INFO - Processing file /opt/airflow/dags/sanity_checks.py for tasks to queue
[2026-07-23T09:54:41.802+0000] {logging_mixin.py:190} INFO - [2026-07-23T09:54:41.801+0000] {dagbag.py:587} INFO - Filling up the DagBag from /opt/airflow/dags/sanity_checks.py
[2026-07-23T09:54:41.821+0000] {processor.py:925} INFO - DAG(s) 'airflow_sanity_check' retrieved from /opt/airflow/dags/sanity_checks.py
[2026-07-23T09:54:41.869+0000] {logging_mixin.py:190} INFO - [2026-07-23T09:54:41.868+0000] {dag.py:3211} INFO - Sync 1 DAGs
[2026-07-23T09:54:41.893+0000] {logging_mixin.py:190} INFO - [2026-07-23T09:54:41.893+0000] {dag.py:4138} INFO - Setting next_dagrun for airflow_sanity_check to None, run_after=None
[2026-07-23T09:54:41.922+0000] {processor.py:208} INFO - Processing /opt/airflow/dags/sanity_checks.py took 0.137 seconds
[2026-07-23T09:55:12.324+0000] {processor.py:186} INFO - Started process (PID=3733) to work on /opt/airflow/dags/sanity_checks.py
[2026-07-23T09:55:12.326+0000] {processor.py:914} INFO - Processing file /opt/airflow/dags/sanity_checks.py for tasks to queue
[2026-07-23T09:55:12.331+0000] {logging_mixin.py:190} INFO - [2026-07-23T09:55:12.330+0000] {dagbag.py:587} INFO - Filling up the DagBag from /opt/airflow/dags/sanity_checks.py
[2026-07-23T09:55:12.355+0000] {processor.py:925} INFO - DAG(s) 'airflow_sanity_check' retrieved from /opt/airflow/dags/sanity_checks.py
[2026-07-23T09:55:12.418+0000] {logging_mixin.py:190} INFO - [2026-07-23T09:55:12.418+0000] {dag.py:3211} INFO - Sync 1 DAGs
[2026-07-23T09:55:12.450+0000] {logging_mixin.py:190} INFO - [2026-07-23T09:55:12.450+0000] {dag.py:4138} INFO - Setting next_dagrun for airflow_sanity_check to None, run_after=None
[2026-07-23T09:55:12.489+0000] {processor.py:208} INFO - Processing /opt/airflow/dags/sanity_checks.py took 0.181 seconds
[2026-07-23T09:55:42.876+0000] {processor.py:186} INFO - Started process (PID=3748) to work on /opt/airflow/dags/sanity_checks.py
[2026-07-23T09:55:42.878+0000] {processor.py:914} INFO - Processing file /opt/airflow/dags/sanity_checks.py for tasks to queue
[2026-07-23T09:55:42.883+0000] {logging_mixin.py:190} INFO - [2026-07-23T09:55:42.882+0000] {dagbag.py:587} INFO - Filling up the DagBag from /opt/airflow/dags/sanity_checks.py
[2026-07-23T09:55:42.902+0000] {processor.py:925} INFO - DAG(s) 'airflow_sanity_check' retrieved from /opt/airflow/dags/sanity_checks.py
[2026-07-23T09:55:42.954+0000] {logging_mixin.py:190} INFO - [2026-07-23T09:55:42.954+0000] {dag.py:3211} INFO - Sync 1 DAGs
[2026-07-23T09:55:42.991+0000] {logging_mixin.py:190} INFO - [2026-07-23T09:55:42.990+0000] {dag.py:4138} INFO - Setting next_dagrun for airflow_sanity_check to None, run_after=None
[2026-07-23T09:55:43.024+0000] {processor.py:208} INFO - Processing /opt/airflow/dags/sanity_checks.py took 0.159 seconds
[2026-07-23T09:56:13.598+0000] {processor.py:186} INFO - Started process (PID=3763) to work on /opt/airflow/dags/sanity_checks.py
[2026-07-23T09:56:13.600+0000] {processor.py:914} INFO - Processing file /opt/airflow/dags/sanity_checks.py for tasks to queue
[2026-07-23T09:56:13.605+0000] {logging_mixin.py:190} INFO - [2026-07-23T09:56:13.605+0000] {dagbag.py:587} INFO - Filling up the DagBag from /opt/airflow/dags/sanity_checks.py
[2026-07-23T09:56:13.627+0000] {processor.py:925} INFO - DAG(s) 'airflow_sanity_check' retrieved from /opt/airflow/dags/sanity_checks.py
[2026-07-23T09:56:13.683+0000] {logging_mixin.py:190} INFO - [2026-07-23T09:56:13.683+0000] {dag.py:3211} INFO - Sync 1 DAGs
[2026-07-23T09:56:13.946+0000] {logging_mixin.py:190} INFO - [2026-07-23T09:56:13.945+0000] {dag.py:4138} INFO - Setting next_dagrun for airflow_sanity_check to None, run_after=None
[2026-07-23T09:56:13.981+0000] {processor.py:208} INFO - Processing /opt/airflow/dags/sanity_checks.py took 0.396 seconds
[2026-07-23T09:56:44.373+0000] {processor.py:186} INFO - Started process (PID=3778) to work on /opt/airflow/dags/sanity_checks.py
[2026-07-23T09:56:44.375+0000] {processor.py:914} INFO - Processing file /opt/airflow/dags/sanity_checks.py for tasks to queue
[2026-07-23T09:56:44.380+0000] {logging_mixin.py:190} INFO - [2026-07-23T09:56:44.380+0000] {dagbag.py:587} INFO - Filling up the DagBag from /opt/airflow/dags/sanity_checks.py
[2026-07-23T09:56:44.402+0000] {processor.py:925} INFO - DAG(s) 'airflow_sanity_check' retrieved from /opt/airflow/dags/sanity_checks.py
[2026-07-23T09:56:44.461+0000] {logging_mixin.py:190} INFO - [2026-07-23T09:56:44.460+0000] {dag.py:3211} INFO - Sync 1 DAGs
[2026-07-23T09:56:44.491+0000] {logging_mixin.py:190} INFO - [2026-07-23T09:56:44.490+0000] {dag.py:4138} INFO - Setting next_dagrun for airflow_sanity_check to None, run_after=None
[2026-07-23T09:56:44.527+0000] {processor.py:208} INFO - Processing /opt/airflow/dags/sanity_checks.py took 0.167 seconds
[2026-07-23T09:57:14.964+0000] {processor.py:186} INFO - Started process (PID=3793) to work on /opt/airflow/dags/sanity_checks.py
[2026-07-23T09:57:14.967+0000] {processor.py:914} INFO - Processing file /opt/airflow/dags/sanity_checks.py for tasks to queue
[2026-07-23T09:57:14.978+0000] {logging_mixin.py:190} INFO - [2026-07-23T09:57:14.977+0000] {dagbag.py:587} INFO - Filling up the DagBag from /opt/airflow/dags/sanity_checks.py
[2026-07-23T09:57:15.011+0000] {processor.py:925} INFO - DAG(s) 'airflow_sanity_check' retrieved from /opt/airflow/dags/sanity_checks.py
[2026-07-23T09:57:15.087+0000] {logging_mixin.py:190} INFO - [2026-07-23T09:57:15.087+0000] {dag.py:3211} INFO - Sync 1 DAGs
[2026-07-23T09:57:15.122+0000] {logging_mixin.py:190} INFO - [2026-07-23T09:57:15.121+0000] {dag.py:4138} INFO - Setting next_dagrun for airflow_sanity_check to None, run_after=None
[2026-07-23T09:57:15.163+0000] {processor.py:208} INFO - Processing /opt/airflow/dags/sanity_checks.py took 0.220 seconds
[2026-07-23T09:57:45.550+0000] {processor.py:186} INFO - Started process (PID=3808) to work on /opt/airflow/dags/sanity_checks.py
[2026-07-23T09:57:45.551+0000] {processor.py:914} INFO - Processing file /opt/airflow/dags/sanity_checks.py for tasks to queue
[2026-07-23T09:57:45.555+0000] {logging_mixin.py:190} INFO - [2026-07-23T09:57:45.554+0000] {dagbag.py:587} INFO - Filling up the DagBag from /opt/airflow/dags/sanity_checks.py
[2026-07-23T09:57:45.572+0000] {processor.py:925} INFO - DAG(s) 'airflow_sanity_check' retrieved from /opt/airflow/dags/sanity_checks.py
[2026-07-23T09:57:45.616+0000] {logging_mixin.py:190} INFO - [2026-07-23T09:57:45.615+0000] {dag.py:3211} INFO - Sync 1 DAGs
[2026-07-23T09:57:45.639+0000] {logging_mixin.py:190} INFO - [2026-07-23T09:57:45.638+0000] {dag.py:4138} INFO - Setting next_dagrun for airflow_sanity_check to None, run_after=None
[2026-07-23T09:57:45.666+0000] {processor.py:208} INFO - Processing /opt/airflow/dags/sanity_checks.py took 0.126 seconds
[2026-07-23T09:58:16.061+0000] {processor.py:186} INFO - Started process (PID=3823) to work on /opt/airflow/dags/sanity_checks.py
[2026-07-23T09:58:16.064+0000] {processor.py:914} INFO - Processing file /opt/airflow/dags/sanity_checks.py for tasks to queue
[2026-07-23T09:58:16.070+0000] {logging_mixin.py:190} INFO - [2026-07-23T09:58:16.070+0000] {dagbag.py:587} INFO - Filling up the DagBag from /opt/airflow/dags/sanity_checks.py
[2026-07-23T09:58:16.099+0000] {processor.py:925} INFO - DAG(s) 'airflow_sanity_check' retrieved from /opt/airflow/dags/sanity_checks.py
[2026-07-23T09:58:16.172+0000] {logging_mixin.py:190} INFO - [2026-07-23T09:58:16.172+0000] {dag.py:3211} INFO - Sync 1 DAGs
[2026-07-23T09:58:16.210+0000] {logging_mixin.py:190} INFO - [2026-07-23T09:58:16.210+0000] {dag.py:4138} INFO - Setting next_dagrun for airflow_sanity_check to None, run_after=None
[2026-07-23T09:58:16.257+0000] {processor.py:208} INFO - Processing /opt/airflow/dags/sanity_checks.py took 0.214 seconds
[2026-07-23T09:58:47.239+0000] {processor.py:186} INFO - Started process (PID=3838) to work on /opt/airflow/dags/sanity_checks.py
[2026-07-23T09:58:47.253+0000] {processor.py:914} INFO - Processing file /opt/airflow/dags/sanity_checks.py for tasks to queue
[2026-07-23T09:58:47.307+0000] {logging_mixin.py:190} INFO - [2026-07-23T09:58:47.298+0000] {dagbag.py:587} INFO - Filling up the DagBag from /opt/airflow/dags/sanity_checks.py
[2026-07-23T09:58:47.503+0000] {processor.py:925} INFO - DAG(s) 'airflow_sanity_check' retrieved from /opt/airflow/dags/sanity_checks.py
[2026-07-23T09:58:48.002+0000] {logging_mixin.py:190} INFO - [2026-07-23T09:58:47.998+0000] {dag.py:3211} INFO - Sync 1 DAGs
[2026-07-23T09:58:48.218+0000] {logging_mixin.py:190} INFO - [2026-07-23T09:58:48.203+0000] {dag.py:4138} INFO - Setting next_dagrun for airflow_sanity_check to None, run_after=None
[2026-07-23T09:58:49.880+0000] {processor.py:208} INFO - Processing /opt/airflow/dags/sanity_checks.py took 2.723 seconds
[2026-07-23T09:59:20.604+0000] {processor.py:186} INFO - Started process (PID=3853) to work on /opt/airflow/dags/sanity_checks.py
[2026-07-23T09:59:20.620+0000] {processor.py:914} INFO - Processing file /opt/airflow/dags/sanity_checks.py for tasks to queue
[2026-07-23T09:59:20.640+0000] {logging_mixin.py:190} INFO - [2026-07-23T09:59:20.637+0000] {dagbag.py:587} INFO - Filling up the DagBag from /opt/airflow/dags/sanity_checks.py
[2026-07-23T09:59:20.710+0000] {processor.py:925} INFO - DAG(s) 'airflow_sanity_check' retrieved from /opt/airflow/dags/sanity_checks.py
[2026-07-23T09:59:20.951+0000] {logging_mixin.py:190} INFO - [2026-07-23T09:59:20.950+0000] {dag.py:3211} INFO - Sync 1 DAGs
[2026-07-23T09:59:21.820+0000] {logging_mixin.py:190} INFO - [2026-07-23T09:59:21.818+0000] {dag.py:4138} INFO - Setting next_dagrun for airflow_sanity_check to None, run_after=None
[2026-07-23T09:59:21.927+0000] {processor.py:208} INFO - Processing /opt/airflow/dags/sanity_checks.py took 1.381 seconds
[2026-07-23T10:59:53.634+0000] {processor.py:186} INFO - Started process (PID=3868) to work on /opt/airflow/dags/sanity_checks.py
[2026-07-23T10:59:53.647+0000] {processor.py:914} INFO - Processing file /opt/airflow/dags/sanity_checks.py for tasks to queue
[2026-07-23T10:59:53.679+0000] {logging_mixin.py:190} INFO - [2026-07-23T10:59:53.676+0000] {dagbag.py:587} INFO - Filling up the DagBag from /opt/airflow/dags/sanity_checks.py
[2026-07-23T10:59:53.803+0000] {processor.py:925} INFO - DAG(s) 'airflow_sanity_check' retrieved from /opt/airflow/dags/sanity_checks.py
[2026-07-23T10:59:54.071+0000] {logging_mixin.py:190} INFO - [2026-07-23T10:59:54.069+0000] {dag.py:3211} INFO - Sync 1 DAGs
[2026-07-23T10:59:54.198+0000] {logging_mixin.py:190} INFO - [2026-07-23T10:59:54.196+0000] {dag.py:4138} INFO - Setting next_dagrun for airflow_sanity_check to None, run_after=None
[2026-07-23T10:59:54.336+0000] {processor.py:208} INFO - Processing /opt/airflow/dags/sanity_checks.py took 0.782 seconds
[2026-07-23T11:00:24.981+0000] {processor.py:186} INFO - Started process (PID=3883) to work on /opt/airflow/dags/sanity_checks.py
[2026-07-23T11:00:24.984+0000] {processor.py:914} INFO - Processing file /opt/airflow/dags/sanity_checks.py for tasks to queue
[2026-07-23T11:00:24.992+0000] {logging_mixin.py:190} INFO - [2026-07-23T11:00:24.991+0000] {dagbag.py:587} INFO - Filling up the DagBag from /opt/airflow/dags/sanity_checks.py
[2026-07-23T11:00:25.024+0000] {processor.py:925} INFO - DAG(s) 'airflow_sanity_check' retrieved from /opt/airflow/dags/sanity_checks.py
[2026-07-23T11:00:25.109+0000] {logging_mixin.py:190} INFO - [2026-07-23T11:00:25.108+0000] {dag.py:3211} INFO - Sync 1 DAGs
[2026-07-23T11:00:25.152+0000] {logging_mixin.py:190} INFO - [2026-07-23T11:00:25.152+0000] {dag.py:4138} INFO - Setting next_dagrun for airflow_sanity_check to None, run_after=None
[2026-07-23T11:00:25.204+0000] {processor.py:208} INFO - Processing /opt/airflow/dags/sanity_checks.py took 0.242 seconds
[2026-07-23T11:00:55.650+0000] {processor.py:186} INFO - Started process (PID=3898) to work on /opt/airflow/dags/sanity_checks.py
[2026-07-23T11:00:55.652+0000] {processor.py:914} INFO - Processing file /opt/airflow/dags/sanity_checks.py for tasks to queue
[2026-07-23T11:00:55.657+0000] {logging_mixin.py:190} INFO - [2026-07-23T11:00:55.657+0000] {dagbag.py:587} INFO - Filling up the DagBag from /opt/airflow/dags/sanity_checks.py
[2026-07-23T11:00:55.675+0000] {processor.py:925} INFO - DAG(s) 'airflow_sanity_check' retrieved from /opt/airflow/dags/sanity_checks.py
[2026-07-23T11:00:55.724+0000] {logging_mixin.py:190} INFO - [2026-07-23T11:00:55.723+0000] {dag.py:3211} INFO - Sync 1 DAGs
[2026-07-23T11:00:55.750+0000] {logging_mixin.py:190} INFO - [2026-07-23T11:00:55.750+0000] {dag.py:4138} INFO - Setting next_dagrun for airflow_sanity_check to None, run_after=None
[2026-07-23T11:00:55.780+0000] {processor.py:208} INFO - Processing /opt/airflow/dags/sanity_checks.py took 0.141 seconds
[2026-07-23T11:01:26.140+0000] {processor.py:186} INFO - Started process (PID=3913) to work on /opt/airflow/dags/sanity_checks.py
[2026-07-23T11:01:26.141+0000] {processor.py:914} INFO - Processing file /opt/airflow/dags/sanity_checks.py for tasks to queue
[2026-07-23T11:01:26.145+0000] {logging_mixin.py:190} INFO - [2026-07-23T11:01:26.145+0000] {dagbag.py:587} INFO - Filling up the DagBag from /opt/airflow/dags/sanity_checks.py
[2026-07-23T11:01:26.162+0000] {processor.py:925} INFO - DAG(s) 'airflow_sanity_check' retrieved from /opt/airflow/dags/sanity_checks.py
[2026-07-23T11:01:26.204+0000] {logging_mixin.py:190} INFO - [2026-07-23T11:01:26.203+0000] {dag.py:3211} INFO - Sync 1 DAGs
[2026-07-23T11:01:26.225+0000] {logging_mixin.py:190} INFO - [2026-07-23T11:01:26.225+0000] {dag.py:4138} INFO - Setting next_dagrun for airflow_sanity_check to None, run_after=None
[2026-07-23T11:01:26.252+0000] {processor.py:208} INFO - Processing /opt/airflow/dags/sanity_checks.py took 0.122 seconds
[2026-07-23T11:01:56.593+0000] {processor.py:186} INFO - Started process (PID=3928) to work on /opt/airflow/dags/sanity_checks.py
[2026-07-23T11:01:56.594+0000] {processor.py:914} INFO - Processing file /opt/airflow/dags/sanity_checks.py for tasks to queue
[2026-07-23T11:01:56.598+0000] {logging_mixin.py:190} INFO - [2026-07-23T11:01:56.597+0000] {dagbag.py:587} INFO - Filling up the DagBag from /opt/airflow/dags/sanity_checks.py
[2026-07-23T11:01:56.615+0000] {processor.py:925} INFO - DAG(s) 'airflow_sanity_check' retrieved from /opt/airflow/dags/sanity_checks.py
[2026-07-23T11:01:56.657+0000] {logging_mixin.py:190} INFO - [2026-07-23T11:01:56.657+0000] {dag.py:3211} INFO - Sync 1 DAGs
[2026-07-23T11:01:56.680+0000] {logging_mixin.py:190} INFO - [2026-07-23T11:01:56.680+0000] {dag.py:4138} INFO - Setting next_dagrun for airflow_sanity_check to None, run_after=None
[2026-07-23T11:01:56.898+0000] {processor.py:208} INFO - Processing /opt/airflow/dags/sanity_checks.py took 0.314 seconds
[2026-07-23T11:02:27.250+0000] {processor.py:186} INFO - Started process (PID=3943) to work on /opt/airflow/dags/sanity_checks.py
[2026-07-23T11:02:27.252+0000] {processor.py:914} INFO - Processing file /opt/airflow/dags/sanity_checks.py for tasks to queue
[2026-07-23T11:02:27.256+0000] {logging_mixin.py:190} INFO - [2026-07-23T11:02:27.255+0000] {dagbag.py:587} INFO - Filling up the DagBag from /opt/airflow/dags/sanity_checks.py
[2026-07-23T11:02:27.273+0000] {processor.py:925} INFO - DAG(s) 'airflow_sanity_check' retrieved from /opt/airflow/dags/sanity_checks.py
[2026-07-23T11:02:27.315+0000] {logging_mixin.py:190} INFO - [2026-07-23T11:02:27.315+0000] {dag.py:3211} INFO - Sync 1 DAGs
[2026-07-23T11:02:27.542+0000] {logging_mixin.py:190} INFO - [2026-07-23T11:02:27.542+0000] {dag.py:4138} INFO - Setting next_dagrun for airflow_sanity_check to None, run_after=None
[2026-07-23T11:02:27.570+0000] {processor.py:208} INFO - Processing /opt/airflow/dags/sanity_checks.py took 0.329 seconds
[2026-07-23T11:02:57.921+0000] {processor.py:186} INFO - Started process (PID=3958) to work on /opt/airflow/dags/sanity_checks.py
[2026-07-23T11:02:57.922+0000] {processor.py:914} INFO - Processing file /opt/airflow/dags/sanity_checks.py for tasks to queue
[2026-07-23T11:02:57.926+0000] {logging_mixin.py:190} INFO - [2026-07-23T11:02:57.926+0000] {dagbag.py:587} INFO - Filling up the DagBag from /opt/airflow/dags/sanity_checks.py
[2026-07-23T11:02:57.943+0000] {processor.py:925} INFO - DAG(s) 'airflow_sanity_check' retrieved from /opt/airflow/dags/sanity_checks.py
[2026-07-23T11:02:57.986+0000] {logging_mixin.py:190} INFO - [2026-07-23T11:02:57.985+0000] {dag.py:3211} INFO - Sync 1 DAGs
[2026-07-23T11:02:58.008+0000] {logging_mixin.py:190} INFO - [2026-07-23T11:02:58.007+0000] {dag.py:4138} INFO - Setting next_dagrun for airflow_sanity_check to None, run_after=None
[2026-07-23T11:02:58.037+0000] {processor.py:208} INFO - Processing /opt/airflow/dags/sanity_checks.py took 0.124 seconds
[2026-07-23T11:03:28.396+0000] {processor.py:186} INFO - Started process (PID=3973) to work on /opt/airflow/dags/sanity_checks.py
[2026-07-23T11:03:28.398+0000] {processor.py:914} INFO - Processing file /opt/airflow/dags/sanity_checks.py for tasks to queue
[2026-07-23T11:03:28.402+0000] {logging_mixin.py:190} INFO - [2026-07-23T11:03:28.402+0000] {dagbag.py:587} INFO - Filling up the DagBag from /opt/airflow/dags/sanity_checks.py
[2026-07-23T11:03:28.418+0000] {processor.py:925} INFO - DAG(s) 'airflow_sanity_check' retrieved from /opt/airflow/dags/sanity_checks.py
[2026-07-23T11:03:28.460+0000] {logging_mixin.py:190} INFO - [2026-07-23T11:03:28.460+0000] {dag.py:3211} INFO - Sync 1 DAGs
[2026-07-23T11:03:28.488+0000] {logging_mixin.py:190} INFO - [2026-07-23T11:03:28.488+0000] {dag.py:4138} INFO - Setting next_dagrun for airflow_sanity_check to None, run_after=None
[2026-07-23T11:03:28.518+0000] {processor.py:208} INFO - Processing /opt/airflow/dags/sanity_checks.py took 0.131 seconds
[2026-07-23T11:03:58.869+0000] {processor.py:186} INFO - Started process (PID=3988) to work on /opt/airflow/dags/sanity_checks.py
[2026-07-23T11:03:58.871+0000] {processor.py:914} INFO - Processing file /opt/airflow/dags/sanity_checks.py for tasks to queue
[2026-07-23T11:03:58.875+0000] {logging_mixin.py:190} INFO - [2026-07-23T11:03:58.875+0000] {dagbag.py:587} INFO - Filling up the DagBag from /opt/airflow/dags/sanity_checks.py
[2026-07-23T11:03:58.892+0000] {processor.py:925} INFO - DAG(s) 'airflow_sanity_check' retrieved from /opt/airflow/dags/sanity_checks.py
[2026-07-23T11:03:58.934+0000] {logging_mixin.py:190} INFO - [2026-07-23T11:03:58.934+0000] {dag.py:3211} INFO - Sync 1 DAGs
[2026-07-23T11:03:58.956+0000] {logging_mixin.py:190} INFO - [2026-07-23T11:03:58.956+0000] {dag.py:4138} INFO - Setting next_dagrun for airflow_sanity_check to None, run_after=None
[2026-07-23T11:03:58.982+0000] {processor.py:208} INFO - Processing /opt/airflow/dags/sanity_checks.py took 0.122 seconds
[2026-07-23T11:04:29.335+0000] {processor.py:186} INFO - Started process (PID=4003) to work on /opt/airflow/dags/sanity_checks.py
[2026-07-23T11:04:29.337+0000] {processor.py:914} INFO - Processing file /opt/airflow/dags/sanity_checks.py for tasks to queue
[2026-07-23T11:04:29.341+0000] {logging_mixin.py:190} INFO - [2026-07-23T11:04:29.341+0000] {dagbag.py:587} INFO - Filling up the DagBag from /opt/airflow/dags/sanity_checks.py
[2026-07-23T11:04:29.357+0000] {processor.py:925} INFO - DAG(s) 'airflow_sanity_check' retrieved from /opt/airflow/dags/sanity_checks.py
[2026-07-23T11:04:29.398+0000] {logging_mixin.py:190} INFO - [2026-07-23T11:04:29.397+0000] {dag.py:3211} INFO - Sync 1 DAGs
[2026-07-23T11:04:29.419+0000] {logging_mixin.py:190} INFO - [2026-07-23T11:04:29.419+0000] {dag.py:4138} INFO - Setting next_dagrun for airflow_sanity_check to None, run_after=None
[2026-07-23T11:04:29.449+0000] {processor.py:208} INFO - Processing /opt/airflow/dags/sanity_checks.py took 0.123 seconds
[2026-07-23T11:05:00.029+0000] {processor.py:186} INFO - Started process (PID=4018) to work on /opt/airflow/dags/sanity_checks.py
[2026-07-23T11:05:00.030+0000] {processor.py:914} INFO - Processing file /opt/airflow/dags/sanity_checks.py for tasks to queue
[2026-07-23T11:05:00.034+0000] {logging_mixin.py:190} INFO - [2026-07-23T11:05:00.033+0000] {dagbag.py:587} INFO - Filling up the DagBag from /opt/airflow/dags/sanity_checks.py
[2026-07-23T11:05:00.052+0000] {processor.py:925} INFO - DAG(s) 'airflow_sanity_check' retrieved from /opt/airflow/dags/sanity_checks.py
[2026-07-23T11:05:00.101+0000] {logging_mixin.py:190} INFO - [2026-07-23T11:05:00.100+0000] {dag.py:3211} INFO - Sync 1 DAGs
[2026-07-23T11:05:00.328+0000] {logging_mixin.py:190} INFO - [2026-07-23T11:05:00.328+0000] {dag.py:4138} INFO - Setting next_dagrun for airflow_sanity_check to None, run_after=None
[2026-07-23T11:05:00.356+0000] {processor.py:208} INFO - Processing /opt/airflow/dags/sanity_checks.py took 0.337 seconds
[2026-07-23T11:05:30.694+0000] {processor.py:186} INFO - Started process (PID=4033) to work on /opt/airflow/dags/sanity_checks.py
[2026-07-23T11:05:30.696+0000] {processor.py:914} INFO - Processing file /opt/airflow/dags/sanity_checks.py for tasks to queue
[2026-07-23T11:05:30.700+0000] {logging_mixin.py:190} INFO - [2026-07-23T11:05:30.699+0000] {dagbag.py:587} INFO - Filling up the DagBag from /opt/airflow/dags/sanity_checks.py
[2026-07-23T11:05:30.716+0000] {processor.py:925} INFO - DAG(s) 'airflow_sanity_check' retrieved from /opt/airflow/dags/sanity_checks.py
[2026-07-23T11:05:30.760+0000] {logging_mixin.py:190} INFO - [2026-07-23T11:05:30.759+0000] {dag.py:3211} INFO - Sync 1 DAGs
[2026-07-23T11:05:30.781+0000] {logging_mixin.py:190} INFO - [2026-07-23T11:05:30.781+0000] {dag.py:4138} INFO - Setting next_dagrun for airflow_sanity_check to None, run_after=None
[2026-07-23T11:05:30.807+0000] {processor.py:208} INFO - Processing /opt/airflow/dags/sanity_checks.py took 0.122 seconds
[2026-07-23T11:06:01.144+0000] {processor.py:186} INFO - Started process (PID=4048) to work on /opt/airflow/dags/sanity_checks.py
[2026-07-23T11:06:01.145+0000] {processor.py:914} INFO - Processing file /opt/airflow/dags/sanity_checks.py for tasks to queue
[2026-07-23T11:06:01.149+0000] {logging_mixin.py:190} INFO - [2026-07-23T11:06:01.148+0000] {dagbag.py:587} INFO - Filling up the DagBag from /opt/airflow/dags/sanity_checks.py
[2026-07-23T11:06:01.166+0000] {processor.py:925} INFO - DAG(s) 'airflow_sanity_check' retrieved from /opt/airflow/dags/sanity_checks.py
[2026-07-23T11:06:01.207+0000] {logging_mixin.py:190} INFO - [2026-07-23T11:06:01.207+0000] {dag.py:3211} INFO - Sync 1 DAGs
[2026-07-23T11:06:01.230+0000] {logging_mixin.py:190} INFO - [2026-07-23T11:06:01.229+0000] {dag.py:4138} INFO - Setting next_dagrun for airflow_sanity_check to None, run_after=None
[2026-07-23T11:06:01.259+0000] {processor.py:208} INFO - Processing /opt/airflow/dags/sanity_checks.py took 0.124 seconds
[2026-07-23T11:06:31.629+0000] {processor.py:186} INFO - Started process (PID=4063) to work on /opt/airflow/dags/sanity_checks.py
[2026-07-23T11:06:31.630+0000] {processor.py:914} INFO - Processing file /opt/airflow/dags/sanity_checks.py for tasks to queue
[2026-07-23T11:06:31.635+0000] {logging_mixin.py:190} INFO - [2026-07-23T11:06:31.634+0000] {dagbag.py:587} INFO - Filling up the DagBag from /opt/airflow/dags/sanity_checks.py
[2026-07-23T11:06:31.650+0000] {processor.py:925} INFO - DAG(s) 'airflow_sanity_check' retrieved from /opt/airflow/dags/sanity_checks.py
[2026-07-23T11:06:31.692+0000] {logging_mixin.py:190} INFO - [2026-07-23T11:06:31.692+0000] {dag.py:3211} INFO - Sync 1 DAGs
[2026-07-23T11:06:31.713+0000] {logging_mixin.py:190} INFO - [2026-07-23T11:06:31.713+0000] {dag.py:4138} INFO - Setting next_dagrun for airflow_sanity_check to None, run_after=None
[2026-07-23T11:06:31.743+0000] {processor.py:208} INFO - Processing /opt/airflow/dags/sanity_checks.py took 0.123 seconds
[2026-07-23T11:07:02.096+0000] {processor.py:186} INFO - Started process (PID=4078) to work on /opt/airflow/dags/sanity_checks.py
[2026-07-23T11:07:02.097+0000] {processor.py:914} INFO - Processing file /opt/airflow/dags/sanity_checks.py for tasks to queue
[2026-07-23T11:07:02.102+0000] {logging_mixin.py:190} INFO - [2026-07-23T11:07:02.101+0000] {dagbag.py:587} INFO - Filling up the DagBag from /opt/airflow/dags/sanity_checks.py
[2026-07-23T11:07:02.117+0000] {processor.py:925} INFO - DAG(s) 'airflow_sanity_check' retrieved from /opt/airflow/dags/sanity_checks.py
[2026-07-23T11:07:02.159+0000] {logging_mixin.py:190} INFO - [2026-07-23T11:07:02.159+0000] {dag.py:3211} INFO - Sync 1 DAGs
[2026-07-23T11:07:02.181+0000] {logging_mixin.py:190} INFO - [2026-07-23T11:07:02.181+0000] {dag.py:4138} INFO - Setting next_dagrun for airflow_sanity_check to None, run_after=None
[2026-07-23T11:07:02.209+0000] {processor.py:208} INFO - Processing /opt/airflow/dags/sanity_checks.py took 0.122 seconds
[2026-07-23T11:07:32.573+0000] {processor.py:186} INFO - Started process (PID=4093) to work on /opt/airflow/dags/sanity_checks.py
[2026-07-23T11:07:32.575+0000] {processor.py:914} INFO - Processing file /opt/airflow/dags/sanity_checks.py for tasks to queue
[2026-07-23T11:07:32.579+0000] {logging_mixin.py:190} INFO - [2026-07-23T11:07:32.578+0000] {dagbag.py:587} INFO - Filling up the DagBag from /opt/airflow/dags/sanity_checks.py
[2026-07-23T11:07:32.595+0000] {processor.py:925} INFO - DAG(s) 'airflow_sanity_check' retrieved from /opt/airflow/dags/sanity_checks.py
[2026-07-23T11:07:32.636+0000] {logging_mixin.py:190} INFO - [2026-07-23T11:07:32.636+0000] {dag.py:3211} INFO - Sync 1 DAGs
[2026-07-23T11:07:32.658+0000] {logging_mixin.py:190} INFO - [2026-07-23T11:07:32.658+0000] {dag.py:4138} INFO - Setting next_dagrun for airflow_sanity_check to None, run_after=None
[2026-07-23T11:07:32.874+0000] {processor.py:208} INFO - Processing /opt/airflow/dags/sanity_checks.py took 0.311 seconds
[2026-07-23T11:08:03.270+0000] {processor.py:186} INFO - Started process (PID=4108) to work on /opt/airflow/dags/sanity_checks.py
[2026-07-23T11:08:03.271+0000] {processor.py:914} INFO - Processing file /opt/airflow/dags/sanity_checks.py for tasks to queue
[2026-07-23T11:08:03.275+0000] {logging_mixin.py:190} INFO - [2026-07-23T11:08:03.274+0000] {dagbag.py:587} INFO - Filling up the DagBag from /opt/airflow/dags/sanity_checks.py
[2026-07-23T11:08:03.290+0000] {processor.py:925} INFO - DAG(s) 'airflow_sanity_check' retrieved from /opt/airflow/dags/sanity_checks.py
[2026-07-23T11:08:03.332+0000] {logging_mixin.py:190} INFO - [2026-07-23T11:08:03.332+0000] {dag.py:3211} INFO - Sync 1 DAGs
[2026-07-23T11:08:03.539+0000] {logging_mixin.py:190} INFO - [2026-07-23T11:08:03.538+0000] {dag.py:4138} INFO - Setting next_dagrun for airflow_sanity_check to None, run_after=None
[2026-07-23T11:08:03.565+0000] {processor.py:208} INFO - Processing /opt/airflow/dags/sanity_checks.py took 0.304 seconds
[2026-07-23T11:08:33.924+0000] {processor.py:186} INFO - Started process (PID=4123) to work on /opt/airflow/dags/sanity_checks.py
[2026-07-23T11:08:33.926+0000] {processor.py:914} INFO - Processing file /opt/airflow/dags/sanity_checks.py for tasks to queue
[2026-07-23T11:08:33.930+0000] {logging_mixin.py:190} INFO - [2026-07-23T11:08:33.929+0000] {dagbag.py:587} INFO - Filling up the DagBag from /opt/airflow/dags/sanity_checks.py
[2026-07-23T11:08:33.947+0000] {processor.py:925} INFO - DAG(s) 'airflow_sanity_check' retrieved from /opt/airflow/dags/sanity_checks.py
[2026-07-23T11:08:33.988+0000] {logging_mixin.py:190} INFO - [2026-07-23T11:08:33.988+0000] {dag.py:3211} INFO - Sync 1 DAGs
[2026-07-23T11:08:34.010+0000] {logging_mixin.py:190} INFO - [2026-07-23T11:08:34.009+0000] {dag.py:4138} INFO - Setting next_dagrun for airflow_sanity_check to None, run_after=None
[2026-07-23T11:08:34.039+0000] {processor.py:208} INFO - Processing /opt/airflow/dags/sanity_checks.py took 0.124 seconds
[2026-07-23T11:09:04.389+0000] {processor.py:186} INFO - Started process (PID=4138) to work on /opt/airflow/dags/sanity_checks.py
[2026-07-23T11:09:04.391+0000] {processor.py:914} INFO - Processing file /opt/airflow/dags/sanity_checks.py for tasks to queue
[2026-07-23T11:09:04.394+0000] {logging_mixin.py:190} INFO - [2026-07-23T11:09:04.394+0000] {dagbag.py:587} INFO - Filling up the DagBag from /opt/airflow/dags/sanity_checks.py
[2026-07-23T11:09:04.411+0000] {processor.py:925} INFO - DAG(s) 'airflow_sanity_check' retrieved from /opt/airflow/dags/sanity_checks.py
[2026-07-23T11:09:04.453+0000] {logging_mixin.py:190} INFO - [2026-07-23T11:09:04.453+0000] {dag.py:3211} INFO - Sync 1 DAGs
[2026-07-23T11:09:04.475+0000] {logging_mixin.py:190} INFO - [2026-07-23T11:09:04.474+0000] {dag.py:4138} INFO - Setting next_dagrun for airflow_sanity_check to None, run_after=None
[2026-07-23T11:09:04.504+0000] {processor.py:208} INFO - Processing /opt/airflow/dags/sanity_checks.py took 0.123 seconds
[2026-07-23T11:09:34.853+0000] {processor.py:186} INFO - Started process (PID=4153) to work on /opt/airflow/dags/sanity_checks.py
[2026-07-23T11:09:34.855+0000] {processor.py:914} INFO - Processing file /opt/airflow/dags/sanity_checks.py for tasks to queue
[2026-07-23T11:09:34.860+0000] {logging_mixin.py:190} INFO - [2026-07-23T11:09:34.859+0000] {dagbag.py:587} INFO - Filling up the DagBag from /opt/airflow/dags/sanity_checks.py
[2026-07-23T11:09:34.875+0000] {processor.py:925} INFO - DAG(s) 'airflow_sanity_check' retrieved from /opt/airflow/dags/sanity_checks.py
[2026-07-23T11:09:34.917+0000] {logging_mixin.py:190} INFO - [2026-07-23T11:09:34.916+0000] {dag.py:3211} INFO - Sync 1 DAGs
[2026-07-23T11:09:34.940+0000] {logging_mixin.py:190} INFO - [2026-07-23T11:09:34.940+0000] {dag.py:4138} INFO - Setting next_dagrun for airflow_sanity_check to None, run_after=None
[2026-07-23T11:09:34.976+0000] {processor.py:208} INFO - Processing /opt/airflow/dags/sanity_checks.py took 0.132 seconds
[2026-07-23T11:10:05.362+0000] {processor.py:186} INFO - Started process (PID=4168) to work on /opt/airflow/dags/sanity_checks.py
[2026-07-23T11:10:05.363+0000] {processor.py:914} INFO - Processing file /opt/airflow/dags/sanity_checks.py for tasks to queue
[2026-07-23T11:10:05.368+0000] {logging_mixin.py:190} INFO - [2026-07-23T11:10:05.367+0000] {dagbag.py:587} INFO - Filling up the DagBag from /opt/airflow/dags/sanity_checks.py
[2026-07-23T11:10:05.383+0000] {processor.py:925} INFO - DAG(s) 'airflow_sanity_check' retrieved from /opt/airflow/dags/sanity_checks.py
[2026-07-23T11:10:05.425+0000] {logging_mixin.py:190} INFO - [2026-07-23T11:10:05.425+0000] {dag.py:3211} INFO - Sync 1 DAGs
[2026-07-23T11:10:05.446+0000] {logging_mixin.py:190} INFO - [2026-07-23T11:10:05.445+0000] {dag.py:4138} INFO - Setting next_dagrun for airflow_sanity_check to None, run_after=None
[2026-07-23T11:10:05.477+0000] {processor.py:208} INFO - Processing /opt/airflow/dags/sanity_checks.py took 0.124 seconds
[2026-07-23T11:10:36.013+0000] {processor.py:186} INFO - Started process (PID=4183) to work on /opt/airflow/dags/sanity_checks.py
[2026-07-23T11:10:36.015+0000] {processor.py:914} INFO - Processing file /opt/airflow/dags/sanity_checks.py for tasks to queue
[2026-07-23T11:10:36.018+0000] {logging_mixin.py:190} INFO - [2026-07-23T11:10:36.018+0000] {dagbag.py:587} INFO - Filling up the DagBag from /opt/airflow/dags/sanity_checks.py
[2026-07-23T11:10:36.034+0000] {processor.py:925} INFO - DAG(s) 'airflow_sanity_check' retrieved from /opt/airflow/dags/sanity_checks.py
[2026-07-23T11:10:36.077+0000] {logging_mixin.py:190} INFO - [2026-07-23T11:10:36.077+0000] {dag.py:3211} INFO - Sync 1 DAGs
[2026-07-23T11:10:36.296+0000] {logging_mixin.py:190} INFO - [2026-07-23T11:10:36.295+0000] {dag.py:4138} INFO - Setting next_dagrun for airflow_sanity_check to None, run_after=None
[2026-07-23T11:10:36.321+0000] {processor.py:208} INFO - Processing /opt/airflow/dags/sanity_checks.py took 0.317 seconds
[2026-07-23T11:11:06.670+0000] {processor.py:186} INFO - Started process (PID=4198) to work on /opt/airflow/dags/sanity_checks.py
[2026-07-23T11:11:06.672+0000] {processor.py:914} INFO - Processing file /opt/airflow/dags/sanity_checks.py for tasks to queue
[2026-07-23T11:11:06.676+0000] {logging_mixin.py:190} INFO - [2026-07-23T11:11:06.675+0000] {dagbag.py:587} INFO - Filling up the DagBag from /opt/airflow/dags/sanity_checks.py
[2026-07-23T11:11:06.695+0000] {processor.py:925} INFO - DAG(s) 'airflow_sanity_check' retrieved from /opt/airflow/dags/sanity_checks.py
[2026-07-23T11:11:06.741+0000] {logging_mixin.py:190} INFO - [2026-07-23T11:11:06.741+0000] {dag.py:3211} INFO - Sync 1 DAGs
[2026-07-23T11:11:06.949+0000] {logging_mixin.py:190} INFO - [2026-07-23T11:11:06.949+0000] {dag.py:4138} INFO - Setting next_dagrun for airflow_sanity_check to None, run_after=None
[2026-07-23T11:11:06.973+0000] {processor.py:208} INFO - Processing /opt/airflow/dags/sanity_checks.py took 0.312 seconds
[2026-07-23T11:11:37.350+0000] {processor.py:186} INFO - Started process (PID=4213) to work on /opt/airflow/dags/sanity_checks.py
[2026-07-23T11:11:37.352+0000] {processor.py:914} INFO - Processing file /opt/airflow/dags/sanity_checks.py for tasks to queue
[2026-07-23T11:11:37.356+0000] {logging_mixin.py:190} INFO - [2026-07-23T11:11:37.356+0000] {dagbag.py:587} INFO - Filling up the DagBag from /opt/airflow/dags/sanity_checks.py
[2026-07-23T11:11:37.373+0000] {processor.py:925} INFO - DAG(s) 'airflow_sanity_check' retrieved from /opt/airflow/dags/sanity_checks.py
[2026-07-23T11:11:37.417+0000] {logging_mixin.py:190} INFO - [2026-07-23T11:11:37.417+0000] {dag.py:3211} INFO - Sync 1 DAGs
[2026-07-23T11:11:37.442+0000] {logging_mixin.py:190} INFO - [2026-07-23T11:11:37.442+0000] {dag.py:4138} INFO - Setting next_dagrun for airflow_sanity_check to None, run_after=None
[2026-07-23T11:11:37.469+0000] {processor.py:208} INFO - Processing /opt/airflow/dags/sanity_checks.py took 0.130 seconds
[2026-07-23T11:12:07.814+0000] {processor.py:186} INFO - Started process (PID=4228) to work on /opt/airflow/dags/sanity_checks.py
[2026-07-23T11:12:07.815+0000] {processor.py:914} INFO - Processing file /opt/airflow/dags/sanity_checks.py for tasks to queue
[2026-07-23T11:12:07.819+0000] {logging_mixin.py:190} INFO - [2026-07-23T11:12:07.818+0000] {dagbag.py:587} INFO - Filling up the DagBag from /opt/airflow/dags/sanity_checks.py
[2026-07-23T11:12:07.835+0000] {processor.py:925} INFO - DAG(s) 'airflow_sanity_check' retrieved from /opt/airflow/dags/sanity_checks.py
[2026-07-23T11:12:07.878+0000] {logging_mixin.py:190} INFO - [2026-07-23T11:12:07.878+0000] {dag.py:3211} INFO - Sync 1 DAGs
[2026-07-23T11:12:07.901+0000] {logging_mixin.py:190} INFO - [2026-07-23T11:12:07.901+0000] {dag.py:4138} INFO - Setting next_dagrun for airflow_sanity_check to None, run_after=None
[2026-07-23T11:12:07.930+0000] {processor.py:208} INFO - Processing /opt/airflow/dags/sanity_checks.py took 0.125 seconds
[2026-07-23T11:12:38.286+0000] {processor.py:186} INFO - Started process (PID=4243) to work on /opt/airflow/dags/sanity_checks.py
[2026-07-23T11:12:38.287+0000] {processor.py:914} INFO - Processing file /opt/airflow/dags/sanity_checks.py for tasks to queue
[2026-07-23T11:12:38.292+0000] {logging_mixin.py:190} INFO - [2026-07-23T11:12:38.291+0000] {dagbag.py:587} INFO - Filling up the DagBag from /opt/airflow/dags/sanity_checks.py
[2026-07-23T11:12:38.307+0000] {processor.py:925} INFO - DAG(s) 'airflow_sanity_check' retrieved from /opt/airflow/dags/sanity_checks.py
[2026-07-23T11:12:38.349+0000] {logging_mixin.py:190} INFO - [2026-07-23T11:12:38.349+0000] {dag.py:3211} INFO - Sync 1 DAGs
[2026-07-23T11:12:38.371+0000] {logging_mixin.py:190} INFO - [2026-07-23T11:12:38.371+0000] {dag.py:4138} INFO - Setting next_dagrun for airflow_sanity_check to None, run_after=None
[2026-07-23T11:12:38.401+0000] {processor.py:208} INFO - Processing /opt/airflow/dags/sanity_checks.py took 0.124 seconds
[2026-07-23T11:13:08.744+0000] {processor.py:186} INFO - Started process (PID=4258) to work on /opt/airflow/dags/sanity_checks.py
[2026-07-23T11:13:08.745+0000] {processor.py:914} INFO - Processing file /opt/airflow/dags/sanity_checks.py for tasks to queue
[2026-07-23T11:13:08.750+0000] {logging_mixin.py:190} INFO - [2026-07-23T11:13:08.749+0000] {dagbag.py:587} INFO - Filling up the DagBag from /opt/airflow/dags/sanity_checks.py
[2026-07-23T11:13:08.767+0000] {processor.py:925} INFO - DAG(s) 'airflow_sanity_check' retrieved from /opt/airflow/dags/sanity_checks.py
[2026-07-23T11:13:08.811+0000] {logging_mixin.py:190} INFO - [2026-07-23T11:13:08.811+0000] {dag.py:3211} INFO - Sync 1 DAGs
[2026-07-23T11:13:08.833+0000] {logging_mixin.py:190} INFO - [2026-07-23T11:13:08.832+0000] {dag.py:4138} INFO - Setting next_dagrun for airflow_sanity_check to None, run_after=None
[2026-07-23T11:13:09.054+0000] {processor.py:208} INFO - Processing /opt/airflow/dags/sanity_checks.py took 0.319 seconds
[2026-07-23T11:13:39.428+0000] {processor.py:186} INFO - Started process (PID=4273) to work on /opt/airflow/dags/sanity_checks.py
[2026-07-23T11:13:39.429+0000] {processor.py:914} INFO - Processing file /opt/airflow/dags/sanity_checks.py for tasks to queue
[2026-07-23T11:13:39.434+0000] {logging_mixin.py:190} INFO - [2026-07-23T11:13:39.434+0000] {dagbag.py:587} INFO - Filling up the DagBag from /opt/airflow/dags/sanity_checks.py
[2026-07-23T11:13:39.450+0000] {processor.py:925} INFO - DAG(s) 'airflow_sanity_check' retrieved from /opt/airflow/dags/sanity_checks.py
[2026-07-23T11:13:39.493+0000] {logging_mixin.py:190} INFO - [2026-07-23T11:13:39.493+0000] {dag.py:3211} INFO - Sync 1 DAGs
[2026-07-23T11:13:39.699+0000] {logging_mixin.py:190} INFO - [2026-07-23T11:13:39.699+0000] {dag.py:4138} INFO - Setting next_dagrun for airflow_sanity_check to None, run_after=None
[2026-07-23T11:13:39.724+0000] {processor.py:208} INFO - Processing /opt/airflow/dags/sanity_checks.py took 0.305 seconds
[2026-07-23T11:14:10.070+0000] {processor.py:186} INFO - Started process (PID=4288) to work on /opt/airflow/dags/sanity_checks.py
[2026-07-23T11:14:10.072+0000] {processor.py:914} INFO - Processing file /opt/airflow/dags/sanity_checks.py for tasks to queue
[2026-07-23T11:14:10.075+0000] {logging_mixin.py:190} INFO - [2026-07-23T11:14:10.075+0000] {dagbag.py:587} INFO - Filling up the DagBag from /opt/airflow/dags/sanity_checks.py
[2026-07-23T11:14:10.090+0000] {processor.py:925} INFO - DAG(s) 'airflow_sanity_check' retrieved from /opt/airflow/dags/sanity_checks.py
[2026-07-23T11:14:10.319+0000] {logging_mixin.py:190} INFO - [2026-07-23T11:14:10.318+0000] {dag.py:3211} INFO - Sync 1 DAGs
[2026-07-23T11:14:10.339+0000] {logging_mixin.py:190} INFO - [2026-07-23T11:14:10.339+0000] {dag.py:4138} INFO - Setting next_dagrun for airflow_sanity_check to None, run_after=None
[2026-07-23T11:14:10.368+0000] {processor.py:208} INFO - Processing /opt/airflow/dags/sanity_checks.py took 0.309 seconds
[2026-07-23T11:14:40.794+0000] {processor.py:186} INFO - Started process (PID=4303) to work on /opt/airflow/dags/sanity_checks.py
[2026-07-23T11:14:40.797+0000] {processor.py:914} INFO - Processing file /opt/airflow/dags/sanity_checks.py for tasks to queue
[2026-07-23T11:14:40.805+0000] {logging_mixin.py:190} INFO - [2026-07-23T11:14:40.804+0000] {dagbag.py:587} INFO - Filling up the DagBag from /opt/airflow/dags/sanity_checks.py
[2026-07-23T11:14:40.839+0000] {processor.py:925} INFO - DAG(s) 'airflow_sanity_check' retrieved from /opt/airflow/dags/sanity_checks.py
[2026-07-23T11:14:40.916+0000] {logging_mixin.py:190} INFO - [2026-07-23T11:14:40.915+0000] {dag.py:3211} INFO - Sync 1 DAGs
[2026-07-23T11:14:40.959+0000] {logging_mixin.py:190} INFO - [2026-07-23T11:14:40.959+0000] {dag.py:4138} INFO - Setting next_dagrun for airflow_sanity_check to None, run_after=None
[2026-07-23T11:14:41.026+0000] {processor.py:208} INFO - Processing /opt/airflow/dags/sanity_checks.py took 0.252 seconds
[2026-07-23T12:15:17.654+0000] {processor.py:186} INFO - Started process (PID=4318) to work on /opt/airflow/dags/sanity_checks.py
[2026-07-23T12:15:17.664+0000] {processor.py:914} INFO - Processing file /opt/airflow/dags/sanity_checks.py for tasks to queue
[2026-07-23T12:15:17.696+0000] {logging_mixin.py:190} INFO - [2026-07-23T12:15:17.694+0000] {dagbag.py:587} INFO - Filling up the DagBag from /opt/airflow/dags/sanity_checks.py
[2026-07-23T12:15:17.839+0000] {processor.py:925} INFO - DAG(s) 'airflow_sanity_check' retrieved from /opt/airflow/dags/sanity_checks.py
[2026-07-23T12:15:18.221+0000] {logging_mixin.py:190} INFO - [2026-07-23T12:15:18.219+0000] {dag.py:3211} INFO - Sync 1 DAGs
[2026-07-23T12:15:18.409+0000] {logging_mixin.py:190} INFO - [2026-07-23T12:15:18.408+0000] {dag.py:4138} INFO - Setting next_dagrun for airflow_sanity_check to None, run_after=None
[2026-07-23T12:15:18.626+0000] {processor.py:208} INFO - Processing /opt/airflow/dags/sanity_checks.py took 1.045 seconds
[2026-07-23T12:15:49.313+0000] {processor.py:186} INFO - Started process (PID=4333) to work on /opt/airflow/dags/sanity_checks.py
[2026-07-23T12:15:49.315+0000] {processor.py:914} INFO - Processing file /opt/airflow/dags/sanity_checks.py for tasks to queue
[2026-07-23T12:15:49.320+0000] {logging_mixin.py:190} INFO - [2026-07-23T12:15:49.319+0000] {dagbag.py:587} INFO - Filling up the DagBag from /opt/airflow/dags/sanity_checks.py
[2026-07-23T12:15:49.339+0000] {processor.py:925} INFO - DAG(s) 'airflow_sanity_check' retrieved from /opt/airflow/dags/sanity_checks.py
[2026-07-23T12:15:49.389+0000] {logging_mixin.py:190} INFO - [2026-07-23T12:15:49.389+0000] {dag.py:3211} INFO - Sync 1 DAGs
[2026-07-23T12:15:49.416+0000] {logging_mixin.py:190} INFO - [2026-07-23T12:15:49.416+0000] {dag.py:4138} INFO - Setting next_dagrun for airflow_sanity_check to None, run_after=None
[2026-07-23T12:15:49.448+0000] {processor.py:208} INFO - Processing /opt/airflow/dags/sanity_checks.py took 0.146 seconds
[2026-07-23T12:16:19.812+0000] {processor.py:186} INFO - Started process (PID=4348) to work on /opt/airflow/dags/sanity_checks.py
[2026-07-23T12:16:19.813+0000] {processor.py:914} INFO - Processing file /opt/airflow/dags/sanity_checks.py for tasks to queue
[2026-07-23T12:16:19.817+0000] {logging_mixin.py:190} INFO - [2026-07-23T12:16:19.816+0000] {dagbag.py:587} INFO - Filling up the DagBag from /opt/airflow/dags/sanity_checks.py
[2026-07-23T12:16:19.832+0000] {processor.py:925} INFO - DAG(s) 'airflow_sanity_check' retrieved from /opt/airflow/dags/sanity_checks.py
[2026-07-23T12:16:19.875+0000] {logging_mixin.py:190} INFO - [2026-07-23T12:16:19.874+0000] {dag.py:3211} INFO - Sync 1 DAGs
[2026-07-23T12:16:19.896+0000] {logging_mixin.py:190} INFO - [2026-07-23T12:16:19.896+0000] {dag.py:4138} INFO - Setting next_dagrun for airflow_sanity_check to None, run_after=None
[2026-07-23T12:16:19.927+0000] {processor.py:208} INFO - Processing /opt/airflow/dags/sanity_checks.py took 0.124 seconds
[2026-07-23T12:16:50.470+0000] {processor.py:186} INFO - Started process (PID=4363) to work on /opt/airflow/dags/sanity_checks.py
[2026-07-23T12:16:50.472+0000] {processor.py:914} INFO - Processing file /opt/airflow/dags/sanity_checks.py for tasks to queue
[2026-07-23T12:16:50.477+0000] {logging_mixin.py:190} INFO - [2026-07-23T12:16:50.476+0000] {dagbag.py:587} INFO - Filling up the DagBag from /opt/airflow/dags/sanity_checks.py
[2026-07-23T12:16:50.493+0000] {processor.py:925} INFO - DAG(s) 'airflow_sanity_check' retrieved from /opt/airflow/dags/sanity_checks.py
[2026-07-23T12:16:50.534+0000] {logging_mixin.py:190} INFO - [2026-07-23T12:16:50.533+0000] {dag.py:3211} INFO - Sync 1 DAGs
[2026-07-23T12:16:50.746+0000] {logging_mixin.py:190} INFO - [2026-07-23T12:16:50.746+0000] {dag.py:4138} INFO - Setting next_dagrun for airflow_sanity_check to None, run_after=None
[2026-07-23T12:16:50.771+0000] {processor.py:208} INFO - Processing /opt/airflow/dags/sanity_checks.py took 0.310 seconds
[2026-07-23T12:17:21.163+0000] {processor.py:186} INFO - Started process (PID=4378) to work on /opt/airflow/dags/sanity_checks.py
[2026-07-23T12:17:21.165+0000] {processor.py:914} INFO - Processing file /opt/airflow/dags/sanity_checks.py for tasks to queue
[2026-07-23T12:17:21.170+0000] {logging_mixin.py:190} INFO - [2026-07-23T12:17:21.169+0000] {dagbag.py:587} INFO - Filling up the DagBag from /opt/airflow/dags/sanity_checks.py
[2026-07-23T12:17:21.186+0000] {processor.py:925} INFO - DAG(s) 'airflow_sanity_check' retrieved from /opt/airflow/dags/sanity_checks.py
[2026-07-23T12:17:21.414+0000] {logging_mixin.py:190} INFO - [2026-07-23T12:17:21.413+0000] {dag.py:3211} INFO - Sync 1 DAGs
[2026-07-23T12:17:21.432+0000] {logging_mixin.py:190} INFO - [2026-07-23T12:17:21.432+0000] {dag.py:4138} INFO - Setting next_dagrun for airflow_sanity_check to None, run_after=None
[2026-07-23T12:17:21.458+0000] {processor.py:208} INFO - Processing /opt/airflow/dags/sanity_checks.py took 0.304 seconds
[2026-07-23T12:17:51.829+0000] {processor.py:186} INFO - Started process (PID=4393) to work on /opt/airflow/dags/sanity_checks.py
[2026-07-23T12:17:51.830+0000] {processor.py:914} INFO - Processing file /opt/airflow/dags/sanity_checks.py for tasks to queue
[2026-07-23T12:17:51.834+0000] {logging_mixin.py:190} INFO - [2026-07-23T12:17:51.833+0000] {dagbag.py:587} INFO - Filling up the DagBag from /opt/airflow/dags/sanity_checks.py
[2026-07-23T12:17:51.849+0000] {processor.py:925} INFO - DAG(s) 'airflow_sanity_check' retrieved from /opt/airflow/dags/sanity_checks.py
[2026-07-23T12:17:51.891+0000] {logging_mixin.py:190} INFO - [2026-07-23T12:17:51.890+0000] {dag.py:3211} INFO - Sync 1 DAGs
[2026-07-23T12:17:51.913+0000] {logging_mixin.py:190} INFO - [2026-07-23T12:17:51.913+0000] {dag.py:4138} INFO - Setting next_dagrun for airflow_sanity_check to None, run_after=None
[2026-07-23T12:17:51.942+0000] {processor.py:208} INFO - Processing /opt/airflow/dags/sanity_checks.py took 0.123 seconds
[2026-07-23T12:18:22.336+0000] {processor.py:186} INFO - Started process (PID=4408) to work on /opt/airflow/dags/sanity_checks.py
[2026-07-23T12:18:22.338+0000] {processor.py:914} INFO - Processing file /opt/airflow/dags/sanity_checks.py for tasks to queue
[2026-07-23T12:18:22.342+0000] {logging_mixin.py:190} INFO - [2026-07-23T12:18:22.341+0000] {dagbag.py:587} INFO - Filling up the DagBag from /opt/airflow/dags/sanity_checks.py
[2026-07-23T12:18:22.358+0000] {processor.py:925} INFO - DAG(s) 'airflow_sanity_check' retrieved from /opt/airflow/dags/sanity_checks.py
[2026-07-23T12:18:22.403+0000] {logging_mixin.py:190} INFO - [2026-07-23T12:18:22.402+0000] {dag.py:3211} INFO - Sync 1 DAGs
[2026-07-23T12:18:22.424+0000] {logging_mixin.py:190} INFO - [2026-07-23T12:18:22.424+0000] {dag.py:4138} INFO - Setting next_dagrun for airflow_sanity_check to None, run_after=None
[2026-07-23T12:18:22.455+0000] {processor.py:208} INFO - Processing /opt/airflow/dags/sanity_checks.py took 0.128 seconds
[2026-07-23T12:18:52.823+0000] {processor.py:186} INFO - Started process (PID=4423) to work on /opt/airflow/dags/sanity_checks.py
[2026-07-23T12:18:52.825+0000] {processor.py:914} INFO - Processing file /opt/airflow/dags/sanity_checks.py for tasks to queue
[2026-07-23T12:18:52.828+0000] {logging_mixin.py:190} INFO - [2026-07-23T12:18:52.828+0000] {dagbag.py:587} INFO - Filling up the DagBag from /opt/airflow/dags/sanity_checks.py
[2026-07-23T12:18:52.844+0000] {processor.py:925} INFO - DAG(s) 'airflow_sanity_check' retrieved from /opt/airflow/dags/sanity_checks.py
[2026-07-23T12:18:52.886+0000] {logging_mixin.py:190} INFO - [2026-07-23T12:18:52.885+0000] {dag.py:3211} INFO - Sync 1 DAGs
[2026-07-23T12:18:52.907+0000] {logging_mixin.py:190} INFO - [2026-07-23T12:18:52.907+0000] {dag.py:4138} INFO - Setting next_dagrun for airflow_sanity_check to None, run_after=None
[2026-07-23T12:18:52.937+0000] {processor.py:208} INFO - Processing /opt/airflow/dags/sanity_checks.py took 0.122 seconds
[2026-07-23T12:19:23.296+0000] {processor.py:186} INFO - Started process (PID=4438) to work on /opt/airflow/dags/sanity_checks.py
[2026-07-23T12:19:23.297+0000] {processor.py:914} INFO - Processing file /opt/airflow/dags/sanity_checks.py for tasks to queue
[2026-07-23T12:19:23.301+0000] {logging_mixin.py:190} INFO - [2026-07-23T12:19:23.301+0000] {dagbag.py:587} INFO - Filling up the DagBag from /opt/airflow/dags/sanity_checks.py
[2026-07-23T12:19:23.318+0000] {processor.py:925} INFO - DAG(s) 'airflow_sanity_check' retrieved from /opt/airflow/dags/sanity_checks.py
[2026-07-23T12:19:23.359+0000] {logging_mixin.py:190} INFO - [2026-07-23T12:19:23.359+0000] {dag.py:3211} INFO - Sync 1 DAGs
[2026-07-23T12:19:23.381+0000] {logging_mixin.py:190} INFO - [2026-07-23T12:19:23.381+0000] {dag.py:4138} INFO - Setting next_dagrun for airflow_sanity_check to None, run_after=None
[2026-07-23T12:19:23.594+0000] {processor.py:208} INFO - Processing /opt/airflow/dags/sanity_checks.py took 0.307 seconds
[2026-07-23T12:19:53.959+0000] {processor.py:186} INFO - Started process (PID=4453) to work on /opt/airflow/dags/sanity_checks.py
[2026-07-23T12:19:53.961+0000] {processor.py:914} INFO - Processing file /opt/airflow/dags/sanity_checks.py for tasks to queue
[2026-07-23T12:19:53.966+0000] {logging_mixin.py:190} INFO - [2026-07-23T12:19:53.966+0000] {dagbag.py:587} INFO - Filling up the DagBag from /opt/airflow/dags/sanity_checks.py
[2026-07-23T12:19:53.982+0000] {processor.py:925} INFO - DAG(s) 'airflow_sanity_check' retrieved from /opt/airflow/dags/sanity_checks.py
[2026-07-23T12:19:54.023+0000] {logging_mixin.py:190} INFO - [2026-07-23T12:19:54.023+0000] {dag.py:3211} INFO - Sync 1 DAGs
[2026-07-23T12:19:54.232+0000] {logging_mixin.py:190} INFO - [2026-07-23T12:19:54.232+0000] {dag.py:4138} INFO - Setting next_dagrun for airflow_sanity_check to None, run_after=None
[2026-07-23T12:19:54.257+0000] {processor.py:208} INFO - Processing /opt/airflow/dags/sanity_checks.py took 0.307 seconds
[2026-07-23T12:20:24.651+0000] {processor.py:186} INFO - Started process (PID=4468) to work on /opt/airflow/dags/sanity_checks.py
[2026-07-23T12:20:24.653+0000] {processor.py:914} INFO - Processing file /opt/airflow/dags/sanity_checks.py for tasks to queue
[2026-07-23T12:20:24.656+0000] {logging_mixin.py:190} INFO - [2026-07-23T12:20:24.656+0000] {dagbag.py:587} INFO - Filling up the DagBag from /opt/airflow/dags/sanity_checks.py
[2026-07-23T12:20:24.672+0000] {processor.py:925} INFO - DAG(s) 'airflow_sanity_check' retrieved from /opt/airflow/dags/sanity_checks.py
[2026-07-23T12:20:24.715+0000] {logging_mixin.py:190} INFO - [2026-07-23T12:20:24.714+0000] {dag.py:3211} INFO - Sync 1 DAGs
[2026-07-23T12:20:24.737+0000] {logging_mixin.py:190} INFO - [2026-07-23T12:20:24.736+0000] {dag.py:4138} INFO - Setting next_dagrun for airflow_sanity_check to None, run_after=None
[2026-07-23T12:20:24.766+0000] {processor.py:208} INFO - Processing /opt/airflow/dags/sanity_checks.py took 0.123 seconds
[2026-07-23T12:20:55.136+0000] {processor.py:186} INFO - Started process (PID=4483) to work on /opt/airflow/dags/sanity_checks.py
[2026-07-23T12:20:55.137+0000] {processor.py:914} INFO - Processing file /opt/airflow/dags/sanity_checks.py for tasks to queue
[2026-07-23T12:20:55.141+0000] {logging_mixin.py:190} INFO - [2026-07-23T12:20:55.141+0000] {dagbag.py:587} INFO - Filling up the DagBag from /opt/airflow/dags/sanity_checks.py
[2026-07-23T12:20:55.158+0000] {processor.py:925} INFO - DAG(s) 'airflow_sanity_check' retrieved from /opt/airflow/dags/sanity_checks.py
[2026-07-23T12:20:55.199+0000] {logging_mixin.py:190} INFO - [2026-07-23T12:20:55.199+0000] {dag.py:3211} INFO - Sync 1 DAGs
[2026-07-23T12:20:55.221+0000] {logging_mixin.py:190} INFO - [2026-07-23T12:20:55.220+0000] {dag.py:4138} INFO - Setting next_dagrun for airflow_sanity_check to None, run_after=None
[2026-07-23T12:20:55.249+0000] {processor.py:208} INFO - Processing /opt/airflow/dags/sanity_checks.py took 0.122 seconds
[2026-07-23T12:21:25.622+0000] {processor.py:186} INFO - Started process (PID=4498) to work on /opt/airflow/dags/sanity_checks.py
[2026-07-23T12:21:25.624+0000] {processor.py:914} INFO - Processing file /opt/airflow/dags/sanity_checks.py for tasks to queue
[2026-07-23T12:21:25.627+0000] {logging_mixin.py:190} INFO - [2026-07-23T12:21:25.627+0000] {dagbag.py:587} INFO - Filling up the DagBag from /opt/airflow/dags/sanity_checks.py
[2026-07-23T12:21:25.643+0000] {processor.py:925} INFO - DAG(s) 'airflow_sanity_check' retrieved from /opt/airflow/dags/sanity_checks.py
[2026-07-23T12:21:25.684+0000] {logging_mixin.py:190} INFO - [2026-07-23T12:21:25.684+0000] {dag.py:3211} INFO - Sync 1 DAGs
[2026-07-23T12:21:25.706+0000] {logging_mixin.py:190} INFO - [2026-07-23T12:21:25.705+0000] {dag.py:4138} INFO - Setting next_dagrun for airflow_sanity_check to None, run_after=None
[2026-07-23T12:21:25.732+0000] {processor.py:208} INFO - Processing /opt/airflow/dags/sanity_checks.py took 0.118 seconds
[2026-07-23T12:21:56.069+0000] {processor.py:186} INFO - Started process (PID=4513) to work on /opt/airflow/dags/sanity_checks.py
[2026-07-23T12:21:56.071+0000] {processor.py:914} INFO - Processing file /opt/airflow/dags/sanity_checks.py for tasks to queue
[2026-07-23T12:21:56.076+0000] {logging_mixin.py:190} INFO - [2026-07-23T12:21:56.075+0000] {dagbag.py:587} INFO - Filling up the DagBag from /opt/airflow/dags/sanity_checks.py
[2026-07-23T12:21:56.092+0000] {processor.py:925} INFO - DAG(s) 'airflow_sanity_check' retrieved from /opt/airflow/dags/sanity_checks.py
[2026-07-23T12:21:56.135+0000] {logging_mixin.py:190} INFO - [2026-07-23T12:21:56.134+0000] {dag.py:3211} INFO - Sync 1 DAGs
[2026-07-23T12:21:56.156+0000] {logging_mixin.py:190} INFO - [2026-07-23T12:21:56.156+0000] {dag.py:4138} INFO - Setting next_dagrun for airflow_sanity_check to None, run_after=None
[2026-07-23T12:21:56.376+0000] {processor.py:208} INFO - Processing /opt/airflow/dags/sanity_checks.py took 0.315 seconds
[2026-07-23T12:22:26.752+0000] {processor.py:186} INFO - Started process (PID=4528) to work on /opt/airflow/dags/sanity_checks.py
[2026-07-23T12:22:26.754+0000] {processor.py:914} INFO - Processing file /opt/airflow/dags/sanity_checks.py for tasks to queue
[2026-07-23T12:22:26.758+0000] {logging_mixin.py:190} INFO - [2026-07-23T12:22:26.758+0000] {dagbag.py:587} INFO - Filling up the DagBag from /opt/airflow/dags/sanity_checks.py
[2026-07-23T12:22:26.773+0000] {processor.py:925} INFO - DAG(s) 'airflow_sanity_check' retrieved from /opt/airflow/dags/sanity_checks.py
[2026-07-23T12:22:26.815+0000] {logging_mixin.py:190} INFO - [2026-07-23T12:22:26.815+0000] {dag.py:3211} INFO - Sync 1 DAGs
[2026-07-23T12:22:27.036+0000] {logging_mixin.py:190} INFO - [2026-07-23T12:22:27.036+0000] {dag.py:4138} INFO - Setting next_dagrun for airflow_sanity_check to None, run_after=None
[2026-07-23T12:22:27.061+0000] {processor.py:208} INFO - Processing /opt/airflow/dags/sanity_checks.py took 0.318 seconds
[2026-07-23T12:22:57.425+0000] {processor.py:186} INFO - Started process (PID=4543) to work on /opt/airflow/dags/sanity_checks.py
[2026-07-23T12:22:57.428+0000] {processor.py:914} INFO - Processing file /opt/airflow/dags/sanity_checks.py for tasks to queue
[2026-07-23T12:22:57.432+0000] {logging_mixin.py:190} INFO - [2026-07-23T12:22:57.431+0000] {dagbag.py:587} INFO - Filling up the DagBag from /opt/airflow/dags/sanity_checks.py
[2026-07-23T12:22:57.448+0000] {processor.py:925} INFO - DAG(s) 'airflow_sanity_check' retrieved from /opt/airflow/dags/sanity_checks.py
[2026-07-23T12:22:57.681+0000] {logging_mixin.py:190} INFO - [2026-07-23T12:22:57.680+0000] {dag.py:3211} INFO - Sync 1 DAGs
[2026-07-23T12:22:57.699+0000] {logging_mixin.py:190} INFO - [2026-07-23T12:22:57.698+0000] {dag.py:4138} INFO - Setting next_dagrun for airflow_sanity_check to None, run_after=None
[2026-07-23T12:22:57.723+0000] {processor.py:208} INFO - Processing /opt/airflow/dags/sanity_checks.py took 0.306 seconds
[2026-07-23T12:23:28.105+0000] {processor.py:186} INFO - Started process (PID=4558) to work on /opt/airflow/dags/sanity_checks.py
[2026-07-23T12:23:28.107+0000] {processor.py:914} INFO - Processing file /opt/airflow/dags/sanity_checks.py for tasks to queue
[2026-07-23T12:23:28.111+0000] {logging_mixin.py:190} INFO - [2026-07-23T12:23:28.110+0000] {dagbag.py:587} INFO - Filling up the DagBag from /opt/airflow/dags/sanity_checks.py
[2026-07-23T12:23:28.127+0000] {processor.py:925} INFO - DAG(s) 'airflow_sanity_check' retrieved from /opt/airflow/dags/sanity_checks.py
[2026-07-23T12:23:28.167+0000] {logging_mixin.py:190} INFO - [2026-07-23T12:23:28.166+0000] {dag.py:3211} INFO - Sync 1 DAGs
[2026-07-23T12:23:28.189+0000] {logging_mixin.py:190} INFO - [2026-07-23T12:23:28.189+0000] {dag.py:4138} INFO - Setting next_dagrun for airflow_sanity_check to None, run_after=None
[2026-07-23T12:23:28.219+0000] {processor.py:208} INFO - Processing /opt/airflow/dags/sanity_checks.py took 0.122 seconds
[2026-07-23T12:23:58.586+0000] {processor.py:186} INFO - Started process (PID=4573) to work on /opt/airflow/dags/sanity_checks.py
[2026-07-23T12:23:58.588+0000] {processor.py:914} INFO - Processing file /opt/airflow/dags/sanity_checks.py for tasks to queue
[2026-07-23T12:23:58.591+0000] {logging_mixin.py:190} INFO - [2026-07-23T12:23:58.591+0000] {dagbag.py:587} INFO - Filling up the DagBag from /opt/airflow/dags/sanity_checks.py
[2026-07-23T12:23:58.607+0000] {processor.py:925} INFO - DAG(s) 'airflow_sanity_check' retrieved from /opt/airflow/dags/sanity_checks.py
[2026-07-23T12:23:58.648+0000] {logging_mixin.py:190} INFO - [2026-07-23T12:23:58.648+0000] {dag.py:3211} INFO - Sync 1 DAGs
[2026-07-23T12:23:58.670+0000] {logging_mixin.py:190} INFO - [2026-07-23T12:23:58.670+0000] {dag.py:4138} INFO - Setting next_dagrun for airflow_sanity_check to None, run_after=None
[2026-07-23T12:23:58.698+0000] {processor.py:208} INFO - Processing /opt/airflow/dags/sanity_checks.py took 0.121 seconds
[2026-07-23T12:24:29.063+0000] {processor.py:186} INFO - Started process (PID=4588) to work on /opt/airflow/dags/sanity_checks.py
[2026-07-23T12:24:29.065+0000] {processor.py:914} INFO - Processing file /opt/airflow/dags/sanity_checks.py for tasks to queue
[2026-07-23T12:24:29.069+0000] {logging_mixin.py:190} INFO - [2026-07-23T12:24:29.068+0000] {dagbag.py:587} INFO - Filling up the DagBag from /opt/airflow/dags/sanity_checks.py
[2026-07-23T12:24:29.086+0000] {processor.py:925} INFO - DAG(s) 'airflow_sanity_check' retrieved from /opt/airflow/dags/sanity_checks.py
[2026-07-23T12:24:29.127+0000] {logging_mixin.py:190} INFO - [2026-07-23T12:24:29.127+0000] {dag.py:3211} INFO - Sync 1 DAGs
[2026-07-23T12:24:29.149+0000] {logging_mixin.py:190} INFO - [2026-07-23T12:24:29.149+0000] {dag.py:4138} INFO - Setting next_dagrun for airflow_sanity_check to None, run_after=None
[2026-07-23T12:24:29.177+0000] {processor.py:208} INFO - Processing /opt/airflow/dags/sanity_checks.py took 0.124 seconds
[2026-07-23T12:24:59.723+0000] {processor.py:186} INFO - Started process (PID=4603) to work on /opt/airflow/dags/sanity_checks.py
[2026-07-23T12:24:59.725+0000] {processor.py:914} INFO - Processing file /opt/airflow/dags/sanity_checks.py for tasks to queue
[2026-07-23T12:24:59.730+0000] {logging_mixin.py:190} INFO - [2026-07-23T12:24:59.729+0000] {dagbag.py:587} INFO - Filling up the DagBag from /opt/airflow/dags/sanity_checks.py
[2026-07-23T12:24:59.746+0000] {processor.py:925} INFO - DAG(s) 'airflow_sanity_check' retrieved from /opt/airflow/dags/sanity_checks.py
[2026-07-23T12:24:59.789+0000] {logging_mixin.py:190} INFO - [2026-07-23T12:24:59.789+0000] {dag.py:3211} INFO - Sync 1 DAGs
[2026-07-23T12:24:59.812+0000] {logging_mixin.py:190} INFO - [2026-07-23T12:24:59.812+0000] {dag.py:4138} INFO - Setting next_dagrun for airflow_sanity_check to None, run_after=None
[2026-07-23T12:25:00.130+0000] {processor.py:208} INFO - Processing /opt/airflow/dags/sanity_checks.py took 0.415 seconds
[2026-07-23T12:25:30.518+0000] {processor.py:186} INFO - Started process (PID=4618) to work on /opt/airflow/dags/sanity_checks.py
[2026-07-23T12:25:30.520+0000] {processor.py:914} INFO - Processing file /opt/airflow/dags/sanity_checks.py for tasks to queue
[2026-07-23T12:25:30.524+0000] {logging_mixin.py:190} INFO - [2026-07-23T12:25:30.523+0000] {dagbag.py:587} INFO - Filling up the DagBag from /opt/airflow/dags/sanity_checks.py
[2026-07-23T12:25:30.545+0000] {processor.py:925} INFO - DAG(s) 'airflow_sanity_check' retrieved from /opt/airflow/dags/sanity_checks.py
[2026-07-23T12:25:30.586+0000] {logging_mixin.py:190} INFO - [2026-07-23T12:25:30.586+0000] {dag.py:3211} INFO - Sync 1 DAGs
[2026-07-23T12:25:30.793+0000] {logging_mixin.py:190} INFO - [2026-07-23T12:25:30.793+0000] {dag.py:4138} INFO - Setting next_dagrun for airflow_sanity_check to None, run_after=None
[2026-07-23T12:25:30.819+0000] {processor.py:208} INFO - Processing /opt/airflow/dags/sanity_checks.py took 0.312 seconds
[2026-07-23T12:26:01.187+0000] {processor.py:186} INFO - Started process (PID=4633) to work on /opt/airflow/dags/sanity_checks.py
[2026-07-23T12:26:01.188+0000] {processor.py:914} INFO - Processing file /opt/airflow/dags/sanity_checks.py for tasks to queue
[2026-07-23T12:26:01.192+0000] {logging_mixin.py:190} INFO - [2026-07-23T12:26:01.191+0000] {dagbag.py:587} INFO - Filling up the DagBag from /opt/airflow/dags/sanity_checks.py
[2026-07-23T12:26:01.207+0000] {processor.py:925} INFO - DAG(s) 'airflow_sanity_check' retrieved from /opt/airflow/dags/sanity_checks.py
[2026-07-23T12:26:01.249+0000] {logging_mixin.py:190} INFO - [2026-07-23T12:26:01.249+0000] {dag.py:3211} INFO - Sync 1 DAGs
[2026-07-23T12:26:01.275+0000] {logging_mixin.py:190} INFO - [2026-07-23T12:26:01.274+0000] {dag.py:4138} INFO - Setting next_dagrun for airflow_sanity_check to None, run_after=None
[2026-07-23T12:26:01.304+0000] {processor.py:208} INFO - Processing /opt/airflow/dags/sanity_checks.py took 0.126 seconds
[2026-07-23T12:26:31.685+0000] {processor.py:186} INFO - Started process (PID=4648) to work on /opt/airflow/dags/sanity_checks.py
[2026-07-23T12:26:31.687+0000] {processor.py:914} INFO - Processing file /opt/airflow/dags/sanity_checks.py for tasks to queue
[2026-07-23T12:26:31.691+0000] {logging_mixin.py:190} INFO - [2026-07-23T12:26:31.690+0000] {dagbag.py:587} INFO - Filling up the DagBag from /opt/airflow/dags/sanity_checks.py
[2026-07-23T12:26:31.706+0000] {processor.py:925} INFO - DAG(s) 'airflow_sanity_check' retrieved from /opt/airflow/dags/sanity_checks.py
[2026-07-23T12:26:31.747+0000] {logging_mixin.py:190} INFO - [2026-07-23T12:26:31.746+0000] {dag.py:3211} INFO - Sync 1 DAGs
[2026-07-23T12:26:31.769+0000] {logging_mixin.py:190} INFO - [2026-07-23T12:26:31.768+0000] {dag.py:4138} INFO - Setting next_dagrun for airflow_sanity_check to None, run_after=None
[2026-07-23T12:26:31.797+0000] {processor.py:208} INFO - Processing /opt/airflow/dags/sanity_checks.py took 0.121 seconds
[2026-07-23T12:27:02.164+0000] {processor.py:186} INFO - Started process (PID=4663) to work on /opt/airflow/dags/sanity_checks.py
[2026-07-23T12:27:02.165+0000] {processor.py:914} INFO - Processing file /opt/airflow/dags/sanity_checks.py for tasks to queue
[2026-07-23T12:27:02.169+0000] {logging_mixin.py:190} INFO - [2026-07-23T12:27:02.169+0000] {dagbag.py:587} INFO - Filling up the DagBag from /opt/airflow/dags/sanity_checks.py
[2026-07-23T12:27:02.186+0000] {processor.py:925} INFO - DAG(s) 'airflow_sanity_check' retrieved from /opt/airflow/dags/sanity_checks.py
[2026-07-23T12:27:02.228+0000] {logging_mixin.py:190} INFO - [2026-07-23T12:27:02.228+0000] {dag.py:3211} INFO - Sync 1 DAGs
[2026-07-23T12:27:02.250+0000] {logging_mixin.py:190} INFO - [2026-07-23T12:27:02.250+0000] {dag.py:4138} INFO - Setting next_dagrun for airflow_sanity_check to None, run_after=None
[2026-07-23T12:27:02.278+0000] {processor.py:208} INFO - Processing /opt/airflow/dags/sanity_checks.py took 0.123 seconds
[2026-07-23T12:27:32.635+0000] {processor.py:186} INFO - Started process (PID=4678) to work on /opt/airflow/dags/sanity_checks.py
[2026-07-23T12:27:32.637+0000] {processor.py:914} INFO - Processing file /opt/airflow/dags/sanity_checks.py for tasks to queue
[2026-07-23T12:27:32.641+0000] {logging_mixin.py:190} INFO - [2026-07-23T12:27:32.641+0000] {dagbag.py:587} INFO - Filling up the DagBag from /opt/airflow/dags/sanity_checks.py
[2026-07-23T12:27:32.657+0000] {processor.py:925} INFO - DAG(s) 'airflow_sanity_check' retrieved from /opt/airflow/dags/sanity_checks.py
[2026-07-23T12:27:32.699+0000] {logging_mixin.py:190} INFO - [2026-07-23T12:27:32.699+0000] {dag.py:3211} INFO - Sync 1 DAGs
[2026-07-23T12:27:32.721+0000] {logging_mixin.py:190} INFO - [2026-07-23T12:27:32.721+0000] {dag.py:4138} INFO - Setting next_dagrun for airflow_sanity_check to None, run_after=None
[2026-07-23T12:27:32.938+0000] {processor.py:208} INFO - Processing /opt/airflow/dags/sanity_checks.py took 0.312 seconds
[2026-07-23T12:28:03.305+0000] {processor.py:186} INFO - Started process (PID=4693) to work on /opt/airflow/dags/sanity_checks.py
[2026-07-23T12:28:03.307+0000] {processor.py:914} INFO - Processing file /opt/airflow/dags/sanity_checks.py for tasks to queue
[2026-07-23T12:28:03.311+0000] {logging_mixin.py:190} INFO - [2026-07-23T12:28:03.311+0000] {dagbag.py:587} INFO - Filling up the DagBag from /opt/airflow/dags/sanity_checks.py
[2026-07-23T12:28:03.327+0000] {processor.py:925} INFO - DAG(s) 'airflow_sanity_check' retrieved from /opt/airflow/dags/sanity_checks.py
[2026-07-23T12:28:03.368+0000] {logging_mixin.py:190} INFO - [2026-07-23T12:28:03.368+0000] {dag.py:3211} INFO - Sync 1 DAGs
[2026-07-23T12:28:03.575+0000] {logging_mixin.py:190} INFO - [2026-07-23T12:28:03.575+0000] {dag.py:4138} INFO - Setting next_dagrun for airflow_sanity_check to None, run_after=None
[2026-07-23T12:28:03.602+0000] {processor.py:208} INFO - Processing /opt/airflow/dags/sanity_checks.py took 0.306 seconds
[2026-07-23T12:28:33.963+0000] {processor.py:186} INFO - Started process (PID=4708) to work on /opt/airflow/dags/sanity_checks.py
[2026-07-23T12:28:33.964+0000] {processor.py:914} INFO - Processing file /opt/airflow/dags/sanity_checks.py for tasks to queue
[2026-07-23T12:28:33.968+0000] {logging_mixin.py:190} INFO - [2026-07-23T12:28:33.967+0000] {dagbag.py:587} INFO - Filling up the DagBag from /opt/airflow/dags/sanity_checks.py
[2026-07-23T12:28:33.983+0000] {processor.py:925} INFO - DAG(s) 'airflow_sanity_check' retrieved from /opt/airflow/dags/sanity_checks.py
[2026-07-23T12:28:34.208+0000] {logging_mixin.py:190} INFO - [2026-07-23T12:28:34.208+0000] {dag.py:3211} INFO - Sync 1 DAGs
[2026-07-23T12:28:34.227+0000] {logging_mixin.py:190} INFO - [2026-07-23T12:28:34.227+0000] {dag.py:4138} INFO - Setting next_dagrun for airflow_sanity_check to None, run_after=None
[2026-07-23T12:28:34.254+0000] {processor.py:208} INFO - Processing /opt/airflow/dags/sanity_checks.py took 0.300 seconds
[2026-07-23T12:29:04.621+0000] {processor.py:186} INFO - Started process (PID=4723) to work on /opt/airflow/dags/sanity_checks.py
[2026-07-23T12:29:04.623+0000] {processor.py:914} INFO - Processing file /opt/airflow/dags/sanity_checks.py for tasks to queue
[2026-07-23T12:29:04.627+0000] {logging_mixin.py:190} INFO - [2026-07-23T12:29:04.626+0000] {dagbag.py:587} INFO - Filling up the DagBag from /opt/airflow/dags/sanity_checks.py
[2026-07-23T12:29:04.643+0000] {processor.py:925} INFO - DAG(s) 'airflow_sanity_check' retrieved from /opt/airflow/dags/sanity_checks.py
[2026-07-23T12:29:04.683+0000] {logging_mixin.py:190} INFO - [2026-07-23T12:29:04.683+0000] {dag.py:3211} INFO - Sync 1 DAGs
[2026-07-23T12:29:04.705+0000] {logging_mixin.py:190} INFO - [2026-07-23T12:29:04.705+0000] {dag.py:4138} INFO - Setting next_dagrun for airflow_sanity_check to None, run_after=None
[2026-07-23T12:29:04.733+0000] {processor.py:208} INFO - Processing /opt/airflow/dags/sanity_checks.py took 0.122 seconds
[2026-07-23T12:29:35.101+0000] {processor.py:186} INFO - Started process (PID=4738) to work on /opt/airflow/dags/sanity_checks.py
[2026-07-23T12:29:35.102+0000] {processor.py:914} INFO - Processing file /opt/airflow/dags/sanity_checks.py for tasks to queue
[2026-07-23T12:29:35.106+0000] {logging_mixin.py:190} INFO - [2026-07-23T12:29:35.105+0000] {dagbag.py:587} INFO - Filling up the DagBag from /opt/airflow/dags/sanity_checks.py
[2026-07-23T12:29:35.123+0000] {processor.py:925} INFO - DAG(s) 'airflow_sanity_check' retrieved from /opt/airflow/dags/sanity_checks.py
[2026-07-23T12:29:35.170+0000] {logging_mixin.py:190} INFO - [2026-07-23T12:29:35.169+0000] {dag.py:3211} INFO - Sync 1 DAGs
[2026-07-23T12:29:35.203+0000] {logging_mixin.py:190} INFO - [2026-07-23T12:29:35.203+0000] {dag.py:4138} INFO - Setting next_dagrun for airflow_sanity_check to None, run_after=None
[2026-07-23T12:29:35.234+0000] {processor.py:208} INFO - Processing /opt/airflow/dags/sanity_checks.py took 0.143 seconds
[2026-07-23T12:30:05.574+0000] {processor.py:186} INFO - Started process (PID=4753) to work on /opt/airflow/dags/sanity_checks.py
[2026-07-23T12:30:05.576+0000] {processor.py:914} INFO - Processing file /opt/airflow/dags/sanity_checks.py for tasks to queue
[2026-07-23T12:30:05.579+0000] {logging_mixin.py:190} INFO - [2026-07-23T12:30:05.579+0000] {dagbag.py:587} INFO - Filling up the DagBag from /opt/airflow/dags/sanity_checks.py
[2026-07-23T12:30:05.596+0000] {processor.py:925} INFO - DAG(s) 'airflow_sanity_check' retrieved from /opt/airflow/dags/sanity_checks.py
[2026-07-23T12:30:05.636+0000] {logging_mixin.py:190} INFO - [2026-07-23T12:30:05.636+0000] {dag.py:3211} INFO - Sync 1 DAGs
[2026-07-23T12:30:05.658+0000] {logging_mixin.py:190} INFO - [2026-07-23T12:30:05.657+0000] {dag.py:4138} INFO - Setting next_dagrun for airflow_sanity_check to None, run_after=None
[2026-07-23T12:30:05.687+0000] {processor.py:208} INFO - Processing /opt/airflow/dags/sanity_checks.py took 0.122 seconds
[2026-07-23T12:30:36.307+0000] {processor.py:186} INFO - Started process (PID=4768) to work on /opt/airflow/dags/sanity_checks.py
[2026-07-23T12:30:36.308+0000] {processor.py:914} INFO - Processing file /opt/airflow/dags/sanity_checks.py for tasks to queue
[2026-07-23T12:30:36.313+0000] {logging_mixin.py:190} INFO - [2026-07-23T12:30:36.312+0000] {dagbag.py:587} INFO - Filling up the DagBag from /opt/airflow/dags/sanity_checks.py
[2026-07-23T12:30:36.327+0000] {processor.py:925} INFO - DAG(s) 'airflow_sanity_check' retrieved from /opt/airflow/dags/sanity_checks.py
[2026-07-23T12:30:36.368+0000] {logging_mixin.py:190} INFO - [2026-07-23T12:30:36.367+0000] {dag.py:3211} INFO - Sync 1 DAGs
[2026-07-23T12:30:36.390+0000] {logging_mixin.py:190} INFO - [2026-07-23T12:30:36.390+0000] {dag.py:4138} INFO - Setting next_dagrun for airflow_sanity_check to None, run_after=None
[2026-07-23T12:30:36.603+0000] {processor.py:208} INFO - Processing /opt/airflow/dags/sanity_checks.py took 0.306 seconds
[2026-07-23T12:31:06.975+0000] {processor.py:186} INFO - Started process (PID=4783) to work on /opt/airflow/dags/sanity_checks.py
[2026-07-23T12:31:06.977+0000] {processor.py:914} INFO - Processing file /opt/airflow/dags/sanity_checks.py for tasks to queue
[2026-07-23T12:31:06.980+0000] {logging_mixin.py:190} INFO - [2026-07-23T12:31:06.980+0000] {dagbag.py:587} INFO - Filling up the DagBag from /opt/airflow/dags/sanity_checks.py
[2026-07-23T12:31:06.995+0000] {processor.py:925} INFO - DAG(s) 'airflow_sanity_check' retrieved from /opt/airflow/dags/sanity_checks.py
[2026-07-23T12:31:07.038+0000] {logging_mixin.py:190} INFO - [2026-07-23T12:31:07.038+0000] {dag.py:3211} INFO - Sync 1 DAGs
[2026-07-23T12:31:07.244+0000] {logging_mixin.py:190} INFO - [2026-07-23T12:31:07.244+0000] {dag.py:4138} INFO - Setting next_dagrun for airflow_sanity_check to None, run_after=None
[2026-07-23T12:31:07.332+0000] {processor.py:208} INFO - Processing /opt/airflow/dags/sanity_checks.py took 0.366 seconds
[2026-07-23T12:31:37.710+0000] {processor.py:186} INFO - Started process (PID=4798) to work on /opt/airflow/dags/sanity_checks.py
[2026-07-23T12:31:37.712+0000] {processor.py:914} INFO - Processing file /opt/airflow/dags/sanity_checks.py for tasks to queue
[2026-07-23T12:31:37.715+0000] {logging_mixin.py:190} INFO - [2026-07-23T12:31:37.715+0000] {dagbag.py:587} INFO - Filling up the DagBag from /opt/airflow/dags/sanity_checks.py
[2026-07-23T12:31:37.731+0000] {processor.py:925} INFO - DAG(s) 'airflow_sanity_check' retrieved from /opt/airflow/dags/sanity_checks.py
[2026-07-23T12:31:37.772+0000] {logging_mixin.py:190} INFO - [2026-07-23T12:31:37.771+0000] {dag.py:3211} INFO - Sync 1 DAGs
[2026-07-23T12:31:37.793+0000] {logging_mixin.py:190} INFO - [2026-07-23T12:31:37.793+0000] {dag.py:4138} INFO - Setting next_dagrun for airflow_sanity_check to None, run_after=None
[2026-07-23T12:31:37.822+0000] {processor.py:208} INFO - Processing /opt/airflow/dags/sanity_checks.py took 0.121 seconds
[2026-07-23T12:32:08.203+0000] {processor.py:186} INFO - Started process (PID=4813) to work on /opt/airflow/dags/sanity_checks.py
[2026-07-23T12:32:08.205+0000] {processor.py:914} INFO - Processing file /opt/airflow/dags/sanity_checks.py for tasks to queue
[2026-07-23T12:32:08.209+0000] {logging_mixin.py:190} INFO - [2026-07-23T12:32:08.208+0000] {dagbag.py:587} INFO - Filling up the DagBag from /opt/airflow/dags/sanity_checks.py
[2026-07-23T12:32:08.226+0000] {processor.py:925} INFO - DAG(s) 'airflow_sanity_check' retrieved from /opt/airflow/dags/sanity_checks.py
[2026-07-23T12:32:08.267+0000] {logging_mixin.py:190} INFO - [2026-07-23T12:32:08.266+0000] {dag.py:3211} INFO - Sync 1 DAGs
[2026-07-23T12:32:08.288+0000] {logging_mixin.py:190} INFO - [2026-07-23T12:32:08.288+0000] {dag.py:4138} INFO - Setting next_dagrun for airflow_sanity_check to None, run_after=None
[2026-07-23T12:32:08.316+0000] {processor.py:208} INFO - Processing /opt/airflow/dags/sanity_checks.py took 0.123 seconds
[2026-07-23T12:32:38.701+0000] {processor.py:186} INFO - Started process (PID=4828) to work on /opt/airflow/dags/sanity_checks.py
[2026-07-23T12:32:38.703+0000] {processor.py:914} INFO - Processing file /opt/airflow/dags/sanity_checks.py for tasks to queue
[2026-07-23T12:32:38.707+0000] {logging_mixin.py:190} INFO - [2026-07-23T12:32:38.706+0000] {dagbag.py:587} INFO - Filling up the DagBag from /opt/airflow/dags/sanity_checks.py
[2026-07-23T12:32:38.725+0000] {processor.py:925} INFO - DAG(s) 'airflow_sanity_check' retrieved from /opt/airflow/dags/sanity_checks.py
[2026-07-23T12:32:38.775+0000] {logging_mixin.py:190} INFO - [2026-07-23T12:32:38.775+0000] {dag.py:3211} INFO - Sync 1 DAGs
[2026-07-23T12:32:38.798+0000] {logging_mixin.py:190} INFO - [2026-07-23T12:32:38.797+0000] {dag.py:4138} INFO - Setting next_dagrun for airflow_sanity_check to None, run_after=None
[2026-07-23T12:32:38.826+0000] {processor.py:208} INFO - Processing /opt/airflow/dags/sanity_checks.py took 0.136 seconds
[2026-07-23T12:33:09.186+0000] {processor.py:186} INFO - Started process (PID=4843) to work on /opt/airflow/dags/sanity_checks.py
[2026-07-23T12:33:09.188+0000] {processor.py:914} INFO - Processing file /opt/airflow/dags/sanity_checks.py for tasks to queue
[2026-07-23T12:33:09.192+0000] {logging_mixin.py:190} INFO - [2026-07-23T12:33:09.192+0000] {dagbag.py:587} INFO - Filling up the DagBag from /opt/airflow/dags/sanity_checks.py
[2026-07-23T12:33:09.209+0000] {processor.py:925} INFO - DAG(s) 'airflow_sanity_check' retrieved from /opt/airflow/dags/sanity_checks.py
[2026-07-23T12:33:09.250+0000] {logging_mixin.py:190} INFO - [2026-07-23T12:33:09.250+0000] {dag.py:3211} INFO - Sync 1 DAGs
[2026-07-23T12:33:09.271+0000] {logging_mixin.py:190} INFO - [2026-07-23T12:33:09.271+0000] {dag.py:4138} INFO - Setting next_dagrun for airflow_sanity_check to None, run_after=None
[2026-07-23T12:33:09.473+0000] {processor.py:208} INFO - Processing /opt/airflow/dags/sanity_checks.py took 0.297 seconds
[2026-07-23T12:33:39.842+0000] {processor.py:186} INFO - Started process (PID=4858) to work on /opt/airflow/dags/sanity_checks.py
[2026-07-23T12:33:39.844+0000] {processor.py:914} INFO - Processing file /opt/airflow/dags/sanity_checks.py for tasks to queue
[2026-07-23T12:33:39.849+0000] {logging_mixin.py:190} INFO - [2026-07-23T12:33:39.849+0000] {dagbag.py:587} INFO - Filling up the DagBag from /opt/airflow/dags/sanity_checks.py
[2026-07-23T12:33:39.865+0000] {processor.py:925} INFO - DAG(s) 'airflow_sanity_check' retrieved from /opt/airflow/dags/sanity_checks.py
[2026-07-23T12:33:39.907+0000] {logging_mixin.py:190} INFO - [2026-07-23T12:33:39.907+0000] {dag.py:3211} INFO - Sync 1 DAGs
[2026-07-23T12:33:40.116+0000] {logging_mixin.py:190} INFO - [2026-07-23T12:33:40.116+0000] {dag.py:4138} INFO - Setting next_dagrun for airflow_sanity_check to None, run_after=None
[2026-07-23T12:33:40.142+0000] {processor.py:208} INFO - Processing /opt/airflow/dags/sanity_checks.py took 0.309 seconds
[2026-07-23T12:34:10.514+0000] {processor.py:186} INFO - Started process (PID=4873) to work on /opt/airflow/dags/sanity_checks.py
[2026-07-23T12:34:10.516+0000] {processor.py:914} INFO - Processing file /opt/airflow/dags/sanity_checks.py for tasks to queue
[2026-07-23T12:34:10.520+0000] {logging_mixin.py:190} INFO - [2026-07-23T12:34:10.519+0000] {dagbag.py:587} INFO - Filling up the DagBag from /opt/airflow/dags/sanity_checks.py
[2026-07-23T12:34:10.535+0000] {processor.py:925} INFO - DAG(s) 'airflow_sanity_check' retrieved from /opt/airflow/dags/sanity_checks.py
[2026-07-23T12:34:10.767+0000] {logging_mixin.py:190} INFO - [2026-07-23T12:34:10.767+0000] {dag.py:3211} INFO - Sync 1 DAGs
[2026-07-23T12:34:10.786+0000] {logging_mixin.py:190} INFO - [2026-07-23T12:34:10.786+0000] {dag.py:4138} INFO - Setting next_dagrun for airflow_sanity_check to None, run_after=None
[2026-07-23T12:34:10.810+0000] {processor.py:208} INFO - Processing /opt/airflow/dags/sanity_checks.py took 0.306 seconds
[2026-07-23T12:34:41.168+0000] {processor.py:186} INFO - Started process (PID=4888) to work on /opt/airflow/dags/sanity_checks.py
[2026-07-23T12:34:41.170+0000] {processor.py:914} INFO - Processing file /opt/airflow/dags/sanity_checks.py for tasks to queue
[2026-07-23T12:34:41.174+0000] {logging_mixin.py:190} INFO - [2026-07-23T12:34:41.174+0000] {dagbag.py:587} INFO - Filling up the DagBag from /opt/airflow/dags/sanity_checks.py
[2026-07-23T12:34:41.190+0000] {processor.py:925} INFO - DAG(s) 'airflow_sanity_check' retrieved from /opt/airflow/dags/sanity_checks.py
[2026-07-23T12:34:41.231+0000] {logging_mixin.py:190} INFO - [2026-07-23T12:34:41.231+0000] {dag.py:3211} INFO - Sync 1 DAGs
[2026-07-23T12:34:41.252+0000] {logging_mixin.py:190} INFO - [2026-07-23T12:34:41.252+0000] {dag.py:4138} INFO - Setting next_dagrun for airflow_sanity_check to None, run_after=None
[2026-07-23T12:34:41.282+0000] {processor.py:208} INFO - Processing /opt/airflow/dags/sanity_checks.py took 0.123 seconds
[2026-07-23T12:35:11.654+0000] {processor.py:186} INFO - Started process (PID=4903) to work on /opt/airflow/dags/sanity_checks.py
[2026-07-23T12:35:11.655+0000] {processor.py:914} INFO - Processing file /opt/airflow/dags/sanity_checks.py for tasks to queue
[2026-07-23T12:35:11.659+0000] {logging_mixin.py:190} INFO - [2026-07-23T12:35:11.659+0000] {dagbag.py:587} INFO - Filling up the DagBag from /opt/airflow/dags/sanity_checks.py
[2026-07-23T12:35:11.676+0000] {processor.py:925} INFO - DAG(s) 'airflow_sanity_check' retrieved from /opt/airflow/dags/sanity_checks.py
[2026-07-23T12:35:11.717+0000] {logging_mixin.py:190} INFO - [2026-07-23T12:35:11.717+0000] {dag.py:3211} INFO - Sync 1 DAGs
[2026-07-23T12:35:11.738+0000] {logging_mixin.py:190} INFO - [2026-07-23T12:35:11.738+0000] {dag.py:4138} INFO - Setting next_dagrun for airflow_sanity_check to None, run_after=None
[2026-07-23T12:35:11.767+0000] {processor.py:208} INFO - Processing /opt/airflow/dags/sanity_checks.py took 0.123 seconds
[2026-07-23T12:35:42.231+0000] {processor.py:186} INFO - Started process (PID=4918) to work on /opt/airflow/dags/sanity_checks.py
[2026-07-23T12:35:42.232+0000] {processor.py:914} INFO - Processing file /opt/airflow/dags/sanity_checks.py for tasks to queue
[2026-07-23T12:35:42.237+0000] {logging_mixin.py:190} INFO - [2026-07-23T12:35:42.236+0000] {dagbag.py:587} INFO - Filling up the DagBag from /opt/airflow/dags/sanity_checks.py
[2026-07-23T12:35:42.253+0000] {processor.py:925} INFO - DAG(s) 'airflow_sanity_check' retrieved from /opt/airflow/dags/sanity_checks.py
[2026-07-23T12:35:42.297+0000] {logging_mixin.py:190} INFO - [2026-07-23T12:35:42.296+0000] {dag.py:3211} INFO - Sync 1 DAGs
[2026-07-23T12:35:42.321+0000] {logging_mixin.py:190} INFO - [2026-07-23T12:35:42.320+0000] {dag.py:4138} INFO - Setting next_dagrun for airflow_sanity_check to None, run_after=None
[2026-07-23T12:35:42.351+0000] {processor.py:208} INFO - Processing /opt/airflow/dags/sanity_checks.py took 0.130 seconds
[2026-07-23T12:36:13.200+0000] {processor.py:186} INFO - Started process (PID=4933) to work on /opt/airflow/dags/sanity_checks.py
[2026-07-23T12:36:13.206+0000] {processor.py:914} INFO - Processing file /opt/airflow/dags/sanity_checks.py for tasks to queue
[2026-07-23T12:36:13.224+0000] {logging_mixin.py:190} INFO - [2026-07-23T12:36:13.222+0000] {dagbag.py:587} INFO - Filling up the DagBag from /opt/airflow/dags/sanity_checks.py
[2026-07-23T12:36:13.291+0000] {processor.py:925} INFO - DAG(s) 'airflow_sanity_check' retrieved from /opt/airflow/dags/sanity_checks.py
[2026-07-23T12:36:13.473+0000] {logging_mixin.py:190} INFO - [2026-07-23T12:36:13.472+0000] {dag.py:3211} INFO - Sync 1 DAGs
[2026-07-23T12:36:13.583+0000] {logging_mixin.py:190} INFO - [2026-07-23T12:36:13.582+0000] {dag.py:4138} INFO - Setting next_dagrun for airflow_sanity_check to None, run_after=None
[2026-07-23T12:36:14.700+0000] {processor.py:208} INFO - Processing /opt/airflow/dags/sanity_checks.py took 1.542 seconds
[2026-07-23T12:36:44.925+0000] {processor.py:186} INFO - Started process (PID=4945) to work on /opt/airflow/dags/sanity_checks.py
[2026-07-23T12:36:44.931+0000] {processor.py:914} INFO - Processing file /opt/airflow/dags/sanity_checks.py for tasks to queue
[2026-07-23T12:36:44.947+0000] {logging_mixin.py:190} INFO - [2026-07-23T12:36:44.945+0000] {dagbag.py:587} INFO - Filling up the DagBag from /opt/airflow/dags/sanity_checks.py
[2026-07-23T12:36:45.016+0000] {processor.py:925} INFO - DAG(s) 'airflow_sanity_check' retrieved from /opt/airflow/dags/sanity_checks.py
[2026-07-23T12:36:45.199+0000] {logging_mixin.py:190} INFO - [2026-07-23T12:36:45.197+0000] {dag.py:3211} INFO - Sync 1 DAGs
[2026-07-23T12:36:45.938+0000] {logging_mixin.py:190} INFO - [2026-07-23T12:36:45.937+0000] {dag.py:4138} INFO - Setting next_dagrun for airflow_sanity_check to None, run_after=None
[2026-07-23T12:36:46.053+0000] {processor.py:208} INFO - Processing /opt/airflow/dags/sanity_checks.py took 1.168 seconds
[2026-07-23T12:37:16.358+0000] {processor.py:186} INFO - Started process (PID=4960) to work on /opt/airflow/dags/sanity_checks.py
[2026-07-23T12:37:16.367+0000] {processor.py:914} INFO - Processing file /opt/airflow/dags/sanity_checks.py for tasks to queue
[2026-07-23T12:37:16.399+0000] {logging_mixin.py:190} INFO - [2026-07-23T12:37:16.395+0000] {dagbag.py:587} INFO - Filling up the DagBag from /opt/airflow/dags/sanity_checks.py
[2026-07-23T12:37:16.479+0000] {processor.py:925} INFO - DAG(s) 'airflow_sanity_check' retrieved from /opt/airflow/dags/sanity_checks.py
[2026-07-23T12:37:17.425+0000] {logging_mixin.py:190} INFO - [2026-07-23T12:37:17.421+0000] {dag.py:3211} INFO - Sync 1 DAGs
[2026-07-23T12:37:17.551+0000] {logging_mixin.py:190} INFO - [2026-07-23T12:37:17.550+0000] {dag.py:4138} INFO - Setting next_dagrun for airflow_sanity_check to None, run_after=None
[2026-07-23T12:37:17.755+0000] {processor.py:208} INFO - Processing /opt/airflow/dags/sanity_checks.py took 1.461 seconds
[2026-07-23T12:37:48.091+0000] {processor.py:186} INFO - Started process (PID=4975) to work on /opt/airflow/dags/sanity_checks.py
[2026-07-23T12:37:48.098+0000] {processor.py:914} INFO - Processing file /opt/airflow/dags/sanity_checks.py for tasks to queue
[2026-07-23T12:37:48.114+0000] {logging_mixin.py:190} INFO - [2026-07-23T12:37:48.112+0000] {dagbag.py:587} INFO - Filling up the DagBag from /opt/airflow/dags/sanity_checks.py
[2026-07-23T12:37:48.187+0000] {processor.py:925} INFO - DAG(s) 'airflow_sanity_check' retrieved from /opt/airflow/dags/sanity_checks.py
[2026-07-23T12:37:48.367+0000] {logging_mixin.py:190} INFO - [2026-07-23T12:37:48.366+0000] {dag.py:3211} INFO - Sync 1 DAGs
[2026-07-23T12:37:48.460+0000] {logging_mixin.py:190} INFO - [2026-07-23T12:37:48.459+0000] {dag.py:4138} INFO - Setting next_dagrun for airflow_sanity_check to None, run_after=None
[2026-07-23T12:37:48.583+0000] {processor.py:208} INFO - Processing /opt/airflow/dags/sanity_checks.py took 0.534 seconds
[2026-07-23T12:38:18.900+0000] {processor.py:186} INFO - Started process (PID=4990) to work on /opt/airflow/dags/sanity_checks.py
[2026-07-23T12:38:18.907+0000] {processor.py:914} INFO - Processing file /opt/airflow/dags/sanity_checks.py for tasks to queue
[2026-07-23T12:38:18.921+0000] {logging_mixin.py:190} INFO - [2026-07-23T12:38:18.919+0000] {dagbag.py:587} INFO - Filling up the DagBag from /opt/airflow/dags/sanity_checks.py
[2026-07-23T12:38:19.129+0000] {processor.py:925} INFO - DAG(s) 'airflow_sanity_check' retrieved from /opt/airflow/dags/sanity_checks.py
[2026-07-23T12:38:19.426+0000] {logging_mixin.py:190} INFO - [2026-07-23T12:38:19.422+0000] {dag.py:3211} INFO - Sync 1 DAGs
[2026-07-23T12:38:19.594+0000] {logging_mixin.py:190} INFO - [2026-07-23T12:38:19.592+0000] {dag.py:4138} INFO - Setting next_dagrun for airflow_sanity_check to None, run_after=None
[2026-07-23T12:38:19.855+0000] {processor.py:208} INFO - Processing /opt/airflow/dags/sanity_checks.py took 0.994 seconds
[2026-07-23T12:38:51.408+0000] {processor.py:186} INFO - Started process (PID=5005) to work on /opt/airflow/dags/sanity_checks.py
[2026-07-23T12:38:51.449+0000] {processor.py:914} INFO - Processing file /opt/airflow/dags/sanity_checks.py for tasks to queue
[2026-07-23T12:38:51.498+0000] {logging_mixin.py:190} INFO - [2026-07-23T12:38:51.495+0000] {dagbag.py:587} INFO - Filling up the DagBag from /opt/airflow/dags/sanity_checks.py
[2026-07-23T12:38:51.582+0000] {processor.py:925} INFO - DAG(s) 'airflow_sanity_check' retrieved from /opt/airflow/dags/sanity_checks.py
[2026-07-23T12:38:51.761+0000] {logging_mixin.py:190} INFO - [2026-07-23T12:38:51.760+0000] {dag.py:3211} INFO - Sync 1 DAGs
[2026-07-23T12:38:51.859+0000] {logging_mixin.py:190} INFO - [2026-07-23T12:38:51.858+0000] {dag.py:4138} INFO - Setting next_dagrun for airflow_sanity_check to None, run_after=None
[2026-07-23T12:38:52.630+0000] {processor.py:208} INFO - Processing /opt/airflow/dags/sanity_checks.py took 1.479 seconds
[2026-07-23T12:39:23.770+0000] {processor.py:186} INFO - Started process (PID=5023) to work on /opt/airflow/dags/sanity_checks.py
[2026-07-23T12:39:23.781+0000] {processor.py:914} INFO - Processing file /opt/airflow/dags/sanity_checks.py for tasks to queue
[2026-07-23T12:39:23.810+0000] {logging_mixin.py:190} INFO - [2026-07-23T12:39:23.807+0000] {dagbag.py:587} INFO - Filling up the DagBag from /opt/airflow/dags/sanity_checks.py
[2026-07-23T12:39:23.897+0000] {processor.py:925} INFO - DAG(s) 'airflow_sanity_check' retrieved from /opt/airflow/dags/sanity_checks.py
[2026-07-23T12:39:24.119+0000] {logging_mixin.py:190} INFO - [2026-07-23T12:39:24.118+0000] {dag.py:3211} INFO - Sync 1 DAGs
[2026-07-23T12:39:25.108+0000] {logging_mixin.py:190} INFO - [2026-07-23T12:39:25.106+0000] {dag.py:4138} INFO - Setting next_dagrun for airflow_sanity_check to None, run_after=None
[2026-07-23T12:39:25.238+0000] {processor.py:208} INFO - Processing /opt/airflow/dags/sanity_checks.py took 1.522 seconds
[2026-07-23T12:39:56.035+0000] {processor.py:186} INFO - Started process (PID=5038) to work on /opt/airflow/dags/sanity_checks.py
[2026-07-23T12:39:56.043+0000] {processor.py:914} INFO - Processing file /opt/airflow/dags/sanity_checks.py for tasks to queue
[2026-07-23T12:39:56.059+0000] {logging_mixin.py:190} INFO - [2026-07-23T12:39:56.057+0000] {dagbag.py:587} INFO - Filling up the DagBag from /opt/airflow/dags/sanity_checks.py
[2026-07-23T12:39:56.133+0000] {processor.py:925} INFO - DAG(s) 'airflow_sanity_check' retrieved from /opt/airflow/dags/sanity_checks.py
[2026-07-23T12:39:57.193+0000] {logging_mixin.py:190} INFO - [2026-07-23T12:39:57.192+0000] {dag.py:3211} INFO - Sync 1 DAGs
[2026-07-23T12:39:57.278+0000] {logging_mixin.py:190} INFO - [2026-07-23T12:39:57.276+0000] {dag.py:4138} INFO - Setting next_dagrun for airflow_sanity_check to None, run_after=None
[2026-07-23T12:39:57.388+0000] {processor.py:208} INFO - Processing /opt/airflow/dags/sanity_checks.py took 1.398 seconds
[2026-07-23T12:40:27.592+0000] {processor.py:186} INFO - Started process (PID=5050) to work on /opt/airflow/dags/sanity_checks.py
[2026-07-23T12:40:27.598+0000] {processor.py:914} INFO - Processing file /opt/airflow/dags/sanity_checks.py for tasks to queue
[2026-07-23T12:40:27.613+0000] {logging_mixin.py:190} INFO - [2026-07-23T12:40:27.611+0000] {dagbag.py:587} INFO - Filling up the DagBag from /opt/airflow/dags/sanity_checks.py
[2026-07-23T12:40:27.681+0000] {processor.py:925} INFO - DAG(s) 'airflow_sanity_check' retrieved from /opt/airflow/dags/sanity_checks.py
[2026-07-23T12:40:27.916+0000] {logging_mixin.py:190} INFO - [2026-07-23T12:40:27.914+0000] {dag.py:3211} INFO - Sync 1 DAGs
[2026-07-23T12:40:28.030+0000] {logging_mixin.py:190} INFO - [2026-07-23T12:40:28.029+0000] {dag.py:4138} INFO - Setting next_dagrun for airflow_sanity_check to None, run_after=None
[2026-07-23T12:40:28.160+0000] {processor.py:208} INFO - Processing /opt/airflow/dags/sanity_checks.py took 0.608 seconds
[2026-07-23T12:40:58.979+0000] {processor.py:186} INFO - Started process (PID=5065) to work on /opt/airflow/dags/sanity_checks.py
[2026-07-23T12:40:58.988+0000] {processor.py:914} INFO - Processing file /opt/airflow/dags/sanity_checks.py for tasks to queue
[2026-07-23T12:40:59.010+0000] {logging_mixin.py:190} INFO - [2026-07-23T12:40:59.004+0000] {dagbag.py:587} INFO - Filling up the DagBag from /opt/airflow/dags/sanity_checks.py
[2026-07-23T12:40:59.088+0000] {processor.py:925} INFO - DAG(s) 'airflow_sanity_check' retrieved from /opt/airflow/dags/sanity_checks.py
[2026-07-23T12:40:59.270+0000] {logging_mixin.py:190} INFO - [2026-07-23T12:40:59.269+0000] {dag.py:3211} INFO - Sync 1 DAGs
[2026-07-23T12:40:59.372+0000] {logging_mixin.py:190} INFO - [2026-07-23T12:40:59.371+0000] {dag.py:4138} INFO - Setting next_dagrun for airflow_sanity_check to None, run_after=None
[2026-07-23T12:40:59.510+0000] {processor.py:208} INFO - Processing /opt/airflow/dags/sanity_checks.py took 0.584 seconds
[2026-07-23T12:41:30.117+0000] {processor.py:186} INFO - Started process (PID=5080) to work on /opt/airflow/dags/sanity_checks.py
[2026-07-23T12:41:30.125+0000] {processor.py:914} INFO - Processing file /opt/airflow/dags/sanity_checks.py for tasks to queue
[2026-07-23T12:41:30.147+0000] {logging_mixin.py:190} INFO - [2026-07-23T12:41:30.144+0000] {dagbag.py:587} INFO - Filling up the DagBag from /opt/airflow/dags/sanity_checks.py
[2026-07-23T12:41:30.214+0000] {processor.py:925} INFO - DAG(s) 'airflow_sanity_check' retrieved from /opt/airflow/dags/sanity_checks.py
[2026-07-23T12:41:30.418+0000] {logging_mixin.py:190} INFO - [2026-07-23T12:41:30.417+0000] {dag.py:3211} INFO - Sync 1 DAGs
[2026-07-23T12:41:30.608+0000] {logging_mixin.py:190} INFO - [2026-07-23T12:41:30.606+0000] {dag.py:4138} INFO - Setting next_dagrun for airflow_sanity_check to None, run_after=None
[2026-07-23T12:41:30.718+0000] {processor.py:208} INFO - Processing /opt/airflow/dags/sanity_checks.py took 0.684 seconds
[2026-07-23T12:42:00.994+0000] {processor.py:186} INFO - Started process (PID=5095) to work on /opt/airflow/dags/sanity_checks.py
[2026-07-23T12:42:01.000+0000] {processor.py:914} INFO - Processing file /opt/airflow/dags/sanity_checks.py for tasks to queue
[2026-07-23T12:42:01.020+0000] {logging_mixin.py:190} INFO - [2026-07-23T12:42:01.017+0000] {dagbag.py:587} INFO - Filling up the DagBag from /opt/airflow/dags/sanity_checks.py
[2026-07-23T12:42:01.094+0000] {processor.py:925} INFO - DAG(s) 'airflow_sanity_check' retrieved from /opt/airflow/dags/sanity_checks.py
[2026-07-23T12:42:01.266+0000] {logging_mixin.py:190} INFO - [2026-07-23T12:42:01.265+0000] {dag.py:3211} INFO - Sync 1 DAGs
[2026-07-23T12:42:01.363+0000] {logging_mixin.py:190} INFO - [2026-07-23T12:42:01.362+0000] {dag.py:4138} INFO - Setting next_dagrun for airflow_sanity_check to None, run_after=None
[2026-07-23T12:42:02.111+0000] {processor.py:208} INFO - Processing /opt/airflow/dags/sanity_checks.py took 1.161 seconds
[2026-07-23T12:42:32.414+0000] {processor.py:186} INFO - Started process (PID=5110) to work on /opt/airflow/dags/sanity_checks.py
[2026-07-23T12:42:32.421+0000] {processor.py:914} INFO - Processing file /opt/airflow/dags/sanity_checks.py for tasks to queue
[2026-07-23T12:42:32.440+0000] {logging_mixin.py:190} INFO - [2026-07-23T12:42:32.438+0000] {dagbag.py:587} INFO - Filling up the DagBag from /opt/airflow/dags/sanity_checks.py
[2026-07-23T12:42:32.511+0000] {processor.py:925} INFO - DAG(s) 'airflow_sanity_check' retrieved from /opt/airflow/dags/sanity_checks.py
[2026-07-23T12:42:32.687+0000] {logging_mixin.py:190} INFO - [2026-07-23T12:42:32.686+0000] {dag.py:3211} INFO - Sync 1 DAGs
[2026-07-23T12:42:33.379+0000] {logging_mixin.py:190} INFO - [2026-07-23T12:42:33.377+0000] {dag.py:4138} INFO - Setting next_dagrun for airflow_sanity_check to None, run_after=None
[2026-07-23T12:42:33.476+0000] {processor.py:208} INFO - Processing /opt/airflow/dags/sanity_checks.py took 1.103 seconds
[2026-07-23T12:43:03.650+0000] {processor.py:186} INFO - Started process (PID=5125) to work on /opt/airflow/dags/sanity_checks.py
[2026-07-23T12:43:03.652+0000] {processor.py:914} INFO - Processing file /opt/airflow/dags/sanity_checks.py for tasks to queue
[2026-07-23T12:43:03.656+0000] {logging_mixin.py:190} INFO - [2026-07-23T12:43:03.655+0000] {dagbag.py:587} INFO - Filling up the DagBag from /opt/airflow/dags/sanity_checks.py
[2026-07-23T12:43:03.676+0000] {processor.py:925} INFO - DAG(s) 'airflow_sanity_check' retrieved from /opt/airflow/dags/sanity_checks.py
[2026-07-23T12:43:03.964+0000] {logging_mixin.py:190} INFO - [2026-07-23T12:43:03.964+0000] {dag.py:3211} INFO - Sync 1 DAGs
[2026-07-23T12:43:03.986+0000] {logging_mixin.py:190} INFO - [2026-07-23T12:43:03.986+0000] {dag.py:4138} INFO - Setting next_dagrun for airflow_sanity_check to None, run_after=None
[2026-07-23T12:43:04.013+0000] {processor.py:208} INFO - Processing /opt/airflow/dags/sanity_checks.py took 0.373 seconds
[2026-07-23T12:48:13.991+0000] {processor.py:186} INFO - Started process (PID=5143) to work on /opt/airflow/dags/sanity_checks.py
[2026-07-23T12:48:13.992+0000] {processor.py:914} INFO - Processing file /opt/airflow/dags/sanity_checks.py for tasks to queue
[2026-07-23T12:48:13.996+0000] {logging_mixin.py:190} INFO - [2026-07-23T12:48:13.996+0000] {dagbag.py:587} INFO - Filling up the DagBag from /opt/airflow/dags/sanity_checks.py
[2026-07-23T12:48:14.012+0000] {processor.py:925} INFO - DAG(s) 'airflow_sanity_check' retrieved from /opt/airflow/dags/sanity_checks.py
[2026-07-23T12:48:14.056+0000] {logging_mixin.py:190} INFO - [2026-07-23T12:48:14.056+0000] {dag.py:3211} INFO - Sync 1 DAGs
[2026-07-23T12:48:14.079+0000] {logging_mixin.py:190} INFO - [2026-07-23T12:48:14.079+0000] {dag.py:4138} INFO - Setting next_dagrun for airflow_sanity_check to None, run_after=None
[2026-07-23T12:48:14.109+0000] {processor.py:208} INFO - Processing /opt/airflow/dags/sanity_checks.py took 0.129 seconds
[2026-07-23T12:48:44.506+0000] {processor.py:186} INFO - Started process (PID=5158) to work on /opt/airflow/dags/sanity_checks.py
[2026-07-23T12:48:44.508+0000] {processor.py:914} INFO - Processing file /opt/airflow/dags/sanity_checks.py for tasks to queue
[2026-07-23T12:48:44.513+0000] {logging_mixin.py:190} INFO - [2026-07-23T12:48:44.512+0000] {dagbag.py:587} INFO - Filling up the DagBag from /opt/airflow/dags/sanity_checks.py
[2026-07-23T12:48:44.536+0000] {processor.py:925} INFO - DAG(s) 'airflow_sanity_check' retrieved from /opt/airflow/dags/sanity_checks.py
[2026-07-23T12:48:44.587+0000] {logging_mixin.py:190} INFO - [2026-07-23T12:48:44.587+0000] {dag.py:3211} INFO - Sync 1 DAGs
[2026-07-23T12:48:44.618+0000] {logging_mixin.py:190} INFO - [2026-07-23T12:48:44.618+0000] {dag.py:4138} INFO - Setting next_dagrun for airflow_sanity_check to None, run_after=None
[2026-07-23T12:48:44.656+0000] {processor.py:208} INFO - Processing /opt/airflow/dags/sanity_checks.py took 0.161 seconds
[2026-07-23T12:49:15.120+0000] {processor.py:186} INFO - Started process (PID=5173) to work on /opt/airflow/dags/sanity_checks.py
[2026-07-23T12:49:15.146+0000] {processor.py:914} INFO - Processing file /opt/airflow/dags/sanity_checks.py for tasks to queue
[2026-07-23T12:49:15.152+0000] {logging_mixin.py:190} INFO - [2026-07-23T12:49:15.151+0000] {dagbag.py:587} INFO - Filling up the DagBag from /opt/airflow/dags/sanity_checks.py
[2026-07-23T12:49:15.175+0000] {processor.py:925} INFO - DAG(s) 'airflow_sanity_check' retrieved from /opt/airflow/dags/sanity_checks.py
[2026-07-23T12:49:15.231+0000] {logging_mixin.py:190} INFO - [2026-07-23T12:49:15.231+0000] {dag.py:3211} INFO - Sync 1 DAGs
[2026-07-23T12:49:15.262+0000] {logging_mixin.py:190} INFO - [2026-07-23T12:49:15.262+0000] {dag.py:4138} INFO - Setting next_dagrun for airflow_sanity_check to None, run_after=None
[2026-07-23T12:49:15.295+0000] {processor.py:208} INFO - Processing /opt/airflow/dags/sanity_checks.py took 0.212 seconds
[2026-07-23T12:49:45.961+0000] {processor.py:186} INFO - Started process (PID=5188) to work on /opt/airflow/dags/sanity_checks.py
[2026-07-23T12:49:45.963+0000] {processor.py:914} INFO - Processing file /opt/airflow/dags/sanity_checks.py for tasks to queue
[2026-07-23T12:49:45.969+0000] {logging_mixin.py:190} INFO - [2026-07-23T12:49:45.968+0000] {dagbag.py:587} INFO - Filling up the DagBag from /opt/airflow/dags/sanity_checks.py
[2026-07-23T12:49:45.984+0000] {processor.py:925} INFO - DAG(s) 'airflow_sanity_check' retrieved from /opt/airflow/dags/sanity_checks.py
[2026-07-23T12:49:46.033+0000] {logging_mixin.py:190} INFO - [2026-07-23T12:49:46.032+0000] {dag.py:3211} INFO - Sync 1 DAGs
[2026-07-23T12:49:46.060+0000] {logging_mixin.py:190} INFO - [2026-07-23T12:49:46.059+0000] {dag.py:4138} INFO - Setting next_dagrun for airflow_sanity_check to None, run_after=None
[2026-07-23T12:49:46.706+0000] {processor.py:208} INFO - Processing /opt/airflow/dags/sanity_checks.py took 0.753 seconds
[2026-07-23T12:50:17.550+0000] {processor.py:186} INFO - Started process (PID=5203) to work on /opt/airflow/dags/sanity_checks.py
[2026-07-23T12:50:17.552+0000] {processor.py:914} INFO - Processing file /opt/airflow/dags/sanity_checks.py for tasks to queue
[2026-07-23T12:50:17.556+0000] {logging_mixin.py:190} INFO - [2026-07-23T12:50:17.555+0000] {dagbag.py:587} INFO - Filling up the DagBag from /opt/airflow/dags/sanity_checks.py
[2026-07-23T12:50:17.570+0000] {processor.py:925} INFO - DAG(s) 'airflow_sanity_check' retrieved from /opt/airflow/dags/sanity_checks.py
[2026-07-23T12:50:17.613+0000] {logging_mixin.py:190} INFO - [2026-07-23T12:50:17.613+0000] {dag.py:3211} INFO - Sync 1 DAGs
[2026-07-23T12:50:17.955+0000] {logging_mixin.py:190} INFO - [2026-07-23T12:50:17.954+0000] {dag.py:4138} INFO - Setting next_dagrun for airflow_sanity_check to None, run_after=None
[2026-07-23T12:50:18.077+0000] {processor.py:208} INFO - Processing /opt/airflow/dags/sanity_checks.py took 0.534 seconds
[2026-07-23T12:50:48.493+0000] {processor.py:186} INFO - Started process (PID=5218) to work on /opt/airflow/dags/sanity_checks.py
[2026-07-23T12:50:48.494+0000] {processor.py:914} INFO - Processing file /opt/airflow/dags/sanity_checks.py for tasks to queue
[2026-07-23T12:50:48.498+0000] {logging_mixin.py:190} INFO - [2026-07-23T12:50:48.497+0000] {dagbag.py:587} INFO - Filling up the DagBag from /opt/airflow/dags/sanity_checks.py
[2026-07-23T12:50:48.513+0000] {processor.py:925} INFO - DAG(s) 'airflow_sanity_check' retrieved from /opt/airflow/dags/sanity_checks.py
[2026-07-23T12:50:48.769+0000] {logging_mixin.py:190} INFO - [2026-07-23T12:50:48.768+0000] {dag.py:3211} INFO - Sync 1 DAGs
[2026-07-23T12:50:48.818+0000] {logging_mixin.py:190} INFO - [2026-07-23T12:50:48.818+0000] {dag.py:4138} INFO - Setting next_dagrun for airflow_sanity_check to None, run_after=None
[2026-07-23T12:50:48.938+0000] {processor.py:208} INFO - Processing /opt/airflow/dags/sanity_checks.py took 0.451 seconds
[2026-07-23T12:51:19.463+0000] {processor.py:186} INFO - Started process (PID=5233) to work on /opt/airflow/dags/sanity_checks.py
[2026-07-23T12:51:19.465+0000] {processor.py:914} INFO - Processing file /opt/airflow/dags/sanity_checks.py for tasks to queue
[2026-07-23T12:51:19.469+0000] {logging_mixin.py:190} INFO - [2026-07-23T12:51:19.469+0000] {dagbag.py:587} INFO - Filling up the DagBag from /opt/airflow/dags/sanity_checks.py
[2026-07-23T12:51:19.484+0000] {processor.py:925} INFO - DAG(s) 'airflow_sanity_check' retrieved from /opt/airflow/dags/sanity_checks.py
[2026-07-23T12:51:19.528+0000] {logging_mixin.py:190} INFO - [2026-07-23T12:51:19.528+0000] {dag.py:3211} INFO - Sync 1 DAGs
[2026-07-23T12:51:19.549+0000] {logging_mixin.py:190} INFO - [2026-07-23T12:51:19.548+0000] {dag.py:4138} INFO - Setting next_dagrun for airflow_sanity_check to None, run_after=None
[2026-07-23T12:51:19.575+0000] {processor.py:208} INFO - Processing /opt/airflow/dags/sanity_checks.py took 0.121 seconds
[2026-07-23T13:22:35.882+0000] {processor.py:186} INFO - Started process (PID=5248) to work on /opt/airflow/dags/sanity_checks.py
[2026-07-23T13:22:35.890+0000] {processor.py:914} INFO - Processing file /opt/airflow/dags/sanity_checks.py for tasks to queue
[2026-07-23T13:22:35.909+0000] {logging_mixin.py:190} INFO - [2026-07-23T13:22:35.907+0000] {dagbag.py:587} INFO - Filling up the DagBag from /opt/airflow/dags/sanity_checks.py
[2026-07-23T13:22:35.982+0000] {processor.py:925} INFO - DAG(s) 'airflow_sanity_check' retrieved from /opt/airflow/dags/sanity_checks.py
[2026-07-23T13:22:36.192+0000] {logging_mixin.py:190} INFO - [2026-07-23T13:22:36.189+0000] {dag.py:3211} INFO - Sync 1 DAGs
[2026-07-23T13:22:36.295+0000] {logging_mixin.py:190} INFO - [2026-07-23T13:22:36.294+0000] {dag.py:4138} INFO - Setting next_dagrun for airflow_sanity_check to None, run_after=None
[2026-07-23T13:22:36.410+0000] {processor.py:208} INFO - Processing /opt/airflow/dags/sanity_checks.py took 0.587 seconds
[2026-07-23T13:23:06.758+0000] {processor.py:186} INFO - Started process (PID=5263) to work on /opt/airflow/dags/sanity_checks.py
[2026-07-23T13:23:06.767+0000] {processor.py:914} INFO - Processing file /opt/airflow/dags/sanity_checks.py for tasks to queue
[2026-07-23T13:23:06.788+0000] {logging_mixin.py:190} INFO - [2026-07-23T13:23:06.785+0000] {dagbag.py:587} INFO - Filling up the DagBag from /opt/airflow/dags/sanity_checks.py
[2026-07-23T13:23:06.879+0000] {processor.py:925} INFO - DAG(s) 'airflow_sanity_check' retrieved from /opt/airflow/dags/sanity_checks.py
[2026-07-23T13:23:07.211+0000] {logging_mixin.py:190} INFO - [2026-07-23T13:23:07.209+0000] {dag.py:3211} INFO - Sync 1 DAGs
[2026-07-23T13:23:07.432+0000] {logging_mixin.py:190} INFO - [2026-07-23T13:23:07.430+0000] {dag.py:4138} INFO - Setting next_dagrun for airflow_sanity_check to None, run_after=None
[2026-07-23T13:23:07.585+0000] {processor.py:208} INFO - Processing /opt/airflow/dags/sanity_checks.py took 0.872 seconds
[2026-07-23T13:23:38.403+0000] {processor.py:186} INFO - Started process (PID=5278) to work on /opt/airflow/dags/sanity_checks.py
[2026-07-23T13:23:38.410+0000] {processor.py:914} INFO - Processing file /opt/airflow/dags/sanity_checks.py for tasks to queue
[2026-07-23T13:23:38.429+0000] {logging_mixin.py:190} INFO - [2026-07-23T13:23:38.427+0000] {dagbag.py:587} INFO - Filling up the DagBag from /opt/airflow/dags/sanity_checks.py
[2026-07-23T13:23:38.520+0000] {processor.py:925} INFO - DAG(s) 'airflow_sanity_check' retrieved from /opt/airflow/dags/sanity_checks.py
[2026-07-23T13:23:38.726+0000] {logging_mixin.py:190} INFO - [2026-07-23T13:23:38.725+0000] {dag.py:3211} INFO - Sync 1 DAGs
[2026-07-23T13:23:38.842+0000] {logging_mixin.py:190} INFO - [2026-07-23T13:23:38.840+0000] {dag.py:4138} INFO - Setting next_dagrun for airflow_sanity_check to None, run_after=None
[2026-07-23T13:23:38.969+0000] {processor.py:208} INFO - Processing /opt/airflow/dags/sanity_checks.py took 0.643 seconds
[2026-07-23T13:24:09.996+0000] {processor.py:186} INFO - Started process (PID=5293) to work on /opt/airflow/dags/sanity_checks.py
[2026-07-23T13:24:10.000+0000] {processor.py:914} INFO - Processing file /opt/airflow/dags/sanity_checks.py for tasks to queue
[2026-07-23T13:24:10.014+0000] {logging_mixin.py:190} INFO - [2026-07-23T13:24:10.012+0000] {dagbag.py:587} INFO - Filling up the DagBag from /opt/airflow/dags/sanity_checks.py
[2026-07-23T13:24:10.059+0000] {processor.py:925} INFO - DAG(s) 'airflow_sanity_check' retrieved from /opt/airflow/dags/sanity_checks.py
[2026-07-23T13:24:10.212+0000] {logging_mixin.py:190} INFO - [2026-07-23T13:24:10.211+0000] {dag.py:3211} INFO - Sync 1 DAGs
[2026-07-23T13:24:10.272+0000] {logging_mixin.py:190} INFO - [2026-07-23T13:24:10.271+0000] {dag.py:4138} INFO - Setting next_dagrun for airflow_sanity_check to None, run_after=None
[2026-07-23T13:24:10.342+0000] {processor.py:208} INFO - Processing /opt/airflow/dags/sanity_checks.py took 0.374 seconds
[2026-07-23T13:24:40.925+0000] {processor.py:186} INFO - Started process (PID=5308) to work on /opt/airflow/dags/sanity_checks.py
[2026-07-23T13:24:40.928+0000] {processor.py:914} INFO - Processing file /opt/airflow/dags/sanity_checks.py for tasks to queue
[2026-07-23T13:24:40.937+0000] {logging_mixin.py:190} INFO - [2026-07-23T13:24:40.936+0000] {dagbag.py:587} INFO - Filling up the DagBag from /opt/airflow/dags/sanity_checks.py
[2026-07-23T13:24:40.968+0000] {processor.py:925} INFO - DAG(s) 'airflow_sanity_check' retrieved from /opt/airflow/dags/sanity_checks.py
[2026-07-23T13:24:41.052+0000] {logging_mixin.py:190} INFO - [2026-07-23T13:24:41.051+0000] {dag.py:3211} INFO - Sync 1 DAGs
[2026-07-23T13:24:41.095+0000] {logging_mixin.py:190} INFO - [2026-07-23T13:24:41.094+0000] {dag.py:4138} INFO - Setting next_dagrun for airflow_sanity_check to None, run_after=None
[2026-07-23T13:24:41.144+0000] {processor.py:208} INFO - Processing /opt/airflow/dags/sanity_checks.py took 0.238 seconds
[2026-07-23T13:25:11.623+0000] {processor.py:186} INFO - Started process (PID=5323) to work on /opt/airflow/dags/sanity_checks.py
[2026-07-23T13:25:11.626+0000] {processor.py:914} INFO - Processing file /opt/airflow/dags/sanity_checks.py for tasks to queue
[2026-07-23T13:25:11.635+0000] {logging_mixin.py:190} INFO - [2026-07-23T13:25:11.633+0000] {dagbag.py:587} INFO - Filling up the DagBag from /opt/airflow/dags/sanity_checks.py
[2026-07-23T13:25:11.674+0000] {processor.py:925} INFO - DAG(s) 'airflow_sanity_check' retrieved from /opt/airflow/dags/sanity_checks.py
[2026-07-23T13:25:11.772+0000] {logging_mixin.py:190} INFO - [2026-07-23T13:25:11.771+0000] {dag.py:3211} INFO - Sync 1 DAGs
[2026-07-23T13:25:11.822+0000] {logging_mixin.py:190} INFO - [2026-07-23T13:25:11.822+0000] {dag.py:4138} INFO - Setting next_dagrun for airflow_sanity_check to None, run_after=None
[2026-07-23T13:25:11.889+0000] {processor.py:208} INFO - Processing /opt/airflow/dags/sanity_checks.py took 0.292 seconds
[2026-07-23T13:25:42.510+0000] {processor.py:186} INFO - Started process (PID=5338) to work on /opt/airflow/dags/sanity_checks.py
[2026-07-23T13:25:42.513+0000] {processor.py:914} INFO - Processing file /opt/airflow/dags/sanity_checks.py for tasks to queue
[2026-07-23T13:25:42.521+0000] {logging_mixin.py:190} INFO - [2026-07-23T13:25:42.520+0000] {dagbag.py:587} INFO - Filling up the DagBag from /opt/airflow/dags/sanity_checks.py
[2026-07-23T13:25:42.554+0000] {processor.py:925} INFO - DAG(s) 'airflow_sanity_check' retrieved from /opt/airflow/dags/sanity_checks.py
[2026-07-23T13:25:42.643+0000] {logging_mixin.py:190} INFO - [2026-07-23T13:25:42.642+0000] {dag.py:3211} INFO - Sync 1 DAGs
[2026-07-23T13:25:42.693+0000] {logging_mixin.py:190} INFO - [2026-07-23T13:25:42.693+0000] {dag.py:4138} INFO - Setting next_dagrun for airflow_sanity_check to None, run_after=None
[2026-07-23T13:25:42.750+0000] {processor.py:208} INFO - Processing /opt/airflow/dags/sanity_checks.py took 0.264 seconds
[2026-07-23T13:26:13.212+0000] {processor.py:186} INFO - Started process (PID=5353) to work on /opt/airflow/dags/sanity_checks.py
[2026-07-23T13:26:13.214+0000] {processor.py:914} INFO - Processing file /opt/airflow/dags/sanity_checks.py for tasks to queue
[2026-07-23T13:26:13.219+0000] {logging_mixin.py:190} INFO - [2026-07-23T13:26:13.218+0000] {dagbag.py:587} INFO - Filling up the DagBag from /opt/airflow/dags/sanity_checks.py
[2026-07-23T13:26:13.242+0000] {processor.py:925} INFO - DAG(s) 'airflow_sanity_check' retrieved from /opt/airflow/dags/sanity_checks.py
[2026-07-23T13:26:13.303+0000] {logging_mixin.py:190} INFO - [2026-07-23T13:26:13.302+0000] {dag.py:3211} INFO - Sync 1 DAGs
[2026-07-23T13:26:13.336+0000] {logging_mixin.py:190} INFO - [2026-07-23T13:26:13.336+0000] {dag.py:4138} INFO - Setting next_dagrun for airflow_sanity_check to None, run_after=None
[2026-07-23T13:26:13.373+0000] {processor.py:208} INFO - Processing /opt/airflow/dags/sanity_checks.py took 0.177 seconds
[2026-07-23T13:26:43.823+0000] {processor.py:186} INFO - Started process (PID=5368) to work on /opt/airflow/dags/sanity_checks.py
[2026-07-23T13:26:43.825+0000] {processor.py:914} INFO - Processing file /opt/airflow/dags/sanity_checks.py for tasks to queue
[2026-07-23T13:26:43.830+0000] {logging_mixin.py:190} INFO - [2026-07-23T13:26:43.829+0000] {dagbag.py:587} INFO - Filling up the DagBag from /opt/airflow/dags/sanity_checks.py
[2026-07-23T13:26:43.850+0000] {processor.py:925} INFO - DAG(s) 'airflow_sanity_check' retrieved from /opt/airflow/dags/sanity_checks.py
[2026-07-23T13:26:43.905+0000] {logging_mixin.py:190} INFO - [2026-07-23T13:26:43.905+0000] {dag.py:3211} INFO - Sync 1 DAGs
[2026-07-23T13:26:43.933+0000] {logging_mixin.py:190} INFO - [2026-07-23T13:26:43.932+0000] {dag.py:4138} INFO - Setting next_dagrun for airflow_sanity_check to None, run_after=None
[2026-07-23T13:26:43.965+0000] {processor.py:208} INFO - Processing /opt/airflow/dags/sanity_checks.py took 0.153 seconds
[2026-07-23T13:27:14.475+0000] {processor.py:186} INFO - Started process (PID=5383) to work on /opt/airflow/dags/sanity_checks.py
[2026-07-23T13:27:14.477+0000] {processor.py:914} INFO - Processing file /opt/airflow/dags/sanity_checks.py for tasks to queue
[2026-07-23T13:27:14.482+0000] {logging_mixin.py:190} INFO - [2026-07-23T13:27:14.482+0000] {dagbag.py:587} INFO - Filling up the DagBag from /opt/airflow/dags/sanity_checks.py
[2026-07-23T13:27:14.507+0000] {processor.py:925} INFO - DAG(s) 'airflow_sanity_check' retrieved from /opt/airflow/dags/sanity_checks.py
[2026-07-23T13:27:14.574+0000] {logging_mixin.py:190} INFO - [2026-07-23T13:27:14.573+0000] {dag.py:3211} INFO - Sync 1 DAGs
[2026-07-23T13:27:14.606+0000] {logging_mixin.py:190} INFO - [2026-07-23T13:27:14.606+0000] {dag.py:4138} INFO - Setting next_dagrun for airflow_sanity_check to None, run_after=None
[2026-07-23T13:27:14.646+0000] {processor.py:208} INFO - Processing /opt/airflow/dags/sanity_checks.py took 0.186 seconds
[2026-07-23T13:27:45.092+0000] {processor.py:186} INFO - Started process (PID=5398) to work on /opt/airflow/dags/sanity_checks.py
[2026-07-23T13:27:45.094+0000] {processor.py:914} INFO - Processing file /opt/airflow/dags/sanity_checks.py for tasks to queue
[2026-07-23T13:27:45.099+0000] {logging_mixin.py:190} INFO - [2026-07-23T13:27:45.099+0000] {dagbag.py:587} INFO - Filling up the DagBag from /opt/airflow/dags/sanity_checks.py
[2026-07-23T13:27:45.121+0000] {processor.py:925} INFO - DAG(s) 'airflow_sanity_check' retrieved from /opt/airflow/dags/sanity_checks.py
[2026-07-23T13:27:45.177+0000] {logging_mixin.py:190} INFO - [2026-07-23T13:27:45.176+0000] {dag.py:3211} INFO - Sync 1 DAGs
[2026-07-23T13:27:45.205+0000] {logging_mixin.py:190} INFO - [2026-07-23T13:27:45.204+0000] {dag.py:4138} INFO - Setting next_dagrun for airflow_sanity_check to None, run_after=None
[2026-07-23T13:27:45.240+0000] {processor.py:208} INFO - Processing /opt/airflow/dags/sanity_checks.py took 0.161 seconds
[2026-07-23T13:28:15.594+0000] {processor.py:186} INFO - Started process (PID=5413) to work on /opt/airflow/dags/sanity_checks.py
[2026-07-23T13:28:15.597+0000] {processor.py:914} INFO - Processing file /opt/airflow/dags/sanity_checks.py for tasks to queue
[2026-07-23T13:28:15.600+0000] {logging_mixin.py:190} INFO - [2026-07-23T13:28:15.600+0000] {dagbag.py:587} INFO - Filling up the DagBag from /opt/airflow/dags/sanity_checks.py
[2026-07-23T13:28:15.616+0000] {processor.py:925} INFO - DAG(s) 'airflow_sanity_check' retrieved from /opt/airflow/dags/sanity_checks.py
[2026-07-23T13:28:15.661+0000] {logging_mixin.py:190} INFO - [2026-07-23T13:28:15.660+0000] {dag.py:3211} INFO - Sync 1 DAGs
[2026-07-23T13:28:15.693+0000] {logging_mixin.py:190} INFO - [2026-07-23T13:28:15.692+0000] {dag.py:4138} INFO - Setting next_dagrun for airflow_sanity_check to None, run_after=None
[2026-07-23T13:28:15.728+0000] {processor.py:208} INFO - Processing /opt/airflow/dags/sanity_checks.py took 0.143 seconds
[2026-07-23T13:28:46.105+0000] {processor.py:186} INFO - Started process (PID=5428) to work on /opt/airflow/dags/sanity_checks.py
[2026-07-23T13:28:46.106+0000] {processor.py:914} INFO - Processing file /opt/airflow/dags/sanity_checks.py for tasks to queue
[2026-07-23T13:28:46.111+0000] {logging_mixin.py:190} INFO - [2026-07-23T13:28:46.110+0000] {dagbag.py:587} INFO - Filling up the DagBag from /opt/airflow/dags/sanity_checks.py
[2026-07-23T13:28:46.131+0000] {processor.py:925} INFO - DAG(s) 'airflow_sanity_check' retrieved from /opt/airflow/dags/sanity_checks.py
[2026-07-23T13:28:46.179+0000] {logging_mixin.py:190} INFO - [2026-07-23T13:28:46.178+0000] {dag.py:3211} INFO - Sync 1 DAGs
[2026-07-23T13:28:46.203+0000] {logging_mixin.py:190} INFO - [2026-07-23T13:28:46.203+0000] {dag.py:4138} INFO - Setting next_dagrun for airflow_sanity_check to None, run_after=None
[2026-07-23T13:28:46.234+0000] {processor.py:208} INFO - Processing /opt/airflow/dags/sanity_checks.py took 0.141 seconds
[2026-07-23T13:29:16.596+0000] {processor.py:186} INFO - Started process (PID=5443) to work on /opt/airflow/dags/sanity_checks.py
[2026-07-23T13:29:16.598+0000] {processor.py:914} INFO - Processing file /opt/airflow/dags/sanity_checks.py for tasks to queue
[2026-07-23T13:29:16.602+0000] {logging_mixin.py:190} INFO - [2026-07-23T13:29:16.602+0000] {dagbag.py:587} INFO - Filling up the DagBag from /opt/airflow/dags/sanity_checks.py
[2026-07-23T13:29:16.621+0000] {processor.py:925} INFO - DAG(s) 'airflow_sanity_check' retrieved from /opt/airflow/dags/sanity_checks.py
[2026-07-23T13:29:16.670+0000] {logging_mixin.py:190} INFO - [2026-07-23T13:29:16.670+0000] {dag.py:3211} INFO - Sync 1 DAGs
[2026-07-23T13:29:16.697+0000] {logging_mixin.py:190} INFO - [2026-07-23T13:29:16.696+0000] {dag.py:4138} INFO - Setting next_dagrun for airflow_sanity_check to None, run_after=None
[2026-07-23T13:29:16.728+0000] {processor.py:208} INFO - Processing /opt/airflow/dags/sanity_checks.py took 0.145 seconds
[2026-07-23T13:29:47.132+0000] {processor.py:186} INFO - Started process (PID=5458) to work on /opt/airflow/dags/sanity_checks.py
[2026-07-23T13:29:47.134+0000] {processor.py:914} INFO - Processing file /opt/airflow/dags/sanity_checks.py for tasks to queue
[2026-07-23T13:29:47.138+0000] {logging_mixin.py:190} INFO - [2026-07-23T13:29:47.138+0000] {dagbag.py:587} INFO - Filling up the DagBag from /opt/airflow/dags/sanity_checks.py
[2026-07-23T13:29:47.158+0000] {processor.py:925} INFO - DAG(s) 'airflow_sanity_check' retrieved from /opt/airflow/dags/sanity_checks.py
[2026-07-23T13:29:47.212+0000] {logging_mixin.py:190} INFO - [2026-07-23T13:29:47.211+0000] {dag.py:3211} INFO - Sync 1 DAGs
[2026-07-23T13:29:47.239+0000] {logging_mixin.py:190} INFO - [2026-07-23T13:29:47.239+0000] {dag.py:4138} INFO - Setting next_dagrun for airflow_sanity_check to None, run_after=None
[2026-07-23T13:29:47.274+0000] {processor.py:208} INFO - Processing /opt/airflow/dags/sanity_checks.py took 0.153 seconds
[2026-07-23T13:30:17.645+0000] {processor.py:186} INFO - Started process (PID=5473) to work on /opt/airflow/dags/sanity_checks.py
[2026-07-23T13:30:17.646+0000] {processor.py:914} INFO - Processing file /opt/airflow/dags/sanity_checks.py for tasks to queue
[2026-07-23T13:30:17.650+0000] {logging_mixin.py:190} INFO - [2026-07-23T13:30:17.650+0000] {dagbag.py:587} INFO - Filling up the DagBag from /opt/airflow/dags/sanity_checks.py
[2026-07-23T13:30:17.669+0000] {processor.py:925} INFO - DAG(s) 'airflow_sanity_check' retrieved from /opt/airflow/dags/sanity_checks.py
[2026-07-23T13:30:17.715+0000] {logging_mixin.py:190} INFO - [2026-07-23T13:30:17.714+0000] {dag.py:3211} INFO - Sync 1 DAGs
[2026-07-23T13:30:17.737+0000] {logging_mixin.py:190} INFO - [2026-07-23T13:30:17.737+0000] {dag.py:4138} INFO - Setting next_dagrun for airflow_sanity_check to None, run_after=None
[2026-07-23T13:30:17.766+0000] {processor.py:208} INFO - Processing /opt/airflow/dags/sanity_checks.py took 0.131 seconds
[2026-07-23T13:30:48.194+0000] {processor.py:186} INFO - Started process (PID=5488) to work on /opt/airflow/dags/sanity_checks.py
[2026-07-23T13:30:48.196+0000] {processor.py:914} INFO - Processing file /opt/airflow/dags/sanity_checks.py for tasks to queue
[2026-07-23T13:30:48.201+0000] {logging_mixin.py:190} INFO - [2026-07-23T13:30:48.201+0000] {dagbag.py:587} INFO - Filling up the DagBag from /opt/airflow/dags/sanity_checks.py
[2026-07-23T13:30:48.224+0000] {processor.py:925} INFO - DAG(s) 'airflow_sanity_check' retrieved from /opt/airflow/dags/sanity_checks.py
[2026-07-23T13:30:48.278+0000] {logging_mixin.py:190} INFO - [2026-07-23T13:30:48.277+0000] {dag.py:3211} INFO - Sync 1 DAGs
[2026-07-23T13:30:48.305+0000] {logging_mixin.py:190} INFO - [2026-07-23T13:30:48.305+0000] {dag.py:4138} INFO - Setting next_dagrun for airflow_sanity_check to None, run_after=None
[2026-07-23T13:30:48.340+0000] {processor.py:208} INFO - Processing /opt/airflow/dags/sanity_checks.py took 0.163 seconds
[2026-07-23T13:31:18.705+0000] {processor.py:186} INFO - Started process (PID=5503) to work on /opt/airflow/dags/sanity_checks.py
[2026-07-23T13:31:18.707+0000] {processor.py:914} INFO - Processing file /opt/airflow/dags/sanity_checks.py for tasks to queue
[2026-07-23T13:31:18.712+0000] {logging_mixin.py:190} INFO - [2026-07-23T13:31:18.712+0000] {dagbag.py:587} INFO - Filling up the DagBag from /opt/airflow/dags/sanity_checks.py
[2026-07-23T13:31:18.729+0000] {processor.py:925} INFO - DAG(s) 'airflow_sanity_check' retrieved from /opt/airflow/dags/sanity_checks.py
[2026-07-23T13:31:18.774+0000] {logging_mixin.py:190} INFO - [2026-07-23T13:31:18.774+0000] {dag.py:3211} INFO - Sync 1 DAGs
[2026-07-23T13:31:18.796+0000] {logging_mixin.py:190} INFO - [2026-07-23T13:31:18.796+0000] {dag.py:4138} INFO - Setting next_dagrun for airflow_sanity_check to None, run_after=None
[2026-07-23T13:31:18.826+0000] {processor.py:208} INFO - Processing /opt/airflow/dags/sanity_checks.py took 0.131 seconds
[2026-07-23T13:31:49.217+0000] {processor.py:186} INFO - Started process (PID=5518) to work on /opt/airflow/dags/sanity_checks.py
[2026-07-23T13:31:49.219+0000] {processor.py:914} INFO - Processing file /opt/airflow/dags/sanity_checks.py for tasks to queue
[2026-07-23T13:31:49.224+0000] {logging_mixin.py:190} INFO - [2026-07-23T13:31:49.224+0000] {dagbag.py:587} INFO - Filling up the DagBag from /opt/airflow/dags/sanity_checks.py
[2026-07-23T13:31:49.244+0000] {processor.py:925} INFO - DAG(s) 'airflow_sanity_check' retrieved from /opt/airflow/dags/sanity_checks.py
[2026-07-23T13:31:49.295+0000] {logging_mixin.py:190} INFO - [2026-07-23T13:31:49.295+0000] {dag.py:3211} INFO - Sync 1 DAGs
[2026-07-23T13:31:49.323+0000] {logging_mixin.py:190} INFO - [2026-07-23T13:31:49.323+0000] {dag.py:4138} INFO - Setting next_dagrun for airflow_sanity_check to None, run_after=None
[2026-07-23T13:31:49.355+0000] {processor.py:208} INFO - Processing /opt/airflow/dags/sanity_checks.py took 0.150 seconds
[2026-07-23T13:32:19.707+0000] {processor.py:186} INFO - Started process (PID=5533) to work on /opt/airflow/dags/sanity_checks.py
[2026-07-23T13:32:19.708+0000] {processor.py:914} INFO - Processing file /opt/airflow/dags/sanity_checks.py for tasks to queue
[2026-07-23T13:32:19.712+0000] {logging_mixin.py:190} INFO - [2026-07-23T13:32:19.711+0000] {dagbag.py:587} INFO - Filling up the DagBag from /opt/airflow/dags/sanity_checks.py
[2026-07-23T13:32:19.755+0000] {processor.py:925} INFO - DAG(s) 'airflow_sanity_check' retrieved from /opt/airflow/dags/sanity_checks.py
[2026-07-23T13:32:19.806+0000] {logging_mixin.py:190} INFO - [2026-07-23T13:32:19.805+0000] {dag.py:3211} INFO - Sync 1 DAGs
[2026-07-23T13:32:19.830+0000] {logging_mixin.py:190} INFO - [2026-07-23T13:32:19.829+0000] {dag.py:4138} INFO - Setting next_dagrun for airflow_sanity_check to None, run_after=None
[2026-07-23T13:32:19.861+0000] {processor.py:208} INFO - Processing /opt/airflow/dags/sanity_checks.py took 0.165 seconds
[2026-07-23T13:32:50.261+0000] {processor.py:186} INFO - Started process (PID=5548) to work on /opt/airflow/dags/sanity_checks.py
[2026-07-23T13:32:50.263+0000] {processor.py:914} INFO - Processing file /opt/airflow/dags/sanity_checks.py for tasks to queue
[2026-07-23T13:32:50.268+0000] {logging_mixin.py:190} INFO - [2026-07-23T13:32:50.267+0000] {dagbag.py:587} INFO - Filling up the DagBag from /opt/airflow/dags/sanity_checks.py
[2026-07-23T13:32:50.287+0000] {processor.py:925} INFO - DAG(s) 'airflow_sanity_check' retrieved from /opt/airflow/dags/sanity_checks.py
[2026-07-23T13:32:50.339+0000] {logging_mixin.py:190} INFO - [2026-07-23T13:32:50.339+0000] {dag.py:3211} INFO - Sync 1 DAGs
[2026-07-23T13:32:50.365+0000] {logging_mixin.py:190} INFO - [2026-07-23T13:32:50.365+0000] {dag.py:4138} INFO - Setting next_dagrun for airflow_sanity_check to None, run_after=None
[2026-07-23T13:32:50.398+0000] {processor.py:208} INFO - Processing /opt/airflow/dags/sanity_checks.py took 0.149 seconds
[2026-07-23T13:33:21.214+0000] {processor.py:186} INFO - Started process (PID=5563) to work on /opt/airflow/dags/sanity_checks.py
[2026-07-23T13:33:21.229+0000] {processor.py:914} INFO - Processing file /opt/airflow/dags/sanity_checks.py for tasks to queue
[2026-07-23T13:33:21.308+0000] {logging_mixin.py:190} INFO - [2026-07-23T13:33:21.301+0000] {dagbag.py:587} INFO - Filling up the DagBag from /opt/airflow/dags/sanity_checks.py
[2026-07-23T13:33:21.529+0000] {processor.py:925} INFO - DAG(s) 'airflow_sanity_check' retrieved from /opt/airflow/dags/sanity_checks.py
[2026-07-23T13:33:21.770+0000] {logging_mixin.py:190} INFO - [2026-07-23T13:33:21.769+0000] {dag.py:3211} INFO - Sync 1 DAGs
[2026-07-23T13:33:21.896+0000] {logging_mixin.py:190} INFO - [2026-07-23T13:33:21.893+0000] {dag.py:4138} INFO - Setting next_dagrun for airflow_sanity_check to None, run_after=None
[2026-07-23T13:33:22.151+0000] {processor.py:208} INFO - Processing /opt/airflow/dags/sanity_checks.py took 1.020 seconds
[2026-07-23T14:03:56.533+0000] {processor.py:186} INFO - Started process (PID=5578) to work on /opt/airflow/dags/sanity_checks.py
[2026-07-23T14:03:56.538+0000] {processor.py:914} INFO - Processing file /opt/airflow/dags/sanity_checks.py for tasks to queue
[2026-07-23T14:03:56.556+0000] {logging_mixin.py:190} INFO - [2026-07-23T14:03:56.554+0000] {dagbag.py:587} INFO - Filling up the DagBag from /opt/airflow/dags/sanity_checks.py
[2026-07-23T14:03:56.622+0000] {processor.py:925} INFO - DAG(s) 'airflow_sanity_check' retrieved from /opt/airflow/dags/sanity_checks.py
[2026-07-23T14:03:56.804+0000] {logging_mixin.py:190} INFO - [2026-07-23T14:03:56.803+0000] {dag.py:3211} INFO - Sync 1 DAGs
[2026-07-23T14:03:56.902+0000] {logging_mixin.py:190} INFO - [2026-07-23T14:03:56.901+0000] {dag.py:4138} INFO - Setting next_dagrun for airflow_sanity_check to None, run_after=None
[2026-07-23T14:03:57.083+0000] {processor.py:208} INFO - Processing /opt/airflow/dags/sanity_checks.py took 0.588 seconds
[2026-07-23T14:04:27.777+0000] {processor.py:186} INFO - Started process (PID=5593) to work on /opt/airflow/dags/sanity_checks.py
[2026-07-23T14:04:27.781+0000] {processor.py:914} INFO - Processing file /opt/airflow/dags/sanity_checks.py for tasks to queue
[2026-07-23T14:04:27.792+0000] {logging_mixin.py:190} INFO - [2026-07-23T14:04:27.791+0000] {dagbag.py:587} INFO - Filling up the DagBag from /opt/airflow/dags/sanity_checks.py
[2026-07-23T14:04:27.833+0000] {processor.py:925} INFO - DAG(s) 'airflow_sanity_check' retrieved from /opt/airflow/dags/sanity_checks.py
[2026-07-23T14:04:27.939+0000] {logging_mixin.py:190} INFO - [2026-07-23T14:04:27.938+0000] {dag.py:3211} INFO - Sync 1 DAGs
[2026-07-23T14:04:27.997+0000] {logging_mixin.py:190} INFO - [2026-07-23T14:04:27.996+0000] {dag.py:4138} INFO - Setting next_dagrun for airflow_sanity_check to None, run_after=None
[2026-07-23T14:04:28.062+0000] {processor.py:208} INFO - Processing /opt/airflow/dags/sanity_checks.py took 0.309 seconds
[2026-07-23T14:04:58.716+0000] {processor.py:186} INFO - Started process (PID=5608) to work on /opt/airflow/dags/sanity_checks.py
[2026-07-23T14:04:58.722+0000] {processor.py:914} INFO - Processing file /opt/airflow/dags/sanity_checks.py for tasks to queue
[2026-07-23T14:04:58.735+0000] {logging_mixin.py:190} INFO - [2026-07-23T14:04:58.734+0000] {dagbag.py:587} INFO - Filling up the DagBag from /opt/airflow/dags/sanity_checks.py
[2026-07-23T14:04:58.802+0000] {processor.py:925} INFO - DAG(s) 'airflow_sanity_check' retrieved from /opt/airflow/dags/sanity_checks.py
[2026-07-23T14:04:59.020+0000] {logging_mixin.py:190} INFO - [2026-07-23T14:04:59.019+0000] {dag.py:3211} INFO - Sync 1 DAGs
[2026-07-23T14:04:59.080+0000] {logging_mixin.py:190} INFO - [2026-07-23T14:04:59.080+0000] {dag.py:4138} INFO - Setting next_dagrun for airflow_sanity_check to None, run_after=None
[2026-07-23T14:04:59.144+0000] {processor.py:208} INFO - Processing /opt/airflow/dags/sanity_checks.py took 0.468 seconds
[2026-07-23T14:23:03.463+0000] {processor.py:186} INFO - Started process (PID=5623) to work on /opt/airflow/dags/sanity_checks.py
[2026-07-23T14:23:03.469+0000] {processor.py:914} INFO - Processing file /opt/airflow/dags/sanity_checks.py for tasks to queue
[2026-07-23T14:23:03.485+0000] {logging_mixin.py:190} INFO - [2026-07-23T14:23:03.483+0000] {dagbag.py:587} INFO - Filling up the DagBag from /opt/airflow/dags/sanity_checks.py
[2026-07-23T14:23:03.572+0000] {processor.py:925} INFO - DAG(s) 'airflow_sanity_check' retrieved from /opt/airflow/dags/sanity_checks.py
[2026-07-23T14:23:03.757+0000] {logging_mixin.py:190} INFO - [2026-07-23T14:23:03.756+0000] {dag.py:3211} INFO - Sync 1 DAGs
[2026-07-23T14:23:03.865+0000] {logging_mixin.py:190} INFO - [2026-07-23T14:23:03.863+0000] {dag.py:4138} INFO - Setting next_dagrun for airflow_sanity_check to None, run_after=None
[2026-07-23T14:23:03.976+0000] {processor.py:208} INFO - Processing /opt/airflow/dags/sanity_checks.py took 0.568 seconds
[2026-07-23T14:39:49.241+0000] {processor.py:186} INFO - Started process (PID=5638) to work on /opt/airflow/dags/sanity_checks.py
[2026-07-23T14:39:49.249+0000] {processor.py:914} INFO - Processing file /opt/airflow/dags/sanity_checks.py for tasks to queue
[2026-07-23T14:39:49.272+0000] {logging_mixin.py:190} INFO - [2026-07-23T14:39:49.269+0000] {dagbag.py:587} INFO - Filling up the DagBag from /opt/airflow/dags/sanity_checks.py
[2026-07-23T14:39:49.352+0000] {processor.py:925} INFO - DAG(s) 'airflow_sanity_check' retrieved from /opt/airflow/dags/sanity_checks.py
[2026-07-23T14:39:49.554+0000] {logging_mixin.py:190} INFO - [2026-07-23T14:39:49.552+0000] {dag.py:3211} INFO - Sync 1 DAGs
[2026-07-23T14:39:49.659+0000] {logging_mixin.py:190} INFO - [2026-07-23T14:39:49.658+0000] {dag.py:4138} INFO - Setting next_dagrun for airflow_sanity_check to None, run_after=None
[2026-07-23T14:39:49.773+0000] {processor.py:208} INFO - Processing /opt/airflow/dags/sanity_checks.py took 0.581 seconds
[2026-07-23T14:40:20.160+0000] {processor.py:186} INFO - Started process (PID=5653) to work on /opt/airflow/dags/sanity_checks.py
[2026-07-23T14:40:20.163+0000] {processor.py:914} INFO - Processing file /opt/airflow/dags/sanity_checks.py for tasks to queue
[2026-07-23T14:40:20.172+0000] {logging_mixin.py:190} INFO - [2026-07-23T14:40:20.171+0000] {dagbag.py:587} INFO - Filling up the DagBag from /opt/airflow/dags/sanity_checks.py
[2026-07-23T14:40:20.212+0000] {processor.py:925} INFO - DAG(s) 'airflow_sanity_check' retrieved from /opt/airflow/dags/sanity_checks.py
[2026-07-23T14:40:20.313+0000] {logging_mixin.py:190} INFO - [2026-07-23T14:40:20.312+0000] {dag.py:3211} INFO - Sync 1 DAGs
[2026-07-23T14:40:20.366+0000] {logging_mixin.py:190} INFO - [2026-07-23T14:40:20.365+0000] {dag.py:4138} INFO - Setting next_dagrun for airflow_sanity_check to None, run_after=None
[2026-07-23T14:40:20.426+0000] {processor.py:208} INFO - Processing /opt/airflow/dags/sanity_checks.py took 0.293 seconds
[2026-07-23T14:58:50.408+0000] {processor.py:186} INFO - Started process (PID=5668) to work on /opt/airflow/dags/sanity_checks.py
[2026-07-23T14:58:50.415+0000] {processor.py:914} INFO - Processing file /opt/airflow/dags/sanity_checks.py for tasks to queue
[2026-07-23T14:58:50.434+0000] {logging_mixin.py:190} INFO - [2026-07-23T14:58:50.428+0000] {dagbag.py:587} INFO - Filling up the DagBag from /opt/airflow/dags/sanity_checks.py
[2026-07-23T14:58:50.504+0000] {processor.py:925} INFO - DAG(s) 'airflow_sanity_check' retrieved from /opt/airflow/dags/sanity_checks.py
[2026-07-23T14:58:50.714+0000] {logging_mixin.py:190} INFO - [2026-07-23T14:58:50.713+0000] {dag.py:3211} INFO - Sync 1 DAGs
[2026-07-23T14:58:50.813+0000] {logging_mixin.py:190} INFO - [2026-07-23T14:58:50.812+0000] {dag.py:4138} INFO - Setting next_dagrun for airflow_sanity_check to None, run_after=None
[2026-07-23T14:58:50.923+0000] {processor.py:208} INFO - Processing /opt/airflow/dags/sanity_checks.py took 0.558 seconds
[2026-07-23T15:16:17.339+0000] {processor.py:186} INFO - Started process (PID=5683) to work on /opt/airflow/dags/sanity_checks.py
[2026-07-23T15:16:17.344+0000] {processor.py:914} INFO - Processing file /opt/airflow/dags/sanity_checks.py for tasks to queue
[2026-07-23T15:16:17.358+0000] {logging_mixin.py:190} INFO - [2026-07-23T15:16:17.357+0000] {dagbag.py:587} INFO - Filling up the DagBag from /opt/airflow/dags/sanity_checks.py
[2026-07-23T15:16:17.405+0000] {processor.py:925} INFO - DAG(s) 'airflow_sanity_check' retrieved from /opt/airflow/dags/sanity_checks.py
[2026-07-23T15:16:17.535+0000] {logging_mixin.py:190} INFO - [2026-07-23T15:16:17.534+0000] {dag.py:3211} INFO - Sync 1 DAGs
[2026-07-23T15:16:17.604+0000] {logging_mixin.py:190} INFO - [2026-07-23T15:16:17.603+0000] {dag.py:4138} INFO - Setting next_dagrun for airflow_sanity_check to None, run_after=None
[2026-07-23T15:16:17.684+0000] {processor.py:208} INFO - Processing /opt/airflow/dags/sanity_checks.py took 0.372 seconds
[2026-07-23T15:40:27.323+0000] {processor.py:186} INFO - Started process (PID=5698) to work on /opt/airflow/dags/sanity_checks.py
[2026-07-23T15:40:27.332+0000] {processor.py:914} INFO - Processing file /opt/airflow/dags/sanity_checks.py for tasks to queue
[2026-07-23T15:40:27.361+0000] {logging_mixin.py:190} INFO - [2026-07-23T15:40:27.357+0000] {dagbag.py:587} INFO - Filling up the DagBag from /opt/airflow/dags/sanity_checks.py
[2026-07-23T15:40:27.554+0000] {processor.py:925} INFO - DAG(s) 'airflow_sanity_check' retrieved from /opt/airflow/dags/sanity_checks.py
[2026-07-23T15:40:27.808+0000] {logging_mixin.py:190} INFO - [2026-07-23T15:40:27.806+0000] {dag.py:3211} INFO - Sync 1 DAGs
[2026-07-23T15:40:27.984+0000] {logging_mixin.py:190} INFO - [2026-07-23T15:40:27.982+0000] {dag.py:4138} INFO - Setting next_dagrun for airflow_sanity_check to None, run_after=None
[2026-07-23T15:40:28.145+0000] {processor.py:208} INFO - Processing /opt/airflow/dags/sanity_checks.py took 0.885 seconds
[2026-07-23T16:03:16.336+0000] {processor.py:186} INFO - Started process (PID=5713) to work on /opt/airflow/dags/sanity_checks.py
[2026-07-23T16:03:16.338+0000] {processor.py:914} INFO - Processing file /opt/airflow/dags/sanity_checks.py for tasks to queue
[2026-07-23T16:03:16.344+0000] {logging_mixin.py:190} INFO - [2026-07-23T16:03:16.343+0000] {dagbag.py:587} INFO - Filling up the DagBag from /opt/airflow/dags/sanity_checks.py
[2026-07-23T16:03:16.365+0000] {processor.py:925} INFO - DAG(s) 'airflow_sanity_check' retrieved from /opt/airflow/dags/sanity_checks.py
[2026-07-23T16:03:16.426+0000] {logging_mixin.py:190} INFO - [2026-07-23T16:03:16.425+0000] {dag.py:3211} INFO - Sync 1 DAGs
[2026-07-23T16:03:16.456+0000] {logging_mixin.py:190} INFO - [2026-07-23T16:03:16.455+0000] {dag.py:4138} INFO - Setting next_dagrun for airflow_sanity_check to None, run_after=None
[2026-07-23T16:03:16.492+0000] {processor.py:208} INFO - Processing /opt/airflow/dags/sanity_checks.py took 0.169 seconds
[2026-07-23T16:36:38.092+0000] {processor.py:186} INFO - Started process (PID=5728) to work on /opt/airflow/dags/sanity_checks.py
[2026-07-23T16:36:38.094+0000] {processor.py:914} INFO - Processing file /opt/airflow/dags/sanity_checks.py for tasks to queue
[2026-07-23T16:36:38.101+0000] {logging_mixin.py:190} INFO - [2026-07-23T16:36:38.100+0000] {dagbag.py:587} INFO - Filling up the DagBag from /opt/airflow/dags/sanity_checks.py
[2026-07-23T16:36:38.124+0000] {processor.py:925} INFO - DAG(s) 'airflow_sanity_check' retrieved from /opt/airflow/dags/sanity_checks.py
[2026-07-23T16:36:38.193+0000] {logging_mixin.py:190} INFO - [2026-07-23T16:36:38.192+0000] {dag.py:3211} INFO - Sync 1 DAGs
[2026-07-23T16:36:38.226+0000] {logging_mixin.py:190} INFO - [2026-07-23T16:36:38.226+0000] {dag.py:4138} INFO - Setting next_dagrun for airflow_sanity_check to None, run_after=None
[2026-07-23T16:36:38.267+0000] {processor.py:208} INFO - Processing /opt/airflow/dags/sanity_checks.py took 0.189 seconds
[2026-07-23T16:37:08.629+0000] {processor.py:186} INFO - Started process (PID=5743) to work on /opt/airflow/dags/sanity_checks.py
[2026-07-23T16:37:08.631+0000] {processor.py:914} INFO - Processing file /opt/airflow/dags/sanity_checks.py for tasks to queue
[2026-07-23T16:37:08.635+0000] {logging_mixin.py:190} INFO - [2026-07-23T16:37:08.635+0000] {dagbag.py:587} INFO - Filling up the DagBag from /opt/airflow/dags/sanity_checks.py
[2026-07-23T16:37:08.650+0000] {processor.py:925} INFO - DAG(s) 'airflow_sanity_check' retrieved from /opt/airflow/dags/sanity_checks.py
[2026-07-23T16:37:08.694+0000] {logging_mixin.py:190} INFO - [2026-07-23T16:37:08.694+0000] {dag.py:3211} INFO - Sync 1 DAGs
[2026-07-23T16:37:08.716+0000] {logging_mixin.py:190} INFO - [2026-07-23T16:37:08.716+0000] {dag.py:4138} INFO - Setting next_dagrun for airflow_sanity_check to None, run_after=None
[2026-07-23T16:37:08.744+0000] {processor.py:208} INFO - Processing /opt/airflow/dags/sanity_checks.py took 0.126 seconds
[2026-07-23T17:38:02.455+0000] {processor.py:186} INFO - Started process (PID=5758) to work on /opt/airflow/dags/sanity_checks.py
[2026-07-23T17:38:02.459+0000] {processor.py:914} INFO - Processing file /opt/airflow/dags/sanity_checks.py for tasks to queue
[2026-07-23T17:38:02.467+0000] {logging_mixin.py:190} INFO - [2026-07-23T17:38:02.466+0000] {dagbag.py:587} INFO - Filling up the DagBag from /opt/airflow/dags/sanity_checks.py
[2026-07-23T17:38:02.504+0000] {processor.py:925} INFO - DAG(s) 'airflow_sanity_check' retrieved from /opt/airflow/dags/sanity_checks.py
[2026-07-23T17:38:02.605+0000] {logging_mixin.py:190} INFO - [2026-07-23T17:38:02.605+0000] {dag.py:3211} INFO - Sync 1 DAGs
[2026-07-23T17:38:02.658+0000] {logging_mixin.py:190} INFO - [2026-07-23T17:38:02.657+0000] {dag.py:4138} INFO - Setting next_dagrun for airflow_sanity_check to None, run_after=None
[2026-07-23T17:38:02.718+0000] {processor.py:208} INFO - Processing /opt/airflow/dags/sanity_checks.py took 0.289 seconds
[2026-07-23T18:38:55.428+0000] {processor.py:186} INFO - Started process (PID=5773) to work on /opt/airflow/dags/sanity_checks.py
[2026-07-23T18:38:55.435+0000] {processor.py:914} INFO - Processing file /opt/airflow/dags/sanity_checks.py for tasks to queue
[2026-07-23T18:38:55.454+0000] {logging_mixin.py:190} INFO - [2026-07-23T18:38:55.451+0000] {dagbag.py:587} INFO - Filling up the DagBag from /opt/airflow/dags/sanity_checks.py
[2026-07-23T18:38:55.527+0000] {processor.py:925} INFO - DAG(s) 'airflow_sanity_check' retrieved from /opt/airflow/dags/sanity_checks.py
[2026-07-23T18:38:55.713+0000] {logging_mixin.py:190} INFO - [2026-07-23T18:38:55.712+0000] {dag.py:3211} INFO - Sync 1 DAGs
[2026-07-23T18:38:55.817+0000] {logging_mixin.py:190} INFO - [2026-07-23T18:38:55.816+0000] {dag.py:4138} INFO - Setting next_dagrun for airflow_sanity_check to None, run_after=None
[2026-07-23T18:38:55.929+0000] {processor.py:208} INFO - Processing /opt/airflow/dags/sanity_checks.py took 0.567 seconds
[2026-07-23T20:09:54.429+0000] {processor.py:186} INFO - Started process (PID=5788) to work on /opt/airflow/dags/sanity_checks.py
[2026-07-23T20:09:54.438+0000] {processor.py:914} INFO - Processing file /opt/airflow/dags/sanity_checks.py for tasks to queue
[2026-07-23T20:09:54.458+0000] {logging_mixin.py:190} INFO - [2026-07-23T20:09:54.454+0000] {dagbag.py:587} INFO - Filling up the DagBag from /opt/airflow/dags/sanity_checks.py
[2026-07-23T20:09:54.574+0000] {processor.py:925} INFO - DAG(s) 'airflow_sanity_check' retrieved from /opt/airflow/dags/sanity_checks.py
[2026-07-23T20:09:54.959+0000] {logging_mixin.py:190} INFO - [2026-07-23T20:09:54.956+0000] {dag.py:3211} INFO - Sync 1 DAGs
[2026-07-23T20:09:55.188+0000] {logging_mixin.py:190} INFO - [2026-07-23T20:09:55.187+0000] {dag.py:4138} INFO - Setting next_dagrun for airflow_sanity_check to None, run_after=None
[2026-07-23T20:09:55.438+0000] {processor.py:208} INFO - Processing /opt/airflow/dags/sanity_checks.py took 1.093 seconds
[2026-07-23T20:43:41.929+0000] {processor.py:186} INFO - Started process (PID=5803) to work on /opt/airflow/dags/sanity_checks.py
[2026-07-23T20:43:41.942+0000] {processor.py:914} INFO - Processing file /opt/airflow/dags/sanity_checks.py for tasks to queue
[2026-07-23T20:43:41.979+0000] {logging_mixin.py:190} INFO - [2026-07-23T20:43:41.976+0000] {dagbag.py:587} INFO - Filling up the DagBag from /opt/airflow/dags/sanity_checks.py
[2026-07-23T20:43:42.066+0000] {processor.py:925} INFO - DAG(s) 'airflow_sanity_check' retrieved from /opt/airflow/dags/sanity_checks.py
[2026-07-23T20:43:42.348+0000] {logging_mixin.py:190} INFO - [2026-07-23T20:43:42.345+0000] {dag.py:3211} INFO - Sync 1 DAGs
[2026-07-23T20:43:42.508+0000] {logging_mixin.py:190} INFO - [2026-07-23T20:43:42.505+0000] {dag.py:4138} INFO - Setting next_dagrun for airflow_sanity_check to None, run_after=None
[2026-07-23T20:43:42.662+0000] {processor.py:208} INFO - Processing /opt/airflow/dags/sanity_checks.py took 0.819 seconds
[2026-07-23T21:44:36.815+0000] {processor.py:186} INFO - Started process (PID=5818) to work on /opt/airflow/dags/sanity_checks.py
[2026-07-23T21:44:36.837+0000] {processor.py:914} INFO - Processing file /opt/airflow/dags/sanity_checks.py for tasks to queue
[2026-07-23T21:44:36.882+0000] {logging_mixin.py:190} INFO - [2026-07-23T21:44:36.876+0000] {dagbag.py:587} INFO - Filling up the DagBag from /opt/airflow/dags/sanity_checks.py
[2026-07-23T21:44:37.074+0000] {processor.py:925} INFO - DAG(s) 'airflow_sanity_check' retrieved from /opt/airflow/dags/sanity_checks.py
[2026-07-23T21:44:37.519+0000] {logging_mixin.py:190} INFO - [2026-07-23T21:44:37.518+0000] {dag.py:3211} INFO - Sync 1 DAGs
[2026-07-23T21:44:37.861+0000] {logging_mixin.py:190} INFO - [2026-07-23T21:44:37.859+0000] {dag.py:4138} INFO - Setting next_dagrun for airflow_sanity_check to None, run_after=None
[2026-07-23T21:44:38.329+0000] {processor.py:208} INFO - Processing /opt/airflow/dags/sanity_checks.py took 1.654 seconds
[2026-07-23T22:02:14.880+0000] {processor.py:186} INFO - Started process (PID=5833) to work on /opt/airflow/dags/sanity_checks.py
[2026-07-23T22:02:14.883+0000] {processor.py:914} INFO - Processing file /opt/airflow/dags/sanity_checks.py for tasks to queue
[2026-07-23T22:02:14.888+0000] {logging_mixin.py:190} INFO - [2026-07-23T22:02:14.888+0000] {dagbag.py:587} INFO - Filling up the DagBag from /opt/airflow/dags/sanity_checks.py
[2026-07-23T22:02:14.912+0000] {processor.py:925} INFO - DAG(s) 'airflow_sanity_check' retrieved from /opt/airflow/dags/sanity_checks.py
[2026-07-23T22:02:14.977+0000] {logging_mixin.py:190} INFO - [2026-07-23T22:02:14.977+0000] {dag.py:3211} INFO - Sync 1 DAGs
[2026-07-23T22:02:15.010+0000] {logging_mixin.py:190} INFO - [2026-07-23T22:02:15.010+0000] {dag.py:4138} INFO - Setting next_dagrun for airflow_sanity_check to None, run_after=None
[2026-07-23T22:02:15.052+0000] {processor.py:208} INFO - Processing /opt/airflow/dags/sanity_checks.py took 0.188 seconds
[2026-07-23T22:43:44.652+0000] {processor.py:186} INFO - Started process (PID=5848) to work on /opt/airflow/dags/sanity_checks.py
[2026-07-23T22:43:44.653+0000] {processor.py:914} INFO - Processing file /opt/airflow/dags/sanity_checks.py for tasks to queue
[2026-07-23T22:43:44.666+0000] {logging_mixin.py:190} INFO - [2026-07-23T22:43:44.666+0000] {dagbag.py:587} INFO - Filling up the DagBag from /opt/airflow/dags/sanity_checks.py
[2026-07-23T22:43:44.718+0000] {processor.py:925} INFO - DAG(s) 'airflow_sanity_check' retrieved from /opt/airflow/dags/sanity_checks.py
[2026-07-23T22:43:44.810+0000] {logging_mixin.py:190} INFO - [2026-07-23T22:43:44.809+0000] {dag.py:3211} INFO - Sync 1 DAGs
[2026-07-23T22:43:44.888+0000] {logging_mixin.py:190} INFO - [2026-07-23T22:43:44.888+0000] {dag.py:4138} INFO - Setting next_dagrun for airflow_sanity_check to None, run_after=None
[2026-07-23T22:43:44.987+0000] {processor.py:208} INFO - Processing /opt/airflow/dags/sanity_checks.py took 0.351 seconds
[2026-07-23T22:44:15.609+0000] {processor.py:186} INFO - Started process (PID=5863) to work on /opt/airflow/dags/sanity_checks.py
[2026-07-23T22:44:15.611+0000] {processor.py:914} INFO - Processing file /opt/airflow/dags/sanity_checks.py for tasks to queue
[2026-07-23T22:44:15.628+0000] {logging_mixin.py:190} INFO - [2026-07-23T22:44:15.617+0000] {dagbag.py:587} INFO - Filling up the DagBag from /opt/airflow/dags/sanity_checks.py
[2026-07-23T22:44:15.676+0000] {processor.py:925} INFO - DAG(s) 'airflow_sanity_check' retrieved from /opt/airflow/dags/sanity_checks.py
[2026-07-23T22:44:15.728+0000] {logging_mixin.py:190} INFO - [2026-07-23T22:44:15.728+0000] {dag.py:3211} INFO - Sync 1 DAGs
[2026-07-23T22:44:15.752+0000] {logging_mixin.py:190} INFO - [2026-07-23T22:44:15.752+0000] {dag.py:4138} INFO - Setting next_dagrun for airflow_sanity_check to None, run_after=None
[2026-07-23T22:44:15.782+0000] {processor.py:208} INFO - Processing /opt/airflow/dags/sanity_checks.py took 0.316 seconds
[2026-07-23T22:44:46.178+0000] {processor.py:186} INFO - Started process (PID=5878) to work on /opt/airflow/dags/sanity_checks.py
[2026-07-23T22:44:46.179+0000] {processor.py:914} INFO - Processing file /opt/airflow/dags/sanity_checks.py for tasks to queue
[2026-07-23T22:44:46.184+0000] {logging_mixin.py:190} INFO - [2026-07-23T22:44:46.183+0000] {dagbag.py:587} INFO - Filling up the DagBag from /opt/airflow/dags/sanity_checks.py
[2026-07-23T22:44:46.199+0000] {processor.py:925} INFO - DAG(s) 'airflow_sanity_check' retrieved from /opt/airflow/dags/sanity_checks.py
[2026-07-23T22:44:46.241+0000] {logging_mixin.py:190} INFO - [2026-07-23T22:44:46.241+0000] {dag.py:3211} INFO - Sync 1 DAGs
[2026-07-23T22:44:46.263+0000] {logging_mixin.py:190} INFO - [2026-07-23T22:44:46.263+0000] {dag.py:4138} INFO - Setting next_dagrun for airflow_sanity_check to None, run_after=None
[2026-07-23T22:44:46.297+0000] {processor.py:208} INFO - Processing /opt/airflow/dags/sanity_checks.py took 0.129 seconds
[2026-07-23T22:45:16.801+0000] {processor.py:186} INFO - Started process (PID=5893) to work on /opt/airflow/dags/sanity_checks.py
[2026-07-23T22:45:16.803+0000] {processor.py:914} INFO - Processing file /opt/airflow/dags/sanity_checks.py for tasks to queue
[2026-07-23T22:45:16.808+0000] {logging_mixin.py:190} INFO - [2026-07-23T22:45:16.808+0000] {dagbag.py:587} INFO - Filling up the DagBag from /opt/airflow/dags/sanity_checks.py
[2026-07-23T22:45:16.825+0000] {processor.py:925} INFO - DAG(s) 'airflow_sanity_check' retrieved from /opt/airflow/dags/sanity_checks.py
[2026-07-23T22:45:16.867+0000] {logging_mixin.py:190} INFO - [2026-07-23T22:45:16.866+0000] {dag.py:3211} INFO - Sync 1 DAGs
[2026-07-23T22:45:16.890+0000] {logging_mixin.py:190} INFO - [2026-07-23T22:45:16.889+0000] {dag.py:4138} INFO - Setting next_dagrun for airflow_sanity_check to None, run_after=None
[2026-07-23T22:45:16.917+0000] {processor.py:208} INFO - Processing /opt/airflow/dags/sanity_checks.py took 0.125 seconds
[2026-07-23T22:45:47.330+0000] {processor.py:186} INFO - Started process (PID=5908) to work on /opt/airflow/dags/sanity_checks.py
[2026-07-23T22:45:47.334+0000] {processor.py:914} INFO - Processing file /opt/airflow/dags/sanity_checks.py for tasks to queue
[2026-07-23T22:45:47.338+0000] {logging_mixin.py:190} INFO - [2026-07-23T22:45:47.338+0000] {dagbag.py:587} INFO - Filling up the DagBag from /opt/airflow/dags/sanity_checks.py
[2026-07-23T22:45:47.355+0000] {processor.py:925} INFO - DAG(s) 'airflow_sanity_check' retrieved from /opt/airflow/dags/sanity_checks.py
[2026-07-23T22:45:47.412+0000] {logging_mixin.py:190} INFO - [2026-07-23T22:45:47.412+0000] {dag.py:3211} INFO - Sync 1 DAGs
[2026-07-23T22:45:47.457+0000] {logging_mixin.py:190} INFO - [2026-07-23T22:45:47.457+0000] {dag.py:4138} INFO - Setting next_dagrun for airflow_sanity_check to None, run_after=None
[2026-07-23T22:45:47.484+0000] {processor.py:208} INFO - Processing /opt/airflow/dags/sanity_checks.py took 0.165 seconds
[2026-07-23T22:46:17.838+0000] {processor.py:186} INFO - Started process (PID=5923) to work on /opt/airflow/dags/sanity_checks.py
[2026-07-23T22:46:17.840+0000] {processor.py:914} INFO - Processing file /opt/airflow/dags/sanity_checks.py for tasks to queue
[2026-07-23T22:46:17.843+0000] {logging_mixin.py:190} INFO - [2026-07-23T22:46:17.842+0000] {dagbag.py:587} INFO - Filling up the DagBag from /opt/airflow/dags/sanity_checks.py
[2026-07-23T22:46:17.859+0000] {processor.py:925} INFO - DAG(s) 'airflow_sanity_check' retrieved from /opt/airflow/dags/sanity_checks.py
[2026-07-23T22:46:17.901+0000] {logging_mixin.py:190} INFO - [2026-07-23T22:46:17.900+0000] {dag.py:3211} INFO - Sync 1 DAGs
[2026-07-23T22:46:17.926+0000] {logging_mixin.py:190} INFO - [2026-07-23T22:46:17.925+0000] {dag.py:4138} INFO - Setting next_dagrun for airflow_sanity_check to None, run_after=None
[2026-07-23T22:46:17.964+0000] {processor.py:208} INFO - Processing /opt/airflow/dags/sanity_checks.py took 0.136 seconds
[2026-07-23T22:46:48.377+0000] {processor.py:186} INFO - Started process (PID=5938) to work on /opt/airflow/dags/sanity_checks.py
[2026-07-23T22:46:48.401+0000] {processor.py:914} INFO - Processing file /opt/airflow/dags/sanity_checks.py for tasks to queue
[2026-07-23T22:46:48.409+0000] {logging_mixin.py:190} INFO - [2026-07-23T22:46:48.408+0000] {dagbag.py:587} INFO - Filling up the DagBag from /opt/airflow/dags/sanity_checks.py
[2026-07-23T22:46:48.435+0000] {processor.py:925} INFO - DAG(s) 'airflow_sanity_check' retrieved from /opt/airflow/dags/sanity_checks.py
[2026-07-23T22:46:48.563+0000] {logging_mixin.py:190} INFO - [2026-07-23T22:46:48.562+0000] {dag.py:3211} INFO - Sync 1 DAGs
[2026-07-23T22:46:48.592+0000] {logging_mixin.py:190} INFO - [2026-07-23T22:46:48.592+0000] {dag.py:4138} INFO - Setting next_dagrun for airflow_sanity_check to None, run_after=None
[2026-07-23T22:46:48.620+0000] {processor.py:208} INFO - Processing /opt/airflow/dags/sanity_checks.py took 0.260 seconds
[2026-07-23T22:47:19.053+0000] {processor.py:186} INFO - Started process (PID=5953) to work on /opt/airflow/dags/sanity_checks.py
[2026-07-23T22:47:19.055+0000] {processor.py:914} INFO - Processing file /opt/airflow/dags/sanity_checks.py for tasks to queue
[2026-07-23T22:47:19.059+0000] {logging_mixin.py:190} INFO - [2026-07-23T22:47:19.058+0000] {dagbag.py:587} INFO - Filling up the DagBag from /opt/airflow/dags/sanity_checks.py
[2026-07-23T22:47:19.079+0000] {processor.py:925} INFO - DAG(s) 'airflow_sanity_check' retrieved from /opt/airflow/dags/sanity_checks.py
[2026-07-23T22:47:19.140+0000] {logging_mixin.py:190} INFO - [2026-07-23T22:47:19.139+0000] {dag.py:3211} INFO - Sync 1 DAGs
[2026-07-23T22:47:19.177+0000] {logging_mixin.py:190} INFO - [2026-07-23T22:47:19.177+0000] {dag.py:4138} INFO - Setting next_dagrun for airflow_sanity_check to None, run_after=None
[2026-07-23T22:47:19.208+0000] {processor.py:208} INFO - Processing /opt/airflow/dags/sanity_checks.py took 0.171 seconds
[2026-07-23T22:47:49.564+0000] {processor.py:186} INFO - Started process (PID=5968) to work on /opt/airflow/dags/sanity_checks.py
[2026-07-23T22:47:49.565+0000] {processor.py:914} INFO - Processing file /opt/airflow/dags/sanity_checks.py for tasks to queue
[2026-07-23T22:47:49.571+0000] {logging_mixin.py:190} INFO - [2026-07-23T22:47:49.570+0000] {dagbag.py:587} INFO - Filling up the DagBag from /opt/airflow/dags/sanity_checks.py
[2026-07-23T22:47:49.588+0000] {processor.py:925} INFO - DAG(s) 'airflow_sanity_check' retrieved from /opt/airflow/dags/sanity_checks.py
[2026-07-23T22:47:49.637+0000] {logging_mixin.py:190} INFO - [2026-07-23T22:47:49.637+0000] {dag.py:3211} INFO - Sync 1 DAGs
[2026-07-23T22:47:49.663+0000] {logging_mixin.py:190} INFO - [2026-07-23T22:47:49.663+0000] {dag.py:4138} INFO - Setting next_dagrun for airflow_sanity_check to None, run_after=None
[2026-07-23T22:47:49.690+0000] {processor.py:208} INFO - Processing /opt/airflow/dags/sanity_checks.py took 0.137 seconds
[2026-07-23T22:48:20.163+0000] {processor.py:186} INFO - Started process (PID=5983) to work on /opt/airflow/dags/sanity_checks.py
[2026-07-23T22:48:20.167+0000] {processor.py:914} INFO - Processing file /opt/airflow/dags/sanity_checks.py for tasks to queue
[2026-07-23T22:48:20.176+0000] {logging_mixin.py:190} INFO - [2026-07-23T22:48:20.175+0000] {dagbag.py:587} INFO - Filling up the DagBag from /opt/airflow/dags/sanity_checks.py
[2026-07-23T22:48:20.194+0000] {processor.py:925} INFO - DAG(s) 'airflow_sanity_check' retrieved from /opt/airflow/dags/sanity_checks.py
[2026-07-23T22:48:20.288+0000] {logging_mixin.py:190} INFO - [2026-07-23T22:48:20.288+0000] {dag.py:3211} INFO - Sync 1 DAGs
[2026-07-23T22:48:20.320+0000] {logging_mixin.py:190} INFO - [2026-07-23T22:48:20.320+0000] {dag.py:4138} INFO - Setting next_dagrun for airflow_sanity_check to None, run_after=None
[2026-07-23T22:48:20.354+0000] {processor.py:208} INFO - Processing /opt/airflow/dags/sanity_checks.py took 0.209 seconds
[2026-07-23T22:48:50.783+0000] {processor.py:186} INFO - Started process (PID=5998) to work on /opt/airflow/dags/sanity_checks.py
[2026-07-23T22:48:50.785+0000] {processor.py:914} INFO - Processing file /opt/airflow/dags/sanity_checks.py for tasks to queue
[2026-07-23T22:48:50.789+0000] {logging_mixin.py:190} INFO - [2026-07-23T22:48:50.788+0000] {dagbag.py:587} INFO - Filling up the DagBag from /opt/airflow/dags/sanity_checks.py
[2026-07-23T22:48:50.807+0000] {processor.py:925} INFO - DAG(s) 'airflow_sanity_check' retrieved from /opt/airflow/dags/sanity_checks.py
[2026-07-23T22:48:50.860+0000] {logging_mixin.py:190} INFO - [2026-07-23T22:48:50.860+0000] {dag.py:3211} INFO - Sync 1 DAGs
[2026-07-23T22:48:50.881+0000] {logging_mixin.py:190} INFO - [2026-07-23T22:48:50.881+0000] {dag.py:4138} INFO - Setting next_dagrun for airflow_sanity_check to None, run_after=None
[2026-07-23T22:48:50.910+0000] {processor.py:208} INFO - Processing /opt/airflow/dags/sanity_checks.py took 0.139 seconds
[2026-07-23T22:49:21.300+0000] {processor.py:186} INFO - Started process (PID=6013) to work on /opt/airflow/dags/sanity_checks.py
[2026-07-23T22:49:21.302+0000] {processor.py:914} INFO - Processing file /opt/airflow/dags/sanity_checks.py for tasks to queue
[2026-07-23T22:49:21.306+0000] {logging_mixin.py:190} INFO - [2026-07-23T22:49:21.305+0000] {dagbag.py:587} INFO - Filling up the DagBag from /opt/airflow/dags/sanity_checks.py
[2026-07-23T22:49:21.324+0000] {processor.py:925} INFO - DAG(s) 'airflow_sanity_check' retrieved from /opt/airflow/dags/sanity_checks.py
[2026-07-23T22:49:21.391+0000] {logging_mixin.py:190} INFO - [2026-07-23T22:49:21.391+0000] {dag.py:3211} INFO - Sync 1 DAGs
[2026-07-23T22:49:21.425+0000] {logging_mixin.py:190} INFO - [2026-07-23T22:49:21.424+0000] {dag.py:4138} INFO - Setting next_dagrun for airflow_sanity_check to None, run_after=None
[2026-07-23T22:49:21.465+0000] {processor.py:208} INFO - Processing /opt/airflow/dags/sanity_checks.py took 0.178 seconds
[2026-07-23T22:49:51.828+0000] {processor.py:186} INFO - Started process (PID=6028) to work on /opt/airflow/dags/sanity_checks.py
[2026-07-23T22:49:51.829+0000] {processor.py:914} INFO - Processing file /opt/airflow/dags/sanity_checks.py for tasks to queue
[2026-07-23T22:49:51.833+0000] {logging_mixin.py:190} INFO - [2026-07-23T22:49:51.832+0000] {dagbag.py:587} INFO - Filling up the DagBag from /opt/airflow/dags/sanity_checks.py
[2026-07-23T22:49:51.849+0000] {processor.py:925} INFO - DAG(s) 'airflow_sanity_check' retrieved from /opt/airflow/dags/sanity_checks.py
[2026-07-23T22:49:51.894+0000] {logging_mixin.py:190} INFO - [2026-07-23T22:49:51.894+0000] {dag.py:3211} INFO - Sync 1 DAGs
[2026-07-23T22:49:51.917+0000] {logging_mixin.py:190} INFO - [2026-07-23T22:49:51.917+0000] {dag.py:4138} INFO - Setting next_dagrun for airflow_sanity_check to None, run_after=None
[2026-07-23T22:49:51.945+0000] {processor.py:208} INFO - Processing /opt/airflow/dags/sanity_checks.py took 0.127 seconds
[2026-07-23T22:50:22.375+0000] {processor.py:186} INFO - Started process (PID=6043) to work on /opt/airflow/dags/sanity_checks.py
[2026-07-23T22:50:22.376+0000] {processor.py:914} INFO - Processing file /opt/airflow/dags/sanity_checks.py for tasks to queue
[2026-07-23T22:50:22.381+0000] {logging_mixin.py:190} INFO - [2026-07-23T22:50:22.379+0000] {dagbag.py:587} INFO - Filling up the DagBag from /opt/airflow/dags/sanity_checks.py
[2026-07-23T22:50:22.396+0000] {processor.py:925} INFO - DAG(s) 'airflow_sanity_check' retrieved from /opt/airflow/dags/sanity_checks.py
[2026-07-23T22:50:22.443+0000] {logging_mixin.py:190} INFO - [2026-07-23T22:50:22.442+0000] {dag.py:3211} INFO - Sync 1 DAGs
[2026-07-23T22:50:22.465+0000] {logging_mixin.py:190} INFO - [2026-07-23T22:50:22.465+0000] {dag.py:4138} INFO - Setting next_dagrun for airflow_sanity_check to None, run_after=None
[2026-07-23T22:50:22.493+0000] {processor.py:208} INFO - Processing /opt/airflow/dags/sanity_checks.py took 0.128 seconds
[2026-07-23T22:50:52.851+0000] {processor.py:186} INFO - Started process (PID=6058) to work on /opt/airflow/dags/sanity_checks.py
[2026-07-23T22:50:52.853+0000] {processor.py:914} INFO - Processing file /opt/airflow/dags/sanity_checks.py for tasks to queue
[2026-07-23T22:50:52.857+0000] {logging_mixin.py:190} INFO - [2026-07-23T22:50:52.857+0000] {dagbag.py:587} INFO - Filling up the DagBag from /opt/airflow/dags/sanity_checks.py
[2026-07-23T22:50:52.873+0000] {processor.py:925} INFO - DAG(s) 'airflow_sanity_check' retrieved from /opt/airflow/dags/sanity_checks.py
[2026-07-23T22:50:52.921+0000] {logging_mixin.py:190} INFO - [2026-07-23T22:50:52.921+0000] {dag.py:3211} INFO - Sync 1 DAGs
[2026-07-23T22:50:52.947+0000] {logging_mixin.py:190} INFO - [2026-07-23T22:50:52.946+0000] {dag.py:4138} INFO - Setting next_dagrun for airflow_sanity_check to None, run_after=None
[2026-07-23T22:50:52.971+0000] {processor.py:208} INFO - Processing /opt/airflow/dags/sanity_checks.py took 0.130 seconds
[2026-07-23T22:51:23.408+0000] {processor.py:186} INFO - Started process (PID=6073) to work on /opt/airflow/dags/sanity_checks.py
[2026-07-23T22:51:23.409+0000] {processor.py:914} INFO - Processing file /opt/airflow/dags/sanity_checks.py for tasks to queue
[2026-07-23T22:51:23.416+0000] {logging_mixin.py:190} INFO - [2026-07-23T22:51:23.415+0000] {dagbag.py:587} INFO - Filling up the DagBag from /opt/airflow/dags/sanity_checks.py
[2026-07-23T22:51:23.434+0000] {processor.py:925} INFO - DAG(s) 'airflow_sanity_check' retrieved from /opt/airflow/dags/sanity_checks.py
[2026-07-23T22:51:23.502+0000] {logging_mixin.py:190} INFO - [2026-07-23T22:51:23.502+0000] {dag.py:3211} INFO - Sync 1 DAGs
[2026-07-23T22:51:23.531+0000] {logging_mixin.py:190} INFO - [2026-07-23T22:51:23.531+0000] {dag.py:4138} INFO - Setting next_dagrun for airflow_sanity_check to None, run_after=None
[2026-07-23T22:51:23.558+0000] {processor.py:208} INFO - Processing /opt/airflow/dags/sanity_checks.py took 0.163 seconds
[2026-07-23T22:51:53.931+0000] {processor.py:186} INFO - Started process (PID=6088) to work on /opt/airflow/dags/sanity_checks.py
[2026-07-23T22:51:53.933+0000] {processor.py:914} INFO - Processing file /opt/airflow/dags/sanity_checks.py for tasks to queue
[2026-07-23T22:51:53.937+0000] {logging_mixin.py:190} INFO - [2026-07-23T22:51:53.936+0000] {dagbag.py:587} INFO - Filling up the DagBag from /opt/airflow/dags/sanity_checks.py
[2026-07-23T22:51:53.955+0000] {processor.py:925} INFO - DAG(s) 'airflow_sanity_check' retrieved from /opt/airflow/dags/sanity_checks.py
[2026-07-23T22:51:54.003+0000] {logging_mixin.py:190} INFO - [2026-07-23T22:51:54.003+0000] {dag.py:3211} INFO - Sync 1 DAGs
[2026-07-23T22:51:54.026+0000] {logging_mixin.py:190} INFO - [2026-07-23T22:51:54.026+0000] {dag.py:4138} INFO - Setting next_dagrun for airflow_sanity_check to None, run_after=None
[2026-07-23T22:51:54.059+0000] {processor.py:208} INFO - Processing /opt/airflow/dags/sanity_checks.py took 0.140 seconds
[2026-07-23T22:52:24.428+0000] {processor.py:186} INFO - Started process (PID=6103) to work on /opt/airflow/dags/sanity_checks.py
[2026-07-23T22:52:24.430+0000] {processor.py:914} INFO - Processing file /opt/airflow/dags/sanity_checks.py for tasks to queue
[2026-07-23T22:52:24.434+0000] {logging_mixin.py:190} INFO - [2026-07-23T22:52:24.434+0000] {dagbag.py:587} INFO - Filling up the DagBag from /opt/airflow/dags/sanity_checks.py
[2026-07-23T22:52:24.460+0000] {processor.py:925} INFO - DAG(s) 'airflow_sanity_check' retrieved from /opt/airflow/dags/sanity_checks.py
[2026-07-23T22:52:24.527+0000] {logging_mixin.py:190} INFO - [2026-07-23T22:52:24.527+0000] {dag.py:3211} INFO - Sync 1 DAGs
[2026-07-23T22:52:24.560+0000] {logging_mixin.py:190} INFO - [2026-07-23T22:52:24.559+0000] {dag.py:4138} INFO - Setting next_dagrun for airflow_sanity_check to None, run_after=None
[2026-07-23T22:52:24.590+0000] {processor.py:208} INFO - Processing /opt/airflow/dags/sanity_checks.py took 0.173 seconds
[2026-07-23T22:52:54.970+0000] {processor.py:186} INFO - Started process (PID=6118) to work on /opt/airflow/dags/sanity_checks.py
[2026-07-23T22:52:54.971+0000] {processor.py:914} INFO - Processing file /opt/airflow/dags/sanity_checks.py for tasks to queue
[2026-07-23T22:52:54.975+0000] {logging_mixin.py:190} INFO - [2026-07-23T22:52:54.974+0000] {dagbag.py:587} INFO - Filling up the DagBag from /opt/airflow/dags/sanity_checks.py
[2026-07-23T22:52:54.991+0000] {processor.py:925} INFO - DAG(s) 'airflow_sanity_check' retrieved from /opt/airflow/dags/sanity_checks.py
[2026-07-23T22:52:55.048+0000] {logging_mixin.py:190} INFO - [2026-07-23T22:52:55.047+0000] {dag.py:3211} INFO - Sync 1 DAGs
[2026-07-23T22:52:55.075+0000] {logging_mixin.py:190} INFO - [2026-07-23T22:52:55.075+0000] {dag.py:4138} INFO - Setting next_dagrun for airflow_sanity_check to None, run_after=None
[2026-07-23T22:52:55.106+0000] {processor.py:208} INFO - Processing /opt/airflow/dags/sanity_checks.py took 0.147 seconds
[2026-07-23T22:53:25.507+0000] {processor.py:186} INFO - Started process (PID=6133) to work on /opt/airflow/dags/sanity_checks.py
[2026-07-23T22:53:25.509+0000] {processor.py:914} INFO - Processing file /opt/airflow/dags/sanity_checks.py for tasks to queue
[2026-07-23T22:53:25.513+0000] {logging_mixin.py:190} INFO - [2026-07-23T22:53:25.512+0000] {dagbag.py:587} INFO - Filling up the DagBag from /opt/airflow/dags/sanity_checks.py
[2026-07-23T22:53:25.529+0000] {processor.py:925} INFO - DAG(s) 'airflow_sanity_check' retrieved from /opt/airflow/dags/sanity_checks.py
[2026-07-23T22:53:25.574+0000] {logging_mixin.py:190} INFO - [2026-07-23T22:53:25.574+0000] {dag.py:3211} INFO - Sync 1 DAGs
[2026-07-23T22:53:25.597+0000] {logging_mixin.py:190} INFO - [2026-07-23T22:53:25.596+0000] {dag.py:4138} INFO - Setting next_dagrun for airflow_sanity_check to None, run_after=None
[2026-07-23T22:53:25.629+0000] {processor.py:208} INFO - Processing /opt/airflow/dags/sanity_checks.py took 0.132 seconds
[2026-07-23T22:53:56.035+0000] {processor.py:186} INFO - Started process (PID=6148) to work on /opt/airflow/dags/sanity_checks.py
[2026-07-23T22:53:56.037+0000] {processor.py:914} INFO - Processing file /opt/airflow/dags/sanity_checks.py for tasks to queue
[2026-07-23T22:53:56.042+0000] {logging_mixin.py:190} INFO - [2026-07-23T22:53:56.041+0000] {dagbag.py:587} INFO - Filling up the DagBag from /opt/airflow/dags/sanity_checks.py
[2026-07-23T22:53:56.059+0000] {processor.py:925} INFO - DAG(s) 'airflow_sanity_check' retrieved from /opt/airflow/dags/sanity_checks.py
[2026-07-23T22:53:56.104+0000] {logging_mixin.py:190} INFO - [2026-07-23T22:53:56.104+0000] {dag.py:3211} INFO - Sync 1 DAGs
[2026-07-23T22:53:56.130+0000] {logging_mixin.py:190} INFO - [2026-07-23T22:53:56.130+0000] {dag.py:4138} INFO - Setting next_dagrun for airflow_sanity_check to None, run_after=None
[2026-07-23T22:53:56.164+0000] {processor.py:208} INFO - Processing /opt/airflow/dags/sanity_checks.py took 0.138 seconds
[2026-07-23T22:54:26.710+0000] {processor.py:186} INFO - Started process (PID=6163) to work on /opt/airflow/dags/sanity_checks.py
[2026-07-23T22:54:26.713+0000] {processor.py:914} INFO - Processing file /opt/airflow/dags/sanity_checks.py for tasks to queue
[2026-07-23T22:54:26.717+0000] {logging_mixin.py:190} INFO - [2026-07-23T22:54:26.716+0000] {dagbag.py:587} INFO - Filling up the DagBag from /opt/airflow/dags/sanity_checks.py
[2026-07-23T22:54:26.736+0000] {processor.py:925} INFO - DAG(s) 'airflow_sanity_check' retrieved from /opt/airflow/dags/sanity_checks.py
[2026-07-23T22:54:26.784+0000] {logging_mixin.py:190} INFO - [2026-07-23T22:54:26.783+0000] {dag.py:3211} INFO - Sync 1 DAGs
[2026-07-23T22:54:26.807+0000] {logging_mixin.py:190} INFO - [2026-07-23T22:54:26.806+0000] {dag.py:4138} INFO - Setting next_dagrun for airflow_sanity_check to None, run_after=None
[2026-07-23T22:54:26.836+0000] {processor.py:208} INFO - Processing /opt/airflow/dags/sanity_checks.py took 0.215 seconds
[2026-07-23T22:54:57.231+0000] {processor.py:186} INFO - Started process (PID=6178) to work on /opt/airflow/dags/sanity_checks.py
[2026-07-23T22:54:57.232+0000] {processor.py:914} INFO - Processing file /opt/airflow/dags/sanity_checks.py for tasks to queue
[2026-07-23T22:54:57.237+0000] {logging_mixin.py:190} INFO - [2026-07-23T22:54:57.236+0000] {dagbag.py:587} INFO - Filling up the DagBag from /opt/airflow/dags/sanity_checks.py
[2026-07-23T22:54:57.254+0000] {processor.py:925} INFO - DAG(s) 'airflow_sanity_check' retrieved from /opt/airflow/dags/sanity_checks.py
[2026-07-23T22:54:57.300+0000] {logging_mixin.py:190} INFO - [2026-07-23T22:54:57.300+0000] {dag.py:3211} INFO - Sync 1 DAGs
[2026-07-23T22:54:57.326+0000] {logging_mixin.py:190} INFO - [2026-07-23T22:54:57.325+0000] {dag.py:4138} INFO - Setting next_dagrun for airflow_sanity_check to None, run_after=None
[2026-07-23T22:54:57.355+0000] {processor.py:208} INFO - Processing /opt/airflow/dags/sanity_checks.py took 0.135 seconds
[2026-07-23T22:55:27.727+0000] {processor.py:186} INFO - Started process (PID=6193) to work on /opt/airflow/dags/sanity_checks.py
[2026-07-23T22:55:27.728+0000] {processor.py:914} INFO - Processing file /opt/airflow/dags/sanity_checks.py for tasks to queue
[2026-07-23T22:55:27.733+0000] {logging_mixin.py:190} INFO - [2026-07-23T22:55:27.732+0000] {dagbag.py:587} INFO - Filling up the DagBag from /opt/airflow/dags/sanity_checks.py
[2026-07-23T22:55:27.757+0000] {processor.py:925} INFO - DAG(s) 'airflow_sanity_check' retrieved from /opt/airflow/dags/sanity_checks.py
[2026-07-23T22:55:27.804+0000] {logging_mixin.py:190} INFO - [2026-07-23T22:55:27.803+0000] {dag.py:3211} INFO - Sync 1 DAGs
[2026-07-23T22:55:27.826+0000] {logging_mixin.py:190} INFO - [2026-07-23T22:55:27.826+0000] {dag.py:4138} INFO - Setting next_dagrun for airflow_sanity_check to None, run_after=None
[2026-07-23T22:55:27.856+0000] {processor.py:208} INFO - Processing /opt/airflow/dags/sanity_checks.py took 0.139 seconds
[2026-07-23T22:55:58.264+0000] {processor.py:186} INFO - Started process (PID=6208) to work on /opt/airflow/dags/sanity_checks.py
[2026-07-23T22:55:58.266+0000] {processor.py:914} INFO - Processing file /opt/airflow/dags/sanity_checks.py for tasks to queue
[2026-07-23T22:55:58.270+0000] {logging_mixin.py:190} INFO - [2026-07-23T22:55:58.270+0000] {dagbag.py:587} INFO - Filling up the DagBag from /opt/airflow/dags/sanity_checks.py
[2026-07-23T22:55:58.285+0000] {processor.py:925} INFO - DAG(s) 'airflow_sanity_check' retrieved from /opt/airflow/dags/sanity_checks.py
[2026-07-23T22:55:58.329+0000] {logging_mixin.py:190} INFO - [2026-07-23T22:55:58.328+0000] {dag.py:3211} INFO - Sync 1 DAGs
[2026-07-23T22:55:58.350+0000] {logging_mixin.py:190} INFO - [2026-07-23T22:55:58.350+0000] {dag.py:4138} INFO - Setting next_dagrun for airflow_sanity_check to None, run_after=None
[2026-07-23T22:55:58.378+0000] {processor.py:208} INFO - Processing /opt/airflow/dags/sanity_checks.py took 0.126 seconds
[2026-07-23T22:56:28.719+0000] {processor.py:186} INFO - Started process (PID=6223) to work on /opt/airflow/dags/sanity_checks.py
[2026-07-23T22:56:28.720+0000] {processor.py:914} INFO - Processing file /opt/airflow/dags/sanity_checks.py for tasks to queue
[2026-07-23T22:56:28.725+0000] {logging_mixin.py:190} INFO - [2026-07-23T22:56:28.724+0000] {dagbag.py:587} INFO - Filling up the DagBag from /opt/airflow/dags/sanity_checks.py
[2026-07-23T22:56:28.740+0000] {processor.py:925} INFO - DAG(s) 'airflow_sanity_check' retrieved from /opt/airflow/dags/sanity_checks.py
[2026-07-23T22:56:28.791+0000] {logging_mixin.py:190} INFO - [2026-07-23T22:56:28.790+0000] {dag.py:3211} INFO - Sync 1 DAGs
[2026-07-23T22:56:28.817+0000] {logging_mixin.py:190} INFO - [2026-07-23T22:56:28.817+0000] {dag.py:4138} INFO - Setting next_dagrun for airflow_sanity_check to None, run_after=None
[2026-07-23T22:56:28.843+0000] {processor.py:208} INFO - Processing /opt/airflow/dags/sanity_checks.py took 0.134 seconds
[2026-07-23T22:56:59.214+0000] {processor.py:186} INFO - Started process (PID=6238) to work on /opt/airflow/dags/sanity_checks.py
[2026-07-23T22:56:59.216+0000] {processor.py:914} INFO - Processing file /opt/airflow/dags/sanity_checks.py for tasks to queue
[2026-07-23T22:56:59.223+0000] {logging_mixin.py:190} INFO - [2026-07-23T22:56:59.223+0000] {dagbag.py:587} INFO - Filling up the DagBag from /opt/airflow/dags/sanity_checks.py
[2026-07-23T22:56:59.311+0000] {processor.py:925} INFO - DAG(s) 'airflow_sanity_check' retrieved from /opt/airflow/dags/sanity_checks.py
[2026-07-23T22:56:59.356+0000] {logging_mixin.py:190} INFO - [2026-07-23T22:56:59.355+0000] {dag.py:3211} INFO - Sync 1 DAGs
[2026-07-23T22:56:59.378+0000] {logging_mixin.py:190} INFO - [2026-07-23T22:56:59.377+0000] {dag.py:4138} INFO - Setting next_dagrun for airflow_sanity_check to None, run_after=None
[2026-07-23T22:56:59.408+0000] {processor.py:208} INFO - Processing /opt/airflow/dags/sanity_checks.py took 0.204 seconds
[2026-07-23T22:57:29.794+0000] {processor.py:186} INFO - Started process (PID=6253) to work on /opt/airflow/dags/sanity_checks.py
[2026-07-23T22:57:29.795+0000] {processor.py:914} INFO - Processing file /opt/airflow/dags/sanity_checks.py for tasks to queue
[2026-07-23T22:57:29.799+0000] {logging_mixin.py:190} INFO - [2026-07-23T22:57:29.798+0000] {dagbag.py:587} INFO - Filling up the DagBag from /opt/airflow/dags/sanity_checks.py
[2026-07-23T22:57:29.814+0000] {processor.py:925} INFO - DAG(s) 'airflow_sanity_check' retrieved from /opt/airflow/dags/sanity_checks.py
[2026-07-23T22:57:29.856+0000] {logging_mixin.py:190} INFO - [2026-07-23T22:57:29.856+0000] {dag.py:3211} INFO - Sync 1 DAGs
[2026-07-23T22:57:29.879+0000] {logging_mixin.py:190} INFO - [2026-07-23T22:57:29.879+0000] {dag.py:4138} INFO - Setting next_dagrun for airflow_sanity_check to None, run_after=None
[2026-07-23T22:57:29.910+0000] {processor.py:208} INFO - Processing /opt/airflow/dags/sanity_checks.py took 0.126 seconds
[2026-07-23T22:58:00.271+0000] {processor.py:186} INFO - Started process (PID=6268) to work on /opt/airflow/dags/sanity_checks.py
[2026-07-23T22:58:00.273+0000] {processor.py:914} INFO - Processing file /opt/airflow/dags/sanity_checks.py for tasks to queue
[2026-07-23T22:58:00.277+0000] {logging_mixin.py:190} INFO - [2026-07-23T22:58:00.276+0000] {dagbag.py:587} INFO - Filling up the DagBag from /opt/airflow/dags/sanity_checks.py
[2026-07-23T22:58:00.339+0000] {processor.py:925} INFO - DAG(s) 'airflow_sanity_check' retrieved from /opt/airflow/dags/sanity_checks.py
[2026-07-23T22:58:00.435+0000] {logging_mixin.py:190} INFO - [2026-07-23T22:58:00.434+0000] {dag.py:3211} INFO - Sync 1 DAGs
[2026-07-23T22:58:00.480+0000] {logging_mixin.py:190} INFO - [2026-07-23T22:58:00.479+0000] {dag.py:4138} INFO - Setting next_dagrun for airflow_sanity_check to None, run_after=None
[2026-07-23T22:58:00.517+0000] {processor.py:208} INFO - Processing /opt/airflow/dags/sanity_checks.py took 0.255 seconds
[2026-07-23T22:58:30.871+0000] {processor.py:186} INFO - Started process (PID=6283) to work on /opt/airflow/dags/sanity_checks.py
[2026-07-23T22:58:30.873+0000] {processor.py:914} INFO - Processing file /opt/airflow/dags/sanity_checks.py for tasks to queue
[2026-07-23T22:58:30.877+0000] {logging_mixin.py:190} INFO - [2026-07-23T22:58:30.876+0000] {dagbag.py:587} INFO - Filling up the DagBag from /opt/airflow/dags/sanity_checks.py
[2026-07-23T22:58:30.895+0000] {processor.py:925} INFO - DAG(s) 'airflow_sanity_check' retrieved from /opt/airflow/dags/sanity_checks.py
[2026-07-23T22:58:30.946+0000] {logging_mixin.py:190} INFO - [2026-07-23T22:58:30.945+0000] {dag.py:3211} INFO - Sync 1 DAGs
[2026-07-23T22:58:30.978+0000] {logging_mixin.py:190} INFO - [2026-07-23T22:58:30.977+0000] {dag.py:4138} INFO - Setting next_dagrun for airflow_sanity_check to None, run_after=None
[2026-07-23T22:58:31.011+0000] {processor.py:208} INFO - Processing /opt/airflow/dags/sanity_checks.py took 0.151 seconds
[2026-07-23T22:59:01.386+0000] {processor.py:186} INFO - Started process (PID=6298) to work on /opt/airflow/dags/sanity_checks.py
[2026-07-23T22:59:01.388+0000] {processor.py:914} INFO - Processing file /opt/airflow/dags/sanity_checks.py for tasks to queue
[2026-07-23T22:59:01.393+0000] {logging_mixin.py:190} INFO - [2026-07-23T22:59:01.392+0000] {dagbag.py:587} INFO - Filling up the DagBag from /opt/airflow/dags/sanity_checks.py
[2026-07-23T22:59:01.409+0000] {processor.py:925} INFO - DAG(s) 'airflow_sanity_check' retrieved from /opt/airflow/dags/sanity_checks.py
[2026-07-23T22:59:01.456+0000] {logging_mixin.py:190} INFO - [2026-07-23T22:59:01.456+0000] {dag.py:3211} INFO - Sync 1 DAGs
[2026-07-23T22:59:01.481+0000] {logging_mixin.py:190} INFO - [2026-07-23T22:59:01.480+0000] {dag.py:4138} INFO - Setting next_dagrun for airflow_sanity_check to None, run_after=None
[2026-07-23T22:59:01.510+0000] {processor.py:208} INFO - Processing /opt/airflow/dags/sanity_checks.py took 0.137 seconds
[2026-07-23T22:59:31.880+0000] {processor.py:186} INFO - Started process (PID=6313) to work on /opt/airflow/dags/sanity_checks.py
[2026-07-23T22:59:31.882+0000] {processor.py:914} INFO - Processing file /opt/airflow/dags/sanity_checks.py for tasks to queue
[2026-07-23T22:59:31.887+0000] {logging_mixin.py:190} INFO - [2026-07-23T22:59:31.886+0000] {dagbag.py:587} INFO - Filling up the DagBag from /opt/airflow/dags/sanity_checks.py
[2026-07-23T22:59:31.902+0000] {processor.py:925} INFO - DAG(s) 'airflow_sanity_check' retrieved from /opt/airflow/dags/sanity_checks.py
[2026-07-23T22:59:31.945+0000] {logging_mixin.py:190} INFO - [2026-07-23T22:59:31.945+0000] {dag.py:3211} INFO - Sync 1 DAGs
[2026-07-23T22:59:31.968+0000] {logging_mixin.py:190} INFO - [2026-07-23T22:59:31.967+0000] {dag.py:4138} INFO - Setting next_dagrun for airflow_sanity_check to None, run_after=None
[2026-07-23T22:59:31.996+0000] {processor.py:208} INFO - Processing /opt/airflow/dags/sanity_checks.py took 0.125 seconds
[2026-07-23T23:00:02.390+0000] {processor.py:186} INFO - Started process (PID=6328) to work on /opt/airflow/dags/sanity_checks.py
[2026-07-23T23:00:02.392+0000] {processor.py:914} INFO - Processing file /opt/airflow/dags/sanity_checks.py for tasks to queue
[2026-07-23T23:00:02.396+0000] {logging_mixin.py:190} INFO - [2026-07-23T23:00:02.395+0000] {dagbag.py:587} INFO - Filling up the DagBag from /opt/airflow/dags/sanity_checks.py
[2026-07-23T23:00:02.411+0000] {processor.py:925} INFO - DAG(s) 'airflow_sanity_check' retrieved from /opt/airflow/dags/sanity_checks.py
[2026-07-23T23:00:02.455+0000] {logging_mixin.py:190} INFO - [2026-07-23T23:00:02.454+0000] {dag.py:3211} INFO - Sync 1 DAGs
[2026-07-23T23:00:02.476+0000] {logging_mixin.py:190} INFO - [2026-07-23T23:00:02.476+0000] {dag.py:4138} INFO - Setting next_dagrun for airflow_sanity_check to None, run_after=None
[2026-07-23T23:00:02.506+0000] {processor.py:208} INFO - Processing /opt/airflow/dags/sanity_checks.py took 0.126 seconds
[2026-07-23T23:00:32.864+0000] {processor.py:186} INFO - Started process (PID=6343) to work on /opt/airflow/dags/sanity_checks.py
[2026-07-23T23:00:32.866+0000] {processor.py:914} INFO - Processing file /opt/airflow/dags/sanity_checks.py for tasks to queue
[2026-07-23T23:00:32.869+0000] {logging_mixin.py:190} INFO - [2026-07-23T23:00:32.869+0000] {dagbag.py:587} INFO - Filling up the DagBag from /opt/airflow/dags/sanity_checks.py
[2026-07-23T23:00:32.885+0000] {processor.py:925} INFO - DAG(s) 'airflow_sanity_check' retrieved from /opt/airflow/dags/sanity_checks.py
[2026-07-23T23:00:32.927+0000] {logging_mixin.py:190} INFO - [2026-07-23T23:00:32.927+0000] {dag.py:3211} INFO - Sync 1 DAGs
[2026-07-23T23:00:32.949+0000] {logging_mixin.py:190} INFO - [2026-07-23T23:00:32.948+0000] {dag.py:4138} INFO - Setting next_dagrun for airflow_sanity_check to None, run_after=None
[2026-07-23T23:00:32.979+0000] {processor.py:208} INFO - Processing /opt/airflow/dags/sanity_checks.py took 0.125 seconds
[2026-07-23T23:01:03.335+0000] {processor.py:186} INFO - Started process (PID=6358) to work on /opt/airflow/dags/sanity_checks.py
[2026-07-23T23:01:03.336+0000] {processor.py:914} INFO - Processing file /opt/airflow/dags/sanity_checks.py for tasks to queue
[2026-07-23T23:01:03.340+0000] {logging_mixin.py:190} INFO - [2026-07-23T23:01:03.340+0000] {dagbag.py:587} INFO - Filling up the DagBag from /opt/airflow/dags/sanity_checks.py
[2026-07-23T23:01:03.356+0000] {processor.py:925} INFO - DAG(s) 'airflow_sanity_check' retrieved from /opt/airflow/dags/sanity_checks.py
[2026-07-23T23:01:03.399+0000] {logging_mixin.py:190} INFO - [2026-07-23T23:01:03.398+0000] {dag.py:3211} INFO - Sync 1 DAGs
[2026-07-23T23:01:03.421+0000] {logging_mixin.py:190} INFO - [2026-07-23T23:01:03.421+0000] {dag.py:4138} INFO - Setting next_dagrun for airflow_sanity_check to None, run_after=None
[2026-07-23T23:01:03.452+0000] {processor.py:208} INFO - Processing /opt/airflow/dags/sanity_checks.py took 0.126 seconds
[2026-07-23T23:01:33.812+0000] {processor.py:186} INFO - Started process (PID=6373) to work on /opt/airflow/dags/sanity_checks.py
[2026-07-23T23:01:33.813+0000] {processor.py:914} INFO - Processing file /opt/airflow/dags/sanity_checks.py for tasks to queue
[2026-07-23T23:01:33.817+0000] {logging_mixin.py:190} INFO - [2026-07-23T23:01:33.817+0000] {dagbag.py:587} INFO - Filling up the DagBag from /opt/airflow/dags/sanity_checks.py
[2026-07-23T23:01:33.833+0000] {processor.py:925} INFO - DAG(s) 'airflow_sanity_check' retrieved from /opt/airflow/dags/sanity_checks.py
[2026-07-23T23:01:33.876+0000] {logging_mixin.py:190} INFO - [2026-07-23T23:01:33.876+0000] {dag.py:3211} INFO - Sync 1 DAGs
[2026-07-23T23:01:33.898+0000] {logging_mixin.py:190} INFO - [2026-07-23T23:01:33.898+0000] {dag.py:4138} INFO - Setting next_dagrun for airflow_sanity_check to None, run_after=None
[2026-07-23T23:01:33.926+0000] {processor.py:208} INFO - Processing /opt/airflow/dags/sanity_checks.py took 0.124 seconds
[2026-07-23T23:02:04.279+0000] {processor.py:186} INFO - Started process (PID=6388) to work on /opt/airflow/dags/sanity_checks.py
[2026-07-23T23:02:04.280+0000] {processor.py:914} INFO - Processing file /opt/airflow/dags/sanity_checks.py for tasks to queue
[2026-07-23T23:02:04.285+0000] {logging_mixin.py:190} INFO - [2026-07-23T23:02:04.285+0000] {dagbag.py:587} INFO - Filling up the DagBag from /opt/airflow/dags/sanity_checks.py
[2026-07-23T23:02:04.300+0000] {processor.py:925} INFO - DAG(s) 'airflow_sanity_check' retrieved from /opt/airflow/dags/sanity_checks.py
[2026-07-23T23:02:04.345+0000] {logging_mixin.py:190} INFO - [2026-07-23T23:02:04.344+0000] {dag.py:3211} INFO - Sync 1 DAGs
[2026-07-23T23:02:04.366+0000] {logging_mixin.py:190} INFO - [2026-07-23T23:02:04.366+0000] {dag.py:4138} INFO - Setting next_dagrun for airflow_sanity_check to None, run_after=None
[2026-07-23T23:02:04.396+0000] {processor.py:208} INFO - Processing /opt/airflow/dags/sanity_checks.py took 0.126 seconds
[2026-07-23T23:02:34.747+0000] {processor.py:186} INFO - Started process (PID=6403) to work on /opt/airflow/dags/sanity_checks.py
[2026-07-23T23:02:34.748+0000] {processor.py:914} INFO - Processing file /opt/airflow/dags/sanity_checks.py for tasks to queue
[2026-07-23T23:02:34.753+0000] {logging_mixin.py:190} INFO - [2026-07-23T23:02:34.753+0000] {dagbag.py:587} INFO - Filling up the DagBag from /opt/airflow/dags/sanity_checks.py
[2026-07-23T23:02:34.770+0000] {processor.py:925} INFO - DAG(s) 'airflow_sanity_check' retrieved from /opt/airflow/dags/sanity_checks.py
[2026-07-23T23:02:34.816+0000] {logging_mixin.py:190} INFO - [2026-07-23T23:02:34.816+0000] {dag.py:3211} INFO - Sync 1 DAGs
[2026-07-23T23:02:34.843+0000] {logging_mixin.py:190} INFO - [2026-07-23T23:02:34.843+0000] {dag.py:4138} INFO - Setting next_dagrun for airflow_sanity_check to None, run_after=None
[2026-07-23T23:02:34.872+0000] {processor.py:208} INFO - Processing /opt/airflow/dags/sanity_checks.py took 0.136 seconds
[2026-07-23T23:03:05.255+0000] {processor.py:186} INFO - Started process (PID=6418) to work on /opt/airflow/dags/sanity_checks.py
[2026-07-23T23:03:05.257+0000] {processor.py:914} INFO - Processing file /opt/airflow/dags/sanity_checks.py for tasks to queue
[2026-07-23T23:03:05.261+0000] {logging_mixin.py:190} INFO - [2026-07-23T23:03:05.260+0000] {dagbag.py:587} INFO - Filling up the DagBag from /opt/airflow/dags/sanity_checks.py
[2026-07-23T23:03:05.278+0000] {processor.py:925} INFO - DAG(s) 'airflow_sanity_check' retrieved from /opt/airflow/dags/sanity_checks.py
[2026-07-23T23:03:05.325+0000] {logging_mixin.py:190} INFO - [2026-07-23T23:03:05.325+0000] {dag.py:3211} INFO - Sync 1 DAGs
[2026-07-23T23:03:05.349+0000] {logging_mixin.py:190} INFO - [2026-07-23T23:03:05.349+0000] {dag.py:4138} INFO - Setting next_dagrun for airflow_sanity_check to None, run_after=None
[2026-07-23T23:03:05.379+0000] {processor.py:208} INFO - Processing /opt/airflow/dags/sanity_checks.py took 0.135 seconds
[2026-07-23T23:03:35.729+0000] {processor.py:186} INFO - Started process (PID=6433) to work on /opt/airflow/dags/sanity_checks.py
[2026-07-23T23:03:35.731+0000] {processor.py:914} INFO - Processing file /opt/airflow/dags/sanity_checks.py for tasks to queue
[2026-07-23T23:03:35.734+0000] {logging_mixin.py:190} INFO - [2026-07-23T23:03:35.734+0000] {dagbag.py:587} INFO - Filling up the DagBag from /opt/airflow/dags/sanity_checks.py
[2026-07-23T23:03:35.751+0000] {processor.py:925} INFO - DAG(s) 'airflow_sanity_check' retrieved from /opt/airflow/dags/sanity_checks.py
[2026-07-23T23:03:35.797+0000] {logging_mixin.py:190} INFO - [2026-07-23T23:03:35.796+0000] {dag.py:3211} INFO - Sync 1 DAGs
[2026-07-23T23:03:35.820+0000] {logging_mixin.py:190} INFO - [2026-07-23T23:03:35.820+0000] {dag.py:4138} INFO - Setting next_dagrun for airflow_sanity_check to None, run_after=None
[2026-07-23T23:03:35.849+0000] {processor.py:208} INFO - Processing /opt/airflow/dags/sanity_checks.py took 0.130 seconds
[2026-07-23T23:04:06.219+0000] {processor.py:186} INFO - Started process (PID=6448) to work on /opt/airflow/dags/sanity_checks.py
[2026-07-23T23:04:06.220+0000] {processor.py:914} INFO - Processing file /opt/airflow/dags/sanity_checks.py for tasks to queue
[2026-07-23T23:04:06.224+0000] {logging_mixin.py:190} INFO - [2026-07-23T23:04:06.224+0000] {dagbag.py:587} INFO - Filling up the DagBag from /opt/airflow/dags/sanity_checks.py
[2026-07-23T23:04:06.241+0000] {processor.py:925} INFO - DAG(s) 'airflow_sanity_check' retrieved from /opt/airflow/dags/sanity_checks.py
[2026-07-23T23:04:06.289+0000] {logging_mixin.py:190} INFO - [2026-07-23T23:04:06.289+0000] {dag.py:3211} INFO - Sync 1 DAGs
[2026-07-23T23:04:06.315+0000] {logging_mixin.py:190} INFO - [2026-07-23T23:04:06.315+0000] {dag.py:4138} INFO - Setting next_dagrun for airflow_sanity_check to None, run_after=None
[2026-07-23T23:04:06.348+0000] {processor.py:208} INFO - Processing /opt/airflow/dags/sanity_checks.py took 0.139 seconds
[2026-07-23T23:04:36.720+0000] {processor.py:186} INFO - Started process (PID=6463) to work on /opt/airflow/dags/sanity_checks.py
[2026-07-23T23:04:36.722+0000] {processor.py:914} INFO - Processing file /opt/airflow/dags/sanity_checks.py for tasks to queue
[2026-07-23T23:04:36.726+0000] {logging_mixin.py:190} INFO - [2026-07-23T23:04:36.726+0000] {dagbag.py:587} INFO - Filling up the DagBag from /opt/airflow/dags/sanity_checks.py
[2026-07-23T23:04:36.742+0000] {processor.py:925} INFO - DAG(s) 'airflow_sanity_check' retrieved from /opt/airflow/dags/sanity_checks.py
[2026-07-23T23:04:36.790+0000] {logging_mixin.py:190} INFO - [2026-07-23T23:04:36.790+0000] {dag.py:3211} INFO - Sync 1 DAGs
[2026-07-23T23:04:36.814+0000] {logging_mixin.py:190} INFO - [2026-07-23T23:04:36.813+0000] {dag.py:4138} INFO - Setting next_dagrun for airflow_sanity_check to None, run_after=None
[2026-07-23T23:04:36.842+0000] {processor.py:208} INFO - Processing /opt/airflow/dags/sanity_checks.py took 0.132 seconds
[2026-07-23T23:05:07.248+0000] {processor.py:186} INFO - Started process (PID=6478) to work on /opt/airflow/dags/sanity_checks.py
[2026-07-23T23:05:07.250+0000] {processor.py:914} INFO - Processing file /opt/airflow/dags/sanity_checks.py for tasks to queue
[2026-07-23T23:05:07.255+0000] {logging_mixin.py:190} INFO - [2026-07-23T23:05:07.254+0000] {dagbag.py:587} INFO - Filling up the DagBag from /opt/airflow/dags/sanity_checks.py
[2026-07-23T23:05:07.270+0000] {processor.py:925} INFO - DAG(s) 'airflow_sanity_check' retrieved from /opt/airflow/dags/sanity_checks.py
[2026-07-23T23:05:07.312+0000] {logging_mixin.py:190} INFO - [2026-07-23T23:05:07.311+0000] {dag.py:3211} INFO - Sync 1 DAGs
[2026-07-23T23:05:07.333+0000] {logging_mixin.py:190} INFO - [2026-07-23T23:05:07.333+0000] {dag.py:4138} INFO - Setting next_dagrun for airflow_sanity_check to None, run_after=None
[2026-07-23T23:05:07.363+0000] {processor.py:208} INFO - Processing /opt/airflow/dags/sanity_checks.py took 0.125 seconds
[2026-07-23T23:05:37.722+0000] {processor.py:186} INFO - Started process (PID=6493) to work on /opt/airflow/dags/sanity_checks.py
[2026-07-23T23:05:37.724+0000] {processor.py:914} INFO - Processing file /opt/airflow/dags/sanity_checks.py for tasks to queue
[2026-07-23T23:05:37.728+0000] {logging_mixin.py:190} INFO - [2026-07-23T23:05:37.727+0000] {dagbag.py:587} INFO - Filling up the DagBag from /opt/airflow/dags/sanity_checks.py
[2026-07-23T23:05:37.749+0000] {processor.py:925} INFO - DAG(s) 'airflow_sanity_check' retrieved from /opt/airflow/dags/sanity_checks.py
[2026-07-23T23:05:37.808+0000] {logging_mixin.py:190} INFO - [2026-07-23T23:05:37.807+0000] {dag.py:3211} INFO - Sync 1 DAGs
[2026-07-23T23:05:37.831+0000] {logging_mixin.py:190} INFO - [2026-07-23T23:05:37.831+0000] {dag.py:4138} INFO - Setting next_dagrun for airflow_sanity_check to None, run_after=None
[2026-07-23T23:05:37.859+0000] {processor.py:208} INFO - Processing /opt/airflow/dags/sanity_checks.py took 0.148 seconds
[2026-07-23T23:06:08.235+0000] {processor.py:186} INFO - Started process (PID=6508) to work on /opt/airflow/dags/sanity_checks.py
[2026-07-23T23:06:08.237+0000] {processor.py:914} INFO - Processing file /opt/airflow/dags/sanity_checks.py for tasks to queue
[2026-07-23T23:06:08.241+0000] {logging_mixin.py:190} INFO - [2026-07-23T23:06:08.240+0000] {dagbag.py:587} INFO - Filling up the DagBag from /opt/airflow/dags/sanity_checks.py
[2026-07-23T23:06:08.258+0000] {processor.py:925} INFO - DAG(s) 'airflow_sanity_check' retrieved from /opt/airflow/dags/sanity_checks.py
[2026-07-23T23:06:08.307+0000] {logging_mixin.py:190} INFO - [2026-07-23T23:06:08.306+0000] {dag.py:3211} INFO - Sync 1 DAGs
[2026-07-23T23:06:08.332+0000] {logging_mixin.py:190} INFO - [2026-07-23T23:06:08.331+0000] {dag.py:4138} INFO - Setting next_dagrun for airflow_sanity_check to None, run_after=None
[2026-07-23T23:06:08.364+0000] {processor.py:208} INFO - Processing /opt/airflow/dags/sanity_checks.py took 0.140 seconds
[2026-07-23T23:06:38.740+0000] {processor.py:186} INFO - Started process (PID=6523) to work on /opt/airflow/dags/sanity_checks.py
[2026-07-23T23:06:38.742+0000] {processor.py:914} INFO - Processing file /opt/airflow/dags/sanity_checks.py for tasks to queue
[2026-07-23T23:06:38.746+0000] {logging_mixin.py:190} INFO - [2026-07-23T23:06:38.745+0000] {dagbag.py:587} INFO - Filling up the DagBag from /opt/airflow/dags/sanity_checks.py
[2026-07-23T23:06:38.762+0000] {processor.py:925} INFO - DAG(s) 'airflow_sanity_check' retrieved from /opt/airflow/dags/sanity_checks.py
[2026-07-23T23:06:38.803+0000] {logging_mixin.py:190} INFO - [2026-07-23T23:06:38.803+0000] {dag.py:3211} INFO - Sync 1 DAGs
[2026-07-23T23:06:38.833+0000] {logging_mixin.py:190} INFO - [2026-07-23T23:06:38.833+0000] {dag.py:4138} INFO - Setting next_dagrun for airflow_sanity_check to None, run_after=None
[2026-07-23T23:06:38.858+0000] {processor.py:208} INFO - Processing /opt/airflow/dags/sanity_checks.py took 0.127 seconds
[2026-07-23T23:07:09.223+0000] {processor.py:186} INFO - Started process (PID=6538) to work on /opt/airflow/dags/sanity_checks.py
[2026-07-23T23:07:09.225+0000] {processor.py:914} INFO - Processing file /opt/airflow/dags/sanity_checks.py for tasks to queue
[2026-07-23T23:07:09.228+0000] {logging_mixin.py:190} INFO - [2026-07-23T23:07:09.228+0000] {dagbag.py:587} INFO - Filling up the DagBag from /opt/airflow/dags/sanity_checks.py
[2026-07-23T23:07:09.244+0000] {processor.py:925} INFO - DAG(s) 'airflow_sanity_check' retrieved from /opt/airflow/dags/sanity_checks.py
[2026-07-23T23:07:09.288+0000] {logging_mixin.py:190} INFO - [2026-07-23T23:07:09.287+0000] {dag.py:3211} INFO - Sync 1 DAGs
[2026-07-23T23:07:09.310+0000] {logging_mixin.py:190} INFO - [2026-07-23T23:07:09.309+0000] {dag.py:4138} INFO - Setting next_dagrun for airflow_sanity_check to None, run_after=None
[2026-07-23T23:07:09.337+0000] {processor.py:208} INFO - Processing /opt/airflow/dags/sanity_checks.py took 0.123 seconds
[2026-07-23T23:07:39.706+0000] {processor.py:186} INFO - Started process (PID=6553) to work on /opt/airflow/dags/sanity_checks.py
[2026-07-23T23:07:39.707+0000] {processor.py:914} INFO - Processing file /opt/airflow/dags/sanity_checks.py for tasks to queue
[2026-07-23T23:07:39.712+0000] {logging_mixin.py:190} INFO - [2026-07-23T23:07:39.711+0000] {dagbag.py:587} INFO - Filling up the DagBag from /opt/airflow/dags/sanity_checks.py
[2026-07-23T23:07:39.728+0000] {processor.py:925} INFO - DAG(s) 'airflow_sanity_check' retrieved from /opt/airflow/dags/sanity_checks.py
[2026-07-23T23:07:39.772+0000] {logging_mixin.py:190} INFO - [2026-07-23T23:07:39.771+0000] {dag.py:3211} INFO - Sync 1 DAGs
[2026-07-23T23:07:39.793+0000] {logging_mixin.py:190} INFO - [2026-07-23T23:07:39.793+0000] {dag.py:4138} INFO - Setting next_dagrun for airflow_sanity_check to None, run_after=None
[2026-07-23T23:07:39.819+0000] {processor.py:208} INFO - Processing /opt/airflow/dags/sanity_checks.py took 0.122 seconds
[2026-07-23T23:08:10.169+0000] {processor.py:186} INFO - Started process (PID=6568) to work on /opt/airflow/dags/sanity_checks.py
[2026-07-23T23:08:10.171+0000] {processor.py:914} INFO - Processing file /opt/airflow/dags/sanity_checks.py for tasks to queue
[2026-07-23T23:08:10.175+0000] {logging_mixin.py:190} INFO - [2026-07-23T23:08:10.175+0000] {dagbag.py:587} INFO - Filling up the DagBag from /opt/airflow/dags/sanity_checks.py
[2026-07-23T23:08:10.191+0000] {processor.py:925} INFO - DAG(s) 'airflow_sanity_check' retrieved from /opt/airflow/dags/sanity_checks.py
[2026-07-23T23:08:10.254+0000] {logging_mixin.py:190} INFO - [2026-07-23T23:08:10.253+0000] {dag.py:3211} INFO - Sync 1 DAGs
[2026-07-23T23:08:10.299+0000] {logging_mixin.py:190} INFO - [2026-07-23T23:08:10.298+0000] {dag.py:4138} INFO - Setting next_dagrun for airflow_sanity_check to None, run_after=None
[2026-07-23T23:08:10.349+0000] {processor.py:208} INFO - Processing /opt/airflow/dags/sanity_checks.py took 0.190 seconds
[2026-07-23T23:08:40.835+0000] {processor.py:186} INFO - Started process (PID=6583) to work on /opt/airflow/dags/sanity_checks.py
[2026-07-23T23:08:40.837+0000] {processor.py:914} INFO - Processing file /opt/airflow/dags/sanity_checks.py for tasks to queue
[2026-07-23T23:08:40.843+0000] {logging_mixin.py:190} INFO - [2026-07-23T23:08:40.842+0000] {dagbag.py:587} INFO - Filling up the DagBag from /opt/airflow/dags/sanity_checks.py
[2026-07-23T23:08:40.861+0000] {processor.py:925} INFO - DAG(s) 'airflow_sanity_check' retrieved from /opt/airflow/dags/sanity_checks.py
[2026-07-23T23:08:40.918+0000] {logging_mixin.py:190} INFO - [2026-07-23T23:08:40.917+0000] {dag.py:3211} INFO - Sync 1 DAGs
[2026-07-23T23:08:40.944+0000] {logging_mixin.py:190} INFO - [2026-07-23T23:08:40.943+0000] {dag.py:4138} INFO - Setting next_dagrun for airflow_sanity_check to None, run_after=None
[2026-07-23T23:08:40.973+0000] {processor.py:208} INFO - Processing /opt/airflow/dags/sanity_checks.py took 0.149 seconds
[2026-07-23T23:09:11.461+0000] {processor.py:186} INFO - Started process (PID=6598) to work on /opt/airflow/dags/sanity_checks.py
[2026-07-23T23:09:11.463+0000] {processor.py:914} INFO - Processing file /opt/airflow/dags/sanity_checks.py for tasks to queue
[2026-07-23T23:09:11.467+0000] {logging_mixin.py:190} INFO - [2026-07-23T23:09:11.466+0000] {dagbag.py:587} INFO - Filling up the DagBag from /opt/airflow/dags/sanity_checks.py
[2026-07-23T23:09:11.485+0000] {processor.py:925} INFO - DAG(s) 'airflow_sanity_check' retrieved from /opt/airflow/dags/sanity_checks.py
[2026-07-23T23:09:11.538+0000] {logging_mixin.py:190} INFO - [2026-07-23T23:09:11.538+0000] {dag.py:3211} INFO - Sync 1 DAGs
[2026-07-23T23:09:11.567+0000] {logging_mixin.py:190} INFO - [2026-07-23T23:09:11.567+0000] {dag.py:4138} INFO - Setting next_dagrun for airflow_sanity_check to None, run_after=None
[2026-07-23T23:09:11.597+0000] {processor.py:208} INFO - Processing /opt/airflow/dags/sanity_checks.py took 0.148 seconds
[2026-07-23T23:09:41.987+0000] {processor.py:186} INFO - Started process (PID=6613) to work on /opt/airflow/dags/sanity_checks.py
[2026-07-23T23:09:41.989+0000] {processor.py:914} INFO - Processing file /opt/airflow/dags/sanity_checks.py for tasks to queue
[2026-07-23T23:09:41.992+0000] {logging_mixin.py:190} INFO - [2026-07-23T23:09:41.992+0000] {dagbag.py:587} INFO - Filling up the DagBag from /opt/airflow/dags/sanity_checks.py
[2026-07-23T23:09:42.009+0000] {processor.py:925} INFO - DAG(s) 'airflow_sanity_check' retrieved from /opt/airflow/dags/sanity_checks.py
[2026-07-23T23:09:42.053+0000] {logging_mixin.py:190} INFO - [2026-07-23T23:09:42.053+0000] {dag.py:3211} INFO - Sync 1 DAGs
[2026-07-23T23:09:42.074+0000] {logging_mixin.py:190} INFO - [2026-07-23T23:09:42.074+0000] {dag.py:4138} INFO - Setting next_dagrun for airflow_sanity_check to None, run_after=None
[2026-07-23T23:09:42.102+0000] {processor.py:208} INFO - Processing /opt/airflow/dags/sanity_checks.py took 0.125 seconds
[2026-07-23T23:10:12.502+0000] {processor.py:186} INFO - Started process (PID=6628) to work on /opt/airflow/dags/sanity_checks.py
[2026-07-23T23:10:12.504+0000] {processor.py:914} INFO - Processing file /opt/airflow/dags/sanity_checks.py for tasks to queue
[2026-07-23T23:10:12.508+0000] {logging_mixin.py:190} INFO - [2026-07-23T23:10:12.508+0000] {dagbag.py:587} INFO - Filling up the DagBag from /opt/airflow/dags/sanity_checks.py
[2026-07-23T23:10:12.525+0000] {processor.py:925} INFO - DAG(s) 'airflow_sanity_check' retrieved from /opt/airflow/dags/sanity_checks.py
[2026-07-23T23:10:12.570+0000] {logging_mixin.py:190} INFO - [2026-07-23T23:10:12.569+0000] {dag.py:3211} INFO - Sync 1 DAGs
[2026-07-23T23:10:12.594+0000] {logging_mixin.py:190} INFO - [2026-07-23T23:10:12.593+0000] {dag.py:4138} INFO - Setting next_dagrun for airflow_sanity_check to None, run_after=None
[2026-07-23T23:10:12.623+0000] {processor.py:208} INFO - Processing /opt/airflow/dags/sanity_checks.py took 0.131 seconds
[2026-07-23T23:10:42.980+0000] {processor.py:186} INFO - Started process (PID=6643) to work on /opt/airflow/dags/sanity_checks.py
[2026-07-23T23:10:42.982+0000] {processor.py:914} INFO - Processing file /opt/airflow/dags/sanity_checks.py for tasks to queue
[2026-07-23T23:10:42.987+0000] {logging_mixin.py:190} INFO - [2026-07-23T23:10:42.987+0000] {dagbag.py:587} INFO - Filling up the DagBag from /opt/airflow/dags/sanity_checks.py
[2026-07-23T23:10:43.004+0000] {processor.py:925} INFO - DAG(s) 'airflow_sanity_check' retrieved from /opt/airflow/dags/sanity_checks.py
[2026-07-23T23:10:43.052+0000] {logging_mixin.py:190} INFO - [2026-07-23T23:10:43.052+0000] {dag.py:3211} INFO - Sync 1 DAGs
[2026-07-23T23:10:43.077+0000] {logging_mixin.py:190} INFO - [2026-07-23T23:10:43.076+0000] {dag.py:4138} INFO - Setting next_dagrun for airflow_sanity_check to None, run_after=None
[2026-07-23T23:10:43.110+0000] {processor.py:208} INFO - Processing /opt/airflow/dags/sanity_checks.py took 0.141 seconds
[2026-07-23T23:11:13.496+0000] {processor.py:186} INFO - Started process (PID=6658) to work on /opt/airflow/dags/sanity_checks.py
[2026-07-23T23:11:13.497+0000] {processor.py:914} INFO - Processing file /opt/airflow/dags/sanity_checks.py for tasks to queue
[2026-07-23T23:11:13.502+0000] {logging_mixin.py:190} INFO - [2026-07-23T23:11:13.502+0000] {dagbag.py:587} INFO - Filling up the DagBag from /opt/airflow/dags/sanity_checks.py
[2026-07-23T23:11:13.521+0000] {processor.py:925} INFO - DAG(s) 'airflow_sanity_check' retrieved from /opt/airflow/dags/sanity_checks.py
[2026-07-23T23:11:13.573+0000] {logging_mixin.py:190} INFO - [2026-07-23T23:11:13.573+0000] {dag.py:3211} INFO - Sync 1 DAGs
[2026-07-23T23:11:13.598+0000] {logging_mixin.py:190} INFO - [2026-07-23T23:11:13.598+0000] {dag.py:4138} INFO - Setting next_dagrun for airflow_sanity_check to None, run_after=None
[2026-07-23T23:11:13.634+0000] {processor.py:208} INFO - Processing /opt/airflow/dags/sanity_checks.py took 0.149 seconds
[2026-07-23T23:11:44.004+0000] {processor.py:186} INFO - Started process (PID=6673) to work on /opt/airflow/dags/sanity_checks.py
[2026-07-23T23:11:44.006+0000] {processor.py:914} INFO - Processing file /opt/airflow/dags/sanity_checks.py for tasks to queue
[2026-07-23T23:11:44.010+0000] {logging_mixin.py:190} INFO - [2026-07-23T23:11:44.009+0000] {dagbag.py:587} INFO - Filling up the DagBag from /opt/airflow/dags/sanity_checks.py
[2026-07-23T23:11:44.026+0000] {processor.py:925} INFO - DAG(s) 'airflow_sanity_check' retrieved from /opt/airflow/dags/sanity_checks.py
[2026-07-23T23:11:44.070+0000] {logging_mixin.py:190} INFO - [2026-07-23T23:11:44.070+0000] {dag.py:3211} INFO - Sync 1 DAGs
[2026-07-23T23:11:44.093+0000] {logging_mixin.py:190} INFO - [2026-07-23T23:11:44.093+0000] {dag.py:4138} INFO - Setting next_dagrun for airflow_sanity_check to None, run_after=None
[2026-07-23T23:11:44.121+0000] {processor.py:208} INFO - Processing /opt/airflow/dags/sanity_checks.py took 0.128 seconds
[2026-07-23T23:12:14.503+0000] {processor.py:186} INFO - Started process (PID=6688) to work on /opt/airflow/dags/sanity_checks.py
[2026-07-23T23:12:14.505+0000] {processor.py:914} INFO - Processing file /opt/airflow/dags/sanity_checks.py for tasks to queue
[2026-07-23T23:12:14.508+0000] {logging_mixin.py:190} INFO - [2026-07-23T23:12:14.508+0000] {dagbag.py:587} INFO - Filling up the DagBag from /opt/airflow/dags/sanity_checks.py
[2026-07-23T23:12:14.525+0000] {processor.py:925} INFO - DAG(s) 'airflow_sanity_check' retrieved from /opt/airflow/dags/sanity_checks.py
[2026-07-23T23:12:14.569+0000] {logging_mixin.py:190} INFO - [2026-07-23T23:12:14.568+0000] {dag.py:3211} INFO - Sync 1 DAGs
[2026-07-23T23:12:14.591+0000] {logging_mixin.py:190} INFO - [2026-07-23T23:12:14.591+0000] {dag.py:4138} INFO - Setting next_dagrun for airflow_sanity_check to None, run_after=None
[2026-07-23T23:12:14.620+0000] {processor.py:208} INFO - Processing /opt/airflow/dags/sanity_checks.py took 0.129 seconds
[2026-07-23T23:12:44.976+0000] {processor.py:186} INFO - Started process (PID=6703) to work on /opt/airflow/dags/sanity_checks.py
[2026-07-23T23:12:44.978+0000] {processor.py:914} INFO - Processing file /opt/airflow/dags/sanity_checks.py for tasks to queue
[2026-07-23T23:12:44.982+0000] {logging_mixin.py:190} INFO - [2026-07-23T23:12:44.981+0000] {dagbag.py:587} INFO - Filling up the DagBag from /opt/airflow/dags/sanity_checks.py
[2026-07-23T23:12:44.998+0000] {processor.py:925} INFO - DAG(s) 'airflow_sanity_check' retrieved from /opt/airflow/dags/sanity_checks.py
[2026-07-23T23:12:45.042+0000] {logging_mixin.py:190} INFO - [2026-07-23T23:12:45.041+0000] {dag.py:3211} INFO - Sync 1 DAGs
[2026-07-23T23:12:45.064+0000] {logging_mixin.py:190} INFO - [2026-07-23T23:12:45.063+0000] {dag.py:4138} INFO - Setting next_dagrun for airflow_sanity_check to None, run_after=None
[2026-07-23T23:12:45.092+0000] {processor.py:208} INFO - Processing /opt/airflow/dags/sanity_checks.py took 0.125 seconds
[2026-07-23T23:13:15.458+0000] {processor.py:186} INFO - Started process (PID=6718) to work on /opt/airflow/dags/sanity_checks.py
[2026-07-23T23:13:15.459+0000] {processor.py:914} INFO - Processing file /opt/airflow/dags/sanity_checks.py for tasks to queue
[2026-07-23T23:13:15.463+0000] {logging_mixin.py:190} INFO - [2026-07-23T23:13:15.462+0000] {dagbag.py:587} INFO - Filling up the DagBag from /opt/airflow/dags/sanity_checks.py
[2026-07-23T23:13:15.478+0000] {processor.py:925} INFO - DAG(s) 'airflow_sanity_check' retrieved from /opt/airflow/dags/sanity_checks.py
[2026-07-23T23:13:15.523+0000] {logging_mixin.py:190} INFO - [2026-07-23T23:13:15.523+0000] {dag.py:3211} INFO - Sync 1 DAGs
[2026-07-23T23:13:15.545+0000] {logging_mixin.py:190} INFO - [2026-07-23T23:13:15.544+0000] {dag.py:4138} INFO - Setting next_dagrun for airflow_sanity_check to None, run_after=None
[2026-07-23T23:13:15.574+0000] {processor.py:208} INFO - Processing /opt/airflow/dags/sanity_checks.py took 0.126 seconds
[2026-07-23T23:13:45.932+0000] {processor.py:186} INFO - Started process (PID=6733) to work on /opt/airflow/dags/sanity_checks.py
[2026-07-23T23:13:45.933+0000] {processor.py:914} INFO - Processing file /opt/airflow/dags/sanity_checks.py for tasks to queue
[2026-07-23T23:13:45.938+0000] {logging_mixin.py:190} INFO - [2026-07-23T23:13:45.937+0000] {dagbag.py:587} INFO - Filling up the DagBag from /opt/airflow/dags/sanity_checks.py
[2026-07-23T23:13:45.955+0000] {processor.py:925} INFO - DAG(s) 'airflow_sanity_check' retrieved from /opt/airflow/dags/sanity_checks.py
[2026-07-23T23:13:45.998+0000] {logging_mixin.py:190} INFO - [2026-07-23T23:13:45.998+0000] {dag.py:3211} INFO - Sync 1 DAGs
[2026-07-23T23:13:46.019+0000] {logging_mixin.py:190} INFO - [2026-07-23T23:13:46.019+0000] {dag.py:4138} INFO - Setting next_dagrun for airflow_sanity_check to None, run_after=None
[2026-07-23T23:13:46.047+0000] {processor.py:208} INFO - Processing /opt/airflow/dags/sanity_checks.py took 0.125 seconds
[2026-07-23T23:14:16.454+0000] {processor.py:186} INFO - Started process (PID=6748) to work on /opt/airflow/dags/sanity_checks.py
[2026-07-23T23:14:16.456+0000] {processor.py:914} INFO - Processing file /opt/airflow/dags/sanity_checks.py for tasks to queue
[2026-07-23T23:14:16.460+0000] {logging_mixin.py:190} INFO - [2026-07-23T23:14:16.460+0000] {dagbag.py:587} INFO - Filling up the DagBag from /opt/airflow/dags/sanity_checks.py
[2026-07-23T23:14:16.517+0000] {processor.py:925} INFO - DAG(s) 'airflow_sanity_check' retrieved from /opt/airflow/dags/sanity_checks.py
[2026-07-23T23:14:16.572+0000] {logging_mixin.py:190} INFO - [2026-07-23T23:14:16.571+0000] {dag.py:3211} INFO - Sync 1 DAGs
[2026-07-23T23:14:16.596+0000] {logging_mixin.py:190} INFO - [2026-07-23T23:14:16.596+0000] {dag.py:4138} INFO - Setting next_dagrun for airflow_sanity_check to None, run_after=None
[2026-07-23T23:14:16.624+0000] {processor.py:208} INFO - Processing /opt/airflow/dags/sanity_checks.py took 0.182 seconds
[2026-07-23T23:14:46.964+0000] {processor.py:186} INFO - Started process (PID=6763) to work on /opt/airflow/dags/sanity_checks.py
[2026-07-23T23:14:46.965+0000] {processor.py:914} INFO - Processing file /opt/airflow/dags/sanity_checks.py for tasks to queue
[2026-07-23T23:14:46.969+0000] {logging_mixin.py:190} INFO - [2026-07-23T23:14:46.969+0000] {dagbag.py:587} INFO - Filling up the DagBag from /opt/airflow/dags/sanity_checks.py
[2026-07-23T23:14:46.985+0000] {processor.py:925} INFO - DAG(s) 'airflow_sanity_check' retrieved from /opt/airflow/dags/sanity_checks.py
[2026-07-23T23:14:47.027+0000] {logging_mixin.py:190} INFO - [2026-07-23T23:14:47.027+0000] {dag.py:3211} INFO - Sync 1 DAGs
[2026-07-23T23:14:47.050+0000] {logging_mixin.py:190} INFO - [2026-07-23T23:14:47.049+0000] {dag.py:4138} INFO - Setting next_dagrun for airflow_sanity_check to None, run_after=None
[2026-07-23T23:14:47.080+0000] {processor.py:208} INFO - Processing /opt/airflow/dags/sanity_checks.py took 0.127 seconds
[2026-07-23T23:15:17.429+0000] {processor.py:186} INFO - Started process (PID=6778) to work on /opt/airflow/dags/sanity_checks.py
[2026-07-23T23:15:17.431+0000] {processor.py:914} INFO - Processing file /opt/airflow/dags/sanity_checks.py for tasks to queue
[2026-07-23T23:15:17.435+0000] {logging_mixin.py:190} INFO - [2026-07-23T23:15:17.434+0000] {dagbag.py:587} INFO - Filling up the DagBag from /opt/airflow/dags/sanity_checks.py
[2026-07-23T23:15:17.451+0000] {processor.py:925} INFO - DAG(s) 'airflow_sanity_check' retrieved from /opt/airflow/dags/sanity_checks.py
[2026-07-23T23:15:17.495+0000] {logging_mixin.py:190} INFO - [2026-07-23T23:15:17.494+0000] {dag.py:3211} INFO - Sync 1 DAGs
[2026-07-23T23:15:17.517+0000] {logging_mixin.py:190} INFO - [2026-07-23T23:15:17.516+0000] {dag.py:4138} INFO - Setting next_dagrun for airflow_sanity_check to None, run_after=None
[2026-07-23T23:15:17.545+0000] {processor.py:208} INFO - Processing /opt/airflow/dags/sanity_checks.py took 0.126 seconds
[2026-07-23T23:15:47.904+0000] {processor.py:186} INFO - Started process (PID=6793) to work on /opt/airflow/dags/sanity_checks.py
[2026-07-23T23:15:47.906+0000] {processor.py:914} INFO - Processing file /opt/airflow/dags/sanity_checks.py for tasks to queue
[2026-07-23T23:15:47.911+0000] {logging_mixin.py:190} INFO - [2026-07-23T23:15:47.911+0000] {dagbag.py:587} INFO - Filling up the DagBag from /opt/airflow/dags/sanity_checks.py
[2026-07-23T23:15:47.930+0000] {processor.py:925} INFO - DAG(s) 'airflow_sanity_check' retrieved from /opt/airflow/dags/sanity_checks.py
[2026-07-23T23:15:47.987+0000] {logging_mixin.py:190} INFO - [2026-07-23T23:15:47.987+0000] {dag.py:3211} INFO - Sync 1 DAGs
[2026-07-23T23:15:48.009+0000] {logging_mixin.py:190} INFO - [2026-07-23T23:15:48.009+0000] {dag.py:4138} INFO - Setting next_dagrun for airflow_sanity_check to None, run_after=None
[2026-07-23T23:15:48.039+0000] {processor.py:208} INFO - Processing /opt/airflow/dags/sanity_checks.py took 0.147 seconds
[2026-07-23T23:16:18.398+0000] {processor.py:186} INFO - Started process (PID=6808) to work on /opt/airflow/dags/sanity_checks.py
[2026-07-23T23:16:18.399+0000] {processor.py:914} INFO - Processing file /opt/airflow/dags/sanity_checks.py for tasks to queue
[2026-07-23T23:16:18.403+0000] {logging_mixin.py:190} INFO - [2026-07-23T23:16:18.403+0000] {dagbag.py:587} INFO - Filling up the DagBag from /opt/airflow/dags/sanity_checks.py
[2026-07-23T23:16:18.419+0000] {processor.py:925} INFO - DAG(s) 'airflow_sanity_check' retrieved from /opt/airflow/dags/sanity_checks.py
[2026-07-23T23:16:18.463+0000] {logging_mixin.py:190} INFO - [2026-07-23T23:16:18.462+0000] {dag.py:3211} INFO - Sync 1 DAGs
[2026-07-23T23:16:18.484+0000] {logging_mixin.py:190} INFO - [2026-07-23T23:16:18.484+0000] {dag.py:4138} INFO - Setting next_dagrun for airflow_sanity_check to None, run_after=None
[2026-07-23T23:16:18.511+0000] {processor.py:208} INFO - Processing /opt/airflow/dags/sanity_checks.py took 0.122 seconds
[2026-07-23T23:16:48.864+0000] {processor.py:186} INFO - Started process (PID=6823) to work on /opt/airflow/dags/sanity_checks.py
[2026-07-23T23:16:48.866+0000] {processor.py:914} INFO - Processing file /opt/airflow/dags/sanity_checks.py for tasks to queue
[2026-07-23T23:16:48.870+0000] {logging_mixin.py:190} INFO - [2026-07-23T23:16:48.870+0000] {dagbag.py:587} INFO - Filling up the DagBag from /opt/airflow/dags/sanity_checks.py
[2026-07-23T23:16:48.886+0000] {processor.py:925} INFO - DAG(s) 'airflow_sanity_check' retrieved from /opt/airflow/dags/sanity_checks.py
[2026-07-23T23:16:48.929+0000] {logging_mixin.py:190} INFO - [2026-07-23T23:16:48.928+0000] {dag.py:3211} INFO - Sync 1 DAGs
[2026-07-23T23:16:48.950+0000] {logging_mixin.py:190} INFO - [2026-07-23T23:16:48.950+0000] {dag.py:4138} INFO - Setting next_dagrun for airflow_sanity_check to None, run_after=None
[2026-07-23T23:16:48.977+0000] {processor.py:208} INFO - Processing /opt/airflow/dags/sanity_checks.py took 0.122 seconds
[2026-07-23T23:17:19.342+0000] {processor.py:186} INFO - Started process (PID=6838) to work on /opt/airflow/dags/sanity_checks.py
[2026-07-23T23:17:19.343+0000] {processor.py:914} INFO - Processing file /opt/airflow/dags/sanity_checks.py for tasks to queue
[2026-07-23T23:17:19.348+0000] {logging_mixin.py:190} INFO - [2026-07-23T23:17:19.348+0000] {dagbag.py:587} INFO - Filling up the DagBag from /opt/airflow/dags/sanity_checks.py
[2026-07-23T23:17:19.364+0000] {processor.py:925} INFO - DAG(s) 'airflow_sanity_check' retrieved from /opt/airflow/dags/sanity_checks.py
[2026-07-23T23:17:19.407+0000] {logging_mixin.py:190} INFO - [2026-07-23T23:17:19.406+0000] {dag.py:3211} INFO - Sync 1 DAGs
[2026-07-23T23:17:19.430+0000] {logging_mixin.py:190} INFO - [2026-07-23T23:17:19.429+0000] {dag.py:4138} INFO - Setting next_dagrun for airflow_sanity_check to None, run_after=None
[2026-07-23T23:17:19.459+0000] {processor.py:208} INFO - Processing /opt/airflow/dags/sanity_checks.py took 0.127 seconds
[2026-07-23T23:17:49.795+0000] {processor.py:186} INFO - Started process (PID=6853) to work on /opt/airflow/dags/sanity_checks.py
[2026-07-23T23:17:49.797+0000] {processor.py:914} INFO - Processing file /opt/airflow/dags/sanity_checks.py for tasks to queue
[2026-07-23T23:17:49.801+0000] {logging_mixin.py:190} INFO - [2026-07-23T23:17:49.800+0000] {dagbag.py:587} INFO - Filling up the DagBag from /opt/airflow/dags/sanity_checks.py
[2026-07-23T23:17:49.817+0000] {processor.py:925} INFO - DAG(s) 'airflow_sanity_check' retrieved from /opt/airflow/dags/sanity_checks.py
[2026-07-23T23:17:49.861+0000] {logging_mixin.py:190} INFO - [2026-07-23T23:17:49.860+0000] {dag.py:3211} INFO - Sync 1 DAGs
[2026-07-23T23:17:49.883+0000] {logging_mixin.py:190} INFO - [2026-07-23T23:17:49.883+0000] {dag.py:4138} INFO - Setting next_dagrun for airflow_sanity_check to None, run_after=None
[2026-07-23T23:17:49.911+0000] {processor.py:208} INFO - Processing /opt/airflow/dags/sanity_checks.py took 0.126 seconds
[2026-07-23T23:18:20.264+0000] {processor.py:186} INFO - Started process (PID=6868) to work on /opt/airflow/dags/sanity_checks.py
[2026-07-23T23:18:20.266+0000] {processor.py:914} INFO - Processing file /opt/airflow/dags/sanity_checks.py for tasks to queue
[2026-07-23T23:18:20.269+0000] {logging_mixin.py:190} INFO - [2026-07-23T23:18:20.269+0000] {dagbag.py:587} INFO - Filling up the DagBag from /opt/airflow/dags/sanity_checks.py
[2026-07-23T23:18:20.284+0000] {processor.py:925} INFO - DAG(s) 'airflow_sanity_check' retrieved from /opt/airflow/dags/sanity_checks.py
[2026-07-23T23:18:20.328+0000] {logging_mixin.py:190} INFO - [2026-07-23T23:18:20.328+0000] {dag.py:3211} INFO - Sync 1 DAGs
[2026-07-23T23:18:20.351+0000] {logging_mixin.py:190} INFO - [2026-07-23T23:18:20.350+0000] {dag.py:4138} INFO - Setting next_dagrun for airflow_sanity_check to None, run_after=None
[2026-07-23T23:18:20.388+0000] {processor.py:208} INFO - Processing /opt/airflow/dags/sanity_checks.py took 0.135 seconds
[2026-07-23T23:18:50.814+0000] {processor.py:186} INFO - Started process (PID=6883) to work on /opt/airflow/dags/sanity_checks.py
[2026-07-23T23:18:50.816+0000] {processor.py:914} INFO - Processing file /opt/airflow/dags/sanity_checks.py for tasks to queue
[2026-07-23T23:18:50.821+0000] {logging_mixin.py:190} INFO - [2026-07-23T23:18:50.821+0000] {dagbag.py:587} INFO - Filling up the DagBag from /opt/airflow/dags/sanity_checks.py
[2026-07-23T23:18:50.844+0000] {processor.py:925} INFO - DAG(s) 'airflow_sanity_check' retrieved from /opt/airflow/dags/sanity_checks.py
[2026-07-23T23:18:50.886+0000] {logging_mixin.py:190} INFO - [2026-07-23T23:18:50.886+0000] {dag.py:3211} INFO - Sync 1 DAGs
[2026-07-23T23:18:50.909+0000] {logging_mixin.py:190} INFO - [2026-07-23T23:18:50.908+0000] {dag.py:4138} INFO - Setting next_dagrun for airflow_sanity_check to None, run_after=None
[2026-07-23T23:18:50.938+0000] {processor.py:208} INFO - Processing /opt/airflow/dags/sanity_checks.py took 0.137 seconds
[2026-07-23T23:19:21.307+0000] {processor.py:186} INFO - Started process (PID=6898) to work on /opt/airflow/dags/sanity_checks.py
[2026-07-23T23:19:21.308+0000] {processor.py:914} INFO - Processing file /opt/airflow/dags/sanity_checks.py for tasks to queue
[2026-07-23T23:19:21.313+0000] {logging_mixin.py:190} INFO - [2026-07-23T23:19:21.313+0000] {dagbag.py:587} INFO - Filling up the DagBag from /opt/airflow/dags/sanity_checks.py
[2026-07-23T23:19:21.328+0000] {processor.py:925} INFO - DAG(s) 'airflow_sanity_check' retrieved from /opt/airflow/dags/sanity_checks.py
[2026-07-23T23:19:21.371+0000] {logging_mixin.py:190} INFO - [2026-07-23T23:19:21.371+0000] {dag.py:3211} INFO - Sync 1 DAGs
[2026-07-23T23:19:21.393+0000] {logging_mixin.py:190} INFO - [2026-07-23T23:19:21.393+0000] {dag.py:4138} INFO - Setting next_dagrun for airflow_sanity_check to None, run_after=None
[2026-07-23T23:19:21.423+0000] {processor.py:208} INFO - Processing /opt/airflow/dags/sanity_checks.py took 0.125 seconds
[2026-07-23T23:19:51.767+0000] {processor.py:186} INFO - Started process (PID=6913) to work on /opt/airflow/dags/sanity_checks.py
[2026-07-23T23:19:51.769+0000] {processor.py:914} INFO - Processing file /opt/airflow/dags/sanity_checks.py for tasks to queue
[2026-07-23T23:19:51.774+0000] {logging_mixin.py:190} INFO - [2026-07-23T23:19:51.773+0000] {dagbag.py:587} INFO - Filling up the DagBag from /opt/airflow/dags/sanity_checks.py
[2026-07-23T23:19:51.790+0000] {processor.py:925} INFO - DAG(s) 'airflow_sanity_check' retrieved from /opt/airflow/dags/sanity_checks.py
[2026-07-23T23:19:51.832+0000] {logging_mixin.py:190} INFO - [2026-07-23T23:19:51.831+0000] {dag.py:3211} INFO - Sync 1 DAGs
[2026-07-23T23:19:51.854+0000] {logging_mixin.py:190} INFO - [2026-07-23T23:19:51.853+0000] {dag.py:4138} INFO - Setting next_dagrun for airflow_sanity_check to None, run_after=None
[2026-07-23T23:19:51.879+0000] {processor.py:208} INFO - Processing /opt/airflow/dags/sanity_checks.py took 0.122 seconds
[2026-07-23T23:20:22.339+0000] {processor.py:186} INFO - Started process (PID=6928) to work on /opt/airflow/dags/sanity_checks.py
[2026-07-23T23:20:22.342+0000] {processor.py:914} INFO - Processing file /opt/airflow/dags/sanity_checks.py for tasks to queue
[2026-07-23T23:20:22.348+0000] {logging_mixin.py:190} INFO - [2026-07-23T23:20:22.347+0000] {dagbag.py:587} INFO - Filling up the DagBag from /opt/airflow/dags/sanity_checks.py
[2026-07-23T23:20:22.390+0000] {processor.py:925} INFO - DAG(s) 'airflow_sanity_check' retrieved from /opt/airflow/dags/sanity_checks.py
[2026-07-23T23:20:22.535+0000] {logging_mixin.py:190} INFO - [2026-07-23T23:20:22.534+0000] {dag.py:3211} INFO - Sync 1 DAGs
[2026-07-23T23:20:22.566+0000] {logging_mixin.py:190} INFO - [2026-07-23T23:20:22.566+0000] {dag.py:4138} INFO - Setting next_dagrun for airflow_sanity_check to None, run_after=None
[2026-07-23T23:20:22.611+0000] {processor.py:208} INFO - Processing /opt/airflow/dags/sanity_checks.py took 0.293 seconds
[2026-07-23T23:20:53.024+0000] {processor.py:186} INFO - Started process (PID=6943) to work on /opt/airflow/dags/sanity_checks.py
[2026-07-23T23:20:53.026+0000] {processor.py:914} INFO - Processing file /opt/airflow/dags/sanity_checks.py for tasks to queue
[2026-07-23T23:20:53.030+0000] {logging_mixin.py:190} INFO - [2026-07-23T23:20:53.029+0000] {dagbag.py:587} INFO - Filling up the DagBag from /opt/airflow/dags/sanity_checks.py
[2026-07-23T23:20:53.050+0000] {processor.py:925} INFO - DAG(s) 'airflow_sanity_check' retrieved from /opt/airflow/dags/sanity_checks.py
[2026-07-23T23:20:53.098+0000] {logging_mixin.py:190} INFO - [2026-07-23T23:20:53.098+0000] {dag.py:3211} INFO - Sync 1 DAGs
[2026-07-23T23:20:53.120+0000] {logging_mixin.py:190} INFO - [2026-07-23T23:20:53.120+0000] {dag.py:4138} INFO - Setting next_dagrun for airflow_sanity_check to None, run_after=None
[2026-07-23T23:20:53.149+0000] {processor.py:208} INFO - Processing /opt/airflow/dags/sanity_checks.py took 0.134 seconds
[2026-07-23T23:21:23.513+0000] {processor.py:186} INFO - Started process (PID=6958) to work on /opt/airflow/dags/sanity_checks.py
[2026-07-23T23:21:23.516+0000] {processor.py:914} INFO - Processing file /opt/airflow/dags/sanity_checks.py for tasks to queue
[2026-07-23T23:21:23.520+0000] {logging_mixin.py:190} INFO - [2026-07-23T23:21:23.520+0000] {dagbag.py:587} INFO - Filling up the DagBag from /opt/airflow/dags/sanity_checks.py
[2026-07-23T23:21:23.539+0000] {processor.py:925} INFO - DAG(s) 'airflow_sanity_check' retrieved from /opt/airflow/dags/sanity_checks.py
[2026-07-23T23:21:23.586+0000] {logging_mixin.py:190} INFO - [2026-07-23T23:21:23.585+0000] {dag.py:3211} INFO - Sync 1 DAGs
[2026-07-23T23:21:23.609+0000] {logging_mixin.py:190} INFO - [2026-07-23T23:21:23.609+0000] {dag.py:4138} INFO - Setting next_dagrun for airflow_sanity_check to None, run_after=None
[2026-07-23T23:21:23.639+0000] {processor.py:208} INFO - Processing /opt/airflow/dags/sanity_checks.py took 0.136 seconds
[2026-07-23T23:21:53.986+0000] {processor.py:186} INFO - Started process (PID=6973) to work on /opt/airflow/dags/sanity_checks.py
[2026-07-23T23:21:53.987+0000] {processor.py:914} INFO - Processing file /opt/airflow/dags/sanity_checks.py for tasks to queue
[2026-07-23T23:21:53.991+0000] {logging_mixin.py:190} INFO - [2026-07-23T23:21:53.991+0000] {dagbag.py:587} INFO - Filling up the DagBag from /opt/airflow/dags/sanity_checks.py
[2026-07-23T23:21:54.008+0000] {processor.py:925} INFO - DAG(s) 'airflow_sanity_check' retrieved from /opt/airflow/dags/sanity_checks.py
[2026-07-23T23:21:54.054+0000] {logging_mixin.py:190} INFO - [2026-07-23T23:21:54.054+0000] {dag.py:3211} INFO - Sync 1 DAGs
[2026-07-23T23:21:54.081+0000] {logging_mixin.py:190} INFO - [2026-07-23T23:21:54.081+0000] {dag.py:4138} INFO - Setting next_dagrun for airflow_sanity_check to None, run_after=None
[2026-07-23T23:21:54.114+0000] {processor.py:208} INFO - Processing /opt/airflow/dags/sanity_checks.py took 0.139 seconds
[2026-07-23T23:22:24.475+0000] {processor.py:186} INFO - Started process (PID=6988) to work on /opt/airflow/dags/sanity_checks.py
[2026-07-23T23:22:24.477+0000] {processor.py:914} INFO - Processing file /opt/airflow/dags/sanity_checks.py for tasks to queue
[2026-07-23T23:22:24.481+0000] {logging_mixin.py:190} INFO - [2026-07-23T23:22:24.480+0000] {dagbag.py:587} INFO - Filling up the DagBag from /opt/airflow/dags/sanity_checks.py
[2026-07-23T23:22:24.499+0000] {processor.py:925} INFO - DAG(s) 'airflow_sanity_check' retrieved from /opt/airflow/dags/sanity_checks.py
[2026-07-23T23:22:24.545+0000] {logging_mixin.py:190} INFO - [2026-07-23T23:22:24.545+0000] {dag.py:3211} INFO - Sync 1 DAGs
[2026-07-23T23:22:24.568+0000] {logging_mixin.py:190} INFO - [2026-07-23T23:22:24.568+0000] {dag.py:4138} INFO - Setting next_dagrun for airflow_sanity_check to None, run_after=None
[2026-07-23T23:22:24.598+0000] {processor.py:208} INFO - Processing /opt/airflow/dags/sanity_checks.py took 0.134 seconds
[2026-07-23T23:22:54.983+0000] {processor.py:186} INFO - Started process (PID=7003) to work on /opt/airflow/dags/sanity_checks.py
[2026-07-23T23:22:54.985+0000] {processor.py:914} INFO - Processing file /opt/airflow/dags/sanity_checks.py for tasks to queue
[2026-07-23T23:22:54.989+0000] {logging_mixin.py:190} INFO - [2026-07-23T23:22:54.989+0000] {dagbag.py:587} INFO - Filling up the DagBag from /opt/airflow/dags/sanity_checks.py
[2026-07-23T23:22:55.006+0000] {processor.py:925} INFO - DAG(s) 'airflow_sanity_check' retrieved from /opt/airflow/dags/sanity_checks.py
[2026-07-23T23:22:55.054+0000] {logging_mixin.py:190} INFO - [2026-07-23T23:22:55.053+0000] {dag.py:3211} INFO - Sync 1 DAGs
[2026-07-23T23:22:55.078+0000] {logging_mixin.py:190} INFO - [2026-07-23T23:22:55.077+0000] {dag.py:4138} INFO - Setting next_dagrun for airflow_sanity_check to None, run_after=None
[2026-07-23T23:22:55.112+0000] {processor.py:208} INFO - Processing /opt/airflow/dags/sanity_checks.py took 0.138 seconds
[2026-07-23T23:23:25.469+0000] {processor.py:186} INFO - Started process (PID=7018) to work on /opt/airflow/dags/sanity_checks.py
[2026-07-23T23:23:25.470+0000] {processor.py:914} INFO - Processing file /opt/airflow/dags/sanity_checks.py for tasks to queue
[2026-07-23T23:23:25.475+0000] {logging_mixin.py:190} INFO - [2026-07-23T23:23:25.475+0000] {dagbag.py:587} INFO - Filling up the DagBag from /opt/airflow/dags/sanity_checks.py
[2026-07-23T23:23:25.492+0000] {processor.py:925} INFO - DAG(s) 'airflow_sanity_check' retrieved from /opt/airflow/dags/sanity_checks.py
[2026-07-23T23:23:25.538+0000] {logging_mixin.py:190} INFO - [2026-07-23T23:23:25.538+0000] {dag.py:3211} INFO - Sync 1 DAGs
[2026-07-23T23:23:25.564+0000] {logging_mixin.py:190} INFO - [2026-07-23T23:23:25.564+0000] {dag.py:4138} INFO - Setting next_dagrun for airflow_sanity_check to None, run_after=None
[2026-07-23T23:23:25.594+0000] {processor.py:208} INFO - Processing /opt/airflow/dags/sanity_checks.py took 0.137 seconds
[2026-07-23T23:23:55.980+0000] {processor.py:186} INFO - Started process (PID=7033) to work on /opt/airflow/dags/sanity_checks.py
[2026-07-23T23:23:55.982+0000] {processor.py:914} INFO - Processing file /opt/airflow/dags/sanity_checks.py for tasks to queue
[2026-07-23T23:23:55.986+0000] {logging_mixin.py:190} INFO - [2026-07-23T23:23:55.985+0000] {dagbag.py:587} INFO - Filling up the DagBag from /opt/airflow/dags/sanity_checks.py
[2026-07-23T23:23:56.002+0000] {processor.py:925} INFO - DAG(s) 'airflow_sanity_check' retrieved from /opt/airflow/dags/sanity_checks.py
[2026-07-23T23:23:56.049+0000] {logging_mixin.py:190} INFO - [2026-07-23T23:23:56.049+0000] {dag.py:3211} INFO - Sync 1 DAGs
[2026-07-23T23:23:56.072+0000] {logging_mixin.py:190} INFO - [2026-07-23T23:23:56.071+0000] {dag.py:4138} INFO - Setting next_dagrun for airflow_sanity_check to None, run_after=None
[2026-07-23T23:23:56.102+0000] {processor.py:208} INFO - Processing /opt/airflow/dags/sanity_checks.py took 0.132 seconds
[2026-07-23T23:24:26.463+0000] {processor.py:186} INFO - Started process (PID=7048) to work on /opt/airflow/dags/sanity_checks.py
[2026-07-23T23:24:26.464+0000] {processor.py:914} INFO - Processing file /opt/airflow/dags/sanity_checks.py for tasks to queue
[2026-07-23T23:24:26.468+0000] {logging_mixin.py:190} INFO - [2026-07-23T23:24:26.467+0000] {dagbag.py:587} INFO - Filling up the DagBag from /opt/airflow/dags/sanity_checks.py
[2026-07-23T23:24:26.484+0000] {processor.py:925} INFO - DAG(s) 'airflow_sanity_check' retrieved from /opt/airflow/dags/sanity_checks.py
[2026-07-23T23:24:26.528+0000] {logging_mixin.py:190} INFO - [2026-07-23T23:24:26.528+0000] {dag.py:3211} INFO - Sync 1 DAGs
[2026-07-23T23:24:26.551+0000] {logging_mixin.py:190} INFO - [2026-07-23T23:24:26.550+0000] {dag.py:4138} INFO - Setting next_dagrun for airflow_sanity_check to None, run_after=None
[2026-07-23T23:24:26.580+0000] {processor.py:208} INFO - Processing /opt/airflow/dags/sanity_checks.py took 0.127 seconds
[2026-07-23T23:24:56.941+0000] {processor.py:186} INFO - Started process (PID=7063) to work on /opt/airflow/dags/sanity_checks.py
[2026-07-23T23:24:56.942+0000] {processor.py:914} INFO - Processing file /opt/airflow/dags/sanity_checks.py for tasks to queue
[2026-07-23T23:24:56.947+0000] {logging_mixin.py:190} INFO - [2026-07-23T23:24:56.946+0000] {dagbag.py:587} INFO - Filling up the DagBag from /opt/airflow/dags/sanity_checks.py
[2026-07-23T23:24:56.963+0000] {processor.py:925} INFO - DAG(s) 'airflow_sanity_check' retrieved from /opt/airflow/dags/sanity_checks.py
[2026-07-23T23:24:57.006+0000] {logging_mixin.py:190} INFO - [2026-07-23T23:24:57.006+0000] {dag.py:3211} INFO - Sync 1 DAGs
[2026-07-23T23:24:57.027+0000] {logging_mixin.py:190} INFO - [2026-07-23T23:24:57.027+0000] {dag.py:4138} INFO - Setting next_dagrun for airflow_sanity_check to None, run_after=None
[2026-07-23T23:24:57.057+0000] {processor.py:208} INFO - Processing /opt/airflow/dags/sanity_checks.py took 0.127 seconds
[2026-07-23T23:25:27.416+0000] {processor.py:186} INFO - Started process (PID=7078) to work on /opt/airflow/dags/sanity_checks.py
[2026-07-23T23:25:27.417+0000] {processor.py:914} INFO - Processing file /opt/airflow/dags/sanity_checks.py for tasks to queue
[2026-07-23T23:25:27.422+0000] {logging_mixin.py:190} INFO - [2026-07-23T23:25:27.421+0000] {dagbag.py:587} INFO - Filling up the DagBag from /opt/airflow/dags/sanity_checks.py
[2026-07-23T23:25:27.437+0000] {processor.py:925} INFO - DAG(s) 'airflow_sanity_check' retrieved from /opt/airflow/dags/sanity_checks.py
[2026-07-23T23:25:27.482+0000] {logging_mixin.py:190} INFO - [2026-07-23T23:25:27.481+0000] {dag.py:3211} INFO - Sync 1 DAGs
[2026-07-23T23:25:27.505+0000] {logging_mixin.py:190} INFO - [2026-07-23T23:25:27.504+0000] {dag.py:4138} INFO - Setting next_dagrun for airflow_sanity_check to None, run_after=None
[2026-07-23T23:25:27.535+0000] {processor.py:208} INFO - Processing /opt/airflow/dags/sanity_checks.py took 0.130 seconds
[2026-07-23T23:25:57.877+0000] {processor.py:186} INFO - Started process (PID=7093) to work on /opt/airflow/dags/sanity_checks.py
[2026-07-23T23:25:57.879+0000] {processor.py:914} INFO - Processing file /opt/airflow/dags/sanity_checks.py for tasks to queue
[2026-07-23T23:25:57.883+0000] {logging_mixin.py:190} INFO - [2026-07-23T23:25:57.883+0000] {dagbag.py:587} INFO - Filling up the DagBag from /opt/airflow/dags/sanity_checks.py
[2026-07-23T23:25:57.900+0000] {processor.py:925} INFO - DAG(s) 'airflow_sanity_check' retrieved from /opt/airflow/dags/sanity_checks.py
[2026-07-23T23:25:57.946+0000] {logging_mixin.py:190} INFO - [2026-07-23T23:25:57.946+0000] {dag.py:3211} INFO - Sync 1 DAGs
[2026-07-23T23:25:57.971+0000] {logging_mixin.py:190} INFO - [2026-07-23T23:25:57.970+0000] {dag.py:4138} INFO - Setting next_dagrun for airflow_sanity_check to None, run_after=None
[2026-07-23T23:25:58.003+0000] {processor.py:208} INFO - Processing /opt/airflow/dags/sanity_checks.py took 0.136 seconds
[2026-07-23T23:26:28.355+0000] {processor.py:186} INFO - Started process (PID=7108) to work on /opt/airflow/dags/sanity_checks.py
[2026-07-23T23:26:28.357+0000] {processor.py:914} INFO - Processing file /opt/airflow/dags/sanity_checks.py for tasks to queue
[2026-07-23T23:26:28.361+0000] {logging_mixin.py:190} INFO - [2026-07-23T23:26:28.360+0000] {dagbag.py:587} INFO - Filling up the DagBag from /opt/airflow/dags/sanity_checks.py
[2026-07-23T23:26:28.379+0000] {processor.py:925} INFO - DAG(s) 'airflow_sanity_check' retrieved from /opt/airflow/dags/sanity_checks.py
[2026-07-23T23:26:28.425+0000] {logging_mixin.py:190} INFO - [2026-07-23T23:26:28.425+0000] {dag.py:3211} INFO - Sync 1 DAGs
[2026-07-23T23:26:28.451+0000] {logging_mixin.py:190} INFO - [2026-07-23T23:26:28.451+0000] {dag.py:4138} INFO - Setting next_dagrun for airflow_sanity_check to None, run_after=None
[2026-07-23T23:26:28.478+0000] {processor.py:208} INFO - Processing /opt/airflow/dags/sanity_checks.py took 0.134 seconds
[2026-07-23T23:26:58.838+0000] {processor.py:186} INFO - Started process (PID=7123) to work on /opt/airflow/dags/sanity_checks.py
[2026-07-23T23:26:58.839+0000] {processor.py:914} INFO - Processing file /opt/airflow/dags/sanity_checks.py for tasks to queue
[2026-07-23T23:26:58.869+0000] {logging_mixin.py:190} INFO - [2026-07-23T23:26:58.863+0000] {dagbag.py:587} INFO - Filling up the DagBag from /opt/airflow/dags/sanity_checks.py
[2026-07-23T23:26:58.893+0000] {processor.py:925} INFO - DAG(s) 'airflow_sanity_check' retrieved from /opt/airflow/dags/sanity_checks.py
[2026-07-23T23:26:58.943+0000] {logging_mixin.py:190} INFO - [2026-07-23T23:26:58.942+0000] {dag.py:3211} INFO - Sync 1 DAGs
[2026-07-23T23:26:58.965+0000] {logging_mixin.py:190} INFO - [2026-07-23T23:26:58.965+0000] {dag.py:4138} INFO - Setting next_dagrun for airflow_sanity_check to None, run_after=None
[2026-07-23T23:26:58.997+0000] {processor.py:208} INFO - Processing /opt/airflow/dags/sanity_checks.py took 0.172 seconds
[2026-07-23T23:27:29.397+0000] {processor.py:186} INFO - Started process (PID=7138) to work on /opt/airflow/dags/sanity_checks.py
[2026-07-23T23:27:29.399+0000] {processor.py:914} INFO - Processing file /opt/airflow/dags/sanity_checks.py for tasks to queue
[2026-07-23T23:27:29.404+0000] {logging_mixin.py:190} INFO - [2026-07-23T23:27:29.403+0000] {dagbag.py:587} INFO - Filling up the DagBag from /opt/airflow/dags/sanity_checks.py
[2026-07-23T23:27:29.431+0000] {processor.py:925} INFO - DAG(s) 'airflow_sanity_check' retrieved from /opt/airflow/dags/sanity_checks.py
[2026-07-23T23:27:29.480+0000] {logging_mixin.py:190} INFO - [2026-07-23T23:27:29.479+0000] {dag.py:3211} INFO - Sync 1 DAGs
[2026-07-23T23:27:29.505+0000] {logging_mixin.py:190} INFO - [2026-07-23T23:27:29.505+0000] {dag.py:4138} INFO - Setting next_dagrun for airflow_sanity_check to None, run_after=None
[2026-07-23T23:27:29.554+0000] {processor.py:208} INFO - Processing /opt/airflow/dags/sanity_checks.py took 0.170 seconds
[2026-07-23T23:27:59.947+0000] {processor.py:186} INFO - Started process (PID=7153) to work on /opt/airflow/dags/sanity_checks.py
[2026-07-23T23:27:59.948+0000] {processor.py:914} INFO - Processing file /opt/airflow/dags/sanity_checks.py for tasks to queue
[2026-07-23T23:27:59.952+0000] {logging_mixin.py:190} INFO - [2026-07-23T23:27:59.951+0000] {dagbag.py:587} INFO - Filling up the DagBag from /opt/airflow/dags/sanity_checks.py
[2026-07-23T23:27:59.979+0000] {processor.py:925} INFO - DAG(s) 'airflow_sanity_check' retrieved from /opt/airflow/dags/sanity_checks.py
[2026-07-23T23:28:00.030+0000] {logging_mixin.py:190} INFO - [2026-07-23T23:28:00.029+0000] {dag.py:3211} INFO - Sync 1 DAGs
[2026-07-23T23:28:00.052+0000] {logging_mixin.py:190} INFO - [2026-07-23T23:28:00.052+0000] {dag.py:4138} INFO - Setting next_dagrun for airflow_sanity_check to None, run_after=None
[2026-07-23T23:28:00.083+0000] {processor.py:208} INFO - Processing /opt/airflow/dags/sanity_checks.py took 0.146 seconds
[2026-07-23T23:28:30.451+0000] {processor.py:186} INFO - Started process (PID=7168) to work on /opt/airflow/dags/sanity_checks.py
[2026-07-23T23:28:30.453+0000] {processor.py:914} INFO - Processing file /opt/airflow/dags/sanity_checks.py for tasks to queue
[2026-07-23T23:28:30.457+0000] {logging_mixin.py:190} INFO - [2026-07-23T23:28:30.456+0000] {dagbag.py:587} INFO - Filling up the DagBag from /opt/airflow/dags/sanity_checks.py
[2026-07-23T23:28:30.475+0000] {processor.py:925} INFO - DAG(s) 'airflow_sanity_check' retrieved from /opt/airflow/dags/sanity_checks.py
[2026-07-23T23:28:30.526+0000] {logging_mixin.py:190} INFO - [2026-07-23T23:28:30.525+0000] {dag.py:3211} INFO - Sync 1 DAGs
[2026-07-23T23:28:30.555+0000] {logging_mixin.py:190} INFO - [2026-07-23T23:28:30.554+0000] {dag.py:4138} INFO - Setting next_dagrun for airflow_sanity_check to None, run_after=None
[2026-07-23T23:28:30.587+0000] {processor.py:208} INFO - Processing /opt/airflow/dags/sanity_checks.py took 0.146 seconds
[2026-07-23T23:29:00.929+0000] {processor.py:186} INFO - Started process (PID=7183) to work on /opt/airflow/dags/sanity_checks.py
[2026-07-23T23:29:00.950+0000] {processor.py:914} INFO - Processing file /opt/airflow/dags/sanity_checks.py for tasks to queue
[2026-07-23T23:29:00.960+0000] {logging_mixin.py:190} INFO - [2026-07-23T23:29:00.959+0000] {dagbag.py:587} INFO - Filling up the DagBag from /opt/airflow/dags/sanity_checks.py
[2026-07-23T23:29:01.002+0000] {processor.py:925} INFO - DAG(s) 'airflow_sanity_check' retrieved from /opt/airflow/dags/sanity_checks.py
[2026-07-23T23:29:01.063+0000] {logging_mixin.py:190} INFO - [2026-07-23T23:29:01.062+0000] {dag.py:3211} INFO - Sync 1 DAGs
[2026-07-23T23:29:01.086+0000] {logging_mixin.py:190} INFO - [2026-07-23T23:29:01.086+0000] {dag.py:4138} INFO - Setting next_dagrun for airflow_sanity_check to None, run_after=None
[2026-07-23T23:29:01.116+0000] {processor.py:208} INFO - Processing /opt/airflow/dags/sanity_checks.py took 0.199 seconds
[2026-07-23T23:29:31.489+0000] {processor.py:186} INFO - Started process (PID=7198) to work on /opt/airflow/dags/sanity_checks.py
[2026-07-23T23:29:31.491+0000] {processor.py:914} INFO - Processing file /opt/airflow/dags/sanity_checks.py for tasks to queue
[2026-07-23T23:29:31.495+0000] {logging_mixin.py:190} INFO - [2026-07-23T23:29:31.494+0000] {dagbag.py:587} INFO - Filling up the DagBag from /opt/airflow/dags/sanity_checks.py
[2026-07-23T23:29:31.511+0000] {processor.py:925} INFO - DAG(s) 'airflow_sanity_check' retrieved from /opt/airflow/dags/sanity_checks.py
[2026-07-23T23:29:31.560+0000] {logging_mixin.py:190} INFO - [2026-07-23T23:29:31.560+0000] {dag.py:3211} INFO - Sync 1 DAGs
[2026-07-23T23:29:31.583+0000] {logging_mixin.py:190} INFO - [2026-07-23T23:29:31.582+0000] {dag.py:4138} INFO - Setting next_dagrun for airflow_sanity_check to None, run_after=None
[2026-07-23T23:29:31.612+0000] {processor.py:208} INFO - Processing /opt/airflow/dags/sanity_checks.py took 0.134 seconds
[2026-07-23T23:30:02.011+0000] {processor.py:186} INFO - Started process (PID=7213) to work on /opt/airflow/dags/sanity_checks.py
[2026-07-23T23:30:02.012+0000] {processor.py:914} INFO - Processing file /opt/airflow/dags/sanity_checks.py for tasks to queue
[2026-07-23T23:30:02.016+0000] {logging_mixin.py:190} INFO - [2026-07-23T23:30:02.015+0000] {dagbag.py:587} INFO - Filling up the DagBag from /opt/airflow/dags/sanity_checks.py
[2026-07-23T23:30:02.035+0000] {processor.py:925} INFO - DAG(s) 'airflow_sanity_check' retrieved from /opt/airflow/dags/sanity_checks.py
[2026-07-23T23:30:02.083+0000] {logging_mixin.py:190} INFO - [2026-07-23T23:30:02.082+0000] {dag.py:3211} INFO - Sync 1 DAGs
[2026-07-23T23:30:02.110+0000] {logging_mixin.py:190} INFO - [2026-07-23T23:30:02.109+0000] {dag.py:4138} INFO - Setting next_dagrun for airflow_sanity_check to None, run_after=None
[2026-07-23T23:30:02.140+0000] {processor.py:208} INFO - Processing /opt/airflow/dags/sanity_checks.py took 0.140 seconds
[2026-07-23T23:30:32.499+0000] {processor.py:186} INFO - Started process (PID=7228) to work on /opt/airflow/dags/sanity_checks.py
[2026-07-23T23:30:32.500+0000] {processor.py:914} INFO - Processing file /opt/airflow/dags/sanity_checks.py for tasks to queue
[2026-07-23T23:30:32.504+0000] {logging_mixin.py:190} INFO - [2026-07-23T23:30:32.503+0000] {dagbag.py:587} INFO - Filling up the DagBag from /opt/airflow/dags/sanity_checks.py
[2026-07-23T23:30:32.520+0000] {processor.py:925} INFO - DAG(s) 'airflow_sanity_check' retrieved from /opt/airflow/dags/sanity_checks.py
[2026-07-23T23:30:32.563+0000] {logging_mixin.py:190} INFO - [2026-07-23T23:30:32.563+0000] {dag.py:3211} INFO - Sync 1 DAGs
[2026-07-23T23:30:32.585+0000] {logging_mixin.py:190} INFO - [2026-07-23T23:30:32.584+0000] {dag.py:4138} INFO - Setting next_dagrun for airflow_sanity_check to None, run_after=None
[2026-07-23T23:30:32.614+0000] {processor.py:208} INFO - Processing /opt/airflow/dags/sanity_checks.py took 0.126 seconds
[2026-07-23T23:31:02.976+0000] {processor.py:186} INFO - Started process (PID=7243) to work on /opt/airflow/dags/sanity_checks.py
[2026-07-23T23:31:02.977+0000] {processor.py:914} INFO - Processing file /opt/airflow/dags/sanity_checks.py for tasks to queue
[2026-07-23T23:31:02.981+0000] {logging_mixin.py:190} INFO - [2026-07-23T23:31:02.981+0000] {dagbag.py:587} INFO - Filling up the DagBag from /opt/airflow/dags/sanity_checks.py
[2026-07-23T23:31:02.999+0000] {processor.py:925} INFO - DAG(s) 'airflow_sanity_check' retrieved from /opt/airflow/dags/sanity_checks.py
[2026-07-23T23:31:03.045+0000] {logging_mixin.py:190} INFO - [2026-07-23T23:31:03.045+0000] {dag.py:3211} INFO - Sync 1 DAGs
[2026-07-23T23:31:03.069+0000] {logging_mixin.py:190} INFO - [2026-07-23T23:31:03.068+0000] {dag.py:4138} INFO - Setting next_dagrun for airflow_sanity_check to None, run_after=None
[2026-07-23T23:31:03.102+0000] {processor.py:208} INFO - Processing /opt/airflow/dags/sanity_checks.py took 0.136 seconds
[2026-07-23T23:31:33.458+0000] {processor.py:186} INFO - Started process (PID=7258) to work on /opt/airflow/dags/sanity_checks.py
[2026-07-23T23:31:33.460+0000] {processor.py:914} INFO - Processing file /opt/airflow/dags/sanity_checks.py for tasks to queue
[2026-07-23T23:31:33.465+0000] {logging_mixin.py:190} INFO - [2026-07-23T23:31:33.464+0000] {dagbag.py:587} INFO - Filling up the DagBag from /opt/airflow/dags/sanity_checks.py
[2026-07-23T23:31:33.483+0000] {processor.py:925} INFO - DAG(s) 'airflow_sanity_check' retrieved from /opt/airflow/dags/sanity_checks.py
[2026-07-23T23:31:33.529+0000] {logging_mixin.py:190} INFO - [2026-07-23T23:31:33.528+0000] {dag.py:3211} INFO - Sync 1 DAGs
[2026-07-23T23:31:33.553+0000] {logging_mixin.py:190} INFO - [2026-07-23T23:31:33.552+0000] {dag.py:4138} INFO - Setting next_dagrun for airflow_sanity_check to None, run_after=None
[2026-07-23T23:31:33.582+0000] {processor.py:208} INFO - Processing /opt/airflow/dags/sanity_checks.py took 0.136 seconds
[2026-07-23T23:32:03.931+0000] {processor.py:186} INFO - Started process (PID=7273) to work on /opt/airflow/dags/sanity_checks.py
[2026-07-23T23:32:03.933+0000] {processor.py:914} INFO - Processing file /opt/airflow/dags/sanity_checks.py for tasks to queue
[2026-07-23T23:32:03.937+0000] {logging_mixin.py:190} INFO - [2026-07-23T23:32:03.937+0000] {dagbag.py:587} INFO - Filling up the DagBag from /opt/airflow/dags/sanity_checks.py
[2026-07-23T23:32:03.953+0000] {processor.py:925} INFO - DAG(s) 'airflow_sanity_check' retrieved from /opt/airflow/dags/sanity_checks.py
[2026-07-23T23:32:03.997+0000] {logging_mixin.py:190} INFO - [2026-07-23T23:32:03.996+0000] {dag.py:3211} INFO - Sync 1 DAGs
[2026-07-23T23:32:04.019+0000] {logging_mixin.py:190} INFO - [2026-07-23T23:32:04.019+0000] {dag.py:4138} INFO - Setting next_dagrun for airflow_sanity_check to None, run_after=None
[2026-07-23T23:32:04.048+0000] {processor.py:208} INFO - Processing /opt/airflow/dags/sanity_checks.py took 0.127 seconds
[2026-07-23T23:32:34.411+0000] {processor.py:186} INFO - Started process (PID=7288) to work on /opt/airflow/dags/sanity_checks.py
[2026-07-23T23:32:34.413+0000] {processor.py:914} INFO - Processing file /opt/airflow/dags/sanity_checks.py for tasks to queue
[2026-07-23T23:32:34.417+0000] {logging_mixin.py:190} INFO - [2026-07-23T23:32:34.416+0000] {dagbag.py:587} INFO - Filling up the DagBag from /opt/airflow/dags/sanity_checks.py
[2026-07-23T23:32:34.432+0000] {processor.py:925} INFO - DAG(s) 'airflow_sanity_check' retrieved from /opt/airflow/dags/sanity_checks.py
[2026-07-23T23:32:34.476+0000] {logging_mixin.py:190} INFO - [2026-07-23T23:32:34.476+0000] {dag.py:3211} INFO - Sync 1 DAGs
[2026-07-23T23:32:34.498+0000] {logging_mixin.py:190} INFO - [2026-07-23T23:32:34.498+0000] {dag.py:4138} INFO - Setting next_dagrun for airflow_sanity_check to None, run_after=None
[2026-07-23T23:32:34.526+0000] {processor.py:208} INFO - Processing /opt/airflow/dags/sanity_checks.py took 0.126 seconds
[2026-07-23T23:33:04.894+0000] {processor.py:186} INFO - Started process (PID=7303) to work on /opt/airflow/dags/sanity_checks.py
[2026-07-23T23:33:04.896+0000] {processor.py:914} INFO - Processing file /opt/airflow/dags/sanity_checks.py for tasks to queue
[2026-07-23T23:33:04.900+0000] {logging_mixin.py:190} INFO - [2026-07-23T23:33:04.899+0000] {dagbag.py:587} INFO - Filling up the DagBag from /opt/airflow/dags/sanity_checks.py
[2026-07-23T23:33:04.916+0000] {processor.py:925} INFO - DAG(s) 'airflow_sanity_check' retrieved from /opt/airflow/dags/sanity_checks.py
[2026-07-23T23:33:04.958+0000] {logging_mixin.py:190} INFO - [2026-07-23T23:33:04.958+0000] {dag.py:3211} INFO - Sync 1 DAGs
[2026-07-23T23:33:04.980+0000] {logging_mixin.py:190} INFO - [2026-07-23T23:33:04.979+0000] {dag.py:4138} INFO - Setting next_dagrun for airflow_sanity_check to None, run_after=None
[2026-07-23T23:33:05.009+0000] {processor.py:208} INFO - Processing /opt/airflow/dags/sanity_checks.py took 0.126 seconds
[2026-07-23T23:33:35.377+0000] {processor.py:186} INFO - Started process (PID=7318) to work on /opt/airflow/dags/sanity_checks.py
[2026-07-23T23:33:35.379+0000] {processor.py:914} INFO - Processing file /opt/airflow/dags/sanity_checks.py for tasks to queue
[2026-07-23T23:33:35.383+0000] {logging_mixin.py:190} INFO - [2026-07-23T23:33:35.382+0000] {dagbag.py:587} INFO - Filling up the DagBag from /opt/airflow/dags/sanity_checks.py
[2026-07-23T23:33:35.399+0000] {processor.py:925} INFO - DAG(s) 'airflow_sanity_check' retrieved from /opt/airflow/dags/sanity_checks.py
[2026-07-23T23:33:35.444+0000] {logging_mixin.py:190} INFO - [2026-07-23T23:33:35.443+0000] {dag.py:3211} INFO - Sync 1 DAGs
[2026-07-23T23:33:35.470+0000] {logging_mixin.py:190} INFO - [2026-07-23T23:33:35.470+0000] {dag.py:4138} INFO - Setting next_dagrun for airflow_sanity_check to None, run_after=None
[2026-07-23T23:33:35.498+0000] {processor.py:208} INFO - Processing /opt/airflow/dags/sanity_checks.py took 0.131 seconds
[2026-07-23T23:34:05.882+0000] {processor.py:186} INFO - Started process (PID=7333) to work on /opt/airflow/dags/sanity_checks.py
[2026-07-23T23:34:05.885+0000] {processor.py:914} INFO - Processing file /opt/airflow/dags/sanity_checks.py for tasks to queue
[2026-07-23T23:34:05.890+0000] {logging_mixin.py:190} INFO - [2026-07-23T23:34:05.890+0000] {dagbag.py:587} INFO - Filling up the DagBag from /opt/airflow/dags/sanity_checks.py
[2026-07-23T23:34:05.907+0000] {processor.py:925} INFO - DAG(s) 'airflow_sanity_check' retrieved from /opt/airflow/dags/sanity_checks.py
[2026-07-23T23:34:05.968+0000] {logging_mixin.py:190} INFO - [2026-07-23T23:34:05.968+0000] {dag.py:3211} INFO - Sync 1 DAGs
[2026-07-23T23:34:06.001+0000] {logging_mixin.py:190} INFO - [2026-07-23T23:34:06.000+0000] {dag.py:4138} INFO - Setting next_dagrun for airflow_sanity_check to None, run_after=None
[2026-07-23T23:34:06.037+0000] {processor.py:208} INFO - Processing /opt/airflow/dags/sanity_checks.py took 0.165 seconds
[2026-07-23T23:34:36.427+0000] {processor.py:186} INFO - Started process (PID=7348) to work on /opt/airflow/dags/sanity_checks.py
[2026-07-23T23:34:36.429+0000] {processor.py:914} INFO - Processing file /opt/airflow/dags/sanity_checks.py for tasks to queue
[2026-07-23T23:34:36.440+0000] {logging_mixin.py:190} INFO - [2026-07-23T23:34:36.439+0000] {dagbag.py:587} INFO - Filling up the DagBag from /opt/airflow/dags/sanity_checks.py
[2026-07-23T23:34:36.459+0000] {processor.py:925} INFO - DAG(s) 'airflow_sanity_check' retrieved from /opt/airflow/dags/sanity_checks.py
[2026-07-23T23:34:36.507+0000] {logging_mixin.py:190} INFO - [2026-07-23T23:34:36.507+0000] {dag.py:3211} INFO - Sync 1 DAGs
[2026-07-23T23:34:36.531+0000] {logging_mixin.py:190} INFO - [2026-07-23T23:34:36.531+0000] {dag.py:4138} INFO - Setting next_dagrun for airflow_sanity_check to None, run_after=None
[2026-07-23T23:34:36.559+0000] {processor.py:208} INFO - Processing /opt/airflow/dags/sanity_checks.py took 0.143 seconds
[2026-07-23T23:35:06.950+0000] {processor.py:186} INFO - Started process (PID=7363) to work on /opt/airflow/dags/sanity_checks.py
[2026-07-23T23:35:06.952+0000] {processor.py:914} INFO - Processing file /opt/airflow/dags/sanity_checks.py for tasks to queue
[2026-07-23T23:35:06.959+0000] {logging_mixin.py:190} INFO - [2026-07-23T23:35:06.958+0000] {dagbag.py:587} INFO - Filling up the DagBag from /opt/airflow/dags/sanity_checks.py
[2026-07-23T23:35:06.979+0000] {processor.py:925} INFO - DAG(s) 'airflow_sanity_check' retrieved from /opt/airflow/dags/sanity_checks.py
[2026-07-23T23:35:07.036+0000] {logging_mixin.py:190} INFO - [2026-07-23T23:35:07.036+0000] {dag.py:3211} INFO - Sync 1 DAGs
[2026-07-23T23:35:07.060+0000] {logging_mixin.py:190} INFO - [2026-07-23T23:35:07.060+0000] {dag.py:4138} INFO - Setting next_dagrun for airflow_sanity_check to None, run_after=None
[2026-07-23T23:35:07.090+0000] {processor.py:208} INFO - Processing /opt/airflow/dags/sanity_checks.py took 0.153 seconds
[2026-07-23T23:35:37.452+0000] {processor.py:186} INFO - Started process (PID=7378) to work on /opt/airflow/dags/sanity_checks.py
[2026-07-23T23:35:37.453+0000] {processor.py:914} INFO - Processing file /opt/airflow/dags/sanity_checks.py for tasks to queue
[2026-07-23T23:35:37.457+0000] {logging_mixin.py:190} INFO - [2026-07-23T23:35:37.457+0000] {dagbag.py:587} INFO - Filling up the DagBag from /opt/airflow/dags/sanity_checks.py
[2026-07-23T23:35:37.473+0000] {processor.py:925} INFO - DAG(s) 'airflow_sanity_check' retrieved from /opt/airflow/dags/sanity_checks.py
[2026-07-23T23:35:37.517+0000] {logging_mixin.py:190} INFO - [2026-07-23T23:35:37.517+0000] {dag.py:3211} INFO - Sync 1 DAGs
[2026-07-23T23:35:37.539+0000] {logging_mixin.py:190} INFO - [2026-07-23T23:35:37.539+0000] {dag.py:4138} INFO - Setting next_dagrun for airflow_sanity_check to None, run_after=None
[2026-07-23T23:35:37.568+0000] {processor.py:208} INFO - Processing /opt/airflow/dags/sanity_checks.py took 0.127 seconds
[2026-07-23T23:36:07.927+0000] {processor.py:186} INFO - Started process (PID=7393) to work on /opt/airflow/dags/sanity_checks.py
[2026-07-23T23:36:07.928+0000] {processor.py:914} INFO - Processing file /opt/airflow/dags/sanity_checks.py for tasks to queue
[2026-07-23T23:36:07.932+0000] {logging_mixin.py:190} INFO - [2026-07-23T23:36:07.931+0000] {dagbag.py:587} INFO - Filling up the DagBag from /opt/airflow/dags/sanity_checks.py
[2026-07-23T23:36:07.948+0000] {processor.py:925} INFO - DAG(s) 'airflow_sanity_check' retrieved from /opt/airflow/dags/sanity_checks.py
[2026-07-23T23:36:07.990+0000] {logging_mixin.py:190} INFO - [2026-07-23T23:36:07.990+0000] {dag.py:3211} INFO - Sync 1 DAGs
[2026-07-23T23:36:08.012+0000] {logging_mixin.py:190} INFO - [2026-07-23T23:36:08.012+0000] {dag.py:4138} INFO - Setting next_dagrun for airflow_sanity_check to None, run_after=None
[2026-07-23T23:36:08.039+0000] {processor.py:208} INFO - Processing /opt/airflow/dags/sanity_checks.py took 0.123 seconds
[2026-07-23T23:36:38.412+0000] {processor.py:186} INFO - Started process (PID=7408) to work on /opt/airflow/dags/sanity_checks.py
[2026-07-23T23:36:38.414+0000] {processor.py:914} INFO - Processing file /opt/airflow/dags/sanity_checks.py for tasks to queue
[2026-07-23T23:36:38.418+0000] {logging_mixin.py:190} INFO - [2026-07-23T23:36:38.417+0000] {dagbag.py:587} INFO - Filling up the DagBag from /opt/airflow/dags/sanity_checks.py
[2026-07-23T23:36:38.435+0000] {processor.py:925} INFO - DAG(s) 'airflow_sanity_check' retrieved from /opt/airflow/dags/sanity_checks.py
[2026-07-23T23:36:38.480+0000] {logging_mixin.py:190} INFO - [2026-07-23T23:36:38.480+0000] {dag.py:3211} INFO - Sync 1 DAGs
[2026-07-23T23:36:38.503+0000] {logging_mixin.py:190} INFO - [2026-07-23T23:36:38.502+0000] {dag.py:4138} INFO - Setting next_dagrun for airflow_sanity_check to None, run_after=None
[2026-07-23T23:36:38.532+0000] {processor.py:208} INFO - Processing /opt/airflow/dags/sanity_checks.py took 0.131 seconds
[2026-07-23T23:37:08.938+0000] {processor.py:186} INFO - Started process (PID=7423) to work on /opt/airflow/dags/sanity_checks.py
[2026-07-23T23:37:08.940+0000] {processor.py:914} INFO - Processing file /opt/airflow/dags/sanity_checks.py for tasks to queue
[2026-07-23T23:37:08.944+0000] {logging_mixin.py:190} INFO - [2026-07-23T23:37:08.944+0000] {dagbag.py:587} INFO - Filling up the DagBag from /opt/airflow/dags/sanity_checks.py
[2026-07-23T23:37:08.961+0000] {processor.py:925} INFO - DAG(s) 'airflow_sanity_check' retrieved from /opt/airflow/dags/sanity_checks.py
[2026-07-23T23:37:09.006+0000] {logging_mixin.py:190} INFO - [2026-07-23T23:37:09.006+0000] {dag.py:3211} INFO - Sync 1 DAGs
[2026-07-23T23:37:09.030+0000] {logging_mixin.py:190} INFO - [2026-07-23T23:37:09.030+0000] {dag.py:4138} INFO - Setting next_dagrun for airflow_sanity_check to None, run_after=None
[2026-07-23T23:37:09.058+0000] {processor.py:208} INFO - Processing /opt/airflow/dags/sanity_checks.py took 0.136 seconds
[2026-07-23T23:37:39.387+0000] {processor.py:186} INFO - Started process (PID=7438) to work on /opt/airflow/dags/sanity_checks.py
[2026-07-23T23:37:39.388+0000] {processor.py:914} INFO - Processing file /opt/airflow/dags/sanity_checks.py for tasks to queue
[2026-07-23T23:37:39.392+0000] {logging_mixin.py:190} INFO - [2026-07-23T23:37:39.392+0000] {dagbag.py:587} INFO - Filling up the DagBag from /opt/airflow/dags/sanity_checks.py
[2026-07-23T23:37:39.411+0000] {processor.py:925} INFO - DAG(s) 'airflow_sanity_check' retrieved from /opt/airflow/dags/sanity_checks.py
[2026-07-23T23:37:39.458+0000] {logging_mixin.py:190} INFO - [2026-07-23T23:37:39.458+0000] {dag.py:3211} INFO - Sync 1 DAGs
[2026-07-23T23:37:39.487+0000] {logging_mixin.py:190} INFO - [2026-07-23T23:37:39.486+0000] {dag.py:4138} INFO - Setting next_dagrun for airflow_sanity_check to None, run_after=None
[2026-07-23T23:37:39.515+0000] {processor.py:208} INFO - Processing /opt/airflow/dags/sanity_checks.py took 0.137 seconds
[2026-07-23T23:38:09.887+0000] {processor.py:186} INFO - Started process (PID=7453) to work on /opt/airflow/dags/sanity_checks.py
[2026-07-23T23:38:09.888+0000] {processor.py:914} INFO - Processing file /opt/airflow/dags/sanity_checks.py for tasks to queue
[2026-07-23T23:38:09.893+0000] {logging_mixin.py:190} INFO - [2026-07-23T23:38:09.892+0000] {dagbag.py:587} INFO - Filling up the DagBag from /opt/airflow/dags/sanity_checks.py
[2026-07-23T23:38:09.911+0000] {processor.py:925} INFO - DAG(s) 'airflow_sanity_check' retrieved from /opt/airflow/dags/sanity_checks.py
[2026-07-23T23:38:09.961+0000] {logging_mixin.py:190} INFO - [2026-07-23T23:38:09.961+0000] {dag.py:3211} INFO - Sync 1 DAGs
[2026-07-23T23:38:09.989+0000] {logging_mixin.py:190} INFO - [2026-07-23T23:38:09.989+0000] {dag.py:4138} INFO - Setting next_dagrun for airflow_sanity_check to None, run_after=None
[2026-07-23T23:38:10.018+0000] {processor.py:208} INFO - Processing /opt/airflow/dags/sanity_checks.py took 0.143 seconds
[2026-07-23T23:38:40.380+0000] {processor.py:186} INFO - Started process (PID=7468) to work on /opt/airflow/dags/sanity_checks.py
[2026-07-23T23:38:40.382+0000] {processor.py:914} INFO - Processing file /opt/airflow/dags/sanity_checks.py for tasks to queue
[2026-07-23T23:38:40.387+0000] {logging_mixin.py:190} INFO - [2026-07-23T23:38:40.387+0000] {dagbag.py:587} INFO - Filling up the DagBag from /opt/airflow/dags/sanity_checks.py
[2026-07-23T23:38:40.406+0000] {processor.py:925} INFO - DAG(s) 'airflow_sanity_check' retrieved from /opt/airflow/dags/sanity_checks.py
[2026-07-23T23:38:40.453+0000] {logging_mixin.py:190} INFO - [2026-07-23T23:38:40.452+0000] {dag.py:3211} INFO - Sync 1 DAGs
[2026-07-23T23:38:40.483+0000] {logging_mixin.py:190} INFO - [2026-07-23T23:38:40.483+0000] {dag.py:4138} INFO - Setting next_dagrun for airflow_sanity_check to None, run_after=None
[2026-07-23T23:38:40.540+0000] {processor.py:208} INFO - Processing /opt/airflow/dags/sanity_checks.py took 0.171 seconds
[2026-07-23T23:39:10.948+0000] {processor.py:186} INFO - Started process (PID=7483) to work on /opt/airflow/dags/sanity_checks.py
[2026-07-23T23:39:10.949+0000] {processor.py:914} INFO - Processing file /opt/airflow/dags/sanity_checks.py for tasks to queue
[2026-07-23T23:39:10.953+0000] {logging_mixin.py:190} INFO - [2026-07-23T23:39:10.952+0000] {dagbag.py:587} INFO - Filling up the DagBag from /opt/airflow/dags/sanity_checks.py
[2026-07-23T23:39:10.969+0000] {processor.py:925} INFO - DAG(s) 'airflow_sanity_check' retrieved from /opt/airflow/dags/sanity_checks.py
[2026-07-23T23:39:11.013+0000] {logging_mixin.py:190} INFO - [2026-07-23T23:39:11.013+0000] {dag.py:3211} INFO - Sync 1 DAGs
[2026-07-23T23:39:11.035+0000] {logging_mixin.py:190} INFO - [2026-07-23T23:39:11.034+0000] {dag.py:4138} INFO - Setting next_dagrun for airflow_sanity_check to None, run_after=None
[2026-07-23T23:39:11.069+0000] {processor.py:208} INFO - Processing /opt/airflow/dags/sanity_checks.py took 0.133 seconds
[2026-07-23T23:39:41.476+0000] {processor.py:186} INFO - Started process (PID=7498) to work on /opt/airflow/dags/sanity_checks.py
[2026-07-23T23:39:41.478+0000] {processor.py:914} INFO - Processing file /opt/airflow/dags/sanity_checks.py for tasks to queue
[2026-07-23T23:39:41.482+0000] {logging_mixin.py:190} INFO - [2026-07-23T23:39:41.481+0000] {dagbag.py:587} INFO - Filling up the DagBag from /opt/airflow/dags/sanity_checks.py
[2026-07-23T23:39:41.499+0000] {processor.py:925} INFO - DAG(s) 'airflow_sanity_check' retrieved from /opt/airflow/dags/sanity_checks.py
[2026-07-23T23:39:41.545+0000] {logging_mixin.py:190} INFO - [2026-07-23T23:39:41.545+0000] {dag.py:3211} INFO - Sync 1 DAGs
[2026-07-23T23:39:41.569+0000] {logging_mixin.py:190} INFO - [2026-07-23T23:39:41.569+0000] {dag.py:4138} INFO - Setting next_dagrun for airflow_sanity_check to None, run_after=None
[2026-07-23T23:39:41.602+0000] {processor.py:208} INFO - Processing /opt/airflow/dags/sanity_checks.py took 0.137 seconds
[2026-07-23T23:40:11.962+0000] {processor.py:186} INFO - Started process (PID=7513) to work on /opt/airflow/dags/sanity_checks.py
[2026-07-23T23:40:11.964+0000] {processor.py:914} INFO - Processing file /opt/airflow/dags/sanity_checks.py for tasks to queue
[2026-07-23T23:40:11.968+0000] {logging_mixin.py:190} INFO - [2026-07-23T23:40:11.967+0000] {dagbag.py:587} INFO - Filling up the DagBag from /opt/airflow/dags/sanity_checks.py
[2026-07-23T23:40:11.984+0000] {processor.py:925} INFO - DAG(s) 'airflow_sanity_check' retrieved from /opt/airflow/dags/sanity_checks.py
[2026-07-23T23:40:12.028+0000] {logging_mixin.py:190} INFO - [2026-07-23T23:40:12.028+0000] {dag.py:3211} INFO - Sync 1 DAGs
[2026-07-23T23:40:12.051+0000] {logging_mixin.py:190} INFO - [2026-07-23T23:40:12.051+0000] {dag.py:4138} INFO - Setting next_dagrun for airflow_sanity_check to None, run_after=None
[2026-07-23T23:40:12.080+0000] {processor.py:208} INFO - Processing /opt/airflow/dags/sanity_checks.py took 0.128 seconds
[2026-07-23T23:40:42.443+0000] {processor.py:186} INFO - Started process (PID=7528) to work on /opt/airflow/dags/sanity_checks.py
[2026-07-23T23:40:42.445+0000] {processor.py:914} INFO - Processing file /opt/airflow/dags/sanity_checks.py for tasks to queue
[2026-07-23T23:40:42.449+0000] {logging_mixin.py:190} INFO - [2026-07-23T23:40:42.448+0000] {dagbag.py:587} INFO - Filling up the DagBag from /opt/airflow/dags/sanity_checks.py
[2026-07-23T23:40:42.467+0000] {processor.py:925} INFO - DAG(s) 'airflow_sanity_check' retrieved from /opt/airflow/dags/sanity_checks.py
[2026-07-23T23:40:42.515+0000] {logging_mixin.py:190} INFO - [2026-07-23T23:40:42.515+0000] {dag.py:3211} INFO - Sync 1 DAGs
[2026-07-23T23:40:42.539+0000] {logging_mixin.py:190} INFO - [2026-07-23T23:40:42.539+0000] {dag.py:4138} INFO - Setting next_dagrun for airflow_sanity_check to None, run_after=None
[2026-07-23T23:40:42.570+0000] {processor.py:208} INFO - Processing /opt/airflow/dags/sanity_checks.py took 0.138 seconds
[2026-07-23T23:41:13.002+0000] {processor.py:186} INFO - Started process (PID=7543) to work on /opt/airflow/dags/sanity_checks.py
[2026-07-23T23:41:13.004+0000] {processor.py:914} INFO - Processing file /opt/airflow/dags/sanity_checks.py for tasks to queue
[2026-07-23T23:41:13.009+0000] {logging_mixin.py:190} INFO - [2026-07-23T23:41:13.009+0000] {dagbag.py:587} INFO - Filling up the DagBag from /opt/airflow/dags/sanity_checks.py
[2026-07-23T23:41:13.025+0000] {processor.py:925} INFO - DAG(s) 'airflow_sanity_check' retrieved from /opt/airflow/dags/sanity_checks.py
[2026-07-23T23:41:13.070+0000] {logging_mixin.py:190} INFO - [2026-07-23T23:41:13.069+0000] {dag.py:3211} INFO - Sync 1 DAGs
[2026-07-23T23:41:13.094+0000] {logging_mixin.py:190} INFO - [2026-07-23T23:41:13.094+0000] {dag.py:4138} INFO - Setting next_dagrun for airflow_sanity_check to None, run_after=None
[2026-07-23T23:41:13.121+0000] {processor.py:208} INFO - Processing /opt/airflow/dags/sanity_checks.py took 0.129 seconds
[2026-07-23T23:41:43.496+0000] {processor.py:186} INFO - Started process (PID=7558) to work on /opt/airflow/dags/sanity_checks.py
[2026-07-23T23:41:43.498+0000] {processor.py:914} INFO - Processing file /opt/airflow/dags/sanity_checks.py for tasks to queue
[2026-07-23T23:41:43.502+0000] {logging_mixin.py:190} INFO - [2026-07-23T23:41:43.502+0000] {dagbag.py:587} INFO - Filling up the DagBag from /opt/airflow/dags/sanity_checks.py
[2026-07-23T23:41:43.518+0000] {processor.py:925} INFO - DAG(s) 'airflow_sanity_check' retrieved from /opt/airflow/dags/sanity_checks.py
[2026-07-23T23:41:43.563+0000] {logging_mixin.py:190} INFO - [2026-07-23T23:41:43.563+0000] {dag.py:3211} INFO - Sync 1 DAGs
[2026-07-23T23:41:43.586+0000] {logging_mixin.py:190} INFO - [2026-07-23T23:41:43.586+0000] {dag.py:4138} INFO - Setting next_dagrun for airflow_sanity_check to None, run_after=None
[2026-07-23T23:41:43.616+0000] {processor.py:208} INFO - Processing /opt/airflow/dags/sanity_checks.py took 0.130 seconds
[2026-07-23T23:42:13.982+0000] {processor.py:186} INFO - Started process (PID=7573) to work on /opt/airflow/dags/sanity_checks.py
[2026-07-23T23:42:13.983+0000] {processor.py:914} INFO - Processing file /opt/airflow/dags/sanity_checks.py for tasks to queue
[2026-07-23T23:42:13.987+0000] {logging_mixin.py:190} INFO - [2026-07-23T23:42:13.986+0000] {dagbag.py:587} INFO - Filling up the DagBag from /opt/airflow/dags/sanity_checks.py
[2026-07-23T23:42:14.002+0000] {processor.py:925} INFO - DAG(s) 'airflow_sanity_check' retrieved from /opt/airflow/dags/sanity_checks.py
[2026-07-23T23:42:14.044+0000] {logging_mixin.py:190} INFO - [2026-07-23T23:42:14.044+0000] {dag.py:3211} INFO - Sync 1 DAGs
[2026-07-23T23:42:14.066+0000] {logging_mixin.py:190} INFO - [2026-07-23T23:42:14.066+0000] {dag.py:4138} INFO - Setting next_dagrun for airflow_sanity_check to None, run_after=None
[2026-07-23T23:42:14.096+0000] {processor.py:208} INFO - Processing /opt/airflow/dags/sanity_checks.py took 0.125 seconds
[2026-07-23T23:42:44.481+0000] {processor.py:186} INFO - Started process (PID=7588) to work on /opt/airflow/dags/sanity_checks.py
[2026-07-23T23:42:44.483+0000] {processor.py:914} INFO - Processing file /opt/airflow/dags/sanity_checks.py for tasks to queue
[2026-07-23T23:42:44.487+0000] {logging_mixin.py:190} INFO - [2026-07-23T23:42:44.486+0000] {dagbag.py:587} INFO - Filling up the DagBag from /opt/airflow/dags/sanity_checks.py
[2026-07-23T23:42:44.503+0000] {processor.py:925} INFO - DAG(s) 'airflow_sanity_check' retrieved from /opt/airflow/dags/sanity_checks.py
[2026-07-23T23:42:44.547+0000] {logging_mixin.py:190} INFO - [2026-07-23T23:42:44.546+0000] {dag.py:3211} INFO - Sync 1 DAGs
[2026-07-23T23:42:44.569+0000] {logging_mixin.py:190} INFO - [2026-07-23T23:42:44.569+0000] {dag.py:4138} INFO - Setting next_dagrun for airflow_sanity_check to None, run_after=None
[2026-07-23T23:42:44.598+0000] {processor.py:208} INFO - Processing /opt/airflow/dags/sanity_checks.py took 0.127 seconds
[2026-07-23T23:43:14.946+0000] {processor.py:186} INFO - Started process (PID=7603) to work on /opt/airflow/dags/sanity_checks.py
[2026-07-23T23:43:14.948+0000] {processor.py:914} INFO - Processing file /opt/airflow/dags/sanity_checks.py for tasks to queue
[2026-07-23T23:43:14.952+0000] {logging_mixin.py:190} INFO - [2026-07-23T23:43:14.951+0000] {dagbag.py:587} INFO - Filling up the DagBag from /opt/airflow/dags/sanity_checks.py
[2026-07-23T23:43:14.971+0000] {processor.py:925} INFO - DAG(s) 'airflow_sanity_check' retrieved from /opt/airflow/dags/sanity_checks.py
[2026-07-23T23:43:15.019+0000] {logging_mixin.py:190} INFO - [2026-07-23T23:43:15.018+0000] {dag.py:3211} INFO - Sync 1 DAGs
[2026-07-23T23:43:15.045+0000] {logging_mixin.py:190} INFO - [2026-07-23T23:43:15.044+0000] {dag.py:4138} INFO - Setting next_dagrun for airflow_sanity_check to None, run_after=None
[2026-07-23T23:43:15.075+0000] {processor.py:208} INFO - Processing /opt/airflow/dags/sanity_checks.py took 0.140 seconds
[2026-07-23T23:43:45.441+0000] {processor.py:186} INFO - Started process (PID=7618) to work on /opt/airflow/dags/sanity_checks.py
[2026-07-23T23:43:45.443+0000] {processor.py:914} INFO - Processing file /opt/airflow/dags/sanity_checks.py for tasks to queue
[2026-07-23T23:43:45.446+0000] {logging_mixin.py:190} INFO - [2026-07-23T23:43:45.446+0000] {dagbag.py:587} INFO - Filling up the DagBag from /opt/airflow/dags/sanity_checks.py
[2026-07-23T23:43:45.465+0000] {processor.py:925} INFO - DAG(s) 'airflow_sanity_check' retrieved from /opt/airflow/dags/sanity_checks.py
[2026-07-23T23:43:45.517+0000] {logging_mixin.py:190} INFO - [2026-07-23T23:43:45.516+0000] {dag.py:3211} INFO - Sync 1 DAGs
[2026-07-23T23:43:45.544+0000] {logging_mixin.py:190} INFO - [2026-07-23T23:43:45.543+0000] {dag.py:4138} INFO - Setting next_dagrun for airflow_sanity_check to None, run_after=None
[2026-07-23T23:43:45.577+0000] {processor.py:208} INFO - Processing /opt/airflow/dags/sanity_checks.py took 0.147 seconds
[2026-07-23T23:44:15.920+0000] {processor.py:186} INFO - Started process (PID=7633) to work on /opt/airflow/dags/sanity_checks.py
[2026-07-23T23:44:15.922+0000] {processor.py:914} INFO - Processing file /opt/airflow/dags/sanity_checks.py for tasks to queue
[2026-07-23T23:44:15.928+0000] {logging_mixin.py:190} INFO - [2026-07-23T23:44:15.927+0000] {dagbag.py:587} INFO - Filling up the DagBag from /opt/airflow/dags/sanity_checks.py
[2026-07-23T23:44:15.947+0000] {processor.py:925} INFO - DAG(s) 'airflow_sanity_check' retrieved from /opt/airflow/dags/sanity_checks.py
[2026-07-23T23:44:16.001+0000] {logging_mixin.py:190} INFO - [2026-07-23T23:44:16.000+0000] {dag.py:3211} INFO - Sync 1 DAGs
[2026-07-23T23:44:16.028+0000] {logging_mixin.py:190} INFO - [2026-07-23T23:44:16.027+0000] {dag.py:4138} INFO - Setting next_dagrun for airflow_sanity_check to None, run_after=None
[2026-07-23T23:44:16.061+0000] {processor.py:208} INFO - Processing /opt/airflow/dags/sanity_checks.py took 0.153 seconds
[2026-07-23T23:44:46.422+0000] {processor.py:186} INFO - Started process (PID=7648) to work on /opt/airflow/dags/sanity_checks.py
[2026-07-23T23:44:46.423+0000] {processor.py:914} INFO - Processing file /opt/airflow/dags/sanity_checks.py for tasks to queue
[2026-07-23T23:44:46.428+0000] {logging_mixin.py:190} INFO - [2026-07-23T23:44:46.427+0000] {dagbag.py:587} INFO - Filling up the DagBag from /opt/airflow/dags/sanity_checks.py
[2026-07-23T23:44:46.448+0000] {processor.py:925} INFO - DAG(s) 'airflow_sanity_check' retrieved from /opt/airflow/dags/sanity_checks.py
[2026-07-23T23:44:46.499+0000] {logging_mixin.py:190} INFO - [2026-07-23T23:44:46.498+0000] {dag.py:3211} INFO - Sync 1 DAGs
[2026-07-23T23:44:46.525+0000] {logging_mixin.py:190} INFO - [2026-07-23T23:44:46.525+0000] {dag.py:4138} INFO - Setting next_dagrun for airflow_sanity_check to None, run_after=None
[2026-07-23T23:44:46.558+0000] {processor.py:208} INFO - Processing /opt/airflow/dags/sanity_checks.py took 0.149 seconds
[2026-07-23T23:45:16.899+0000] {processor.py:186} INFO - Started process (PID=7663) to work on /opt/airflow/dags/sanity_checks.py
[2026-07-23T23:45:16.900+0000] {processor.py:914} INFO - Processing file /opt/airflow/dags/sanity_checks.py for tasks to queue
[2026-07-23T23:45:16.904+0000] {logging_mixin.py:190} INFO - [2026-07-23T23:45:16.904+0000] {dagbag.py:587} INFO - Filling up the DagBag from /opt/airflow/dags/sanity_checks.py
[2026-07-23T23:45:16.920+0000] {processor.py:925} INFO - DAG(s) 'airflow_sanity_check' retrieved from /opt/airflow/dags/sanity_checks.py
[2026-07-23T23:45:16.961+0000] {logging_mixin.py:190} INFO - [2026-07-23T23:45:16.961+0000] {dag.py:3211} INFO - Sync 1 DAGs
[2026-07-23T23:45:16.983+0000] {logging_mixin.py:190} INFO - [2026-07-23T23:45:16.983+0000] {dag.py:4138} INFO - Setting next_dagrun for airflow_sanity_check to None, run_after=None
[2026-07-23T23:45:17.014+0000] {processor.py:208} INFO - Processing /opt/airflow/dags/sanity_checks.py took 0.126 seconds
[2026-07-23T23:45:47.382+0000] {processor.py:186} INFO - Started process (PID=7678) to work on /opt/airflow/dags/sanity_checks.py
[2026-07-23T23:45:47.383+0000] {processor.py:914} INFO - Processing file /opt/airflow/dags/sanity_checks.py for tasks to queue
[2026-07-23T23:45:47.387+0000] {logging_mixin.py:190} INFO - [2026-07-23T23:45:47.387+0000] {dagbag.py:587} INFO - Filling up the DagBag from /opt/airflow/dags/sanity_checks.py
[2026-07-23T23:45:47.405+0000] {processor.py:925} INFO - DAG(s) 'airflow_sanity_check' retrieved from /opt/airflow/dags/sanity_checks.py
[2026-07-23T23:45:47.455+0000] {logging_mixin.py:190} INFO - [2026-07-23T23:45:47.455+0000] {dag.py:3211} INFO - Sync 1 DAGs
[2026-07-23T23:45:47.483+0000] {logging_mixin.py:190} INFO - [2026-07-23T23:45:47.483+0000] {dag.py:4138} INFO - Setting next_dagrun for airflow_sanity_check to None, run_after=None
[2026-07-23T23:45:47.515+0000] {processor.py:208} INFO - Processing /opt/airflow/dags/sanity_checks.py took 0.146 seconds
[2026-07-23T23:46:17.878+0000] {processor.py:186} INFO - Started process (PID=7693) to work on /opt/airflow/dags/sanity_checks.py
[2026-07-23T23:46:17.881+0000] {processor.py:914} INFO - Processing file /opt/airflow/dags/sanity_checks.py for tasks to queue
[2026-07-23T23:46:17.886+0000] {logging_mixin.py:190} INFO - [2026-07-23T23:46:17.885+0000] {dagbag.py:587} INFO - Filling up the DagBag from /opt/airflow/dags/sanity_checks.py
[2026-07-23T23:46:17.904+0000] {processor.py:925} INFO - DAG(s) 'airflow_sanity_check' retrieved from /opt/airflow/dags/sanity_checks.py
[2026-07-23T23:46:17.952+0000] {logging_mixin.py:190} INFO - [2026-07-23T23:46:17.952+0000] {dag.py:3211} INFO - Sync 1 DAGs
[2026-07-23T23:46:17.975+0000] {logging_mixin.py:190} INFO - [2026-07-23T23:46:17.974+0000] {dag.py:4138} INFO - Setting next_dagrun for airflow_sanity_check to None, run_after=None
[2026-07-23T23:46:18.003+0000] {processor.py:208} INFO - Processing /opt/airflow/dags/sanity_checks.py took 0.135 seconds
[2026-07-23T23:46:48.350+0000] {processor.py:186} INFO - Started process (PID=7708) to work on /opt/airflow/dags/sanity_checks.py
[2026-07-23T23:46:48.351+0000] {processor.py:914} INFO - Processing file /opt/airflow/dags/sanity_checks.py for tasks to queue
[2026-07-23T23:46:48.355+0000] {logging_mixin.py:190} INFO - [2026-07-23T23:46:48.354+0000] {dagbag.py:587} INFO - Filling up the DagBag from /opt/airflow/dags/sanity_checks.py
[2026-07-23T23:46:48.373+0000] {processor.py:925} INFO - DAG(s) 'airflow_sanity_check' retrieved from /opt/airflow/dags/sanity_checks.py
[2026-07-23T23:46:48.418+0000] {logging_mixin.py:190} INFO - [2026-07-23T23:46:48.417+0000] {dag.py:3211} INFO - Sync 1 DAGs
[2026-07-23T23:46:48.442+0000] {logging_mixin.py:190} INFO - [2026-07-23T23:46:48.442+0000] {dag.py:4138} INFO - Setting next_dagrun for airflow_sanity_check to None, run_after=None
[2026-07-23T23:46:48.474+0000] {processor.py:208} INFO - Processing /opt/airflow/dags/sanity_checks.py took 0.135 seconds
[2026-07-23T23:47:18.848+0000] {processor.py:186} INFO - Started process (PID=7723) to work on /opt/airflow/dags/sanity_checks.py
[2026-07-23T23:47:18.849+0000] {processor.py:914} INFO - Processing file /opt/airflow/dags/sanity_checks.py for tasks to queue
[2026-07-23T23:47:18.854+0000] {logging_mixin.py:190} INFO - [2026-07-23T23:47:18.853+0000] {dagbag.py:587} INFO - Filling up the DagBag from /opt/airflow/dags/sanity_checks.py
[2026-07-23T23:47:18.870+0000] {processor.py:925} INFO - DAG(s) 'airflow_sanity_check' retrieved from /opt/airflow/dags/sanity_checks.py
[2026-07-23T23:47:18.913+0000] {logging_mixin.py:190} INFO - [2026-07-23T23:47:18.913+0000] {dag.py:3211} INFO - Sync 1 DAGs
[2026-07-23T23:47:18.935+0000] {logging_mixin.py:190} INFO - [2026-07-23T23:47:18.934+0000] {dag.py:4138} INFO - Setting next_dagrun for airflow_sanity_check to None, run_after=None
[2026-07-23T23:47:18.964+0000] {processor.py:208} INFO - Processing /opt/airflow/dags/sanity_checks.py took 0.127 seconds
[2026-07-23T23:47:49.309+0000] {processor.py:186} INFO - Started process (PID=7738) to work on /opt/airflow/dags/sanity_checks.py
[2026-07-23T23:47:49.311+0000] {processor.py:914} INFO - Processing file /opt/airflow/dags/sanity_checks.py for tasks to queue
[2026-07-23T23:47:49.315+0000] {logging_mixin.py:190} INFO - [2026-07-23T23:47:49.315+0000] {dagbag.py:587} INFO - Filling up the DagBag from /opt/airflow/dags/sanity_checks.py
[2026-07-23T23:47:49.331+0000] {processor.py:925} INFO - DAG(s) 'airflow_sanity_check' retrieved from /opt/airflow/dags/sanity_checks.py
[2026-07-23T23:47:49.376+0000] {logging_mixin.py:190} INFO - [2026-07-23T23:47:49.376+0000] {dag.py:3211} INFO - Sync 1 DAGs
[2026-07-23T23:47:49.399+0000] {logging_mixin.py:190} INFO - [2026-07-23T23:47:49.399+0000] {dag.py:4138} INFO - Setting next_dagrun for airflow_sanity_check to None, run_after=None
[2026-07-23T23:47:49.428+0000] {processor.py:208} INFO - Processing /opt/airflow/dags/sanity_checks.py took 0.129 seconds
[2026-07-23T23:48:19.803+0000] {processor.py:186} INFO - Started process (PID=7753) to work on /opt/airflow/dags/sanity_checks.py
[2026-07-23T23:48:19.805+0000] {processor.py:914} INFO - Processing file /opt/airflow/dags/sanity_checks.py for tasks to queue
[2026-07-23T23:48:19.810+0000] {logging_mixin.py:190} INFO - [2026-07-23T23:48:19.810+0000] {dagbag.py:587} INFO - Filling up the DagBag from /opt/airflow/dags/sanity_checks.py
[2026-07-23T23:48:19.827+0000] {processor.py:925} INFO - DAG(s) 'airflow_sanity_check' retrieved from /opt/airflow/dags/sanity_checks.py
[2026-07-23T23:48:19.876+0000] {logging_mixin.py:190} INFO - [2026-07-23T23:48:19.876+0000] {dag.py:3211} INFO - Sync 1 DAGs
[2026-07-23T23:48:19.901+0000] {logging_mixin.py:190} INFO - [2026-07-23T23:48:19.901+0000] {dag.py:4138} INFO - Setting next_dagrun for airflow_sanity_check to None, run_after=None
[2026-07-23T23:48:19.930+0000] {processor.py:208} INFO - Processing /opt/airflow/dags/sanity_checks.py took 0.137 seconds
[2026-07-23T23:48:50.325+0000] {processor.py:186} INFO - Started process (PID=7768) to work on /opt/airflow/dags/sanity_checks.py
[2026-07-23T23:48:50.326+0000] {processor.py:914} INFO - Processing file /opt/airflow/dags/sanity_checks.py for tasks to queue
[2026-07-23T23:48:50.331+0000] {logging_mixin.py:190} INFO - [2026-07-23T23:48:50.330+0000] {dagbag.py:587} INFO - Filling up the DagBag from /opt/airflow/dags/sanity_checks.py
[2026-07-23T23:48:50.348+0000] {processor.py:925} INFO - DAG(s) 'airflow_sanity_check' retrieved from /opt/airflow/dags/sanity_checks.py
[2026-07-23T23:48:50.396+0000] {logging_mixin.py:190} INFO - [2026-07-23T23:48:50.395+0000] {dag.py:3211} INFO - Sync 1 DAGs
[2026-07-23T23:48:50.421+0000] {logging_mixin.py:190} INFO - [2026-07-23T23:48:50.421+0000] {dag.py:4138} INFO - Setting next_dagrun for airflow_sanity_check to None, run_after=None
[2026-07-23T23:48:50.453+0000] {processor.py:208} INFO - Processing /opt/airflow/dags/sanity_checks.py took 0.139 seconds
[2026-07-23T23:49:20.824+0000] {processor.py:186} INFO - Started process (PID=7783) to work on /opt/airflow/dags/sanity_checks.py
[2026-07-23T23:49:20.826+0000] {processor.py:914} INFO - Processing file /opt/airflow/dags/sanity_checks.py for tasks to queue
[2026-07-23T23:49:20.830+0000] {logging_mixin.py:190} INFO - [2026-07-23T23:49:20.830+0000] {dagbag.py:587} INFO - Filling up the DagBag from /opt/airflow/dags/sanity_checks.py
[2026-07-23T23:49:20.849+0000] {processor.py:925} INFO - DAG(s) 'airflow_sanity_check' retrieved from /opt/airflow/dags/sanity_checks.py
[2026-07-23T23:49:20.895+0000] {logging_mixin.py:190} INFO - [2026-07-23T23:49:20.895+0000] {dag.py:3211} INFO - Sync 1 DAGs
[2026-07-23T23:49:20.921+0000] {logging_mixin.py:190} INFO - [2026-07-23T23:49:20.921+0000] {dag.py:4138} INFO - Setting next_dagrun for airflow_sanity_check to None, run_after=None
[2026-07-23T23:49:20.950+0000] {processor.py:208} INFO - Processing /opt/airflow/dags/sanity_checks.py took 0.136 seconds
[2026-07-23T23:49:51.330+0000] {processor.py:186} INFO - Started process (PID=7798) to work on /opt/airflow/dags/sanity_checks.py
[2026-07-23T23:49:51.349+0000] {processor.py:914} INFO - Processing file /opt/airflow/dags/sanity_checks.py for tasks to queue
[2026-07-23T23:49:51.354+0000] {logging_mixin.py:190} INFO - [2026-07-23T23:49:51.353+0000] {dagbag.py:587} INFO - Filling up the DagBag from /opt/airflow/dags/sanity_checks.py
[2026-07-23T23:49:51.374+0000] {processor.py:925} INFO - DAG(s) 'airflow_sanity_check' retrieved from /opt/airflow/dags/sanity_checks.py
[2026-07-23T23:49:51.440+0000] {logging_mixin.py:190} INFO - [2026-07-23T23:49:51.440+0000] {dag.py:3211} INFO - Sync 1 DAGs
[2026-07-23T23:49:51.467+0000] {logging_mixin.py:190} INFO - [2026-07-23T23:49:51.467+0000] {dag.py:4138} INFO - Setting next_dagrun for airflow_sanity_check to None, run_after=None
[2026-07-23T23:49:51.496+0000] {processor.py:208} INFO - Processing /opt/airflow/dags/sanity_checks.py took 0.188 seconds
[2026-07-23T23:50:21.925+0000] {processor.py:186} INFO - Started process (PID=7813) to work on /opt/airflow/dags/sanity_checks.py
[2026-07-23T23:50:21.928+0000] {processor.py:914} INFO - Processing file /opt/airflow/dags/sanity_checks.py for tasks to queue
[2026-07-23T23:50:21.933+0000] {logging_mixin.py:190} INFO - [2026-07-23T23:50:21.932+0000] {dagbag.py:587} INFO - Filling up the DagBag from /opt/airflow/dags/sanity_checks.py
[2026-07-23T23:50:21.951+0000] {processor.py:925} INFO - DAG(s) 'airflow_sanity_check' retrieved from /opt/airflow/dags/sanity_checks.py
[2026-07-23T23:50:21.994+0000] {logging_mixin.py:190} INFO - [2026-07-23T23:50:21.994+0000] {dag.py:3211} INFO - Sync 1 DAGs
[2026-07-23T23:50:22.017+0000] {logging_mixin.py:190} INFO - [2026-07-23T23:50:22.016+0000] {dag.py:4138} INFO - Setting next_dagrun for airflow_sanity_check to None, run_after=None
[2026-07-23T23:50:22.046+0000] {processor.py:208} INFO - Processing /opt/airflow/dags/sanity_checks.py took 0.133 seconds
[2026-07-23T23:50:52.395+0000] {processor.py:186} INFO - Started process (PID=7828) to work on /opt/airflow/dags/sanity_checks.py
[2026-07-23T23:50:52.397+0000] {processor.py:914} INFO - Processing file /opt/airflow/dags/sanity_checks.py for tasks to queue
[2026-07-23T23:50:52.402+0000] {logging_mixin.py:190} INFO - [2026-07-23T23:50:52.401+0000] {dagbag.py:587} INFO - Filling up the DagBag from /opt/airflow/dags/sanity_checks.py
[2026-07-23T23:50:52.418+0000] {processor.py:925} INFO - DAG(s) 'airflow_sanity_check' retrieved from /opt/airflow/dags/sanity_checks.py
[2026-07-23T23:50:52.461+0000] {logging_mixin.py:190} INFO - [2026-07-23T23:50:52.460+0000] {dag.py:3211} INFO - Sync 1 DAGs
[2026-07-23T23:50:52.483+0000] {logging_mixin.py:190} INFO - [2026-07-23T23:50:52.482+0000] {dag.py:4138} INFO - Setting next_dagrun for airflow_sanity_check to None, run_after=None
[2026-07-23T23:50:52.510+0000] {processor.py:208} INFO - Processing /opt/airflow/dags/sanity_checks.py took 0.124 seconds
[2026-07-23T23:51:45.640+0000] {processor.py:186} INFO - Started process (PID=7843) to work on /opt/airflow/dags/sanity_checks.py
[2026-07-23T23:51:45.642+0000] {processor.py:914} INFO - Processing file /opt/airflow/dags/sanity_checks.py for tasks to queue
[2026-07-23T23:51:45.649+0000] {logging_mixin.py:190} INFO - [2026-07-23T23:51:45.648+0000] {dagbag.py:587} INFO - Filling up the DagBag from /opt/airflow/dags/sanity_checks.py
[2026-07-23T23:51:45.677+0000] {processor.py:925} INFO - DAG(s) 'airflow_sanity_check' retrieved from /opt/airflow/dags/sanity_checks.py
[2026-07-23T23:51:45.727+0000] {logging_mixin.py:190} INFO - [2026-07-23T23:51:45.727+0000] {dag.py:3211} INFO - Sync 1 DAGs
[2026-07-23T23:51:45.754+0000] {logging_mixin.py:190} INFO - [2026-07-23T23:51:45.753+0000] {dag.py:4138} INFO - Setting next_dagrun for airflow_sanity_check to None, run_after=None
[2026-07-23T23:51:45.784+0000] {processor.py:208} INFO - Processing /opt/airflow/dags/sanity_checks.py took 0.158 seconds
