[2026-06-24T09:44:15.920+0000] {local_task_job_runner.py:123} INFO - ::group::Pre task execution logs
[2026-06-24T09:44:15.958+0000] {taskinstance.py:2603} INFO - Dependencies all met for dep_context=non-requeueable deps ti=<TaskInstance: tmdb_incremental_sync.incremental_sync_pipeline scheduled__2026-06-19T00:00:00+00:00 [queued]>
[2026-06-24T09:44:15.974+0000] {taskinstance.py:2603} INFO - Dependencies all met for dep_context=requeueable deps ti=<TaskInstance: tmdb_incremental_sync.incremental_sync_pipeline scheduled__2026-06-19T00:00:00+00:00 [queued]>
[2026-06-24T09:44:15.975+0000] {taskinstance.py:2856} INFO - Starting attempt 3 of 3
[2026-06-24T09:44:15.999+0000] {taskinstance.py:2879} INFO - Executing <Task(PythonOperator): incremental_sync_pipeline> on 2026-06-19 00:00:00+00:00
[2026-06-24T09:44:16.022+0000] {logging_mixin.py:190} WARNING - /home/***/.local/lib/python3.12/site-packages/***/task/task_runner/standard_task_runner.py:70 DeprecationWarning: This process (pid=299) is multi-threaded, use of fork() may lead to deadlocks in the child.
[2026-06-24T09:44:16.022+0000] {standard_task_runner.py:104} INFO - Running: ['***', 'tasks', 'run', 'tmdb_incremental_sync', 'incremental_sync_pipeline', 'scheduled__2026-06-19T00:00:00+00:00', '--job-id', '26', '--raw', '--subdir', 'DAGS_FOLDER/tmdb_incremental_sync.py', '--cfg-path', '/tmp/tmpkaovzglr']
[2026-06-24T09:44:16.029+0000] {standard_task_runner.py:72} INFO - Started process 305 to run task
[2026-06-24T09:44:16.030+0000] {standard_task_runner.py:105} INFO - Job 26: Subtask incremental_sync_pipeline
[2026-06-24T09:44:16.172+0000] {task_command.py:467} INFO - Running <TaskInstance: tmdb_incremental_sync.incremental_sync_pipeline scheduled__2026-06-19T00:00:00+00:00 [running]> on host d8c53ec118ae
[2026-06-24T09:44:16.392+0000] {taskinstance.py:3122} INFO - Exporting env vars: AIRFLOW_CTX_DAG_OWNER='***' AIRFLOW_CTX_DAG_ID='tmdb_incremental_sync' AIRFLOW_CTX_TASK_ID='incremental_sync_pipeline' AIRFLOW_CTX_EXECUTION_DATE='2026-06-19T00:00:00+00:00' AIRFLOW_CTX_TRY_NUMBER='3' AIRFLOW_CTX_DAG_RUN_ID='scheduled__2026-06-19T00:00:00+00:00'
[2026-06-24T09:44:16.395+0000] {taskinstance.py:731} INFO - ::endgroup::
[2026-06-24T09:44:16.442+0000] {logging_mixin.py:190} INFO - Starting incremental sync for 2026-06-17 → 2026-06-24...
[2026-06-24T09:44:16.463+0000] {logging_mixin.py:190} INFO - Fetching changes: 2026-06-17 -> 2026-06-23
[2026-06-24T09:46:52.098+0000] {logging_mixin.py:190} INFO - Fetching changes: 2026-06-24 -> 2026-06-24
[2026-06-24T09:46:59.566+0000] {logging_mixin.py:190} INFO - Found 27974 changed IDs. Syncing metadata...
[2026-06-24T09:47:01.499+0000] {logging_mixin.py:190} INFO - Skipping movie 1048597: could not fetch metadata.
[2026-06-24T09:47:01.555+0000] {logging_mixin.py:190} INFO - Skipping movie 1703937: could not fetch metadata.
[2026-06-24T09:47:21.527+0000] {logging_mixin.py:190} INFO - Skipping movie 1704328: could not fetch metadata.
[2026-06-24T09:47:21.897+0000] {logging_mixin.py:190} INFO - Skipping movie 1719483: could not fetch metadata.
[2026-06-24T09:47:22.003+0000] {logging_mixin.py:190} INFO - Skipping movie 393616: could not fetch metadata.
[2026-06-24T09:47:22.948+0000] {logging_mixin.py:190} INFO - Skipping movie 1704367: could not fetch metadata.
[2026-06-24T09:47:24.096+0000] {logging_mixin.py:190} INFO - Skipping movie 655821: could not fetch metadata.
[2026-06-24T09:47:34.125+0000] {logging_mixin.py:190} INFO - Skipping movie 1180315: could not fetch metadata.
[2026-06-24T09:47:37.694+0000] {logging_mixin.py:190} INFO - Skipping movie 1719564: could not fetch metadata.
[2026-06-24T09:47:39.209+0000] {logging_mixin.py:190} INFO - Skipping movie 1704777: could not fetch metadata.
[2026-06-24T09:47:39.331+0000] {logging_mixin.py:190} INFO - Skipping movie 1704789: could not fetch metadata.
[2026-06-24T09:47:41.461+0000] {logging_mixin.py:190} INFO - Skipping movie 1180575: could not fetch metadata.
[2026-06-24T09:47:43.875+0000] {logging_mixin.py:190} INFO - Skipping movie 1704954: could not fetch metadata.
[2026-06-24T09:47:44.009+0000] {logging_mixin.py:190} INFO - Skipping movie 1704976: could not fetch metadata.
[2026-06-24T09:47:44.244+0000] {logging_mixin.py:190} INFO - Skipping movie 1704989: could not fetch metadata.
[2026-06-24T09:47:44.322+0000] {logging_mixin.py:190} INFO - Skipping movie 1180703: could not fetch metadata.
[2026-06-24T09:47:44.324+0000] {logging_mixin.py:190} INFO - Skipping movie 1704999: could not fetch metadata.
[2026-06-24T09:47:44.540+0000] {logging_mixin.py:190} INFO - Skipping movie 1180728: could not fetch metadata.
[2026-06-24T09:47:44.809+0000] {logging_mixin.py:190} INFO - Skipping movie 1180752: could not fetch metadata.
[2026-06-24T09:47:45.177+0000] {logging_mixin.py:190} INFO - Skipping movie 1180769: could not fetch metadata.
[2026-06-24T09:47:45.202+0000] {logging_mixin.py:190} INFO - Skipping movie 1311853: could not fetch metadata.
[2026-06-24T09:47:45.310+0000] {logging_mixin.py:190} INFO - Skipping movie 1180759: could not fetch metadata.
[2026-06-24T09:47:45.905+0000] {logging_mixin.py:190} INFO - Skipping movie 1719641: could not fetch metadata.
[2026-06-24T09:47:46.073+0000] {logging_mixin.py:190} INFO - Skipping movie 1719645: could not fetch metadata.
[2026-06-24T09:47:46.855+0000] {logging_mixin.py:190} INFO - Skipping movie 1705195: could not fetch metadata.
[2026-06-24T09:47:48.155+0000] {logging_mixin.py:190} INFO - Skipping movie 1180993: could not fetch metadata.
[2026-06-24T09:47:48.214+0000] {logging_mixin.py:190} INFO - Skipping movie 1181003: could not fetch metadata.
[2026-06-24T09:47:48.270+0000] {logging_mixin.py:190} INFO - Skipping movie 1705298: could not fetch metadata.
[2026-06-24T09:47:48.382+0000] {logging_mixin.py:190} INFO - Skipping movie 1181012: could not fetch metadata.
[2026-06-24T09:47:48.519+0000] {logging_mixin.py:190} INFO - Skipping movie 1705301: could not fetch metadata.
[2026-06-24T09:47:49.159+0000] {logging_mixin.py:190} INFO - Skipping movie 1181042: could not fetch metadata.
[2026-06-24T09:47:49.982+0000] {logging_mixin.py:190} INFO - Skipping movie 1705414: could not fetch metadata.
[2026-06-24T09:47:49.998+0000] {logging_mixin.py:190} INFO - Skipping movie 1181134: could not fetch metadata.
[2026-06-24T09:47:51.990+0000] {logging_mixin.py:190} INFO - Skipping movie 1705529: could not fetch metadata.
[2026-06-24T09:47:52.158+0000] {logging_mixin.py:190} INFO - Skipping movie 1705541: could not fetch metadata.
[2026-06-24T09:47:52.342+0000] {logging_mixin.py:190} INFO - Skipping movie 1719724: could not fetch metadata.
[2026-06-24T09:47:55.038+0000] {logging_mixin.py:190} INFO - Skipping movie 1705635: could not fetch metadata.
[2026-06-24T09:47:55.198+0000] {logging_mixin.py:190} INFO - Skipping movie 1312428: could not fetch metadata.
[2026-06-24T09:47:58.658+0000] {logging_mixin.py:190} INFO - Skipping movie 1719765: could not fetch metadata.
[2026-06-24T09:48:03.237+0000] {logging_mixin.py:190} INFO - Skipping movie 1181671: could not fetch metadata.
[2026-06-24T09:48:03.612+0000] {logging_mixin.py:190} INFO - Skipping movie 1181680: could not fetch metadata.
[2026-06-24T09:48:03.774+0000] {logging_mixin.py:190} INFO - Skipping movie 1181682: could not fetch metadata.
[2026-06-24T09:48:03.892+0000] {logging_mixin.py:190} INFO - Skipping movie 1181686: could not fetch metadata.
[2026-06-24T09:48:03.903+0000] {logging_mixin.py:190} INFO - Skipping movie 1574910: could not fetch metadata.
[2026-06-24T09:48:04.761+0000] {logging_mixin.py:190} INFO - Skipping movie 657452: could not fetch metadata.
[2026-06-24T09:48:05.532+0000] {logging_mixin.py:190} INFO - Skipping movie 1719829: could not fetch metadata.
[2026-06-24T09:48:13.431+0000] {logging_mixin.py:190} INFO - Skipping movie 1182491: could not fetch metadata.
[2026-06-24T09:48:13.926+0000] {logging_mixin.py:190} INFO - Skipping movie 1182510: could not fetch metadata.
[2026-06-24T09:48:14.299+0000] {logging_mixin.py:190} INFO - Skipping movie 1182556: could not fetch metadata.
[2026-06-24T09:48:14.404+0000] {logging_mixin.py:190} INFO - Skipping movie 1706858: could not fetch metadata.
[2026-06-24T09:48:23.968+0000] {logging_mixin.py:190} INFO - Skipping movie 1445636: could not fetch metadata.
[2026-06-24T09:48:24.061+0000] {logging_mixin.py:190} INFO - Skipping movie 1707787: could not fetch metadata.
[2026-06-24T09:48:27.393+0000] {logging_mixin.py:190} INFO - Skipping movie 1183827: could not fetch metadata.
[2026-06-24T09:48:29.030+0000] {logging_mixin.py:190} INFO - Skipping movie 1708266: could not fetch metadata.
[2026-06-24T09:48:30.068+0000] {logging_mixin.py:190} INFO - Skipping movie 1708310: could not fetch metadata.
[2026-06-24T09:48:30.322+0000] {logging_mixin.py:190} INFO - Skipping movie 1446180: could not fetch metadata.
[2026-06-24T09:48:30.615+0000] {logging_mixin.py:190} INFO - Skipping movie 1708337: could not fetch metadata.
[2026-06-24T09:48:30.769+0000] {logging_mixin.py:190} INFO - Skipping movie 1708344: could not fetch metadata.
[2026-06-24T09:48:31.534+0000] {logging_mixin.py:190} INFO - Skipping movie 1708354: could not fetch metadata.
[2026-06-24T09:48:31.561+0000] {logging_mixin.py:190} INFO - Skipping movie 1708369: could not fetch metadata.
[2026-06-24T09:48:32.549+0000] {logging_mixin.py:190} INFO - Skipping movie 1719515: could not fetch metadata.
[2026-06-24T09:48:35.788+0000] {logging_mixin.py:190} INFO - Skipping movie 1708582: could not fetch metadata.
[2026-06-24T09:48:41.146+0000] {logging_mixin.py:190} INFO - Skipping movie 1708842: could not fetch metadata.
[2026-06-24T09:48:43.530+0000] {logging_mixin.py:190} INFO - Skipping movie 1184680: could not fetch metadata.
[2026-06-24T09:48:43.753+0000] {logging_mixin.py:190} INFO - Skipping movie 1184690: could not fetch metadata.
[2026-06-24T09:48:46.205+0000] {logging_mixin.py:190} INFO - Skipping movie 1709272: could not fetch metadata.
[2026-06-24T09:48:46.812+0000] {logging_mixin.py:190} INFO - Skipping movie 1447164: could not fetch metadata.
[2026-06-24T09:48:48.874+0000] {logging_mixin.py:190} INFO - Skipping movie 1709512: could not fetch metadata.
[2026-06-24T09:48:53.913+0000] {logging_mixin.py:190} INFO - Skipping movie 1447586: could not fetch metadata.
[2026-06-24T09:49:01.080+0000] {logging_mixin.py:190} INFO - Skipping movie 1710421: could not fetch metadata.
[2026-06-24T09:49:06.604+0000] {logging_mixin.py:190} INFO - Skipping movie 1710912: could not fetch metadata.
[2026-06-24T09:49:06.813+0000] {logging_mixin.py:190} INFO - Skipping movie 1710925: could not fetch metadata.
[2026-06-24T09:49:06.975+0000] {logging_mixin.py:190} INFO - Skipping movie 1710933: could not fetch metadata.
[2026-06-24T09:49:07.224+0000] {logging_mixin.py:190} INFO - Skipping movie 1710973: could not fetch metadata.
[2026-06-24T09:49:07.227+0000] {logging_mixin.py:190} INFO - Skipping movie 1710970: could not fetch metadata.
[2026-06-24T09:49:07.412+0000] {logging_mixin.py:190} INFO - Skipping movie 793502: could not fetch metadata.
[2026-06-24T09:49:09.130+0000] {logging_mixin.py:190} INFO - Skipping movie 1711197: could not fetch metadata.
[2026-06-24T09:49:09.276+0000] {logging_mixin.py:190} INFO - Skipping movie 1711211: could not fetch metadata.
[2026-06-24T09:49:09.991+0000] {logging_mixin.py:190} INFO - Skipping movie 662704: could not fetch metadata.
[2026-06-24T09:49:10.000+0000] {logging_mixin.py:190} INFO - Skipping movie 662703: could not fetch metadata.
[2026-06-24T09:49:10.082+0000] {logging_mixin.py:190} INFO - Skipping movie 662706: could not fetch metadata.
[2026-06-24T09:49:10.282+0000] {logging_mixin.py:190} INFO - Skipping movie 662725: could not fetch metadata.
[2026-06-24T09:49:13.068+0000] {logging_mixin.py:190} INFO - Skipping movie 1711593: could not fetch metadata.
[2026-06-24T09:49:15.625+0000] {logging_mixin.py:190} INFO - Skipping movie 1711811: could not fetch metadata.
[2026-06-24T09:49:15.817+0000] {logging_mixin.py:190} INFO - Skipping movie 1711825: could not fetch metadata.
[2026-06-24T09:49:16.955+0000] {logging_mixin.py:190} INFO - Skipping movie 1711901: could not fetch metadata.
[2026-06-24T09:49:17.019+0000] {logging_mixin.py:190} INFO - Skipping movie 1711905: could not fetch metadata.
[2026-06-24T09:49:18.493+0000] {logging_mixin.py:190} INFO - Skipping movie 1712013: could not fetch metadata.
[2026-06-24T09:49:18.656+0000] {logging_mixin.py:190} INFO - Skipping movie 1712024: could not fetch metadata.
[2026-06-24T09:49:18.705+0000] {logging_mixin.py:190} INFO - Skipping movie 1712033: could not fetch metadata.
[2026-06-24T09:49:19.070+0000] {logging_mixin.py:190} INFO - Skipping movie 1712047: could not fetch metadata.
[2026-06-24T09:49:20.144+0000] {logging_mixin.py:190} INFO - Skipping movie 1712177: could not fetch metadata.
[2026-06-24T09:49:22.149+0000] {logging_mixin.py:190} INFO - Skipping movie 1712296: could not fetch metadata.
[2026-06-24T09:49:24.018+0000] {logging_mixin.py:190} INFO - Skipping movie 1712436: could not fetch metadata.
[2026-06-24T09:49:26.871+0000] {logging_mixin.py:190} INFO - Skipping movie 1057289: could not fetch metadata.
[2026-06-24T09:49:29.257+0000] {logging_mixin.py:190} INFO - Skipping movie 1712821: could not fetch metadata.
[2026-06-24T09:49:29.565+0000] {logging_mixin.py:190} INFO - Skipping movie 1450694: could not fetch metadata.
[2026-06-24T09:49:30.432+0000] {logging_mixin.py:190} INFO - Skipping movie 1188622: could not fetch metadata.
[2026-06-24T09:49:31.468+0000] {logging_mixin.py:190} INFO - Skipping movie 1581891: could not fetch metadata.
[2026-06-24T09:49:34.691+0000] {logging_mixin.py:190} INFO - Skipping movie 1713133: could not fetch metadata.
[2026-06-24T09:49:41.123+0000] {logging_mixin.py:190} INFO - Skipping movie 1713351: could not fetch metadata.
[2026-06-24T09:49:42.603+0000] {logging_mixin.py:190} INFO - Skipping movie 1713403: could not fetch metadata.
[2026-06-24T09:49:43.430+0000] {logging_mixin.py:190} INFO - Skipping movie 1582364: could not fetch metadata.
[2026-06-24T09:49:46.455+0000] {logging_mixin.py:190} INFO - Skipping movie 1713562: could not fetch metadata.
[2026-06-24T09:49:53.026+0000] {logging_mixin.py:190} INFO - Skipping movie 1713769: could not fetch metadata.
[2026-06-24T09:49:53.315+0000] {logging_mixin.py:190} INFO - Skipping movie 927348: could not fetch metadata.
[2026-06-24T09:49:53.540+0000] {logging_mixin.py:190} INFO - Skipping movie 1713803: could not fetch metadata.
[2026-06-24T09:49:53.893+0000] {logging_mixin.py:190} INFO - Skipping movie 1582745: could not fetch metadata.
[2026-06-24T09:49:55.635+0000] {logging_mixin.py:190} INFO - Skipping movie 1713883: could not fetch metadata.
[2026-06-24T09:49:55.646+0000] {logging_mixin.py:190} INFO - Skipping movie 1713885: could not fetch metadata.
[2026-06-24T09:50:03.071+0000] {logging_mixin.py:190} INFO - Skipping movie 1714205: could not fetch metadata.
[2026-06-24T09:50:04.090+0000] {logging_mixin.py:190} INFO - Skipping movie 1714250: could not fetch metadata.
[2026-06-24T09:50:04.327+0000] {logging_mixin.py:190} INFO - Skipping movie 1714262: could not fetch metadata.
[2026-06-24T09:50:04.619+0000] {logging_mixin.py:190} INFO - Skipping movie 1714267: could not fetch metadata.
[2026-06-24T09:50:04.665+0000] {logging_mixin.py:190} INFO - Skipping movie 1714271: could not fetch metadata.
[2026-06-24T09:50:06.091+0000] {logging_mixin.py:190} INFO - Skipping movie 1714369: could not fetch metadata.
[2026-06-24T09:50:07.046+0000] {logging_mixin.py:190} INFO - Skipping movie 1714424: could not fetch metadata.
[2026-06-24T09:50:07.286+0000] {logging_mixin.py:190} INFO - Skipping movie 1714434: could not fetch metadata.
[2026-06-24T09:50:10.593+0000] {logging_mixin.py:190} INFO - Skipping movie 1714600: could not fetch metadata.
[2026-06-24T09:50:11.903+0000] {logging_mixin.py:190} INFO - Skipping movie 1714640: could not fetch metadata.
[2026-06-24T09:50:12.827+0000] {logging_mixin.py:190} INFO - Skipping movie 1714696: could not fetch metadata.
[2026-06-24T09:50:13.216+0000] {logging_mixin.py:190} INFO - Skipping movie 1714714: could not fetch metadata.
[2026-06-24T09:50:15.138+0000] {logging_mixin.py:190} INFO - Skipping movie 1714814: could not fetch metadata.
[2026-06-24T09:50:16.260+0000] {logging_mixin.py:190} INFO - Skipping movie 1714889: could not fetch metadata.
[2026-06-24T09:50:17.941+0000] {logging_mixin.py:190} INFO - Skipping movie 1714966: could not fetch metadata.
[2026-06-24T09:50:20.993+0000] {logging_mixin.py:190} INFO - Skipping movie 1715084: could not fetch metadata.
[2026-06-24T09:50:22.410+0000] {logging_mixin.py:190} INFO - Skipping movie 1715146: could not fetch metadata.
[2026-06-24T09:50:23.827+0000] {logging_mixin.py:190} INFO - Skipping movie 1715204: could not fetch metadata.
[2026-06-24T09:50:23.851+0000] {logging_mixin.py:190} INFO - Skipping movie 1715205: could not fetch metadata.
[2026-06-24T09:50:23.884+0000] {logging_mixin.py:190} INFO - Skipping movie 1715209: could not fetch metadata.
[2026-06-24T09:50:24.014+0000] {logging_mixin.py:190} INFO - Skipping movie 1715213: could not fetch metadata.
[2026-06-24T09:50:24.235+0000] {logging_mixin.py:190} INFO - Skipping movie 1715223: could not fetch metadata.
[2026-06-24T09:50:24.715+0000] {logging_mixin.py:190} INFO - Skipping movie 1715244: could not fetch metadata.
[2026-06-24T09:50:25.022+0000] {logging_mixin.py:190} INFO - Skipping movie 1715259: could not fetch metadata.
[2026-06-24T09:50:26.667+0000] {logging_mixin.py:190} INFO - Skipping movie 1715329: could not fetch metadata.
[2026-06-24T09:50:26.713+0000] {logging_mixin.py:190} INFO - Skipping movie 1715337: could not fetch metadata.
[2026-06-24T09:50:28.583+0000] {logging_mixin.py:190} INFO - Skipping movie 1715395: could not fetch metadata.
[2026-06-24T09:50:32.519+0000] {logging_mixin.py:190} INFO - Skipping movie 1715533: could not fetch metadata.
[2026-06-24T09:50:35.008+0000] {logging_mixin.py:190} INFO - Skipping movie 1715617: could not fetch metadata.
[2026-06-24T09:50:35.321+0000] {logging_mixin.py:190} INFO - Skipping movie 1715631: could not fetch metadata.
[2026-06-24T09:50:35.537+0000] {logging_mixin.py:190} INFO - Skipping movie 1715639: could not fetch metadata.
[2026-06-24T09:50:35.663+0000] {logging_mixin.py:190} INFO - Skipping movie 1715643: could not fetch metadata.
[2026-06-24T09:50:35.755+0000] {logging_mixin.py:190} INFO - Skipping movie 1715644: could not fetch metadata.
[2026-06-24T09:50:35.895+0000] {logging_mixin.py:190} INFO - Skipping movie 1715647: could not fetch metadata.
[2026-06-24T09:50:35.981+0000] {logging_mixin.py:190} INFO - Skipping movie 1715650: could not fetch metadata.
[2026-06-24T09:50:36.010+0000] {logging_mixin.py:190} INFO - Skipping movie 1715652: could not fetch metadata.
[2026-06-24T09:50:36.269+0000] {logging_mixin.py:190} INFO - Skipping movie 1715658: could not fetch metadata.
[2026-06-24T09:50:36.323+0000] {logging_mixin.py:190} INFO - Skipping movie 1715662: could not fetch metadata.
[2026-06-24T09:50:36.344+0000] {logging_mixin.py:190} INFO - Skipping movie 1715664: could not fetch metadata.
[2026-06-24T09:50:36.412+0000] {logging_mixin.py:190} INFO - Skipping movie 1715666: could not fetch metadata.
[2026-06-24T09:50:36.435+0000] {logging_mixin.py:190} INFO - Skipping movie 1715667: could not fetch metadata.
[2026-06-24T09:50:36.512+0000] {logging_mixin.py:190} INFO - Skipping movie 1715668: could not fetch metadata.
[2026-06-24T09:50:36.625+0000] {logging_mixin.py:190} INFO - Skipping movie 1715669: could not fetch metadata.
[2026-06-24T09:50:36.706+0000] {logging_mixin.py:190} INFO - Skipping movie 1715671: could not fetch metadata.
[2026-06-24T09:50:36.801+0000] {logging_mixin.py:190} INFO - Skipping movie 1715673: could not fetch metadata.
[2026-06-24T09:50:36.835+0000] {logging_mixin.py:190} INFO - Skipping movie 1715679: could not fetch metadata.
[2026-06-24T09:50:36.872+0000] {logging_mixin.py:190} INFO - Skipping movie 1715681: could not fetch metadata.
[2026-06-24T09:50:37.257+0000] {logging_mixin.py:190} INFO - Skipping movie 1715694: could not fetch metadata.
[2026-06-24T09:50:37.286+0000] {logging_mixin.py:190} INFO - Skipping movie 1715695: could not fetch metadata.
[2026-06-24T09:50:37.467+0000] {logging_mixin.py:190} INFO - Skipping movie 1715699: could not fetch metadata.
[2026-06-24T09:50:37.468+0000] {logging_mixin.py:190} INFO - Skipping movie 1715698: could not fetch metadata.
[2026-06-24T09:50:37.632+0000] {logging_mixin.py:190} INFO - Skipping movie 1715700: could not fetch metadata.
[2026-06-24T09:50:37.777+0000] {logging_mixin.py:190} INFO - Skipping movie 1715705: could not fetch metadata.
[2026-06-24T09:50:37.965+0000] {logging_mixin.py:190} INFO - Skipping movie 1715707: could not fetch metadata.
[2026-06-24T09:50:38.178+0000] {logging_mixin.py:190} INFO - Skipping movie 1715710: could not fetch metadata.
[2026-06-24T09:50:38.264+0000] {logging_mixin.py:190} INFO - Skipping movie 1715713: could not fetch metadata.
[2026-06-24T09:50:38.528+0000] {logging_mixin.py:190} INFO - Skipping movie 1715718: could not fetch metadata.
[2026-06-24T09:50:38.530+0000] {logging_mixin.py:190} INFO - Skipping movie 1715717: could not fetch metadata.
[2026-06-24T09:50:38.534+0000] {logging_mixin.py:190} INFO - Skipping movie 1715719: could not fetch metadata.
[2026-06-24T09:50:38.644+0000] {logging_mixin.py:190} INFO - Skipping movie 1715721: could not fetch metadata.
[2026-06-24T09:50:38.792+0000] {logging_mixin.py:190} INFO - Skipping movie 1715727: could not fetch metadata.
[2026-06-24T09:50:38.857+0000] {logging_mixin.py:190} INFO - Skipping movie 1715729: could not fetch metadata.
[2026-06-24T09:50:38.901+0000] {logging_mixin.py:190} INFO - Skipping movie 1715731: could not fetch metadata.
[2026-06-24T09:50:39.000+0000] {logging_mixin.py:190} INFO - Skipping movie 1715733: could not fetch metadata.
[2026-06-24T09:50:39.097+0000] {logging_mixin.py:190} INFO - Skipping movie 1715736: could not fetch metadata.
[2026-06-24T09:50:39.195+0000] {logging_mixin.py:190} INFO - Skipping movie 1715738: could not fetch metadata.
[2026-06-24T09:50:39.419+0000] {logging_mixin.py:190} INFO - Skipping movie 1715744: could not fetch metadata.
[2026-06-24T09:50:39.576+0000] {logging_mixin.py:190} INFO - Skipping movie 1715749: could not fetch metadata.
[2026-06-24T09:50:39.666+0000] {logging_mixin.py:190} INFO - Skipping movie 1715751: could not fetch metadata.
[2026-06-24T09:50:39.949+0000] {logging_mixin.py:190} INFO - Skipping movie 1715759: could not fetch metadata.
[2026-06-24T09:50:40.597+0000] {logging_mixin.py:190} INFO - Skipping movie 1715773: could not fetch metadata.
[2026-06-24T09:50:40.694+0000] {logging_mixin.py:190} INFO - Skipping movie 1715775: could not fetch metadata.
[2026-06-24T09:50:40.946+0000] {logging_mixin.py:190} INFO - Skipping movie 1715780: could not fetch metadata.
[2026-06-24T09:50:40.980+0000] {logging_mixin.py:190} INFO - Skipping movie 1715782: could not fetch metadata.
[2026-06-24T09:50:41.099+0000] {logging_mixin.py:190} INFO - Skipping movie 1715785: could not fetch metadata.
[2026-06-24T09:50:41.328+0000] {logging_mixin.py:190} INFO - Skipping movie 1715787: could not fetch metadata.
[2026-06-24T09:50:41.413+0000] {logging_mixin.py:190} INFO - Skipping movie 1715791: could not fetch metadata.
[2026-06-24T09:50:41.855+0000] {logging_mixin.py:190} INFO - Skipping movie 1715809: could not fetch metadata.
[2026-06-24T09:50:44.189+0000] {logging_mixin.py:190} INFO - Skipping movie 1715883: could not fetch metadata.
[2026-06-24T09:50:45.478+0000] {logging_mixin.py:190} INFO - Skipping movie 1715909: could not fetch metadata.
[2026-06-24T09:50:46.187+0000] {logging_mixin.py:190} INFO - Skipping movie 1715924: could not fetch metadata.
[2026-06-24T09:50:46.434+0000] {logging_mixin.py:190} INFO - Skipping movie 1715928: could not fetch metadata.
[2026-06-24T09:50:46.863+0000] {logging_mixin.py:190} INFO - Skipping movie 1715938: could not fetch metadata.
[2026-06-24T09:50:46.941+0000] {logging_mixin.py:190} INFO - Skipping movie 1715940: could not fetch metadata.
[2026-06-24T09:50:47.182+0000] {logging_mixin.py:190} INFO - Skipping movie 1715946: could not fetch metadata.
[2026-06-24T09:50:47.368+0000] {logging_mixin.py:190} INFO - Skipping movie 1715948: could not fetch metadata.
[2026-06-24T09:50:48.096+0000] {logging_mixin.py:190} INFO - Skipping movie 1715968: could not fetch metadata.
[2026-06-24T09:50:48.520+0000] {logging_mixin.py:190} INFO - Skipping movie 1715979: could not fetch metadata.
[2026-06-24T09:50:50.603+0000] {logging_mixin.py:190} INFO - Skipping movie 1716021: could not fetch metadata.
[2026-06-24T09:50:51.973+0000] {logging_mixin.py:190} INFO - Skipping movie 1716048: could not fetch metadata.
[2026-06-24T09:50:54.646+0000] {logging_mixin.py:190} INFO - Skipping movie 1716095: could not fetch metadata.
[2026-06-24T09:50:55.035+0000] {logging_mixin.py:190} INFO - Skipping movie 1716103: could not fetch metadata.
[2026-06-24T09:50:55.092+0000] {logging_mixin.py:190} INFO - Skipping movie 1716105: could not fetch metadata.
[2026-06-24T09:50:55.397+0000] {logging_mixin.py:190} INFO - Skipping movie 1716109: could not fetch metadata.
[2026-06-24T09:50:55.476+0000] {logging_mixin.py:190} INFO - Skipping movie 1716113: could not fetch metadata.
[2026-06-24T09:50:55.583+0000] {logging_mixin.py:190} INFO - Skipping movie 1716112: could not fetch metadata.
[2026-06-24T09:50:55.771+0000] {logging_mixin.py:190} INFO - Skipping movie 1716116: could not fetch metadata.
[2026-06-24T09:50:55.846+0000] {logging_mixin.py:190} INFO - Skipping movie 1716119: could not fetch metadata.
[2026-06-24T09:50:56.139+0000] {logging_mixin.py:190} INFO - Skipping movie 1716124: could not fetch metadata.
[2026-06-24T09:50:56.238+0000] {logging_mixin.py:190} INFO - Skipping movie 1716127: could not fetch metadata.
[2026-06-24T09:50:56.410+0000] {logging_mixin.py:190} INFO - Skipping movie 1716130: could not fetch metadata.
[2026-06-24T09:50:56.573+0000] {logging_mixin.py:190} INFO - Skipping movie 1716133: could not fetch metadata.
[2026-06-24T09:50:56.707+0000] {logging_mixin.py:190} INFO - Skipping movie 1716139: could not fetch metadata.
[2026-06-24T09:50:57.101+0000] {logging_mixin.py:190} INFO - Skipping movie 1716147: could not fetch metadata.
[2026-06-24T09:50:57.314+0000] {logging_mixin.py:190} INFO - Skipping movie 1716150: could not fetch metadata.
[2026-06-24T09:50:57.500+0000] {logging_mixin.py:190} INFO - Skipping movie 1716155: could not fetch metadata.
[2026-06-24T09:50:57.878+0000] {logging_mixin.py:190} INFO - Skipping movie 1716162: could not fetch metadata.
[2026-06-24T09:50:57.886+0000] {logging_mixin.py:190} INFO - Skipping movie 1716161: could not fetch metadata.
[2026-06-24T09:50:58.002+0000] {logging_mixin.py:190} INFO - Skipping movie 1716165: could not fetch metadata.
[2026-06-24T09:50:58.326+0000] {logging_mixin.py:190} INFO - Skipping movie 1716169: could not fetch metadata.
[2026-06-24T09:50:58.337+0000] {logging_mixin.py:190} INFO - Skipping movie 1716173: could not fetch metadata.
[2026-06-24T09:50:58.702+0000] {logging_mixin.py:190} INFO - Skipping movie 1716181: could not fetch metadata.
[2026-06-24T09:50:59.187+0000] {logging_mixin.py:190} INFO - Skipping movie 1716183: could not fetch metadata.
[2026-06-24T09:50:59.271+0000] {logging_mixin.py:190} INFO - Skipping movie 1716186: could not fetch metadata.
[2026-06-24T09:50:59.305+0000] {logging_mixin.py:190} INFO - Skipping movie 1716190: could not fetch metadata.
[2026-06-24T09:50:59.480+0000] {logging_mixin.py:190} INFO - Skipping movie 1716191: could not fetch metadata.
[2026-06-24T09:50:59.665+0000] {logging_mixin.py:190} INFO - Skipping movie 1716196: could not fetch metadata.
[2026-06-24T09:50:59.681+0000] {logging_mixin.py:190} INFO - Skipping movie 1716194: could not fetch metadata.
[2026-06-24T09:50:59.825+0000] {logging_mixin.py:190} INFO - Skipping movie 1716202: could not fetch metadata.
[2026-06-24T09:50:59.933+0000] {logging_mixin.py:190} INFO - Skipping movie 1716199: could not fetch metadata.
[2026-06-24T09:51:00.056+0000] {logging_mixin.py:190} INFO - Skipping movie 1716205: could not fetch metadata.
[2026-06-24T09:51:00.475+0000] {logging_mixin.py:190} INFO - Skipping movie 1716216: could not fetch metadata.
[2026-06-24T09:51:00.603+0000] {logging_mixin.py:190} INFO - Skipping movie 1716221: could not fetch metadata.
[2026-06-24T09:51:00.678+0000] {logging_mixin.py:190} INFO - Skipping movie 1716219: could not fetch metadata.
[2026-06-24T09:51:00.820+0000] {logging_mixin.py:190} INFO - Skipping movie 1716220: could not fetch metadata.
[2026-06-24T09:51:00.939+0000] {logging_mixin.py:190} INFO - Skipping movie 1716227: could not fetch metadata.
[2026-06-24T09:51:00.953+0000] {logging_mixin.py:190} INFO - Skipping movie 1716228: could not fetch metadata.
[2026-06-24T09:51:00.999+0000] {logging_mixin.py:190} INFO - Skipping movie 1716229: could not fetch metadata.
[2026-06-24T09:51:01.243+0000] {logging_mixin.py:190} INFO - Skipping movie 1716231: could not fetch metadata.
[2026-06-24T09:51:01.289+0000] {logging_mixin.py:190} INFO - Skipping movie 1716236: could not fetch metadata.
[2026-06-24T09:51:01.382+0000] {logging_mixin.py:190} INFO - Skipping movie 1716239: could not fetch metadata.
[2026-06-24T09:51:01.870+0000] {logging_mixin.py:190} INFO - Skipping movie 1716243: could not fetch metadata.
[2026-06-24T09:51:02.337+0000] {logging_mixin.py:190} INFO - Skipping movie 1716248: could not fetch metadata.
[2026-06-24T09:51:02.571+0000] {logging_mixin.py:190} INFO - Skipping movie 1716252: could not fetch metadata.
[2026-06-24T09:51:02.902+0000] {logging_mixin.py:190} INFO - Skipping movie 1716261: could not fetch metadata.
[2026-06-24T09:51:02.939+0000] {logging_mixin.py:190} INFO - Skipping movie 1716262: could not fetch metadata.
[2026-06-24T09:51:04.186+0000] {logging_mixin.py:190} INFO - Skipping movie 1716282: could not fetch metadata.
[2026-06-24T09:51:04.245+0000] {logging_mixin.py:190} INFO - Skipping movie 1716285: could not fetch metadata.
[2026-06-24T09:51:04.427+0000] {logging_mixin.py:190} INFO - Skipping movie 1716290: could not fetch metadata.
[2026-06-24T09:51:04.454+0000] {logging_mixin.py:190} INFO - Skipping movie 1716289: could not fetch metadata.
[2026-06-24T09:51:04.604+0000] {logging_mixin.py:190} INFO - Skipping movie 1716296: could not fetch metadata.
[2026-06-24T09:51:04.838+0000] {logging_mixin.py:190} INFO - Skipping movie 1716300: could not fetch metadata.
[2026-06-24T09:51:05.166+0000] {logging_mixin.py:190} INFO - Skipping movie 1716310: could not fetch metadata.
[2026-06-24T09:51:05.355+0000] {logging_mixin.py:190} INFO - Skipping movie 1716308: could not fetch metadata.
[2026-06-24T09:51:05.611+0000] {logging_mixin.py:190} INFO - Skipping movie 1716321: could not fetch metadata.
[2026-06-24T09:51:05.624+0000] {logging_mixin.py:190} INFO - Skipping movie 1716315: could not fetch metadata.
[2026-06-24T09:51:05.878+0000] {logging_mixin.py:190} INFO - Skipping movie 1716325: could not fetch metadata.
[2026-06-24T09:51:06.000+0000] {logging_mixin.py:190} INFO - Skipping movie 1716328: could not fetch metadata.
[2026-06-24T09:51:06.007+0000] {logging_mixin.py:190} INFO - Skipping movie 1716332: could not fetch metadata.
[2026-06-24T09:51:06.232+0000] {logging_mixin.py:190} INFO - Skipping movie 1716336: could not fetch metadata.
[2026-06-24T09:51:06.568+0000] {logging_mixin.py:190} INFO - Skipping movie 1716338: could not fetch metadata.
[2026-06-24T09:51:06.588+0000] {logging_mixin.py:190} INFO - Skipping movie 1716339: could not fetch metadata.
[2026-06-24T09:51:06.812+0000] {logging_mixin.py:190} INFO - Skipping movie 1716349: could not fetch metadata.
[2026-06-24T09:51:07.054+0000] {logging_mixin.py:190} INFO - Skipping movie 1716355: could not fetch metadata.
[2026-06-24T09:51:07.108+0000] {logging_mixin.py:190} INFO - Skipping movie 1716357: could not fetch metadata.
[2026-06-24T09:51:07.407+0000] {logging_mixin.py:190} INFO - Skipping movie 1716364: could not fetch metadata.
[2026-06-24T09:51:07.492+0000] {logging_mixin.py:190} INFO - Skipping movie 1716366: could not fetch metadata.
[2026-06-24T09:51:07.526+0000] {logging_mixin.py:190} INFO - Skipping movie 1716361: could not fetch metadata.
[2026-06-24T09:51:07.721+0000] {logging_mixin.py:190} INFO - Skipping movie 1716369: could not fetch metadata.
[2026-06-24T09:51:07.832+0000] {logging_mixin.py:190} INFO - Skipping movie 1716371: could not fetch metadata.
[2026-06-24T09:51:07.947+0000] {logging_mixin.py:190} INFO - Skipping movie 1716374: could not fetch metadata.
[2026-06-24T09:51:08.014+0000] {logging_mixin.py:190} INFO - Skipping movie 1716375: could not fetch metadata.
[2026-06-24T09:51:08.066+0000] {logging_mixin.py:190} INFO - Skipping movie 1716380: could not fetch metadata.
[2026-06-24T09:51:08.181+0000] {logging_mixin.py:190} INFO - Skipping movie 1716377: could not fetch metadata.
[2026-06-24T09:51:08.207+0000] {logging_mixin.py:190} INFO - Skipping movie 1716378: could not fetch metadata.
[2026-06-24T09:51:08.426+0000] {logging_mixin.py:190} INFO - Skipping movie 1716386: could not fetch metadata.
[2026-06-24T09:51:08.455+0000] {logging_mixin.py:190} INFO - Skipping movie 1716387: could not fetch metadata.
[2026-06-24T09:51:08.548+0000] {logging_mixin.py:190} INFO - Skipping movie 1716393: could not fetch metadata.
[2026-06-24T09:51:08.828+0000] {logging_mixin.py:190} INFO - Skipping movie 1716396: could not fetch metadata.
[2026-06-24T09:51:09.061+0000] {logging_mixin.py:190} INFO - Skipping movie 1716398: could not fetch metadata.
[2026-06-24T09:51:09.085+0000] {logging_mixin.py:190} INFO - Skipping movie 1716405: could not fetch metadata.
[2026-06-24T09:51:09.178+0000] {logging_mixin.py:190} INFO - Skipping movie 1716407: could not fetch metadata.
[2026-06-24T09:51:09.364+0000] {logging_mixin.py:190} INFO - Skipping movie 1716411: could not fetch metadata.
[2026-06-24T09:51:09.532+0000] {logging_mixin.py:190} INFO - Skipping movie 1716415: could not fetch metadata.
[2026-06-24T09:51:09.563+0000] {logging_mixin.py:190} INFO - Skipping movie 1716417: could not fetch metadata.
[2026-06-24T09:51:09.857+0000] {logging_mixin.py:190} INFO - Skipping movie 1716423: could not fetch metadata.
[2026-06-24T09:51:10.606+0000] {logging_mixin.py:190} INFO - Skipping movie 1716435: could not fetch metadata.
[2026-06-24T09:51:10.700+0000] {logging_mixin.py:190} INFO - Skipping movie 1716438: could not fetch metadata.
[2026-06-24T09:51:11.402+0000] {logging_mixin.py:190} INFO - Skipping movie 1716461: could not fetch metadata.
[2026-06-24T09:51:11.610+0000] {logging_mixin.py:190} INFO - Skipping movie 1716464: could not fetch metadata.
[2026-06-24T09:51:11.681+0000] {logging_mixin.py:190} INFO - Skipping movie 1716466: could not fetch metadata.
[2026-06-24T09:51:11.710+0000] {logging_mixin.py:190} INFO - Skipping movie 1716467: could not fetch metadata.
[2026-06-24T09:51:11.798+0000] {logging_mixin.py:190} INFO - Skipping movie 1716468: could not fetch metadata.
[2026-06-24T09:51:11.830+0000] {logging_mixin.py:190} INFO - Skipping movie 1716469: could not fetch metadata.
[2026-06-24T09:51:11.928+0000] {logging_mixin.py:190} INFO - Skipping movie 1716471: could not fetch metadata.
[2026-06-24T09:51:12.062+0000] {logging_mixin.py:190} INFO - Skipping movie 1716476: could not fetch metadata.
[2026-06-24T09:51:12.069+0000] {logging_mixin.py:190} INFO - Skipping movie 1716472: could not fetch metadata.
[2026-06-24T09:51:12.070+0000] {logging_mixin.py:190} INFO - Skipping movie 1716473: could not fetch metadata.
[2026-06-24T09:51:12.126+0000] {logging_mixin.py:190} INFO - Skipping movie 1716477: could not fetch metadata.
[2026-06-24T09:51:12.207+0000] {logging_mixin.py:190} INFO - Skipping movie 1716474: could not fetch metadata.
[2026-06-24T09:51:12.314+0000] {logging_mixin.py:190} INFO - Skipping movie 1716479: could not fetch metadata.
[2026-06-24T09:51:12.317+0000] {logging_mixin.py:190} INFO - Skipping movie 1716475: could not fetch metadata.
[2026-06-24T09:51:12.368+0000] {logging_mixin.py:190} INFO - Skipping movie 1716480: could not fetch metadata.
[2026-06-24T09:51:12.432+0000] {logging_mixin.py:190} INFO - Skipping movie 1716484: could not fetch metadata.
[2026-06-24T09:51:12.448+0000] {logging_mixin.py:190} INFO - Skipping movie 1716481: could not fetch metadata.
[2026-06-24T09:51:12.484+0000] {logging_mixin.py:190} INFO - Skipping movie 1716485: could not fetch metadata.
[2026-06-24T09:51:12.487+0000] {logging_mixin.py:190} INFO - Skipping movie 1716486: could not fetch metadata.
[2026-06-24T09:51:12.526+0000] {logging_mixin.py:190} INFO - Skipping movie 1716487: could not fetch metadata.
[2026-06-24T09:51:12.584+0000] {logging_mixin.py:190} INFO - Skipping movie 1716488: could not fetch metadata.
[2026-06-24T09:51:12.666+0000] {logging_mixin.py:190} INFO - Skipping movie 1716489: could not fetch metadata.
[2026-06-24T09:51:12.671+0000] {logging_mixin.py:190} INFO - Skipping movie 1716490: could not fetch metadata.
[2026-06-24T09:51:12.688+0000] {logging_mixin.py:190} INFO - Skipping movie 1716492: could not fetch metadata.
[2026-06-24T09:51:12.686+0000] {logging_mixin.py:190} INFO - Skipping movie 1716491: could not fetch metadata.
[2026-06-24T09:51:12.786+0000] {logging_mixin.py:190} INFO - Skipping movie 1716494: could not fetch metadata.
[2026-06-24T09:51:12.800+0000] {logging_mixin.py:190} INFO - Skipping movie 1716495: could not fetch metadata.
[2026-06-24T09:51:12.915+0000] {logging_mixin.py:190} INFO - Skipping movie 1716498: could not fetch metadata.
[2026-06-24T09:51:13.031+0000] {logging_mixin.py:190} INFO - Skipping movie 1716499: could not fetch metadata.
[2026-06-24T09:51:13.047+0000] {logging_mixin.py:190} INFO - Skipping movie 1716500: could not fetch metadata.
[2026-06-24T09:51:13.054+0000] {logging_mixin.py:190} INFO - Skipping movie 1716501: could not fetch metadata.
[2026-06-24T09:51:14.389+0000] {logging_mixin.py:190} INFO - Skipping movie 1716527: could not fetch metadata.
[2026-06-24T09:51:16.572+0000] {logging_mixin.py:190} INFO - Skipping movie 1716577: could not fetch metadata.
[2026-06-24T09:51:19.964+0000] {logging_mixin.py:190} INFO - Skipping movie 1716657: could not fetch metadata.
[2026-06-24T09:51:20.559+0000] {logging_mixin.py:190} INFO - Skipping movie 1716670: could not fetch metadata.
[2026-06-24T09:51:20.748+0000] {logging_mixin.py:190} INFO - Skipping movie 1716673: could not fetch metadata.
[2026-06-24T09:51:22.105+0000] {logging_mixin.py:190} INFO - Skipping movie 1716709: could not fetch metadata.
[2026-06-24T09:51:23.438+0000] {logging_mixin.py:190} INFO - Skipping movie 1716736: could not fetch metadata.
[2026-06-24T09:51:23.631+0000] {logging_mixin.py:190} INFO - Skipping movie 1716741: could not fetch metadata.
[2026-06-24T09:51:23.955+0000] {logging_mixin.py:190} INFO - Skipping movie 1716749: could not fetch metadata.
[2026-06-24T09:51:24.198+0000] {logging_mixin.py:190} INFO - Skipping movie 1716754: could not fetch metadata.
[2026-06-24T09:51:24.240+0000] {logging_mixin.py:190} INFO - Skipping movie 1716755: could not fetch metadata.
[2026-06-24T09:51:24.359+0000] {logging_mixin.py:190} INFO - Skipping movie 1716757: could not fetch metadata.
[2026-06-24T09:51:24.605+0000] {logging_mixin.py:190} INFO - Skipping movie 1716764: could not fetch metadata.
[2026-06-24T09:51:24.779+0000] {logging_mixin.py:190} INFO - Skipping movie 1716769: could not fetch metadata.
[2026-06-24T09:51:24.945+0000] {logging_mixin.py:190} INFO - Skipping movie 1716774: could not fetch metadata.
[2026-06-24T09:51:25.039+0000] {logging_mixin.py:190} INFO - Skipping movie 1716775: could not fetch metadata.
[2026-06-24T09:51:25.301+0000] {logging_mixin.py:190} INFO - Skipping movie 1716780: could not fetch metadata.
[2026-06-24T09:51:25.422+0000] {logging_mixin.py:190} INFO - Skipping movie 1716782: could not fetch metadata.
[2026-06-24T09:51:25.570+0000] {logging_mixin.py:190} INFO - Skipping movie 1716788: could not fetch metadata.
[2026-06-24T09:51:25.590+0000] {logging_mixin.py:190} INFO - Skipping movie 1716790: could not fetch metadata.
[2026-06-24T09:51:25.820+0000] {logging_mixin.py:190} INFO - Skipping movie 1716794: could not fetch metadata.
[2026-06-24T09:51:25.868+0000] {logging_mixin.py:190} INFO - Skipping movie 1716789: could not fetch metadata.
[2026-06-24T09:51:25.869+0000] {logging_mixin.py:190} INFO - Skipping movie 1716797: could not fetch metadata.
[2026-06-24T09:51:25.943+0000] {logging_mixin.py:190} INFO - Skipping movie 1716798: could not fetch metadata.
[2026-06-24T09:51:26.090+0000] {logging_mixin.py:190} INFO - Skipping movie 1716802: could not fetch metadata.
[2026-06-24T09:51:26.125+0000] {logging_mixin.py:190} INFO - Skipping movie 1716796: could not fetch metadata.
[2026-06-24T09:51:26.234+0000] {logging_mixin.py:190} INFO - Skipping movie 1716807: could not fetch metadata.
[2026-06-24T09:51:26.486+0000] {logging_mixin.py:190} INFO - Skipping movie 1716814: could not fetch metadata.
[2026-06-24T09:51:26.536+0000] {logging_mixin.py:190} INFO - Skipping movie 1716815: could not fetch metadata.
[2026-06-24T09:51:26.598+0000] {logging_mixin.py:190} INFO - Skipping movie 1716816: could not fetch metadata.
[2026-06-24T09:51:26.658+0000] {logging_mixin.py:190} INFO - Skipping movie 1716818: could not fetch metadata.
[2026-06-24T09:51:26.884+0000] {logging_mixin.py:190} INFO - Skipping movie 1716823: could not fetch metadata.
[2026-06-24T09:51:27.017+0000] {logging_mixin.py:190} INFO - Skipping movie 1716824: could not fetch metadata.
[2026-06-24T09:51:27.267+0000] {logging_mixin.py:190} INFO - Skipping movie 1716834: could not fetch metadata.
[2026-06-24T09:51:27.427+0000] {logging_mixin.py:190} INFO - Skipping movie 1716827: could not fetch metadata.
[2026-06-24T09:51:28.012+0000] {logging_mixin.py:190} INFO - Skipping movie 1716848: could not fetch metadata.
[2026-06-24T09:51:28.055+0000] {logging_mixin.py:190} INFO - Skipping movie 1716850: could not fetch metadata.
[2026-06-24T09:51:28.240+0000] {logging_mixin.py:190} INFO - Skipping movie 1716854: could not fetch metadata.
[2026-06-24T09:51:28.364+0000] {logging_mixin.py:190} INFO - Skipping movie 1716857: could not fetch metadata.
[2026-06-24T09:51:28.389+0000] {logging_mixin.py:190} INFO - Skipping movie 1716859: could not fetch metadata.
[2026-06-24T09:51:28.469+0000] {logging_mixin.py:190} INFO - Skipping movie 1716861: could not fetch metadata.
[2026-06-24T09:51:28.658+0000] {logging_mixin.py:190} INFO - Skipping movie 1716866: could not fetch metadata.
[2026-06-24T09:51:28.667+0000] {logging_mixin.py:190} INFO - Skipping movie 1716867: could not fetch metadata.
[2026-06-24T09:51:28.720+0000] {logging_mixin.py:190} INFO - Skipping movie 1716870: could not fetch metadata.
[2026-06-24T09:51:28.801+0000] {logging_mixin.py:190} INFO - Skipping movie 1716871: could not fetch metadata.
[2026-06-24T09:51:28.869+0000] {logging_mixin.py:190} INFO - Skipping movie 1716873: could not fetch metadata.
[2026-06-24T09:51:28.991+0000] {logging_mixin.py:190} INFO - Skipping movie 1716876: could not fetch metadata.
[2026-06-24T09:51:29.042+0000] {logging_mixin.py:190} INFO - Skipping movie 1716879: could not fetch metadata.
[2026-06-24T09:51:29.073+0000] {logging_mixin.py:190} INFO - Skipping movie 1716880: could not fetch metadata.
[2026-06-24T09:51:29.186+0000] {logging_mixin.py:190} INFO - Skipping movie 1716882: could not fetch metadata.
[2026-06-24T09:51:29.359+0000] {logging_mixin.py:190} INFO - Skipping movie 1716887: could not fetch metadata.
[2026-06-24T09:51:29.392+0000] {logging_mixin.py:190} INFO - Skipping movie 1716888: could not fetch metadata.
[2026-06-24T09:51:29.494+0000] {logging_mixin.py:190} INFO - Skipping movie 1716891: could not fetch metadata.
[2026-06-24T09:51:29.593+0000] {logging_mixin.py:190} INFO - Skipping movie 1716892: could not fetch metadata.
[2026-06-24T09:51:29.676+0000] {logging_mixin.py:190} INFO - Skipping movie 1716896: could not fetch metadata.
[2026-06-24T09:51:29.706+0000] {logging_mixin.py:190} INFO - Skipping movie 1716897: could not fetch metadata.
[2026-06-24T09:51:29.781+0000] {logging_mixin.py:190} INFO - Skipping movie 1716898: could not fetch metadata.
[2026-06-24T09:51:30.019+0000] {logging_mixin.py:190} INFO - Skipping movie 1716905: could not fetch metadata.
[2026-06-24T09:51:30.215+0000] {logging_mixin.py:190} INFO - Skipping movie 1716912: could not fetch metadata.
[2026-06-24T09:51:30.337+0000] {logging_mixin.py:190} INFO - Skipping movie 1716907: could not fetch metadata.
[2026-06-24T09:51:30.452+0000] {logging_mixin.py:190} INFO - Skipping movie 1716916: could not fetch metadata.
[2026-06-24T09:51:30.761+0000] {logging_mixin.py:190} INFO - Skipping movie 1716924: could not fetch metadata.
[2026-06-24T09:51:30.916+0000] {logging_mixin.py:190} INFO - Skipping movie 1716927: could not fetch metadata.
[2026-06-24T09:51:30.925+0000] {logging_mixin.py:190} INFO - Skipping movie 1716926: could not fetch metadata.
[2026-06-24T09:51:30.942+0000] {logging_mixin.py:190} INFO - Skipping movie 1454784: could not fetch metadata.
[2026-06-24T09:51:31.117+0000] {logging_mixin.py:190} INFO - Skipping movie 1716928: could not fetch metadata.
[2026-06-24T09:51:31.661+0000] {logging_mixin.py:190} INFO - Skipping movie 1716939: could not fetch metadata.
[2026-06-24T09:51:32.006+0000] {logging_mixin.py:190} INFO - Skipping movie 1716947: could not fetch metadata.
[2026-06-24T09:51:32.041+0000] {logging_mixin.py:190} INFO - Skipping movie 1716949: could not fetch metadata.
[2026-06-24T09:51:32.281+0000] {logging_mixin.py:190} INFO - Skipping movie 1716951: could not fetch metadata.
[2026-06-24T09:51:32.524+0000] {logging_mixin.py:190} INFO - Skipping movie 1716958: could not fetch metadata.
[2026-06-24T09:51:32.499+0000] {logging_mixin.py:190} INFO - Skipping movie 1716957: could not fetch metadata.
[2026-06-24T09:51:32.745+0000] {logging_mixin.py:190} INFO - Skipping movie 1716963: could not fetch metadata.
[2026-06-24T09:51:32.856+0000] {logging_mixin.py:190} INFO - Skipping movie 1716967: could not fetch metadata.
[2026-06-24T09:51:32.919+0000] {logging_mixin.py:190} INFO - Skipping movie 1716968: could not fetch metadata.
[2026-06-24T09:51:33.007+0000] {logging_mixin.py:190} INFO - Skipping movie 1716969: could not fetch metadata.
[2026-06-24T09:51:33.097+0000] {logging_mixin.py:190} INFO - Skipping movie 1716972: could not fetch metadata.
[2026-06-24T09:51:33.133+0000] {logging_mixin.py:190} INFO - Skipping movie 1716973: could not fetch metadata.
[2026-06-24T09:51:33.215+0000] {logging_mixin.py:190} INFO - Skipping movie 1716976: could not fetch metadata.
[2026-06-24T09:51:33.336+0000] {logging_mixin.py:190} INFO - Skipping movie 1716978: could not fetch metadata.
[2026-06-24T09:51:33.356+0000] {logging_mixin.py:190} INFO - Skipping movie 1716979: could not fetch metadata.
[2026-06-24T09:51:33.646+0000] {logging_mixin.py:190} INFO - Skipping movie 1716987: could not fetch metadata.
[2026-06-24T09:51:33.775+0000] {logging_mixin.py:190} INFO - Skipping movie 1716991: could not fetch metadata.
[2026-06-24T09:51:33.963+0000] {logging_mixin.py:190} INFO - Skipping movie 1716993: could not fetch metadata.
[2026-06-24T09:51:34.041+0000] {logging_mixin.py:190} INFO - Skipping movie 1716996: could not fetch metadata.
[2026-06-24T09:51:34.115+0000] {logging_mixin.py:190} INFO - Skipping movie 1716997: could not fetch metadata.
[2026-06-24T09:51:34.125+0000] {logging_mixin.py:190} INFO - Skipping movie 1717000: could not fetch metadata.
[2026-06-24T09:51:34.217+0000] {logging_mixin.py:190} INFO - Skipping movie 1717001: could not fetch metadata.
[2026-06-24T09:51:34.397+0000] {logging_mixin.py:190} INFO - Skipping movie 1717004: could not fetch metadata.
[2026-06-24T09:51:34.450+0000] {logging_mixin.py:190} INFO - Skipping movie 1717005: could not fetch metadata.
[2026-06-24T09:51:34.533+0000] {logging_mixin.py:190} INFO - Skipping movie 1717007: could not fetch metadata.
[2026-06-24T09:51:34.545+0000] {logging_mixin.py:190} INFO - Skipping movie 1717009: could not fetch metadata.
[2026-06-24T09:51:34.561+0000] {logging_mixin.py:190} INFO - Skipping movie 1717002: could not fetch metadata.
[2026-06-24T09:51:34.700+0000] {logging_mixin.py:190} INFO - Skipping movie 1717012: could not fetch metadata.
[2026-06-24T09:51:34.829+0000] {logging_mixin.py:190} INFO - Skipping movie 1717016: could not fetch metadata.
[2026-06-24T09:51:34.898+0000] {logging_mixin.py:190} INFO - Skipping movie 1717017: could not fetch metadata.
[2026-06-24T09:51:34.964+0000] {logging_mixin.py:190} INFO - Skipping movie 1717020: could not fetch metadata.
[2026-06-24T09:51:35.172+0000] {logging_mixin.py:190} INFO - Skipping movie 1717022: could not fetch metadata.
[2026-06-24T09:51:35.529+0000] {logging_mixin.py:190} INFO - Skipping movie 1717026: could not fetch metadata.
[2026-06-24T09:51:35.855+0000] {logging_mixin.py:190} INFO - Skipping movie 1717034: could not fetch metadata.
[2026-06-24T09:51:35.882+0000] {logging_mixin.py:190} INFO - Skipping movie 1717033: could not fetch metadata.
[2026-06-24T09:51:35.909+0000] {logging_mixin.py:190} INFO - Skipping movie 1717035: could not fetch metadata.
[2026-06-24T09:51:36.133+0000] {logging_mixin.py:190} INFO - Skipping movie 1717039: could not fetch metadata.
[2026-06-24T09:51:36.150+0000] {logging_mixin.py:190} INFO - Skipping movie 1717041: could not fetch metadata.
[2026-06-24T09:51:36.182+0000] {logging_mixin.py:190} INFO - Skipping movie 1717042: could not fetch metadata.
[2026-06-24T09:51:36.257+0000] {logging_mixin.py:190} INFO - Skipping movie 1717045: could not fetch metadata.
[2026-06-24T09:51:36.420+0000] {logging_mixin.py:190} INFO - Skipping movie 1717047: could not fetch metadata.
[2026-06-24T09:51:36.503+0000] {logging_mixin.py:190} INFO - Skipping movie 1717049: could not fetch metadata.
[2026-06-24T09:51:36.644+0000] {logging_mixin.py:190} INFO - Skipping movie 1717055: could not fetch metadata.
[2026-06-24T09:51:36.659+0000] {logging_mixin.py:190} INFO - Skipping movie 1717057: could not fetch metadata.
[2026-06-24T09:51:36.785+0000] {logging_mixin.py:190} INFO - Skipping movie 1717059: could not fetch metadata.
[2026-06-24T09:51:36.888+0000] {logging_mixin.py:190} INFO - Skipping movie 1717062: could not fetch metadata.
[2026-06-24T09:51:37.495+0000] {logging_mixin.py:190} INFO - Skipping movie 1717063: could not fetch metadata.
[2026-06-24T09:51:37.818+0000] {logging_mixin.py:190} INFO - Skipping movie 1717090: could not fetch metadata.
[2026-06-24T09:51:37.987+0000] {logging_mixin.py:190} INFO - Skipping movie 1717095: could not fetch metadata.
[2026-06-24T09:51:38.341+0000] {logging_mixin.py:190} INFO - Skipping movie 1717102: could not fetch metadata.
[2026-06-24T09:51:39.485+0000] {logging_mixin.py:190} INFO - Skipping movie 1717129: could not fetch metadata.
[2026-06-24T09:51:41.781+0000] {logging_mixin.py:190} INFO - Skipping movie 1717171: could not fetch metadata.
[2026-06-24T09:51:41.837+0000] {logging_mixin.py:190} INFO - Skipping movie 1717172: could not fetch metadata.
[2026-06-24T09:51:42.181+0000] {logging_mixin.py:190} INFO - Skipping movie 1717183: could not fetch metadata.
[2026-06-24T09:51:42.355+0000] {logging_mixin.py:190} INFO - Skipping movie 1717185: could not fetch metadata.
[2026-06-24T09:51:43.260+0000] {logging_mixin.py:190} INFO - Skipping movie 1717203: could not fetch metadata.
[2026-06-24T09:51:43.353+0000] {logging_mixin.py:190} INFO - Skipping movie 1717204: could not fetch metadata.
[2026-06-24T09:51:45.651+0000] {logging_mixin.py:190} INFO - Skipping movie 1717242: could not fetch metadata.
[2026-06-24T09:51:46.273+0000] {logging_mixin.py:190} INFO - Skipping movie 1717257: could not fetch metadata.
[2026-06-24T09:51:46.312+0000] {logging_mixin.py:190} INFO - Skipping movie 1717259: could not fetch metadata.
[2026-06-24T09:51:47.073+0000] {logging_mixin.py:190} INFO - Skipping movie 1717274: could not fetch metadata.
[2026-06-24T09:51:47.105+0000] {logging_mixin.py:190} INFO - Skipping movie 1717276: could not fetch metadata.
[2026-06-24T09:51:47.565+0000] {logging_mixin.py:190} INFO - Skipping movie 1717284: could not fetch metadata.
[2026-06-24T09:51:48.399+0000] {logging_mixin.py:190} INFO - Skipping movie 1717300: could not fetch metadata.
[2026-06-24T09:51:48.411+0000] {logging_mixin.py:190} INFO - Skipping movie 1717301: could not fetch metadata.
[2026-06-24T09:51:48.417+0000] {logging_mixin.py:190} INFO - Skipping movie 1717294: could not fetch metadata.
[2026-06-24T09:51:48.624+0000] {logging_mixin.py:190} INFO - Skipping movie 1717303: could not fetch metadata.
[2026-06-24T09:51:48.968+0000] {logging_mixin.py:190} INFO - Skipping movie 1717312: could not fetch metadata.
[2026-06-24T09:51:49.227+0000] {logging_mixin.py:190} INFO - Skipping movie 1717316: could not fetch metadata.
[2026-06-24T09:51:49.255+0000] {logging_mixin.py:190} INFO - Skipping movie 1717310: could not fetch metadata.
[2026-06-24T09:51:49.412+0000] {logging_mixin.py:190} INFO - Skipping movie 1717319: could not fetch metadata.
[2026-06-24T09:51:49.891+0000] {logging_mixin.py:190} INFO - Skipping movie 1717330: could not fetch metadata.
[2026-06-24T09:51:49.932+0000] {logging_mixin.py:190} INFO - Skipping movie 1717334: could not fetch metadata.
[2026-06-24T09:51:50.301+0000] {logging_mixin.py:190} INFO - Skipping movie 1717342: could not fetch metadata.
[2026-06-24T09:51:50.315+0000] {logging_mixin.py:190} INFO - Skipping movie 1717344: could not fetch metadata.
[2026-06-24T09:51:50.604+0000] {logging_mixin.py:190} INFO - Skipping movie 1717352: could not fetch metadata.
[2026-06-24T09:51:50.853+0000] {logging_mixin.py:190} INFO - Skipping movie 1717355: could not fetch metadata.
[2026-06-24T09:51:51.306+0000] {logging_mixin.py:190} INFO - Skipping movie 1717365: could not fetch metadata.
[2026-06-24T09:51:51.580+0000] {logging_mixin.py:190} INFO - Skipping movie 1717370: could not fetch metadata.
[2026-06-24T09:51:51.584+0000] {logging_mixin.py:190} INFO - Skipping movie 1717374: could not fetch metadata.
[2026-06-24T09:51:51.672+0000] {logging_mixin.py:190} INFO - Skipping movie 1717376: could not fetch metadata.
[2026-06-24T09:51:51.956+0000] {logging_mixin.py:190} INFO - Skipping movie 1717381: could not fetch metadata.
[2026-06-24T09:51:51.992+0000] {logging_mixin.py:190} INFO - Skipping movie 1717378: could not fetch metadata.
[2026-06-24T09:51:52.549+0000] {logging_mixin.py:190} INFO - Skipping movie 1717393: could not fetch metadata.
[2026-06-24T09:51:52.625+0000] {logging_mixin.py:190} INFO - Skipping movie 1717397: could not fetch metadata.
[2026-06-24T09:51:52.808+0000] {logging_mixin.py:190} INFO - Skipping movie 1717399: could not fetch metadata.
[2026-06-24T09:51:52.890+0000] {logging_mixin.py:190} INFO - Skipping movie 1717401: could not fetch metadata.
[2026-06-24T09:51:53.129+0000] {logging_mixin.py:190} INFO - Skipping movie 1717409: could not fetch metadata.
[2026-06-24T09:51:53.135+0000] {logging_mixin.py:190} INFO - Skipping movie 1717410: could not fetch metadata.
[2026-06-24T09:51:53.226+0000] {logging_mixin.py:190} INFO - Skipping movie 1717411: could not fetch metadata.
[2026-06-24T09:51:53.269+0000] {logging_mixin.py:190} INFO - Skipping movie 1717404: could not fetch metadata.
[2026-06-24T09:51:53.271+0000] {logging_mixin.py:190} INFO - Skipping movie 1717406: could not fetch metadata.
[2026-06-24T09:51:53.377+0000] {logging_mixin.py:190} INFO - Skipping movie 1717415: could not fetch metadata.
[2026-06-24T09:51:53.541+0000] {logging_mixin.py:190} INFO - Skipping movie 1717419: could not fetch metadata.
[2026-06-24T09:51:53.617+0000] {logging_mixin.py:190} INFO - Skipping movie 1717414: could not fetch metadata.
[2026-06-24T09:51:53.794+0000] {logging_mixin.py:190} INFO - Skipping movie 1717425: could not fetch metadata.
[2026-06-24T09:51:54.043+0000] {logging_mixin.py:190} INFO - Skipping movie 1717421: could not fetch metadata.
[2026-06-24T09:51:54.086+0000] {logging_mixin.py:190} INFO - Skipping movie 1717431: could not fetch metadata.
[2026-06-24T09:51:54.170+0000] {logging_mixin.py:190} INFO - Skipping movie 1717427: could not fetch metadata.
[2026-06-24T09:51:54.284+0000] {logging_mixin.py:190} INFO - Skipping movie 1717430: could not fetch metadata.
[2026-06-24T09:51:54.303+0000] {logging_mixin.py:190} INFO - Skipping movie 1717434: could not fetch metadata.
[2026-06-24T09:51:54.427+0000] {logging_mixin.py:190} INFO - Skipping movie 1717435: could not fetch metadata.
[2026-06-24T09:51:54.534+0000] {logging_mixin.py:190} INFO - Skipping movie 1717444: could not fetch metadata.
[2026-06-24T09:51:54.542+0000] {logging_mixin.py:190} INFO - Skipping movie 1717443: could not fetch metadata.
[2026-06-24T09:51:54.818+0000] {logging_mixin.py:190} INFO - Skipping movie 1717449: could not fetch metadata.
[2026-06-24T09:51:54.952+0000] {logging_mixin.py:190} INFO - Skipping movie 1717453: could not fetch metadata.
[2026-06-24T09:51:55.016+0000] {logging_mixin.py:190} INFO - Skipping movie 1717447: could not fetch metadata.
[2026-06-24T09:51:55.200+0000] {logging_mixin.py:190} INFO - Skipping movie 1717451: could not fetch metadata.
[2026-06-24T09:51:55.248+0000] {logging_mixin.py:190} INFO - Skipping movie 1717459: could not fetch metadata.
[2026-06-24T09:51:55.553+0000] {logging_mixin.py:190} INFO - Skipping movie 1717460: could not fetch metadata.
[2026-06-24T09:51:55.632+0000] {logging_mixin.py:190} INFO - Skipping movie 1717470: could not fetch metadata.
[2026-06-24T09:51:55.764+0000] {logging_mixin.py:190} INFO - Skipping movie 1717472: could not fetch metadata.
[2026-06-24T09:51:56.007+0000] {logging_mixin.py:190} INFO - Skipping movie 1717479: could not fetch metadata.
[2026-06-24T09:51:56.091+0000] {logging_mixin.py:190} INFO - Skipping movie 1717480: could not fetch metadata.
[2026-06-24T09:51:56.437+0000] {logging_mixin.py:190} INFO - Skipping movie 1717485: could not fetch metadata.
[2026-06-24T09:51:56.490+0000] {logging_mixin.py:190} INFO - Skipping movie 1717491: could not fetch metadata.
[2026-06-24T09:51:56.644+0000] {logging_mixin.py:190} INFO - Skipping movie 1717495: could not fetch metadata.
[2026-06-24T09:51:56.770+0000] {logging_mixin.py:190} INFO - Skipping movie 1717497: could not fetch metadata.
[2026-06-24T09:51:56.905+0000] {logging_mixin.py:190} INFO - Skipping movie 1717500: could not fetch metadata.
[2026-06-24T09:51:56.958+0000] {logging_mixin.py:190} INFO - Skipping movie 1717499: could not fetch metadata.
[2026-06-24T09:51:57.806+0000] {logging_mixin.py:190} INFO - Skipping movie 1717521: could not fetch metadata.
[2026-06-24T09:51:58.018+0000] {logging_mixin.py:190} INFO - Skipping movie 1717527: could not fetch metadata.
[2026-06-24T09:51:58.222+0000] {logging_mixin.py:190} INFO - Skipping movie 1717529: could not fetch metadata.
[2026-06-24T09:51:58.264+0000] {logging_mixin.py:190} INFO - Skipping movie 1717530: could not fetch metadata.
[2026-06-24T09:51:58.310+0000] {logging_mixin.py:190} INFO - Skipping movie 1717532: could not fetch metadata.
[2026-06-24T09:51:58.530+0000] {logging_mixin.py:190} INFO - Skipping movie 1717534: could not fetch metadata.
[2026-06-24T09:51:58.577+0000] {logging_mixin.py:190} INFO - Skipping movie 1717538: could not fetch metadata.
[2026-06-24T09:51:58.856+0000] {logging_mixin.py:190} INFO - Skipping movie 1717544: could not fetch metadata.
[2026-06-24T09:51:59.000+0000] {logging_mixin.py:190} INFO - Skipping movie 1717547: could not fetch metadata.
[2026-06-24T09:51:59.144+0000] {logging_mixin.py:190} INFO - Skipping movie 1717549: could not fetch metadata.
[2026-06-24T09:51:59.220+0000] {logging_mixin.py:190} INFO - Skipping movie 1717551: could not fetch metadata.
[2026-06-24T09:51:59.324+0000] {logging_mixin.py:190} INFO - Skipping movie 1717555: could not fetch metadata.
[2026-06-24T09:51:59.354+0000] {logging_mixin.py:190} INFO - Skipping movie 1717558: could not fetch metadata.
[2026-06-24T09:51:59.363+0000] {logging_mixin.py:190} INFO - Skipping movie 1717556: could not fetch metadata.
[2026-06-24T09:51:59.468+0000] {logging_mixin.py:190} INFO - Skipping movie 1717560: could not fetch metadata.
[2026-06-24T09:51:59.472+0000] {logging_mixin.py:190} INFO - Skipping movie 1717559: could not fetch metadata.
[2026-06-24T09:51:59.589+0000] {logging_mixin.py:190} INFO - Skipping movie 1717564: could not fetch metadata.
[2026-06-24T09:51:59.621+0000] {logging_mixin.py:190} INFO - Skipping movie 1717565: could not fetch metadata.
[2026-06-24T09:51:59.902+0000] {logging_mixin.py:190} INFO - Skipping movie 1717571: could not fetch metadata.
[2026-06-24T09:51:59.979+0000] {logging_mixin.py:190} INFO - Skipping movie 1717573: could not fetch metadata.
[2026-06-24T09:52:00.376+0000] {logging_mixin.py:190} INFO - Skipping movie 1717578: could not fetch metadata.
[2026-06-24T09:52:00.442+0000] {logging_mixin.py:190} INFO - Skipping movie 1717576: could not fetch metadata.
[2026-06-24T09:52:00.630+0000] {logging_mixin.py:190} INFO - Skipping movie 1717586: could not fetch metadata.
[2026-06-24T09:52:01.050+0000] {logging_mixin.py:190} INFO - Skipping movie 1717594: could not fetch metadata.
[2026-06-24T09:52:01.083+0000] {logging_mixin.py:190} INFO - Skipping movie 1717596: could not fetch metadata.
[2026-06-24T09:52:01.221+0000] {logging_mixin.py:190} INFO - Skipping movie 1717598: could not fetch metadata.
[2026-06-24T09:52:01.322+0000] {logging_mixin.py:190} INFO - Skipping movie 1717601: could not fetch metadata.
[2026-06-24T09:52:01.456+0000] {logging_mixin.py:190} INFO - Skipping movie 1717591: could not fetch metadata.
[2026-06-24T09:52:01.459+0000] {logging_mixin.py:190} INFO - Skipping movie 1717604: could not fetch metadata.
[2026-06-24T09:52:01.822+0000] {logging_mixin.py:190} INFO - Skipping movie 1717612: could not fetch metadata.
[2026-06-24T09:52:02.229+0000] {logging_mixin.py:190} INFO - Skipping movie 1717617: could not fetch metadata.
[2026-06-24T09:52:02.461+0000] {logging_mixin.py:190} INFO - Skipping movie 1717622: could not fetch metadata.
[2026-06-24T09:52:02.859+0000] {logging_mixin.py:190} INFO - Skipping movie 1717628: could not fetch metadata.
[2026-06-24T09:52:03.021+0000] {logging_mixin.py:190} INFO - Skipping movie 1717630: could not fetch metadata.
[2026-06-24T09:52:03.183+0000] {logging_mixin.py:190} INFO - Skipping movie 1717640: could not fetch metadata.
[2026-06-24T09:52:03.255+0000] {logging_mixin.py:190} INFO - Skipping movie 1717641: could not fetch metadata.
[2026-06-24T09:52:03.522+0000] {logging_mixin.py:190} INFO - Skipping movie 1717643: could not fetch metadata.
[2026-06-24T09:52:03.666+0000] {logging_mixin.py:190} INFO - Skipping movie 1717642: could not fetch metadata.
[2026-06-24T09:52:03.663+0000] {logging_mixin.py:190} INFO - Skipping movie 1717646: could not fetch metadata.
[2026-06-24T09:52:03.951+0000] {logging_mixin.py:190} INFO - Skipping movie 1717651: could not fetch metadata.
[2026-06-24T09:52:04.083+0000] {logging_mixin.py:190} INFO - Skipping movie 1717656: could not fetch metadata.
[2026-06-24T09:52:04.318+0000] {logging_mixin.py:190} INFO - Skipping movie 1717658: could not fetch metadata.
[2026-06-24T09:52:04.463+0000] {logging_mixin.py:190} INFO - Skipping movie 1717660: could not fetch metadata.
[2026-06-24T09:52:04.753+0000] {logging_mixin.py:190} INFO - Skipping movie 1717665: could not fetch metadata.
[2026-06-24T09:52:04.823+0000] {logging_mixin.py:190} INFO - Skipping movie 1717668: could not fetch metadata.
[2026-06-24T09:52:04.865+0000] {logging_mixin.py:190} INFO - Skipping movie 1717666: could not fetch metadata.
[2026-06-24T09:52:04.916+0000] {logging_mixin.py:190} INFO - Skipping movie 1717669: could not fetch metadata.
[2026-06-24T09:52:04.952+0000] {logging_mixin.py:190} INFO - Skipping movie 1717670: could not fetch metadata.
[2026-06-24T09:52:06.326+0000] {logging_mixin.py:190} INFO - Skipping movie 1717701: could not fetch metadata.
[2026-06-24T09:52:06.914+0000] {logging_mixin.py:190} INFO - Skipping movie 1717714: could not fetch metadata.
[2026-06-24T09:52:07.083+0000] {logging_mixin.py:190} INFO - Skipping movie 1586644: could not fetch metadata.
[2026-06-24T09:52:09.137+0000] {logging_mixin.py:190} INFO - Skipping movie 1717762: could not fetch metadata.
[2026-06-24T09:52:09.223+0000] {logging_mixin.py:190} INFO - Skipping movie 1717766: could not fetch metadata.
[2026-06-24T09:52:10.601+0000] {logging_mixin.py:190} INFO - Skipping movie 1717799: could not fetch metadata.
[2026-06-24T09:52:10.626+0000] {logging_mixin.py:190} INFO - Skipping movie 1717795: could not fetch metadata.
[2026-06-24T09:52:11.459+0000] {logging_mixin.py:190} INFO - Skipping movie 1717817: could not fetch metadata.
[2026-06-24T09:52:15.371+0000] {logging_mixin.py:190} INFO - Skipping movie 1717901: could not fetch metadata.
[2026-06-24T09:52:15.827+0000] {logging_mixin.py:190} INFO - Skipping movie 1717909: could not fetch metadata.
[2026-06-24T09:52:16.017+0000] {logging_mixin.py:190} INFO - Skipping movie 1717912: could not fetch metadata.
[2026-06-24T09:52:16.121+0000] {logging_mixin.py:190} INFO - Skipping movie 1717913: could not fetch metadata.
[2026-06-24T09:52:16.173+0000] {logging_mixin.py:190} INFO - Skipping movie 1717915: could not fetch metadata.
[2026-06-24T09:52:16.183+0000] {logging_mixin.py:190} INFO - Skipping movie 1717916: could not fetch metadata.
[2026-06-24T09:52:16.553+0000] {logging_mixin.py:190} INFO - Skipping movie 1717927: could not fetch metadata.
[2026-06-24T09:52:16.864+0000] {logging_mixin.py:190} INFO - Skipping movie 1717934: could not fetch metadata.
[2026-06-24T09:52:17.037+0000] {logging_mixin.py:190} INFO - Skipping movie 1717937: could not fetch metadata.
[2026-06-24T09:52:17.252+0000] {logging_mixin.py:190} INFO - Skipping movie 1717941: could not fetch metadata.
[2026-06-24T09:52:17.426+0000] {logging_mixin.py:190} INFO - Skipping movie 1717947: could not fetch metadata.
[2026-06-24T09:52:17.756+0000] {logging_mixin.py:190} INFO - Skipping movie 1717951: could not fetch metadata.
[2026-06-24T09:52:18.055+0000] {logging_mixin.py:190} INFO - Skipping movie 1717960: could not fetch metadata.
[2026-06-24T09:52:18.337+0000] {logging_mixin.py:190} INFO - Skipping movie 1717967: could not fetch metadata.
[2026-06-24T09:52:18.799+0000] {logging_mixin.py:190} INFO - Skipping movie 1717979: could not fetch metadata.
[2026-06-24T09:52:18.886+0000] {logging_mixin.py:190} INFO - Skipping movie 1717976: could not fetch metadata.
[2026-06-24T09:52:18.964+0000] {logging_mixin.py:190} INFO - Skipping movie 1717983: could not fetch metadata.
[2026-06-24T09:52:18.976+0000] {logging_mixin.py:190} INFO - Skipping movie 1717977: could not fetch metadata.
[2026-06-24T09:52:19.353+0000] {logging_mixin.py:190} INFO - Skipping movie 1717991: could not fetch metadata.
[2026-06-24T09:52:19.635+0000] {logging_mixin.py:190} INFO - Skipping movie 1717994: could not fetch metadata.
[2026-06-24T09:52:19.742+0000] {logging_mixin.py:190} INFO - Skipping movie 1717995: could not fetch metadata.
[2026-06-24T09:52:19.780+0000] {logging_mixin.py:190} INFO - Skipping movie 1717990: could not fetch metadata.
[2026-06-24T09:52:19.837+0000] {logging_mixin.py:190} INFO - Skipping movie 1717996: could not fetch metadata.
[2026-06-24T09:52:20.296+0000] {logging_mixin.py:190} INFO - Skipping movie 1718007: could not fetch metadata.
[2026-06-24T09:52:20.530+0000] {logging_mixin.py:190} INFO - Skipping movie 1718010: could not fetch metadata.
[2026-06-24T09:52:20.643+0000] {logging_mixin.py:190} INFO - Skipping movie 1718018: could not fetch metadata.
[2026-06-24T09:52:20.645+0000] {logging_mixin.py:190} INFO - Skipping movie 1718017: could not fetch metadata.
[2026-06-24T09:52:20.883+0000] {logging_mixin.py:190} INFO - Skipping movie 1718016: could not fetch metadata.
[2026-06-24T09:52:20.936+0000] {logging_mixin.py:190} INFO - Skipping movie 1718020: could not fetch metadata.
[2026-06-24T09:52:21.244+0000] {logging_mixin.py:190} INFO - Skipping movie 1718027: could not fetch metadata.
[2026-06-24T09:52:21.613+0000] {logging_mixin.py:190} INFO - Skipping movie 1718032: could not fetch metadata.
[2026-06-24T09:52:21.634+0000] {logging_mixin.py:190} INFO - Skipping movie 1718033: could not fetch metadata.
[2026-06-24T09:52:21.696+0000] {logging_mixin.py:190} INFO - Skipping movie 1718034: could not fetch metadata.
[2026-06-24T09:52:21.906+0000] {logging_mixin.py:190} INFO - Skipping movie 1718039: could not fetch metadata.
[2026-06-24T09:52:21.917+0000] {logging_mixin.py:190} INFO - Skipping movie 1718045: could not fetch metadata.
[2026-06-24T09:52:21.949+0000] {logging_mixin.py:190} INFO - Skipping movie 1718046: could not fetch metadata.
[2026-06-24T09:52:22.341+0000] {logging_mixin.py:190} INFO - Skipping movie 1718051: could not fetch metadata.
[2026-06-24T09:52:22.416+0000] {logging_mixin.py:190} INFO - Skipping movie 1718052: could not fetch metadata.
[2026-06-24T09:52:22.587+0000] {logging_mixin.py:190} INFO - Skipping movie 1718056: could not fetch metadata.
[2026-06-24T09:52:22.654+0000] {logging_mixin.py:190} INFO - Skipping movie 1718058: could not fetch metadata.
[2026-06-24T09:52:22.659+0000] {logging_mixin.py:190} INFO - Skipping movie 1718059: could not fetch metadata.
[2026-06-24T09:52:22.754+0000] {logging_mixin.py:190} INFO - Skipping movie 1718063: could not fetch metadata.
[2026-06-24T09:52:23.006+0000] {logging_mixin.py:190} INFO - Skipping movie 1718069: could not fetch metadata.
[2026-06-24T09:52:23.266+0000] {logging_mixin.py:190} INFO - Skipping movie 1718066: could not fetch metadata.
[2026-06-24T09:52:23.377+0000] {logging_mixin.py:190} INFO - Skipping movie 1718074: could not fetch metadata.
[2026-06-24T09:52:24.372+0000] {logging_mixin.py:190} INFO - Skipping movie 1718094: could not fetch metadata.
[2026-06-24T09:52:24.455+0000] {logging_mixin.py:190} INFO - Skipping movie 407380: could not fetch metadata.
[2026-06-24T09:52:24.578+0000] {logging_mixin.py:190} INFO - Skipping movie 1718101: could not fetch metadata.
[2026-06-24T09:52:24.580+0000] {logging_mixin.py:190} INFO - Skipping movie 1718102: could not fetch metadata.
[2026-06-24T09:52:24.986+0000] {logging_mixin.py:190} INFO - Skipping movie 1718108: could not fetch metadata.
[2026-06-24T09:52:25.171+0000] {logging_mixin.py:190} INFO - Skipping movie 1718109: could not fetch metadata.
[2026-06-24T09:52:25.310+0000] {logging_mixin.py:190} INFO - Skipping movie 1718113: could not fetch metadata.
[2026-06-24T09:52:25.361+0000] {logging_mixin.py:190} INFO - Skipping movie 1718114: could not fetch metadata.
[2026-06-24T09:52:25.409+0000] {logging_mixin.py:190} INFO - Skipping movie 1718116: could not fetch metadata.
[2026-06-24T09:52:25.623+0000] {logging_mixin.py:190} INFO - Skipping movie 1718122: could not fetch metadata.
[2026-06-24T09:52:25.718+0000] {logging_mixin.py:190} INFO - Skipping movie 1718126: could not fetch metadata.
[2026-06-24T09:52:25.869+0000] {logging_mixin.py:190} INFO - Skipping movie 1718119: could not fetch metadata.
[2026-06-24T09:52:25.882+0000] {logging_mixin.py:190} INFO - Skipping movie 1718130: could not fetch metadata.
[2026-06-24T09:52:26.228+0000] {logging_mixin.py:190} INFO - Skipping movie 1718136: could not fetch metadata.
[2026-06-24T09:52:26.260+0000] {logging_mixin.py:190} INFO - Skipping movie 1718138: could not fetch metadata.
[2026-06-24T09:52:26.338+0000] {logging_mixin.py:190} INFO - Skipping movie 1718140: could not fetch metadata.
[2026-06-24T09:52:26.381+0000] {logging_mixin.py:190} INFO - Skipping movie 1718141: could not fetch metadata.
[2026-06-24T09:52:26.519+0000] {logging_mixin.py:190} INFO - Skipping movie 1718144: could not fetch metadata.
[2026-06-24T09:52:26.524+0000] {logging_mixin.py:190} INFO - Skipping movie 1718146: could not fetch metadata.
[2026-06-24T09:52:26.604+0000] {logging_mixin.py:190} INFO - Skipping movie 1718148: could not fetch metadata.
[2026-06-24T09:52:26.683+0000] {logging_mixin.py:190} INFO - Skipping movie 1718149: could not fetch metadata.
[2026-06-24T09:52:26.699+0000] {logging_mixin.py:190} INFO - Skipping movie 1718151: could not fetch metadata.
[2026-06-24T09:52:26.801+0000] {logging_mixin.py:190} INFO - Skipping movie 1718153: could not fetch metadata.
[2026-06-24T09:52:27.044+0000] {logging_mixin.py:190} INFO - Skipping movie 1718159: could not fetch metadata.
[2026-06-24T09:52:27.157+0000] {logging_mixin.py:190} INFO - Skipping movie 1718161: could not fetch metadata.
[2026-06-24T09:52:27.173+0000] {logging_mixin.py:190} INFO - Skipping movie 1718163: could not fetch metadata.
[2026-06-24T09:52:27.517+0000] {logging_mixin.py:190} INFO - Skipping movie 1718170: could not fetch metadata.
[2026-06-24T09:52:27.524+0000] {logging_mixin.py:190} INFO - Skipping movie 1718169: could not fetch metadata.
[2026-06-24T09:52:27.625+0000] {logging_mixin.py:190} INFO - Skipping movie 1718174: could not fetch metadata.
[2026-06-24T09:52:27.906+0000] {logging_mixin.py:190} INFO - Skipping movie 1718179: could not fetch metadata.
[2026-06-24T09:52:27.969+0000] {logging_mixin.py:190} INFO - Skipping movie 1718181: could not fetch metadata.
[2026-06-24T09:52:28.005+0000] {logging_mixin.py:190} INFO - Skipping movie 1718182: could not fetch metadata.
[2026-06-24T09:52:28.293+0000] {logging_mixin.py:190} INFO - Skipping movie 1718185: could not fetch metadata.
[2026-06-24T09:52:28.313+0000] {logging_mixin.py:190} INFO - Skipping movie 1718187: could not fetch metadata.
[2026-06-24T09:52:28.337+0000] {logging_mixin.py:190} INFO - Skipping movie 1718189: could not fetch metadata.
[2026-06-24T09:52:28.710+0000] {logging_mixin.py:190} INFO - Skipping movie 1718196: could not fetch metadata.
[2026-06-24T09:52:28.821+0000] {logging_mixin.py:190} INFO - Skipping movie 1718202: could not fetch metadata.
[2026-06-24T09:52:28.997+0000] {logging_mixin.py:190} INFO - Skipping movie 1718198: could not fetch metadata.
[2026-06-24T09:52:29.071+0000] {logging_mixin.py:190} INFO - Skipping movie 1718199: could not fetch metadata.
[2026-06-24T09:52:29.183+0000] {logging_mixin.py:190} INFO - Skipping movie 1718207: could not fetch metadata.
[2026-06-24T09:52:29.258+0000] {logging_mixin.py:190} INFO - Skipping movie 1718208: could not fetch metadata.
[2026-06-24T09:52:29.409+0000] {logging_mixin.py:190} INFO - Skipping movie 1718216: could not fetch metadata.
[2026-06-24T09:52:29.639+0000] {logging_mixin.py:190} INFO - Skipping movie 1718214: could not fetch metadata.
[2026-06-24T09:52:29.683+0000] {logging_mixin.py:190} INFO - Skipping movie 1718224: could not fetch metadata.
[2026-06-24T09:52:29.925+0000] {logging_mixin.py:190} INFO - Skipping movie 1718228: could not fetch metadata.
[2026-06-24T09:52:30.144+0000] {logging_mixin.py:190} INFO - Skipping movie 1718233: could not fetch metadata.
[2026-06-24T09:52:30.177+0000] {logging_mixin.py:190} INFO - Skipping movie 1718236: could not fetch metadata.
[2026-06-24T09:52:30.332+0000] {logging_mixin.py:190} INFO - Skipping movie 1718231: could not fetch metadata.
[2026-06-24T09:52:30.494+0000] {logging_mixin.py:190} INFO - Skipping movie 1718229: could not fetch metadata.
[2026-06-24T09:52:30.614+0000] {logging_mixin.py:190} INFO - Skipping movie 1718238: could not fetch metadata.
[2026-06-24T09:52:30.669+0000] {logging_mixin.py:190} INFO - Skipping movie 1718248: could not fetch metadata.
[2026-06-24T09:52:31.812+0000] {logging_mixin.py:190} INFO - Skipping movie 1718270: could not fetch metadata.
[2026-06-24T09:52:32.276+0000] {logging_mixin.py:190} INFO - Skipping movie 1718277: could not fetch metadata.
[2026-06-24T09:52:32.327+0000] {logging_mixin.py:190} INFO - Skipping movie 1718279: could not fetch metadata.
[2026-06-24T09:52:32.952+0000] {logging_mixin.py:190} INFO - Skipping movie 1718296: could not fetch metadata.
[2026-06-24T09:52:32.995+0000] {logging_mixin.py:190} INFO - Skipping movie 1718295: could not fetch metadata.
[2026-06-24T09:52:34.333+0000] {logging_mixin.py:190} INFO - Skipping movie 1718322: could not fetch metadata.
[2026-06-24T09:52:35.342+0000] {logging_mixin.py:190} INFO - Skipping movie 1718342: could not fetch metadata.
[2026-06-24T09:52:35.881+0000] {logging_mixin.py:190} INFO - Skipping movie 1718357: could not fetch metadata.
[2026-06-24T09:52:36.577+0000] {logging_mixin.py:190} INFO - Skipping movie 1718364: could not fetch metadata.
[2026-06-24T09:52:37.143+0000] {logging_mixin.py:190} INFO - Skipping movie 1718375: could not fetch metadata.
[2026-06-24T09:52:37.348+0000] {logging_mixin.py:190} INFO - Skipping movie 1718385: could not fetch metadata.
[2026-06-24T09:52:38.722+0000] {logging_mixin.py:190} INFO - Skipping movie 1718411: could not fetch metadata.
[2026-06-24T09:52:39.011+0000] {logging_mixin.py:190} INFO - Skipping movie 1718418: could not fetch metadata.
[2026-06-24T09:52:40.859+0000] {logging_mixin.py:190} INFO - Skipping movie 1718457: could not fetch metadata.
[2026-06-24T09:52:41.326+0000] {logging_mixin.py:190} INFO - Skipping movie 1718469: could not fetch metadata.
[2026-06-24T09:52:42.100+0000] {logging_mixin.py:190} INFO - Skipping movie 1718476: could not fetch metadata.
[2026-06-24T09:52:42.238+0000] {logging_mixin.py:190} INFO - Skipping movie 1718482: could not fetch metadata.
[2026-06-24T09:52:42.508+0000] {logging_mixin.py:190} INFO - Skipping movie 1718486: could not fetch metadata.
[2026-06-24T09:52:42.522+0000] {logging_mixin.py:190} INFO - Skipping movie 1718489: could not fetch metadata.
[2026-06-24T09:52:42.578+0000] {logging_mixin.py:190} INFO - Skipping movie 1718490: could not fetch metadata.
[2026-06-24T09:52:42.974+0000] {logging_mixin.py:190} INFO - Skipping movie 1718499: could not fetch metadata.
[2026-06-24T09:52:43.122+0000] {logging_mixin.py:190} INFO - Skipping movie 1718493: could not fetch metadata.
[2026-06-24T09:52:43.180+0000] {logging_mixin.py:190} INFO - Skipping movie 1718498: could not fetch metadata.
[2026-06-24T09:52:43.236+0000] {logging_mixin.py:190} INFO - Skipping movie 1718497: could not fetch metadata.
[2026-06-24T09:52:43.333+0000] {logging_mixin.py:190} INFO - Skipping movie 1718501: could not fetch metadata.
[2026-06-24T09:52:43.896+0000] {logging_mixin.py:190} INFO - Skipping movie 1718511: could not fetch metadata.
[2026-06-24T09:52:43.949+0000] {logging_mixin.py:190} INFO - Skipping movie 1718514: could not fetch metadata.
[2026-06-24T09:52:44.694+0000] {logging_mixin.py:190} INFO - Skipping movie 1718535: could not fetch metadata.
[2026-06-24T09:52:45.915+0000] {logging_mixin.py:190} INFO - Skipping movie 1718563: could not fetch metadata.
[2026-06-24T09:52:46.129+0000] {logging_mixin.py:190} INFO - Skipping movie 1718567: could not fetch metadata.
[2026-06-24T09:52:46.493+0000] {logging_mixin.py:190} INFO - Skipping movie 1718579: could not fetch metadata.
[2026-06-24T09:52:46.953+0000] {logging_mixin.py:190} INFO - Skipping movie 1718588: could not fetch metadata.
[2026-06-24T09:52:47.298+0000] {logging_mixin.py:190} INFO - Skipping movie 1718596: could not fetch metadata.
[2026-06-24T09:52:47.580+0000] {logging_mixin.py:190} INFO - Skipping movie 1718592: could not fetch metadata.
[2026-06-24T09:52:47.655+0000] {logging_mixin.py:190} INFO - Skipping movie 1718605: could not fetch metadata.
[2026-06-24T09:52:48.218+0000] {logging_mixin.py:190} INFO - Skipping movie 1718609: could not fetch metadata.
[2026-06-24T09:52:48.602+0000] {logging_mixin.py:190} INFO - Skipping movie 1718624: could not fetch metadata.
[2026-06-24T09:52:48.994+0000] {logging_mixin.py:190} INFO - Skipping movie 1718633: could not fetch metadata.
[2026-06-24T09:52:49.029+0000] {logging_mixin.py:190} INFO - Skipping movie 1718635: could not fetch metadata.
[2026-06-24T09:52:49.653+0000] {logging_mixin.py:190} INFO - Skipping movie 1718647: could not fetch metadata.
[2026-06-24T09:52:49.941+0000] {logging_mixin.py:190} INFO - Skipping movie 1718650: could not fetch metadata.
[2026-06-24T09:52:50.044+0000] {logging_mixin.py:190} INFO - Skipping movie 1718657: could not fetch metadata.
[2026-06-24T09:52:50.643+0000] {logging_mixin.py:190} INFO - Skipping movie 1718671: could not fetch metadata.
[2026-06-24T09:52:51.038+0000] {logging_mixin.py:190} INFO - Skipping movie 1718678: could not fetch metadata.
[2026-06-24T09:52:51.256+0000] {logging_mixin.py:190} INFO - Skipping movie 1718682: could not fetch metadata.
[2026-06-24T09:52:51.541+0000] {logging_mixin.py:190} INFO - Skipping movie 1718690: could not fetch metadata.
[2026-06-24T09:52:52.236+0000] {logging_mixin.py:190} INFO - Skipping movie 1718704: could not fetch metadata.
[2026-06-24T09:52:52.771+0000] {logging_mixin.py:190} INFO - Skipping movie 1718713: could not fetch metadata.
[2026-06-24T09:52:52.805+0000] {logging_mixin.py:190} INFO - Skipping movie 1718718: could not fetch metadata.
[2026-06-24T09:52:53.183+0000] {logging_mixin.py:190} INFO - Skipping movie 1718727: could not fetch metadata.
[2026-06-24T09:52:53.523+0000] {logging_mixin.py:190} INFO - Skipping movie 1718734: could not fetch metadata.
[2026-06-24T09:52:54.438+0000] {logging_mixin.py:190} INFO - Skipping movie 1718750: could not fetch metadata.
[2026-06-24T09:52:55.216+0000] {logging_mixin.py:190} INFO - Skipping movie 1718764: could not fetch metadata.
[2026-06-24T09:52:58.258+0000] {logging_mixin.py:190} INFO - Skipping movie 1456666: could not fetch metadata.
[2026-06-24T09:53:00.909+0000] {logging_mixin.py:190} INFO - Skipping movie 1718856: could not fetch metadata.
[2026-06-24T09:53:03.577+0000] {logging_mixin.py:190} INFO - Skipping movie 1718899: could not fetch metadata.
[2026-06-24T09:53:03.903+0000] {logging_mixin.py:190} INFO - Skipping movie 1718905: could not fetch metadata.
[2026-06-24T09:53:03.923+0000] {logging_mixin.py:190} INFO - Skipping movie 670339: could not fetch metadata.
[2026-06-24T09:53:04.098+0000] {logging_mixin.py:190} INFO - Skipping movie 1718907: could not fetch metadata.
[2026-06-24T09:53:04.322+0000] {logging_mixin.py:190} INFO - Skipping movie 1718909: could not fetch metadata.
[2026-06-24T09:53:04.394+0000] {logging_mixin.py:190} INFO - Skipping movie 1718912: could not fetch metadata.
[2026-06-24T09:53:04.481+0000] {logging_mixin.py:190} INFO - Skipping movie 1718917: could not fetch metadata.
[2026-06-24T09:53:04.514+0000] {logging_mixin.py:190} INFO - Skipping movie 1718916: could not fetch metadata.
[2026-06-24T09:53:04.661+0000] {logging_mixin.py:190} INFO - Skipping movie 1718919: could not fetch metadata.
[2026-06-24T09:53:05.014+0000] {logging_mixin.py:190} INFO - Skipping movie 1718927: could not fetch metadata.
[2026-06-24T09:53:05.030+0000] {logging_mixin.py:190} INFO - Skipping movie 1718922: could not fetch metadata.
[2026-06-24T09:53:05.088+0000] {logging_mixin.py:190} INFO - Skipping movie 1718928: could not fetch metadata.
[2026-06-24T09:53:05.126+0000] {logging_mixin.py:190} INFO - Skipping movie 1718926: could not fetch metadata.
[2026-06-24T09:53:06.046+0000] {logging_mixin.py:190} INFO - Skipping movie 1718944: could not fetch metadata.
[2026-06-24T09:53:06.812+0000] {logging_mixin.py:190} INFO - Skipping movie 1718962: could not fetch metadata.
[2026-06-24T09:53:08.825+0000] {logging_mixin.py:190} INFO - Skipping movie 1718998: could not fetch metadata.
[2026-06-24T09:53:09.810+0000] {logging_mixin.py:190} INFO - Skipping movie 1719014: could not fetch metadata.
[2026-06-24T09:53:09.848+0000] {logging_mixin.py:190} INFO - Skipping movie 1719015: could not fetch metadata.
[2026-06-24T09:53:10.140+0000] {logging_mixin.py:190} INFO - Skipping movie 1719020: could not fetch metadata.
[2026-06-24T09:53:10.314+0000] {logging_mixin.py:190} INFO - Skipping movie 1719024: could not fetch metadata.
[2026-06-24T09:53:12.418+0000] {logging_mixin.py:190} INFO - Skipping movie 1719057: could not fetch metadata.
[2026-06-24T09:53:13.901+0000] {logging_mixin.py:190} INFO - Skipping movie 1719080: could not fetch metadata.
[2026-06-24T09:53:14.628+0000] {logging_mixin.py:190} INFO - Skipping movie 1719090: could not fetch metadata.
[2026-06-24T09:53:15.382+0000] {logging_mixin.py:190} INFO - Skipping movie 1719102: could not fetch metadata.
[2026-06-24T09:53:16.800+0000] {logging_mixin.py:190} INFO - Skipping movie 1719131: could not fetch metadata.
[2026-06-24T09:53:18.000+0000] {logging_mixin.py:190} INFO - Skipping movie 1719158: could not fetch metadata.
[2026-06-24T09:53:18.189+0000] {logging_mixin.py:190} INFO - Skipping movie 1719160: could not fetch metadata.
[2026-06-24T09:53:18.255+0000] {logging_mixin.py:190} INFO - Skipping movie 1719161: could not fetch metadata.
[2026-06-24T09:53:18.268+0000] {logging_mixin.py:190} INFO - Skipping movie 1719162: could not fetch metadata.
[2026-06-24T09:53:18.314+0000] {logging_mixin.py:190} INFO - Skipping movie 1719164: could not fetch metadata.
[2026-06-24T09:53:18.540+0000] {logging_mixin.py:190} INFO - Skipping movie 1719169: could not fetch metadata.
[2026-06-24T09:53:18.765+0000] {logging_mixin.py:190} INFO - Skipping movie 1719173: could not fetch metadata.
[2026-06-24T09:53:18.816+0000] {logging_mixin.py:190} INFO - Skipping movie 1719172: could not fetch metadata.
[2026-06-24T09:53:19.446+0000] {logging_mixin.py:190} INFO - Skipping movie 1719184: could not fetch metadata.
[2026-06-24T09:53:19.545+0000] {logging_mixin.py:190} INFO - Skipping movie 1719185: could not fetch metadata.
[2026-06-24T09:53:19.733+0000] {logging_mixin.py:190} INFO - Skipping movie 1719190: could not fetch metadata.
[2026-06-24T09:53:19.779+0000] {logging_mixin.py:190} INFO - Skipping movie 1719192: could not fetch metadata.
[2026-06-24T09:53:19.913+0000] {logging_mixin.py:190} INFO - Skipping movie 1719194: could not fetch metadata.
[2026-06-24T09:53:20.148+0000] {logging_mixin.py:190} INFO - Skipping movie 1719200: could not fetch metadata.
[2026-06-24T09:53:20.258+0000] {logging_mixin.py:190} INFO - Skipping movie 1719204: could not fetch metadata.
[2026-06-24T09:53:20.353+0000] {logging_mixin.py:190} INFO - Skipping movie 1719205: could not fetch metadata.
[2026-06-24T09:53:20.996+0000] {logging_mixin.py:190} INFO - Skipping movie 1719217: could not fetch metadata.
[2026-06-24T09:53:21.173+0000] {logging_mixin.py:190} INFO - Skipping movie 1719219: could not fetch metadata.
[2026-06-24T09:53:21.187+0000] {logging_mixin.py:190} INFO - Skipping movie 1719221: could not fetch metadata.
[2026-06-24T09:53:21.991+0000] {logging_mixin.py:190} INFO - Skipping movie 1719240: could not fetch metadata.
[2026-06-24T09:53:24.535+0000] {logging_mixin.py:190} INFO - Skipping movie 1719281: could not fetch metadata.
[2026-06-24T09:53:24.918+0000] {logging_mixin.py:190} INFO - Skipping movie 1719289: could not fetch metadata.
[2026-06-24T09:53:25.451+0000] {logging_mixin.py:190} INFO - Skipping movie 1719299: could not fetch metadata.
[2026-06-24T09:53:25.644+0000] {logging_mixin.py:190} INFO - Skipping movie 1719304: could not fetch metadata.
[2026-06-24T09:53:26.577+0000] {logging_mixin.py:190} INFO - Skipping movie 1719325: could not fetch metadata.
[2026-06-24T09:53:26.710+0000] {logging_mixin.py:190} INFO - Skipping movie 1719327: could not fetch metadata.
[2026-06-24T09:53:26.784+0000] {logging_mixin.py:190} INFO - Skipping movie 1719329: could not fetch metadata.
[2026-06-24T09:53:27.121+0000] {logging_mixin.py:190} INFO - Skipping movie 1719336: could not fetch metadata.
[2026-06-24T09:53:27.299+0000] {logging_mixin.py:190} INFO - Skipping movie 1719340: could not fetch metadata.
[2026-06-24T09:53:27.477+0000] {logging_mixin.py:190} INFO - Skipping movie 1719344: could not fetch metadata.
[2026-06-24T09:53:27.519+0000] {logging_mixin.py:190} INFO - Skipping movie 1719345: could not fetch metadata.
[2026-06-24T09:53:29.120+0000] {logging_mixin.py:190} INFO - Skipping movie 1719379: could not fetch metadata.
[2026-06-24T09:53:29.816+0000] {logging_mixin.py:190} INFO - Skipping movie 1719389: could not fetch metadata.
[2026-06-24T09:53:30.870+0000] {logging_mixin.py:190} INFO - Skipping movie 1719402: could not fetch metadata.
[2026-06-24T09:53:32.007+0000] {logging_mixin.py:190} INFO - Skipping movie 1719416: could not fetch metadata.
[2026-06-24T09:53:33.211+0000] {logging_mixin.py:190} INFO - Skipping movie 1719441: could not fetch metadata.
[2026-06-24T09:53:34.277+0000] {logging_mixin.py:190} INFO - Skipping movie 1719457: could not fetch metadata.
[2026-06-24T09:53:35.298+0000] {logging_mixin.py:190} INFO - Skipping movie 1719477: could not fetch metadata.
[2026-06-24T09:53:35.431+0000] {logging_mixin.py:190} INFO - Skipping movie 1719481: could not fetch metadata.
[2026-06-24T09:53:35.854+0000] {logging_mixin.py:190} INFO - Skipping movie 1719487: could not fetch metadata.
[2026-06-24T09:53:36.989+0000] {logging_mixin.py:190} INFO - Skipping movie 1719509: could not fetch metadata.
[2026-06-24T09:53:39.698+0000] {logging_mixin.py:190} INFO - Skipping movie 1719559: could not fetch metadata.
[2026-06-24T09:53:39.887+0000] {logging_mixin.py:190} INFO - Skipping movie 1457427: could not fetch metadata.
[2026-06-24T09:53:42.785+0000] {logging_mixin.py:190} INFO - Skipping movie 1719609: could not fetch metadata.
[2026-06-24T09:53:43.916+0000] {logging_mixin.py:190} INFO - Skipping movie 1719630: could not fetch metadata.
[2026-06-24T09:53:44.086+0000] {logging_mixin.py:190} INFO - Skipping movie 1719631: could not fetch metadata.
[2026-06-24T09:53:44.563+0000] {logging_mixin.py:190} INFO - Skipping movie 1719642: could not fetch metadata.
[2026-06-24T09:53:44.589+0000] {logging_mixin.py:190} INFO - Skipping movie 1719643: could not fetch metadata.
[2026-06-24T09:53:44.903+0000] {logging_mixin.py:190} INFO - Skipping movie 1719649: could not fetch metadata.
[2026-06-24T09:53:44.906+0000] {logging_mixin.py:190} INFO - Skipping movie 1719648: could not fetch metadata.
[2026-06-24T09:53:44.984+0000] {logging_mixin.py:190} INFO - Skipping movie 1719653: could not fetch metadata.
[2026-06-24T09:53:44.986+0000] {logging_mixin.py:190} INFO - Skipping movie 1719652: could not fetch metadata.
[2026-06-24T09:53:45.069+0000] {logging_mixin.py:190} INFO - Skipping movie 1719655: could not fetch metadata.
[2026-06-24T09:53:45.211+0000] {logging_mixin.py:190} INFO - Skipping movie 1719657: could not fetch metadata.
[2026-06-24T09:53:45.561+0000] {logging_mixin.py:190} INFO - Skipping movie 1719667: could not fetch metadata.
[2026-06-24T09:53:45.899+0000] {logging_mixin.py:190} INFO - Skipping movie 1719674: could not fetch metadata.
[2026-06-24T09:53:46.169+0000] {logging_mixin.py:190} INFO - Skipping movie 1719679: could not fetch metadata.
[2026-06-24T09:53:46.578+0000] {logging_mixin.py:190} INFO - Skipping movie 1719690: could not fetch metadata.
[2026-06-24T09:53:47.147+0000] {logging_mixin.py:190} INFO - Skipping movie 1719702: could not fetch metadata.
[2026-06-24T09:53:47.336+0000] {logging_mixin.py:190} INFO - Skipping movie 1719695: could not fetch metadata.
[2026-06-24T09:53:47.585+0000] {logging_mixin.py:190} INFO - Skipping movie 1719710: could not fetch metadata.
[2026-06-24T09:53:47.869+0000] {logging_mixin.py:190} INFO - Skipping movie 1719716: could not fetch metadata.
[2026-06-24T09:53:49.339+0000] {logging_mixin.py:190} INFO - Skipping movie 1719746: could not fetch metadata.
[2026-06-24T09:53:49.874+0000] {logging_mixin.py:190} INFO - Skipping movie 1719758: could not fetch metadata.
[2026-06-24T09:53:50.500+0000] {logging_mixin.py:190} INFO - Skipping movie 1719770: could not fetch metadata.
[2026-06-24T09:53:50.520+0000] {logging_mixin.py:190} INFO - Skipping movie 1719771: could not fetch metadata.
[2026-06-24T09:53:51.224+0000] {logging_mixin.py:190} INFO - Skipping movie 1719784: could not fetch metadata.
[2026-06-24T09:53:51.966+0000] {logging_mixin.py:190} INFO - Skipping movie 1719797: could not fetch metadata.
[2026-06-24T09:53:52.700+0000] {logging_mixin.py:190} INFO - Skipping movie 1719814: could not fetch metadata.
[2026-06-24T09:53:52.734+0000] {logging_mixin.py:190} INFO - Skipping movie 1719815: could not fetch metadata.
[2026-06-24T09:53:52.950+0000] {logging_mixin.py:190} INFO - Skipping movie 1719819: could not fetch metadata.
[2026-06-24T09:53:53.133+0000] {logging_mixin.py:190} INFO - Skipping movie 1719822: could not fetch metadata.
[2026-06-24T09:53:53.191+0000] {logging_mixin.py:190} INFO - Skipping movie 1719823: could not fetch metadata.
[2026-06-24T09:53:53.516+0000] {logging_mixin.py:190} INFO - Skipping movie 1719830: could not fetch metadata.
[2026-06-24T09:53:53.734+0000] {logging_mixin.py:190} INFO - Skipping movie 1719834: could not fetch metadata.
[2026-06-24T09:54:07.547+0000] {logging_mixin.py:190} INFO - Skipping movie 1720112: could not fetch metadata.
[2026-06-24T09:54:08.642+0000] {logging_mixin.py:190} INFO - Skipping movie 1720128: could not fetch metadata.
[2026-06-24T09:54:10.024+0000] {logging_mixin.py:190} INFO - Skipping movie 1720157: could not fetch metadata.
[2026-06-24T09:54:10.316+0000] {logging_mixin.py:190} INFO - Skipping movie 1720163: could not fetch metadata.
[2026-06-24T09:54:12.490+0000] {logging_mixin.py:190} INFO - Skipping movie 1458077: could not fetch metadata.
[2026-06-24T09:54:13.153+0000] {logging_mixin.py:190} INFO - Skipping movie 1458153: could not fetch metadata.
[2026-06-24T09:54:13.298+0000] {logging_mixin.py:190} INFO - Skipping movie 1458173: could not fetch metadata.
[2026-06-24T09:54:22.453+0000] {logging_mixin.py:190} INFO - Skipping movie 1590292: could not fetch metadata.
[2026-06-24T09:54:23.723+0000] {logging_mixin.py:190} INFO - Skipping movie 1590366: could not fetch metadata.
[2026-06-24T09:54:23.759+0000] {logging_mixin.py:190} INFO - Skipping movie 1590378: could not fetch metadata.
[2026-06-24T09:54:39.807+0000] {logging_mixin.py:190} INFO - Skipping movie 543477: could not fetch metadata.
[2026-06-24T09:55:00.480+0000] {logging_mixin.py:190} INFO - Skipping movie 283961: could not fetch metadata.
[2026-06-24T09:55:02.063+0000] {logging_mixin.py:190} INFO - Skipping movie 1201683: could not fetch metadata.
[2026-06-24T09:55:04.356+0000] {logging_mixin.py:190} INFO - Skipping movie 546620: could not fetch metadata.
[2026-06-24T09:55:08.153+0000] {logging_mixin.py:190} INFO - Skipping movie 1595657: could not fetch metadata.
[2026-06-24T09:55:29.203+0000] {logging_mixin.py:190} INFO - Skipping movie 680309: could not fetch metadata.
[2026-06-24T09:55:30.049+0000] {logging_mixin.py:190} INFO - Skipping movie 1466814: could not fetch metadata.
[2026-06-24T09:55:31.066+0000] {logging_mixin.py:190} INFO - Skipping movie 1335861: could not fetch metadata.
[2026-06-24T09:55:39.340+0000] {logging_mixin.py:190} INFO - Skipping movie 1074621: could not fetch metadata.
[2026-06-24T09:55:39.451+0000] {logging_mixin.py:190} INFO - Skipping movie 1336779: could not fetch metadata.
[2026-06-24T09:55:42.349+0000] {logging_mixin.py:190} INFO - Skipping movie 812675: could not fetch metadata.
[2026-06-24T09:55:42.557+0000] {logging_mixin.py:190} INFO - Skipping movie 550538: could not fetch metadata.
[2026-06-24T09:55:49.861+0000] {logging_mixin.py:190} INFO - Skipping movie 1599473: could not fetch metadata.
[2026-06-24T09:55:54.356+0000] {logging_mixin.py:190} INFO - Skipping movie 1468800: could not fetch metadata.
[2026-06-24T09:55:55.404+0000] {logging_mixin.py:190} INFO - Skipping movie 944642: could not fetch metadata.
[2026-06-24T09:56:00.765+0000] {logging_mixin.py:190} INFO - Skipping movie 1600596: could not fetch metadata.
[2026-06-24T09:56:04.760+0000] {logging_mixin.py:190} INFO - Skipping movie 1469945: could not fetch metadata.
[2026-06-24T09:56:05.715+0000] {logging_mixin.py:190} INFO - Skipping movie 1601120: could not fetch metadata.
[2026-06-24T09:56:06.734+0000] {logging_mixin.py:190} INFO - Skipping movie 1601224: could not fetch metadata.
[2026-06-24T09:56:06.821+0000] {logging_mixin.py:190} INFO - Skipping movie 945893: could not fetch metadata.
[2026-06-24T09:56:18.306+0000] {logging_mixin.py:190} INFO - Skipping movie 1471438: could not fetch metadata.
[2026-06-24T09:56:20.563+0000] {logging_mixin.py:190} INFO - Skipping movie 1340630: could not fetch metadata.
[2026-06-24T09:56:24.373+0000] {logging_mixin.py:190} INFO - Skipping movie 947860: could not fetch metadata.
[2026-06-24T09:56:29.197+0000] {logging_mixin.py:190} INFO - Skipping movie 1603639: could not fetch metadata.
[2026-06-24T09:56:37.733+0000] {logging_mixin.py:190} INFO - Skipping movie 1211090: could not fetch metadata.
[2026-06-24T09:56:42.590+0000] {logging_mixin.py:190} INFO - Skipping movie 1080453: could not fetch metadata.
[2026-06-24T09:56:58.134+0000] {logging_mixin.py:190} INFO - Skipping movie 1606248: could not fetch metadata.
[2026-06-24T09:57:02.629+0000] {logging_mixin.py:190} INFO - Skipping movie 951492: could not fetch metadata.
[2026-06-24T09:57:04.806+0000] {logging_mixin.py:190} INFO - Skipping movie 951736: could not fetch metadata.
[2026-06-24T09:57:06.285+0000] {logging_mixin.py:190} INFO - Skipping movie 951977: could not fetch metadata.
[2026-06-24T09:57:10.233+0000] {logging_mixin.py:190} INFO - Skipping movie 1607869: could not fetch metadata.
[2026-06-24T09:57:18.143+0000] {logging_mixin.py:190} INFO - Skipping movie 1477650: could not fetch metadata.
[2026-06-24T09:57:21.593+0000] {logging_mixin.py:190} INFO - Skipping movie 1609092: could not fetch metadata.
[2026-06-24T09:57:21.661+0000] {logging_mixin.py:190} INFO - Skipping movie 1609094: could not fetch metadata.
[2026-06-24T09:57:26.914+0000] {logging_mixin.py:190} INFO - Skipping movie 1478575: could not fetch metadata.
[2026-06-24T09:57:28.822+0000] {logging_mixin.py:190} INFO - Skipping movie 1478773: could not fetch metadata.
[2026-06-24T09:57:32.185+0000] {logging_mixin.py:190} INFO - Skipping movie 561701: could not fetch metadata.
[2026-06-24T09:57:34.690+0000] {logging_mixin.py:190} INFO - Skipping movie 1217336: could not fetch metadata.
[2026-06-24T09:57:45.789+0000] {logging_mixin.py:190} INFO - Skipping movie 1480701: could not fetch metadata.
[2026-06-24T09:57:45.868+0000] {logging_mixin.py:190} INFO - Skipping movie 1218582: could not fetch metadata.
[2026-06-24T09:57:48.136+0000] {logging_mixin.py:190} INFO - Skipping movie 825698: could not fetch metadata.
[2026-06-24T09:57:51.749+0000] {logging_mixin.py:190} INFO - Skipping movie 826099: could not fetch metadata.
[2026-06-24T09:57:54.982+0000] {logging_mixin.py:190} INFO - Skipping movie 826449: could not fetch metadata.
[2026-06-24T09:57:57.762+0000] {logging_mixin.py:190} INFO - Skipping movie 1482162: could not fetch metadata.
[2026-06-24T09:58:04.355+0000] {logging_mixin.py:190} INFO - Skipping movie 958575: could not fetch metadata.
[2026-06-24T09:58:04.453+0000] {logging_mixin.py:190} INFO - Skipping movie 1220738: could not fetch metadata.
[2026-06-24T09:58:04.495+0000] {logging_mixin.py:190} INFO - Skipping movie 1220743: could not fetch metadata.
[2026-06-24T09:58:04.554+0000] {logging_mixin.py:190} INFO - Skipping movie 1220745: could not fetch metadata.
[2026-06-24T09:58:07.764+0000] {logging_mixin.py:190} INFO - Skipping movie 1483244: could not fetch metadata.
[2026-06-24T09:58:19.555+0000] {logging_mixin.py:190} INFO - Skipping movie 1615614: could not fetch metadata.
[2026-06-24T09:58:19.749+0000] {logging_mixin.py:190} INFO - Skipping movie 567063: could not fetch metadata.
[2026-06-24T09:58:21.303+0000] {logging_mixin.py:190} INFO - Skipping movie 1222545: could not fetch metadata.
[2026-06-24T09:58:25.862+0000] {logging_mixin.py:190} INFO - Skipping movie 1616104: could not fetch metadata.
[2026-06-24T09:58:30.389+0000] {logging_mixin.py:190} INFO - Skipping movie 1354515: could not fetch metadata.
[2026-06-24T09:58:34.991+0000] {logging_mixin.py:190} INFO - Skipping movie 1617126: could not fetch metadata.
[2026-06-24T09:58:38.136+0000] {logging_mixin.py:190} INFO - Skipping movie 1224276: could not fetch metadata.
[2026-06-24T09:58:46.000+0000] {logging_mixin.py:190} INFO - Skipping movie 569888: could not fetch metadata.
[2026-06-24T09:58:54.084+0000] {logging_mixin.py:190} INFO - Skipping movie 570675: could not fetch metadata.
[2026-06-24T09:58:57.535+0000] {logging_mixin.py:190} INFO - Skipping movie 1619667: could not fetch metadata.
[2026-06-24T09:58:59.939+0000] {logging_mixin.py:190} INFO - Skipping movie 833515: could not fetch metadata.
[2026-06-24T09:59:08.638+0000] {logging_mixin.py:190} INFO - Skipping movie 1620759: could not fetch metadata.
[2026-06-24T09:59:14.887+0000] {logging_mixin.py:190} INFO - Skipping movie 1621316: could not fetch metadata.
[2026-06-24T09:59:15.940+0000] {logging_mixin.py:190} INFO - Skipping movie 1621490: could not fetch metadata.
[2026-06-24T09:59:22.636+0000] {logging_mixin.py:190} INFO - Skipping movie 966992: could not fetch metadata.
[2026-06-24T09:59:25.410+0000] {logging_mixin.py:190} INFO - Skipping movie 1491512: could not fetch metadata.
[2026-06-24T09:59:26.273+0000] {logging_mixin.py:190} INFO - Skipping movie 967383: could not fetch metadata.
[2026-06-24T09:59:26.373+0000] {logging_mixin.py:190} INFO - Skipping movie 967391: could not fetch metadata.
[2026-06-24T09:59:26.425+0000] {logging_mixin.py:190} INFO - Skipping movie 967401: could not fetch metadata.
[2026-06-24T09:59:27.529+0000] {logging_mixin.py:190} INFO - Skipping movie 1622864: could not fetch metadata.
[2026-06-24T09:59:27.859+0000] {logging_mixin.py:190} INFO - Skipping movie 1491844: could not fetch metadata.
[2026-06-24T09:59:30.325+0000] {logging_mixin.py:190} INFO - Skipping movie 1623283: could not fetch metadata.
[2026-06-24T09:59:31.582+0000] {logging_mixin.py:190} INFO - Skipping movie 1361279: could not fetch metadata.
[2026-06-24T09:59:33.533+0000] {logging_mixin.py:190} INFO - Skipping movie 1230435: could not fetch metadata.
[2026-06-24T09:59:39.868+0000] {logging_mixin.py:190} INFO - Skipping movie 1100218: could not fetch metadata.
[2026-06-24T09:59:40.652+0000] {logging_mixin.py:190} INFO - Skipping movie 576073: could not fetch metadata.
[2026-06-24T09:59:42.055+0000] {logging_mixin.py:190} INFO - Skipping movie 1100509: could not fetch metadata.
[2026-06-24T09:59:50.010+0000] {logging_mixin.py:190} INFO - Skipping movie 1625928: could not fetch metadata.
[2026-06-24T09:59:56.294+0000] {logging_mixin.py:190} INFO - Skipping movie 1233481: could not fetch metadata.
[2026-06-24T09:59:57.247+0000] {logging_mixin.py:190} INFO - Skipping movie 1495720: could not fetch metadata.
[2026-06-24T09:59:57.586+0000] {logging_mixin.py:190} INFO - Skipping movie 1364685: could not fetch metadata.
[2026-06-24T09:59:59.892+0000] {logging_mixin.py:190} INFO - Skipping movie 1627101: could not fetch metadata.
[2026-06-24T10:00:00.192+0000] {logging_mixin.py:190} INFO - Skipping movie 1627108: could not fetch metadata.
[2026-06-24T10:00:03.298+0000] {logging_mixin.py:190} INFO - Skipping movie 578740: could not fetch metadata.
[2026-06-24T10:00:06.478+0000] {logging_mixin.py:190} INFO - Skipping movie 1627768: could not fetch metadata.
[2026-06-24T10:00:10.965+0000] {logging_mixin.py:190} INFO - Skipping movie 972894: could not fetch metadata.
[2026-06-24T10:00:11.228+0000] {logging_mixin.py:190} INFO - Skipping movie 1103982: could not fetch metadata.
[2026-06-24T10:00:11.802+0000] {logging_mixin.py:190} INFO - Skipping movie 972976: could not fetch metadata.
[2026-06-24T10:00:11.905+0000] {logging_mixin.py:190} INFO - Skipping movie 972980: could not fetch metadata.
[2026-06-24T10:00:12.124+0000] {logging_mixin.py:190} INFO - Skipping movie 973000: could not fetch metadata.
[2026-06-24T10:00:12.135+0000] {logging_mixin.py:190} INFO - Skipping movie 973002: could not fetch metadata.
[2026-06-24T10:00:12.198+0000] {logging_mixin.py:190} INFO - Skipping movie 973011: could not fetch metadata.
[2026-06-24T10:00:16.320+0000] {logging_mixin.py:190} INFO - Skipping movie 1497914: could not fetch metadata.
[2026-06-24T10:00:17.478+0000] {logging_mixin.py:190} INFO - Skipping movie 973780: could not fetch metadata.
[2026-06-24T10:00:18.512+0000] {logging_mixin.py:190} INFO - Skipping movie 973869: could not fetch metadata.
[2026-06-24T10:00:18.870+0000] {logging_mixin.py:190} INFO - Skipping movie 973876: could not fetch metadata.
[2026-06-24T10:00:18.891+0000] {logging_mixin.py:190} INFO - Skipping movie 973885: could not fetch metadata.
[2026-06-24T10:00:18.907+0000] {logging_mixin.py:190} INFO - Skipping movie 973889: could not fetch metadata.
[2026-06-24T10:00:18.908+0000] {logging_mixin.py:190} INFO - Skipping movie 973897: could not fetch metadata.
[2026-06-24T10:00:19.066+0000] {logging_mixin.py:190} INFO - Skipping movie 973903: could not fetch metadata.
[2026-06-24T10:00:19.128+0000] {logging_mixin.py:190} INFO - Skipping movie 973909: could not fetch metadata.
[2026-06-24T10:00:19.261+0000] {logging_mixin.py:190} INFO - Skipping movie 973915: could not fetch metadata.
[2026-06-24T10:00:22.743+0000] {logging_mixin.py:190} INFO - Skipping movie 1629809: could not fetch metadata.
[2026-06-24T10:00:23.172+0000] {logging_mixin.py:190} INFO - Skipping movie 1498803: could not fetch metadata.
[2026-06-24T10:00:24.000+0000] {logging_mixin.py:190} INFO - Skipping movie 1236745: could not fetch metadata.
[2026-06-24T10:00:26.628+0000] {logging_mixin.py:190} INFO - Skipping movie 1630279: could not fetch metadata.
[2026-06-24T10:00:26.719+0000] {logging_mixin.py:190} INFO - Skipping movie 1368150: could not fetch metadata.
[2026-06-24T10:00:29.882+0000] {logging_mixin.py:190} INFO - Skipping movie 1630524: could not fetch metadata.
[2026-06-24T10:00:32.116+0000] {logging_mixin.py:190} INFO - Skipping movie 844316: could not fetch metadata.
[2026-06-24T10:00:32.212+0000] {logging_mixin.py:190} INFO - Skipping movie 1106479: could not fetch metadata.
[2026-06-24T10:00:35.809+0000] {logging_mixin.py:190} INFO - Skipping movie 1631214: could not fetch metadata.
[2026-06-24T10:00:51.598+0000] {logging_mixin.py:190} INFO - Skipping movie 1502058: could not fetch metadata.
[2026-06-24T10:00:52.505+0000] {logging_mixin.py:190} INFO - Skipping movie 60407: could not fetch metadata.
[2026-06-24T10:00:55.267+0000] {logging_mixin.py:190} INFO - Skipping movie 1633673: could not fetch metadata.
[2026-06-24T10:01:02.441+0000] {logging_mixin.py:190} INFO - Skipping movie 1372255: could not fetch metadata.
[2026-06-24T10:01:08.317+0000] {logging_mixin.py:190} INFO - Skipping movie 1503937: could not fetch metadata.
[2026-06-24T10:01:08.786+0000] {logging_mixin.py:190} INFO - Skipping movie 1635066: could not fetch metadata.
[2026-06-24T10:01:10.736+0000] {logging_mixin.py:190} INFO - Skipping movie 1635218: could not fetch metadata.
[2026-06-24T10:01:15.317+0000] {logging_mixin.py:190} INFO - Skipping movie 1504529: could not fetch metadata.
[2026-06-24T10:01:15.537+0000] {logging_mixin.py:190} INFO - Skipping movie 1504539: could not fetch metadata.
[2026-06-24T10:01:16.678+0000] {logging_mixin.py:190} INFO - Skipping movie 1635733: could not fetch metadata.
[2026-06-24T10:01:18.409+0000] {logging_mixin.py:190} INFO - Skipping movie 849523: could not fetch metadata.
[2026-06-24T10:01:19.321+0000] {logging_mixin.py:190} INFO - Skipping movie 1504994: could not fetch metadata.
[2026-06-24T10:01:22.856+0000] {logging_mixin.py:190} INFO - Skipping movie 1636415: could not fetch metadata.
[2026-06-24T10:01:39.032+0000] {logging_mixin.py:190} INFO - Skipping movie 1637769: could not fetch metadata.
[2026-06-24T10:01:39.206+0000] {logging_mixin.py:190} INFO - Skipping movie 1637777: could not fetch metadata.
[2026-06-24T10:01:39.479+0000] {logging_mixin.py:190} INFO - Skipping movie 1637831: could not fetch metadata.
[2026-06-24T10:01:42.331+0000] {logging_mixin.py:190} INFO - Skipping movie 1638220: could not fetch metadata.
[2026-06-24T10:01:44.215+0000] {logging_mixin.py:190} INFO - Skipping movie 1114120: could not fetch metadata.
[2026-06-24T10:01:45.877+0000] {logging_mixin.py:190} INFO - Skipping movie 1638649: could not fetch metadata.
[2026-06-24T10:01:46.209+0000] {logging_mixin.py:190} INFO - Skipping movie 1638706: could not fetch metadata.
[2026-06-24T10:01:58.325+0000] {logging_mixin.py:190} INFO - Skipping movie 1640136: could not fetch metadata.
[2026-06-24T10:02:03.914+0000] {logging_mixin.py:190} INFO - Skipping movie 1247503: could not fetch metadata.
[2026-06-24T10:02:05.548+0000] {logging_mixin.py:190} INFO - Skipping movie 1247732: could not fetch metadata.
[2026-06-24T10:02:08.532+0000] {logging_mixin.py:190} INFO - Skipping movie 1641314: could not fetch metadata.
[2026-06-24T10:02:09.733+0000] {logging_mixin.py:190} INFO - Skipping movie 68602: could not fetch metadata.
[2026-06-24T10:02:20.850+0000] {logging_mixin.py:190} INFO - Skipping movie 1642321: could not fetch metadata.
[2026-06-24T10:02:23.407+0000] {logging_mixin.py:190} INFO - Skipping movie 594017: could not fetch metadata.
[2026-06-24T10:02:24.180+0000] {logging_mixin.py:190} INFO - Skipping movie 1511568: could not fetch metadata.
[2026-06-24T10:02:25.278+0000] {logging_mixin.py:190} INFO - Skipping movie 1642819: could not fetch metadata.
[2026-06-24T10:02:35.275+0000] {logging_mixin.py:190} INFO - Skipping movie 1643984: could not fetch metadata.
[2026-06-24T10:02:35.800+0000] {logging_mixin.py:190} INFO - Skipping movie 1119742: could not fetch metadata.
[2026-06-24T10:02:42.992+0000] {logging_mixin.py:190} INFO - Skipping movie 1644874: could not fetch metadata.
[2026-06-24T10:02:44.124+0000] {logging_mixin.py:190} INFO - Skipping movie 1644917: could not fetch metadata.
[2026-06-24T10:02:46.157+0000] {logging_mixin.py:190} INFO - Skipping movie 1251832: could not fetch metadata.
[2026-06-24T10:02:52.702+0000] {logging_mixin.py:190} INFO - Skipping movie 1514730: could not fetch metadata.
[2026-06-24T10:02:57.680+0000] {logging_mixin.py:190} INFO - Skipping movie 1646263: could not fetch metadata.
[2026-06-24T10:03:01.292+0000] {logging_mixin.py:190} INFO - Skipping movie 1253471: could not fetch metadata.
[2026-06-24T10:03:04.029+0000] {logging_mixin.py:190} INFO - Skipping movie 1122629: could not fetch metadata.
[2026-06-24T10:03:06.184+0000] {logging_mixin.py:190} INFO - Skipping movie 1516002: could not fetch metadata.
[2026-06-24T10:03:16.815+0000] {logging_mixin.py:190} INFO - Skipping movie 1255067: could not fetch metadata.
[2026-06-24T10:03:17.254+0000] {logging_mixin.py:190} INFO - Skipping movie 730841: could not fetch metadata.
[2026-06-24T10:03:21.512+0000] {logging_mixin.py:190} INFO - Skipping movie 1648891: could not fetch metadata.
[2026-06-24T10:03:29.210+0000] {logging_mixin.py:190} INFO - Skipping movie 1649575: could not fetch metadata.
[2026-06-24T10:03:29.888+0000] {logging_mixin.py:190} INFO - Skipping movie 1649656: could not fetch metadata.
[2026-06-24T10:03:30.141+0000] {logging_mixin.py:190} INFO - Skipping movie 1649678: could not fetch metadata.
[2026-06-24T10:03:30.225+0000] {logging_mixin.py:190} INFO - Skipping movie 1649696: could not fetch metadata.
[2026-06-24T10:03:39.496+0000] {logging_mixin.py:190} INFO - Skipping movie 1650612: could not fetch metadata.
[2026-06-24T10:03:40.373+0000] {logging_mixin.py:190} INFO - Skipping movie 1519637: could not fetch metadata.
[2026-06-24T10:03:42.449+0000] {logging_mixin.py:190} INFO - Skipping movie 1519937: could not fetch metadata.
[2026-06-24T10:03:55.117+0000] {logging_mixin.py:190} INFO - Skipping movie 1390220: could not fetch metadata.
[2026-06-24T10:03:55.234+0000] {logging_mixin.py:190} INFO - Skipping movie 1652390: could not fetch metadata.
[2026-06-24T10:03:59.714+0000] {logging_mixin.py:190} INFO - Skipping movie 1521863: could not fetch metadata.
[2026-06-24T10:04:00.068+0000] {logging_mixin.py:190} INFO - Skipping movie 1652966: could not fetch metadata.
[2026-06-24T10:04:00.077+0000] {logging_mixin.py:190} INFO - Skipping movie 1521900: could not fetch metadata.
[2026-06-24T10:04:04.787+0000] {logging_mixin.py:190} INFO - Skipping movie 998167: could not fetch metadata.
[2026-06-24T10:04:13.637+0000] {logging_mixin.py:190} INFO - Skipping movie 1654854: could not fetch metadata.
[2026-06-24T10:04:13.809+0000] {logging_mixin.py:190} INFO - Skipping movie 999529: could not fetch metadata.
[2026-06-24T10:04:22.875+0000] {logging_mixin.py:190} INFO - Skipping movie 1656115: could not fetch metadata.
[2026-06-24T10:04:23.259+0000] {logging_mixin.py:190} INFO - Skipping movie 1656189: could not fetch metadata.
[2026-06-24T10:04:23.377+0000] {logging_mixin.py:190} INFO - Skipping movie 1656192: could not fetch metadata.
[2026-06-24T10:04:23.390+0000] {logging_mixin.py:190} INFO - Skipping movie 1656195: could not fetch metadata.
[2026-06-24T10:04:23.526+0000] {logging_mixin.py:190} INFO - Skipping movie 1656199: could not fetch metadata.
[2026-06-24T10:04:33.017+0000] {logging_mixin.py:190} INFO - Skipping movie 1132787: could not fetch metadata.
[2026-06-24T10:04:49.522+0000] {logging_mixin.py:190} INFO - Skipping movie 1134858: could not fetch metadata.
[2026-06-24T10:04:51.267+0000] {logging_mixin.py:190} INFO - Skipping movie 479801: could not fetch metadata.
[2026-06-24T10:04:54.088+0000] {logging_mixin.py:190} INFO - Skipping movie 87011: could not fetch metadata.
[2026-06-24T10:04:54.871+0000] {logging_mixin.py:190} INFO - Skipping movie 742497: could not fetch metadata.
[2026-06-24T10:04:55.900+0000] {logging_mixin.py:190} INFO - Skipping movie 1660076: could not fetch metadata.
[2026-06-24T10:04:59.259+0000] {logging_mixin.py:190} INFO - Skipping movie 873932: could not fetch metadata.
[2026-06-24T10:04:59.809+0000] {logging_mixin.py:190} INFO - Skipping movie 1136091: could not fetch metadata.
[2026-06-24T10:05:00.349+0000] {logging_mixin.py:190} INFO - Skipping movie 1529367: could not fetch metadata.
[2026-06-24T10:05:02.611+0000] {logging_mixin.py:190} INFO - Skipping movie 1529673: could not fetch metadata.
[2026-06-24T10:05:04.746+0000] {logging_mixin.py:190} INFO - Skipping movie 1398949: could not fetch metadata.
[2026-06-24T10:05:07.393+0000] {logging_mixin.py:190} INFO - Skipping movie 1530350: could not fetch metadata.
[2026-06-24T10:05:09.834+0000] {logging_mixin.py:190} INFO - Skipping movie 1530600: could not fetch metadata.
[2026-06-24T10:05:10.582+0000] {logging_mixin.py:190} INFO - Skipping movie 1399701: could not fetch metadata.
[2026-06-24T10:05:11.832+0000] {logging_mixin.py:190} INFO - Skipping movie 1530883: could not fetch metadata.
[2026-06-24T10:05:11.906+0000] {logging_mixin.py:190} INFO - Skipping movie 1530884: could not fetch metadata.
[2026-06-24T10:05:13.454+0000] {logging_mixin.py:190} INFO - Skipping movie 875700: could not fetch metadata.
[2026-06-24T10:05:17.439+0000] {logging_mixin.py:190} INFO - Skipping movie 1531581: could not fetch metadata.
[2026-06-24T10:05:17.575+0000] {logging_mixin.py:190} INFO - Skipping movie 1531597: could not fetch metadata.
[2026-06-24T10:05:17.582+0000] {logging_mixin.py:190} INFO - Skipping movie 1531584: could not fetch metadata.
[2026-06-24T10:05:18.953+0000] {logging_mixin.py:190} INFO - Skipping movie 1662909: could not fetch metadata.
[2026-06-24T10:05:19.048+0000] {logging_mixin.py:190} INFO - Skipping movie 1531840: could not fetch metadata.
[2026-06-24T10:05:19.132+0000] {logging_mixin.py:190} INFO - Skipping movie 1531843: could not fetch metadata.
[2026-06-24T10:05:19.246+0000] {logging_mixin.py:190} INFO - Skipping movie 1662917: could not fetch metadata.
[2026-06-24T10:05:19.347+0000] {logging_mixin.py:190} INFO - Skipping movie 1662925: could not fetch metadata.
[2026-06-24T10:05:19.349+0000] {logging_mixin.py:190} INFO - Skipping movie 1531847: could not fetch metadata.
[2026-06-24T10:05:19.361+0000] {logging_mixin.py:190} INFO - Skipping movie 1531850: could not fetch metadata.
[2026-06-24T10:05:19.376+0000] {logging_mixin.py:190} INFO - Skipping movie 1662930: could not fetch metadata.
[2026-06-24T10:05:19.394+0000] {logging_mixin.py:190} INFO - Skipping movie 1662935: could not fetch metadata.
[2026-06-24T10:05:26.887+0000] {logging_mixin.py:190} INFO - Skipping movie 484314: could not fetch metadata.
[2026-06-24T10:05:28.769+0000] {logging_mixin.py:190} INFO - Skipping movie 1664278: could not fetch metadata.
[2026-06-24T10:05:34.811+0000] {logging_mixin.py:190} INFO - Skipping movie 1665030: could not fetch metadata.
[2026-06-24T10:05:36.083+0000] {logging_mixin.py:190} INFO - Skipping movie 1665159: could not fetch metadata.
[2026-06-24T10:05:37.296+0000] {logging_mixin.py:190} INFO - Skipping movie 1665296: could not fetch metadata.
[2026-06-24T10:05:41.628+0000] {logging_mixin.py:190} INFO - Skipping movie 1141638: could not fetch metadata.
[2026-06-24T10:05:42.105+0000] {logging_mixin.py:190} INFO - Skipping movie 1666016: could not fetch metadata.
[2026-06-24T10:05:43.586+0000] {logging_mixin.py:190} INFO - Skipping movie 1141873: could not fetch metadata.
[2026-06-24T10:05:44.725+0000] {logging_mixin.py:190} INFO - Skipping movie 1666290: could not fetch metadata.
[2026-06-24T10:05:44.885+0000] {logging_mixin.py:190} INFO - Skipping movie 1666304: could not fetch metadata.
[2026-06-24T10:05:45.113+0000] {logging_mixin.py:190} INFO - Skipping movie 1666320: could not fetch metadata.
[2026-06-24T10:05:45.145+0000] {logging_mixin.py:190} INFO - Skipping movie 1666343: could not fetch metadata.
[2026-06-24T10:05:48.914+0000] {logging_mixin.py:190} INFO - Skipping movie 1273675: could not fetch metadata.
[2026-06-24T10:05:51.473+0000] {logging_mixin.py:190} INFO - Skipping movie 1667220: could not fetch metadata.
[2026-06-24T10:05:51.566+0000] {logging_mixin.py:190} INFO - Skipping movie 1667228: could not fetch metadata.
[2026-06-24T10:05:51.814+0000] {logging_mixin.py:190} INFO - Skipping movie 1143023: could not fetch metadata.
[2026-06-24T10:05:55.100+0000] {logging_mixin.py:190} INFO - Skipping movie 619200: could not fetch metadata.
[2026-06-24T10:05:56.599+0000] {logging_mixin.py:190} INFO - Skipping movie 1274861: could not fetch metadata.
[2026-06-24T10:05:57.099+0000] {logging_mixin.py:190} INFO - Skipping movie 1274933: could not fetch metadata.
[2026-06-24T10:05:58.657+0000] {logging_mixin.py:190} INFO - Skipping movie 1275140: could not fetch metadata.
[2026-06-24T10:06:00.868+0000] {logging_mixin.py:190} INFO - Skipping movie 1668784: could not fetch metadata.
[2026-06-24T10:06:01.641+0000] {logging_mixin.py:190} INFO - Skipping movie 1668897: could not fetch metadata.
[2026-06-24T10:06:04.854+0000] {logging_mixin.py:190} INFO - Skipping movie 751834: could not fetch metadata.
[2026-06-24T10:06:04.988+0000] {logging_mixin.py:190} INFO - Skipping movie 1276132: could not fetch metadata.
[2026-06-24T10:06:05.841+0000] {logging_mixin.py:190} INFO - Skipping movie 1669522: could not fetch metadata.
[2026-06-24T10:06:09.838+0000] {logging_mixin.py:190} INFO - Skipping movie 1670274: could not fetch metadata.
[2026-06-24T10:06:09.971+0000] {logging_mixin.py:190} INFO - Skipping movie 1670287: could not fetch metadata.
[2026-06-24T10:06:11.129+0000] {logging_mixin.py:190} INFO - Skipping movie 1670497: could not fetch metadata.
[2026-06-24T10:06:11.273+0000] {logging_mixin.py:190} INFO - Skipping movie 1670515: could not fetch metadata.
[2026-06-24T10:06:11.790+0000] {logging_mixin.py:190} INFO - Skipping movie 1146386: could not fetch metadata.
[2026-06-24T10:06:12.734+0000] {logging_mixin.py:190} INFO - Skipping movie 1146621: could not fetch metadata.
[2026-06-24T10:06:13.588+0000] {logging_mixin.py:190} INFO - Skipping movie 1146775: could not fetch metadata.
[2026-06-24T10:06:13.621+0000] {logging_mixin.py:190} INFO - Skipping movie 1146777: could not fetch metadata.
[2026-06-24T10:06:13.645+0000] {logging_mixin.py:190} INFO - Skipping movie 1146778: could not fetch metadata.
[2026-06-24T10:06:13.657+0000] {logging_mixin.py:190} INFO - Skipping movie 1146779: could not fetch metadata.
[2026-06-24T10:06:13.690+0000] {logging_mixin.py:190} INFO - Skipping movie 1146780: could not fetch metadata.
[2026-06-24T10:06:13.734+0000] {logging_mixin.py:190} INFO - Skipping movie 1146782: could not fetch metadata.
[2026-06-24T10:06:13.864+0000] {logging_mixin.py:190} INFO - Skipping movie 1146784: could not fetch metadata.
[2026-06-24T10:06:14.503+0000] {logging_mixin.py:190} INFO - Skipping movie 1671168: could not fetch metadata.
[2026-06-24T10:06:14.988+0000] {logging_mixin.py:190} INFO - Skipping movie 1671219: could not fetch metadata.
[2026-06-24T10:06:15.786+0000] {logging_mixin.py:190} INFO - Skipping movie 1147112: could not fetch metadata.
[2026-06-24T10:06:15.867+0000] {logging_mixin.py:190} INFO - Skipping movie 1540351: could not fetch metadata.
[2026-06-24T10:06:17.165+0000] {logging_mixin.py:190} INFO - Skipping movie 361034: could not fetch metadata.
[2026-06-24T10:06:23.492+0000] {logging_mixin.py:190} INFO - Skipping movie 1410844: could not fetch metadata.
[2026-06-24T10:06:23.760+0000] {logging_mixin.py:190} INFO - Skipping movie 1410876: could not fetch metadata.
[2026-06-24T10:06:26.588+0000] {logging_mixin.py:190} INFO - Skipping movie 887013: could not fetch metadata.
[2026-06-24T10:06:28.227+0000] {logging_mixin.py:190} INFO - Skipping movie 1149420: could not fetch metadata.
[2026-06-24T10:06:28.702+0000] {logging_mixin.py:190} INFO - Skipping movie 1280561: could not fetch metadata.
[2026-06-24T10:06:29.054+0000] {logging_mixin.py:190} INFO - Skipping movie 1542736: could not fetch metadata.
[2026-06-24T10:06:29.118+0000] {logging_mixin.py:190} INFO - Skipping movie 1673839: could not fetch metadata.
[2026-06-24T10:06:29.219+0000] {logging_mixin.py:190} INFO - Skipping movie 1542773: could not fetch metadata.
[2026-06-24T10:06:29.483+0000] {logging_mixin.py:190} INFO - Skipping movie 1542799: could not fetch metadata.
[2026-06-24T10:06:32.602+0000] {logging_mixin.py:190} INFO - Skipping movie 1674221: could not fetch metadata.
[2026-06-24T10:06:33.073+0000] {logging_mixin.py:190} INFO - Skipping movie 887855: could not fetch metadata.
[2026-06-24T10:06:39.310+0000] {logging_mixin.py:190} INFO - Skipping movie 1675158: could not fetch metadata.
[2026-06-24T10:06:39.467+0000] {logging_mixin.py:190} INFO - Skipping movie 888746: could not fetch metadata.
[2026-06-24T10:06:40.779+0000] {logging_mixin.py:190} INFO - Skipping movie 888907: could not fetch metadata.
[2026-06-24T10:06:44.677+0000] {logging_mixin.py:190} INFO - Skipping movie 1544994: could not fetch metadata.
[2026-06-24T10:06:46.210+0000] {logging_mixin.py:190} INFO - Skipping movie 1676299: could not fetch metadata.
[2026-06-24T10:06:46.769+0000] {logging_mixin.py:190} INFO - Skipping movie 365652: could not fetch metadata.
[2026-06-24T10:06:47.152+0000] {logging_mixin.py:190} INFO - Skipping movie 890016: could not fetch metadata.
[2026-06-24T10:06:56.415+0000] {logging_mixin.py:190} INFO - Skipping movie 1546672: could not fetch metadata.
[2026-06-24T10:06:57.708+0000] {logging_mixin.py:190} INFO - Skipping movie 1546809: could not fetch metadata.
[2026-06-24T10:07:00.457+0000] {logging_mixin.py:190} INFO - Skipping movie 1678424: could not fetch metadata.
[2026-06-24T10:07:01.913+0000] {logging_mixin.py:190} INFO - Skipping movie 892236: could not fetch metadata.
[2026-06-24T10:07:05.980+0000] {logging_mixin.py:190} INFO - Skipping movie 1154856: could not fetch metadata.
[2026-06-24T10:07:07.559+0000] {logging_mixin.py:190} INFO - Skipping movie 1454008: could not fetch metadata.
[2026-06-24T10:07:10.940+0000] {logging_mixin.py:190} INFO - Skipping movie 1679832: could not fetch metadata.
[2026-06-24T10:07:11.637+0000] {logging_mixin.py:190} INFO - Skipping movie 107095: could not fetch metadata.
[2026-06-24T10:07:16.382+0000] {logging_mixin.py:190} INFO - Skipping movie 1156313: could not fetch metadata.
[2026-06-24T10:07:16.482+0000] {logging_mixin.py:190} INFO - Skipping movie 1287400: could not fetch metadata.
[2026-06-24T10:07:24.010+0000] {logging_mixin.py:190} INFO - Skipping movie 1157189: could not fetch metadata.
[2026-06-24T10:07:24.714+0000] {logging_mixin.py:190} INFO - Skipping movie 1157293: could not fetch metadata.
[2026-06-24T10:07:33.819+0000] {logging_mixin.py:190} INFO - Skipping movie 1454723: could not fetch metadata.
[2026-06-24T10:07:34.331+0000] {logging_mixin.py:190} INFO - Skipping movie 1683071: could not fetch metadata.
[2026-06-24T10:07:34.664+0000] {logging_mixin.py:190} INFO - Skipping movie 765592: could not fetch metadata.
[2026-06-24T10:07:39.313+0000] {logging_mixin.py:190} INFO - Skipping movie 1683650: could not fetch metadata.
[2026-06-24T10:07:42.345+0000] {logging_mixin.py:190} INFO - Skipping movie 1684052: could not fetch metadata.
[2026-06-24T10:07:42.495+0000] {logging_mixin.py:190} INFO - Skipping movie 1684065: could not fetch metadata.
[2026-06-24T10:07:42.817+0000] {logging_mixin.py:190} INFO - Skipping movie 1684090: could not fetch metadata.
[2026-06-24T10:07:42.899+0000] {logging_mixin.py:190} INFO - Skipping movie 635540: could not fetch metadata.
[2026-06-24T10:07:42.949+0000] {logging_mixin.py:190} INFO - Skipping movie 1684131: could not fetch metadata.
[2026-06-24T10:07:43.267+0000] {logging_mixin.py:190} INFO - Skipping movie 1684154: could not fetch metadata.
[2026-06-24T10:07:46.453+0000] {logging_mixin.py:190} INFO - Skipping movie 504915: could not fetch metadata.
[2026-06-24T10:07:47.231+0000] {logging_mixin.py:190} INFO - Skipping movie 1684637: could not fetch metadata.
[2026-06-24T10:07:50.120+0000] {logging_mixin.py:190} INFO - Skipping movie 1684994: could not fetch metadata.
[2026-06-24T10:07:52.504+0000] {logging_mixin.py:190} INFO - Skipping movie 1554331: could not fetch metadata.
[2026-06-24T10:07:52.609+0000] {logging_mixin.py:190} INFO - Skipping movie 374691: could not fetch metadata.
[2026-06-24T10:07:53.435+0000] {logging_mixin.py:190} INFO - Skipping movie 1685538: could not fetch metadata.
[2026-06-24T10:07:53.937+0000] {logging_mixin.py:190} INFO - Skipping movie 1685599: could not fetch metadata.
[2026-06-24T10:07:54.184+0000] {logging_mixin.py:190} INFO - Skipping movie 1292421: could not fetch metadata.
[2026-06-24T10:07:54.248+0000] {logging_mixin.py:190} INFO - Skipping movie 1685653: could not fetch metadata.
[2026-06-24T10:07:54.263+0000] {logging_mixin.py:190} INFO - Skipping movie 1292424: could not fetch metadata.
[2026-06-24T10:07:54.324+0000] {logging_mixin.py:190} INFO - Skipping movie 1292423: could not fetch metadata.
[2026-06-24T10:07:54.762+0000] {logging_mixin.py:190} INFO - Skipping movie 1685742: could not fetch metadata.
[2026-06-24T10:07:59.003+0000] {logging_mixin.py:190} INFO - Skipping movie 1686206: could not fetch metadata.
[2026-06-24T10:07:59.095+0000] {logging_mixin.py:190} INFO - Skipping movie 1686216: could not fetch metadata.
[2026-06-24T10:07:59.967+0000] {logging_mixin.py:190} INFO - Skipping movie 1424199: could not fetch metadata.
[2026-06-24T10:08:02.250+0000] {logging_mixin.py:190} INFO - Skipping movie 1686693: could not fetch metadata.
[2026-06-24T10:08:05.314+0000] {logging_mixin.py:190} INFO - Skipping movie 1687129: could not fetch metadata.
[2026-06-24T10:08:06.267+0000] {logging_mixin.py:190} INFO - Skipping movie 1556250: could not fetch metadata.
[2026-06-24T10:08:10.677+0000] {logging_mixin.py:190} INFO - Skipping movie 1716214: could not fetch metadata.
[2026-06-24T10:08:11.047+0000] {logging_mixin.py:190} INFO - Skipping movie 1716224: could not fetch metadata.
[2026-06-24T10:08:11.260+0000] {logging_mixin.py:190} INFO - Skipping movie 1716225: could not fetch metadata.
[2026-06-24T10:08:12.967+0000] {logging_mixin.py:190} INFO - Skipping movie 1688182: could not fetch metadata.
[2026-06-24T10:08:14.122+0000] {logging_mixin.py:190} INFO - Skipping movie 1716304: could not fetch metadata.
[2026-06-24T10:08:15.486+0000] {logging_mixin.py:190} INFO - Skipping movie 1716350: could not fetch metadata.
[2026-06-24T10:08:17.116+0000] {logging_mixin.py:190} INFO - Skipping movie 1716391: could not fetch metadata.
[2026-06-24T10:08:17.827+0000] {logging_mixin.py:190} INFO - Skipping movie 1716403: could not fetch metadata.
[2026-06-24T10:08:18.383+0000] {logging_mixin.py:190} INFO - Skipping movie 1688868: could not fetch metadata.
[2026-06-24T10:08:21.070+0000] {logging_mixin.py:190} INFO - Skipping movie 1716470: could not fetch metadata.
[2026-06-24T10:08:21.616+0000] {logging_mixin.py:190} INFO - Skipping movie 1716482: could not fetch metadata.
[2026-06-24T10:08:21.708+0000] {logging_mixin.py:190} INFO - Skipping movie 1716483: could not fetch metadata.
[2026-06-24T10:08:21.880+0000] {logging_mixin.py:190} INFO - Skipping movie 1427145: could not fetch metadata.
[2026-06-24T10:08:22.034+0000] {logging_mixin.py:190} INFO - Skipping movie 1689311: could not fetch metadata.
[2026-06-24T10:08:23.223+0000] {logging_mixin.py:190} INFO - Skipping movie 1716535: could not fetch metadata.
[2026-06-24T10:08:25.651+0000] {logging_mixin.py:190} INFO - Skipping movie 903414: could not fetch metadata.
[2026-06-24T10:08:26.644+0000] {logging_mixin.py:190} INFO - Skipping movie 1558916: could not fetch metadata.
[2026-06-24T10:08:28.447+0000] {logging_mixin.py:190} INFO - Skipping movie 1428024: could not fetch metadata.
[2026-06-24T10:08:28.816+0000] {logging_mixin.py:190} INFO - Skipping movie 1428061: could not fetch metadata.
[2026-06-24T10:08:33.492+0000] {logging_mixin.py:190} INFO - Skipping movie 1716772: could not fetch metadata.
[2026-06-24T10:08:33.801+0000] {logging_mixin.py:190} INFO - Skipping movie 1297507: could not fetch metadata.
[2026-06-24T10:08:33.869+0000] {logging_mixin.py:190} INFO - Skipping movie 1716783: could not fetch metadata.
[2026-06-24T10:08:36.264+0000] {logging_mixin.py:190} INFO - Skipping movie 1716829: could not fetch metadata.
[2026-06-24T10:08:36.478+0000] {logging_mixin.py:190} INFO - Skipping movie 1691019: could not fetch metadata.
[2026-06-24T10:08:37.041+0000] {logging_mixin.py:190} INFO - Skipping movie 1691110: could not fetch metadata.
[2026-06-24T10:08:37.861+0000] {logging_mixin.py:190} INFO - Skipping movie 1716869: could not fetch metadata.
[2026-06-24T10:08:38.165+0000] {logging_mixin.py:190} INFO - Skipping movie 1691196: could not fetch metadata.
[2026-06-24T10:08:39.150+0000] {logging_mixin.py:190} INFO - Skipping movie 1716890: could not fetch metadata.
[2026-06-24T10:08:39.224+0000] {logging_mixin.py:190} INFO - Skipping movie 1691324: could not fetch metadata.
[2026-06-24T10:08:40.906+0000] {logging_mixin.py:190} INFO - Skipping movie 1716937: could not fetch metadata.
[2026-06-24T10:08:41.306+0000] {logging_mixin.py:190} INFO - Skipping movie 1560509: could not fetch metadata.
[2026-06-24T10:08:41.744+0000] {logging_mixin.py:190} INFO - Skipping movie 1691603: could not fetch metadata.
[2026-06-24T10:08:41.818+0000] {logging_mixin.py:190} INFO - Skipping movie 1716953: could not fetch metadata.
[2026-06-24T10:08:43.391+0000] {logging_mixin.py:190} INFO - Skipping movie 1716985: could not fetch metadata.
[2026-06-24T10:08:43.413+0000] {logging_mixin.py:190} INFO - Skipping movie 1691768: could not fetch metadata.
[2026-06-24T10:08:44.197+0000] {logging_mixin.py:190} INFO - Skipping movie 1716999: could not fetch metadata.
[2026-06-24T10:08:44.263+0000] {logging_mixin.py:190} INFO - Skipping movie 1691832: could not fetch metadata.
[2026-06-24T10:08:46.508+0000] {logging_mixin.py:190} INFO - Skipping movie 1717066: could not fetch metadata.
[2026-06-24T10:08:46.644+0000] {logging_mixin.py:190} INFO - Skipping movie 1167904: could not fetch metadata.
[2026-06-24T10:08:46.985+0000] {logging_mixin.py:190} INFO - Skipping movie 1561155: could not fetch metadata.
[2026-06-24T10:08:47.519+0000] {logging_mixin.py:190} INFO - Skipping movie 1717088: could not fetch metadata.
[2026-06-24T10:08:48.264+0000] {logging_mixin.py:190} INFO - Skipping movie 1168057: could not fetch metadata.
[2026-06-24T10:08:50.072+0000] {logging_mixin.py:190} INFO - Skipping movie 1717137: could not fetch metadata.
[2026-06-24T10:08:52.232+0000] {logging_mixin.py:190} INFO - Skipping movie 775237: could not fetch metadata.
[2026-06-24T10:08:53.474+0000] {logging_mixin.py:190} INFO - Skipping movie 1692929: could not fetch metadata.
[2026-06-24T10:08:54.521+0000] {logging_mixin.py:190} INFO - Skipping movie 1717240: could not fetch metadata.
[2026-06-24T10:08:54.917+0000] {logging_mixin.py:190} INFO - Skipping movie 1717246: could not fetch metadata.
[2026-06-24T10:08:56.995+0000] {logging_mixin.py:190} INFO - Skipping movie 1717296: could not fetch metadata.
[2026-06-24T10:08:58.779+0000] {logging_mixin.py:190} INFO - Skipping movie 1717333: could not fetch metadata.
[2026-06-24T10:08:59.162+0000] {logging_mixin.py:190} INFO - Skipping movie 1693592: could not fetch metadata.
[2026-06-24T10:08:59.337+0000] {logging_mixin.py:190} INFO - Skipping movie 1693602: could not fetch metadata.
[2026-06-24T10:08:59.343+0000] {logging_mixin.py:190} INFO - Skipping movie 1693616: could not fetch metadata.
[2026-06-24T10:08:59.649+0000] {logging_mixin.py:190} INFO - Skipping movie 1717360: could not fetch metadata.
[2026-06-24T10:08:59.729+0000] {logging_mixin.py:190} INFO - Skipping movie 1717361: could not fetch metadata.
[2026-06-24T10:09:00.531+0000] {logging_mixin.py:190} INFO - Skipping movie 1693711: could not fetch metadata.
[2026-06-24T10:09:01.253+0000] {logging_mixin.py:190} INFO - Skipping movie 1717385: could not fetch metadata.
[2026-06-24T10:09:02.769+0000] {logging_mixin.py:190} INFO - Skipping movie 1717417: could not fetch metadata.
[2026-06-24T10:09:02.951+0000] {logging_mixin.py:190} INFO - Skipping movie 1717418: could not fetch metadata.
[2026-06-24T10:09:04.498+0000] {logging_mixin.py:190} INFO - Skipping movie 1717440: could not fetch metadata.
[2026-06-24T10:09:04.859+0000] {logging_mixin.py:190} INFO - Skipping movie 1169809: could not fetch metadata.
[2026-06-24T10:09:05.231+0000] {logging_mixin.py:190} INFO - Skipping movie 1717466: could not fetch metadata.
[2026-06-24T10:09:05.298+0000] {logging_mixin.py:190} INFO - Skipping movie 1717467: could not fetch metadata.
[2026-06-24T10:09:05.375+0000] {logging_mixin.py:190} INFO - Skipping movie 1717468: could not fetch metadata.
[2026-06-24T10:09:05.643+0000] {logging_mixin.py:190} INFO - Skipping movie 1694238: could not fetch metadata.
[2026-06-24T10:09:06.594+0000] {logging_mixin.py:190} INFO - Skipping movie 1717492: could not fetch metadata.
[2026-06-24T10:09:08.511+0000] {logging_mixin.py:190} INFO - Skipping movie 1717539: could not fetch metadata.
[2026-06-24T10:09:08.877+0000] {logging_mixin.py:190} INFO - Skipping movie 1717546: could not fetch metadata.
[2026-06-24T10:09:10.667+0000] {logging_mixin.py:190} INFO - Skipping movie 1717582: could not fetch metadata.
[2026-06-24T10:09:10.910+0000] {logging_mixin.py:190} INFO - Skipping movie 1717583: could not fetch metadata.
[2026-06-24T10:09:13.185+0000] {logging_mixin.py:190} INFO - Skipping movie 1717639: could not fetch metadata.
[2026-06-24T10:09:14.172+0000] {logging_mixin.py:190} INFO - Skipping movie 1717655: could not fetch metadata.
[2026-06-24T10:09:14.689+0000] {logging_mixin.py:190} INFO - Skipping movie 1695207: could not fetch metadata.
[2026-06-24T10:09:15.507+0000] {logging_mixin.py:190} INFO - Skipping movie 1717697: could not fetch metadata.
[2026-06-24T10:09:16.585+0000] {logging_mixin.py:190} INFO - Skipping movie 1717731: could not fetch metadata.
[2026-06-24T10:09:18.118+0000] {logging_mixin.py:190} INFO - Skipping movie 1717785: could not fetch metadata.
[2026-06-24T10:09:19.154+0000] {logging_mixin.py:190} INFO - Skipping movie 1695950: could not fetch metadata.
[2026-06-24T10:09:19.533+0000] {logging_mixin.py:190} INFO - Skipping movie 1717827: could not fetch metadata.
[2026-06-24T10:09:20.819+0000] {logging_mixin.py:190} INFO - Skipping movie 1717853: could not fetch metadata.
[2026-06-24T10:09:21.120+0000] {logging_mixin.py:190} INFO - Skipping movie 1696165: could not fetch metadata.
[2026-06-24T10:09:22.670+0000] {logging_mixin.py:190} INFO - Skipping movie 1696320: could not fetch metadata.
[2026-06-24T10:09:22.878+0000] {logging_mixin.py:190} INFO - Skipping movie 647794: could not fetch metadata.
[2026-06-24T10:09:23.273+0000] {logging_mixin.py:190} INFO - Skipping movie 1434256: could not fetch metadata.
[2026-06-24T10:09:23.584+0000] {logging_mixin.py:190} INFO - Skipping movie 1717917: could not fetch metadata.
[2026-06-24T10:09:24.192+0000] {logging_mixin.py:190} INFO - Skipping movie 1717929: could not fetch metadata.
[2026-06-24T10:09:24.511+0000] {logging_mixin.py:190} INFO - Skipping movie 1696568: could not fetch metadata.
[2026-06-24T10:09:25.338+0000] {logging_mixin.py:190} INFO - Skipping movie 1717956: could not fetch metadata.
[2026-06-24T10:09:26.106+0000] {logging_mixin.py:190} INFO - Skipping movie 1717966: could not fetch metadata.
[2026-06-24T10:09:26.371+0000] {logging_mixin.py:190} INFO - Skipping movie 1717962: could not fetch metadata.
[2026-06-24T10:09:27.137+0000] {logging_mixin.py:190} INFO - Skipping movie 1717986: could not fetch metadata.
[2026-06-24T10:09:27.700+0000] {logging_mixin.py:190} INFO - Skipping movie 1696835: could not fetch metadata.
[2026-06-24T10:09:28.015+0000] {logging_mixin.py:190} INFO - Skipping movie 1718003: could not fetch metadata.
[2026-06-24T10:09:28.698+0000] {logging_mixin.py:190} INFO - Skipping movie 1718021: could not fetch metadata.
[2026-06-24T10:09:29.060+0000] {logging_mixin.py:190} INFO - Skipping movie 1718036: could not fetch metadata.
[2026-06-24T10:09:29.548+0000] {logging_mixin.py:190} INFO - Skipping movie 1172829: could not fetch metadata.
[2026-06-24T10:09:30.401+0000] {logging_mixin.py:190} INFO - Skipping movie 1041837: could not fetch metadata.
[2026-06-24T10:09:30.512+0000] {logging_mixin.py:190} INFO - Skipping movie 1697240: could not fetch metadata.
[2026-06-24T10:09:30.704+0000] {logging_mixin.py:190} INFO - Skipping movie 1718076: could not fetch metadata.
[2026-06-24T10:09:31.155+0000] {logging_mixin.py:190} INFO - Skipping movie 1697307: could not fetch metadata.
[2026-06-24T10:09:31.706+0000] {logging_mixin.py:190} INFO - Skipping movie 1718098: could not fetch metadata.
[2026-06-24T10:09:31.792+0000] {logging_mixin.py:190} INFO - Skipping movie 1718103: could not fetch metadata.
[2026-06-24T10:09:32.103+0000] {logging_mixin.py:190} INFO - Skipping movie 1718111: could not fetch metadata.
[2026-06-24T10:09:32.224+0000] {logging_mixin.py:190} INFO - Skipping movie 1566362: could not fetch metadata.
[2026-06-24T10:09:32.502+0000] {logging_mixin.py:190} INFO - Skipping movie 1718120: could not fetch metadata.
[2026-06-24T10:09:32.702+0000] {logging_mixin.py:190} INFO - Skipping movie 1718124: could not fetch metadata.
[2026-06-24T10:09:33.229+0000] {logging_mixin.py:190} INFO - Skipping movie 1718135: could not fetch metadata.
[2026-06-24T10:09:33.615+0000] {logging_mixin.py:190} INFO - Skipping movie 1718145: could not fetch metadata.
[2026-06-24T10:09:34.093+0000] {logging_mixin.py:190} INFO - Skipping movie 1718152: could not fetch metadata.
[2026-06-24T10:09:34.454+0000] {logging_mixin.py:190} INFO - Skipping movie 1697690: could not fetch metadata.
[2026-06-24T10:09:34.472+0000] {logging_mixin.py:190} INFO - Skipping movie 1697682: could not fetch metadata.
[2026-06-24T10:09:34.503+0000] {logging_mixin.py:190} INFO - Skipping movie 1697684: could not fetch metadata.
[2026-06-24T10:09:34.652+0000] {logging_mixin.py:190} INFO - Skipping movie 1697694: could not fetch metadata.
[2026-06-24T10:09:35.247+0000] {logging_mixin.py:190} INFO - Skipping movie 1697760: could not fetch metadata.
[2026-06-24T10:09:35.255+0000] {logging_mixin.py:190} INFO - Skipping movie 1718176: could not fetch metadata.
[2026-06-24T10:09:35.304+0000] {logging_mixin.py:190} INFO - Skipping movie 1697772: could not fetch metadata.
[2026-06-24T10:09:35.501+0000] {logging_mixin.py:190} INFO - Skipping movie 1697780: could not fetch metadata.
[2026-06-24T10:09:35.580+0000] {logging_mixin.py:190} INFO - Skipping movie 1697785: could not fetch metadata.
[2026-06-24T10:09:35.604+0000] {logging_mixin.py:190} INFO - Skipping movie 1697786: could not fetch metadata.
[2026-06-24T10:09:35.757+0000] {logging_mixin.py:190} INFO - Skipping movie 1697796: could not fetch metadata.
[2026-06-24T10:09:35.814+0000] {logging_mixin.py:190} INFO - Skipping movie 1697803: could not fetch metadata.
[2026-06-24T10:09:35.929+0000] {logging_mixin.py:190} INFO - Skipping movie 1697807: could not fetch metadata.
[2026-06-24T10:09:35.967+0000] {logging_mixin.py:190} INFO - Skipping movie 1697810: could not fetch metadata.
[2026-06-24T10:09:36.587+0000] {logging_mixin.py:190} INFO - Skipping movie 1718213: could not fetch metadata.
[2026-06-24T10:09:36.811+0000] {logging_mixin.py:190} INFO - Skipping movie 1718218: could not fetch metadata.
[2026-06-24T10:09:36.974+0000] {logging_mixin.py:190} INFO - Skipping movie 1718223: could not fetch metadata.
[2026-06-24T10:09:37.233+0000] {logging_mixin.py:190} INFO - Skipping movie 1718234: could not fetch metadata.
[2026-06-24T10:09:37.280+0000] {logging_mixin.py:190} INFO - Skipping movie 1718222: could not fetch metadata.
[2026-06-24T10:09:39.309+0000] {logging_mixin.py:190} INFO - Skipping movie 1698210: could not fetch metadata.
[2026-06-24T10:09:39.852+0000] {logging_mixin.py:190} INFO - Skipping movie 1698272: could not fetch metadata.
[2026-06-24T10:09:40.751+0000] {logging_mixin.py:190} INFO - Skipping movie 1698344: could not fetch metadata.
[2026-06-24T10:09:40.944+0000] {logging_mixin.py:190} INFO - Skipping movie 1698369: could not fetch metadata.
[2026-06-24T10:09:41.105+0000] {logging_mixin.py:190} INFO - Skipping movie 1698383: could not fetch metadata.
[2026-06-24T10:09:41.141+0000] {logging_mixin.py:190} INFO - Skipping movie 1698391: could not fetch metadata.
[2026-06-24T10:09:41.523+0000] {logging_mixin.py:190} INFO - Skipping movie 1698420: could not fetch metadata.
[2026-06-24T10:09:43.141+0000] {logging_mixin.py:190} INFO - Skipping movie 1698592: could not fetch metadata.
[2026-06-24T10:09:43.803+0000] {logging_mixin.py:190} INFO - Skipping movie 781140: could not fetch metadata.
[2026-06-24T10:09:44.744+0000] {logging_mixin.py:190} INFO - Skipping movie 1718376: could not fetch metadata.
[2026-06-24T10:09:44.843+0000] {logging_mixin.py:190} INFO - Skipping movie 1718377: could not fetch metadata.
[2026-06-24T10:09:46.323+0000] {logging_mixin.py:190} INFO - Skipping movie 1305648: could not fetch metadata.
[2026-06-24T10:09:47.294+0000] {logging_mixin.py:190} INFO - Skipping movie 1567890: could not fetch metadata.
[2026-06-24T10:09:51.248+0000] {logging_mixin.py:190} INFO - Skipping movie 1437037: could not fetch metadata.
[2026-06-24T10:09:52.468+0000] {logging_mixin.py:190} INFO - Skipping movie 1718488: could not fetch metadata.
[2026-06-24T10:09:54.186+0000] {logging_mixin.py:190} INFO - Skipping movie 1699575: could not fetch metadata.
[2026-06-24T10:09:54.187+0000] {logging_mixin.py:190} INFO - Skipping movie 1699572: could not fetch metadata.
[2026-06-24T10:09:54.417+0000] {logging_mixin.py:190} INFO - Skipping movie 1699585: could not fetch metadata.
[2026-06-24T10:09:54.432+0000] {logging_mixin.py:190} INFO - Skipping movie 1699587: could not fetch metadata.
[2026-06-24T10:09:54.621+0000] {logging_mixin.py:190} INFO - Skipping movie 1699594: could not fetch metadata.
[2026-06-24T10:09:54.802+0000] {logging_mixin.py:190} INFO - Skipping movie 1699629: could not fetch metadata.
[2026-06-24T10:09:55.433+0000] {logging_mixin.py:190} INFO - Skipping movie 1699735: could not fetch metadata.
[2026-06-24T10:09:55.604+0000] {logging_mixin.py:190} INFO - Skipping movie 1699748: could not fetch metadata.
[2026-06-24T10:09:56.617+0000] {logging_mixin.py:190} INFO - Skipping movie 1718604: could not fetch metadata.
[2026-06-24T10:09:57.352+0000] {logging_mixin.py:190} INFO - Skipping movie 1699998: could not fetch metadata.
[2026-06-24T10:09:58.089+0000] {logging_mixin.py:190} INFO - Skipping movie 1718637: could not fetch metadata.
[2026-06-24T10:09:58.260+0000] {logging_mixin.py:190} INFO - Skipping movie 1700054: could not fetch metadata.
[2026-06-24T10:10:00.182+0000] {logging_mixin.py:190} INFO - Skipping movie 1700325: could not fetch metadata.
[2026-06-24T10:10:00.314+0000] {logging_mixin.py:190} INFO - Skipping movie 1700330: could not fetch metadata.
[2026-06-24T10:10:00.355+0000] {logging_mixin.py:190} INFO - Skipping movie 1700337: could not fetch metadata.
[2026-06-24T10:10:00.503+0000] {logging_mixin.py:190} INFO - Skipping movie 1700342: could not fetch metadata.
[2026-06-24T10:10:00.602+0000] {logging_mixin.py:190} INFO - Skipping movie 1700352: could not fetch metadata.
[2026-06-24T10:10:02.161+0000] {logging_mixin.py:190} INFO - Skipping movie 1718729: could not fetch metadata.
[2026-06-24T10:10:02.455+0000] {logging_mixin.py:190} INFO - Skipping movie 1718735: could not fetch metadata.
[2026-06-24T10:10:03.441+0000] {logging_mixin.py:190} INFO - Skipping movie 1718758: could not fetch metadata.
[2026-06-24T10:10:03.809+0000] {logging_mixin.py:190} INFO - Skipping movie 1700728: could not fetch metadata.
[2026-06-24T10:10:07.199+0000] {logging_mixin.py:190} INFO - Skipping movie 1701184: could not fetch metadata.
[2026-06-24T10:10:07.913+0000] {logging_mixin.py:190} INFO - Skipping movie 1718875: could not fetch metadata.
[2026-06-24T10:10:08.103+0000] {logging_mixin.py:190} INFO - Skipping movie 1045962: could not fetch metadata.
[2026-06-24T10:10:08.920+0000] {logging_mixin.py:190} INFO - Skipping movie 1570354: could not fetch metadata.
[2026-06-24T10:10:09.140+0000] {logging_mixin.py:190} INFO - Skipping movie 1570373: could not fetch metadata.
[2026-06-24T10:10:09.864+0000] {logging_mixin.py:190} INFO - Skipping movie 1701582: could not fetch metadata.
[2026-06-24T10:10:10.236+0000] {logging_mixin.py:190} INFO - Skipping movie 1718943: could not fetch metadata.
[2026-06-24T10:10:12.636+0000] {logging_mixin.py:190} INFO - Skipping movie 1439727: could not fetch metadata.
[2026-06-24T10:10:13.144+0000] {logging_mixin.py:190} INFO - Skipping movie 1701931: could not fetch metadata.
[2026-06-24T10:10:13.163+0000] {logging_mixin.py:190} INFO - Skipping movie 1701935: could not fetch metadata.
[2026-06-24T10:10:13.359+0000] {logging_mixin.py:190} INFO - Skipping movie 1701958: could not fetch metadata.
[2026-06-24T10:10:13.751+0000] {logging_mixin.py:190} INFO - Skipping movie 1439836: could not fetch metadata.
[2026-06-24T10:10:13.856+0000] {logging_mixin.py:190} INFO - Skipping movie 1439842: could not fetch metadata.
[2026-06-24T10:10:14.053+0000] {logging_mixin.py:190} INFO - Skipping movie 1439844: could not fetch metadata.
[2026-06-24T10:10:15.867+0000] {logging_mixin.py:190} INFO - Skipping movie 1719047: could not fetch metadata.
[2026-06-24T10:10:16.815+0000] {logging_mixin.py:190} INFO - Skipping movie 1440077: could not fetch metadata.
[2026-06-24T10:10:17.300+0000] {logging_mixin.py:190} INFO - Skipping movie 1177983: could not fetch metadata.
[2026-06-24T10:10:18.904+0000] {logging_mixin.py:190} INFO - Skipping movie 1719094: could not fetch metadata.
[2026-06-24T10:10:19.006+0000] {logging_mixin.py:190} INFO - Skipping movie 1309171: could not fetch metadata.
[2026-06-24T10:10:19.803+0000] {logging_mixin.py:190} INFO - Skipping movie 1440344: could not fetch metadata.
[2026-06-24T10:10:20.191+0000] {logging_mixin.py:190} INFO - Skipping movie 1702535: could not fetch metadata.
[2026-06-24T10:10:20.473+0000] {logging_mixin.py:190} INFO - Skipping movie 1702577: could not fetch metadata.
[2026-06-24T10:10:21.523+0000] {logging_mixin.py:190} INFO - Skipping movie 1440531: could not fetch metadata.
[2026-06-24T10:10:22.123+0000] {logging_mixin.py:190} INFO - Skipping movie 1719165: could not fetch metadata.
[2026-06-24T10:10:23.363+0000] {logging_mixin.py:190} INFO - Skipping movie 1702842: could not fetch metadata.
[2026-06-24T10:10:23.389+0000] {logging_mixin.py:190} INFO - Skipping movie 1440698: could not fetch metadata.
[2026-06-24T10:10:24.260+0000] {logging_mixin.py:190} INFO - Skipping movie 1702930: could not fetch metadata.
[2026-06-24T10:10:24.419+0000] {logging_mixin.py:190} INFO - Skipping movie 1702941: could not fetch metadata.
[2026-06-24T10:10:24.515+0000] {logging_mixin.py:190} INFO - Skipping movie 1702955: could not fetch metadata.
[2026-06-24T10:10:25.194+0000] {logging_mixin.py:190} INFO - Skipping movie 1719228: could not fetch metadata.
[2026-06-24T10:10:25.314+0000] {logging_mixin.py:190} INFO - Skipping movie 1719232: could not fetch metadata.
[2026-06-24T10:10:25.573+0000] {logging_mixin.py:190} INFO - Skipping movie 1178809: could not fetch metadata.
[2026-06-24T10:10:25.790+0000] {logging_mixin.py:190} INFO - Skipping movie 523467: could not fetch metadata.
[2026-06-24T10:10:25.944+0000] {logging_mixin.py:190} INFO - Skipping movie 1703137: could not fetch metadata.
[2026-06-24T10:10:27.691+0000] {logging_mixin.py:190} INFO - Skipping movie 1703340: could not fetch metadata.
[2026-06-24T10:10:28.588+0000] {logging_mixin.py:190} INFO - Skipping movie 1719317: could not fetch metadata.
[2026-06-24T10:10:29.123+0000] {logging_mixin.py:190} INFO - Skipping movie 1719331: could not fetch metadata.
[2026-06-24T10:10:30.571+0000] {logging_mixin.py:190} INFO - Skipping movie 1703727: could not fetch metadata.
[2026-06-24T10:10:30.647+0000] {logging_mixin.py:190} INFO - Skipping movie 1719365: could not fetch metadata.
[2026-06-24T10:10:30.758+0000] {logging_mixin.py:190} INFO - Skipping movie 1719371: could not fetch metadata.
[2026-06-24T10:10:31.064+0000] {logging_mixin.py:190} INFO - Skipping movie 1719378: could not fetch metadata.
[2026-06-24T10:10:32.131+0000] {logging_mixin.py:190} INFO - Skipping movie 1703926: could not fetch metadata.
[2026-06-24T10:10:33.076+0000] {logging_mixin.py:190} INFO - 9490 movies queued for deep extraction...
[2026-06-24T10:10:35.200+0000] {logging_mixin.py:190} INFO - Skipping deep extraction for movie 903414: could not fetch data.
[2026-06-24T10:20:46.111+0000] {logging_mixin.py:190} INFO - Pipeline finished successfully.
[2026-06-24T10:20:46.122+0000] {python.py:240} INFO - Done. Returned value was: None
[2026-06-24T10:20:46.163+0000] {taskinstance.py:340} INFO - ::group::Post task execution logs
[2026-06-24T10:20:46.166+0000] {taskinstance.py:352} INFO - Marking task as SUCCESS. dag_id=tmdb_incremental_sync, task_id=incremental_sync_pipeline, run_id=scheduled__2026-06-19T00:00:00+00:00, execution_date=20260619T000000, start_date=20260624T094415, end_date=20260624T102046
[2026-06-24T10:20:46.262+0000] {local_task_job_runner.py:261} INFO - Task exited with return code 0
[2026-06-24T10:20:46.305+0000] {taskinstance.py:3891} INFO - 0 downstream tasks scheduled from follow-on schedule check
[2026-06-24T10:20:46.308+0000] {local_task_job_runner.py:240} INFO - ::endgroup::
