[2026-08-04T00:16:42.741+0000] {processor.py:186} INFO - Started process (PID=1951) to work on /opt/airflow/dags/dbt_pipeline.py
[2026-08-04T00:16:42.753+0000] {processor.py:914} INFO - Processing file /opt/airflow/dags/dbt_pipeline.py for tasks to queue
[2026-08-04T00:16:42.781+0000] {logging_mixin.py:190} INFO - [2026-08-04T00:16:42.778+0000] {dagbag.py:587} INFO - Filling up the DagBag from /opt/airflow/dags/dbt_pipeline.py
[2026-08-04T00:16:43.031+0000] {processor.py:925} INFO - DAG(s) 'dbt_pipeline' retrieved from /opt/airflow/dags/dbt_pipeline.py
[2026-08-04T00:16:43.884+0000] {logging_mixin.py:190} INFO - [2026-08-04T00:16:43.881+0000] {dag.py:3211} INFO - Sync 1 DAGs
[2026-08-04T00:16:45.888+0000] {logging_mixin.py:190} INFO - [2026-08-04T00:16:45.884+0000] {dag.py:4138} INFO - Setting next_dagrun for dbt_pipeline to 2026-08-04 00:00:00+00:00, run_after=2026-08-05 00:00:00+00:00
[2026-08-04T00:16:47.047+0000] {processor.py:208} INFO - Processing /opt/airflow/dags/dbt_pipeline.py took 4.407 seconds
[2026-08-04T00:17:18.504+0000] {processor.py:186} INFO - Started process (PID=1975) to work on /opt/airflow/dags/dbt_pipeline.py
[2026-08-04T00:17:18.530+0000] {processor.py:914} INFO - Processing file /opt/airflow/dags/dbt_pipeline.py for tasks to queue
[2026-08-04T00:17:18.606+0000] {logging_mixin.py:190} INFO - [2026-08-04T00:17:18.587+0000] {dagbag.py:587} INFO - Filling up the DagBag from /opt/airflow/dags/dbt_pipeline.py
[2026-08-04T00:17:18.968+0000] {processor.py:925} INFO - DAG(s) 'dbt_pipeline' retrieved from /opt/airflow/dags/dbt_pipeline.py
[2026-08-04T00:17:19.552+0000] {logging_mixin.py:190} INFO - [2026-08-04T00:17:19.550+0000] {dag.py:3211} INFO - Sync 1 DAGs
[2026-08-04T00:17:20.067+0000] {logging_mixin.py:190} INFO - [2026-08-04T00:17:20.064+0000] {dag.py:4138} INFO - Setting next_dagrun for dbt_pipeline to 2026-08-04 00:00:00+00:00, run_after=2026-08-05 00:00:00+00:00
[2026-08-04T00:17:20.365+0000] {processor.py:208} INFO - Processing /opt/airflow/dags/dbt_pipeline.py took 2.006 seconds
[2026-08-04T00:17:51.264+0000] {processor.py:186} INFO - Started process (PID=2001) to work on /opt/airflow/dags/dbt_pipeline.py
[2026-08-04T00:17:51.296+0000] {processor.py:914} INFO - Processing file /opt/airflow/dags/dbt_pipeline.py for tasks to queue
[2026-08-04T00:17:51.388+0000] {logging_mixin.py:190} INFO - [2026-08-04T00:17:51.379+0000] {dagbag.py:587} INFO - Filling up the DagBag from /opt/airflow/dags/dbt_pipeline.py
[2026-08-04T00:17:51.801+0000] {processor.py:925} INFO - DAG(s) 'dbt_pipeline' retrieved from /opt/airflow/dags/dbt_pipeline.py
[2026-08-04T00:17:52.581+0000] {logging_mixin.py:190} INFO - [2026-08-04T00:17:52.579+0000] {dag.py:3211} INFO - Sync 1 DAGs
[2026-08-04T00:17:54.170+0000] {logging_mixin.py:190} INFO - [2026-08-04T00:17:54.167+0000] {dag.py:4138} INFO - Setting next_dagrun for dbt_pipeline to 2026-08-04 00:00:00+00:00, run_after=2026-08-05 00:00:00+00:00
[2026-08-04T00:17:54.441+0000] {processor.py:208} INFO - Processing /opt/airflow/dags/dbt_pipeline.py took 3.300 seconds
[2026-08-04T00:18:25.067+0000] {processor.py:186} INFO - Started process (PID=2016) to work on /opt/airflow/dags/dbt_pipeline.py
[2026-08-04T00:18:25.081+0000] {processor.py:914} INFO - Processing file /opt/airflow/dags/dbt_pipeline.py for tasks to queue
[2026-08-04T00:18:25.101+0000] {logging_mixin.py:190} INFO - [2026-08-04T00:18:25.098+0000] {dagbag.py:587} INFO - Filling up the DagBag from /opt/airflow/dags/dbt_pipeline.py
[2026-08-04T00:18:25.292+0000] {processor.py:925} INFO - DAG(s) 'dbt_pipeline' retrieved from /opt/airflow/dags/dbt_pipeline.py
[2026-08-04T00:18:26.119+0000] {logging_mixin.py:190} INFO - [2026-08-04T00:18:26.115+0000] {dag.py:3211} INFO - Sync 1 DAGs
[2026-08-04T00:18:27.166+0000] {logging_mixin.py:190} INFO - [2026-08-04T00:18:27.165+0000] {dag.py:4138} INFO - Setting next_dagrun for dbt_pipeline to 2026-08-04 00:00:00+00:00, run_after=2026-08-05 00:00:00+00:00
[2026-08-04T00:18:27.406+0000] {processor.py:208} INFO - Processing /opt/airflow/dags/dbt_pipeline.py took 2.440 seconds
[2026-08-04T00:18:58.364+0000] {processor.py:186} INFO - Started process (PID=2034) to work on /opt/airflow/dags/dbt_pipeline.py
[2026-08-04T00:18:58.420+0000] {processor.py:914} INFO - Processing file /opt/airflow/dags/dbt_pipeline.py for tasks to queue
[2026-08-04T00:18:58.646+0000] {logging_mixin.py:190} INFO - [2026-08-04T00:18:58.613+0000] {dagbag.py:587} INFO - Filling up the DagBag from /opt/airflow/dags/dbt_pipeline.py
[2026-08-04T00:18:59.346+0000] {processor.py:925} INFO - DAG(s) 'dbt_pipeline' retrieved from /opt/airflow/dags/dbt_pipeline.py
[2026-08-04T00:19:00.025+0000] {logging_mixin.py:190} INFO - [2026-08-04T00:19:00.022+0000] {dag.py:3211} INFO - Sync 1 DAGs
[2026-08-04T00:19:01.144+0000] {logging_mixin.py:190} INFO - [2026-08-04T00:19:01.142+0000] {dag.py:4138} INFO - Setting next_dagrun for dbt_pipeline to 2026-08-04 00:00:00+00:00, run_after=2026-08-05 00:00:00+00:00
[2026-08-04T00:19:01.467+0000] {processor.py:208} INFO - Processing /opt/airflow/dags/dbt_pipeline.py took 3.365 seconds
[2026-08-04T00:36:00.240+0000] {processor.py:186} INFO - Started process (PID=2046) to work on /opt/airflow/dags/dbt_pipeline.py
[2026-08-04T00:36:00.248+0000] {processor.py:914} INFO - Processing file /opt/airflow/dags/dbt_pipeline.py for tasks to queue
[2026-08-04T00:36:00.274+0000] {logging_mixin.py:190} INFO - [2026-08-04T00:36:00.271+0000] {dagbag.py:587} INFO - Filling up the DagBag from /opt/airflow/dags/dbt_pipeline.py
[2026-08-04T00:36:00.643+0000] {processor.py:925} INFO - DAG(s) 'dbt_pipeline' retrieved from /opt/airflow/dags/dbt_pipeline.py
[2026-08-04T00:36:01.406+0000] {logging_mixin.py:190} INFO - [2026-08-04T00:36:01.405+0000] {dag.py:3211} INFO - Sync 1 DAGs
[2026-08-04T00:36:02.104+0000] {logging_mixin.py:190} INFO - [2026-08-04T00:36:02.102+0000] {dag.py:4138} INFO - Setting next_dagrun for dbt_pipeline to 2026-08-04 00:00:00+00:00, run_after=2026-08-05 00:00:00+00:00
[2026-08-04T00:36:02.775+0000] {processor.py:208} INFO - Processing /opt/airflow/dags/dbt_pipeline.py took 2.622 seconds
[2026-08-04T00:36:33.706+0000] {processor.py:186} INFO - Started process (PID=2071) to work on /opt/airflow/dags/dbt_pipeline.py
[2026-08-04T00:36:33.731+0000] {processor.py:914} INFO - Processing file /opt/airflow/dags/dbt_pipeline.py for tasks to queue
[2026-08-04T00:36:33.878+0000] {logging_mixin.py:190} INFO - [2026-08-04T00:36:33.857+0000] {dagbag.py:587} INFO - Filling up the DagBag from /opt/airflow/dags/dbt_pipeline.py
[2026-08-04T00:36:34.270+0000] {processor.py:925} INFO - DAG(s) 'dbt_pipeline' retrieved from /opt/airflow/dags/dbt_pipeline.py
[2026-08-04T00:36:34.804+0000] {logging_mixin.py:190} INFO - [2026-08-04T00:36:34.802+0000] {dag.py:3211} INFO - Sync 1 DAGs
[2026-08-04T00:36:35.699+0000] {logging_mixin.py:190} INFO - [2026-08-04T00:36:35.695+0000] {dag.py:4138} INFO - Setting next_dagrun for dbt_pipeline to 2026-08-04 00:00:00+00:00, run_after=2026-08-05 00:00:00+00:00
[2026-08-04T00:36:36.103+0000] {processor.py:208} INFO - Processing /opt/airflow/dags/dbt_pipeline.py took 2.577 seconds
[2026-08-04T00:37:07.454+0000] {processor.py:186} INFO - Started process (PID=2086) to work on /opt/airflow/dags/dbt_pipeline.py
[2026-08-04T00:37:07.473+0000] {processor.py:914} INFO - Processing file /opt/airflow/dags/dbt_pipeline.py for tasks to queue
[2026-08-04T00:37:07.516+0000] {logging_mixin.py:190} INFO - [2026-08-04T00:37:07.514+0000] {dagbag.py:587} INFO - Filling up the DagBag from /opt/airflow/dags/dbt_pipeline.py
[2026-08-04T00:37:08.094+0000] {processor.py:925} INFO - DAG(s) 'dbt_pipeline' retrieved from /opt/airflow/dags/dbt_pipeline.py
[2026-08-04T00:37:08.813+0000] {logging_mixin.py:190} INFO - [2026-08-04T00:37:08.811+0000] {dag.py:3211} INFO - Sync 1 DAGs
[2026-08-04T00:37:09.659+0000] {logging_mixin.py:190} INFO - [2026-08-04T00:37:09.656+0000] {dag.py:4138} INFO - Setting next_dagrun for dbt_pipeline to 2026-08-04 00:00:00+00:00, run_after=2026-08-05 00:00:00+00:00
[2026-08-04T00:37:10.168+0000] {processor.py:208} INFO - Processing /opt/airflow/dags/dbt_pipeline.py took 3.106 seconds
[2026-08-04T00:37:41.142+0000] {processor.py:186} INFO - Started process (PID=2101) to work on /opt/airflow/dags/dbt_pipeline.py
[2026-08-04T00:37:41.174+0000] {processor.py:914} INFO - Processing file /opt/airflow/dags/dbt_pipeline.py for tasks to queue
[2026-08-04T00:37:41.247+0000] {logging_mixin.py:190} INFO - [2026-08-04T00:37:41.240+0000] {dagbag.py:587} INFO - Filling up the DagBag from /opt/airflow/dags/dbt_pipeline.py
[2026-08-04T00:37:41.611+0000] {processor.py:925} INFO - DAG(s) 'dbt_pipeline' retrieved from /opt/airflow/dags/dbt_pipeline.py
[2026-08-04T00:37:42.378+0000] {logging_mixin.py:190} INFO - [2026-08-04T00:37:42.375+0000] {dag.py:3211} INFO - Sync 1 DAGs
[2026-08-04T00:37:43.250+0000] {logging_mixin.py:190} INFO - [2026-08-04T00:37:43.247+0000] {dag.py:4138} INFO - Setting next_dagrun for dbt_pipeline to 2026-08-04 00:00:00+00:00, run_after=2026-08-05 00:00:00+00:00
[2026-08-04T00:37:43.590+0000] {processor.py:208} INFO - Processing /opt/airflow/dags/dbt_pipeline.py took 2.649 seconds
[2026-08-04T00:38:14.505+0000] {processor.py:186} INFO - Started process (PID=2116) to work on /opt/airflow/dags/dbt_pipeline.py
[2026-08-04T00:38:14.557+0000] {processor.py:914} INFO - Processing file /opt/airflow/dags/dbt_pipeline.py for tasks to queue
[2026-08-04T00:38:14.636+0000] {logging_mixin.py:190} INFO - [2026-08-04T00:38:14.630+0000] {dagbag.py:587} INFO - Filling up the DagBag from /opt/airflow/dags/dbt_pipeline.py
[2026-08-04T00:38:15.150+0000] {processor.py:925} INFO - DAG(s) 'dbt_pipeline' retrieved from /opt/airflow/dags/dbt_pipeline.py
[2026-08-04T00:38:15.884+0000] {logging_mixin.py:190} INFO - [2026-08-04T00:38:15.874+0000] {dag.py:3211} INFO - Sync 1 DAGs
[2026-08-04T00:38:16.401+0000] {logging_mixin.py:190} INFO - [2026-08-04T00:38:16.399+0000] {dag.py:4138} INFO - Setting next_dagrun for dbt_pipeline to 2026-08-04 00:00:00+00:00, run_after=2026-08-05 00:00:00+00:00
[2026-08-04T00:38:16.947+0000] {processor.py:208} INFO - Processing /opt/airflow/dags/dbt_pipeline.py took 2.858 seconds
[2026-08-04T00:56:22.690+0000] {processor.py:186} INFO - Started process (PID=2131) to work on /opt/airflow/dags/dbt_pipeline.py
[2026-08-04T00:56:22.745+0000] {processor.py:914} INFO - Processing file /opt/airflow/dags/dbt_pipeline.py for tasks to queue
[2026-08-04T00:56:22.981+0000] {logging_mixin.py:190} INFO - [2026-08-04T00:56:22.948+0000] {dagbag.py:587} INFO - Filling up the DagBag from /opt/airflow/dags/dbt_pipeline.py
[2026-08-04T00:56:23.767+0000] {processor.py:925} INFO - DAG(s) 'dbt_pipeline' retrieved from /opt/airflow/dags/dbt_pipeline.py
[2026-08-04T00:56:24.384+0000] {logging_mixin.py:190} INFO - [2026-08-04T00:56:24.382+0000] {dag.py:3211} INFO - Sync 1 DAGs
[2026-08-04T00:56:25.335+0000] {logging_mixin.py:190} INFO - [2026-08-04T00:56:25.332+0000] {dag.py:4138} INFO - Setting next_dagrun for dbt_pipeline to 2026-08-04 00:00:00+00:00, run_after=2026-08-05 00:00:00+00:00
[2026-08-04T00:56:25.843+0000] {processor.py:208} INFO - Processing /opt/airflow/dags/dbt_pipeline.py took 3.443 seconds
[2026-08-04T00:56:57.018+0000] {processor.py:186} INFO - Started process (PID=2151) to work on /opt/airflow/dags/dbt_pipeline.py
[2026-08-04T00:56:57.025+0000] {processor.py:914} INFO - Processing file /opt/airflow/dags/dbt_pipeline.py for tasks to queue
[2026-08-04T00:56:57.049+0000] {logging_mixin.py:190} INFO - [2026-08-04T00:56:57.046+0000] {dagbag.py:587} INFO - Filling up the DagBag from /opt/airflow/dags/dbt_pipeline.py
[2026-08-04T00:56:57.375+0000] {processor.py:925} INFO - DAG(s) 'dbt_pipeline' retrieved from /opt/airflow/dags/dbt_pipeline.py
[2026-08-04T00:56:57.856+0000] {logging_mixin.py:190} INFO - [2026-08-04T00:56:57.852+0000] {taskinstance.py:3303} ERROR - {'DAG Id': 'dbt_pipeline', 'Task Id': 'dbt_run', 'Run Id': 'scheduled__2026-08-03T00:00:00+00:00', 'Hostname': 'bf737cb27ceb'}
[2026-08-04T00:56:58.277+0000] {logging_mixin.py:190} INFO - [2026-08-04T00:56:58.276+0000] {taskinstance.py:1225} INFO - Marking task as FAILED. dag_id=dbt_pipeline, task_id=dbt_run, run_id=scheduled__2026-08-03T00:00:00+00:00, execution_date=20260803T000000, start_date=20260804T000003, end_date=20260804T005657
[2026-08-04T00:56:58.455+0000] {logging_mixin.py:190} INFO - [2026-08-04T00:56:58.447+0000] {processor.py:876} INFO - Executed callback for <TaskInstance: dbt_pipeline.dbt_run scheduled__2026-08-03T00:00:00+00:00 [failed]> in state failed
[2026-08-04T00:56:58.733+0000] {logging_mixin.py:190} INFO - [2026-08-04T00:56:58.723+0000] {dag.py:3211} INFO - Sync 1 DAGs
[2026-08-04T00:56:59.149+0000] {logging_mixin.py:190} INFO - [2026-08-04T00:56:59.146+0000] {dag.py:4138} INFO - Setting next_dagrun for dbt_pipeline to 2026-08-04 00:00:00+00:00, run_after=2026-08-05 00:00:00+00:00
[2026-08-04T00:56:59.298+0000] {processor.py:208} INFO - Processing /opt/airflow/dags/dbt_pipeline.py took 2.412 seconds
[2026-08-04T00:57:29.939+0000] {processor.py:186} INFO - Started process (PID=2166) to work on /opt/airflow/dags/dbt_pipeline.py
[2026-08-04T00:57:29.955+0000] {processor.py:914} INFO - Processing file /opt/airflow/dags/dbt_pipeline.py for tasks to queue
[2026-08-04T00:57:30.009+0000] {logging_mixin.py:190} INFO - [2026-08-04T00:57:30.003+0000] {dagbag.py:587} INFO - Filling up the DagBag from /opt/airflow/dags/dbt_pipeline.py
[2026-08-04T00:57:30.138+0000] {processor.py:925} INFO - DAG(s) 'dbt_pipeline' retrieved from /opt/airflow/dags/dbt_pipeline.py
[2026-08-04T00:57:30.510+0000] {logging_mixin.py:190} INFO - [2026-08-04T00:57:30.507+0000] {dag.py:3211} INFO - Sync 1 DAGs
[2026-08-04T00:57:30.848+0000] {logging_mixin.py:190} INFO - [2026-08-04T00:57:30.845+0000] {dag.py:4138} INFO - Setting next_dagrun for dbt_pipeline to 2026-08-04 00:00:00+00:00, run_after=2026-08-05 00:00:00+00:00
[2026-08-04T00:57:31.264+0000] {processor.py:208} INFO - Processing /opt/airflow/dags/dbt_pipeline.py took 1.392 seconds
[2026-08-04T00:58:01.811+0000] {processor.py:186} INFO - Started process (PID=2181) to work on /opt/airflow/dags/dbt_pipeline.py
[2026-08-04T00:58:01.819+0000] {processor.py:914} INFO - Processing file /opt/airflow/dags/dbt_pipeline.py for tasks to queue
[2026-08-04T00:58:01.849+0000] {logging_mixin.py:190} INFO - [2026-08-04T00:58:01.844+0000] {dagbag.py:587} INFO - Filling up the DagBag from /opt/airflow/dags/dbt_pipeline.py
[2026-08-04T00:58:01.983+0000] {processor.py:925} INFO - DAG(s) 'dbt_pipeline' retrieved from /opt/airflow/dags/dbt_pipeline.py
[2026-08-04T00:58:02.303+0000] {logging_mixin.py:190} INFO - [2026-08-04T00:58:02.301+0000] {dag.py:3211} INFO - Sync 1 DAGs
[2026-08-04T00:58:02.580+0000] {logging_mixin.py:190} INFO - [2026-08-04T00:58:02.578+0000] {dag.py:4138} INFO - Setting next_dagrun for dbt_pipeline to 2026-08-04 00:00:00+00:00, run_after=2026-08-05 00:00:00+00:00
[2026-08-04T00:58:02.876+0000] {processor.py:208} INFO - Processing /opt/airflow/dags/dbt_pipeline.py took 1.142 seconds
[2026-08-04T00:58:33.289+0000] {processor.py:186} INFO - Started process (PID=2196) to work on /opt/airflow/dags/dbt_pipeline.py
[2026-08-04T00:58:33.295+0000] {processor.py:914} INFO - Processing file /opt/airflow/dags/dbt_pipeline.py for tasks to queue
[2026-08-04T00:58:33.325+0000] {logging_mixin.py:190} INFO - [2026-08-04T00:58:33.323+0000] {dagbag.py:587} INFO - Filling up the DagBag from /opt/airflow/dags/dbt_pipeline.py
[2026-08-04T00:58:33.442+0000] {processor.py:925} INFO - DAG(s) 'dbt_pipeline' retrieved from /opt/airflow/dags/dbt_pipeline.py
[2026-08-04T00:58:33.695+0000] {logging_mixin.py:190} INFO - [2026-08-04T00:58:33.693+0000] {dag.py:3211} INFO - Sync 1 DAGs
[2026-08-04T00:58:33.928+0000] {logging_mixin.py:190} INFO - [2026-08-04T00:58:33.926+0000] {dag.py:4138} INFO - Setting next_dagrun for dbt_pipeline to 2026-08-04 00:00:00+00:00, run_after=2026-08-05 00:00:00+00:00
[2026-08-04T00:58:34.080+0000] {processor.py:208} INFO - Processing /opt/airflow/dags/dbt_pipeline.py took 0.842 seconds
[2026-08-04T00:59:04.828+0000] {processor.py:186} INFO - Started process (PID=2211) to work on /opt/airflow/dags/dbt_pipeline.py
[2026-08-04T00:59:04.836+0000] {processor.py:914} INFO - Processing file /opt/airflow/dags/dbt_pipeline.py for tasks to queue
[2026-08-04T00:59:04.858+0000] {logging_mixin.py:190} INFO - [2026-08-04T00:59:04.856+0000] {dagbag.py:587} INFO - Filling up the DagBag from /opt/airflow/dags/dbt_pipeline.py
[2026-08-04T00:59:04.967+0000] {processor.py:925} INFO - DAG(s) 'dbt_pipeline' retrieved from /opt/airflow/dags/dbt_pipeline.py
[2026-08-04T00:59:05.239+0000] {logging_mixin.py:190} INFO - [2026-08-04T00:59:05.238+0000] {dag.py:3211} INFO - Sync 1 DAGs
[2026-08-04T00:59:05.465+0000] {logging_mixin.py:190} INFO - [2026-08-04T00:59:05.464+0000] {dag.py:4138} INFO - Setting next_dagrun for dbt_pipeline to 2026-08-04 00:00:00+00:00, run_after=2026-08-05 00:00:00+00:00
[2026-08-04T00:59:05.608+0000] {processor.py:208} INFO - Processing /opt/airflow/dags/dbt_pipeline.py took 0.829 seconds
[2026-08-04T00:59:35.888+0000] {processor.py:186} INFO - Started process (PID=2226) to work on /opt/airflow/dags/dbt_pipeline.py
[2026-08-04T00:59:35.904+0000] {processor.py:914} INFO - Processing file /opt/airflow/dags/dbt_pipeline.py for tasks to queue
[2026-08-04T00:59:35.923+0000] {logging_mixin.py:190} INFO - [2026-08-04T00:59:35.921+0000] {dagbag.py:587} INFO - Filling up the DagBag from /opt/airflow/dags/dbt_pipeline.py
[2026-08-04T00:59:36.053+0000] {processor.py:925} INFO - DAG(s) 'dbt_pipeline' retrieved from /opt/airflow/dags/dbt_pipeline.py
[2026-08-04T00:59:36.332+0000] {logging_mixin.py:190} INFO - [2026-08-04T00:59:36.330+0000] {dag.py:3211} INFO - Sync 1 DAGs
[2026-08-04T00:59:36.551+0000] {logging_mixin.py:190} INFO - [2026-08-04T00:59:36.548+0000] {dag.py:4138} INFO - Setting next_dagrun for dbt_pipeline to 2026-08-04 00:00:00+00:00, run_after=2026-08-05 00:00:00+00:00
[2026-08-04T00:59:36.753+0000] {processor.py:208} INFO - Processing /opt/airflow/dags/dbt_pipeline.py took 0.931 seconds
[2026-08-04T01:00:07.083+0000] {processor.py:186} INFO - Started process (PID=2241) to work on /opt/airflow/dags/dbt_pipeline.py
[2026-08-04T01:00:07.092+0000] {processor.py:914} INFO - Processing file /opt/airflow/dags/dbt_pipeline.py for tasks to queue
[2026-08-04T01:00:07.116+0000] {logging_mixin.py:190} INFO - [2026-08-04T01:00:07.113+0000] {dagbag.py:587} INFO - Filling up the DagBag from /opt/airflow/dags/dbt_pipeline.py
[2026-08-04T01:00:07.226+0000] {processor.py:925} INFO - DAG(s) 'dbt_pipeline' retrieved from /opt/airflow/dags/dbt_pipeline.py
[2026-08-04T01:00:07.464+0000] {logging_mixin.py:190} INFO - [2026-08-04T01:00:07.463+0000] {dag.py:3211} INFO - Sync 1 DAGs
[2026-08-04T01:00:07.687+0000] {logging_mixin.py:190} INFO - [2026-08-04T01:00:07.684+0000] {dag.py:4138} INFO - Setting next_dagrun for dbt_pipeline to 2026-08-04 00:00:00+00:00, run_after=2026-08-05 00:00:00+00:00
[2026-08-04T01:00:07.851+0000] {processor.py:208} INFO - Processing /opt/airflow/dags/dbt_pipeline.py took 0.867 seconds
[2026-08-04T01:00:38.308+0000] {processor.py:186} INFO - Started process (PID=2256) to work on /opt/airflow/dags/dbt_pipeline.py
[2026-08-04T01:00:38.318+0000] {processor.py:914} INFO - Processing file /opt/airflow/dags/dbt_pipeline.py for tasks to queue
[2026-08-04T01:00:38.334+0000] {logging_mixin.py:190} INFO - [2026-08-04T01:00:38.332+0000] {dagbag.py:587} INFO - Filling up the DagBag from /opt/airflow/dags/dbt_pipeline.py
[2026-08-04T01:00:38.453+0000] {processor.py:925} INFO - DAG(s) 'dbt_pipeline' retrieved from /opt/airflow/dags/dbt_pipeline.py
[2026-08-04T01:00:38.831+0000] {logging_mixin.py:190} INFO - [2026-08-04T01:00:38.829+0000] {dag.py:3211} INFO - Sync 1 DAGs
[2026-08-04T01:00:39.122+0000] {logging_mixin.py:190} INFO - [2026-08-04T01:00:39.120+0000] {dag.py:4138} INFO - Setting next_dagrun for dbt_pipeline to 2026-08-04 00:00:00+00:00, run_after=2026-08-05 00:00:00+00:00
[2026-08-04T01:00:39.269+0000] {processor.py:208} INFO - Processing /opt/airflow/dags/dbt_pipeline.py took 1.050 seconds
[2026-08-04T01:01:09.985+0000] {processor.py:186} INFO - Started process (PID=2271) to work on /opt/airflow/dags/dbt_pipeline.py
[2026-08-04T01:01:09.997+0000] {processor.py:914} INFO - Processing file /opt/airflow/dags/dbt_pipeline.py for tasks to queue
[2026-08-04T01:01:10.018+0000] {logging_mixin.py:190} INFO - [2026-08-04T01:01:10.015+0000] {dagbag.py:587} INFO - Filling up the DagBag from /opt/airflow/dags/dbt_pipeline.py
[2026-08-04T01:01:10.139+0000] {processor.py:925} INFO - DAG(s) 'dbt_pipeline' retrieved from /opt/airflow/dags/dbt_pipeline.py
[2026-08-04T01:01:10.566+0000] {logging_mixin.py:190} INFO - [2026-08-04T01:01:10.563+0000] {dag.py:3211} INFO - Sync 1 DAGs
[2026-08-04T01:01:10.909+0000] {logging_mixin.py:190} INFO - [2026-08-04T01:01:10.906+0000] {dag.py:4138} INFO - Setting next_dagrun for dbt_pipeline to 2026-08-04 00:00:00+00:00, run_after=2026-08-05 00:00:00+00:00
[2026-08-04T01:01:11.992+0000] {processor.py:208} INFO - Processing /opt/airflow/dags/dbt_pipeline.py took 2.066 seconds
[2026-08-04T01:01:42.446+0000] {processor.py:186} INFO - Started process (PID=2289) to work on /opt/airflow/dags/dbt_pipeline.py
[2026-08-04T01:01:42.461+0000] {processor.py:914} INFO - Processing file /opt/airflow/dags/dbt_pipeline.py for tasks to queue
[2026-08-04T01:01:42.496+0000] {logging_mixin.py:190} INFO - [2026-08-04T01:01:42.492+0000] {dagbag.py:587} INFO - Filling up the DagBag from /opt/airflow/dags/dbt_pipeline.py
[2026-08-04T01:01:42.624+0000] {processor.py:925} INFO - DAG(s) 'dbt_pipeline' retrieved from /opt/airflow/dags/dbt_pipeline.py
[2026-08-04T01:01:42.947+0000] {logging_mixin.py:190} INFO - [2026-08-04T01:01:42.945+0000] {dag.py:3211} INFO - Sync 1 DAGs
[2026-08-04T01:01:43.325+0000] {logging_mixin.py:190} INFO - [2026-08-04T01:01:43.323+0000] {dag.py:4138} INFO - Setting next_dagrun for dbt_pipeline to 2026-08-04 00:00:00+00:00, run_after=2026-08-05 00:00:00+00:00
[2026-08-04T01:01:43.495+0000] {processor.py:208} INFO - Processing /opt/airflow/dags/dbt_pipeline.py took 1.113 seconds
[2026-08-04T01:02:14.421+0000] {processor.py:186} INFO - Started process (PID=2304) to work on /opt/airflow/dags/dbt_pipeline.py
[2026-08-04T01:02:14.430+0000] {processor.py:914} INFO - Processing file /opt/airflow/dags/dbt_pipeline.py for tasks to queue
[2026-08-04T01:02:14.451+0000] {logging_mixin.py:190} INFO - [2026-08-04T01:02:14.447+0000] {dagbag.py:587} INFO - Filling up the DagBag from /opt/airflow/dags/dbt_pipeline.py
[2026-08-04T01:02:14.598+0000] {processor.py:925} INFO - DAG(s) 'dbt_pipeline' retrieved from /opt/airflow/dags/dbt_pipeline.py
[2026-08-04T01:02:14.838+0000] {logging_mixin.py:190} INFO - [2026-08-04T01:02:14.837+0000] {dag.py:3211} INFO - Sync 1 DAGs
[2026-08-04T01:02:15.042+0000] {logging_mixin.py:190} INFO - [2026-08-04T01:02:15.041+0000] {dag.py:4138} INFO - Setting next_dagrun for dbt_pipeline to 2026-08-04 00:00:00+00:00, run_after=2026-08-05 00:00:00+00:00
[2026-08-04T01:02:15.184+0000] {processor.py:208} INFO - Processing /opt/airflow/dags/dbt_pipeline.py took 0.828 seconds
[2026-08-04T01:02:45.502+0000] {processor.py:186} INFO - Started process (PID=2319) to work on /opt/airflow/dags/dbt_pipeline.py
[2026-08-04T01:02:45.508+0000] {processor.py:914} INFO - Processing file /opt/airflow/dags/dbt_pipeline.py for tasks to queue
[2026-08-04T01:02:45.525+0000] {logging_mixin.py:190} INFO - [2026-08-04T01:02:45.523+0000] {dagbag.py:587} INFO - Filling up the DagBag from /opt/airflow/dags/dbt_pipeline.py
[2026-08-04T01:02:45.615+0000] {processor.py:925} INFO - DAG(s) 'dbt_pipeline' retrieved from /opt/airflow/dags/dbt_pipeline.py
[2026-08-04T01:02:45.908+0000] {logging_mixin.py:190} INFO - [2026-08-04T01:02:45.907+0000] {dag.py:3211} INFO - Sync 1 DAGs
[2026-08-04T01:02:46.147+0000] {logging_mixin.py:190} INFO - [2026-08-04T01:02:46.146+0000] {dag.py:4138} INFO - Setting next_dagrun for dbt_pipeline to 2026-08-04 00:00:00+00:00, run_after=2026-08-05 00:00:00+00:00
[2026-08-04T01:02:46.346+0000] {processor.py:208} INFO - Processing /opt/airflow/dags/dbt_pipeline.py took 0.884 seconds
[2026-08-04T01:03:17.009+0000] {processor.py:186} INFO - Started process (PID=2334) to work on /opt/airflow/dags/dbt_pipeline.py
[2026-08-04T01:03:17.015+0000] {processor.py:914} INFO - Processing file /opt/airflow/dags/dbt_pipeline.py for tasks to queue
[2026-08-04T01:03:17.030+0000] {logging_mixin.py:190} INFO - [2026-08-04T01:03:17.028+0000] {dagbag.py:587} INFO - Filling up the DagBag from /opt/airflow/dags/dbt_pipeline.py
[2026-08-04T01:03:17.141+0000] {processor.py:925} INFO - DAG(s) 'dbt_pipeline' retrieved from /opt/airflow/dags/dbt_pipeline.py
[2026-08-04T01:03:17.353+0000] {logging_mixin.py:190} INFO - [2026-08-04T01:03:17.352+0000] {dag.py:3211} INFO - Sync 1 DAGs
[2026-08-04T01:03:17.529+0000] {logging_mixin.py:190} INFO - [2026-08-04T01:03:17.528+0000] {dag.py:4138} INFO - Setting next_dagrun for dbt_pipeline to 2026-08-04 00:00:00+00:00, run_after=2026-08-05 00:00:00+00:00
[2026-08-04T01:03:17.701+0000] {processor.py:208} INFO - Processing /opt/airflow/dags/dbt_pipeline.py took 0.729 seconds
[2026-08-04T01:03:48.410+0000] {processor.py:186} INFO - Started process (PID=2349) to work on /opt/airflow/dags/dbt_pipeline.py
[2026-08-04T01:03:48.415+0000] {processor.py:914} INFO - Processing file /opt/airflow/dags/dbt_pipeline.py for tasks to queue
[2026-08-04T01:03:48.428+0000] {logging_mixin.py:190} INFO - [2026-08-04T01:03:48.426+0000] {dagbag.py:587} INFO - Filling up the DagBag from /opt/airflow/dags/dbt_pipeline.py
[2026-08-04T01:03:48.509+0000] {processor.py:925} INFO - DAG(s) 'dbt_pipeline' retrieved from /opt/airflow/dags/dbt_pipeline.py
[2026-08-04T01:03:48.743+0000] {logging_mixin.py:190} INFO - [2026-08-04T01:03:48.741+0000] {dag.py:3211} INFO - Sync 1 DAGs
[2026-08-04T01:03:48.936+0000] {logging_mixin.py:190} INFO - [2026-08-04T01:03:48.935+0000] {dag.py:4138} INFO - Setting next_dagrun for dbt_pipeline to 2026-08-04 00:00:00+00:00, run_after=2026-08-05 00:00:00+00:00
[2026-08-04T01:03:49.045+0000] {processor.py:208} INFO - Processing /opt/airflow/dags/dbt_pipeline.py took 0.673 seconds
[2026-08-04T01:04:19.695+0000] {processor.py:186} INFO - Started process (PID=2374) to work on /opt/airflow/dags/dbt_pipeline.py
[2026-08-04T01:04:19.709+0000] {processor.py:914} INFO - Processing file /opt/airflow/dags/dbt_pipeline.py for tasks to queue
[2026-08-04T01:04:19.738+0000] {logging_mixin.py:190} INFO - [2026-08-04T01:04:19.734+0000] {dagbag.py:587} INFO - Filling up the DagBag from /opt/airflow/dags/dbt_pipeline.py
[2026-08-04T01:04:19.972+0000] {processor.py:925} INFO - DAG(s) 'dbt_pipeline' retrieved from /opt/airflow/dags/dbt_pipeline.py
[2026-08-04T01:04:20.533+0000] {logging_mixin.py:190} INFO - [2026-08-04T01:04:20.532+0000] {dag.py:3211} INFO - Sync 1 DAGs
[2026-08-04T01:04:20.954+0000] {logging_mixin.py:190} INFO - [2026-08-04T01:04:20.952+0000] {dag.py:4138} INFO - Setting next_dagrun for dbt_pipeline to 2026-08-04 00:00:00+00:00, run_after=2026-08-05 00:00:00+00:00
[2026-08-04T01:04:21.330+0000] {processor.py:208} INFO - Processing /opt/airflow/dags/dbt_pipeline.py took 1.724 seconds
[2026-08-04T01:04:52.000+0000] {processor.py:186} INFO - Started process (PID=2389) to work on /opt/airflow/dags/dbt_pipeline.py
[2026-08-04T01:04:52.022+0000] {processor.py:914} INFO - Processing file /opt/airflow/dags/dbt_pipeline.py for tasks to queue
[2026-08-04T01:04:52.080+0000] {logging_mixin.py:190} INFO - [2026-08-04T01:04:52.073+0000] {dagbag.py:587} INFO - Filling up the DagBag from /opt/airflow/dags/dbt_pipeline.py
[2026-08-04T01:04:52.311+0000] {processor.py:925} INFO - DAG(s) 'dbt_pipeline' retrieved from /opt/airflow/dags/dbt_pipeline.py
[2026-08-04T01:04:52.815+0000] {logging_mixin.py:190} INFO - [2026-08-04T01:04:52.803+0000] {dag.py:3211} INFO - Sync 1 DAGs
[2026-08-04T01:04:53.528+0000] {logging_mixin.py:190} INFO - [2026-08-04T01:04:53.526+0000] {dag.py:4138} INFO - Setting next_dagrun for dbt_pipeline to 2026-08-04 00:00:00+00:00, run_after=2026-08-05 00:00:00+00:00
[2026-08-04T01:04:54.034+0000] {processor.py:208} INFO - Processing /opt/airflow/dags/dbt_pipeline.py took 2.132 seconds
[2026-08-04T01:05:25.029+0000] {processor.py:186} INFO - Started process (PID=2404) to work on /opt/airflow/dags/dbt_pipeline.py
[2026-08-04T01:05:25.043+0000] {processor.py:914} INFO - Processing file /opt/airflow/dags/dbt_pipeline.py for tasks to queue
[2026-08-04T01:05:25.112+0000] {logging_mixin.py:190} INFO - [2026-08-04T01:05:25.102+0000] {dagbag.py:587} INFO - Filling up the DagBag from /opt/airflow/dags/dbt_pipeline.py
[2026-08-04T01:05:25.413+0000] {processor.py:925} INFO - DAG(s) 'dbt_pipeline' retrieved from /opt/airflow/dags/dbt_pipeline.py
[2026-08-04T01:05:25.885+0000] {logging_mixin.py:190} INFO - [2026-08-04T01:05:25.882+0000] {dag.py:3211} INFO - Sync 1 DAGs
[2026-08-04T01:05:26.668+0000] {logging_mixin.py:190} INFO - [2026-08-04T01:05:26.665+0000] {dag.py:4138} INFO - Setting next_dagrun for dbt_pipeline to 2026-08-04 00:00:00+00:00, run_after=2026-08-05 00:00:00+00:00
[2026-08-04T01:05:26.940+0000] {processor.py:208} INFO - Processing /opt/airflow/dags/dbt_pipeline.py took 2.044 seconds
[2026-08-04T01:05:57.987+0000] {processor.py:186} INFO - Started process (PID=2419) to work on /opt/airflow/dags/dbt_pipeline.py
[2026-08-04T01:05:58.005+0000] {processor.py:914} INFO - Processing file /opt/airflow/dags/dbt_pipeline.py for tasks to queue
[2026-08-04T01:05:58.081+0000] {logging_mixin.py:190} INFO - [2026-08-04T01:05:58.075+0000] {dagbag.py:587} INFO - Filling up the DagBag from /opt/airflow/dags/dbt_pipeline.py
[2026-08-04T01:05:58.493+0000] {processor.py:925} INFO - DAG(s) 'dbt_pipeline' retrieved from /opt/airflow/dags/dbt_pipeline.py
[2026-08-04T01:05:59.330+0000] {logging_mixin.py:190} INFO - [2026-08-04T01:05:59.324+0000] {dag.py:3211} INFO - Sync 1 DAGs
[2026-08-04T01:06:00.383+0000] {logging_mixin.py:190} INFO - [2026-08-04T01:06:00.374+0000] {dag.py:4138} INFO - Setting next_dagrun for dbt_pipeline to 2026-08-04 00:00:00+00:00, run_after=2026-08-05 00:00:00+00:00
[2026-08-04T01:06:00.726+0000] {processor.py:208} INFO - Processing /opt/airflow/dags/dbt_pipeline.py took 2.821 seconds
[2026-08-04T01:36:49.425+0000] {processor.py:186} INFO - Started process (PID=2429) to work on /opt/airflow/dags/dbt_pipeline.py
[2026-08-04T01:36:49.451+0000] {processor.py:914} INFO - Processing file /opt/airflow/dags/dbt_pipeline.py for tasks to queue
[2026-08-04T01:36:49.699+0000] {logging_mixin.py:190} INFO - [2026-08-04T01:36:49.688+0000] {dagbag.py:587} INFO - Filling up the DagBag from /opt/airflow/dags/dbt_pipeline.py
[2026-08-04T01:36:50.028+0000] {processor.py:925} INFO - DAG(s) 'dbt_pipeline' retrieved from /opt/airflow/dags/dbt_pipeline.py
[2026-08-04T01:36:51.027+0000] {logging_mixin.py:190} INFO - [2026-08-04T01:36:51.024+0000] {dag.py:3211} INFO - Sync 1 DAGs
[2026-08-04T01:36:51.861+0000] {logging_mixin.py:190} INFO - [2026-08-04T01:36:51.857+0000] {dag.py:4138} INFO - Setting next_dagrun for dbt_pipeline to 2026-08-04 00:00:00+00:00, run_after=2026-08-05 00:00:00+00:00
[2026-08-04T01:36:52.351+0000] {processor.py:208} INFO - Processing /opt/airflow/dags/dbt_pipeline.py took 3.198 seconds
[2026-08-04T01:37:23.119+0000] {processor.py:186} INFO - Started process (PID=2444) to work on /opt/airflow/dags/dbt_pipeline.py
[2026-08-04T01:37:23.135+0000] {processor.py:914} INFO - Processing file /opt/airflow/dags/dbt_pipeline.py for tasks to queue
[2026-08-04T01:37:23.205+0000] {logging_mixin.py:190} INFO - [2026-08-04T01:37:23.195+0000] {dagbag.py:587} INFO - Filling up the DagBag from /opt/airflow/dags/dbt_pipeline.py
[2026-08-04T01:37:23.461+0000] {processor.py:925} INFO - DAG(s) 'dbt_pipeline' retrieved from /opt/airflow/dags/dbt_pipeline.py
[2026-08-04T01:37:24.093+0000] {logging_mixin.py:190} INFO - [2026-08-04T01:37:24.091+0000] {dag.py:3211} INFO - Sync 1 DAGs
[2026-08-04T01:37:24.619+0000] {logging_mixin.py:190} INFO - [2026-08-04T01:37:24.614+0000] {dag.py:4138} INFO - Setting next_dagrun for dbt_pipeline to 2026-08-04 00:00:00+00:00, run_after=2026-08-05 00:00:00+00:00
[2026-08-04T01:37:24.867+0000] {processor.py:208} INFO - Processing /opt/airflow/dags/dbt_pipeline.py took 1.922 seconds
[2026-08-04T01:37:55.618+0000] {processor.py:186} INFO - Started process (PID=2462) to work on /opt/airflow/dags/dbt_pipeline.py
[2026-08-04T01:37:55.630+0000] {processor.py:914} INFO - Processing file /opt/airflow/dags/dbt_pipeline.py for tasks to queue
[2026-08-04T01:37:55.673+0000] {logging_mixin.py:190} INFO - [2026-08-04T01:37:55.666+0000] {dagbag.py:587} INFO - Filling up the DagBag from /opt/airflow/dags/dbt_pipeline.py
[2026-08-04T01:37:55.961+0000] {processor.py:925} INFO - DAG(s) 'dbt_pipeline' retrieved from /opt/airflow/dags/dbt_pipeline.py
[2026-08-04T01:37:56.400+0000] {logging_mixin.py:190} INFO - [2026-08-04T01:37:56.398+0000] {dag.py:3211} INFO - Sync 1 DAGs
[2026-08-04T01:37:56.871+0000] {logging_mixin.py:190} INFO - [2026-08-04T01:37:56.869+0000] {dag.py:4138} INFO - Setting next_dagrun for dbt_pipeline to 2026-08-04 00:00:00+00:00, run_after=2026-08-05 00:00:00+00:00
[2026-08-04T01:37:57.222+0000] {processor.py:208} INFO - Processing /opt/airflow/dags/dbt_pipeline.py took 1.757 seconds
[2026-08-04T01:38:27.986+0000] {processor.py:186} INFO - Started process (PID=2474) to work on /opt/airflow/dags/dbt_pipeline.py
[2026-08-04T01:38:27.998+0000] {processor.py:914} INFO - Processing file /opt/airflow/dags/dbt_pipeline.py for tasks to queue
[2026-08-04T01:38:28.054+0000] {logging_mixin.py:190} INFO - [2026-08-04T01:38:28.032+0000] {dagbag.py:587} INFO - Filling up the DagBag from /opt/airflow/dags/dbt_pipeline.py
[2026-08-04T01:38:28.427+0000] {processor.py:925} INFO - DAG(s) 'dbt_pipeline' retrieved from /opt/airflow/dags/dbt_pipeline.py
[2026-08-04T01:38:28.871+0000] {logging_mixin.py:190} INFO - [2026-08-04T01:38:28.868+0000] {dag.py:3211} INFO - Sync 1 DAGs
[2026-08-04T01:38:29.554+0000] {logging_mixin.py:190} INFO - [2026-08-04T01:38:29.553+0000] {dag.py:4138} INFO - Setting next_dagrun for dbt_pipeline to 2026-08-04 00:00:00+00:00, run_after=2026-08-05 00:00:00+00:00
[2026-08-04T01:38:29.799+0000] {processor.py:208} INFO - Processing /opt/airflow/dags/dbt_pipeline.py took 1.896 seconds
[2026-08-04T01:39:00.924+0000] {processor.py:186} INFO - Started process (PID=2489) to work on /opt/airflow/dags/dbt_pipeline.py
[2026-08-04T01:39:00.943+0000] {processor.py:914} INFO - Processing file /opt/airflow/dags/dbt_pipeline.py for tasks to queue
[2026-08-04T01:39:01.083+0000] {logging_mixin.py:190} INFO - [2026-08-04T01:39:01.057+0000] {dagbag.py:587} INFO - Filling up the DagBag from /opt/airflow/dags/dbt_pipeline.py
[2026-08-04T01:39:01.552+0000] {processor.py:925} INFO - DAG(s) 'dbt_pipeline' retrieved from /opt/airflow/dags/dbt_pipeline.py
[2026-08-04T01:39:02.157+0000] {logging_mixin.py:190} INFO - [2026-08-04T01:39:02.153+0000] {dag.py:3211} INFO - Sync 1 DAGs
[2026-08-04T01:39:02.788+0000] {logging_mixin.py:190} INFO - [2026-08-04T01:39:02.781+0000] {dag.py:4138} INFO - Setting next_dagrun for dbt_pipeline to 2026-08-04 00:00:00+00:00, run_after=2026-08-05 00:00:00+00:00
[2026-08-04T01:39:03.158+0000] {processor.py:208} INFO - Processing /opt/airflow/dags/dbt_pipeline.py took 2.330 seconds
[2026-08-04T01:39:34.289+0000] {processor.py:186} INFO - Started process (PID=2507) to work on /opt/airflow/dags/dbt_pipeline.py
[2026-08-04T01:39:34.365+0000] {processor.py:914} INFO - Processing file /opt/airflow/dags/dbt_pipeline.py for tasks to queue
[2026-08-04T01:39:34.511+0000] {logging_mixin.py:190} INFO - [2026-08-04T01:39:34.485+0000] {dagbag.py:587} INFO - Filling up the DagBag from /opt/airflow/dags/dbt_pipeline.py
[2026-08-04T01:39:34.826+0000] {processor.py:925} INFO - DAG(s) 'dbt_pipeline' retrieved from /opt/airflow/dags/dbt_pipeline.py
[2026-08-04T01:39:35.391+0000] {logging_mixin.py:190} INFO - [2026-08-04T01:39:35.389+0000] {dag.py:3211} INFO - Sync 1 DAGs
[2026-08-04T01:39:35.806+0000] {logging_mixin.py:190} INFO - [2026-08-04T01:39:35.803+0000] {dag.py:4138} INFO - Setting next_dagrun for dbt_pipeline to 2026-08-04 00:00:00+00:00, run_after=2026-08-05 00:00:00+00:00
[2026-08-04T01:39:36.102+0000] {processor.py:208} INFO - Processing /opt/airflow/dags/dbt_pipeline.py took 2.137 seconds
[2026-08-04T01:40:06.804+0000] {processor.py:186} INFO - Started process (PID=2522) to work on /opt/airflow/dags/dbt_pipeline.py
[2026-08-04T01:40:06.817+0000] {processor.py:914} INFO - Processing file /opt/airflow/dags/dbt_pipeline.py for tasks to queue
[2026-08-04T01:40:06.862+0000] {logging_mixin.py:190} INFO - [2026-08-04T01:40:06.856+0000] {dagbag.py:587} INFO - Filling up the DagBag from /opt/airflow/dags/dbt_pipeline.py
[2026-08-04T01:40:07.369+0000] {processor.py:925} INFO - DAG(s) 'dbt_pipeline' retrieved from /opt/airflow/dags/dbt_pipeline.py
[2026-08-04T01:40:07.802+0000] {logging_mixin.py:190} INFO - [2026-08-04T01:40:07.800+0000] {dag.py:3211} INFO - Sync 1 DAGs
[2026-08-04T01:40:08.227+0000] {logging_mixin.py:190} INFO - [2026-08-04T01:40:08.225+0000] {dag.py:4138} INFO - Setting next_dagrun for dbt_pipeline to 2026-08-04 00:00:00+00:00, run_after=2026-08-05 00:00:00+00:00
[2026-08-04T01:40:08.458+0000] {processor.py:208} INFO - Processing /opt/airflow/dags/dbt_pipeline.py took 1.766 seconds
[2026-08-04T01:40:39.560+0000] {processor.py:186} INFO - Started process (PID=2537) to work on /opt/airflow/dags/dbt_pipeline.py
[2026-08-04T01:40:39.581+0000] {processor.py:914} INFO - Processing file /opt/airflow/dags/dbt_pipeline.py for tasks to queue
[2026-08-04T01:40:39.620+0000] {logging_mixin.py:190} INFO - [2026-08-04T01:40:39.616+0000] {dagbag.py:587} INFO - Filling up the DagBag from /opt/airflow/dags/dbt_pipeline.py
[2026-08-04T01:40:39.884+0000] {processor.py:925} INFO - DAG(s) 'dbt_pipeline' retrieved from /opt/airflow/dags/dbt_pipeline.py
[2026-08-04T01:40:40.351+0000] {logging_mixin.py:190} INFO - [2026-08-04T01:40:40.348+0000] {dag.py:3211} INFO - Sync 1 DAGs
[2026-08-04T01:40:40.789+0000] {logging_mixin.py:190} INFO - [2026-08-04T01:40:40.785+0000] {dag.py:4138} INFO - Setting next_dagrun for dbt_pipeline to 2026-08-04 00:00:00+00:00, run_after=2026-08-05 00:00:00+00:00
[2026-08-04T01:40:42.714+0000] {processor.py:208} INFO - Processing /opt/airflow/dags/dbt_pipeline.py took 3.268 seconds
[2026-08-04T01:41:13.395+0000] {processor.py:186} INFO - Started process (PID=2554) to work on /opt/airflow/dags/dbt_pipeline.py
[2026-08-04T01:41:13.429+0000] {processor.py:914} INFO - Processing file /opt/airflow/dags/dbt_pipeline.py for tasks to queue
[2026-08-04T01:41:13.481+0000] {logging_mixin.py:190} INFO - [2026-08-04T01:41:13.477+0000] {dagbag.py:587} INFO - Filling up the DagBag from /opt/airflow/dags/dbt_pipeline.py
[2026-08-04T01:41:13.736+0000] {processor.py:925} INFO - DAG(s) 'dbt_pipeline' retrieved from /opt/airflow/dags/dbt_pipeline.py
[2026-08-04T01:41:14.195+0000] {logging_mixin.py:190} INFO - [2026-08-04T01:41:14.192+0000] {dag.py:3211} INFO - Sync 1 DAGs
[2026-08-04T01:41:14.761+0000] {logging_mixin.py:190} INFO - [2026-08-04T01:41:14.758+0000] {dag.py:4138} INFO - Setting next_dagrun for dbt_pipeline to 2026-08-04 00:00:00+00:00, run_after=2026-08-05 00:00:00+00:00
[2026-08-04T01:41:15.019+0000] {processor.py:208} INFO - Processing /opt/airflow/dags/dbt_pipeline.py took 1.731 seconds
[2026-08-04T01:41:46.116+0000] {processor.py:186} INFO - Started process (PID=2569) to work on /opt/airflow/dags/dbt_pipeline.py
[2026-08-04T01:41:46.130+0000] {processor.py:914} INFO - Processing file /opt/airflow/dags/dbt_pipeline.py for tasks to queue
[2026-08-04T01:41:46.170+0000] {logging_mixin.py:190} INFO - [2026-08-04T01:41:46.164+0000] {dagbag.py:587} INFO - Filling up the DagBag from /opt/airflow/dags/dbt_pipeline.py
[2026-08-04T01:41:46.362+0000] {processor.py:925} INFO - DAG(s) 'dbt_pipeline' retrieved from /opt/airflow/dags/dbt_pipeline.py
[2026-08-04T01:41:46.783+0000] {logging_mixin.py:190} INFO - [2026-08-04T01:41:46.780+0000] {dag.py:3211} INFO - Sync 1 DAGs
[2026-08-04T01:41:47.490+0000] {logging_mixin.py:190} INFO - [2026-08-04T01:41:47.487+0000] {dag.py:4138} INFO - Setting next_dagrun for dbt_pipeline to 2026-08-04 00:00:00+00:00, run_after=2026-08-05 00:00:00+00:00
[2026-08-04T01:41:47.780+0000] {processor.py:208} INFO - Processing /opt/airflow/dags/dbt_pipeline.py took 1.741 seconds
[2026-08-04T01:42:18.507+0000] {processor.py:186} INFO - Started process (PID=2584) to work on /opt/airflow/dags/dbt_pipeline.py
[2026-08-04T01:42:18.532+0000] {processor.py:914} INFO - Processing file /opt/airflow/dags/dbt_pipeline.py for tasks to queue
[2026-08-04T01:42:18.580+0000] {logging_mixin.py:190} INFO - [2026-08-04T01:42:18.568+0000] {dagbag.py:587} INFO - Filling up the DagBag from /opt/airflow/dags/dbt_pipeline.py
[2026-08-04T01:42:18.906+0000] {processor.py:925} INFO - DAG(s) 'dbt_pipeline' retrieved from /opt/airflow/dags/dbt_pipeline.py
[2026-08-04T01:42:19.417+0000] {logging_mixin.py:190} INFO - [2026-08-04T01:42:19.411+0000] {dag.py:3211} INFO - Sync 1 DAGs
[2026-08-04T01:42:20.007+0000] {logging_mixin.py:190} INFO - [2026-08-04T01:42:20.001+0000] {dag.py:4138} INFO - Setting next_dagrun for dbt_pipeline to 2026-08-04 00:00:00+00:00, run_after=2026-08-05 00:00:00+00:00
[2026-08-04T01:42:20.518+0000] {processor.py:208} INFO - Processing /opt/airflow/dags/dbt_pipeline.py took 2.118 seconds
[2026-08-04T01:42:51.555+0000] {processor.py:186} INFO - Started process (PID=2599) to work on /opt/airflow/dags/dbt_pipeline.py
[2026-08-04T01:42:51.567+0000] {processor.py:914} INFO - Processing file /opt/airflow/dags/dbt_pipeline.py for tasks to queue
[2026-08-04T01:42:51.601+0000] {logging_mixin.py:190} INFO - [2026-08-04T01:42:51.593+0000] {dagbag.py:587} INFO - Filling up the DagBag from /opt/airflow/dags/dbt_pipeline.py
[2026-08-04T01:42:51.848+0000] {processor.py:925} INFO - DAG(s) 'dbt_pipeline' retrieved from /opt/airflow/dags/dbt_pipeline.py
[2026-08-04T01:42:52.209+0000] {logging_mixin.py:190} INFO - [2026-08-04T01:42:52.207+0000] {dag.py:3211} INFO - Sync 1 DAGs
[2026-08-04T01:42:52.716+0000] {logging_mixin.py:190} INFO - [2026-08-04T01:42:52.714+0000] {dag.py:4138} INFO - Setting next_dagrun for dbt_pipeline to 2026-08-04 00:00:00+00:00, run_after=2026-08-05 00:00:00+00:00
[2026-08-04T01:42:53.005+0000] {processor.py:208} INFO - Processing /opt/airflow/dags/dbt_pipeline.py took 1.553 seconds
[2026-08-04T01:43:23.819+0000] {processor.py:186} INFO - Started process (PID=2614) to work on /opt/airflow/dags/dbt_pipeline.py
[2026-08-04T01:43:23.829+0000] {processor.py:914} INFO - Processing file /opt/airflow/dags/dbt_pipeline.py for tasks to queue
[2026-08-04T01:43:23.874+0000] {logging_mixin.py:190} INFO - [2026-08-04T01:43:23.871+0000] {dagbag.py:587} INFO - Filling up the DagBag from /opt/airflow/dags/dbt_pipeline.py
[2026-08-04T01:43:24.187+0000] {processor.py:925} INFO - DAG(s) 'dbt_pipeline' retrieved from /opt/airflow/dags/dbt_pipeline.py
[2026-08-04T01:43:24.599+0000] {logging_mixin.py:190} INFO - [2026-08-04T01:43:24.593+0000] {dag.py:3211} INFO - Sync 1 DAGs
[2026-08-04T01:43:25.114+0000] {logging_mixin.py:190} INFO - [2026-08-04T01:43:25.111+0000] {dag.py:4138} INFO - Setting next_dagrun for dbt_pipeline to 2026-08-04 00:00:00+00:00, run_after=2026-08-05 00:00:00+00:00
[2026-08-04T01:43:25.387+0000] {processor.py:208} INFO - Processing /opt/airflow/dags/dbt_pipeline.py took 1.688 seconds
[2026-08-04T01:43:56.066+0000] {processor.py:186} INFO - Started process (PID=2629) to work on /opt/airflow/dags/dbt_pipeline.py
[2026-08-04T01:43:56.078+0000] {processor.py:914} INFO - Processing file /opt/airflow/dags/dbt_pipeline.py for tasks to queue
[2026-08-04T01:43:56.120+0000] {logging_mixin.py:190} INFO - [2026-08-04T01:43:56.115+0000] {dagbag.py:587} INFO - Filling up the DagBag from /opt/airflow/dags/dbt_pipeline.py
[2026-08-04T01:43:56.432+0000] {processor.py:925} INFO - DAG(s) 'dbt_pipeline' retrieved from /opt/airflow/dags/dbt_pipeline.py
[2026-08-04T01:43:57.039+0000] {logging_mixin.py:190} INFO - [2026-08-04T01:43:57.036+0000] {dag.py:3211} INFO - Sync 1 DAGs
[2026-08-04T01:43:57.615+0000] {logging_mixin.py:190} INFO - [2026-08-04T01:43:57.610+0000] {dag.py:4138} INFO - Setting next_dagrun for dbt_pipeline to 2026-08-04 00:00:00+00:00, run_after=2026-08-05 00:00:00+00:00
[2026-08-04T01:43:59.438+0000] {processor.py:208} INFO - Processing /opt/airflow/dags/dbt_pipeline.py took 3.506 seconds
[2026-08-04T01:44:30.181+0000] {processor.py:186} INFO - Started process (PID=2644) to work on /opt/airflow/dags/dbt_pipeline.py
[2026-08-04T01:44:30.194+0000] {processor.py:914} INFO - Processing file /opt/airflow/dags/dbt_pipeline.py for tasks to queue
[2026-08-04T01:44:30.235+0000] {logging_mixin.py:190} INFO - [2026-08-04T01:44:30.231+0000] {dagbag.py:587} INFO - Filling up the DagBag from /opt/airflow/dags/dbt_pipeline.py
[2026-08-04T01:44:30.560+0000] {processor.py:925} INFO - DAG(s) 'dbt_pipeline' retrieved from /opt/airflow/dags/dbt_pipeline.py
[2026-08-04T01:44:31.045+0000] {logging_mixin.py:190} INFO - [2026-08-04T01:44:31.043+0000] {dag.py:3211} INFO - Sync 1 DAGs
[2026-08-04T01:44:31.462+0000] {logging_mixin.py:190} INFO - [2026-08-04T01:44:31.460+0000] {dag.py:4138} INFO - Setting next_dagrun for dbt_pipeline to 2026-08-04 00:00:00+00:00, run_after=2026-08-05 00:00:00+00:00
[2026-08-04T01:44:31.777+0000] {processor.py:208} INFO - Processing /opt/airflow/dags/dbt_pipeline.py took 1.714 seconds
[2026-08-04T02:15:12.197+0000] {processor.py:186} INFO - Started process (PID=2654) to work on /opt/airflow/dags/dbt_pipeline.py
[2026-08-04T02:15:12.215+0000] {processor.py:914} INFO - Processing file /opt/airflow/dags/dbt_pipeline.py for tasks to queue
[2026-08-04T02:15:12.243+0000] {logging_mixin.py:190} INFO - [2026-08-04T02:15:12.240+0000] {dagbag.py:587} INFO - Filling up the DagBag from /opt/airflow/dags/dbt_pipeline.py
[2026-08-04T02:15:12.481+0000] {processor.py:925} INFO - DAG(s) 'dbt_pipeline' retrieved from /opt/airflow/dags/dbt_pipeline.py
[2026-08-04T02:15:13.013+0000] {logging_mixin.py:190} INFO - [2026-08-04T02:15:13.011+0000] {dag.py:3211} INFO - Sync 1 DAGs
[2026-08-04T02:15:13.449+0000] {logging_mixin.py:190} INFO - [2026-08-04T02:15:13.447+0000] {dag.py:4138} INFO - Setting next_dagrun for dbt_pipeline to 2026-08-04 00:00:00+00:00, run_after=2026-08-05 00:00:00+00:00
[2026-08-04T02:15:13.707+0000] {processor.py:208} INFO - Processing /opt/airflow/dags/dbt_pipeline.py took 1.649 seconds
[2026-08-04T02:15:44.809+0000] {processor.py:186} INFO - Started process (PID=2672) to work on /opt/airflow/dags/dbt_pipeline.py
[2026-08-04T02:15:44.817+0000] {processor.py:914} INFO - Processing file /opt/airflow/dags/dbt_pipeline.py for tasks to queue
[2026-08-04T02:15:44.865+0000] {logging_mixin.py:190} INFO - [2026-08-04T02:15:44.861+0000] {dagbag.py:587} INFO - Filling up the DagBag from /opt/airflow/dags/dbt_pipeline.py
[2026-08-04T02:15:45.047+0000] {processor.py:925} INFO - DAG(s) 'dbt_pipeline' retrieved from /opt/airflow/dags/dbt_pipeline.py
[2026-08-04T02:15:45.491+0000] {logging_mixin.py:190} INFO - [2026-08-04T02:15:45.489+0000] {dag.py:3211} INFO - Sync 1 DAGs
[2026-08-04T02:15:46.048+0000] {logging_mixin.py:190} INFO - [2026-08-04T02:15:46.045+0000] {dag.py:4138} INFO - Setting next_dagrun for dbt_pipeline to 2026-08-04 00:00:00+00:00, run_after=2026-08-05 00:00:00+00:00
[2026-08-04T02:15:46.342+0000] {processor.py:208} INFO - Processing /opt/airflow/dags/dbt_pipeline.py took 1.651 seconds
[2026-08-04T02:16:17.078+0000] {processor.py:186} INFO - Started process (PID=2687) to work on /opt/airflow/dags/dbt_pipeline.py
[2026-08-04T02:16:17.093+0000] {processor.py:914} INFO - Processing file /opt/airflow/dags/dbt_pipeline.py for tasks to queue
[2026-08-04T02:16:17.139+0000] {logging_mixin.py:190} INFO - [2026-08-04T02:16:17.133+0000] {dagbag.py:587} INFO - Filling up the DagBag from /opt/airflow/dags/dbt_pipeline.py
[2026-08-04T02:16:17.368+0000] {processor.py:925} INFO - DAG(s) 'dbt_pipeline' retrieved from /opt/airflow/dags/dbt_pipeline.py
[2026-08-04T02:16:17.852+0000] {logging_mixin.py:190} INFO - [2026-08-04T02:16:17.850+0000] {dag.py:3211} INFO - Sync 1 DAGs
[2026-08-04T02:16:18.311+0000] {logging_mixin.py:190} INFO - [2026-08-04T02:16:18.308+0000] {dag.py:4138} INFO - Setting next_dagrun for dbt_pipeline to 2026-08-04 00:00:00+00:00, run_after=2026-08-05 00:00:00+00:00
[2026-08-04T02:16:18.670+0000] {processor.py:208} INFO - Processing /opt/airflow/dags/dbt_pipeline.py took 1.742 seconds
[2026-08-04T02:16:49.976+0000] {processor.py:186} INFO - Started process (PID=2702) to work on /opt/airflow/dags/dbt_pipeline.py
[2026-08-04T02:16:50.016+0000] {processor.py:914} INFO - Processing file /opt/airflow/dags/dbt_pipeline.py for tasks to queue
[2026-08-04T02:16:50.171+0000] {logging_mixin.py:190} INFO - [2026-08-04T02:16:50.166+0000] {dagbag.py:587} INFO - Filling up the DagBag from /opt/airflow/dags/dbt_pipeline.py
[2026-08-04T02:16:50.499+0000] {processor.py:925} INFO - DAG(s) 'dbt_pipeline' retrieved from /opt/airflow/dags/dbt_pipeline.py
[2026-08-04T02:16:51.028+0000] {logging_mixin.py:190} INFO - [2026-08-04T02:16:51.025+0000] {dag.py:3211} INFO - Sync 1 DAGs
[2026-08-04T02:16:51.517+0000] {logging_mixin.py:190} INFO - [2026-08-04T02:16:51.512+0000] {dag.py:4138} INFO - Setting next_dagrun for dbt_pipeline to 2026-08-04 00:00:00+00:00, run_after=2026-08-05 00:00:00+00:00
[2026-08-04T02:16:51.949+0000] {processor.py:208} INFO - Processing /opt/airflow/dags/dbt_pipeline.py took 2.071 seconds
[2026-08-04T02:17:22.478+0000] {processor.py:186} INFO - Started process (PID=2717) to work on /opt/airflow/dags/dbt_pipeline.py
[2026-08-04T02:17:22.493+0000] {processor.py:914} INFO - Processing file /opt/airflow/dags/dbt_pipeline.py for tasks to queue
[2026-08-04T02:17:22.547+0000] {logging_mixin.py:190} INFO - [2026-08-04T02:17:22.538+0000] {dagbag.py:587} INFO - Filling up the DagBag from /opt/airflow/dags/dbt_pipeline.py
[2026-08-04T02:17:22.821+0000] {processor.py:925} INFO - DAG(s) 'dbt_pipeline' retrieved from /opt/airflow/dags/dbt_pipeline.py
[2026-08-04T02:17:23.427+0000] {logging_mixin.py:190} INFO - [2026-08-04T02:17:23.425+0000] {dag.py:3211} INFO - Sync 1 DAGs
[2026-08-04T02:17:23.985+0000] {logging_mixin.py:190} INFO - [2026-08-04T02:17:23.983+0000] {dag.py:4138} INFO - Setting next_dagrun for dbt_pipeline to 2026-08-04 00:00:00+00:00, run_after=2026-08-05 00:00:00+00:00
[2026-08-04T02:17:24.324+0000] {processor.py:208} INFO - Processing /opt/airflow/dags/dbt_pipeline.py took 1.966 seconds
[2026-08-04T02:17:55.782+0000] {processor.py:186} INFO - Started process (PID=2729) to work on /opt/airflow/dags/dbt_pipeline.py
[2026-08-04T02:17:55.798+0000] {processor.py:914} INFO - Processing file /opt/airflow/dags/dbt_pipeline.py for tasks to queue
[2026-08-04T02:17:55.828+0000] {logging_mixin.py:190} INFO - [2026-08-04T02:17:55.825+0000] {dagbag.py:587} INFO - Filling up the DagBag from /opt/airflow/dags/dbt_pipeline.py
[2026-08-04T02:17:56.043+0000] {processor.py:925} INFO - DAG(s) 'dbt_pipeline' retrieved from /opt/airflow/dags/dbt_pipeline.py
[2026-08-04T02:17:56.803+0000] {logging_mixin.py:190} INFO - [2026-08-04T02:17:56.707+0000] {dag.py:3211} INFO - Sync 1 DAGs
[2026-08-04T02:17:57.318+0000] {logging_mixin.py:190} INFO - [2026-08-04T02:17:57.314+0000] {dag.py:4138} INFO - Setting next_dagrun for dbt_pipeline to 2026-08-04 00:00:00+00:00, run_after=2026-08-05 00:00:00+00:00
[2026-08-04T02:17:57.621+0000] {processor.py:208} INFO - Processing /opt/airflow/dags/dbt_pipeline.py took 1.958 seconds
[2026-08-04T02:18:28.205+0000] {processor.py:186} INFO - Started process (PID=2744) to work on /opt/airflow/dags/dbt_pipeline.py
[2026-08-04T02:18:28.222+0000] {processor.py:914} INFO - Processing file /opt/airflow/dags/dbt_pipeline.py for tasks to queue
[2026-08-04T02:18:28.264+0000] {logging_mixin.py:190} INFO - [2026-08-04T02:18:28.259+0000] {dagbag.py:587} INFO - Filling up the DagBag from /opt/airflow/dags/dbt_pipeline.py
[2026-08-04T02:18:28.507+0000] {processor.py:925} INFO - DAG(s) 'dbt_pipeline' retrieved from /opt/airflow/dags/dbt_pipeline.py
[2026-08-04T02:18:29.017+0000] {logging_mixin.py:190} INFO - [2026-08-04T02:18:29.012+0000] {dag.py:3211} INFO - Sync 1 DAGs
[2026-08-04T02:18:29.613+0000] {logging_mixin.py:190} INFO - [2026-08-04T02:18:29.608+0000] {dag.py:4138} INFO - Setting next_dagrun for dbt_pipeline to 2026-08-04 00:00:00+00:00, run_after=2026-08-05 00:00:00+00:00
[2026-08-04T02:18:30.000+0000] {processor.py:208} INFO - Processing /opt/airflow/dags/dbt_pipeline.py took 1.900 seconds
[2026-08-04T02:19:00.474+0000] {processor.py:186} INFO - Started process (PID=2762) to work on /opt/airflow/dags/dbt_pipeline.py
[2026-08-04T02:19:00.497+0000] {processor.py:914} INFO - Processing file /opt/airflow/dags/dbt_pipeline.py for tasks to queue
[2026-08-04T02:19:00.527+0000] {logging_mixin.py:190} INFO - [2026-08-04T02:19:00.521+0000] {dagbag.py:587} INFO - Filling up the DagBag from /opt/airflow/dags/dbt_pipeline.py
[2026-08-04T02:19:00.897+0000] {processor.py:925} INFO - DAG(s) 'dbt_pipeline' retrieved from /opt/airflow/dags/dbt_pipeline.py
[2026-08-04T02:19:01.370+0000] {logging_mixin.py:190} INFO - [2026-08-04T02:19:01.368+0000] {dag.py:3211} INFO - Sync 1 DAGs
[2026-08-04T02:19:01.979+0000] {logging_mixin.py:190} INFO - [2026-08-04T02:19:01.976+0000] {dag.py:4138} INFO - Setting next_dagrun for dbt_pipeline to 2026-08-04 00:00:00+00:00, run_after=2026-08-05 00:00:00+00:00
[2026-08-04T02:19:02.290+0000] {processor.py:208} INFO - Processing /opt/airflow/dags/dbt_pipeline.py took 1.892 seconds
[2026-08-04T02:19:32.840+0000] {processor.py:186} INFO - Started process (PID=2774) to work on /opt/airflow/dags/dbt_pipeline.py
[2026-08-04T02:19:32.866+0000] {processor.py:914} INFO - Processing file /opt/airflow/dags/dbt_pipeline.py for tasks to queue
[2026-08-04T02:19:32.899+0000] {logging_mixin.py:190} INFO - [2026-08-04T02:19:32.895+0000] {dagbag.py:587} INFO - Filling up the DagBag from /opt/airflow/dags/dbt_pipeline.py
[2026-08-04T02:19:33.174+0000] {processor.py:925} INFO - DAG(s) 'dbt_pipeline' retrieved from /opt/airflow/dags/dbt_pipeline.py
[2026-08-04T02:19:33.727+0000] {logging_mixin.py:190} INFO - [2026-08-04T02:19:33.722+0000] {dag.py:3211} INFO - Sync 1 DAGs
[2026-08-04T02:19:34.282+0000] {logging_mixin.py:190} INFO - [2026-08-04T02:19:34.277+0000] {dag.py:4138} INFO - Setting next_dagrun for dbt_pipeline to 2026-08-04 00:00:00+00:00, run_after=2026-08-05 00:00:00+00:00
[2026-08-04T02:19:34.625+0000] {processor.py:208} INFO - Processing /opt/airflow/dags/dbt_pipeline.py took 1.931 seconds
[2026-08-04T02:20:05.191+0000] {processor.py:186} INFO - Started process (PID=2792) to work on /opt/airflow/dags/dbt_pipeline.py
[2026-08-04T02:20:05.218+0000] {processor.py:914} INFO - Processing file /opt/airflow/dags/dbt_pipeline.py for tasks to queue
[2026-08-04T02:20:05.279+0000] {logging_mixin.py:190} INFO - [2026-08-04T02:20:05.272+0000] {dagbag.py:587} INFO - Filling up the DagBag from /opt/airflow/dags/dbt_pipeline.py
[2026-08-04T02:20:05.527+0000] {processor.py:925} INFO - DAG(s) 'dbt_pipeline' retrieved from /opt/airflow/dags/dbt_pipeline.py
[2026-08-04T02:20:06.014+0000] {logging_mixin.py:190} INFO - [2026-08-04T02:20:06.010+0000] {dag.py:3211} INFO - Sync 1 DAGs
[2026-08-04T02:20:06.420+0000] {logging_mixin.py:190} INFO - [2026-08-04T02:20:06.416+0000] {dag.py:4138} INFO - Setting next_dagrun for dbt_pipeline to 2026-08-04 00:00:00+00:00, run_after=2026-08-05 00:00:00+00:00
[2026-08-04T02:20:08.743+0000] {processor.py:208} INFO - Processing /opt/airflow/dags/dbt_pipeline.py took 3.676 seconds
[2026-08-04T02:20:39.352+0000] {processor.py:186} INFO - Started process (PID=2809) to work on /opt/airflow/dags/dbt_pipeline.py
[2026-08-04T02:20:39.365+0000] {processor.py:914} INFO - Processing file /opt/airflow/dags/dbt_pipeline.py for tasks to queue
[2026-08-04T02:20:39.432+0000] {logging_mixin.py:190} INFO - [2026-08-04T02:20:39.425+0000] {dagbag.py:587} INFO - Filling up the DagBag from /opt/airflow/dags/dbt_pipeline.py
[2026-08-04T02:20:39.644+0000] {processor.py:925} INFO - DAG(s) 'dbt_pipeline' retrieved from /opt/airflow/dags/dbt_pipeline.py
[2026-08-04T02:20:40.169+0000] {logging_mixin.py:190} INFO - [2026-08-04T02:20:40.167+0000] {dag.py:3211} INFO - Sync 1 DAGs
[2026-08-04T02:20:40.624+0000] {logging_mixin.py:190} INFO - [2026-08-04T02:20:40.622+0000] {dag.py:4138} INFO - Setting next_dagrun for dbt_pipeline to 2026-08-04 00:00:00+00:00, run_after=2026-08-05 00:00:00+00:00
[2026-08-04T02:20:40.934+0000] {processor.py:208} INFO - Processing /opt/airflow/dags/dbt_pipeline.py took 1.694 seconds
[2026-08-04T02:21:11.550+0000] {processor.py:186} INFO - Started process (PID=2824) to work on /opt/airflow/dags/dbt_pipeline.py
[2026-08-04T02:21:11.563+0000] {processor.py:914} INFO - Processing file /opt/airflow/dags/dbt_pipeline.py for tasks to queue
[2026-08-04T02:21:11.609+0000] {logging_mixin.py:190} INFO - [2026-08-04T02:21:11.607+0000] {dagbag.py:587} INFO - Filling up the DagBag from /opt/airflow/dags/dbt_pipeline.py
[2026-08-04T02:21:11.883+0000] {processor.py:925} INFO - DAG(s) 'dbt_pipeline' retrieved from /opt/airflow/dags/dbt_pipeline.py
[2026-08-04T02:21:12.386+0000] {logging_mixin.py:190} INFO - [2026-08-04T02:21:12.384+0000] {dag.py:3211} INFO - Sync 1 DAGs
[2026-08-04T02:21:13.227+0000] {logging_mixin.py:190} INFO - [2026-08-04T02:21:13.211+0000] {dag.py:4138} INFO - Setting next_dagrun for dbt_pipeline to 2026-08-04 00:00:00+00:00, run_after=2026-08-05 00:00:00+00:00
[2026-08-04T02:21:13.753+0000] {processor.py:208} INFO - Processing /opt/airflow/dags/dbt_pipeline.py took 2.311 seconds
[2026-08-04T02:21:44.440+0000] {processor.py:186} INFO - Started process (PID=2839) to work on /opt/airflow/dags/dbt_pipeline.py
[2026-08-04T02:21:44.461+0000] {processor.py:914} INFO - Processing file /opt/airflow/dags/dbt_pipeline.py for tasks to queue
[2026-08-04T02:21:44.508+0000] {logging_mixin.py:190} INFO - [2026-08-04T02:21:44.503+0000] {dagbag.py:587} INFO - Filling up the DagBag from /opt/airflow/dags/dbt_pipeline.py
[2026-08-04T02:21:44.916+0000] {processor.py:925} INFO - DAG(s) 'dbt_pipeline' retrieved from /opt/airflow/dags/dbt_pipeline.py
[2026-08-04T02:21:45.315+0000] {logging_mixin.py:190} INFO - [2026-08-04T02:21:45.313+0000] {dag.py:3211} INFO - Sync 1 DAGs
[2026-08-04T02:21:45.764+0000] {logging_mixin.py:190} INFO - [2026-08-04T02:21:45.760+0000] {dag.py:4138} INFO - Setting next_dagrun for dbt_pipeline to 2026-08-04 00:00:00+00:00, run_after=2026-08-05 00:00:00+00:00
[2026-08-04T02:21:46.063+0000] {processor.py:208} INFO - Processing /opt/airflow/dags/dbt_pipeline.py took 1.724 seconds
[2026-08-04T02:22:17.086+0000] {processor.py:186} INFO - Started process (PID=2854) to work on /opt/airflow/dags/dbt_pipeline.py
[2026-08-04T02:22:17.105+0000] {processor.py:914} INFO - Processing file /opt/airflow/dags/dbt_pipeline.py for tasks to queue
[2026-08-04T02:22:17.142+0000] {logging_mixin.py:190} INFO - [2026-08-04T02:22:17.137+0000] {dagbag.py:587} INFO - Filling up the DagBag from /opt/airflow/dags/dbt_pipeline.py
[2026-08-04T02:22:17.324+0000] {processor.py:925} INFO - DAG(s) 'dbt_pipeline' retrieved from /opt/airflow/dags/dbt_pipeline.py
[2026-08-04T02:22:17.798+0000] {logging_mixin.py:190} INFO - [2026-08-04T02:22:17.794+0000] {dag.py:3211} INFO - Sync 1 DAGs
[2026-08-04T02:22:18.343+0000] {logging_mixin.py:190} INFO - [2026-08-04T02:22:18.340+0000] {dag.py:4138} INFO - Setting next_dagrun for dbt_pipeline to 2026-08-04 00:00:00+00:00, run_after=2026-08-05 00:00:00+00:00
[2026-08-04T02:22:18.602+0000] {processor.py:208} INFO - Processing /opt/airflow/dags/dbt_pipeline.py took 1.640 seconds
[2026-08-04T02:22:49.546+0000] {processor.py:186} INFO - Started process (PID=2869) to work on /opt/airflow/dags/dbt_pipeline.py
[2026-08-04T02:22:49.568+0000] {processor.py:914} INFO - Processing file /opt/airflow/dags/dbt_pipeline.py for tasks to queue
[2026-08-04T02:22:49.597+0000] {logging_mixin.py:190} INFO - [2026-08-04T02:22:49.593+0000] {dagbag.py:587} INFO - Filling up the DagBag from /opt/airflow/dags/dbt_pipeline.py
[2026-08-04T02:22:49.846+0000] {processor.py:925} INFO - DAG(s) 'dbt_pipeline' retrieved from /opt/airflow/dags/dbt_pipeline.py
[2026-08-04T02:22:50.389+0000] {logging_mixin.py:190} INFO - [2026-08-04T02:22:50.386+0000] {dag.py:3211} INFO - Sync 1 DAGs
[2026-08-04T02:22:50.913+0000] {logging_mixin.py:190} INFO - [2026-08-04T02:22:50.907+0000] {dag.py:4138} INFO - Setting next_dagrun for dbt_pipeline to 2026-08-04 00:00:00+00:00, run_after=2026-08-05 00:00:00+00:00
[2026-08-04T02:22:51.203+0000] {processor.py:208} INFO - Processing /opt/airflow/dags/dbt_pipeline.py took 1.765 seconds
[2026-08-04T02:23:22.047+0000] {processor.py:186} INFO - Started process (PID=2884) to work on /opt/airflow/dags/dbt_pipeline.py
[2026-08-04T02:23:22.066+0000] {processor.py:914} INFO - Processing file /opt/airflow/dags/dbt_pipeline.py for tasks to queue
[2026-08-04T02:23:22.107+0000] {logging_mixin.py:190} INFO - [2026-08-04T02:23:22.100+0000] {dagbag.py:587} INFO - Filling up the DagBag from /opt/airflow/dags/dbt_pipeline.py
[2026-08-04T02:23:22.375+0000] {processor.py:925} INFO - DAG(s) 'dbt_pipeline' retrieved from /opt/airflow/dags/dbt_pipeline.py
[2026-08-04T02:23:22.913+0000] {logging_mixin.py:190} INFO - [2026-08-04T02:23:22.909+0000] {dag.py:3211} INFO - Sync 1 DAGs
[2026-08-04T02:23:23.437+0000] {logging_mixin.py:190} INFO - [2026-08-04T02:23:23.435+0000] {dag.py:4138} INFO - Setting next_dagrun for dbt_pipeline to 2026-08-04 00:00:00+00:00, run_after=2026-08-05 00:00:00+00:00
[2026-08-04T02:23:25.428+0000] {processor.py:208} INFO - Processing /opt/airflow/dags/dbt_pipeline.py took 3.582 seconds
[2026-08-04T02:23:56.559+0000] {processor.py:186} INFO - Started process (PID=2899) to work on /opt/airflow/dags/dbt_pipeline.py
[2026-08-04T02:23:56.570+0000] {processor.py:914} INFO - Processing file /opt/airflow/dags/dbt_pipeline.py for tasks to queue
[2026-08-04T02:23:56.608+0000] {logging_mixin.py:190} INFO - [2026-08-04T02:23:56.605+0000] {dagbag.py:587} INFO - Filling up the DagBag from /opt/airflow/dags/dbt_pipeline.py
[2026-08-04T02:23:56.879+0000] {processor.py:925} INFO - DAG(s) 'dbt_pipeline' retrieved from /opt/airflow/dags/dbt_pipeline.py
[2026-08-04T02:23:57.344+0000] {logging_mixin.py:190} INFO - [2026-08-04T02:23:57.342+0000] {dag.py:3211} INFO - Sync 1 DAGs
[2026-08-04T02:23:57.959+0000] {logging_mixin.py:190} INFO - [2026-08-04T02:23:57.957+0000] {dag.py:4138} INFO - Setting next_dagrun for dbt_pipeline to 2026-08-04 00:00:00+00:00, run_after=2026-08-05 00:00:00+00:00
[2026-08-04T02:23:58.227+0000] {processor.py:208} INFO - Processing /opt/airflow/dags/dbt_pipeline.py took 1.748 seconds
[2026-08-04T02:24:28.792+0000] {processor.py:186} INFO - Started process (PID=2914) to work on /opt/airflow/dags/dbt_pipeline.py
[2026-08-04T02:24:28.800+0000] {processor.py:914} INFO - Processing file /opt/airflow/dags/dbt_pipeline.py for tasks to queue
[2026-08-04T02:24:28.849+0000] {logging_mixin.py:190} INFO - [2026-08-04T02:24:28.843+0000] {dagbag.py:587} INFO - Filling up the DagBag from /opt/airflow/dags/dbt_pipeline.py
[2026-08-04T02:24:29.032+0000] {processor.py:925} INFO - DAG(s) 'dbt_pipeline' retrieved from /opt/airflow/dags/dbt_pipeline.py
[2026-08-04T02:24:29.514+0000] {logging_mixin.py:190} INFO - [2026-08-04T02:24:29.511+0000] {dag.py:3211} INFO - Sync 1 DAGs
[2026-08-04T02:24:29.989+0000] {logging_mixin.py:190} INFO - [2026-08-04T02:24:29.988+0000] {dag.py:4138} INFO - Setting next_dagrun for dbt_pipeline to 2026-08-04 00:00:00+00:00, run_after=2026-08-05 00:00:00+00:00
[2026-08-04T02:24:30.244+0000] {processor.py:208} INFO - Processing /opt/airflow/dags/dbt_pipeline.py took 1.553 seconds
[2026-08-04T02:25:01.073+0000] {processor.py:186} INFO - Started process (PID=2929) to work on /opt/airflow/dags/dbt_pipeline.py
[2026-08-04T02:25:01.087+0000] {processor.py:914} INFO - Processing file /opt/airflow/dags/dbt_pipeline.py for tasks to queue
[2026-08-04T02:25:01.127+0000] {logging_mixin.py:190} INFO - [2026-08-04T02:25:01.120+0000] {dagbag.py:587} INFO - Filling up the DagBag from /opt/airflow/dags/dbt_pipeline.py
[2026-08-04T02:25:01.340+0000] {processor.py:925} INFO - DAG(s) 'dbt_pipeline' retrieved from /opt/airflow/dags/dbt_pipeline.py
[2026-08-04T02:25:01.751+0000] {logging_mixin.py:190} INFO - [2026-08-04T02:25:01.746+0000] {dag.py:3211} INFO - Sync 1 DAGs
[2026-08-04T02:25:02.258+0000] {logging_mixin.py:190} INFO - [2026-08-04T02:25:02.255+0000] {dag.py:4138} INFO - Setting next_dagrun for dbt_pipeline to 2026-08-04 00:00:00+00:00, run_after=2026-08-05 00:00:00+00:00
[2026-08-04T02:25:02.555+0000] {processor.py:208} INFO - Processing /opt/airflow/dags/dbt_pipeline.py took 1.597 seconds
[2026-08-04T02:25:33.581+0000] {processor.py:186} INFO - Started process (PID=2944) to work on /opt/airflow/dags/dbt_pipeline.py
[2026-08-04T02:25:33.607+0000] {processor.py:914} INFO - Processing file /opt/airflow/dags/dbt_pipeline.py for tasks to queue
[2026-08-04T02:25:33.687+0000] {logging_mixin.py:190} INFO - [2026-08-04T02:25:33.676+0000] {dagbag.py:587} INFO - Filling up the DagBag from /opt/airflow/dags/dbt_pipeline.py
[2026-08-04T02:25:34.502+0000] {processor.py:925} INFO - DAG(s) 'dbt_pipeline' retrieved from /opt/airflow/dags/dbt_pipeline.py
[2026-08-04T02:25:35.479+0000] {logging_mixin.py:190} INFO - [2026-08-04T02:25:35.472+0000] {dag.py:3211} INFO - Sync 1 DAGs
[2026-08-04T02:25:36.032+0000] {logging_mixin.py:190} INFO - [2026-08-04T02:25:36.026+0000] {dag.py:4138} INFO - Setting next_dagrun for dbt_pipeline to 2026-08-04 00:00:00+00:00, run_after=2026-08-05 00:00:00+00:00
[2026-08-04T02:25:36.669+0000] {processor.py:208} INFO - Processing /opt/airflow/dags/dbt_pipeline.py took 3.269 seconds
[2026-08-04T02:56:08.765+0000] {processor.py:186} INFO - Started process (PID=2949) to work on /opt/airflow/dags/dbt_pipeline.py
[2026-08-04T02:56:08.797+0000] {processor.py:914} INFO - Processing file /opt/airflow/dags/dbt_pipeline.py for tasks to queue
[2026-08-04T02:56:08.832+0000] {logging_mixin.py:190} INFO - [2026-08-04T02:56:08.828+0000] {dagbag.py:587} INFO - Filling up the DagBag from /opt/airflow/dags/dbt_pipeline.py
[2026-08-04T02:56:09.040+0000] {processor.py:925} INFO - DAG(s) 'dbt_pipeline' retrieved from /opt/airflow/dags/dbt_pipeline.py
[2026-08-04T02:56:09.458+0000] {logging_mixin.py:190} INFO - [2026-08-04T02:56:09.454+0000] {dag.py:3211} INFO - Sync 1 DAGs
[2026-08-04T02:56:10.348+0000] {logging_mixin.py:190} INFO - [2026-08-04T02:56:10.337+0000] {dag.py:4138} INFO - Setting next_dagrun for dbt_pipeline to 2026-08-04 00:00:00+00:00, run_after=2026-08-05 00:00:00+00:00
[2026-08-04T02:56:10.796+0000] {processor.py:208} INFO - Processing /opt/airflow/dags/dbt_pipeline.py took 2.154 seconds
[2026-08-04T02:56:41.228+0000] {processor.py:186} INFO - Started process (PID=2964) to work on /opt/airflow/dags/dbt_pipeline.py
[2026-08-04T02:56:41.236+0000] {processor.py:914} INFO - Processing file /opt/airflow/dags/dbt_pipeline.py for tasks to queue
[2026-08-04T02:56:41.264+0000] {logging_mixin.py:190} INFO - [2026-08-04T02:56:41.259+0000] {dagbag.py:587} INFO - Filling up the DagBag from /opt/airflow/dags/dbt_pipeline.py
[2026-08-04T02:56:41.405+0000] {processor.py:925} INFO - DAG(s) 'dbt_pipeline' retrieved from /opt/airflow/dags/dbt_pipeline.py
[2026-08-04T02:56:41.660+0000] {logging_mixin.py:190} INFO - [2026-08-04T02:56:41.658+0000] {dag.py:3211} INFO - Sync 1 DAGs
[2026-08-04T02:56:41.907+0000] {logging_mixin.py:190} INFO - [2026-08-04T02:56:41.905+0000] {dag.py:4138} INFO - Setting next_dagrun for dbt_pipeline to 2026-08-04 00:00:00+00:00, run_after=2026-08-05 00:00:00+00:00
[2026-08-04T02:56:43.068+0000] {processor.py:208} INFO - Processing /opt/airflow/dags/dbt_pipeline.py took 1.894 seconds
[2026-08-04T02:57:13.309+0000] {processor.py:186} INFO - Started process (PID=2984) to work on /opt/airflow/dags/dbt_pipeline.py
[2026-08-04T02:57:13.313+0000] {processor.py:914} INFO - Processing file /opt/airflow/dags/dbt_pipeline.py for tasks to queue
[2026-08-04T02:57:13.322+0000] {logging_mixin.py:190} INFO - [2026-08-04T02:57:13.321+0000] {dagbag.py:587} INFO - Filling up the DagBag from /opt/airflow/dags/dbt_pipeline.py
[2026-08-04T02:57:13.376+0000] {processor.py:925} INFO - DAG(s) 'dbt_pipeline' retrieved from /opt/airflow/dags/dbt_pipeline.py
[2026-08-04T02:57:13.484+0000] {logging_mixin.py:190} INFO - [2026-08-04T02:57:13.484+0000] {dag.py:3211} INFO - Sync 1 DAGs
[2026-08-04T02:57:13.579+0000] {logging_mixin.py:190} INFO - [2026-08-04T02:57:13.578+0000] {dag.py:4138} INFO - Setting next_dagrun for dbt_pipeline to 2026-08-04 00:00:00+00:00, run_after=2026-08-05 00:00:00+00:00
[2026-08-04T02:57:13.644+0000] {processor.py:208} INFO - Processing /opt/airflow/dags/dbt_pipeline.py took 0.357 seconds
[2026-08-04T02:57:43.791+0000] {processor.py:186} INFO - Started process (PID=2994) to work on /opt/airflow/dags/dbt_pipeline.py
[2026-08-04T02:57:43.795+0000] {processor.py:914} INFO - Processing file /opt/airflow/dags/dbt_pipeline.py for tasks to queue
[2026-08-04T02:57:43.803+0000] {logging_mixin.py:190} INFO - [2026-08-04T02:57:43.802+0000] {dagbag.py:587} INFO - Filling up the DagBag from /opt/airflow/dags/dbt_pipeline.py
[2026-08-04T02:57:43.854+0000] {processor.py:925} INFO - DAG(s) 'dbt_pipeline' retrieved from /opt/airflow/dags/dbt_pipeline.py
[2026-08-04T02:57:43.957+0000] {logging_mixin.py:190} INFO - [2026-08-04T02:57:43.956+0000] {dag.py:3211} INFO - Sync 1 DAGs
[2026-08-04T02:57:44.049+0000] {logging_mixin.py:190} INFO - [2026-08-04T02:57:44.048+0000] {dag.py:4138} INFO - Setting next_dagrun for dbt_pipeline to 2026-08-04 00:00:00+00:00, run_after=2026-08-05 00:00:00+00:00
[2026-08-04T02:57:44.110+0000] {processor.py:208} INFO - Processing /opt/airflow/dags/dbt_pipeline.py took 0.340 seconds
[2026-08-04T02:58:14.799+0000] {processor.py:186} INFO - Started process (PID=3009) to work on /opt/airflow/dags/dbt_pipeline.py
[2026-08-04T02:58:14.805+0000] {processor.py:914} INFO - Processing file /opt/airflow/dags/dbt_pipeline.py for tasks to queue
[2026-08-04T02:58:14.826+0000] {logging_mixin.py:190} INFO - [2026-08-04T02:58:14.821+0000] {dagbag.py:587} INFO - Filling up the DagBag from /opt/airflow/dags/dbt_pipeline.py
[2026-08-04T02:58:14.888+0000] {processor.py:925} INFO - DAG(s) 'dbt_pipeline' retrieved from /opt/airflow/dags/dbt_pipeline.py
[2026-08-04T02:58:15.022+0000] {logging_mixin.py:190} INFO - [2026-08-04T02:58:15.021+0000] {dag.py:3211} INFO - Sync 1 DAGs
[2026-08-04T02:58:15.163+0000] {logging_mixin.py:190} INFO - [2026-08-04T02:58:15.161+0000] {dag.py:4138} INFO - Setting next_dagrun for dbt_pipeline to 2026-08-04 00:00:00+00:00, run_after=2026-08-05 00:00:00+00:00
[2026-08-04T02:58:15.272+0000] {processor.py:208} INFO - Processing /opt/airflow/dags/dbt_pipeline.py took 0.518 seconds
[2026-08-04T02:58:45.868+0000] {processor.py:186} INFO - Started process (PID=3024) to work on /opt/airflow/dags/dbt_pipeline.py
[2026-08-04T02:58:45.872+0000] {processor.py:914} INFO - Processing file /opt/airflow/dags/dbt_pipeline.py for tasks to queue
[2026-08-04T02:58:45.882+0000] {logging_mixin.py:190} INFO - [2026-08-04T02:58:45.881+0000] {dagbag.py:587} INFO - Filling up the DagBag from /opt/airflow/dags/dbt_pipeline.py
[2026-08-04T02:58:45.933+0000] {processor.py:925} INFO - DAG(s) 'dbt_pipeline' retrieved from /opt/airflow/dags/dbt_pipeline.py
[2026-08-04T02:58:46.034+0000] {logging_mixin.py:190} INFO - [2026-08-04T02:58:46.033+0000] {dag.py:3211} INFO - Sync 1 DAGs
[2026-08-04T02:58:46.123+0000] {logging_mixin.py:190} INFO - [2026-08-04T02:58:46.122+0000] {dag.py:4138} INFO - Setting next_dagrun for dbt_pipeline to 2026-08-04 00:00:00+00:00, run_after=2026-08-05 00:00:00+00:00
[2026-08-04T02:58:46.185+0000] {processor.py:208} INFO - Processing /opt/airflow/dags/dbt_pipeline.py took 0.339 seconds
[2026-08-04T02:59:16.745+0000] {processor.py:186} INFO - Started process (PID=3039) to work on /opt/airflow/dags/dbt_pipeline.py
[2026-08-04T02:59:16.749+0000] {processor.py:914} INFO - Processing file /opt/airflow/dags/dbt_pipeline.py for tasks to queue
[2026-08-04T02:59:16.759+0000] {logging_mixin.py:190} INFO - [2026-08-04T02:59:16.758+0000] {dagbag.py:587} INFO - Filling up the DagBag from /opt/airflow/dags/dbt_pipeline.py
[2026-08-04T02:59:16.807+0000] {processor.py:925} INFO - DAG(s) 'dbt_pipeline' retrieved from /opt/airflow/dags/dbt_pipeline.py
[2026-08-04T02:59:16.910+0000] {logging_mixin.py:190} INFO - [2026-08-04T02:59:16.909+0000] {dag.py:3211} INFO - Sync 1 DAGs
[2026-08-04T02:59:17.000+0000] {logging_mixin.py:190} INFO - [2026-08-04T02:59:16.999+0000] {dag.py:4138} INFO - Setting next_dagrun for dbt_pipeline to 2026-08-04 00:00:00+00:00, run_after=2026-08-05 00:00:00+00:00
[2026-08-04T02:59:17.066+0000] {processor.py:208} INFO - Processing /opt/airflow/dags/dbt_pipeline.py took 0.344 seconds
[2026-08-04T02:59:47.338+0000] {processor.py:186} INFO - Started process (PID=3054) to work on /opt/airflow/dags/dbt_pipeline.py
[2026-08-04T02:59:47.341+0000] {processor.py:914} INFO - Processing file /opt/airflow/dags/dbt_pipeline.py for tasks to queue
[2026-08-04T02:59:47.350+0000] {logging_mixin.py:190} INFO - [2026-08-04T02:59:47.349+0000] {dagbag.py:587} INFO - Filling up the DagBag from /opt/airflow/dags/dbt_pipeline.py
[2026-08-04T02:59:47.397+0000] {processor.py:925} INFO - DAG(s) 'dbt_pipeline' retrieved from /opt/airflow/dags/dbt_pipeline.py
[2026-08-04T02:59:47.500+0000] {logging_mixin.py:190} INFO - [2026-08-04T02:59:47.499+0000] {dag.py:3211} INFO - Sync 1 DAGs
[2026-08-04T02:59:48.038+0000] {logging_mixin.py:190} INFO - [2026-08-04T02:59:48.037+0000] {dag.py:4138} INFO - Setting next_dagrun for dbt_pipeline to 2026-08-04 00:00:00+00:00, run_after=2026-08-05 00:00:00+00:00
[2026-08-04T02:59:48.099+0000] {processor.py:208} INFO - Processing /opt/airflow/dags/dbt_pipeline.py took 0.784 seconds
[2026-08-04T03:00:18.479+0000] {processor.py:186} INFO - Started process (PID=3069) to work on /opt/airflow/dags/dbt_pipeline.py
[2026-08-04T03:00:18.482+0000] {processor.py:914} INFO - Processing file /opt/airflow/dags/dbt_pipeline.py for tasks to queue
[2026-08-04T03:00:18.491+0000] {logging_mixin.py:190} INFO - [2026-08-04T03:00:18.490+0000] {dagbag.py:587} INFO - Filling up the DagBag from /opt/airflow/dags/dbt_pipeline.py
[2026-08-04T03:00:18.546+0000] {processor.py:925} INFO - DAG(s) 'dbt_pipeline' retrieved from /opt/airflow/dags/dbt_pipeline.py
[2026-08-04T03:00:18.675+0000] {logging_mixin.py:190} INFO - [2026-08-04T03:00:18.675+0000] {dag.py:3211} INFO - Sync 1 DAGs
[2026-08-04T03:00:18.783+0000] {logging_mixin.py:190} INFO - [2026-08-04T03:00:18.782+0000] {dag.py:4138} INFO - Setting next_dagrun for dbt_pipeline to 2026-08-04 00:00:00+00:00, run_after=2026-08-05 00:00:00+00:00
[2026-08-04T03:00:18.857+0000] {processor.py:208} INFO - Processing /opt/airflow/dags/dbt_pipeline.py took 0.401 seconds
[2026-08-04T03:00:49.281+0000] {processor.py:186} INFO - Started process (PID=3084) to work on /opt/airflow/dags/dbt_pipeline.py
[2026-08-04T03:00:49.286+0000] {processor.py:914} INFO - Processing file /opt/airflow/dags/dbt_pipeline.py for tasks to queue
[2026-08-04T03:00:49.297+0000] {logging_mixin.py:190} INFO - [2026-08-04T03:00:49.295+0000] {dagbag.py:587} INFO - Filling up the DagBag from /opt/airflow/dags/dbt_pipeline.py
[2026-08-04T03:00:49.370+0000] {processor.py:925} INFO - DAG(s) 'dbt_pipeline' retrieved from /opt/airflow/dags/dbt_pipeline.py
[2026-08-04T03:00:49.521+0000] {logging_mixin.py:190} INFO - [2026-08-04T03:00:49.520+0000] {dag.py:3211} INFO - Sync 1 DAGs
[2026-08-04T03:00:49.659+0000] {logging_mixin.py:190} INFO - [2026-08-04T03:00:49.658+0000] {dag.py:4138} INFO - Setting next_dagrun for dbt_pipeline to 2026-08-04 00:00:00+00:00, run_after=2026-08-05 00:00:00+00:00
[2026-08-04T03:00:49.771+0000] {processor.py:208} INFO - Processing /opt/airflow/dags/dbt_pipeline.py took 0.523 seconds
[2026-08-04T03:01:20.507+0000] {processor.py:186} INFO - Started process (PID=3099) to work on /opt/airflow/dags/dbt_pipeline.py
[2026-08-04T03:01:20.511+0000] {processor.py:914} INFO - Processing file /opt/airflow/dags/dbt_pipeline.py for tasks to queue
[2026-08-04T03:01:20.523+0000] {logging_mixin.py:190} INFO - [2026-08-04T03:01:20.522+0000] {dagbag.py:587} INFO - Filling up the DagBag from /opt/airflow/dags/dbt_pipeline.py
[2026-08-04T03:01:20.578+0000] {processor.py:925} INFO - DAG(s) 'dbt_pipeline' retrieved from /opt/airflow/dags/dbt_pipeline.py
[2026-08-04T03:01:20.697+0000] {logging_mixin.py:190} INFO - [2026-08-04T03:01:20.696+0000] {dag.py:3211} INFO - Sync 1 DAGs
[2026-08-04T03:01:20.805+0000] {logging_mixin.py:190} INFO - [2026-08-04T03:01:20.804+0000] {dag.py:4138} INFO - Setting next_dagrun for dbt_pipeline to 2026-08-04 00:00:00+00:00, run_after=2026-08-05 00:00:00+00:00
[2026-08-04T03:01:20.885+0000] {processor.py:208} INFO - Processing /opt/airflow/dags/dbt_pipeline.py took 0.411 seconds
[2026-08-04T03:01:51.620+0000] {processor.py:186} INFO - Started process (PID=3117) to work on /opt/airflow/dags/dbt_pipeline.py
[2026-08-04T03:01:51.626+0000] {processor.py:914} INFO - Processing file /opt/airflow/dags/dbt_pipeline.py for tasks to queue
[2026-08-04T03:01:51.650+0000] {logging_mixin.py:190} INFO - [2026-08-04T03:01:51.648+0000] {dagbag.py:587} INFO - Filling up the DagBag from /opt/airflow/dags/dbt_pipeline.py
[2026-08-04T03:01:51.767+0000] {processor.py:925} INFO - DAG(s) 'dbt_pipeline' retrieved from /opt/airflow/dags/dbt_pipeline.py
[2026-08-04T03:01:51.958+0000] {logging_mixin.py:190} INFO - [2026-08-04T03:01:51.957+0000] {dag.py:3211} INFO - Sync 1 DAGs
[2026-08-04T03:01:52.176+0000] {logging_mixin.py:190} INFO - [2026-08-04T03:01:52.175+0000] {dag.py:4138} INFO - Setting next_dagrun for dbt_pipeline to 2026-08-04 00:00:00+00:00, run_after=2026-08-05 00:00:00+00:00
[2026-08-04T03:01:52.291+0000] {processor.py:208} INFO - Processing /opt/airflow/dags/dbt_pipeline.py took 0.723 seconds
[2026-08-04T03:02:22.897+0000] {processor.py:186} INFO - Started process (PID=3132) to work on /opt/airflow/dags/dbt_pipeline.py
[2026-08-04T03:02:22.905+0000] {processor.py:914} INFO - Processing file /opt/airflow/dags/dbt_pipeline.py for tasks to queue
[2026-08-04T03:02:22.921+0000] {logging_mixin.py:190} INFO - [2026-08-04T03:02:22.919+0000] {dagbag.py:587} INFO - Filling up the DagBag from /opt/airflow/dags/dbt_pipeline.py
[2026-08-04T03:02:23.008+0000] {processor.py:925} INFO - DAG(s) 'dbt_pipeline' retrieved from /opt/airflow/dags/dbt_pipeline.py
[2026-08-04T03:02:23.254+0000] {logging_mixin.py:190} INFO - [2026-08-04T03:02:23.253+0000] {dag.py:3211} INFO - Sync 1 DAGs
[2026-08-04T03:02:23.607+0000] {logging_mixin.py:190} INFO - [2026-08-04T03:02:23.603+0000] {dag.py:4138} INFO - Setting next_dagrun for dbt_pipeline to 2026-08-04 00:00:00+00:00, run_after=2026-08-05 00:00:00+00:00
[2026-08-04T03:02:24.680+0000] {processor.py:208} INFO - Processing /opt/airflow/dags/dbt_pipeline.py took 1.857 seconds
[2026-08-04T03:02:55.326+0000] {processor.py:186} INFO - Started process (PID=3152) to work on /opt/airflow/dags/dbt_pipeline.py
[2026-08-04T03:02:55.334+0000] {processor.py:914} INFO - Processing file /opt/airflow/dags/dbt_pipeline.py for tasks to queue
[2026-08-04T03:02:55.350+0000] {logging_mixin.py:190} INFO - [2026-08-04T03:02:55.348+0000] {dagbag.py:587} INFO - Filling up the DagBag from /opt/airflow/dags/dbt_pipeline.py
[2026-08-04T03:02:55.481+0000] {processor.py:925} INFO - DAG(s) 'dbt_pipeline' retrieved from /opt/airflow/dags/dbt_pipeline.py
[2026-08-04T03:02:55.749+0000] {logging_mixin.py:190} INFO - [2026-08-04T03:02:55.748+0000] {dag.py:3211} INFO - Sync 1 DAGs
[2026-08-04T03:02:55.938+0000] {logging_mixin.py:190} INFO - [2026-08-04T03:02:55.937+0000] {dag.py:4138} INFO - Setting next_dagrun for dbt_pipeline to 2026-08-04 00:00:00+00:00, run_after=2026-08-05 00:00:00+00:00
[2026-08-04T03:02:56.069+0000] {processor.py:208} INFO - Processing /opt/airflow/dags/dbt_pipeline.py took 0.798 seconds
[2026-08-04T03:03:26.284+0000] {processor.py:186} INFO - Started process (PID=3167) to work on /opt/airflow/dags/dbt_pipeline.py
[2026-08-04T03:03:26.292+0000] {processor.py:914} INFO - Processing file /opt/airflow/dags/dbt_pipeline.py for tasks to queue
[2026-08-04T03:03:26.309+0000] {logging_mixin.py:190} INFO - [2026-08-04T03:03:26.306+0000] {dagbag.py:587} INFO - Filling up the DagBag from /opt/airflow/dags/dbt_pipeline.py
[2026-08-04T03:03:26.430+0000] {processor.py:925} INFO - DAG(s) 'dbt_pipeline' retrieved from /opt/airflow/dags/dbt_pipeline.py
[2026-08-04T03:03:26.953+0000] {logging_mixin.py:190} INFO - [2026-08-04T03:03:26.951+0000] {dag.py:3211} INFO - Sync 1 DAGs
[2026-08-04T03:03:27.277+0000] {logging_mixin.py:190} INFO - [2026-08-04T03:03:27.275+0000] {dag.py:4138} INFO - Setting next_dagrun for dbt_pipeline to 2026-08-04 00:00:00+00:00, run_after=2026-08-05 00:00:00+00:00
[2026-08-04T03:03:27.419+0000] {processor.py:208} INFO - Processing /opt/airflow/dags/dbt_pipeline.py took 1.201 seconds
[2026-08-04T03:03:58.317+0000] {processor.py:186} INFO - Started process (PID=3192) to work on /opt/airflow/dags/dbt_pipeline.py
[2026-08-04T03:03:58.359+0000] {processor.py:914} INFO - Processing file /opt/airflow/dags/dbt_pipeline.py for tasks to queue
[2026-08-04T03:03:58.451+0000] {logging_mixin.py:190} INFO - [2026-08-04T03:03:58.446+0000] {dagbag.py:587} INFO - Filling up the DagBag from /opt/airflow/dags/dbt_pipeline.py
[2026-08-04T03:03:58.948+0000] {processor.py:925} INFO - DAG(s) 'dbt_pipeline' retrieved from /opt/airflow/dags/dbt_pipeline.py
[2026-08-04T03:03:59.566+0000] {logging_mixin.py:190} INFO - [2026-08-04T03:03:59.563+0000] {dag.py:3211} INFO - Sync 1 DAGs
[2026-08-04T03:03:59.950+0000] {logging_mixin.py:190} INFO - [2026-08-04T03:03:59.937+0000] {dag.py:4138} INFO - Setting next_dagrun for dbt_pipeline to 2026-08-04 00:00:00+00:00, run_after=2026-08-05 00:00:00+00:00
[2026-08-04T03:04:00.195+0000] {processor.py:208} INFO - Processing /opt/airflow/dags/dbt_pipeline.py took 2.039 seconds
[2026-08-04T03:04:30.950+0000] {processor.py:186} INFO - Started process (PID=3207) to work on /opt/airflow/dags/dbt_pipeline.py
[2026-08-04T03:04:30.974+0000] {processor.py:914} INFO - Processing file /opt/airflow/dags/dbt_pipeline.py for tasks to queue
[2026-08-04T03:04:31.021+0000] {logging_mixin.py:190} INFO - [2026-08-04T03:04:31.018+0000] {dagbag.py:587} INFO - Filling up the DagBag from /opt/airflow/dags/dbt_pipeline.py
[2026-08-04T03:04:31.219+0000] {processor.py:925} INFO - DAG(s) 'dbt_pipeline' retrieved from /opt/airflow/dags/dbt_pipeline.py
[2026-08-04T03:04:31.706+0000] {logging_mixin.py:190} INFO - [2026-08-04T03:04:31.703+0000] {dag.py:3211} INFO - Sync 1 DAGs
[2026-08-04T03:04:32.462+0000] {logging_mixin.py:190} INFO - [2026-08-04T03:04:32.457+0000] {dag.py:4138} INFO - Setting next_dagrun for dbt_pipeline to 2026-08-04 00:00:00+00:00, run_after=2026-08-05 00:00:00+00:00
[2026-08-04T03:04:32.763+0000] {processor.py:208} INFO - Processing /opt/airflow/dags/dbt_pipeline.py took 1.902 seconds
[2026-08-04T03:05:03.368+0000] {processor.py:186} INFO - Started process (PID=3222) to work on /opt/airflow/dags/dbt_pipeline.py
[2026-08-04T03:05:03.386+0000] {processor.py:914} INFO - Processing file /opt/airflow/dags/dbt_pipeline.py for tasks to queue
[2026-08-04T03:05:03.439+0000] {logging_mixin.py:190} INFO - [2026-08-04T03:05:03.432+0000] {dagbag.py:587} INFO - Filling up the DagBag from /opt/airflow/dags/dbt_pipeline.py
[2026-08-04T03:05:03.638+0000] {processor.py:925} INFO - DAG(s) 'dbt_pipeline' retrieved from /opt/airflow/dags/dbt_pipeline.py
[2026-08-04T03:05:04.112+0000] {logging_mixin.py:190} INFO - [2026-08-04T03:05:04.109+0000] {dag.py:3211} INFO - Sync 1 DAGs
[2026-08-04T03:05:04.551+0000] {logging_mixin.py:190} INFO - [2026-08-04T03:05:04.550+0000] {dag.py:4138} INFO - Setting next_dagrun for dbt_pipeline to 2026-08-04 00:00:00+00:00, run_after=2026-08-05 00:00:00+00:00
[2026-08-04T03:05:04.700+0000] {processor.py:208} INFO - Processing /opt/airflow/dags/dbt_pipeline.py took 1.462 seconds
[2026-08-04T03:05:35.369+0000] {processor.py:186} INFO - Started process (PID=3235) to work on /opt/airflow/dags/dbt_pipeline.py
[2026-08-04T03:05:35.398+0000] {processor.py:914} INFO - Processing file /opt/airflow/dags/dbt_pipeline.py for tasks to queue
[2026-08-04T03:05:35.477+0000] {logging_mixin.py:190} INFO - [2026-08-04T03:05:35.466+0000] {dagbag.py:587} INFO - Filling up the DagBag from /opt/airflow/dags/dbt_pipeline.py
[2026-08-04T03:05:35.847+0000] {processor.py:925} INFO - DAG(s) 'dbt_pipeline' retrieved from /opt/airflow/dags/dbt_pipeline.py
[2026-08-04T03:05:36.493+0000] {logging_mixin.py:190} INFO - [2026-08-04T03:05:36.489+0000] {dag.py:3211} INFO - Sync 1 DAGs
[2026-08-04T03:05:39.004+0000] {logging_mixin.py:190} INFO - [2026-08-04T03:05:38.999+0000] {dag.py:4138} INFO - Setting next_dagrun for dbt_pipeline to 2026-08-04 00:00:00+00:00, run_after=2026-08-05 00:00:00+00:00
[2026-08-04T03:05:39.283+0000] {processor.py:208} INFO - Processing /opt/airflow/dags/dbt_pipeline.py took 4.032 seconds
[2026-08-04T03:06:09.926+0000] {processor.py:186} INFO - Started process (PID=3252) to work on /opt/airflow/dags/dbt_pipeline.py
[2026-08-04T03:06:09.961+0000] {processor.py:914} INFO - Processing file /opt/airflow/dags/dbt_pipeline.py for tasks to queue
[2026-08-04T03:06:10.045+0000] {logging_mixin.py:190} INFO - [2026-08-04T03:06:10.040+0000] {dagbag.py:587} INFO - Filling up the DagBag from /opt/airflow/dags/dbt_pipeline.py
[2026-08-04T03:06:10.360+0000] {processor.py:925} INFO - DAG(s) 'dbt_pipeline' retrieved from /opt/airflow/dags/dbt_pipeline.py
[2026-08-04T03:06:10.841+0000] {logging_mixin.py:190} INFO - [2026-08-04T03:06:10.837+0000] {dag.py:3211} INFO - Sync 1 DAGs
[2026-08-04T03:06:11.348+0000] {logging_mixin.py:190} INFO - [2026-08-04T03:06:11.345+0000] {dag.py:4138} INFO - Setting next_dagrun for dbt_pipeline to 2026-08-04 00:00:00+00:00, run_after=2026-08-05 00:00:00+00:00
[2026-08-04T03:06:11.599+0000] {processor.py:208} INFO - Processing /opt/airflow/dags/dbt_pipeline.py took 1.801 seconds
[2026-08-04T03:06:42.207+0000] {processor.py:186} INFO - Started process (PID=3267) to work on /opt/airflow/dags/dbt_pipeline.py
[2026-08-04T03:06:42.223+0000] {processor.py:914} INFO - Processing file /opt/airflow/dags/dbt_pipeline.py for tasks to queue
[2026-08-04T03:06:42.257+0000] {logging_mixin.py:190} INFO - [2026-08-04T03:06:42.253+0000] {dagbag.py:587} INFO - Filling up the DagBag from /opt/airflow/dags/dbt_pipeline.py
[2026-08-04T03:06:42.471+0000] {processor.py:925} INFO - DAG(s) 'dbt_pipeline' retrieved from /opt/airflow/dags/dbt_pipeline.py
[2026-08-04T03:06:42.992+0000] {logging_mixin.py:190} INFO - [2026-08-04T03:06:42.990+0000] {dag.py:3211} INFO - Sync 1 DAGs
[2026-08-04T03:06:43.512+0000] {logging_mixin.py:190} INFO - [2026-08-04T03:06:43.509+0000] {dag.py:4138} INFO - Setting next_dagrun for dbt_pipeline to 2026-08-04 00:00:00+00:00, run_after=2026-08-05 00:00:00+00:00
[2026-08-04T03:06:43.816+0000] {processor.py:208} INFO - Processing /opt/airflow/dags/dbt_pipeline.py took 1.712 seconds
[2026-08-04T03:07:14.559+0000] {processor.py:186} INFO - Started process (PID=3282) to work on /opt/airflow/dags/dbt_pipeline.py
[2026-08-04T03:07:14.580+0000] {processor.py:914} INFO - Processing file /opt/airflow/dags/dbt_pipeline.py for tasks to queue
[2026-08-04T03:07:14.619+0000] {logging_mixin.py:190} INFO - [2026-08-04T03:07:14.614+0000] {dagbag.py:587} INFO - Filling up the DagBag from /opt/airflow/dags/dbt_pipeline.py
[2026-08-04T03:07:14.848+0000] {processor.py:925} INFO - DAG(s) 'dbt_pipeline' retrieved from /opt/airflow/dags/dbt_pipeline.py
[2026-08-04T03:07:15.482+0000] {logging_mixin.py:190} INFO - [2026-08-04T03:07:15.477+0000] {dag.py:3211} INFO - Sync 1 DAGs
[2026-08-04T03:07:15.963+0000] {logging_mixin.py:190} INFO - [2026-08-04T03:07:15.957+0000] {dag.py:4138} INFO - Setting next_dagrun for dbt_pipeline to 2026-08-04 00:00:00+00:00, run_after=2026-08-05 00:00:00+00:00
[2026-08-04T03:07:16.319+0000] {processor.py:208} INFO - Processing /opt/airflow/dags/dbt_pipeline.py took 1.865 seconds
[2026-08-04T03:07:46.847+0000] {processor.py:186} INFO - Started process (PID=3295) to work on /opt/airflow/dags/dbt_pipeline.py
[2026-08-04T03:07:46.870+0000] {processor.py:914} INFO - Processing file /opt/airflow/dags/dbt_pipeline.py for tasks to queue
[2026-08-04T03:07:46.936+0000] {logging_mixin.py:190} INFO - [2026-08-04T03:07:46.913+0000] {dagbag.py:587} INFO - Filling up the DagBag from /opt/airflow/dags/dbt_pipeline.py
[2026-08-04T03:07:47.465+0000] {processor.py:925} INFO - DAG(s) 'dbt_pipeline' retrieved from /opt/airflow/dags/dbt_pipeline.py
[2026-08-04T03:07:48.007+0000] {logging_mixin.py:190} INFO - [2026-08-04T03:07:48.004+0000] {dag.py:3211} INFO - Sync 1 DAGs
[2026-08-04T03:07:48.485+0000] {logging_mixin.py:190} INFO - [2026-08-04T03:07:48.481+0000] {dag.py:4138} INFO - Setting next_dagrun for dbt_pipeline to 2026-08-04 00:00:00+00:00, run_after=2026-08-05 00:00:00+00:00
[2026-08-04T03:07:48.782+0000] {processor.py:208} INFO - Processing /opt/airflow/dags/dbt_pipeline.py took 2.075 seconds
[2026-08-04T03:08:19.510+0000] {processor.py:186} INFO - Started process (PID=3310) to work on /opt/airflow/dags/dbt_pipeline.py
[2026-08-04T03:08:19.535+0000] {processor.py:914} INFO - Processing file /opt/airflow/dags/dbt_pipeline.py for tasks to queue
[2026-08-04T03:08:19.591+0000] {logging_mixin.py:190} INFO - [2026-08-04T03:08:19.588+0000] {dagbag.py:587} INFO - Filling up the DagBag from /opt/airflow/dags/dbt_pipeline.py
[2026-08-04T03:08:19.837+0000] {processor.py:925} INFO - DAG(s) 'dbt_pipeline' retrieved from /opt/airflow/dags/dbt_pipeline.py
[2026-08-04T03:08:20.435+0000] {logging_mixin.py:190} INFO - [2026-08-04T03:08:20.432+0000] {dag.py:3211} INFO - Sync 1 DAGs
[2026-08-04T03:08:20.884+0000] {logging_mixin.py:190} INFO - [2026-08-04T03:08:20.881+0000] {dag.py:4138} INFO - Setting next_dagrun for dbt_pipeline to 2026-08-04 00:00:00+00:00, run_after=2026-08-05 00:00:00+00:00
[2026-08-04T03:08:23.593+0000] {processor.py:208} INFO - Processing /opt/airflow/dags/dbt_pipeline.py took 4.229 seconds
[2026-08-04T03:08:55.148+0000] {processor.py:186} INFO - Started process (PID=3325) to work on /opt/airflow/dags/dbt_pipeline.py
[2026-08-04T03:08:55.190+0000] {processor.py:914} INFO - Processing file /opt/airflow/dags/dbt_pipeline.py for tasks to queue
[2026-08-04T03:08:55.275+0000] {logging_mixin.py:190} INFO - [2026-08-04T03:08:55.269+0000] {dagbag.py:587} INFO - Filling up the DagBag from /opt/airflow/dags/dbt_pipeline.py
[2026-08-04T03:08:55.571+0000] {processor.py:925} INFO - DAG(s) 'dbt_pipeline' retrieved from /opt/airflow/dags/dbt_pipeline.py
[2026-08-04T03:08:56.135+0000] {logging_mixin.py:190} INFO - [2026-08-04T03:08:56.130+0000] {dag.py:3211} INFO - Sync 1 DAGs
[2026-08-04T03:08:58.490+0000] {logging_mixin.py:190} INFO - [2026-08-04T03:08:58.479+0000] {dag.py:4138} INFO - Setting next_dagrun for dbt_pipeline to 2026-08-04 00:00:00+00:00, run_after=2026-08-05 00:00:00+00:00
[2026-08-04T03:08:58.752+0000] {processor.py:208} INFO - Processing /opt/airflow/dags/dbt_pipeline.py took 3.819 seconds
[2026-08-04T03:39:31.118+0000] {processor.py:186} INFO - Started process (PID=3332) to work on /opt/airflow/dags/dbt_pipeline.py
[2026-08-04T03:39:31.157+0000] {processor.py:914} INFO - Processing file /opt/airflow/dags/dbt_pipeline.py for tasks to queue
[2026-08-04T03:39:31.206+0000] {logging_mixin.py:190} INFO - [2026-08-04T03:39:31.201+0000] {dagbag.py:587} INFO - Filling up the DagBag from /opt/airflow/dags/dbt_pipeline.py
[2026-08-04T03:39:31.647+0000] {processor.py:925} INFO - DAG(s) 'dbt_pipeline' retrieved from /opt/airflow/dags/dbt_pipeline.py
[2026-08-04T03:39:32.280+0000] {logging_mixin.py:190} INFO - [2026-08-04T03:39:32.276+0000] {dag.py:3211} INFO - Sync 1 DAGs
[2026-08-04T03:39:32.771+0000] {logging_mixin.py:190} INFO - [2026-08-04T03:39:32.768+0000] {dag.py:4138} INFO - Setting next_dagrun for dbt_pipeline to 2026-08-04 00:00:00+00:00, run_after=2026-08-05 00:00:00+00:00
[2026-08-04T03:39:33.019+0000] {processor.py:208} INFO - Processing /opt/airflow/dags/dbt_pipeline.py took 1.990 seconds
[2026-08-04T03:40:03.507+0000] {processor.py:186} INFO - Started process (PID=3347) to work on /opt/airflow/dags/dbt_pipeline.py
[2026-08-04T03:40:03.519+0000] {processor.py:914} INFO - Processing file /opt/airflow/dags/dbt_pipeline.py for tasks to queue
[2026-08-04T03:40:03.547+0000] {logging_mixin.py:190} INFO - [2026-08-04T03:40:03.543+0000] {dagbag.py:587} INFO - Filling up the DagBag from /opt/airflow/dags/dbt_pipeline.py
[2026-08-04T03:40:03.645+0000] {processor.py:925} INFO - DAG(s) 'dbt_pipeline' retrieved from /opt/airflow/dags/dbt_pipeline.py
[2026-08-04T03:40:03.940+0000] {logging_mixin.py:190} INFO - [2026-08-04T03:40:03.937+0000] {dag.py:3211} INFO - Sync 1 DAGs
[2026-08-04T03:40:04.166+0000] {logging_mixin.py:190} INFO - [2026-08-04T03:40:04.165+0000] {dag.py:4138} INFO - Setting next_dagrun for dbt_pipeline to 2026-08-04 00:00:00+00:00, run_after=2026-08-05 00:00:00+00:00
[2026-08-04T03:40:04.300+0000] {processor.py:208} INFO - Processing /opt/airflow/dags/dbt_pipeline.py took 0.887 seconds
[2026-08-04T03:40:35.059+0000] {processor.py:186} INFO - Started process (PID=3362) to work on /opt/airflow/dags/dbt_pipeline.py
[2026-08-04T03:40:35.062+0000] {processor.py:914} INFO - Processing file /opt/airflow/dags/dbt_pipeline.py for tasks to queue
[2026-08-04T03:40:35.070+0000] {logging_mixin.py:190} INFO - [2026-08-04T03:40:35.069+0000] {dagbag.py:587} INFO - Filling up the DagBag from /opt/airflow/dags/dbt_pipeline.py
[2026-08-04T03:40:35.113+0000] {processor.py:925} INFO - DAG(s) 'dbt_pipeline' retrieved from /opt/airflow/dags/dbt_pipeline.py
[2026-08-04T03:40:35.201+0000] {logging_mixin.py:190} INFO - [2026-08-04T03:40:35.201+0000] {dag.py:3211} INFO - Sync 1 DAGs
[2026-08-04T03:40:35.276+0000] {logging_mixin.py:190} INFO - [2026-08-04T03:40:35.275+0000] {dag.py:4138} INFO - Setting next_dagrun for dbt_pipeline to 2026-08-04 00:00:00+00:00, run_after=2026-08-05 00:00:00+00:00
[2026-08-04T03:40:35.327+0000] {processor.py:208} INFO - Processing /opt/airflow/dags/dbt_pipeline.py took 0.289 seconds
[2026-08-04T03:41:05.652+0000] {processor.py:186} INFO - Started process (PID=3377) to work on /opt/airflow/dags/dbt_pipeline.py
[2026-08-04T03:41:05.658+0000] {processor.py:914} INFO - Processing file /opt/airflow/dags/dbt_pipeline.py for tasks to queue
[2026-08-04T03:41:05.674+0000] {logging_mixin.py:190} INFO - [2026-08-04T03:41:05.672+0000] {dagbag.py:587} INFO - Filling up the DagBag from /opt/airflow/dags/dbt_pipeline.py
[2026-08-04T03:41:05.741+0000] {processor.py:925} INFO - DAG(s) 'dbt_pipeline' retrieved from /opt/airflow/dags/dbt_pipeline.py
[2026-08-04T03:41:05.901+0000] {logging_mixin.py:190} INFO - [2026-08-04T03:41:05.900+0000] {dag.py:3211} INFO - Sync 1 DAGs
[2026-08-04T03:41:06.039+0000] {logging_mixin.py:190} INFO - [2026-08-04T03:41:06.038+0000] {dag.py:4138} INFO - Setting next_dagrun for dbt_pipeline to 2026-08-04 00:00:00+00:00, run_after=2026-08-05 00:00:00+00:00
[2026-08-04T03:41:06.128+0000] {processor.py:208} INFO - Processing /opt/airflow/dags/dbt_pipeline.py took 0.510 seconds
[2026-08-04T03:41:36.279+0000] {processor.py:186} INFO - Started process (PID=3392) to work on /opt/airflow/dags/dbt_pipeline.py
[2026-08-04T03:41:36.282+0000] {processor.py:914} INFO - Processing file /opt/airflow/dags/dbt_pipeline.py for tasks to queue
[2026-08-04T03:41:36.291+0000] {logging_mixin.py:190} INFO - [2026-08-04T03:41:36.290+0000] {dagbag.py:587} INFO - Filling up the DagBag from /opt/airflow/dags/dbt_pipeline.py
[2026-08-04T03:41:36.338+0000] {processor.py:925} INFO - DAG(s) 'dbt_pipeline' retrieved from /opt/airflow/dags/dbt_pipeline.py
[2026-08-04T03:41:36.441+0000] {logging_mixin.py:190} INFO - [2026-08-04T03:41:36.440+0000] {dag.py:3211} INFO - Sync 1 DAGs
[2026-08-04T03:41:36.532+0000] {logging_mixin.py:190} INFO - [2026-08-04T03:41:36.531+0000] {dag.py:4138} INFO - Setting next_dagrun for dbt_pipeline to 2026-08-04 00:00:00+00:00, run_after=2026-08-05 00:00:00+00:00
[2026-08-04T03:41:37.017+0000] {processor.py:208} INFO - Processing /opt/airflow/dags/dbt_pipeline.py took 0.759 seconds
[2026-08-04T03:42:07.203+0000] {processor.py:186} INFO - Started process (PID=3410) to work on /opt/airflow/dags/dbt_pipeline.py
[2026-08-04T03:42:07.207+0000] {processor.py:914} INFO - Processing file /opt/airflow/dags/dbt_pipeline.py for tasks to queue
[2026-08-04T03:42:07.218+0000] {logging_mixin.py:190} INFO - [2026-08-04T03:42:07.217+0000] {dagbag.py:587} INFO - Filling up the DagBag from /opt/airflow/dags/dbt_pipeline.py
[2026-08-04T03:42:07.270+0000] {processor.py:925} INFO - DAG(s) 'dbt_pipeline' retrieved from /opt/airflow/dags/dbt_pipeline.py
[2026-08-04T03:42:07.381+0000] {logging_mixin.py:190} INFO - [2026-08-04T03:42:07.380+0000] {dag.py:3211} INFO - Sync 1 DAGs
[2026-08-04T03:42:07.911+0000] {logging_mixin.py:190} INFO - [2026-08-04T03:42:07.910+0000] {dag.py:4138} INFO - Setting next_dagrun for dbt_pipeline to 2026-08-04 00:00:00+00:00, run_after=2026-08-05 00:00:00+00:00
[2026-08-04T03:42:07.977+0000] {processor.py:208} INFO - Processing /opt/airflow/dags/dbt_pipeline.py took 0.797 seconds
[2026-08-04T03:42:38.523+0000] {processor.py:186} INFO - Started process (PID=3425) to work on /opt/airflow/dags/dbt_pipeline.py
[2026-08-04T03:42:38.526+0000] {processor.py:914} INFO - Processing file /opt/airflow/dags/dbt_pipeline.py for tasks to queue
[2026-08-04T03:42:38.537+0000] {logging_mixin.py:190} INFO - [2026-08-04T03:42:38.536+0000] {dagbag.py:587} INFO - Filling up the DagBag from /opt/airflow/dags/dbt_pipeline.py
[2026-08-04T03:42:38.577+0000] {processor.py:925} INFO - DAG(s) 'dbt_pipeline' retrieved from /opt/airflow/dags/dbt_pipeline.py
[2026-08-04T03:42:38.681+0000] {logging_mixin.py:190} INFO - [2026-08-04T03:42:38.680+0000] {dag.py:3211} INFO - Sync 1 DAGs
[2026-08-04T03:42:38.774+0000] {logging_mixin.py:190} INFO - [2026-08-04T03:42:38.774+0000] {dag.py:4138} INFO - Setting next_dagrun for dbt_pipeline to 2026-08-04 00:00:00+00:00, run_after=2026-08-05 00:00:00+00:00
[2026-08-04T03:42:38.960+0000] {processor.py:208} INFO - Processing /opt/airflow/dags/dbt_pipeline.py took 0.457 seconds
[2026-08-04T03:43:09.158+0000] {processor.py:186} INFO - Started process (PID=3442) to work on /opt/airflow/dags/dbt_pipeline.py
[2026-08-04T03:43:09.161+0000] {processor.py:914} INFO - Processing file /opt/airflow/dags/dbt_pipeline.py for tasks to queue
[2026-08-04T03:43:09.169+0000] {logging_mixin.py:190} INFO - [2026-08-04T03:43:09.168+0000] {dagbag.py:587} INFO - Filling up the DagBag from /opt/airflow/dags/dbt_pipeline.py
[2026-08-04T03:43:09.213+0000] {processor.py:925} INFO - DAG(s) 'dbt_pipeline' retrieved from /opt/airflow/dags/dbt_pipeline.py
[2026-08-04T03:43:09.297+0000] {logging_mixin.py:190} INFO - [2026-08-04T03:43:09.296+0000] {dag.py:3211} INFO - Sync 1 DAGs
[2026-08-04T03:43:09.372+0000] {logging_mixin.py:190} INFO - [2026-08-04T03:43:09.371+0000] {dag.py:4138} INFO - Setting next_dagrun for dbt_pipeline to 2026-08-04 00:00:00+00:00, run_after=2026-08-05 00:00:00+00:00
[2026-08-04T03:43:09.422+0000] {processor.py:208} INFO - Processing /opt/airflow/dags/dbt_pipeline.py took 0.283 seconds
[2026-08-04T03:43:39.623+0000] {processor.py:186} INFO - Started process (PID=3457) to work on /opt/airflow/dags/dbt_pipeline.py
[2026-08-04T03:43:39.627+0000] {processor.py:914} INFO - Processing file /opt/airflow/dags/dbt_pipeline.py for tasks to queue
[2026-08-04T03:43:39.637+0000] {logging_mixin.py:190} INFO - [2026-08-04T03:43:39.636+0000] {dagbag.py:587} INFO - Filling up the DagBag from /opt/airflow/dags/dbt_pipeline.py
[2026-08-04T03:43:39.684+0000] {processor.py:925} INFO - DAG(s) 'dbt_pipeline' retrieved from /opt/airflow/dags/dbt_pipeline.py
[2026-08-04T03:43:39.792+0000] {logging_mixin.py:190} INFO - [2026-08-04T03:43:39.791+0000] {dag.py:3211} INFO - Sync 1 DAGs
[2026-08-04T03:43:39.885+0000] {logging_mixin.py:190} INFO - [2026-08-04T03:43:39.884+0000] {dag.py:4138} INFO - Setting next_dagrun for dbt_pipeline to 2026-08-04 00:00:00+00:00, run_after=2026-08-05 00:00:00+00:00
[2026-08-04T03:43:39.948+0000] {processor.py:208} INFO - Processing /opt/airflow/dags/dbt_pipeline.py took 0.347 seconds
[2026-08-04T03:44:10.132+0000] {processor.py:186} INFO - Started process (PID=3470) to work on /opt/airflow/dags/dbt_pipeline.py
[2026-08-04T03:44:10.138+0000] {processor.py:914} INFO - Processing file /opt/airflow/dags/dbt_pipeline.py for tasks to queue
[2026-08-04T03:44:10.156+0000] {logging_mixin.py:190} INFO - [2026-08-04T03:44:10.153+0000] {dagbag.py:587} INFO - Filling up the DagBag from /opt/airflow/dags/dbt_pipeline.py
[2026-08-04T03:44:10.255+0000] {processor.py:925} INFO - DAG(s) 'dbt_pipeline' retrieved from /opt/airflow/dags/dbt_pipeline.py
[2026-08-04T03:44:10.444+0000] {logging_mixin.py:190} INFO - [2026-08-04T03:44:10.442+0000] {dag.py:3211} INFO - Sync 1 DAGs
[2026-08-04T03:44:10.606+0000] {logging_mixin.py:190} INFO - [2026-08-04T03:44:10.605+0000] {dag.py:4138} INFO - Setting next_dagrun for dbt_pipeline to 2026-08-04 00:00:00+00:00, run_after=2026-08-05 00:00:00+00:00
[2026-08-04T03:44:10.709+0000] {processor.py:208} INFO - Processing /opt/airflow/dags/dbt_pipeline.py took 0.625 seconds
[2026-08-04T03:44:41.149+0000] {processor.py:186} INFO - Started process (PID=3482) to work on /opt/airflow/dags/dbt_pipeline.py
[2026-08-04T03:44:41.156+0000] {processor.py:914} INFO - Processing file /opt/airflow/dags/dbt_pipeline.py for tasks to queue
[2026-08-04T03:44:41.170+0000] {logging_mixin.py:190} INFO - [2026-08-04T03:44:41.168+0000] {dagbag.py:587} INFO - Filling up the DagBag from /opt/airflow/dags/dbt_pipeline.py
[2026-08-04T03:44:41.256+0000] {processor.py:925} INFO - DAG(s) 'dbt_pipeline' retrieved from /opt/airflow/dags/dbt_pipeline.py
[2026-08-04T03:44:41.448+0000] {logging_mixin.py:190} INFO - [2026-08-04T03:44:41.446+0000] {dag.py:3211} INFO - Sync 1 DAGs
[2026-08-04T03:44:41.658+0000] {logging_mixin.py:190} INFO - [2026-08-04T03:44:41.656+0000] {dag.py:4138} INFO - Setting next_dagrun for dbt_pipeline to 2026-08-04 00:00:00+00:00, run_after=2026-08-05 00:00:00+00:00
[2026-08-04T03:44:42.489+0000] {processor.py:208} INFO - Processing /opt/airflow/dags/dbt_pipeline.py took 1.379 seconds
[2026-08-04T03:45:13.141+0000] {processor.py:186} INFO - Started process (PID=3502) to work on /opt/airflow/dags/dbt_pipeline.py
[2026-08-04T03:45:13.146+0000] {processor.py:914} INFO - Processing file /opt/airflow/dags/dbt_pipeline.py for tasks to queue
[2026-08-04T03:45:13.179+0000] {logging_mixin.py:190} INFO - [2026-08-04T03:45:13.173+0000] {dagbag.py:587} INFO - Filling up the DagBag from /opt/airflow/dags/dbt_pipeline.py
[2026-08-04T03:45:13.243+0000] {processor.py:925} INFO - DAG(s) 'dbt_pipeline' retrieved from /opt/airflow/dags/dbt_pipeline.py
[2026-08-04T03:45:13.361+0000] {logging_mixin.py:190} INFO - [2026-08-04T03:45:13.360+0000] {dag.py:3211} INFO - Sync 1 DAGs
[2026-08-04T03:45:13.953+0000] {logging_mixin.py:190} INFO - [2026-08-04T03:45:13.953+0000] {dag.py:4138} INFO - Setting next_dagrun for dbt_pipeline to 2026-08-04 00:00:00+00:00, run_after=2026-08-05 00:00:00+00:00
[2026-08-04T03:45:14.030+0000] {processor.py:208} INFO - Processing /opt/airflow/dags/dbt_pipeline.py took 0.915 seconds
[2026-08-04T03:45:44.450+0000] {processor.py:186} INFO - Started process (PID=3517) to work on /opt/airflow/dags/dbt_pipeline.py
[2026-08-04T03:45:44.454+0000] {processor.py:914} INFO - Processing file /opt/airflow/dags/dbt_pipeline.py for tasks to queue
[2026-08-04T03:45:44.467+0000] {logging_mixin.py:190} INFO - [2026-08-04T03:45:44.465+0000] {dagbag.py:587} INFO - Filling up the DagBag from /opt/airflow/dags/dbt_pipeline.py
[2026-08-04T03:45:44.526+0000] {processor.py:925} INFO - DAG(s) 'dbt_pipeline' retrieved from /opt/airflow/dags/dbt_pipeline.py
[2026-08-04T03:45:44.646+0000] {logging_mixin.py:190} INFO - [2026-08-04T03:45:44.645+0000] {dag.py:3211} INFO - Sync 1 DAGs
[2026-08-04T03:45:44.748+0000] {logging_mixin.py:190} INFO - [2026-08-04T03:45:44.748+0000] {dag.py:4138} INFO - Setting next_dagrun for dbt_pipeline to 2026-08-04 00:00:00+00:00, run_after=2026-08-05 00:00:00+00:00
[2026-08-04T03:45:44.822+0000] {processor.py:208} INFO - Processing /opt/airflow/dags/dbt_pipeline.py took 0.398 seconds
[2026-08-04T03:46:14.943+0000] {processor.py:186} INFO - Started process (PID=3532) to work on /opt/airflow/dags/dbt_pipeline.py
[2026-08-04T03:46:14.946+0000] {processor.py:914} INFO - Processing file /opt/airflow/dags/dbt_pipeline.py for tasks to queue
[2026-08-04T03:46:14.958+0000] {logging_mixin.py:190} INFO - [2026-08-04T03:46:14.956+0000] {dagbag.py:587} INFO - Filling up the DagBag from /opt/airflow/dags/dbt_pipeline.py
[2026-08-04T03:46:15.005+0000] {processor.py:925} INFO - DAG(s) 'dbt_pipeline' retrieved from /opt/airflow/dags/dbt_pipeline.py
[2026-08-04T03:46:15.107+0000] {logging_mixin.py:190} INFO - [2026-08-04T03:46:15.106+0000] {dag.py:3211} INFO - Sync 1 DAGs
[2026-08-04T03:46:15.194+0000] {logging_mixin.py:190} INFO - [2026-08-04T03:46:15.193+0000] {dag.py:4138} INFO - Setting next_dagrun for dbt_pipeline to 2026-08-04 00:00:00+00:00, run_after=2026-08-05 00:00:00+00:00
[2026-08-04T03:46:15.256+0000] {processor.py:208} INFO - Processing /opt/airflow/dags/dbt_pipeline.py took 0.334 seconds
[2026-08-04T03:46:45.820+0000] {processor.py:186} INFO - Started process (PID=3547) to work on /opt/airflow/dags/dbt_pipeline.py
[2026-08-04T03:46:45.823+0000] {processor.py:914} INFO - Processing file /opt/airflow/dags/dbt_pipeline.py for tasks to queue
[2026-08-04T03:46:45.834+0000] {logging_mixin.py:190} INFO - [2026-08-04T03:46:45.833+0000] {dagbag.py:587} INFO - Filling up the DagBag from /opt/airflow/dags/dbt_pipeline.py
[2026-08-04T03:46:45.883+0000] {processor.py:925} INFO - DAG(s) 'dbt_pipeline' retrieved from /opt/airflow/dags/dbt_pipeline.py
[2026-08-04T03:46:45.984+0000] {logging_mixin.py:190} INFO - [2026-08-04T03:46:45.984+0000] {dag.py:3211} INFO - Sync 1 DAGs
[2026-08-04T03:46:46.072+0000] {logging_mixin.py:190} INFO - [2026-08-04T03:46:46.071+0000] {dag.py:4138} INFO - Setting next_dagrun for dbt_pipeline to 2026-08-04 00:00:00+00:00, run_after=2026-08-05 00:00:00+00:00
[2026-08-04T03:46:46.135+0000] {processor.py:208} INFO - Processing /opt/airflow/dags/dbt_pipeline.py took 0.336 seconds
[2026-08-04T03:47:16.592+0000] {processor.py:186} INFO - Started process (PID=3562) to work on /opt/airflow/dags/dbt_pipeline.py
[2026-08-04T03:47:16.594+0000] {processor.py:914} INFO - Processing file /opt/airflow/dags/dbt_pipeline.py for tasks to queue
[2026-08-04T03:47:16.600+0000] {logging_mixin.py:190} INFO - [2026-08-04T03:47:16.600+0000] {dagbag.py:587} INFO - Filling up the DagBag from /opt/airflow/dags/dbt_pipeline.py
[2026-08-04T03:47:16.637+0000] {processor.py:925} INFO - DAG(s) 'dbt_pipeline' retrieved from /opt/airflow/dags/dbt_pipeline.py
[2026-08-04T03:47:16.714+0000] {logging_mixin.py:190} INFO - [2026-08-04T03:47:16.713+0000] {dag.py:3211} INFO - Sync 1 DAGs
[2026-08-04T03:47:16.783+0000] {logging_mixin.py:190} INFO - [2026-08-04T03:47:16.782+0000] {dag.py:4138} INFO - Setting next_dagrun for dbt_pipeline to 2026-08-04 00:00:00+00:00, run_after=2026-08-05 00:00:00+00:00
[2026-08-04T03:47:16.831+0000] {processor.py:208} INFO - Processing /opt/airflow/dags/dbt_pipeline.py took 0.255 seconds
[2026-08-04T03:47:47.252+0000] {processor.py:186} INFO - Started process (PID=3577) to work on /opt/airflow/dags/dbt_pipeline.py
[2026-08-04T03:47:47.256+0000] {processor.py:914} INFO - Processing file /opt/airflow/dags/dbt_pipeline.py for tasks to queue
[2026-08-04T03:47:47.263+0000] {logging_mixin.py:190} INFO - [2026-08-04T03:47:47.262+0000] {dagbag.py:587} INFO - Filling up the DagBag from /opt/airflow/dags/dbt_pipeline.py
[2026-08-04T03:47:47.304+0000] {processor.py:925} INFO - DAG(s) 'dbt_pipeline' retrieved from /opt/airflow/dags/dbt_pipeline.py
[2026-08-04T03:47:47.391+0000] {logging_mixin.py:190} INFO - [2026-08-04T03:47:47.391+0000] {dag.py:3211} INFO - Sync 1 DAGs
[2026-08-04T03:47:47.827+0000] {logging_mixin.py:190} INFO - [2026-08-04T03:47:47.826+0000] {dag.py:4138} INFO - Setting next_dagrun for dbt_pipeline to 2026-08-04 00:00:00+00:00, run_after=2026-08-05 00:00:00+00:00
[2026-08-04T03:47:47.915+0000] {processor.py:208} INFO - Processing /opt/airflow/dags/dbt_pipeline.py took 0.680 seconds
[2026-08-04T03:48:18.270+0000] {processor.py:186} INFO - Started process (PID=3592) to work on /opt/airflow/dags/dbt_pipeline.py
[2026-08-04T03:48:18.273+0000] {processor.py:914} INFO - Processing file /opt/airflow/dags/dbt_pipeline.py for tasks to queue
[2026-08-04T03:48:18.280+0000] {logging_mixin.py:190} INFO - [2026-08-04T03:48:18.279+0000] {dagbag.py:587} INFO - Filling up the DagBag from /opt/airflow/dags/dbt_pipeline.py
[2026-08-04T03:48:18.321+0000] {processor.py:925} INFO - DAG(s) 'dbt_pipeline' retrieved from /opt/airflow/dags/dbt_pipeline.py
[2026-08-04T03:48:18.407+0000] {logging_mixin.py:190} INFO - [2026-08-04T03:48:18.406+0000] {dag.py:3211} INFO - Sync 1 DAGs
[2026-08-04T03:48:18.482+0000] {logging_mixin.py:190} INFO - [2026-08-04T03:48:18.482+0000] {dag.py:4138} INFO - Setting next_dagrun for dbt_pipeline to 2026-08-04 00:00:00+00:00, run_after=2026-08-05 00:00:00+00:00
[2026-08-04T03:48:18.536+0000] {processor.py:208} INFO - Processing /opt/airflow/dags/dbt_pipeline.py took 0.284 seconds
[2026-08-04T03:48:48.803+0000] {processor.py:186} INFO - Started process (PID=3607) to work on /opt/airflow/dags/dbt_pipeline.py
[2026-08-04T03:48:48.806+0000] {processor.py:914} INFO - Processing file /opt/airflow/dags/dbt_pipeline.py for tasks to queue
[2026-08-04T03:48:48.813+0000] {logging_mixin.py:190} INFO - [2026-08-04T03:48:48.812+0000] {dagbag.py:587} INFO - Filling up the DagBag from /opt/airflow/dags/dbt_pipeline.py
[2026-08-04T03:48:48.852+0000] {processor.py:925} INFO - DAG(s) 'dbt_pipeline' retrieved from /opt/airflow/dags/dbt_pipeline.py
[2026-08-04T03:48:48.934+0000] {logging_mixin.py:190} INFO - [2026-08-04T03:48:48.933+0000] {dag.py:3211} INFO - Sync 1 DAGs
[2026-08-04T03:48:49.005+0000] {logging_mixin.py:190} INFO - [2026-08-04T03:48:49.005+0000] {dag.py:4138} INFO - Setting next_dagrun for dbt_pipeline to 2026-08-04 00:00:00+00:00, run_after=2026-08-05 00:00:00+00:00
[2026-08-04T03:48:49.056+0000] {processor.py:208} INFO - Processing /opt/airflow/dags/dbt_pipeline.py took 0.270 seconds
[2026-08-04T03:49:19.218+0000] {processor.py:186} INFO - Started process (PID=3622) to work on /opt/airflow/dags/dbt_pipeline.py
[2026-08-04T03:49:19.220+0000] {processor.py:914} INFO - Processing file /opt/airflow/dags/dbt_pipeline.py for tasks to queue
[2026-08-04T03:49:19.227+0000] {logging_mixin.py:190} INFO - [2026-08-04T03:49:19.226+0000] {dagbag.py:587} INFO - Filling up the DagBag from /opt/airflow/dags/dbt_pipeline.py
[2026-08-04T03:49:19.263+0000] {processor.py:925} INFO - DAG(s) 'dbt_pipeline' retrieved from /opt/airflow/dags/dbt_pipeline.py
[2026-08-04T03:49:19.339+0000] {logging_mixin.py:190} INFO - [2026-08-04T03:49:19.338+0000] {dag.py:3211} INFO - Sync 1 DAGs
[2026-08-04T03:49:19.407+0000] {logging_mixin.py:190} INFO - [2026-08-04T03:49:19.406+0000] {dag.py:4138} INFO - Setting next_dagrun for dbt_pipeline to 2026-08-04 00:00:00+00:00, run_after=2026-08-05 00:00:00+00:00
[2026-08-04T03:49:19.456+0000] {processor.py:208} INFO - Processing /opt/airflow/dags/dbt_pipeline.py took 0.258 seconds
[2026-08-04T03:49:49.996+0000] {processor.py:186} INFO - Started process (PID=3637) to work on /opt/airflow/dags/dbt_pipeline.py
[2026-08-04T03:49:49.999+0000] {processor.py:914} INFO - Processing file /opt/airflow/dags/dbt_pipeline.py for tasks to queue
[2026-08-04T03:49:50.008+0000] {logging_mixin.py:190} INFO - [2026-08-04T03:49:50.007+0000] {dagbag.py:587} INFO - Filling up the DagBag from /opt/airflow/dags/dbt_pipeline.py
[2026-08-04T03:49:50.050+0000] {processor.py:925} INFO - DAG(s) 'dbt_pipeline' retrieved from /opt/airflow/dags/dbt_pipeline.py
[2026-08-04T03:49:50.140+0000] {logging_mixin.py:190} INFO - [2026-08-04T03:49:50.139+0000] {dag.py:3211} INFO - Sync 1 DAGs
[2026-08-04T03:49:50.224+0000] {logging_mixin.py:190} INFO - [2026-08-04T03:49:50.223+0000] {dag.py:4138} INFO - Setting next_dagrun for dbt_pipeline to 2026-08-04 00:00:00+00:00, run_after=2026-08-05 00:00:00+00:00
[2026-08-04T03:49:50.324+0000] {processor.py:208} INFO - Processing /opt/airflow/dags/dbt_pipeline.py took 0.346 seconds
[2026-08-04T03:50:20.816+0000] {processor.py:186} INFO - Started process (PID=3652) to work on /opt/airflow/dags/dbt_pipeline.py
[2026-08-04T03:50:20.819+0000] {processor.py:914} INFO - Processing file /opt/airflow/dags/dbt_pipeline.py for tasks to queue
[2026-08-04T03:50:20.826+0000] {logging_mixin.py:190} INFO - [2026-08-04T03:50:20.825+0000] {dagbag.py:587} INFO - Filling up the DagBag from /opt/airflow/dags/dbt_pipeline.py
[2026-08-04T03:50:20.861+0000] {processor.py:925} INFO - DAG(s) 'dbt_pipeline' retrieved from /opt/airflow/dags/dbt_pipeline.py
[2026-08-04T03:50:20.939+0000] {logging_mixin.py:190} INFO - [2026-08-04T03:50:20.938+0000] {dag.py:3211} INFO - Sync 1 DAGs
[2026-08-04T03:50:21.007+0000] {logging_mixin.py:190} INFO - [2026-08-04T03:50:21.007+0000] {dag.py:4138} INFO - Setting next_dagrun for dbt_pipeline to 2026-08-04 00:00:00+00:00, run_after=2026-08-05 00:00:00+00:00
[2026-08-04T03:50:21.356+0000] {processor.py:208} INFO - Processing /opt/airflow/dags/dbt_pipeline.py took 0.557 seconds
[2026-08-04T03:50:52.144+0000] {processor.py:186} INFO - Started process (PID=3667) to work on /opt/airflow/dags/dbt_pipeline.py
[2026-08-04T03:50:52.147+0000] {processor.py:914} INFO - Processing file /opt/airflow/dags/dbt_pipeline.py for tasks to queue
[2026-08-04T03:50:52.162+0000] {logging_mixin.py:190} INFO - [2026-08-04T03:50:52.160+0000] {dagbag.py:587} INFO - Filling up the DagBag from /opt/airflow/dags/dbt_pipeline.py
[2026-08-04T03:50:52.217+0000] {processor.py:925} INFO - DAG(s) 'dbt_pipeline' retrieved from /opt/airflow/dags/dbt_pipeline.py
[2026-08-04T03:50:52.312+0000] {logging_mixin.py:190} INFO - [2026-08-04T03:50:52.311+0000] {dag.py:3211} INFO - Sync 1 DAGs
[2026-08-04T03:50:52.720+0000] {logging_mixin.py:190} INFO - [2026-08-04T03:50:52.719+0000] {dag.py:4138} INFO - Setting next_dagrun for dbt_pipeline to 2026-08-04 00:00:00+00:00, run_after=2026-08-05 00:00:00+00:00
[2026-08-04T03:50:52.771+0000] {processor.py:208} INFO - Processing /opt/airflow/dags/dbt_pipeline.py took 0.645 seconds
[2026-08-04T03:51:22.951+0000] {processor.py:186} INFO - Started process (PID=3682) to work on /opt/airflow/dags/dbt_pipeline.py
[2026-08-04T03:51:22.955+0000] {processor.py:914} INFO - Processing file /opt/airflow/dags/dbt_pipeline.py for tasks to queue
[2026-08-04T03:51:22.967+0000] {logging_mixin.py:190} INFO - [2026-08-04T03:51:22.965+0000] {dagbag.py:587} INFO - Filling up the DagBag from /opt/airflow/dags/dbt_pipeline.py
[2026-08-04T03:51:23.021+0000] {processor.py:925} INFO - DAG(s) 'dbt_pipeline' retrieved from /opt/airflow/dags/dbt_pipeline.py
[2026-08-04T03:51:23.128+0000] {logging_mixin.py:190} INFO - [2026-08-04T03:51:23.128+0000] {dag.py:3211} INFO - Sync 1 DAGs
[2026-08-04T03:51:23.220+0000] {logging_mixin.py:190} INFO - [2026-08-04T03:51:23.220+0000] {dag.py:4138} INFO - Setting next_dagrun for dbt_pipeline to 2026-08-04 00:00:00+00:00, run_after=2026-08-05 00:00:00+00:00
[2026-08-04T03:51:23.278+0000] {processor.py:208} INFO - Processing /opt/airflow/dags/dbt_pipeline.py took 0.350 seconds
[2026-08-04T03:51:53.873+0000] {processor.py:186} INFO - Started process (PID=3697) to work on /opt/airflow/dags/dbt_pipeline.py
[2026-08-04T03:51:53.876+0000] {processor.py:914} INFO - Processing file /opt/airflow/dags/dbt_pipeline.py for tasks to queue
[2026-08-04T03:51:53.882+0000] {logging_mixin.py:190} INFO - [2026-08-04T03:51:53.882+0000] {dagbag.py:587} INFO - Filling up the DagBag from /opt/airflow/dags/dbt_pipeline.py
[2026-08-04T03:51:53.921+0000] {processor.py:925} INFO - DAG(s) 'dbt_pipeline' retrieved from /opt/airflow/dags/dbt_pipeline.py
[2026-08-04T03:51:54.001+0000] {logging_mixin.py:190} INFO - [2026-08-04T03:51:54.001+0000] {dag.py:3211} INFO - Sync 1 DAGs
[2026-08-04T03:51:54.077+0000] {logging_mixin.py:190} INFO - [2026-08-04T03:51:54.076+0000] {dag.py:4138} INFO - Setting next_dagrun for dbt_pipeline to 2026-08-04 00:00:00+00:00, run_after=2026-08-05 00:00:00+00:00
[2026-08-04T03:51:54.126+0000] {processor.py:208} INFO - Processing /opt/airflow/dags/dbt_pipeline.py took 0.270 seconds
[2026-08-04T03:52:24.743+0000] {processor.py:186} INFO - Started process (PID=3712) to work on /opt/airflow/dags/dbt_pipeline.py
[2026-08-04T03:52:24.745+0000] {processor.py:914} INFO - Processing file /opt/airflow/dags/dbt_pipeline.py for tasks to queue
[2026-08-04T03:52:24.753+0000] {logging_mixin.py:190} INFO - [2026-08-04T03:52:24.752+0000] {dagbag.py:587} INFO - Filling up the DagBag from /opt/airflow/dags/dbt_pipeline.py
[2026-08-04T03:52:24.787+0000] {processor.py:925} INFO - DAG(s) 'dbt_pipeline' retrieved from /opt/airflow/dags/dbt_pipeline.py
[2026-08-04T03:52:24.861+0000] {logging_mixin.py:190} INFO - [2026-08-04T03:52:24.861+0000] {dag.py:3211} INFO - Sync 1 DAGs
[2026-08-04T03:52:24.927+0000] {logging_mixin.py:190} INFO - [2026-08-04T03:52:24.927+0000] {dag.py:4138} INFO - Setting next_dagrun for dbt_pipeline to 2026-08-04 00:00:00+00:00, run_after=2026-08-05 00:00:00+00:00
[2026-08-04T03:52:24.974+0000] {processor.py:208} INFO - Processing /opt/airflow/dags/dbt_pipeline.py took 0.247 seconds
[2026-08-04T03:52:55.442+0000] {processor.py:186} INFO - Started process (PID=3727) to work on /opt/airflow/dags/dbt_pipeline.py
[2026-08-04T03:52:55.445+0000] {processor.py:914} INFO - Processing file /opt/airflow/dags/dbt_pipeline.py for tasks to queue
[2026-08-04T03:52:55.453+0000] {logging_mixin.py:190} INFO - [2026-08-04T03:52:55.452+0000] {dagbag.py:587} INFO - Filling up the DagBag from /opt/airflow/dags/dbt_pipeline.py
[2026-08-04T03:52:55.490+0000] {processor.py:925} INFO - DAG(s) 'dbt_pipeline' retrieved from /opt/airflow/dags/dbt_pipeline.py
[2026-08-04T03:52:55.570+0000] {logging_mixin.py:190} INFO - [2026-08-04T03:52:55.570+0000] {dag.py:3211} INFO - Sync 1 DAGs
[2026-08-04T03:52:55.645+0000] {logging_mixin.py:190} INFO - [2026-08-04T03:52:55.644+0000] {dag.py:4138} INFO - Setting next_dagrun for dbt_pipeline to 2026-08-04 00:00:00+00:00, run_after=2026-08-05 00:00:00+00:00
[2026-08-04T03:52:55.698+0000] {processor.py:208} INFO - Processing /opt/airflow/dags/dbt_pipeline.py took 0.273 seconds
[2026-08-04T03:53:26.161+0000] {processor.py:186} INFO - Started process (PID=3742) to work on /opt/airflow/dags/dbt_pipeline.py
[2026-08-04T03:53:26.164+0000] {processor.py:914} INFO - Processing file /opt/airflow/dags/dbt_pipeline.py for tasks to queue
[2026-08-04T03:53:26.174+0000] {logging_mixin.py:190} INFO - [2026-08-04T03:53:26.173+0000] {dagbag.py:587} INFO - Filling up the DagBag from /opt/airflow/dags/dbt_pipeline.py
[2026-08-04T03:53:26.223+0000] {processor.py:925} INFO - DAG(s) 'dbt_pipeline' retrieved from /opt/airflow/dags/dbt_pipeline.py
[2026-08-04T03:53:26.325+0000] {logging_mixin.py:190} INFO - [2026-08-04T03:53:26.324+0000] {dag.py:3211} INFO - Sync 1 DAGs
[2026-08-04T03:53:26.813+0000] {logging_mixin.py:190} INFO - [2026-08-04T03:53:26.812+0000] {dag.py:4138} INFO - Setting next_dagrun for dbt_pipeline to 2026-08-04 00:00:00+00:00, run_after=2026-08-05 00:00:00+00:00
[2026-08-04T03:53:26.878+0000] {processor.py:208} INFO - Processing /opt/airflow/dags/dbt_pipeline.py took 0.740 seconds
[2026-08-04T03:53:57.447+0000] {processor.py:186} INFO - Started process (PID=3757) to work on /opt/airflow/dags/dbt_pipeline.py
[2026-08-04T03:53:57.452+0000] {processor.py:914} INFO - Processing file /opt/airflow/dags/dbt_pipeline.py for tasks to queue
[2026-08-04T03:53:57.462+0000] {logging_mixin.py:190} INFO - [2026-08-04T03:53:57.460+0000] {dagbag.py:587} INFO - Filling up the DagBag from /opt/airflow/dags/dbt_pipeline.py
[2026-08-04T03:53:57.518+0000] {processor.py:925} INFO - DAG(s) 'dbt_pipeline' retrieved from /opt/airflow/dags/dbt_pipeline.py
[2026-08-04T03:53:57.643+0000] {logging_mixin.py:190} INFO - [2026-08-04T03:53:57.642+0000] {dag.py:3211} INFO - Sync 1 DAGs
[2026-08-04T03:53:58.207+0000] {logging_mixin.py:190} INFO - [2026-08-04T03:53:58.207+0000] {dag.py:4138} INFO - Setting next_dagrun for dbt_pipeline to 2026-08-04 00:00:00+00:00, run_after=2026-08-05 00:00:00+00:00
[2026-08-04T03:53:58.273+0000] {processor.py:208} INFO - Processing /opt/airflow/dags/dbt_pipeline.py took 0.852 seconds
[2026-08-04T03:54:28.616+0000] {processor.py:186} INFO - Started process (PID=3772) to work on /opt/airflow/dags/dbt_pipeline.py
[2026-08-04T03:54:28.619+0000] {processor.py:914} INFO - Processing file /opt/airflow/dags/dbt_pipeline.py for tasks to queue
[2026-08-04T03:54:28.627+0000] {logging_mixin.py:190} INFO - [2026-08-04T03:54:28.626+0000] {dagbag.py:587} INFO - Filling up the DagBag from /opt/airflow/dags/dbt_pipeline.py
[2026-08-04T03:54:28.670+0000] {processor.py:925} INFO - DAG(s) 'dbt_pipeline' retrieved from /opt/airflow/dags/dbt_pipeline.py
[2026-08-04T03:54:28.764+0000] {logging_mixin.py:190} INFO - [2026-08-04T03:54:28.763+0000] {dag.py:3211} INFO - Sync 1 DAGs
[2026-08-04T03:54:28.846+0000] {logging_mixin.py:190} INFO - [2026-08-04T03:54:28.845+0000] {dag.py:4138} INFO - Setting next_dagrun for dbt_pipeline to 2026-08-04 00:00:00+00:00, run_after=2026-08-05 00:00:00+00:00
[2026-08-04T03:54:28.905+0000] {processor.py:208} INFO - Processing /opt/airflow/dags/dbt_pipeline.py took 0.307 seconds
[2026-08-04T03:54:59.014+0000] {processor.py:186} INFO - Started process (PID=3787) to work on /opt/airflow/dags/dbt_pipeline.py
[2026-08-04T03:54:59.017+0000] {processor.py:914} INFO - Processing file /opt/airflow/dags/dbt_pipeline.py for tasks to queue
[2026-08-04T03:54:59.023+0000] {logging_mixin.py:190} INFO - [2026-08-04T03:54:59.022+0000] {dagbag.py:587} INFO - Filling up the DagBag from /opt/airflow/dags/dbt_pipeline.py
[2026-08-04T03:54:59.060+0000] {processor.py:925} INFO - DAG(s) 'dbt_pipeline' retrieved from /opt/airflow/dags/dbt_pipeline.py
[2026-08-04T03:54:59.138+0000] {logging_mixin.py:190} INFO - [2026-08-04T03:54:59.138+0000] {dag.py:3211} INFO - Sync 1 DAGs
[2026-08-04T03:54:59.204+0000] {logging_mixin.py:190} INFO - [2026-08-04T03:54:59.203+0000] {dag.py:4138} INFO - Setting next_dagrun for dbt_pipeline to 2026-08-04 00:00:00+00:00, run_after=2026-08-05 00:00:00+00:00
[2026-08-04T03:54:59.251+0000] {processor.py:208} INFO - Processing /opt/airflow/dags/dbt_pipeline.py took 0.252 seconds
[2026-08-04T03:55:29.990+0000] {processor.py:186} INFO - Started process (PID=3802) to work on /opt/airflow/dags/dbt_pipeline.py
[2026-08-04T03:55:29.994+0000] {processor.py:914} INFO - Processing file /opt/airflow/dags/dbt_pipeline.py for tasks to queue
[2026-08-04T03:55:30.004+0000] {logging_mixin.py:190} INFO - [2026-08-04T03:55:30.003+0000] {dagbag.py:587} INFO - Filling up the DagBag from /opt/airflow/dags/dbt_pipeline.py
[2026-08-04T03:55:30.053+0000] {processor.py:925} INFO - DAG(s) 'dbt_pipeline' retrieved from /opt/airflow/dags/dbt_pipeline.py
[2026-08-04T03:55:30.164+0000] {logging_mixin.py:190} INFO - [2026-08-04T03:55:30.163+0000] {dag.py:3211} INFO - Sync 1 DAGs
[2026-08-04T03:55:30.257+0000] {logging_mixin.py:190} INFO - [2026-08-04T03:55:30.256+0000] {dag.py:4138} INFO - Setting next_dagrun for dbt_pipeline to 2026-08-04 00:00:00+00:00, run_after=2026-08-05 00:00:00+00:00
[2026-08-04T03:55:30.320+0000] {processor.py:208} INFO - Processing /opt/airflow/dags/dbt_pipeline.py took 0.355 seconds
[2026-08-04T03:56:01.062+0000] {processor.py:186} INFO - Started process (PID=3817) to work on /opt/airflow/dags/dbt_pipeline.py
[2026-08-04T03:56:01.066+0000] {processor.py:914} INFO - Processing file /opt/airflow/dags/dbt_pipeline.py for tasks to queue
[2026-08-04T03:56:01.078+0000] {logging_mixin.py:190} INFO - [2026-08-04T03:56:01.076+0000] {dagbag.py:587} INFO - Filling up the DagBag from /opt/airflow/dags/dbt_pipeline.py
[2026-08-04T03:56:01.133+0000] {processor.py:925} INFO - DAG(s) 'dbt_pipeline' retrieved from /opt/airflow/dags/dbt_pipeline.py
[2026-08-04T03:56:01.249+0000] {logging_mixin.py:190} INFO - [2026-08-04T03:56:01.249+0000] {dag.py:3211} INFO - Sync 1 DAGs
[2026-08-04T03:56:01.350+0000] {logging_mixin.py:190} INFO - [2026-08-04T03:56:01.349+0000] {dag.py:4138} INFO - Setting next_dagrun for dbt_pipeline to 2026-08-04 00:00:00+00:00, run_after=2026-08-05 00:00:00+00:00
[2026-08-04T03:56:01.871+0000] {processor.py:208} INFO - Processing /opt/airflow/dags/dbt_pipeline.py took 0.833 seconds
[2026-08-04T03:56:32.039+0000] {processor.py:186} INFO - Started process (PID=3832) to work on /opt/airflow/dags/dbt_pipeline.py
[2026-08-04T03:56:32.043+0000] {processor.py:914} INFO - Processing file /opt/airflow/dags/dbt_pipeline.py for tasks to queue
[2026-08-04T03:56:32.055+0000] {logging_mixin.py:190} INFO - [2026-08-04T03:56:32.054+0000] {dagbag.py:587} INFO - Filling up the DagBag from /opt/airflow/dags/dbt_pipeline.py
[2026-08-04T03:56:32.111+0000] {processor.py:925} INFO - DAG(s) 'dbt_pipeline' retrieved from /opt/airflow/dags/dbt_pipeline.py
[2026-08-04T03:56:32.238+0000] {logging_mixin.py:190} INFO - [2026-08-04T03:56:32.236+0000] {dag.py:3211} INFO - Sync 1 DAGs
[2026-08-04T03:56:32.777+0000] {logging_mixin.py:190} INFO - [2026-08-04T03:56:32.776+0000] {dag.py:4138} INFO - Setting next_dagrun for dbt_pipeline to 2026-08-04 00:00:00+00:00, run_after=2026-08-05 00:00:00+00:00
[2026-08-04T03:56:32.841+0000] {processor.py:208} INFO - Processing /opt/airflow/dags/dbt_pipeline.py took 0.826 seconds
[2026-08-04T03:57:03.529+0000] {processor.py:186} INFO - Started process (PID=3847) to work on /opt/airflow/dags/dbt_pipeline.py
[2026-08-04T03:57:03.533+0000] {processor.py:914} INFO - Processing file /opt/airflow/dags/dbt_pipeline.py for tasks to queue
[2026-08-04T03:57:03.543+0000] {logging_mixin.py:190} INFO - [2026-08-04T03:57:03.542+0000] {dagbag.py:587} INFO - Filling up the DagBag from /opt/airflow/dags/dbt_pipeline.py
[2026-08-04T03:57:03.598+0000] {processor.py:925} INFO - DAG(s) 'dbt_pipeline' retrieved from /opt/airflow/dags/dbt_pipeline.py
[2026-08-04T03:57:03.709+0000] {logging_mixin.py:190} INFO - [2026-08-04T03:57:03.709+0000] {dag.py:3211} INFO - Sync 1 DAGs
[2026-08-04T03:57:03.804+0000] {logging_mixin.py:190} INFO - [2026-08-04T03:57:03.803+0000] {dag.py:4138} INFO - Setting next_dagrun for dbt_pipeline to 2026-08-04 00:00:00+00:00, run_after=2026-08-05 00:00:00+00:00
[2026-08-04T03:57:03.869+0000] {processor.py:208} INFO - Processing /opt/airflow/dags/dbt_pipeline.py took 0.362 seconds
[2026-08-04T03:57:34.863+0000] {processor.py:186} INFO - Started process (PID=3862) to work on /opt/airflow/dags/dbt_pipeline.py
[2026-08-04T03:57:34.867+0000] {processor.py:914} INFO - Processing file /opt/airflow/dags/dbt_pipeline.py for tasks to queue
[2026-08-04T03:57:34.878+0000] {logging_mixin.py:190} INFO - [2026-08-04T03:57:34.876+0000] {dagbag.py:587} INFO - Filling up the DagBag from /opt/airflow/dags/dbt_pipeline.py
[2026-08-04T03:57:34.940+0000] {processor.py:925} INFO - DAG(s) 'dbt_pipeline' retrieved from /opt/airflow/dags/dbt_pipeline.py
[2026-08-04T03:57:35.216+0000] {logging_mixin.py:190} INFO - [2026-08-04T03:57:35.212+0000] {dag.py:3211} INFO - Sync 1 DAGs
[2026-08-04T03:57:35.377+0000] {logging_mixin.py:190} INFO - [2026-08-04T03:57:35.376+0000] {dag.py:4138} INFO - Setting next_dagrun for dbt_pipeline to 2026-08-04 00:00:00+00:00, run_after=2026-08-05 00:00:00+00:00
[2026-08-04T03:57:35.450+0000] {processor.py:208} INFO - Processing /opt/airflow/dags/dbt_pipeline.py took 0.613 seconds
[2026-08-04T04:28:27.599+0000] {processor.py:186} INFO - Started process (PID=3872) to work on /opt/airflow/dags/dbt_pipeline.py
[2026-08-04T04:28:27.608+0000] {processor.py:914} INFO - Processing file /opt/airflow/dags/dbt_pipeline.py for tasks to queue
[2026-08-04T04:28:27.646+0000] {logging_mixin.py:190} INFO - [2026-08-04T04:28:27.643+0000] {dagbag.py:587} INFO - Filling up the DagBag from /opt/airflow/dags/dbt_pipeline.py
[2026-08-04T04:28:27.797+0000] {processor.py:925} INFO - DAG(s) 'dbt_pipeline' retrieved from /opt/airflow/dags/dbt_pipeline.py
[2026-08-04T04:28:28.047+0000] {logging_mixin.py:190} INFO - [2026-08-04T04:28:28.046+0000] {dag.py:3211} INFO - Sync 1 DAGs
[2026-08-04T04:28:28.266+0000] {logging_mixin.py:190} INFO - [2026-08-04T04:28:28.264+0000] {dag.py:4138} INFO - Setting next_dagrun for dbt_pipeline to 2026-08-04 00:00:00+00:00, run_after=2026-08-05 00:00:00+00:00
[2026-08-04T04:28:28.458+0000] {processor.py:208} INFO - Processing /opt/airflow/dags/dbt_pipeline.py took 0.949 seconds
[2026-08-04T05:29:22.023+0000] {processor.py:186} INFO - Started process (PID=3887) to work on /opt/airflow/dags/dbt_pipeline.py
[2026-08-04T05:29:22.040+0000] {processor.py:914} INFO - Processing file /opt/airflow/dags/dbt_pipeline.py for tasks to queue
[2026-08-04T05:29:22.083+0000] {logging_mixin.py:190} INFO - [2026-08-04T05:29:22.077+0000] {dagbag.py:587} INFO - Filling up the DagBag from /opt/airflow/dags/dbt_pipeline.py
[2026-08-04T05:29:22.298+0000] {processor.py:925} INFO - DAG(s) 'dbt_pipeline' retrieved from /opt/airflow/dags/dbt_pipeline.py
[2026-08-04T05:29:22.852+0000] {logging_mixin.py:190} INFO - [2026-08-04T05:29:22.849+0000] {dag.py:3211} INFO - Sync 1 DAGs
[2026-08-04T05:29:23.211+0000] {logging_mixin.py:190} INFO - [2026-08-04T05:29:23.207+0000] {dag.py:4138} INFO - Setting next_dagrun for dbt_pipeline to 2026-08-04 00:00:00+00:00, run_after=2026-08-05 00:00:00+00:00
[2026-08-04T05:29:23.477+0000] {processor.py:208} INFO - Processing /opt/airflow/dags/dbt_pipeline.py took 1.556 seconds
[2026-08-04T05:45:35.981+0000] {processor.py:186} INFO - Started process (PID=3902) to work on /opt/airflow/dags/dbt_pipeline.py
[2026-08-04T05:45:35.994+0000] {processor.py:914} INFO - Processing file /opt/airflow/dags/dbt_pipeline.py for tasks to queue
[2026-08-04T05:45:36.014+0000] {logging_mixin.py:190} INFO - [2026-08-04T05:45:36.012+0000] {dagbag.py:587} INFO - Filling up the DagBag from /opt/airflow/dags/dbt_pipeline.py
[2026-08-04T05:45:36.151+0000] {processor.py:925} INFO - DAG(s) 'dbt_pipeline' retrieved from /opt/airflow/dags/dbt_pipeline.py
[2026-08-04T05:45:36.737+0000] {logging_mixin.py:190} INFO - [2026-08-04T05:45:36.733+0000] {dag.py:3211} INFO - Sync 1 DAGs
[2026-08-04T05:45:37.007+0000] {logging_mixin.py:190} INFO - [2026-08-04T05:45:37.006+0000] {dag.py:4138} INFO - Setting next_dagrun for dbt_pipeline to 2026-08-04 00:00:00+00:00, run_after=2026-08-05 00:00:00+00:00
[2026-08-04T05:45:38.464+0000] {processor.py:208} INFO - Processing /opt/airflow/dags/dbt_pipeline.py took 2.538 seconds
[2026-08-04T05:46:09.006+0000] {processor.py:186} INFO - Started process (PID=3922) to work on /opt/airflow/dags/dbt_pipeline.py
[2026-08-04T05:46:09.009+0000] {processor.py:914} INFO - Processing file /opt/airflow/dags/dbt_pipeline.py for tasks to queue
[2026-08-04T05:46:09.017+0000] {logging_mixin.py:190} INFO - [2026-08-04T05:46:09.016+0000] {dagbag.py:587} INFO - Filling up the DagBag from /opt/airflow/dags/dbt_pipeline.py
[2026-08-04T05:46:09.054+0000] {processor.py:925} INFO - DAG(s) 'dbt_pipeline' retrieved from /opt/airflow/dags/dbt_pipeline.py
[2026-08-04T05:46:09.137+0000] {logging_mixin.py:190} INFO - [2026-08-04T05:46:09.136+0000] {dag.py:3211} INFO - Sync 1 DAGs
[2026-08-04T05:46:09.543+0000] {logging_mixin.py:190} INFO - [2026-08-04T05:46:09.542+0000] {dag.py:4138} INFO - Setting next_dagrun for dbt_pipeline to 2026-08-04 00:00:00+00:00, run_after=2026-08-05 00:00:00+00:00
[2026-08-04T05:46:09.613+0000] {processor.py:208} INFO - Processing /opt/airflow/dags/dbt_pipeline.py took 0.624 seconds
[2026-08-04T05:46:40.260+0000] {processor.py:186} INFO - Started process (PID=3937) to work on /opt/airflow/dags/dbt_pipeline.py
[2026-08-04T05:46:40.273+0000] {processor.py:914} INFO - Processing file /opt/airflow/dags/dbt_pipeline.py for tasks to queue
[2026-08-04T05:46:40.295+0000] {logging_mixin.py:190} INFO - [2026-08-04T05:46:40.293+0000] {dagbag.py:587} INFO - Filling up the DagBag from /opt/airflow/dags/dbt_pipeline.py
[2026-08-04T05:46:40.356+0000] {processor.py:925} INFO - DAG(s) 'dbt_pipeline' retrieved from /opt/airflow/dags/dbt_pipeline.py
[2026-08-04T05:46:40.455+0000] {logging_mixin.py:190} INFO - [2026-08-04T05:46:40.455+0000] {dag.py:3211} INFO - Sync 1 DAGs
[2026-08-04T05:46:40.562+0000] {logging_mixin.py:190} INFO - [2026-08-04T05:46:40.561+0000] {dag.py:4138} INFO - Setting next_dagrun for dbt_pipeline to 2026-08-04 00:00:00+00:00, run_after=2026-08-05 00:00:00+00:00
[2026-08-04T05:46:40.615+0000] {processor.py:208} INFO - Processing /opt/airflow/dags/dbt_pipeline.py took 0.373 seconds
[2026-08-04T05:47:11.103+0000] {processor.py:186} INFO - Started process (PID=3952) to work on /opt/airflow/dags/dbt_pipeline.py
[2026-08-04T05:47:11.106+0000] {processor.py:914} INFO - Processing file /opt/airflow/dags/dbt_pipeline.py for tasks to queue
[2026-08-04T05:47:11.112+0000] {logging_mixin.py:190} INFO - [2026-08-04T05:47:11.111+0000] {dagbag.py:587} INFO - Filling up the DagBag from /opt/airflow/dags/dbt_pipeline.py
[2026-08-04T05:47:11.147+0000] {processor.py:925} INFO - DAG(s) 'dbt_pipeline' retrieved from /opt/airflow/dags/dbt_pipeline.py
[2026-08-04T05:47:11.221+0000] {logging_mixin.py:190} INFO - [2026-08-04T05:47:11.221+0000] {dag.py:3211} INFO - Sync 1 DAGs
[2026-08-04T05:47:11.283+0000] {logging_mixin.py:190} INFO - [2026-08-04T05:47:11.283+0000] {dag.py:4138} INFO - Setting next_dagrun for dbt_pipeline to 2026-08-04 00:00:00+00:00, run_after=2026-08-05 00:00:00+00:00
[2026-08-04T05:47:11.328+0000] {processor.py:208} INFO - Processing /opt/airflow/dags/dbt_pipeline.py took 0.241 seconds
[2026-08-04T05:47:41.802+0000] {processor.py:186} INFO - Started process (PID=3967) to work on /opt/airflow/dags/dbt_pipeline.py
[2026-08-04T05:47:41.805+0000] {processor.py:914} INFO - Processing file /opt/airflow/dags/dbt_pipeline.py for tasks to queue
[2026-08-04T05:47:41.812+0000] {logging_mixin.py:190} INFO - [2026-08-04T05:47:41.811+0000] {dagbag.py:587} INFO - Filling up the DagBag from /opt/airflow/dags/dbt_pipeline.py
[2026-08-04T05:47:41.853+0000] {processor.py:925} INFO - DAG(s) 'dbt_pipeline' retrieved from /opt/airflow/dags/dbt_pipeline.py
[2026-08-04T05:47:41.938+0000] {logging_mixin.py:190} INFO - [2026-08-04T05:47:41.937+0000] {dag.py:3211} INFO - Sync 1 DAGs
[2026-08-04T05:47:42.018+0000] {logging_mixin.py:190} INFO - [2026-08-04T05:47:42.018+0000] {dag.py:4138} INFO - Setting next_dagrun for dbt_pipeline to 2026-08-04 00:00:00+00:00, run_after=2026-08-05 00:00:00+00:00
[2026-08-04T05:47:42.069+0000] {processor.py:208} INFO - Processing /opt/airflow/dags/dbt_pipeline.py took 0.285 seconds
[2026-08-04T05:48:12.663+0000] {processor.py:186} INFO - Started process (PID=3982) to work on /opt/airflow/dags/dbt_pipeline.py
[2026-08-04T05:48:12.667+0000] {processor.py:914} INFO - Processing file /opt/airflow/dags/dbt_pipeline.py for tasks to queue
[2026-08-04T05:48:12.675+0000] {logging_mixin.py:190} INFO - [2026-08-04T05:48:12.674+0000] {dagbag.py:587} INFO - Filling up the DagBag from /opt/airflow/dags/dbt_pipeline.py
[2026-08-04T05:48:12.724+0000] {processor.py:925} INFO - DAG(s) 'dbt_pipeline' retrieved from /opt/airflow/dags/dbt_pipeline.py
[2026-08-04T05:48:12.827+0000] {logging_mixin.py:190} INFO - [2026-08-04T05:48:12.826+0000] {dag.py:3211} INFO - Sync 1 DAGs
[2026-08-04T05:48:12.918+0000] {logging_mixin.py:190} INFO - [2026-08-04T05:48:12.917+0000] {dag.py:4138} INFO - Setting next_dagrun for dbt_pipeline to 2026-08-04 00:00:00+00:00, run_after=2026-08-05 00:00:00+00:00
[2026-08-04T05:48:12.987+0000] {processor.py:208} INFO - Processing /opt/airflow/dags/dbt_pipeline.py took 0.345 seconds
[2026-08-04T05:48:43.399+0000] {processor.py:186} INFO - Started process (PID=3997) to work on /opt/airflow/dags/dbt_pipeline.py
[2026-08-04T05:48:43.404+0000] {processor.py:914} INFO - Processing file /opt/airflow/dags/dbt_pipeline.py for tasks to queue
[2026-08-04T05:48:43.414+0000] {logging_mixin.py:190} INFO - [2026-08-04T05:48:43.413+0000] {dagbag.py:587} INFO - Filling up the DagBag from /opt/airflow/dags/dbt_pipeline.py
[2026-08-04T05:48:43.474+0000] {processor.py:925} INFO - DAG(s) 'dbt_pipeline' retrieved from /opt/airflow/dags/dbt_pipeline.py
[2026-08-04T05:48:43.604+0000] {logging_mixin.py:190} INFO - [2026-08-04T05:48:43.603+0000] {dag.py:3211} INFO - Sync 1 DAGs
[2026-08-04T05:48:44.164+0000] {logging_mixin.py:190} INFO - [2026-08-04T05:48:44.163+0000] {dag.py:4138} INFO - Setting next_dagrun for dbt_pipeline to 2026-08-04 00:00:00+00:00, run_after=2026-08-05 00:00:00+00:00
[2026-08-04T05:48:44.231+0000] {processor.py:208} INFO - Processing /opt/airflow/dags/dbt_pipeline.py took 0.857 seconds
[2026-08-04T05:49:14.828+0000] {processor.py:186} INFO - Started process (PID=4012) to work on /opt/airflow/dags/dbt_pipeline.py
[2026-08-04T05:49:14.831+0000] {processor.py:914} INFO - Processing file /opt/airflow/dags/dbt_pipeline.py for tasks to queue
[2026-08-04T05:49:14.840+0000] {logging_mixin.py:190} INFO - [2026-08-04T05:49:14.839+0000] {dagbag.py:587} INFO - Filling up the DagBag from /opt/airflow/dags/dbt_pipeline.py
[2026-08-04T05:49:14.883+0000] {processor.py:925} INFO - DAG(s) 'dbt_pipeline' retrieved from /opt/airflow/dags/dbt_pipeline.py
[2026-08-04T05:49:14.984+0000] {logging_mixin.py:190} INFO - [2026-08-04T05:49:14.984+0000] {dag.py:3211} INFO - Sync 1 DAGs
[2026-08-04T05:49:15.439+0000] {logging_mixin.py:190} INFO - [2026-08-04T05:49:15.439+0000] {dag.py:4138} INFO - Setting next_dagrun for dbt_pipeline to 2026-08-04 00:00:00+00:00, run_after=2026-08-05 00:00:00+00:00
[2026-08-04T05:49:15.490+0000] {processor.py:208} INFO - Processing /opt/airflow/dags/dbt_pipeline.py took 0.680 seconds
[2026-08-04T05:49:45.785+0000] {processor.py:186} INFO - Started process (PID=4027) to work on /opt/airflow/dags/dbt_pipeline.py
[2026-08-04T05:49:45.788+0000] {processor.py:914} INFO - Processing file /opt/airflow/dags/dbt_pipeline.py for tasks to queue
[2026-08-04T05:49:45.797+0000] {logging_mixin.py:190} INFO - [2026-08-04T05:49:45.796+0000] {dagbag.py:587} INFO - Filling up the DagBag from /opt/airflow/dags/dbt_pipeline.py
[2026-08-04T05:49:45.840+0000] {processor.py:925} INFO - DAG(s) 'dbt_pipeline' retrieved from /opt/airflow/dags/dbt_pipeline.py
[2026-08-04T05:49:45.933+0000] {logging_mixin.py:190} INFO - [2026-08-04T05:49:45.932+0000] {dag.py:3211} INFO - Sync 1 DAGs
[2026-08-04T05:49:46.019+0000] {logging_mixin.py:190} INFO - [2026-08-04T05:49:46.019+0000] {dag.py:4138} INFO - Setting next_dagrun for dbt_pipeline to 2026-08-04 00:00:00+00:00, run_after=2026-08-05 00:00:00+00:00
[2026-08-04T05:49:46.079+0000] {processor.py:208} INFO - Processing /opt/airflow/dags/dbt_pipeline.py took 0.313 seconds
[2026-08-04T05:50:16.347+0000] {processor.py:186} INFO - Started process (PID=4042) to work on /opt/airflow/dags/dbt_pipeline.py
[2026-08-04T05:50:16.350+0000] {processor.py:914} INFO - Processing file /opt/airflow/dags/dbt_pipeline.py for tasks to queue
[2026-08-04T05:50:16.360+0000] {logging_mixin.py:190} INFO - [2026-08-04T05:50:16.359+0000] {dagbag.py:587} INFO - Filling up the DagBag from /opt/airflow/dags/dbt_pipeline.py
[2026-08-04T05:50:16.403+0000] {processor.py:925} INFO - DAG(s) 'dbt_pipeline' retrieved from /opt/airflow/dags/dbt_pipeline.py
[2026-08-04T05:50:16.495+0000] {logging_mixin.py:190} INFO - [2026-08-04T05:50:16.495+0000] {dag.py:3211} INFO - Sync 1 DAGs
[2026-08-04T05:50:16.592+0000] {logging_mixin.py:190} INFO - [2026-08-04T05:50:16.592+0000] {dag.py:4138} INFO - Setting next_dagrun for dbt_pipeline to 2026-08-04 00:00:00+00:00, run_after=2026-08-05 00:00:00+00:00
[2026-08-04T05:50:16.656+0000] {processor.py:208} INFO - Processing /opt/airflow/dags/dbt_pipeline.py took 0.328 seconds
[2026-08-04T05:50:46.868+0000] {processor.py:186} INFO - Started process (PID=4057) to work on /opt/airflow/dags/dbt_pipeline.py
[2026-08-04T05:50:46.871+0000] {processor.py:914} INFO - Processing file /opt/airflow/dags/dbt_pipeline.py for tasks to queue
[2026-08-04T05:50:46.877+0000] {logging_mixin.py:190} INFO - [2026-08-04T05:50:46.876+0000] {dagbag.py:587} INFO - Filling up the DagBag from /opt/airflow/dags/dbt_pipeline.py
[2026-08-04T05:50:46.911+0000] {processor.py:925} INFO - DAG(s) 'dbt_pipeline' retrieved from /opt/airflow/dags/dbt_pipeline.py
[2026-08-04T05:50:46.989+0000] {logging_mixin.py:190} INFO - [2026-08-04T05:50:46.989+0000] {dag.py:3211} INFO - Sync 1 DAGs
[2026-08-04T05:50:47.054+0000] {logging_mixin.py:190} INFO - [2026-08-04T05:50:47.053+0000] {dag.py:4138} INFO - Setting next_dagrun for dbt_pipeline to 2026-08-04 00:00:00+00:00, run_after=2026-08-05 00:00:00+00:00
[2026-08-04T05:50:47.098+0000] {processor.py:208} INFO - Processing /opt/airflow/dags/dbt_pipeline.py took 0.245 seconds
[2026-08-04T05:51:17.509+0000] {processor.py:186} INFO - Started process (PID=4072) to work on /opt/airflow/dags/dbt_pipeline.py
[2026-08-04T05:51:17.511+0000] {processor.py:914} INFO - Processing file /opt/airflow/dags/dbt_pipeline.py for tasks to queue
[2026-08-04T05:51:17.518+0000] {logging_mixin.py:190} INFO - [2026-08-04T05:51:17.517+0000] {dagbag.py:587} INFO - Filling up the DagBag from /opt/airflow/dags/dbt_pipeline.py
[2026-08-04T05:51:17.553+0000] {processor.py:925} INFO - DAG(s) 'dbt_pipeline' retrieved from /opt/airflow/dags/dbt_pipeline.py
[2026-08-04T05:51:17.625+0000] {logging_mixin.py:190} INFO - [2026-08-04T05:51:17.625+0000] {dag.py:3211} INFO - Sync 1 DAGs
[2026-08-04T05:51:17.690+0000] {logging_mixin.py:190} INFO - [2026-08-04T05:51:17.689+0000] {dag.py:4138} INFO - Setting next_dagrun for dbt_pipeline to 2026-08-04 00:00:00+00:00, run_after=2026-08-05 00:00:00+00:00
[2026-08-04T05:51:18.102+0000] {processor.py:208} INFO - Processing /opt/airflow/dags/dbt_pipeline.py took 0.608 seconds
[2026-08-04T05:51:48.259+0000] {processor.py:186} INFO - Started process (PID=4087) to work on /opt/airflow/dags/dbt_pipeline.py
[2026-08-04T05:51:48.262+0000] {processor.py:914} INFO - Processing file /opt/airflow/dags/dbt_pipeline.py for tasks to queue
[2026-08-04T05:51:48.270+0000] {logging_mixin.py:190} INFO - [2026-08-04T05:51:48.269+0000] {dagbag.py:587} INFO - Filling up the DagBag from /opt/airflow/dags/dbt_pipeline.py
[2026-08-04T05:51:48.315+0000] {processor.py:925} INFO - DAG(s) 'dbt_pipeline' retrieved from /opt/airflow/dags/dbt_pipeline.py
[2026-08-04T05:51:48.401+0000] {logging_mixin.py:190} INFO - [2026-08-04T05:51:48.400+0000] {dag.py:3211} INFO - Sync 1 DAGs
[2026-08-04T05:51:48.834+0000] {logging_mixin.py:190} INFO - [2026-08-04T05:51:48.833+0000] {dag.py:4138} INFO - Setting next_dagrun for dbt_pipeline to 2026-08-04 00:00:00+00:00, run_after=2026-08-05 00:00:00+00:00
[2026-08-04T05:51:48.899+0000] {processor.py:208} INFO - Processing /opt/airflow/dags/dbt_pipeline.py took 0.658 seconds
[2026-08-04T05:52:19.311+0000] {processor.py:186} INFO - Started process (PID=4102) to work on /opt/airflow/dags/dbt_pipeline.py
[2026-08-04T05:52:19.313+0000] {processor.py:914} INFO - Processing file /opt/airflow/dags/dbt_pipeline.py for tasks to queue
[2026-08-04T05:52:19.319+0000] {logging_mixin.py:190} INFO - [2026-08-04T05:52:19.318+0000] {dagbag.py:587} INFO - Filling up the DagBag from /opt/airflow/dags/dbt_pipeline.py
[2026-08-04T05:52:19.347+0000] {processor.py:925} INFO - DAG(s) 'dbt_pipeline' retrieved from /opt/airflow/dags/dbt_pipeline.py
[2026-08-04T05:52:19.406+0000] {logging_mixin.py:190} INFO - [2026-08-04T05:52:19.406+0000] {dag.py:3211} INFO - Sync 1 DAGs
[2026-08-04T05:52:19.459+0000] {logging_mixin.py:190} INFO - [2026-08-04T05:52:19.458+0000] {dag.py:4138} INFO - Setting next_dagrun for dbt_pipeline to 2026-08-04 00:00:00+00:00, run_after=2026-08-05 00:00:00+00:00
[2026-08-04T05:52:19.495+0000] {processor.py:208} INFO - Processing /opt/airflow/dags/dbt_pipeline.py took 0.196 seconds
[2026-08-04T06:09:32.136+0000] {processor.py:186} INFO - Started process (PID=4112) to work on /opt/airflow/dags/dbt_pipeline.py
[2026-08-04T06:09:32.144+0000] {processor.py:914} INFO - Processing file /opt/airflow/dags/dbt_pipeline.py for tasks to queue
[2026-08-04T06:09:32.168+0000] {logging_mixin.py:190} INFO - [2026-08-04T06:09:32.166+0000] {dagbag.py:587} INFO - Filling up the DagBag from /opt/airflow/dags/dbt_pipeline.py
[2026-08-04T06:09:32.275+0000] {processor.py:925} INFO - DAG(s) 'dbt_pipeline' retrieved from /opt/airflow/dags/dbt_pipeline.py
[2026-08-04T06:09:32.492+0000] {logging_mixin.py:190} INFO - [2026-08-04T06:09:32.491+0000] {dag.py:3211} INFO - Sync 1 DAGs
[2026-08-04T06:09:32.691+0000] {logging_mixin.py:190} INFO - [2026-08-04T06:09:32.690+0000] {dag.py:4138} INFO - Setting next_dagrun for dbt_pipeline to 2026-08-04 00:00:00+00:00, run_after=2026-08-05 00:00:00+00:00
[2026-08-04T06:09:32.822+0000] {processor.py:208} INFO - Processing /opt/airflow/dags/dbt_pipeline.py took 0.760 seconds
[2026-08-04T06:10:03.060+0000] {processor.py:186} INFO - Started process (PID=4127) to work on /opt/airflow/dags/dbt_pipeline.py
[2026-08-04T06:10:03.064+0000] {processor.py:914} INFO - Processing file /opt/airflow/dags/dbt_pipeline.py for tasks to queue
[2026-08-04T06:10:03.071+0000] {logging_mixin.py:190} INFO - [2026-08-04T06:10:03.070+0000] {dagbag.py:587} INFO - Filling up the DagBag from /opt/airflow/dags/dbt_pipeline.py
[2026-08-04T06:10:03.116+0000] {processor.py:925} INFO - DAG(s) 'dbt_pipeline' retrieved from /opt/airflow/dags/dbt_pipeline.py
[2026-08-04T06:10:03.212+0000] {logging_mixin.py:190} INFO - [2026-08-04T06:10:03.212+0000] {dag.py:3211} INFO - Sync 1 DAGs
[2026-08-04T06:10:03.298+0000] {logging_mixin.py:190} INFO - [2026-08-04T06:10:03.297+0000] {dag.py:4138} INFO - Setting next_dagrun for dbt_pipeline to 2026-08-04 00:00:00+00:00, run_after=2026-08-05 00:00:00+00:00
[2026-08-04T06:10:03.357+0000] {processor.py:208} INFO - Processing /opt/airflow/dags/dbt_pipeline.py took 0.317 seconds
[2026-08-04T06:10:33.840+0000] {processor.py:186} INFO - Started process (PID=4142) to work on /opt/airflow/dags/dbt_pipeline.py
[2026-08-04T06:10:33.842+0000] {processor.py:914} INFO - Processing file /opt/airflow/dags/dbt_pipeline.py for tasks to queue
[2026-08-04T06:10:33.848+0000] {logging_mixin.py:190} INFO - [2026-08-04T06:10:33.847+0000] {dagbag.py:587} INFO - Filling up the DagBag from /opt/airflow/dags/dbt_pipeline.py
[2026-08-04T06:10:33.878+0000] {processor.py:925} INFO - DAG(s) 'dbt_pipeline' retrieved from /opt/airflow/dags/dbt_pipeline.py
[2026-08-04T06:10:33.950+0000] {logging_mixin.py:190} INFO - [2026-08-04T06:10:33.949+0000] {dag.py:3211} INFO - Sync 1 DAGs
[2026-08-04T06:10:34.003+0000] {logging_mixin.py:190} INFO - [2026-08-04T06:10:34.002+0000] {dag.py:4138} INFO - Setting next_dagrun for dbt_pipeline to 2026-08-04 00:00:00+00:00, run_after=2026-08-05 00:00:00+00:00
[2026-08-04T06:10:34.040+0000] {processor.py:208} INFO - Processing /opt/airflow/dags/dbt_pipeline.py took 0.212 seconds
[2026-08-04T06:11:04.590+0000] {processor.py:186} INFO - Started process (PID=4157) to work on /opt/airflow/dags/dbt_pipeline.py
[2026-08-04T06:11:04.593+0000] {processor.py:914} INFO - Processing file /opt/airflow/dags/dbt_pipeline.py for tasks to queue
[2026-08-04T06:11:04.600+0000] {logging_mixin.py:190} INFO - [2026-08-04T06:11:04.599+0000] {dagbag.py:587} INFO - Filling up the DagBag from /opt/airflow/dags/dbt_pipeline.py
[2026-08-04T06:11:04.663+0000] {processor.py:925} INFO - DAG(s) 'dbt_pipeline' retrieved from /opt/airflow/dags/dbt_pipeline.py
[2026-08-04T06:11:04.741+0000] {logging_mixin.py:190} INFO - [2026-08-04T06:11:04.740+0000] {dag.py:3211} INFO - Sync 1 DAGs
[2026-08-04T06:11:04.810+0000] {logging_mixin.py:190} INFO - [2026-08-04T06:11:04.809+0000] {dag.py:4138} INFO - Setting next_dagrun for dbt_pipeline to 2026-08-04 00:00:00+00:00, run_after=2026-08-05 00:00:00+00:00
[2026-08-04T06:11:05.155+0000] {processor.py:208} INFO - Processing /opt/airflow/dags/dbt_pipeline.py took 0.585 seconds
[2026-08-04T06:11:35.554+0000] {processor.py:186} INFO - Started process (PID=4177) to work on /opt/airflow/dags/dbt_pipeline.py
[2026-08-04T06:11:35.556+0000] {processor.py:914} INFO - Processing file /opt/airflow/dags/dbt_pipeline.py for tasks to queue
[2026-08-04T06:11:35.564+0000] {logging_mixin.py:190} INFO - [2026-08-04T06:11:35.562+0000] {dagbag.py:587} INFO - Filling up the DagBag from /opt/airflow/dags/dbt_pipeline.py
[2026-08-04T06:11:35.597+0000] {processor.py:925} INFO - DAG(s) 'dbt_pipeline' retrieved from /opt/airflow/dags/dbt_pipeline.py
[2026-08-04T06:11:35.675+0000] {logging_mixin.py:190} INFO - [2026-08-04T06:11:35.675+0000] {dag.py:3211} INFO - Sync 1 DAGs
[2026-08-04T06:11:36.094+0000] {logging_mixin.py:190} INFO - [2026-08-04T06:11:36.093+0000] {dag.py:4138} INFO - Setting next_dagrun for dbt_pipeline to 2026-08-04 00:00:00+00:00, run_after=2026-08-05 00:00:00+00:00
[2026-08-04T06:11:36.136+0000] {processor.py:208} INFO - Processing /opt/airflow/dags/dbt_pipeline.py took 0.598 seconds
[2026-08-04T06:12:06.605+0000] {processor.py:186} INFO - Started process (PID=4192) to work on /opt/airflow/dags/dbt_pipeline.py
[2026-08-04T06:12:06.607+0000] {processor.py:914} INFO - Processing file /opt/airflow/dags/dbt_pipeline.py for tasks to queue
[2026-08-04T06:12:06.613+0000] {logging_mixin.py:190} INFO - [2026-08-04T06:12:06.613+0000] {dagbag.py:587} INFO - Filling up the DagBag from /opt/airflow/dags/dbt_pipeline.py
[2026-08-04T06:12:06.643+0000] {processor.py:925} INFO - DAG(s) 'dbt_pipeline' retrieved from /opt/airflow/dags/dbt_pipeline.py
[2026-08-04T06:12:06.709+0000] {logging_mixin.py:190} INFO - [2026-08-04T06:12:06.708+0000] {dag.py:3211} INFO - Sync 1 DAGs
[2026-08-04T06:12:06.767+0000] {logging_mixin.py:190} INFO - [2026-08-04T06:12:06.767+0000] {dag.py:4138} INFO - Setting next_dagrun for dbt_pipeline to 2026-08-04 00:00:00+00:00, run_after=2026-08-05 00:00:00+00:00
[2026-08-04T06:12:06.805+0000] {processor.py:208} INFO - Processing /opt/airflow/dags/dbt_pipeline.py took 0.214 seconds
[2026-08-04T06:12:37.380+0000] {processor.py:186} INFO - Started process (PID=4207) to work on /opt/airflow/dags/dbt_pipeline.py
[2026-08-04T06:12:37.382+0000] {processor.py:914} INFO - Processing file /opt/airflow/dags/dbt_pipeline.py for tasks to queue
[2026-08-04T06:12:37.389+0000] {logging_mixin.py:190} INFO - [2026-08-04T06:12:37.388+0000] {dagbag.py:587} INFO - Filling up the DagBag from /opt/airflow/dags/dbt_pipeline.py
[2026-08-04T06:12:37.418+0000] {processor.py:925} INFO - DAG(s) 'dbt_pipeline' retrieved from /opt/airflow/dags/dbt_pipeline.py
[2026-08-04T06:12:37.483+0000] {logging_mixin.py:190} INFO - [2026-08-04T06:12:37.483+0000] {dag.py:3211} INFO - Sync 1 DAGs
[2026-08-04T06:12:37.541+0000] {logging_mixin.py:190} INFO - [2026-08-04T06:12:37.541+0000] {dag.py:4138} INFO - Setting next_dagrun for dbt_pipeline to 2026-08-04 00:00:00+00:00, run_after=2026-08-05 00:00:00+00:00
[2026-08-04T06:12:37.580+0000] {processor.py:208} INFO - Processing /opt/airflow/dags/dbt_pipeline.py took 0.213 seconds
[2026-08-04T06:13:08.029+0000] {processor.py:186} INFO - Started process (PID=4222) to work on /opt/airflow/dags/dbt_pipeline.py
[2026-08-04T06:13:08.032+0000] {processor.py:914} INFO - Processing file /opt/airflow/dags/dbt_pipeline.py for tasks to queue
[2026-08-04T06:13:08.039+0000] {logging_mixin.py:190} INFO - [2026-08-04T06:13:08.038+0000] {dagbag.py:587} INFO - Filling up the DagBag from /opt/airflow/dags/dbt_pipeline.py
[2026-08-04T06:13:08.103+0000] {processor.py:925} INFO - DAG(s) 'dbt_pipeline' retrieved from /opt/airflow/dags/dbt_pipeline.py
[2026-08-04T06:13:08.185+0000] {logging_mixin.py:190} INFO - [2026-08-04T06:13:08.184+0000] {dag.py:3211} INFO - Sync 1 DAGs
[2026-08-04T06:13:08.257+0000] {logging_mixin.py:190} INFO - [2026-08-04T06:13:08.257+0000] {dag.py:4138} INFO - Setting next_dagrun for dbt_pipeline to 2026-08-04 00:00:00+00:00, run_after=2026-08-05 00:00:00+00:00
[2026-08-04T06:13:08.308+0000] {processor.py:208} INFO - Processing /opt/airflow/dags/dbt_pipeline.py took 0.298 seconds
[2026-08-04T06:13:38.549+0000] {processor.py:186} INFO - Started process (PID=4237) to work on /opt/airflow/dags/dbt_pipeline.py
[2026-08-04T06:13:38.555+0000] {processor.py:914} INFO - Processing file /opt/airflow/dags/dbt_pipeline.py for tasks to queue
[2026-08-04T06:13:38.568+0000] {logging_mixin.py:190} INFO - [2026-08-04T06:13:38.567+0000] {dagbag.py:587} INFO - Filling up the DagBag from /opt/airflow/dags/dbt_pipeline.py
[2026-08-04T06:13:38.640+0000] {processor.py:925} INFO - DAG(s) 'dbt_pipeline' retrieved from /opt/airflow/dags/dbt_pipeline.py
[2026-08-04T06:13:38.798+0000] {logging_mixin.py:190} INFO - [2026-08-04T06:13:38.796+0000] {dag.py:3211} INFO - Sync 1 DAGs
[2026-08-04T06:13:38.941+0000] {logging_mixin.py:190} INFO - [2026-08-04T06:13:38.940+0000] {dag.py:4138} INFO - Setting next_dagrun for dbt_pipeline to 2026-08-04 00:00:00+00:00, run_after=2026-08-05 00:00:00+00:00
[2026-08-04T06:13:39.041+0000] {processor.py:208} INFO - Processing /opt/airflow/dags/dbt_pipeline.py took 0.520 seconds
[2026-08-04T06:14:09.476+0000] {processor.py:186} INFO - Started process (PID=4252) to work on /opt/airflow/dags/dbt_pipeline.py
[2026-08-04T06:14:09.479+0000] {processor.py:914} INFO - Processing file /opt/airflow/dags/dbt_pipeline.py for tasks to queue
[2026-08-04T06:14:09.488+0000] {logging_mixin.py:190} INFO - [2026-08-04T06:14:09.487+0000] {dagbag.py:587} INFO - Filling up the DagBag from /opt/airflow/dags/dbt_pipeline.py
[2026-08-04T06:14:09.540+0000] {processor.py:925} INFO - DAG(s) 'dbt_pipeline' retrieved from /opt/airflow/dags/dbt_pipeline.py
[2026-08-04T06:14:09.644+0000] {logging_mixin.py:190} INFO - [2026-08-04T06:14:09.643+0000] {dag.py:3211} INFO - Sync 1 DAGs
[2026-08-04T06:14:10.155+0000] {logging_mixin.py:190} INFO - [2026-08-04T06:14:10.154+0000] {dag.py:4138} INFO - Setting next_dagrun for dbt_pipeline to 2026-08-04 00:00:00+00:00, run_after=2026-08-05 00:00:00+00:00
[2026-08-04T06:14:10.217+0000] {processor.py:208} INFO - Processing /opt/airflow/dags/dbt_pipeline.py took 0.761 seconds
[2026-08-04T06:14:40.347+0000] {processor.py:186} INFO - Started process (PID=4265) to work on /opt/airflow/dags/dbt_pipeline.py
[2026-08-04T06:14:40.351+0000] {processor.py:914} INFO - Processing file /opt/airflow/dags/dbt_pipeline.py for tasks to queue
[2026-08-04T06:14:40.361+0000] {logging_mixin.py:190} INFO - [2026-08-04T06:14:40.360+0000] {dagbag.py:587} INFO - Filling up the DagBag from /opt/airflow/dags/dbt_pipeline.py
[2026-08-04T06:14:40.410+0000] {processor.py:925} INFO - DAG(s) 'dbt_pipeline' retrieved from /opt/airflow/dags/dbt_pipeline.py
[2026-08-04T06:14:40.520+0000] {logging_mixin.py:190} INFO - [2026-08-04T06:14:40.519+0000] {dag.py:3211} INFO - Sync 1 DAGs
[2026-08-04T06:14:40.990+0000] {logging_mixin.py:190} INFO - [2026-08-04T06:14:40.989+0000] {dag.py:4138} INFO - Setting next_dagrun for dbt_pipeline to 2026-08-04 00:00:00+00:00, run_after=2026-08-05 00:00:00+00:00
[2026-08-04T06:14:41.046+0000] {processor.py:208} INFO - Processing /opt/airflow/dags/dbt_pipeline.py took 0.720 seconds
[2026-08-04T06:15:11.861+0000] {processor.py:186} INFO - Started process (PID=4282) to work on /opt/airflow/dags/dbt_pipeline.py
[2026-08-04T06:15:11.863+0000] {processor.py:914} INFO - Processing file /opt/airflow/dags/dbt_pipeline.py for tasks to queue
[2026-08-04T06:15:11.871+0000] {logging_mixin.py:190} INFO - [2026-08-04T06:15:11.870+0000] {dagbag.py:587} INFO - Filling up the DagBag from /opt/airflow/dags/dbt_pipeline.py
[2026-08-04T06:15:11.936+0000] {processor.py:925} INFO - DAG(s) 'dbt_pipeline' retrieved from /opt/airflow/dags/dbt_pipeline.py
[2026-08-04T06:15:12.129+0000] {logging_mixin.py:190} INFO - [2026-08-04T06:15:12.128+0000] {dag.py:3211} INFO - Sync 1 DAGs
[2026-08-04T06:15:12.224+0000] {logging_mixin.py:190} INFO - [2026-08-04T06:15:12.223+0000] {dag.py:4138} INFO - Setting next_dagrun for dbt_pipeline to 2026-08-04 00:00:00+00:00, run_after=2026-08-05 00:00:00+00:00
[2026-08-04T06:15:12.288+0000] {processor.py:208} INFO - Processing /opt/airflow/dags/dbt_pipeline.py took 0.447 seconds
[2026-08-04T06:15:42.906+0000] {processor.py:186} INFO - Started process (PID=4297) to work on /opt/airflow/dags/dbt_pipeline.py
[2026-08-04T06:15:42.909+0000] {processor.py:914} INFO - Processing file /opt/airflow/dags/dbt_pipeline.py for tasks to queue
[2026-08-04T06:15:42.916+0000] {logging_mixin.py:190} INFO - [2026-08-04T06:15:42.915+0000] {dagbag.py:587} INFO - Filling up the DagBag from /opt/airflow/dags/dbt_pipeline.py
[2026-08-04T06:15:42.955+0000] {processor.py:925} INFO - DAG(s) 'dbt_pipeline' retrieved from /opt/airflow/dags/dbt_pipeline.py
[2026-08-04T06:15:43.036+0000] {logging_mixin.py:190} INFO - [2026-08-04T06:15:43.036+0000] {dag.py:3211} INFO - Sync 1 DAGs
[2026-08-04T06:15:43.115+0000] {logging_mixin.py:190} INFO - [2026-08-04T06:15:43.115+0000] {dag.py:4138} INFO - Setting next_dagrun for dbt_pipeline to 2026-08-04 00:00:00+00:00, run_after=2026-08-05 00:00:00+00:00
[2026-08-04T06:15:43.163+0000] {processor.py:208} INFO - Processing /opt/airflow/dags/dbt_pipeline.py took 0.277 seconds
[2026-08-04T06:16:13.773+0000] {processor.py:186} INFO - Started process (PID=4312) to work on /opt/airflow/dags/dbt_pipeline.py
[2026-08-04T06:16:13.776+0000] {processor.py:914} INFO - Processing file /opt/airflow/dags/dbt_pipeline.py for tasks to queue
[2026-08-04T06:16:13.782+0000] {logging_mixin.py:190} INFO - [2026-08-04T06:16:13.781+0000] {dagbag.py:587} INFO - Filling up the DagBag from /opt/airflow/dags/dbt_pipeline.py
[2026-08-04T06:16:13.824+0000] {processor.py:925} INFO - DAG(s) 'dbt_pipeline' retrieved from /opt/airflow/dags/dbt_pipeline.py
[2026-08-04T06:16:13.915+0000] {logging_mixin.py:190} INFO - [2026-08-04T06:16:13.915+0000] {dag.py:3211} INFO - Sync 1 DAGs
[2026-08-04T06:16:13.987+0000] {logging_mixin.py:190} INFO - [2026-08-04T06:16:13.987+0000] {dag.py:4138} INFO - Setting next_dagrun for dbt_pipeline to 2026-08-04 00:00:00+00:00, run_after=2026-08-05 00:00:00+00:00
[2026-08-04T06:16:14.039+0000] {processor.py:208} INFO - Processing /opt/airflow/dags/dbt_pipeline.py took 0.282 seconds
[2026-08-04T06:16:44.626+0000] {processor.py:186} INFO - Started process (PID=4327) to work on /opt/airflow/dags/dbt_pipeline.py
[2026-08-04T06:16:44.628+0000] {processor.py:914} INFO - Processing file /opt/airflow/dags/dbt_pipeline.py for tasks to queue
[2026-08-04T06:16:44.635+0000] {logging_mixin.py:190} INFO - [2026-08-04T06:16:44.634+0000] {dagbag.py:587} INFO - Filling up the DagBag from /opt/airflow/dags/dbt_pipeline.py
[2026-08-04T06:16:44.670+0000] {processor.py:925} INFO - DAG(s) 'dbt_pipeline' retrieved from /opt/airflow/dags/dbt_pipeline.py
[2026-08-04T06:16:44.747+0000] {logging_mixin.py:190} INFO - [2026-08-04T06:16:44.746+0000] {dag.py:3211} INFO - Sync 1 DAGs
[2026-08-04T06:16:44.814+0000] {logging_mixin.py:190} INFO - [2026-08-04T06:16:44.814+0000] {dag.py:4138} INFO - Setting next_dagrun for dbt_pipeline to 2026-08-04 00:00:00+00:00, run_after=2026-08-05 00:00:00+00:00
[2026-08-04T06:16:45.162+0000] {processor.py:208} INFO - Processing /opt/airflow/dags/dbt_pipeline.py took 0.552 seconds
[2026-08-04T06:17:15.393+0000] {processor.py:186} INFO - Started process (PID=4342) to work on /opt/airflow/dags/dbt_pipeline.py
[2026-08-04T06:17:15.396+0000] {processor.py:914} INFO - Processing file /opt/airflow/dags/dbt_pipeline.py for tasks to queue
[2026-08-04T06:17:15.403+0000] {logging_mixin.py:190} INFO - [2026-08-04T06:17:15.402+0000] {dagbag.py:587} INFO - Filling up the DagBag from /opt/airflow/dags/dbt_pipeline.py
[2026-08-04T06:17:15.440+0000] {processor.py:925} INFO - DAG(s) 'dbt_pipeline' retrieved from /opt/airflow/dags/dbt_pipeline.py
[2026-08-04T06:17:15.521+0000] {logging_mixin.py:190} INFO - [2026-08-04T06:17:15.521+0000] {dag.py:3211} INFO - Sync 1 DAGs
[2026-08-04T06:17:15.915+0000] {logging_mixin.py:190} INFO - [2026-08-04T06:17:15.914+0000] {dag.py:4138} INFO - Setting next_dagrun for dbt_pipeline to 2026-08-04 00:00:00+00:00, run_after=2026-08-05 00:00:00+00:00
[2026-08-04T06:17:15.958+0000] {processor.py:208} INFO - Processing /opt/airflow/dags/dbt_pipeline.py took 0.582 seconds
[2026-08-04T06:17:46.371+0000] {processor.py:186} INFO - Started process (PID=4357) to work on /opt/airflow/dags/dbt_pipeline.py
[2026-08-04T06:17:46.373+0000] {processor.py:914} INFO - Processing file /opt/airflow/dags/dbt_pipeline.py for tasks to queue
[2026-08-04T06:17:46.381+0000] {logging_mixin.py:190} INFO - [2026-08-04T06:17:46.380+0000] {dagbag.py:587} INFO - Filling up the DagBag from /opt/airflow/dags/dbt_pipeline.py
[2026-08-04T06:17:46.414+0000] {processor.py:925} INFO - DAG(s) 'dbt_pipeline' retrieved from /opt/airflow/dags/dbt_pipeline.py
[2026-08-04T06:17:46.791+0000] {logging_mixin.py:190} INFO - [2026-08-04T06:17:46.791+0000] {dag.py:3211} INFO - Sync 1 DAGs
[2026-08-04T06:17:46.857+0000] {logging_mixin.py:190} INFO - [2026-08-04T06:17:46.856+0000] {dag.py:4138} INFO - Setting next_dagrun for dbt_pipeline to 2026-08-04 00:00:00+00:00, run_after=2026-08-05 00:00:00+00:00
[2026-08-04T06:17:46.904+0000] {processor.py:208} INFO - Processing /opt/airflow/dags/dbt_pipeline.py took 0.549 seconds
[2026-08-04T06:18:17.006+0000] {processor.py:186} INFO - Started process (PID=4372) to work on /opt/airflow/dags/dbt_pipeline.py
[2026-08-04T06:18:17.010+0000] {processor.py:914} INFO - Processing file /opt/airflow/dags/dbt_pipeline.py for tasks to queue
[2026-08-04T06:18:17.020+0000] {logging_mixin.py:190} INFO - [2026-08-04T06:18:17.019+0000] {dagbag.py:587} INFO - Filling up the DagBag from /opt/airflow/dags/dbt_pipeline.py
[2026-08-04T06:18:17.071+0000] {processor.py:925} INFO - DAG(s) 'dbt_pipeline' retrieved from /opt/airflow/dags/dbt_pipeline.py
[2026-08-04T06:18:17.180+0000] {logging_mixin.py:190} INFO - [2026-08-04T06:18:17.179+0000] {dag.py:3211} INFO - Sync 1 DAGs
[2026-08-04T06:18:17.272+0000] {logging_mixin.py:190} INFO - [2026-08-04T06:18:17.271+0000] {dag.py:4138} INFO - Setting next_dagrun for dbt_pipeline to 2026-08-04 00:00:00+00:00, run_after=2026-08-05 00:00:00+00:00
[2026-08-04T06:18:17.335+0000] {processor.py:208} INFO - Processing /opt/airflow/dags/dbt_pipeline.py took 0.350 seconds
[2026-08-04T06:18:47.954+0000] {processor.py:186} INFO - Started process (PID=4387) to work on /opt/airflow/dags/dbt_pipeline.py
[2026-08-04T06:18:47.958+0000] {processor.py:914} INFO - Processing file /opt/airflow/dags/dbt_pipeline.py for tasks to queue
[2026-08-04T06:18:47.965+0000] {logging_mixin.py:190} INFO - [2026-08-04T06:18:47.965+0000] {dagbag.py:587} INFO - Filling up the DagBag from /opt/airflow/dags/dbt_pipeline.py
[2026-08-04T06:18:48.003+0000] {processor.py:925} INFO - DAG(s) 'dbt_pipeline' retrieved from /opt/airflow/dags/dbt_pipeline.py
[2026-08-04T06:18:48.084+0000] {logging_mixin.py:190} INFO - [2026-08-04T06:18:48.084+0000] {dag.py:3211} INFO - Sync 1 DAGs
[2026-08-04T06:18:48.155+0000] {logging_mixin.py:190} INFO - [2026-08-04T06:18:48.154+0000] {dag.py:4138} INFO - Setting next_dagrun for dbt_pipeline to 2026-08-04 00:00:00+00:00, run_after=2026-08-05 00:00:00+00:00
[2026-08-04T06:18:48.204+0000] {processor.py:208} INFO - Processing /opt/airflow/dags/dbt_pipeline.py took 0.266 seconds
[2026-08-04T06:19:18.885+0000] {processor.py:186} INFO - Started process (PID=4402) to work on /opt/airflow/dags/dbt_pipeline.py
[2026-08-04T06:19:18.889+0000] {processor.py:914} INFO - Processing file /opt/airflow/dags/dbt_pipeline.py for tasks to queue
[2026-08-04T06:19:18.897+0000] {logging_mixin.py:190} INFO - [2026-08-04T06:19:18.896+0000] {dagbag.py:587} INFO - Filling up the DagBag from /opt/airflow/dags/dbt_pipeline.py
[2026-08-04T06:19:18.946+0000] {processor.py:925} INFO - DAG(s) 'dbt_pipeline' retrieved from /opt/airflow/dags/dbt_pipeline.py
[2026-08-04T06:19:19.053+0000] {logging_mixin.py:190} INFO - [2026-08-04T06:19:19.052+0000] {dag.py:3211} INFO - Sync 1 DAGs
[2026-08-04T06:19:19.141+0000] {logging_mixin.py:190} INFO - [2026-08-04T06:19:19.140+0000] {dag.py:4138} INFO - Setting next_dagrun for dbt_pipeline to 2026-08-04 00:00:00+00:00, run_after=2026-08-05 00:00:00+00:00
[2026-08-04T06:19:19.207+0000] {processor.py:208} INFO - Processing /opt/airflow/dags/dbt_pipeline.py took 0.345 seconds
[2026-08-04T06:19:49.435+0000] {processor.py:186} INFO - Started process (PID=4417) to work on /opt/airflow/dags/dbt_pipeline.py
[2026-08-04T06:19:49.439+0000] {processor.py:914} INFO - Processing file /opt/airflow/dags/dbt_pipeline.py for tasks to queue
[2026-08-04T06:19:49.448+0000] {logging_mixin.py:190} INFO - [2026-08-04T06:19:49.447+0000] {dagbag.py:587} INFO - Filling up the DagBag from /opt/airflow/dags/dbt_pipeline.py
[2026-08-04T06:19:49.499+0000] {processor.py:925} INFO - DAG(s) 'dbt_pipeline' retrieved from /opt/airflow/dags/dbt_pipeline.py
[2026-08-04T06:19:49.614+0000] {logging_mixin.py:190} INFO - [2026-08-04T06:19:49.614+0000] {dag.py:3211} INFO - Sync 1 DAGs
[2026-08-04T06:19:50.156+0000] {logging_mixin.py:190} INFO - [2026-08-04T06:19:50.155+0000] {dag.py:4138} INFO - Setting next_dagrun for dbt_pipeline to 2026-08-04 00:00:00+00:00, run_after=2026-08-05 00:00:00+00:00
[2026-08-04T06:19:50.216+0000] {processor.py:208} INFO - Processing /opt/airflow/dags/dbt_pipeline.py took 0.807 seconds
[2026-08-04T06:20:20.684+0000] {processor.py:186} INFO - Started process (PID=4432) to work on /opt/airflow/dags/dbt_pipeline.py
[2026-08-04T06:20:20.687+0000] {processor.py:914} INFO - Processing file /opt/airflow/dags/dbt_pipeline.py for tasks to queue
[2026-08-04T06:20:20.693+0000] {logging_mixin.py:190} INFO - [2026-08-04T06:20:20.693+0000] {dagbag.py:587} INFO - Filling up the DagBag from /opt/airflow/dags/dbt_pipeline.py
[2026-08-04T06:20:20.752+0000] {processor.py:925} INFO - DAG(s) 'dbt_pipeline' retrieved from /opt/airflow/dags/dbt_pipeline.py
[2026-08-04T06:20:20.847+0000] {logging_mixin.py:190} INFO - [2026-08-04T06:20:20.846+0000] {dag.py:3211} INFO - Sync 1 DAGs
[2026-08-04T06:20:21.277+0000] {logging_mixin.py:190} INFO - [2026-08-04T06:20:21.276+0000] {dag.py:4138} INFO - Setting next_dagrun for dbt_pipeline to 2026-08-04 00:00:00+00:00, run_after=2026-08-05 00:00:00+00:00
[2026-08-04T06:20:21.325+0000] {processor.py:208} INFO - Processing /opt/airflow/dags/dbt_pipeline.py took 0.659 seconds
[2026-08-04T06:20:51.727+0000] {processor.py:186} INFO - Started process (PID=4447) to work on /opt/airflow/dags/dbt_pipeline.py
[2026-08-04T06:20:51.730+0000] {processor.py:914} INFO - Processing file /opt/airflow/dags/dbt_pipeline.py for tasks to queue
[2026-08-04T06:20:51.741+0000] {logging_mixin.py:190} INFO - [2026-08-04T06:20:51.737+0000] {dagbag.py:587} INFO - Filling up the DagBag from /opt/airflow/dags/dbt_pipeline.py
[2026-08-04T06:20:51.790+0000] {processor.py:925} INFO - DAG(s) 'dbt_pipeline' retrieved from /opt/airflow/dags/dbt_pipeline.py
[2026-08-04T06:20:51.900+0000] {logging_mixin.py:190} INFO - [2026-08-04T06:20:51.899+0000] {dag.py:3211} INFO - Sync 1 DAGs
[2026-08-04T06:20:52.001+0000] {logging_mixin.py:190} INFO - [2026-08-04T06:20:52.000+0000] {dag.py:4138} INFO - Setting next_dagrun for dbt_pipeline to 2026-08-04 00:00:00+00:00, run_after=2026-08-05 00:00:00+00:00
[2026-08-04T06:20:52.057+0000] {processor.py:208} INFO - Processing /opt/airflow/dags/dbt_pipeline.py took 0.354 seconds
[2026-08-04T06:21:22.807+0000] {processor.py:186} INFO - Started process (PID=4462) to work on /opt/airflow/dags/dbt_pipeline.py
[2026-08-04T06:21:22.810+0000] {processor.py:914} INFO - Processing file /opt/airflow/dags/dbt_pipeline.py for tasks to queue
[2026-08-04T06:21:22.824+0000] {logging_mixin.py:190} INFO - [2026-08-04T06:21:22.823+0000] {dagbag.py:587} INFO - Filling up the DagBag from /opt/airflow/dags/dbt_pipeline.py
[2026-08-04T06:21:22.880+0000] {processor.py:925} INFO - DAG(s) 'dbt_pipeline' retrieved from /opt/airflow/dags/dbt_pipeline.py
[2026-08-04T06:21:22.993+0000] {logging_mixin.py:190} INFO - [2026-08-04T06:21:22.992+0000] {dag.py:3211} INFO - Sync 1 DAGs
[2026-08-04T06:21:23.088+0000] {logging_mixin.py:190} INFO - [2026-08-04T06:21:23.087+0000] {dag.py:4138} INFO - Setting next_dagrun for dbt_pipeline to 2026-08-04 00:00:00+00:00, run_after=2026-08-05 00:00:00+00:00
[2026-08-04T06:21:23.154+0000] {processor.py:208} INFO - Processing /opt/airflow/dags/dbt_pipeline.py took 0.370 seconds
[2026-08-04T06:21:53.998+0000] {processor.py:186} INFO - Started process (PID=4477) to work on /opt/airflow/dags/dbt_pipeline.py
[2026-08-04T06:21:54.003+0000] {processor.py:914} INFO - Processing file /opt/airflow/dags/dbt_pipeline.py for tasks to queue
[2026-08-04T06:21:54.017+0000] {logging_mixin.py:190} INFO - [2026-08-04T06:21:54.015+0000] {dagbag.py:587} INFO - Filling up the DagBag from /opt/airflow/dags/dbt_pipeline.py
[2026-08-04T06:21:54.076+0000] {processor.py:925} INFO - DAG(s) 'dbt_pipeline' retrieved from /opt/airflow/dags/dbt_pipeline.py
[2026-08-04T06:21:54.213+0000] {logging_mixin.py:190} INFO - [2026-08-04T06:21:54.212+0000] {dag.py:3211} INFO - Sync 1 DAGs
[2026-08-04T06:21:54.343+0000] {logging_mixin.py:190} INFO - [2026-08-04T06:21:54.341+0000] {dag.py:4138} INFO - Setting next_dagrun for dbt_pipeline to 2026-08-04 00:00:00+00:00, run_after=2026-08-05 00:00:00+00:00
[2026-08-04T06:21:54.440+0000] {processor.py:208} INFO - Processing /opt/airflow/dags/dbt_pipeline.py took 0.474 seconds
[2026-08-04T06:22:24.594+0000] {processor.py:186} INFO - Started process (PID=4492) to work on /opt/airflow/dags/dbt_pipeline.py
[2026-08-04T06:22:24.597+0000] {processor.py:914} INFO - Processing file /opt/airflow/dags/dbt_pipeline.py for tasks to queue
[2026-08-04T06:22:24.603+0000] {logging_mixin.py:190} INFO - [2026-08-04T06:22:24.602+0000] {dagbag.py:587} INFO - Filling up the DagBag from /opt/airflow/dags/dbt_pipeline.py
[2026-08-04T06:22:24.643+0000] {processor.py:925} INFO - DAG(s) 'dbt_pipeline' retrieved from /opt/airflow/dags/dbt_pipeline.py
[2026-08-04T06:22:24.729+0000] {logging_mixin.py:190} INFO - [2026-08-04T06:22:24.729+0000] {dag.py:3211} INFO - Sync 1 DAGs
[2026-08-04T06:22:24.805+0000] {logging_mixin.py:190} INFO - [2026-08-04T06:22:24.804+0000] {dag.py:4138} INFO - Setting next_dagrun for dbt_pipeline to 2026-08-04 00:00:00+00:00, run_after=2026-08-05 00:00:00+00:00
[2026-08-04T06:22:25.170+0000] {processor.py:208} INFO - Processing /opt/airflow/dags/dbt_pipeline.py took 0.595 seconds
[2026-08-04T06:22:55.648+0000] {processor.py:186} INFO - Started process (PID=4507) to work on /opt/airflow/dags/dbt_pipeline.py
[2026-08-04T06:22:55.656+0000] {processor.py:914} INFO - Processing file /opt/airflow/dags/dbt_pipeline.py for tasks to queue
[2026-08-04T06:22:55.673+0000] {logging_mixin.py:190} INFO - [2026-08-04T06:22:55.670+0000] {dagbag.py:587} INFO - Filling up the DagBag from /opt/airflow/dags/dbt_pipeline.py
[2026-08-04T06:22:55.798+0000] {processor.py:925} INFO - DAG(s) 'dbt_pipeline' retrieved from /opt/airflow/dags/dbt_pipeline.py
[2026-08-04T06:22:56.061+0000] {logging_mixin.py:190} INFO - [2026-08-04T06:22:56.060+0000] {dag.py:3211} INFO - Sync 1 DAGs
[2026-08-04T06:22:57.023+0000] {logging_mixin.py:190} INFO - [2026-08-04T06:22:57.022+0000] {dag.py:4138} INFO - Setting next_dagrun for dbt_pipeline to 2026-08-04 00:00:00+00:00, run_after=2026-08-05 00:00:00+00:00
[2026-08-04T06:22:57.148+0000] {processor.py:208} INFO - Processing /opt/airflow/dags/dbt_pipeline.py took 1.549 seconds
[2026-08-04T06:53:27.910+0000] {processor.py:186} INFO - Started process (PID=4515) to work on /opt/airflow/dags/dbt_pipeline.py
[2026-08-04T06:53:27.917+0000] {processor.py:914} INFO - Processing file /opt/airflow/dags/dbt_pipeline.py for tasks to queue
[2026-08-04T06:53:27.939+0000] {logging_mixin.py:190} INFO - [2026-08-04T06:53:27.936+0000] {dagbag.py:587} INFO - Filling up the DagBag from /opt/airflow/dags/dbt_pipeline.py
[2026-08-04T06:53:28.058+0000] {processor.py:925} INFO - DAG(s) 'dbt_pipeline' retrieved from /opt/airflow/dags/dbt_pipeline.py
[2026-08-04T06:53:28.341+0000] {logging_mixin.py:190} INFO - [2026-08-04T06:53:28.339+0000] {dag.py:3211} INFO - Sync 1 DAGs
[2026-08-04T06:53:29.712+0000] {logging_mixin.py:190} INFO - [2026-08-04T06:53:29.711+0000] {dag.py:4138} INFO - Setting next_dagrun for dbt_pipeline to 2026-08-04 00:00:00+00:00, run_after=2026-08-05 00:00:00+00:00
[2026-08-04T06:53:29.841+0000] {processor.py:208} INFO - Processing /opt/airflow/dags/dbt_pipeline.py took 1.982 seconds
[2026-08-04T06:54:00.066+0000] {processor.py:186} INFO - Started process (PID=4530) to work on /opt/airflow/dags/dbt_pipeline.py
[2026-08-04T06:54:00.071+0000] {processor.py:914} INFO - Processing file /opt/airflow/dags/dbt_pipeline.py for tasks to queue
[2026-08-04T06:54:00.090+0000] {logging_mixin.py:190} INFO - [2026-08-04T06:54:00.088+0000] {dagbag.py:587} INFO - Filling up the DagBag from /opt/airflow/dags/dbt_pipeline.py
[2026-08-04T06:54:00.206+0000] {processor.py:925} INFO - DAG(s) 'dbt_pipeline' retrieved from /opt/airflow/dags/dbt_pipeline.py
[2026-08-04T06:54:01.347+0000] {logging_mixin.py:190} INFO - [2026-08-04T06:54:01.346+0000] {dag.py:3211} INFO - Sync 1 DAGs
[2026-08-04T06:54:01.510+0000] {logging_mixin.py:190} INFO - [2026-08-04T06:54:01.509+0000] {dag.py:4138} INFO - Setting next_dagrun for dbt_pipeline to 2026-08-04 00:00:00+00:00, run_after=2026-08-05 00:00:00+00:00
[2026-08-04T06:54:01.617+0000] {processor.py:208} INFO - Processing /opt/airflow/dags/dbt_pipeline.py took 1.593 seconds
[2026-08-04T06:54:32.468+0000] {processor.py:186} INFO - Started process (PID=4550) to work on /opt/airflow/dags/dbt_pipeline.py
[2026-08-04T06:54:32.476+0000] {processor.py:914} INFO - Processing file /opt/airflow/dags/dbt_pipeline.py for tasks to queue
[2026-08-04T06:54:32.491+0000] {logging_mixin.py:190} INFO - [2026-08-04T06:54:32.489+0000] {dagbag.py:587} INFO - Filling up the DagBag from /opt/airflow/dags/dbt_pipeline.py
[2026-08-04T06:54:32.583+0000] {processor.py:925} INFO - DAG(s) 'dbt_pipeline' retrieved from /opt/airflow/dags/dbt_pipeline.py
[2026-08-04T06:54:32.772+0000] {logging_mixin.py:190} INFO - [2026-08-04T06:54:32.771+0000] {dag.py:3211} INFO - Sync 1 DAGs
[2026-08-04T06:54:32.932+0000] {logging_mixin.py:190} INFO - [2026-08-04T06:54:32.930+0000] {dag.py:4138} INFO - Setting next_dagrun for dbt_pipeline to 2026-08-04 00:00:00+00:00, run_after=2026-08-05 00:00:00+00:00
[2026-08-04T06:54:33.042+0000] {processor.py:208} INFO - Processing /opt/airflow/dags/dbt_pipeline.py took 0.612 seconds
[2026-08-04T06:55:03.332+0000] {processor.py:186} INFO - Started process (PID=4565) to work on /opt/airflow/dags/dbt_pipeline.py
[2026-08-04T06:55:03.338+0000] {processor.py:914} INFO - Processing file /opt/airflow/dags/dbt_pipeline.py for tasks to queue
[2026-08-04T06:55:03.353+0000] {logging_mixin.py:190} INFO - [2026-08-04T06:55:03.351+0000] {dagbag.py:587} INFO - Filling up the DagBag from /opt/airflow/dags/dbt_pipeline.py
[2026-08-04T06:55:03.439+0000] {processor.py:925} INFO - DAG(s) 'dbt_pipeline' retrieved from /opt/airflow/dags/dbt_pipeline.py
[2026-08-04T06:55:03.651+0000] {logging_mixin.py:190} INFO - [2026-08-04T06:55:03.650+0000] {dag.py:3211} INFO - Sync 1 DAGs
[2026-08-04T06:55:03.831+0000] {logging_mixin.py:190} INFO - [2026-08-04T06:55:03.829+0000] {dag.py:4138} INFO - Setting next_dagrun for dbt_pipeline to 2026-08-04 00:00:00+00:00, run_after=2026-08-05 00:00:00+00:00
[2026-08-04T06:55:03.946+0000] {processor.py:208} INFO - Processing /opt/airflow/dags/dbt_pipeline.py took 0.652 seconds
[2026-08-04T06:55:34.692+0000] {processor.py:186} INFO - Started process (PID=4580) to work on /opt/airflow/dags/dbt_pipeline.py
[2026-08-04T06:55:34.698+0000] {processor.py:914} INFO - Processing file /opt/airflow/dags/dbt_pipeline.py for tasks to queue
[2026-08-04T06:55:34.713+0000] {logging_mixin.py:190} INFO - [2026-08-04T06:55:34.711+0000] {dagbag.py:587} INFO - Filling up the DagBag from /opt/airflow/dags/dbt_pipeline.py
[2026-08-04T06:55:34.805+0000] {processor.py:925} INFO - DAG(s) 'dbt_pipeline' retrieved from /opt/airflow/dags/dbt_pipeline.py
[2026-08-04T06:55:34.984+0000] {logging_mixin.py:190} INFO - [2026-08-04T06:55:34.983+0000] {dag.py:3211} INFO - Sync 1 DAGs
[2026-08-04T06:55:35.158+0000] {logging_mixin.py:190} INFO - [2026-08-04T06:55:35.157+0000] {dag.py:4138} INFO - Setting next_dagrun for dbt_pipeline to 2026-08-04 00:00:00+00:00, run_after=2026-08-05 00:00:00+00:00
[2026-08-04T06:55:35.969+0000] {processor.py:208} INFO - Processing /opt/airflow/dags/dbt_pipeline.py took 1.315 seconds
[2026-08-04T06:56:06.806+0000] {processor.py:186} INFO - Started process (PID=4593) to work on /opt/airflow/dags/dbt_pipeline.py
[2026-08-04T06:56:06.822+0000] {processor.py:914} INFO - Processing file /opt/airflow/dags/dbt_pipeline.py for tasks to queue
[2026-08-04T06:56:06.866+0000] {logging_mixin.py:190} INFO - [2026-08-04T06:56:06.861+0000] {dagbag.py:587} INFO - Filling up the DagBag from /opt/airflow/dags/dbt_pipeline.py
[2026-08-04T06:56:07.058+0000] {processor.py:925} INFO - DAG(s) 'dbt_pipeline' retrieved from /opt/airflow/dags/dbt_pipeline.py
[2026-08-04T06:56:07.500+0000] {logging_mixin.py:190} INFO - [2026-08-04T06:56:07.499+0000] {dag.py:3211} INFO - Sync 1 DAGs
[2026-08-04T06:56:08.817+0000] {logging_mixin.py:190} INFO - [2026-08-04T06:56:08.815+0000] {dag.py:4138} INFO - Setting next_dagrun for dbt_pipeline to 2026-08-04 00:00:00+00:00, run_after=2026-08-05 00:00:00+00:00
[2026-08-04T06:56:09.002+0000] {processor.py:208} INFO - Processing /opt/airflow/dags/dbt_pipeline.py took 2.268 seconds
[2026-08-04T06:56:40.137+0000] {processor.py:186} INFO - Started process (PID=4610) to work on /opt/airflow/dags/dbt_pipeline.py
[2026-08-04T06:56:40.143+0000] {processor.py:914} INFO - Processing file /opt/airflow/dags/dbt_pipeline.py for tasks to queue
[2026-08-04T06:56:40.157+0000] {logging_mixin.py:190} INFO - [2026-08-04T06:56:40.156+0000] {dagbag.py:587} INFO - Filling up the DagBag from /opt/airflow/dags/dbt_pipeline.py
[2026-08-04T06:56:40.236+0000] {processor.py:925} INFO - DAG(s) 'dbt_pipeline' retrieved from /opt/airflow/dags/dbt_pipeline.py
[2026-08-04T06:56:40.397+0000] {logging_mixin.py:190} INFO - [2026-08-04T06:56:40.396+0000] {dag.py:3211} INFO - Sync 1 DAGs
[2026-08-04T06:56:41.143+0000] {logging_mixin.py:190} INFO - [2026-08-04T06:56:41.141+0000] {dag.py:4138} INFO - Setting next_dagrun for dbt_pipeline to 2026-08-04 00:00:00+00:00, run_after=2026-08-05 00:00:00+00:00
[2026-08-04T06:56:41.234+0000] {processor.py:208} INFO - Processing /opt/airflow/dags/dbt_pipeline.py took 1.130 seconds
[2026-08-04T06:57:11.915+0000] {processor.py:186} INFO - Started process (PID=4625) to work on /opt/airflow/dags/dbt_pipeline.py
[2026-08-04T06:57:11.920+0000] {processor.py:914} INFO - Processing file /opt/airflow/dags/dbt_pipeline.py for tasks to queue
[2026-08-04T06:57:11.933+0000] {logging_mixin.py:190} INFO - [2026-08-04T06:57:11.931+0000] {dagbag.py:587} INFO - Filling up the DagBag from /opt/airflow/dags/dbt_pipeline.py
[2026-08-04T06:57:11.998+0000] {processor.py:925} INFO - DAG(s) 'dbt_pipeline' retrieved from /opt/airflow/dags/dbt_pipeline.py
[2026-08-04T06:57:12.123+0000] {logging_mixin.py:190} INFO - [2026-08-04T06:57:12.122+0000] {dag.py:3211} INFO - Sync 1 DAGs
[2026-08-04T06:57:12.234+0000] {logging_mixin.py:190} INFO - [2026-08-04T06:57:12.233+0000] {dag.py:4138} INFO - Setting next_dagrun for dbt_pipeline to 2026-08-04 00:00:00+00:00, run_after=2026-08-05 00:00:00+00:00
[2026-08-04T06:57:12.311+0000] {processor.py:208} INFO - Processing /opt/airflow/dags/dbt_pipeline.py took 0.423 seconds
[2026-08-04T06:57:43.052+0000] {processor.py:186} INFO - Started process (PID=4640) to work on /opt/airflow/dags/dbt_pipeline.py
[2026-08-04T06:57:43.055+0000] {processor.py:914} INFO - Processing file /opt/airflow/dags/dbt_pipeline.py for tasks to queue
[2026-08-04T06:57:43.061+0000] {logging_mixin.py:190} INFO - [2026-08-04T06:57:43.060+0000] {dagbag.py:587} INFO - Filling up the DagBag from /opt/airflow/dags/dbt_pipeline.py
[2026-08-04T06:57:43.098+0000] {processor.py:925} INFO - DAG(s) 'dbt_pipeline' retrieved from /opt/airflow/dags/dbt_pipeline.py
[2026-08-04T06:57:43.179+0000] {logging_mixin.py:190} INFO - [2026-08-04T06:57:43.178+0000] {dag.py:3211} INFO - Sync 1 DAGs
[2026-08-04T06:57:43.251+0000] {logging_mixin.py:190} INFO - [2026-08-04T06:57:43.250+0000] {dag.py:4138} INFO - Setting next_dagrun for dbt_pipeline to 2026-08-04 00:00:00+00:00, run_after=2026-08-05 00:00:00+00:00
[2026-08-04T06:57:43.308+0000] {processor.py:208} INFO - Processing /opt/airflow/dags/dbt_pipeline.py took 0.273 seconds
[2026-08-04T06:58:14.039+0000] {processor.py:186} INFO - Started process (PID=4655) to work on /opt/airflow/dags/dbt_pipeline.py
[2026-08-04T06:58:14.043+0000] {processor.py:914} INFO - Processing file /opt/airflow/dags/dbt_pipeline.py for tasks to queue
[2026-08-04T06:58:14.052+0000] {logging_mixin.py:190} INFO - [2026-08-04T06:58:14.051+0000] {dagbag.py:587} INFO - Filling up the DagBag from /opt/airflow/dags/dbt_pipeline.py
[2026-08-04T06:58:14.104+0000] {processor.py:925} INFO - DAG(s) 'dbt_pipeline' retrieved from /opt/airflow/dags/dbt_pipeline.py
[2026-08-04T06:58:14.213+0000] {logging_mixin.py:190} INFO - [2026-08-04T06:58:14.213+0000] {dag.py:3211} INFO - Sync 1 DAGs
[2026-08-04T06:58:14.306+0000] {logging_mixin.py:190} INFO - [2026-08-04T06:58:14.305+0000] {dag.py:4138} INFO - Setting next_dagrun for dbt_pipeline to 2026-08-04 00:00:00+00:00, run_after=2026-08-05 00:00:00+00:00
[2026-08-04T06:58:14.376+0000] {processor.py:208} INFO - Processing /opt/airflow/dags/dbt_pipeline.py took 0.359 seconds
[2026-08-04T06:58:44.546+0000] {processor.py:186} INFO - Started process (PID=4670) to work on /opt/airflow/dags/dbt_pipeline.py
[2026-08-04T06:58:44.549+0000] {processor.py:914} INFO - Processing file /opt/airflow/dags/dbt_pipeline.py for tasks to queue
[2026-08-04T06:58:44.558+0000] {logging_mixin.py:190} INFO - [2026-08-04T06:58:44.557+0000] {dagbag.py:587} INFO - Filling up the DagBag from /opt/airflow/dags/dbt_pipeline.py
[2026-08-04T06:58:44.598+0000] {processor.py:925} INFO - DAG(s) 'dbt_pipeline' retrieved from /opt/airflow/dags/dbt_pipeline.py
[2026-08-04T06:58:44.684+0000] {logging_mixin.py:190} INFO - [2026-08-04T06:58:44.684+0000] {dag.py:3211} INFO - Sync 1 DAGs
[2026-08-04T06:58:44.762+0000] {logging_mixin.py:190} INFO - [2026-08-04T06:58:44.761+0000] {dag.py:4138} INFO - Setting next_dagrun for dbt_pipeline to 2026-08-04 00:00:00+00:00, run_after=2026-08-05 00:00:00+00:00
[2026-08-04T06:58:45.149+0000] {processor.py:208} INFO - Processing /opt/airflow/dags/dbt_pipeline.py took 0.620 seconds
[2026-08-04T06:59:15.522+0000] {processor.py:186} INFO - Started process (PID=4685) to work on /opt/airflow/dags/dbt_pipeline.py
[2026-08-04T06:59:15.526+0000] {processor.py:914} INFO - Processing file /opt/airflow/dags/dbt_pipeline.py for tasks to queue
[2026-08-04T06:59:15.537+0000] {logging_mixin.py:190} INFO - [2026-08-04T06:59:15.536+0000] {dagbag.py:587} INFO - Filling up the DagBag from /opt/airflow/dags/dbt_pipeline.py
[2026-08-04T06:59:15.594+0000] {processor.py:925} INFO - DAG(s) 'dbt_pipeline' retrieved from /opt/airflow/dags/dbt_pipeline.py
[2026-08-04T06:59:15.714+0000] {logging_mixin.py:190} INFO - [2026-08-04T06:59:15.713+0000] {dag.py:3211} INFO - Sync 1 DAGs
[2026-08-04T06:59:16.275+0000] {logging_mixin.py:190} INFO - [2026-08-04T06:59:16.274+0000] {dag.py:4138} INFO - Setting next_dagrun for dbt_pipeline to 2026-08-04 00:00:00+00:00, run_after=2026-08-05 00:00:00+00:00
[2026-08-04T06:59:16.336+0000] {processor.py:208} INFO - Processing /opt/airflow/dags/dbt_pipeline.py took 0.840 seconds
[2026-08-04T06:59:46.512+0000] {processor.py:186} INFO - Started process (PID=4700) to work on /opt/airflow/dags/dbt_pipeline.py
[2026-08-04T06:59:46.515+0000] {processor.py:914} INFO - Processing file /opt/airflow/dags/dbt_pipeline.py for tasks to queue
[2026-08-04T06:59:46.524+0000] {logging_mixin.py:190} INFO - [2026-08-04T06:59:46.523+0000] {dagbag.py:587} INFO - Filling up the DagBag from /opt/airflow/dags/dbt_pipeline.py
[2026-08-04T06:59:46.571+0000] {processor.py:925} INFO - DAG(s) 'dbt_pipeline' retrieved from /opt/airflow/dags/dbt_pipeline.py
[2026-08-04T06:59:47.042+0000] {logging_mixin.py:190} INFO - [2026-08-04T06:59:47.042+0000] {dag.py:3211} INFO - Sync 1 DAGs
[2026-08-04T06:59:47.110+0000] {logging_mixin.py:190} INFO - [2026-08-04T06:59:47.110+0000] {dag.py:4138} INFO - Setting next_dagrun for dbt_pipeline to 2026-08-04 00:00:00+00:00, run_after=2026-08-05 00:00:00+00:00
[2026-08-04T06:59:47.166+0000] {processor.py:208} INFO - Processing /opt/airflow/dags/dbt_pipeline.py took 0.674 seconds
[2026-08-04T07:00:18.069+0000] {processor.py:186} INFO - Started process (PID=4715) to work on /opt/airflow/dags/dbt_pipeline.py
[2026-08-04T07:00:18.073+0000] {processor.py:914} INFO - Processing file /opt/airflow/dags/dbt_pipeline.py for tasks to queue
[2026-08-04T07:00:18.081+0000] {logging_mixin.py:190} INFO - [2026-08-04T07:00:18.080+0000] {dagbag.py:587} INFO - Filling up the DagBag from /opt/airflow/dags/dbt_pipeline.py
[2026-08-04T07:00:18.133+0000] {processor.py:925} INFO - DAG(s) 'dbt_pipeline' retrieved from /opt/airflow/dags/dbt_pipeline.py
[2026-08-04T07:00:18.230+0000] {logging_mixin.py:190} INFO - [2026-08-04T07:00:18.229+0000] {dag.py:3211} INFO - Sync 1 DAGs
[2026-08-04T07:00:18.315+0000] {logging_mixin.py:190} INFO - [2026-08-04T07:00:18.314+0000] {dag.py:4138} INFO - Setting next_dagrun for dbt_pipeline to 2026-08-04 00:00:00+00:00, run_after=2026-08-05 00:00:00+00:00
[2026-08-04T07:00:18.380+0000] {processor.py:208} INFO - Processing /opt/airflow/dags/dbt_pipeline.py took 0.332 seconds
[2026-08-04T07:00:48.850+0000] {processor.py:186} INFO - Started process (PID=4730) to work on /opt/airflow/dags/dbt_pipeline.py
[2026-08-04T07:00:48.853+0000] {processor.py:914} INFO - Processing file /opt/airflow/dags/dbt_pipeline.py for tasks to queue
[2026-08-04T07:00:48.860+0000] {logging_mixin.py:190} INFO - [2026-08-04T07:00:48.859+0000] {dagbag.py:587} INFO - Filling up the DagBag from /opt/airflow/dags/dbt_pipeline.py
[2026-08-04T07:00:48.901+0000] {processor.py:925} INFO - DAG(s) 'dbt_pipeline' retrieved from /opt/airflow/dags/dbt_pipeline.py
[2026-08-04T07:00:48.989+0000] {logging_mixin.py:190} INFO - [2026-08-04T07:00:48.988+0000] {dag.py:3211} INFO - Sync 1 DAGs
[2026-08-04T07:00:49.062+0000] {logging_mixin.py:190} INFO - [2026-08-04T07:00:49.061+0000] {dag.py:4138} INFO - Setting next_dagrun for dbt_pipeline to 2026-08-04 00:00:00+00:00, run_after=2026-08-05 00:00:00+00:00
[2026-08-04T07:00:49.112+0000] {processor.py:208} INFO - Processing /opt/airflow/dags/dbt_pipeline.py took 0.279 seconds
[2026-08-04T07:01:19.450+0000] {processor.py:186} INFO - Started process (PID=4745) to work on /opt/airflow/dags/dbt_pipeline.py
[2026-08-04T07:01:19.454+0000] {processor.py:914} INFO - Processing file /opt/airflow/dags/dbt_pipeline.py for tasks to queue
[2026-08-04T07:01:19.462+0000] {logging_mixin.py:190} INFO - [2026-08-04T07:01:19.461+0000] {dagbag.py:587} INFO - Filling up the DagBag from /opt/airflow/dags/dbt_pipeline.py
[2026-08-04T07:01:19.510+0000] {processor.py:925} INFO - DAG(s) 'dbt_pipeline' retrieved from /opt/airflow/dags/dbt_pipeline.py
[2026-08-04T07:01:19.611+0000] {logging_mixin.py:190} INFO - [2026-08-04T07:01:19.610+0000] {dag.py:3211} INFO - Sync 1 DAGs
[2026-08-04T07:01:19.698+0000] {logging_mixin.py:190} INFO - [2026-08-04T07:01:19.698+0000] {dag.py:4138} INFO - Setting next_dagrun for dbt_pipeline to 2026-08-04 00:00:00+00:00, run_after=2026-08-05 00:00:00+00:00
[2026-08-04T07:01:20.135+0000] {processor.py:208} INFO - Processing /opt/airflow/dags/dbt_pipeline.py took 0.705 seconds
[2026-08-04T07:01:50.367+0000] {processor.py:186} INFO - Started process (PID=4760) to work on /opt/airflow/dags/dbt_pipeline.py
[2026-08-04T07:01:50.370+0000] {processor.py:914} INFO - Processing file /opt/airflow/dags/dbt_pipeline.py for tasks to queue
[2026-08-04T07:01:50.379+0000] {logging_mixin.py:190} INFO - [2026-08-04T07:01:50.379+0000] {dagbag.py:587} INFO - Filling up the DagBag from /opt/airflow/dags/dbt_pipeline.py
[2026-08-04T07:01:50.422+0000] {processor.py:925} INFO - DAG(s) 'dbt_pipeline' retrieved from /opt/airflow/dags/dbt_pipeline.py
[2026-08-04T07:01:50.516+0000] {logging_mixin.py:190} INFO - [2026-08-04T07:01:50.516+0000] {dag.py:3211} INFO - Sync 1 DAGs
[2026-08-04T07:01:50.992+0000] {logging_mixin.py:190} INFO - [2026-08-04T07:01:50.991+0000] {dag.py:4138} INFO - Setting next_dagrun for dbt_pipeline to 2026-08-04 00:00:00+00:00, run_after=2026-08-05 00:00:00+00:00
[2026-08-04T07:01:51.048+0000] {processor.py:208} INFO - Processing /opt/airflow/dags/dbt_pipeline.py took 0.700 seconds
[2026-08-04T07:02:21.204+0000] {processor.py:186} INFO - Started process (PID=4775) to work on /opt/airflow/dags/dbt_pipeline.py
[2026-08-04T07:02:21.208+0000] {processor.py:914} INFO - Processing file /opt/airflow/dags/dbt_pipeline.py for tasks to queue
[2026-08-04T07:02:21.219+0000] {logging_mixin.py:190} INFO - [2026-08-04T07:02:21.217+0000] {dagbag.py:587} INFO - Filling up the DagBag from /opt/airflow/dags/dbt_pipeline.py
[2026-08-04T07:02:21.270+0000] {processor.py:925} INFO - DAG(s) 'dbt_pipeline' retrieved from /opt/airflow/dags/dbt_pipeline.py
[2026-08-04T07:02:21.381+0000] {logging_mixin.py:190} INFO - [2026-08-04T07:02:21.381+0000] {dag.py:3211} INFO - Sync 1 DAGs
[2026-08-04T07:02:21.880+0000] {logging_mixin.py:190} INFO - [2026-08-04T07:02:21.879+0000] {dag.py:4138} INFO - Setting next_dagrun for dbt_pipeline to 2026-08-04 00:00:00+00:00, run_after=2026-08-05 00:00:00+00:00
[2026-08-04T07:02:21.940+0000] {processor.py:208} INFO - Processing /opt/airflow/dags/dbt_pipeline.py took 0.758 seconds
[2026-08-04T07:02:52.111+0000] {processor.py:186} INFO - Started process (PID=4790) to work on /opt/airflow/dags/dbt_pipeline.py
[2026-08-04T07:02:52.114+0000] {processor.py:914} INFO - Processing file /opt/airflow/dags/dbt_pipeline.py for tasks to queue
[2026-08-04T07:02:52.123+0000] {logging_mixin.py:190} INFO - [2026-08-04T07:02:52.122+0000] {dagbag.py:587} INFO - Filling up the DagBag from /opt/airflow/dags/dbt_pipeline.py
[2026-08-04T07:02:52.166+0000] {processor.py:925} INFO - DAG(s) 'dbt_pipeline' retrieved from /opt/airflow/dags/dbt_pipeline.py
[2026-08-04T07:02:52.664+0000] {logging_mixin.py:190} INFO - [2026-08-04T07:02:52.663+0000] {dag.py:3211} INFO - Sync 1 DAGs
[2026-08-04T07:02:52.743+0000] {logging_mixin.py:190} INFO - [2026-08-04T07:02:52.742+0000] {dag.py:4138} INFO - Setting next_dagrun for dbt_pipeline to 2026-08-04 00:00:00+00:00, run_after=2026-08-05 00:00:00+00:00
[2026-08-04T07:02:52.802+0000] {processor.py:208} INFO - Processing /opt/airflow/dags/dbt_pipeline.py took 0.711 seconds
[2026-08-04T07:03:23.271+0000] {processor.py:186} INFO - Started process (PID=4805) to work on /opt/airflow/dags/dbt_pipeline.py
[2026-08-04T07:03:23.274+0000] {processor.py:914} INFO - Processing file /opt/airflow/dags/dbt_pipeline.py for tasks to queue
[2026-08-04T07:03:23.284+0000] {logging_mixin.py:190} INFO - [2026-08-04T07:03:23.282+0000] {dagbag.py:587} INFO - Filling up the DagBag from /opt/airflow/dags/dbt_pipeline.py
[2026-08-04T07:03:23.336+0000] {processor.py:925} INFO - DAG(s) 'dbt_pipeline' retrieved from /opt/airflow/dags/dbt_pipeline.py
[2026-08-04T07:03:23.444+0000] {logging_mixin.py:190} INFO - [2026-08-04T07:03:23.443+0000] {dag.py:3211} INFO - Sync 1 DAGs
[2026-08-04T07:03:23.544+0000] {logging_mixin.py:190} INFO - [2026-08-04T07:03:23.544+0000] {dag.py:4138} INFO - Setting next_dagrun for dbt_pipeline to 2026-08-04 00:00:00+00:00, run_after=2026-08-05 00:00:00+00:00
[2026-08-04T07:03:23.614+0000] {processor.py:208} INFO - Processing /opt/airflow/dags/dbt_pipeline.py took 0.370 seconds
[2026-08-04T07:03:53.847+0000] {processor.py:186} INFO - Started process (PID=4820) to work on /opt/airflow/dags/dbt_pipeline.py
[2026-08-04T07:03:53.850+0000] {processor.py:914} INFO - Processing file /opt/airflow/dags/dbt_pipeline.py for tasks to queue
[2026-08-04T07:03:53.858+0000] {logging_mixin.py:190} INFO - [2026-08-04T07:03:53.857+0000] {dagbag.py:587} INFO - Filling up the DagBag from /opt/airflow/dags/dbt_pipeline.py
[2026-08-04T07:03:53.898+0000] {processor.py:925} INFO - DAG(s) 'dbt_pipeline' retrieved from /opt/airflow/dags/dbt_pipeline.py
[2026-08-04T07:03:53.983+0000] {logging_mixin.py:190} INFO - [2026-08-04T07:03:53.983+0000] {dag.py:3211} INFO - Sync 1 DAGs
[2026-08-04T07:03:54.058+0000] {logging_mixin.py:190} INFO - [2026-08-04T07:03:54.057+0000] {dag.py:4138} INFO - Setting next_dagrun for dbt_pipeline to 2026-08-04 00:00:00+00:00, run_after=2026-08-05 00:00:00+00:00
[2026-08-04T07:03:54.111+0000] {processor.py:208} INFO - Processing /opt/airflow/dags/dbt_pipeline.py took 0.282 seconds
[2026-08-04T07:04:24.256+0000] {processor.py:186} INFO - Started process (PID=4835) to work on /opt/airflow/dags/dbt_pipeline.py
[2026-08-04T07:04:24.261+0000] {processor.py:914} INFO - Processing file /opt/airflow/dags/dbt_pipeline.py for tasks to queue
[2026-08-04T07:04:24.271+0000] {logging_mixin.py:190} INFO - [2026-08-04T07:04:24.270+0000] {dagbag.py:587} INFO - Filling up the DagBag from /opt/airflow/dags/dbt_pipeline.py
[2026-08-04T07:04:24.331+0000] {processor.py:925} INFO - DAG(s) 'dbt_pipeline' retrieved from /opt/airflow/dags/dbt_pipeline.py
[2026-08-04T07:04:24.470+0000] {logging_mixin.py:190} INFO - [2026-08-04T07:04:24.469+0000] {dag.py:3211} INFO - Sync 1 DAGs
[2026-08-04T07:04:24.590+0000] {logging_mixin.py:190} INFO - [2026-08-04T07:04:24.589+0000] {dag.py:4138} INFO - Setting next_dagrun for dbt_pipeline to 2026-08-04 00:00:00+00:00, run_after=2026-08-05 00:00:00+00:00
[2026-08-04T07:04:25.270+0000] {processor.py:208} INFO - Processing /opt/airflow/dags/dbt_pipeline.py took 1.044 seconds
[2026-08-04T07:04:55.708+0000] {processor.py:186} INFO - Started process (PID=4848) to work on /opt/airflow/dags/dbt_pipeline.py
[2026-08-04T07:04:55.715+0000] {processor.py:914} INFO - Processing file /opt/airflow/dags/dbt_pipeline.py for tasks to queue
[2026-08-04T07:04:55.734+0000] {logging_mixin.py:190} INFO - [2026-08-04T07:04:55.732+0000] {dagbag.py:587} INFO - Filling up the DagBag from /opt/airflow/dags/dbt_pipeline.py
[2026-08-04T07:04:55.829+0000] {processor.py:925} INFO - DAG(s) 'dbt_pipeline' retrieved from /opt/airflow/dags/dbt_pipeline.py
[2026-08-04T07:04:56.051+0000] {logging_mixin.py:190} INFO - [2026-08-04T07:04:56.049+0000] {dag.py:3211} INFO - Sync 1 DAGs
[2026-08-04T07:04:57.206+0000] {logging_mixin.py:190} INFO - [2026-08-04T07:04:57.205+0000] {dag.py:4138} INFO - Setting next_dagrun for dbt_pipeline to 2026-08-04 00:00:00+00:00, run_after=2026-08-05 00:00:00+00:00
[2026-08-04T07:04:57.312+0000] {processor.py:208} INFO - Processing /opt/airflow/dags/dbt_pipeline.py took 1.646 seconds
[2026-08-04T07:35:22.879+0000] {processor.py:186} INFO - Started process (PID=4855) to work on /opt/airflow/dags/dbt_pipeline.py
[2026-08-04T07:35:22.885+0000] {processor.py:914} INFO - Processing file /opt/airflow/dags/dbt_pipeline.py for tasks to queue
[2026-08-04T07:35:22.902+0000] {logging_mixin.py:190} INFO - [2026-08-04T07:35:22.900+0000] {dagbag.py:587} INFO - Filling up the DagBag from /opt/airflow/dags/dbt_pipeline.py
[2026-08-04T07:35:23.033+0000] {processor.py:925} INFO - DAG(s) 'dbt_pipeline' retrieved from /opt/airflow/dags/dbt_pipeline.py
[2026-08-04T07:35:23.246+0000] {logging_mixin.py:190} INFO - [2026-08-04T07:35:23.245+0000] {dag.py:3211} INFO - Sync 1 DAGs
[2026-08-04T07:35:24.317+0000] {logging_mixin.py:190} INFO - [2026-08-04T07:35:24.316+0000] {dag.py:4138} INFO - Setting next_dagrun for dbt_pipeline to 2026-08-04 00:00:00+00:00, run_after=2026-08-05 00:00:00+00:00
[2026-08-04T07:35:24.468+0000] {processor.py:208} INFO - Processing /opt/airflow/dags/dbt_pipeline.py took 1.644 seconds
[2026-08-04T07:51:33.742+0000] {processor.py:186} INFO - Started process (PID=4870) to work on /opt/airflow/dags/dbt_pipeline.py
[2026-08-04T07:51:33.749+0000] {processor.py:914} INFO - Processing file /opt/airflow/dags/dbt_pipeline.py for tasks to queue
[2026-08-04T07:51:33.763+0000] {logging_mixin.py:190} INFO - [2026-08-04T07:51:33.761+0000] {dagbag.py:587} INFO - Filling up the DagBag from /opt/airflow/dags/dbt_pipeline.py
[2026-08-04T07:51:33.856+0000] {processor.py:925} INFO - DAG(s) 'dbt_pipeline' retrieved from /opt/airflow/dags/dbt_pipeline.py
[2026-08-04T07:51:34.733+0000] {logging_mixin.py:190} INFO - [2026-08-04T07:51:34.732+0000] {dag.py:3211} INFO - Sync 1 DAGs
[2026-08-04T07:51:34.859+0000] {logging_mixin.py:190} INFO - [2026-08-04T07:51:34.858+0000] {dag.py:4138} INFO - Setting next_dagrun for dbt_pipeline to 2026-08-04 00:00:00+00:00, run_after=2026-08-05 00:00:00+00:00
[2026-08-04T07:51:34.953+0000] {processor.py:208} INFO - Processing /opt/airflow/dags/dbt_pipeline.py took 1.252 seconds
[2026-08-04T07:52:05.665+0000] {processor.py:186} INFO - Started process (PID=4885) to work on /opt/airflow/dags/dbt_pipeline.py
[2026-08-04T07:52:05.670+0000] {processor.py:914} INFO - Processing file /opt/airflow/dags/dbt_pipeline.py for tasks to queue
[2026-08-04T07:52:05.681+0000] {logging_mixin.py:190} INFO - [2026-08-04T07:52:05.679+0000] {dagbag.py:587} INFO - Filling up the DagBag from /opt/airflow/dags/dbt_pipeline.py
[2026-08-04T07:52:05.744+0000] {processor.py:925} INFO - DAG(s) 'dbt_pipeline' retrieved from /opt/airflow/dags/dbt_pipeline.py
[2026-08-04T07:52:05.878+0000] {logging_mixin.py:190} INFO - [2026-08-04T07:52:05.877+0000] {dag.py:3211} INFO - Sync 1 DAGs
[2026-08-04T07:52:05.996+0000] {logging_mixin.py:190} INFO - [2026-08-04T07:52:05.995+0000] {dag.py:4138} INFO - Setting next_dagrun for dbt_pipeline to 2026-08-04 00:00:00+00:00, run_after=2026-08-05 00:00:00+00:00
[2026-08-04T07:52:06.077+0000] {processor.py:208} INFO - Processing /opt/airflow/dags/dbt_pipeline.py took 0.441 seconds
[2026-08-04T07:52:36.649+0000] {processor.py:186} INFO - Started process (PID=4900) to work on /opt/airflow/dags/dbt_pipeline.py
[2026-08-04T07:52:36.652+0000] {processor.py:914} INFO - Processing file /opt/airflow/dags/dbt_pipeline.py for tasks to queue
[2026-08-04T07:52:36.660+0000] {logging_mixin.py:190} INFO - [2026-08-04T07:52:36.659+0000] {dagbag.py:587} INFO - Filling up the DagBag from /opt/airflow/dags/dbt_pipeline.py
[2026-08-04T07:52:36.699+0000] {processor.py:925} INFO - DAG(s) 'dbt_pipeline' retrieved from /opt/airflow/dags/dbt_pipeline.py
[2026-08-04T07:52:36.786+0000] {logging_mixin.py:190} INFO - [2026-08-04T07:52:36.786+0000] {dag.py:3211} INFO - Sync 1 DAGs
[2026-08-04T07:52:36.869+0000] {logging_mixin.py:190} INFO - [2026-08-04T07:52:36.868+0000] {dag.py:4138} INFO - Setting next_dagrun for dbt_pipeline to 2026-08-04 00:00:00+00:00, run_after=2026-08-05 00:00:00+00:00
[2026-08-04T07:52:36.929+0000] {processor.py:208} INFO - Processing /opt/airflow/dags/dbt_pipeline.py took 0.298 seconds
[2026-08-04T07:53:07.527+0000] {processor.py:186} INFO - Started process (PID=4915) to work on /opt/airflow/dags/dbt_pipeline.py
[2026-08-04T07:53:07.533+0000] {processor.py:914} INFO - Processing file /opt/airflow/dags/dbt_pipeline.py for tasks to queue
[2026-08-04T07:53:07.544+0000] {logging_mixin.py:190} INFO - [2026-08-04T07:53:07.543+0000] {dagbag.py:587} INFO - Filling up the DagBag from /opt/airflow/dags/dbt_pipeline.py
[2026-08-04T07:53:07.611+0000] {processor.py:925} INFO - DAG(s) 'dbt_pipeline' retrieved from /opt/airflow/dags/dbt_pipeline.py
[2026-08-04T07:53:07.751+0000] {logging_mixin.py:190} INFO - [2026-08-04T07:53:07.750+0000] {dag.py:3211} INFO - Sync 1 DAGs
[2026-08-04T07:53:07.853+0000] {logging_mixin.py:190} INFO - [2026-08-04T07:53:07.852+0000] {dag.py:4138} INFO - Setting next_dagrun for dbt_pipeline to 2026-08-04 00:00:00+00:00, run_after=2026-08-05 00:00:00+00:00
[2026-08-04T07:53:08.364+0000] {processor.py:208} INFO - Processing /opt/airflow/dags/dbt_pipeline.py took 0.862 seconds
[2026-08-04T07:53:38.961+0000] {processor.py:186} INFO - Started process (PID=4933) to work on /opt/airflow/dags/dbt_pipeline.py
[2026-08-04T07:53:38.964+0000] {processor.py:914} INFO - Processing file /opt/airflow/dags/dbt_pipeline.py for tasks to queue
[2026-08-04T07:53:38.973+0000] {logging_mixin.py:190} INFO - [2026-08-04T07:53:38.972+0000] {dagbag.py:587} INFO - Filling up the DagBag from /opt/airflow/dags/dbt_pipeline.py
[2026-08-04T07:53:39.015+0000] {processor.py:925} INFO - DAG(s) 'dbt_pipeline' retrieved from /opt/airflow/dags/dbt_pipeline.py
[2026-08-04T07:53:39.098+0000] {logging_mixin.py:190} INFO - [2026-08-04T07:53:39.098+0000] {dag.py:3211} INFO - Sync 1 DAGs
[2026-08-04T07:53:39.534+0000] {logging_mixin.py:190} INFO - [2026-08-04T07:53:39.534+0000] {dag.py:4138} INFO - Setting next_dagrun for dbt_pipeline to 2026-08-04 00:00:00+00:00, run_after=2026-08-05 00:00:00+00:00
[2026-08-04T07:53:39.584+0000] {processor.py:208} INFO - Processing /opt/airflow/dags/dbt_pipeline.py took 0.642 seconds
[2026-08-04T07:54:09.800+0000] {processor.py:186} INFO - Started process (PID=4948) to work on /opt/airflow/dags/dbt_pipeline.py
[2026-08-04T07:54:09.803+0000] {processor.py:914} INFO - Processing file /opt/airflow/dags/dbt_pipeline.py for tasks to queue
[2026-08-04T07:54:09.811+0000] {logging_mixin.py:190} INFO - [2026-08-04T07:54:09.810+0000] {dagbag.py:587} INFO - Filling up the DagBag from /opt/airflow/dags/dbt_pipeline.py
[2026-08-04T07:54:09.856+0000] {processor.py:925} INFO - DAG(s) 'dbt_pipeline' retrieved from /opt/airflow/dags/dbt_pipeline.py
[2026-08-04T07:54:09.953+0000] {logging_mixin.py:190} INFO - [2026-08-04T07:54:09.953+0000] {dag.py:3211} INFO - Sync 1 DAGs
[2026-08-04T07:54:10.419+0000] {logging_mixin.py:190} INFO - [2026-08-04T07:54:10.418+0000] {dag.py:4138} INFO - Setting next_dagrun for dbt_pipeline to 2026-08-04 00:00:00+00:00, run_after=2026-08-05 00:00:00+00:00
[2026-08-04T07:54:10.475+0000] {processor.py:208} INFO - Processing /opt/airflow/dags/dbt_pipeline.py took 0.694 seconds
[2026-08-04T07:54:40.756+0000] {processor.py:186} INFO - Started process (PID=4963) to work on /opt/airflow/dags/dbt_pipeline.py
[2026-08-04T07:54:40.759+0000] {processor.py:914} INFO - Processing file /opt/airflow/dags/dbt_pipeline.py for tasks to queue
[2026-08-04T07:54:40.766+0000] {logging_mixin.py:190} INFO - [2026-08-04T07:54:40.765+0000] {dagbag.py:587} INFO - Filling up the DagBag from /opt/airflow/dags/dbt_pipeline.py
[2026-08-04T07:54:40.808+0000] {processor.py:925} INFO - DAG(s) 'dbt_pipeline' retrieved from /opt/airflow/dags/dbt_pipeline.py
[2026-08-04T07:54:41.238+0000] {logging_mixin.py:190} INFO - [2026-08-04T07:54:41.237+0000] {dag.py:3211} INFO - Sync 1 DAGs
[2026-08-04T07:54:41.299+0000] {logging_mixin.py:190} INFO - [2026-08-04T07:54:41.298+0000] {dag.py:4138} INFO - Setting next_dagrun for dbt_pipeline to 2026-08-04 00:00:00+00:00, run_after=2026-08-05 00:00:00+00:00
[2026-08-04T07:54:41.344+0000] {processor.py:208} INFO - Processing /opt/airflow/dags/dbt_pipeline.py took 0.607 seconds
[2026-08-04T07:55:11.527+0000] {processor.py:186} INFO - Started process (PID=4975) to work on /opt/airflow/dags/dbt_pipeline.py
[2026-08-04T07:55:11.530+0000] {processor.py:914} INFO - Processing file /opt/airflow/dags/dbt_pipeline.py for tasks to queue
[2026-08-04T07:55:11.536+0000] {logging_mixin.py:190} INFO - [2026-08-04T07:55:11.535+0000] {dagbag.py:587} INFO - Filling up the DagBag from /opt/airflow/dags/dbt_pipeline.py
[2026-08-04T07:55:11.570+0000] {processor.py:925} INFO - DAG(s) 'dbt_pipeline' retrieved from /opt/airflow/dags/dbt_pipeline.py
[2026-08-04T07:55:11.642+0000] {logging_mixin.py:190} INFO - [2026-08-04T07:55:11.642+0000] {dag.py:3211} INFO - Sync 1 DAGs
[2026-08-04T07:55:11.706+0000] {logging_mixin.py:190} INFO - [2026-08-04T07:55:11.705+0000] {dag.py:4138} INFO - Setting next_dagrun for dbt_pipeline to 2026-08-04 00:00:00+00:00, run_after=2026-08-05 00:00:00+00:00
[2026-08-04T07:55:11.752+0000] {processor.py:208} INFO - Processing /opt/airflow/dags/dbt_pipeline.py took 0.240 seconds
[2026-08-04T07:55:42.128+0000] {processor.py:186} INFO - Started process (PID=4990) to work on /opt/airflow/dags/dbt_pipeline.py
[2026-08-04T07:55:42.130+0000] {processor.py:914} INFO - Processing file /opt/airflow/dags/dbt_pipeline.py for tasks to queue
[2026-08-04T07:55:42.135+0000] {logging_mixin.py:190} INFO - [2026-08-04T07:55:42.134+0000] {dagbag.py:587} INFO - Filling up the DagBag from /opt/airflow/dags/dbt_pipeline.py
[2026-08-04T07:55:42.161+0000] {processor.py:925} INFO - DAG(s) 'dbt_pipeline' retrieved from /opt/airflow/dags/dbt_pipeline.py
[2026-08-04T07:55:42.222+0000] {logging_mixin.py:190} INFO - [2026-08-04T07:55:42.221+0000] {dag.py:3211} INFO - Sync 1 DAGs
[2026-08-04T07:55:42.269+0000] {logging_mixin.py:190} INFO - [2026-08-04T07:55:42.269+0000] {dag.py:4138} INFO - Setting next_dagrun for dbt_pipeline to 2026-08-04 00:00:00+00:00, run_after=2026-08-05 00:00:00+00:00
[2026-08-04T07:55:42.306+0000] {processor.py:208} INFO - Processing /opt/airflow/dags/dbt_pipeline.py took 0.189 seconds
[2026-08-04T07:56:12.640+0000] {processor.py:186} INFO - Started process (PID=5005) to work on /opt/airflow/dags/dbt_pipeline.py
[2026-08-04T07:56:12.641+0000] {processor.py:914} INFO - Processing file /opt/airflow/dags/dbt_pipeline.py for tasks to queue
[2026-08-04T07:56:12.646+0000] {logging_mixin.py:190} INFO - [2026-08-04T07:56:12.645+0000] {dagbag.py:587} INFO - Filling up the DagBag from /opt/airflow/dags/dbt_pipeline.py
[2026-08-04T07:56:12.668+0000] {processor.py:925} INFO - DAG(s) 'dbt_pipeline' retrieved from /opt/airflow/dags/dbt_pipeline.py
[2026-08-04T07:56:12.716+0000] {logging_mixin.py:190} INFO - [2026-08-04T07:56:12.715+0000] {dag.py:3211} INFO - Sync 1 DAGs
[2026-08-04T07:56:12.759+0000] {logging_mixin.py:190} INFO - [2026-08-04T07:56:12.758+0000] {dag.py:4138} INFO - Setting next_dagrun for dbt_pipeline to 2026-08-04 00:00:00+00:00, run_after=2026-08-05 00:00:00+00:00
[2026-08-04T07:56:13.001+0000] {processor.py:208} INFO - Processing /opt/airflow/dags/dbt_pipeline.py took 0.371 seconds
[2026-08-04T07:56:43.329+0000] {processor.py:186} INFO - Started process (PID=5020) to work on /opt/airflow/dags/dbt_pipeline.py
[2026-08-04T07:56:43.331+0000] {processor.py:914} INFO - Processing file /opt/airflow/dags/dbt_pipeline.py for tasks to queue
[2026-08-04T07:56:43.336+0000] {logging_mixin.py:190} INFO - [2026-08-04T07:56:43.335+0000] {dagbag.py:587} INFO - Filling up the DagBag from /opt/airflow/dags/dbt_pipeline.py
[2026-08-04T07:56:43.359+0000] {processor.py:925} INFO - DAG(s) 'dbt_pipeline' retrieved from /opt/airflow/dags/dbt_pipeline.py
[2026-08-04T07:56:43.407+0000] {logging_mixin.py:190} INFO - [2026-08-04T07:56:43.406+0000] {dag.py:3211} INFO - Sync 1 DAGs
[2026-08-04T07:56:43.684+0000] {logging_mixin.py:190} INFO - [2026-08-04T07:56:43.684+0000] {dag.py:4138} INFO - Setting next_dagrun for dbt_pipeline to 2026-08-04 00:00:00+00:00, run_after=2026-08-05 00:00:00+00:00
[2026-08-04T07:56:43.736+0000] {processor.py:208} INFO - Processing /opt/airflow/dags/dbt_pipeline.py took 0.418 seconds
[2026-08-04T07:57:14.078+0000] {processor.py:186} INFO - Started process (PID=5035) to work on /opt/airflow/dags/dbt_pipeline.py
[2026-08-04T07:57:14.080+0000] {processor.py:914} INFO - Processing file /opt/airflow/dags/dbt_pipeline.py for tasks to queue
[2026-08-04T07:57:14.083+0000] {logging_mixin.py:190} INFO - [2026-08-04T07:57:14.083+0000] {dagbag.py:587} INFO - Filling up the DagBag from /opt/airflow/dags/dbt_pipeline.py
[2026-08-04T07:57:14.105+0000] {processor.py:925} INFO - DAG(s) 'dbt_pipeline' retrieved from /opt/airflow/dags/dbt_pipeline.py
[2026-08-04T07:57:14.369+0000] {logging_mixin.py:190} INFO - [2026-08-04T07:57:14.369+0000] {dag.py:3211} INFO - Sync 1 DAGs
[2026-08-04T07:57:14.412+0000] {logging_mixin.py:190} INFO - [2026-08-04T07:57:14.412+0000] {dag.py:4138} INFO - Setting next_dagrun for dbt_pipeline to 2026-08-04 00:00:00+00:00, run_after=2026-08-05 00:00:00+00:00
[2026-08-04T07:57:14.441+0000] {processor.py:208} INFO - Processing /opt/airflow/dags/dbt_pipeline.py took 0.372 seconds
[2026-08-04T07:57:44.785+0000] {processor.py:186} INFO - Started process (PID=5050) to work on /opt/airflow/dags/dbt_pipeline.py
[2026-08-04T07:57:44.787+0000] {processor.py:914} INFO - Processing file /opt/airflow/dags/dbt_pipeline.py for tasks to queue
[2026-08-04T07:57:44.792+0000] {logging_mixin.py:190} INFO - [2026-08-04T07:57:44.791+0000] {dagbag.py:587} INFO - Filling up the DagBag from /opt/airflow/dags/dbt_pipeline.py
[2026-08-04T07:57:44.816+0000] {processor.py:925} INFO - DAG(s) 'dbt_pipeline' retrieved from /opt/airflow/dags/dbt_pipeline.py
[2026-08-04T07:57:44.871+0000] {logging_mixin.py:190} INFO - [2026-08-04T07:57:44.871+0000] {dag.py:3211} INFO - Sync 1 DAGs
[2026-08-04T07:57:44.919+0000] {logging_mixin.py:190} INFO - [2026-08-04T07:57:44.918+0000] {dag.py:4138} INFO - Setting next_dagrun for dbt_pipeline to 2026-08-04 00:00:00+00:00, run_after=2026-08-05 00:00:00+00:00
[2026-08-04T07:57:44.951+0000] {processor.py:208} INFO - Processing /opt/airflow/dags/dbt_pipeline.py took 0.178 seconds
[2026-08-04T08:15:19.231+0000] {processor.py:186} INFO - Started process (PID=5065) to work on /opt/airflow/dags/dbt_pipeline.py
[2026-08-04T08:15:19.237+0000] {processor.py:914} INFO - Processing file /opt/airflow/dags/dbt_pipeline.py for tasks to queue
[2026-08-04T08:15:19.264+0000] {logging_mixin.py:190} INFO - [2026-08-04T08:15:19.261+0000] {dagbag.py:587} INFO - Filling up the DagBag from /opt/airflow/dags/dbt_pipeline.py
[2026-08-04T08:15:19.444+0000] {processor.py:925} INFO - DAG(s) 'dbt_pipeline' retrieved from /opt/airflow/dags/dbt_pipeline.py
[2026-08-04T08:15:19.788+0000] {logging_mixin.py:190} INFO - [2026-08-04T08:15:19.785+0000] {dag.py:3211} INFO - Sync 1 DAGs
[2026-08-04T08:15:20.049+0000] {logging_mixin.py:190} INFO - [2026-08-04T08:15:20.046+0000] {dag.py:4138} INFO - Setting next_dagrun for dbt_pipeline to 2026-08-04 00:00:00+00:00, run_after=2026-08-05 00:00:00+00:00
[2026-08-04T08:15:20.221+0000] {processor.py:208} INFO - Processing /opt/airflow/dags/dbt_pipeline.py took 1.040 seconds
[2026-08-04T08:15:50.914+0000] {processor.py:186} INFO - Started process (PID=5080) to work on /opt/airflow/dags/dbt_pipeline.py
[2026-08-04T08:15:50.926+0000] {processor.py:914} INFO - Processing file /opt/airflow/dags/dbt_pipeline.py for tasks to queue
[2026-08-04T08:15:50.950+0000] {logging_mixin.py:190} INFO - [2026-08-04T08:15:50.948+0000] {dagbag.py:587} INFO - Filling up the DagBag from /opt/airflow/dags/dbt_pipeline.py
[2026-08-04T08:15:51.044+0000] {processor.py:925} INFO - DAG(s) 'dbt_pipeline' retrieved from /opt/airflow/dags/dbt_pipeline.py
[2026-08-04T08:15:51.276+0000] {logging_mixin.py:190} INFO - [2026-08-04T08:15:51.275+0000] {dag.py:3211} INFO - Sync 1 DAGs
[2026-08-04T08:15:51.463+0000] {logging_mixin.py:190} INFO - [2026-08-04T08:15:51.461+0000] {dag.py:4138} INFO - Setting next_dagrun for dbt_pipeline to 2026-08-04 00:00:00+00:00, run_after=2026-08-05 00:00:00+00:00
[2026-08-04T08:15:51.596+0000] {processor.py:208} INFO - Processing /opt/airflow/dags/dbt_pipeline.py took 0.747 seconds
[2026-08-04T08:16:21.843+0000] {processor.py:186} INFO - Started process (PID=5095) to work on /opt/airflow/dags/dbt_pipeline.py
[2026-08-04T08:16:21.849+0000] {processor.py:914} INFO - Processing file /opt/airflow/dags/dbt_pipeline.py for tasks to queue
[2026-08-04T08:16:21.867+0000] {logging_mixin.py:190} INFO - [2026-08-04T08:16:21.865+0000] {dagbag.py:587} INFO - Filling up the DagBag from /opt/airflow/dags/dbt_pipeline.py
[2026-08-04T08:16:21.963+0000] {processor.py:925} INFO - DAG(s) 'dbt_pipeline' retrieved from /opt/airflow/dags/dbt_pipeline.py
[2026-08-04T08:16:22.177+0000] {logging_mixin.py:190} INFO - [2026-08-04T08:16:22.176+0000] {dag.py:3211} INFO - Sync 1 DAGs
[2026-08-04T08:16:23.171+0000] {logging_mixin.py:190} INFO - [2026-08-04T08:16:23.169+0000] {dag.py:4138} INFO - Setting next_dagrun for dbt_pipeline to 2026-08-04 00:00:00+00:00, run_after=2026-08-05 00:00:00+00:00
[2026-08-04T08:16:23.298+0000] {processor.py:208} INFO - Processing /opt/airflow/dags/dbt_pipeline.py took 1.498 seconds
[2026-08-04T08:16:53.708+0000] {processor.py:186} INFO - Started process (PID=5110) to work on /opt/airflow/dags/dbt_pipeline.py
[2026-08-04T08:16:53.713+0000] {processor.py:914} INFO - Processing file /opt/airflow/dags/dbt_pipeline.py for tasks to queue
[2026-08-04T08:16:53.728+0000] {logging_mixin.py:190} INFO - [2026-08-04T08:16:53.726+0000] {dagbag.py:587} INFO - Filling up the DagBag from /opt/airflow/dags/dbt_pipeline.py
[2026-08-04T08:16:53.817+0000] {processor.py:925} INFO - DAG(s) 'dbt_pipeline' retrieved from /opt/airflow/dags/dbt_pipeline.py
[2026-08-04T08:16:54.042+0000] {logging_mixin.py:190} INFO - [2026-08-04T08:16:54.040+0000] {dag.py:3211} INFO - Sync 1 DAGs
[2026-08-04T08:16:54.850+0000] {logging_mixin.py:190} INFO - [2026-08-04T08:16:54.849+0000] {dag.py:4138} INFO - Setting next_dagrun for dbt_pipeline to 2026-08-04 00:00:00+00:00, run_after=2026-08-05 00:00:00+00:00
[2026-08-04T08:16:54.948+0000] {processor.py:208} INFO - Processing /opt/airflow/dags/dbt_pipeline.py took 1.281 seconds
[2026-08-04T08:17:25.298+0000] {processor.py:186} INFO - Started process (PID=5128) to work on /opt/airflow/dags/dbt_pipeline.py
[2026-08-04T08:17:25.305+0000] {processor.py:914} INFO - Processing file /opt/airflow/dags/dbt_pipeline.py for tasks to queue
[2026-08-04T08:17:25.322+0000] {logging_mixin.py:190} INFO - [2026-08-04T08:17:25.320+0000] {dagbag.py:587} INFO - Filling up the DagBag from /opt/airflow/dags/dbt_pipeline.py
[2026-08-04T08:17:25.418+0000] {processor.py:925} INFO - DAG(s) 'dbt_pipeline' retrieved from /opt/airflow/dags/dbt_pipeline.py
[2026-08-04T08:17:26.484+0000] {logging_mixin.py:190} INFO - [2026-08-04T08:17:26.482+0000] {dag.py:3211} INFO - Sync 1 DAGs
[2026-08-04T08:17:26.715+0000] {logging_mixin.py:190} INFO - [2026-08-04T08:17:26.712+0000] {dag.py:4138} INFO - Setting next_dagrun for dbt_pipeline to 2026-08-04 00:00:00+00:00, run_after=2026-08-05 00:00:00+00:00
[2026-08-04T08:17:26.858+0000] {processor.py:208} INFO - Processing /opt/airflow/dags/dbt_pipeline.py took 1.604 seconds
[2026-08-04T08:17:57.472+0000] {processor.py:186} INFO - Started process (PID=5145) to work on /opt/airflow/dags/dbt_pipeline.py
[2026-08-04T08:17:57.478+0000] {processor.py:914} INFO - Processing file /opt/airflow/dags/dbt_pipeline.py for tasks to queue
[2026-08-04T08:17:57.499+0000] {logging_mixin.py:190} INFO - [2026-08-04T08:17:57.496+0000] {dagbag.py:587} INFO - Filling up the DagBag from /opt/airflow/dags/dbt_pipeline.py
[2026-08-04T08:17:57.593+0000] {processor.py:925} INFO - DAG(s) 'dbt_pipeline' retrieved from /opt/airflow/dags/dbt_pipeline.py
[2026-08-04T08:17:57.801+0000] {logging_mixin.py:190} INFO - [2026-08-04T08:17:57.799+0000] {dag.py:3211} INFO - Sync 1 DAGs
[2026-08-04T08:17:58.005+0000] {logging_mixin.py:190} INFO - [2026-08-04T08:17:58.004+0000] {dag.py:4138} INFO - Setting next_dagrun for dbt_pipeline to 2026-08-04 00:00:00+00:00, run_after=2026-08-05 00:00:00+00:00
[2026-08-04T08:17:58.138+0000] {processor.py:208} INFO - Processing /opt/airflow/dags/dbt_pipeline.py took 0.707 seconds
[2026-08-04T08:18:28.897+0000] {processor.py:186} INFO - Started process (PID=5160) to work on /opt/airflow/dags/dbt_pipeline.py
[2026-08-04T08:18:28.900+0000] {processor.py:914} INFO - Processing file /opt/airflow/dags/dbt_pipeline.py for tasks to queue
[2026-08-04T08:18:28.911+0000] {logging_mixin.py:190} INFO - [2026-08-04T08:18:28.910+0000] {dagbag.py:587} INFO - Filling up the DagBag from /opt/airflow/dags/dbt_pipeline.py
[2026-08-04T08:18:28.961+0000] {processor.py:925} INFO - DAG(s) 'dbt_pipeline' retrieved from /opt/airflow/dags/dbt_pipeline.py
[2026-08-04T08:18:29.066+0000] {logging_mixin.py:190} INFO - [2026-08-04T08:18:29.065+0000] {dag.py:3211} INFO - Sync 1 DAGs
[2026-08-04T08:18:29.158+0000] {logging_mixin.py:190} INFO - [2026-08-04T08:18:29.158+0000] {dag.py:4138} INFO - Setting next_dagrun for dbt_pipeline to 2026-08-04 00:00:00+00:00, run_after=2026-08-05 00:00:00+00:00
[2026-08-04T08:18:29.223+0000] {processor.py:208} INFO - Processing /opt/airflow/dags/dbt_pipeline.py took 0.353 seconds
[2026-08-04T08:18:59.868+0000] {processor.py:186} INFO - Started process (PID=5175) to work on /opt/airflow/dags/dbt_pipeline.py
[2026-08-04T08:18:59.871+0000] {processor.py:914} INFO - Processing file /opt/airflow/dags/dbt_pipeline.py for tasks to queue
[2026-08-04T08:18:59.879+0000] {logging_mixin.py:190} INFO - [2026-08-04T08:18:59.878+0000] {dagbag.py:587} INFO - Filling up the DagBag from /opt/airflow/dags/dbt_pipeline.py
[2026-08-04T08:18:59.921+0000] {processor.py:925} INFO - DAG(s) 'dbt_pipeline' retrieved from /opt/airflow/dags/dbt_pipeline.py
[2026-08-04T08:19:00.017+0000] {logging_mixin.py:190} INFO - [2026-08-04T08:19:00.016+0000] {dag.py:3211} INFO - Sync 1 DAGs
[2026-08-04T08:19:00.100+0000] {logging_mixin.py:190} INFO - [2026-08-04T08:19:00.099+0000] {dag.py:4138} INFO - Setting next_dagrun for dbt_pipeline to 2026-08-04 00:00:00+00:00, run_after=2026-08-05 00:00:00+00:00
[2026-08-04T08:19:00.511+0000] {processor.py:208} INFO - Processing /opt/airflow/dags/dbt_pipeline.py took 0.664 seconds
[2026-08-04T08:19:30.865+0000] {processor.py:186} INFO - Started process (PID=5190) to work on /opt/airflow/dags/dbt_pipeline.py
[2026-08-04T08:19:30.868+0000] {processor.py:914} INFO - Processing file /opt/airflow/dags/dbt_pipeline.py for tasks to queue
[2026-08-04T08:19:30.876+0000] {logging_mixin.py:190} INFO - [2026-08-04T08:19:30.875+0000] {dagbag.py:587} INFO - Filling up the DagBag from /opt/airflow/dags/dbt_pipeline.py
[2026-08-04T08:19:30.914+0000] {processor.py:925} INFO - DAG(s) 'dbt_pipeline' retrieved from /opt/airflow/dags/dbt_pipeline.py
[2026-08-04T08:19:30.993+0000] {logging_mixin.py:190} INFO - [2026-08-04T08:19:30.993+0000] {dag.py:3211} INFO - Sync 1 DAGs
[2026-08-04T08:19:31.370+0000] {logging_mixin.py:190} INFO - [2026-08-04T08:19:31.369+0000] {dag.py:4138} INFO - Setting next_dagrun for dbt_pipeline to 2026-08-04 00:00:00+00:00, run_after=2026-08-05 00:00:00+00:00
[2026-08-04T08:19:31.417+0000] {processor.py:208} INFO - Processing /opt/airflow/dags/dbt_pipeline.py took 0.568 seconds
[2026-08-04T08:20:01.686+0000] {processor.py:186} INFO - Started process (PID=5205) to work on /opt/airflow/dags/dbt_pipeline.py
[2026-08-04T08:20:01.689+0000] {processor.py:914} INFO - Processing file /opt/airflow/dags/dbt_pipeline.py for tasks to queue
[2026-08-04T08:20:01.696+0000] {logging_mixin.py:190} INFO - [2026-08-04T08:20:01.695+0000] {dagbag.py:587} INFO - Filling up the DagBag from /opt/airflow/dags/dbt_pipeline.py
[2026-08-04T08:20:01.744+0000] {processor.py:925} INFO - DAG(s) 'dbt_pipeline' retrieved from /opt/airflow/dags/dbt_pipeline.py
[2026-08-04T08:20:02.159+0000] {logging_mixin.py:190} INFO - [2026-08-04T08:20:02.158+0000] {dag.py:3211} INFO - Sync 1 DAGs
[2026-08-04T08:20:02.237+0000] {logging_mixin.py:190} INFO - [2026-08-04T08:20:02.237+0000] {dag.py:4138} INFO - Setting next_dagrun for dbt_pipeline to 2026-08-04 00:00:00+00:00, run_after=2026-08-05 00:00:00+00:00
[2026-08-04T08:20:02.288+0000] {processor.py:208} INFO - Processing /opt/airflow/dags/dbt_pipeline.py took 0.626 seconds
[2026-08-04T08:20:32.601+0000] {processor.py:186} INFO - Started process (PID=5220) to work on /opt/airflow/dags/dbt_pipeline.py
[2026-08-04T08:20:32.605+0000] {processor.py:914} INFO - Processing file /opt/airflow/dags/dbt_pipeline.py for tasks to queue
[2026-08-04T08:20:32.614+0000] {logging_mixin.py:190} INFO - [2026-08-04T08:20:32.613+0000] {dagbag.py:587} INFO - Filling up the DagBag from /opt/airflow/dags/dbt_pipeline.py
[2026-08-04T08:20:32.660+0000] {processor.py:925} INFO - DAG(s) 'dbt_pipeline' retrieved from /opt/airflow/dags/dbt_pipeline.py
[2026-08-04T08:20:33.157+0000] {logging_mixin.py:190} INFO - [2026-08-04T08:20:33.156+0000] {dag.py:3211} INFO - Sync 1 DAGs
[2026-08-04T08:20:33.241+0000] {logging_mixin.py:190} INFO - [2026-08-04T08:20:33.241+0000] {dag.py:4138} INFO - Setting next_dagrun for dbt_pipeline to 2026-08-04 00:00:00+00:00, run_after=2026-08-05 00:00:00+00:00
[2026-08-04T08:20:33.304+0000] {processor.py:208} INFO - Processing /opt/airflow/dags/dbt_pipeline.py took 0.724 seconds
[2026-08-04T08:21:03.493+0000] {processor.py:186} INFO - Started process (PID=5235) to work on /opt/airflow/dags/dbt_pipeline.py
[2026-08-04T08:21:03.496+0000] {processor.py:914} INFO - Processing file /opt/airflow/dags/dbt_pipeline.py for tasks to queue
[2026-08-04T08:21:03.505+0000] {logging_mixin.py:190} INFO - [2026-08-04T08:21:03.504+0000] {dagbag.py:587} INFO - Filling up the DagBag from /opt/airflow/dags/dbt_pipeline.py
[2026-08-04T08:21:03.552+0000] {processor.py:925} INFO - DAG(s) 'dbt_pipeline' retrieved from /opt/airflow/dags/dbt_pipeline.py
[2026-08-04T08:21:03.641+0000] {logging_mixin.py:190} INFO - [2026-08-04T08:21:03.640+0000] {dag.py:3211} INFO - Sync 1 DAGs
[2026-08-04T08:21:03.714+0000] {logging_mixin.py:190} INFO - [2026-08-04T08:21:03.713+0000] {dag.py:4138} INFO - Setting next_dagrun for dbt_pipeline to 2026-08-04 00:00:00+00:00, run_after=2026-08-05 00:00:00+00:00
[2026-08-04T08:21:03.768+0000] {processor.py:208} INFO - Processing /opt/airflow/dags/dbt_pipeline.py took 0.296 seconds
[2026-08-04T08:21:34.258+0000] {processor.py:186} INFO - Started process (PID=5250) to work on /opt/airflow/dags/dbt_pipeline.py
[2026-08-04T08:21:34.260+0000] {processor.py:914} INFO - Processing file /opt/airflow/dags/dbt_pipeline.py for tasks to queue
[2026-08-04T08:21:34.268+0000] {logging_mixin.py:190} INFO - [2026-08-04T08:21:34.267+0000] {dagbag.py:587} INFO - Filling up the DagBag from /opt/airflow/dags/dbt_pipeline.py
[2026-08-04T08:21:34.305+0000] {processor.py:925} INFO - DAG(s) 'dbt_pipeline' retrieved from /opt/airflow/dags/dbt_pipeline.py
[2026-08-04T08:21:34.385+0000] {logging_mixin.py:190} INFO - [2026-08-04T08:21:34.384+0000] {dag.py:3211} INFO - Sync 1 DAGs
[2026-08-04T08:21:34.457+0000] {logging_mixin.py:190} INFO - [2026-08-04T08:21:34.456+0000] {dag.py:4138} INFO - Setting next_dagrun for dbt_pipeline to 2026-08-04 00:00:00+00:00, run_after=2026-08-05 00:00:00+00:00
[2026-08-04T08:21:34.507+0000] {processor.py:208} INFO - Processing /opt/airflow/dags/dbt_pipeline.py took 0.267 seconds
[2026-08-04T08:22:04.971+0000] {processor.py:186} INFO - Started process (PID=5265) to work on /opt/airflow/dags/dbt_pipeline.py
[2026-08-04T08:22:04.974+0000] {processor.py:914} INFO - Processing file /opt/airflow/dags/dbt_pipeline.py for tasks to queue
[2026-08-04T08:22:04.982+0000] {logging_mixin.py:190} INFO - [2026-08-04T08:22:04.982+0000] {dagbag.py:587} INFO - Filling up the DagBag from /opt/airflow/dags/dbt_pipeline.py
[2026-08-04T08:22:05.030+0000] {processor.py:925} INFO - DAG(s) 'dbt_pipeline' retrieved from /opt/airflow/dags/dbt_pipeline.py
[2026-08-04T08:22:05.131+0000] {logging_mixin.py:190} INFO - [2026-08-04T08:22:05.130+0000] {dag.py:3211} INFO - Sync 1 DAGs
[2026-08-04T08:22:05.610+0000] {logging_mixin.py:190} INFO - [2026-08-04T08:22:05.609+0000] {dag.py:4138} INFO - Setting next_dagrun for dbt_pipeline to 2026-08-04 00:00:00+00:00, run_after=2026-08-05 00:00:00+00:00
[2026-08-04T08:22:05.669+0000] {processor.py:208} INFO - Processing /opt/airflow/dags/dbt_pipeline.py took 0.722 seconds
[2026-08-04T08:22:36.167+0000] {processor.py:186} INFO - Started process (PID=5280) to work on /opt/airflow/dags/dbt_pipeline.py
[2026-08-04T08:22:36.170+0000] {processor.py:914} INFO - Processing file /opt/airflow/dags/dbt_pipeline.py for tasks to queue
[2026-08-04T08:22:36.177+0000] {logging_mixin.py:190} INFO - [2026-08-04T08:22:36.176+0000] {dagbag.py:587} INFO - Filling up the DagBag from /opt/airflow/dags/dbt_pipeline.py
[2026-08-04T08:22:36.215+0000] {processor.py:925} INFO - DAG(s) 'dbt_pipeline' retrieved from /opt/airflow/dags/dbt_pipeline.py
[2026-08-04T08:22:36.292+0000] {logging_mixin.py:190} INFO - [2026-08-04T08:22:36.292+0000] {dag.py:3211} INFO - Sync 1 DAGs
[2026-08-04T08:22:36.680+0000] {logging_mixin.py:190} INFO - [2026-08-04T08:22:36.679+0000] {dag.py:4138} INFO - Setting next_dagrun for dbt_pipeline to 2026-08-04 00:00:00+00:00, run_after=2026-08-05 00:00:00+00:00
[2026-08-04T08:22:36.724+0000] {processor.py:208} INFO - Processing /opt/airflow/dags/dbt_pipeline.py took 0.574 seconds
[2026-08-04T08:23:07.437+0000] {processor.py:186} INFO - Started process (PID=5295) to work on /opt/airflow/dags/dbt_pipeline.py
[2026-08-04T08:23:07.441+0000] {processor.py:914} INFO - Processing file /opt/airflow/dags/dbt_pipeline.py for tasks to queue
[2026-08-04T08:23:07.451+0000] {logging_mixin.py:190} INFO - [2026-08-04T08:23:07.449+0000] {dagbag.py:587} INFO - Filling up the DagBag from /opt/airflow/dags/dbt_pipeline.py
[2026-08-04T08:23:07.510+0000] {processor.py:925} INFO - DAG(s) 'dbt_pipeline' retrieved from /opt/airflow/dags/dbt_pipeline.py
[2026-08-04T08:23:08.051+0000] {logging_mixin.py:190} INFO - [2026-08-04T08:23:08.050+0000] {dag.py:3211} INFO - Sync 1 DAGs
[2026-08-04T08:23:08.139+0000] {logging_mixin.py:190} INFO - [2026-08-04T08:23:08.139+0000] {dag.py:4138} INFO - Setting next_dagrun for dbt_pipeline to 2026-08-04 00:00:00+00:00, run_after=2026-08-05 00:00:00+00:00
[2026-08-04T08:23:08.198+0000] {processor.py:208} INFO - Processing /opt/airflow/dags/dbt_pipeline.py took 0.785 seconds
[2026-08-04T08:23:38.799+0000] {processor.py:186} INFO - Started process (PID=5310) to work on /opt/airflow/dags/dbt_pipeline.py
[2026-08-04T08:23:38.800+0000] {processor.py:914} INFO - Processing file /opt/airflow/dags/dbt_pipeline.py for tasks to queue
[2026-08-04T08:23:38.804+0000] {logging_mixin.py:190} INFO - [2026-08-04T08:23:38.804+0000] {dagbag.py:587} INFO - Filling up the DagBag from /opt/airflow/dags/dbt_pipeline.py
[2026-08-04T08:23:39.051+0000] {processor.py:925} INFO - DAG(s) 'dbt_pipeline' retrieved from /opt/airflow/dags/dbt_pipeline.py
[2026-08-04T08:23:39.094+0000] {logging_mixin.py:190} INFO - [2026-08-04T08:23:39.094+0000] {dag.py:3211} INFO - Sync 1 DAGs
[2026-08-04T08:23:39.132+0000] {logging_mixin.py:190} INFO - [2026-08-04T08:23:39.132+0000] {dag.py:4138} INFO - Setting next_dagrun for dbt_pipeline to 2026-08-04 00:00:00+00:00, run_after=2026-08-05 00:00:00+00:00
[2026-08-04T08:23:39.162+0000] {processor.py:208} INFO - Processing /opt/airflow/dags/dbt_pipeline.py took 0.374 seconds
[2026-08-04T08:24:09.494+0000] {processor.py:186} INFO - Started process (PID=5325) to work on /opt/airflow/dags/dbt_pipeline.py
[2026-08-04T08:24:09.496+0000] {processor.py:914} INFO - Processing file /opt/airflow/dags/dbt_pipeline.py for tasks to queue
[2026-08-04T08:24:09.502+0000] {logging_mixin.py:190} INFO - [2026-08-04T08:24:09.501+0000] {dagbag.py:587} INFO - Filling up the DagBag from /opt/airflow/dags/dbt_pipeline.py
[2026-08-04T08:24:09.527+0000] {processor.py:925} INFO - DAG(s) 'dbt_pipeline' retrieved from /opt/airflow/dags/dbt_pipeline.py
[2026-08-04T08:24:09.577+0000] {logging_mixin.py:190} INFO - [2026-08-04T08:24:09.577+0000] {dag.py:3211} INFO - Sync 1 DAGs
[2026-08-04T08:24:09.616+0000] {logging_mixin.py:190} INFO - [2026-08-04T08:24:09.616+0000] {dag.py:4138} INFO - Setting next_dagrun for dbt_pipeline to 2026-08-04 00:00:00+00:00, run_after=2026-08-05 00:00:00+00:00
[2026-08-04T08:24:09.648+0000] {processor.py:208} INFO - Processing /opt/airflow/dags/dbt_pipeline.py took 0.167 seconds
[2026-08-04T08:24:40.306+0000] {processor.py:186} INFO - Started process (PID=5340) to work on /opt/airflow/dags/dbt_pipeline.py
[2026-08-04T08:24:40.310+0000] {processor.py:914} INFO - Processing file /opt/airflow/dags/dbt_pipeline.py for tasks to queue
[2026-08-04T08:24:40.320+0000] {logging_mixin.py:190} INFO - [2026-08-04T08:24:40.319+0000] {dagbag.py:587} INFO - Filling up the DagBag from /opt/airflow/dags/dbt_pipeline.py
[2026-08-04T08:24:40.371+0000] {processor.py:925} INFO - DAG(s) 'dbt_pipeline' retrieved from /opt/airflow/dags/dbt_pipeline.py
[2026-08-04T08:24:40.483+0000] {logging_mixin.py:190} INFO - [2026-08-04T08:24:40.482+0000] {dag.py:3211} INFO - Sync 1 DAGs
[2026-08-04T08:24:40.597+0000] {logging_mixin.py:190} INFO - [2026-08-04T08:24:40.596+0000] {dag.py:4138} INFO - Setting next_dagrun for dbt_pipeline to 2026-08-04 00:00:00+00:00, run_after=2026-08-05 00:00:00+00:00
[2026-08-04T08:24:40.676+0000] {processor.py:208} INFO - Processing /opt/airflow/dags/dbt_pipeline.py took 0.396 seconds
[2026-08-04T08:25:11.709+0000] {processor.py:186} INFO - Started process (PID=5355) to work on /opt/airflow/dags/dbt_pipeline.py
[2026-08-04T08:25:11.721+0000] {processor.py:914} INFO - Processing file /opt/airflow/dags/dbt_pipeline.py for tasks to queue
[2026-08-04T08:25:11.758+0000] {logging_mixin.py:190} INFO - [2026-08-04T08:25:11.752+0000] {dagbag.py:587} INFO - Filling up the DagBag from /opt/airflow/dags/dbt_pipeline.py
[2026-08-04T08:25:11.945+0000] {processor.py:925} INFO - DAG(s) 'dbt_pipeline' retrieved from /opt/airflow/dags/dbt_pipeline.py
[2026-08-04T08:25:12.155+0000] {logging_mixin.py:190} INFO - [2026-08-04T08:25:12.154+0000] {dag.py:3211} INFO - Sync 1 DAGs
[2026-08-04T08:25:12.389+0000] {logging_mixin.py:190} INFO - [2026-08-04T08:25:12.385+0000] {dag.py:4138} INFO - Setting next_dagrun for dbt_pipeline to 2026-08-04 00:00:00+00:00, run_after=2026-08-05 00:00:00+00:00
[2026-08-04T08:25:12.561+0000] {processor.py:208} INFO - Processing /opt/airflow/dags/dbt_pipeline.py took 0.960 seconds
[2026-08-04T09:25:47.175+0000] {processor.py:186} INFO - Started process (PID=5365) to work on /opt/airflow/dags/dbt_pipeline.py
[2026-08-04T09:25:47.245+0000] {processor.py:914} INFO - Processing file /opt/airflow/dags/dbt_pipeline.py for tasks to queue
[2026-08-04T09:25:47.276+0000] {logging_mixin.py:190} INFO - [2026-08-04T09:25:47.273+0000] {dagbag.py:587} INFO - Filling up the DagBag from /opt/airflow/dags/dbt_pipeline.py
[2026-08-04T09:25:47.414+0000] {processor.py:925} INFO - DAG(s) 'dbt_pipeline' retrieved from /opt/airflow/dags/dbt_pipeline.py
[2026-08-04T09:25:47.687+0000] {logging_mixin.py:190} INFO - [2026-08-04T09:25:47.685+0000] {dag.py:3211} INFO - Sync 1 DAGs
[2026-08-04T09:25:47.873+0000] {logging_mixin.py:190} INFO - [2026-08-04T09:25:47.871+0000] {dag.py:4138} INFO - Setting next_dagrun for dbt_pipeline to 2026-08-04 00:00:00+00:00, run_after=2026-08-05 00:00:00+00:00
[2026-08-04T09:25:48.069+0000] {processor.py:208} INFO - Processing /opt/airflow/dags/dbt_pipeline.py took 0.980 seconds
[2026-08-04T10:08:38.784+0000] {processor.py:186} INFO - Started process (PID=5380) to work on /opt/airflow/dags/dbt_pipeline.py
[2026-08-04T10:08:38.788+0000] {processor.py:914} INFO - Processing file /opt/airflow/dags/dbt_pipeline.py for tasks to queue
[2026-08-04T10:08:38.795+0000] {logging_mixin.py:190} INFO - [2026-08-04T10:08:38.794+0000] {dagbag.py:587} INFO - Filling up the DagBag from /opt/airflow/dags/dbt_pipeline.py
[2026-08-04T10:08:38.821+0000] {processor.py:925} INFO - DAG(s) 'dbt_pipeline' retrieved from /opt/airflow/dags/dbt_pipeline.py
[2026-08-04T10:08:38.878+0000] {logging_mixin.py:190} INFO - [2026-08-04T10:08:38.877+0000] {dag.py:3211} INFO - Sync 1 DAGs
[2026-08-04T10:08:38.924+0000] {logging_mixin.py:190} INFO - [2026-08-04T10:08:38.923+0000] {dag.py:4138} INFO - Setting next_dagrun for dbt_pipeline to 2026-08-04 00:00:00+00:00, run_after=2026-08-05 00:00:00+00:00
[2026-08-04T10:08:38.953+0000] {processor.py:208} INFO - Processing /opt/airflow/dags/dbt_pipeline.py took 0.184 seconds
[2026-08-04T10:09:09.334+0000] {processor.py:186} INFO - Started process (PID=5395) to work on /opt/airflow/dags/dbt_pipeline.py
[2026-08-04T10:09:09.335+0000] {processor.py:914} INFO - Processing file /opt/airflow/dags/dbt_pipeline.py for tasks to queue
[2026-08-04T10:09:09.369+0000] {logging_mixin.py:190} INFO - [2026-08-04T10:09:09.369+0000] {dagbag.py:587} INFO - Filling up the DagBag from /opt/airflow/dags/dbt_pipeline.py
[2026-08-04T10:09:09.391+0000] {processor.py:925} INFO - DAG(s) 'dbt_pipeline' retrieved from /opt/airflow/dags/dbt_pipeline.py
[2026-08-04T10:09:09.433+0000] {logging_mixin.py:190} INFO - [2026-08-04T10:09:09.433+0000] {dag.py:3211} INFO - Sync 1 DAGs
[2026-08-04T10:09:09.475+0000] {logging_mixin.py:190} INFO - [2026-08-04T10:09:09.474+0000] {dag.py:4138} INFO - Setting next_dagrun for dbt_pipeline to 2026-08-04 00:00:00+00:00, run_after=2026-08-05 00:00:00+00:00
[2026-08-04T10:09:09.504+0000] {processor.py:208} INFO - Processing /opt/airflow/dags/dbt_pipeline.py took 0.180 seconds
[2026-08-04T10:10:13.705+0000] {processor.py:186} INFO - Started process (PID=5410) to work on /opt/airflow/dags/dbt_pipeline.py
[2026-08-04T10:10:13.707+0000] {processor.py:914} INFO - Processing file /opt/airflow/dags/dbt_pipeline.py for tasks to queue
[2026-08-04T10:10:13.716+0000] {logging_mixin.py:190} INFO - [2026-08-04T10:10:13.715+0000] {dagbag.py:587} INFO - Filling up the DagBag from /opt/airflow/dags/dbt_pipeline.py
[2026-08-04T10:10:13.754+0000] {processor.py:925} INFO - DAG(s) 'dbt_pipeline' retrieved from /opt/airflow/dags/dbt_pipeline.py
[2026-08-04T10:10:13.841+0000] {logging_mixin.py:190} INFO - [2026-08-04T10:10:13.840+0000] {dag.py:3211} INFO - Sync 1 DAGs
[2026-08-04T10:10:13.908+0000] {logging_mixin.py:190} INFO - [2026-08-04T10:10:13.907+0000] {dag.py:4138} INFO - Setting next_dagrun for dbt_pipeline to 2026-08-04 00:00:00+00:00, run_after=2026-08-05 00:00:00+00:00
[2026-08-04T10:10:13.956+0000] {processor.py:208} INFO - Processing /opt/airflow/dags/dbt_pipeline.py took 0.268 seconds
[2026-08-04T10:40:12.157+0000] {processor.py:186} INFO - Started process (PID=5425) to work on /opt/airflow/dags/dbt_pipeline.py
[2026-08-04T10:40:12.163+0000] {processor.py:914} INFO - Processing file /opt/airflow/dags/dbt_pipeline.py for tasks to queue
[2026-08-04T10:40:12.179+0000] {logging_mixin.py:190} INFO - [2026-08-04T10:40:12.177+0000] {dagbag.py:587} INFO - Filling up the DagBag from /opt/airflow/dags/dbt_pipeline.py
[2026-08-04T10:40:12.293+0000] {processor.py:925} INFO - DAG(s) 'dbt_pipeline' retrieved from /opt/airflow/dags/dbt_pipeline.py
[2026-08-04T10:40:12.794+0000] {logging_mixin.py:190} INFO - [2026-08-04T10:40:12.791+0000] {dag.py:3211} INFO - Sync 1 DAGs
[2026-08-04T10:40:13.202+0000] {logging_mixin.py:190} INFO - [2026-08-04T10:40:13.199+0000] {dag.py:4138} INFO - Setting next_dagrun for dbt_pipeline to 2026-08-04 00:00:00+00:00, run_after=2026-08-05 00:00:00+00:00
[2026-08-04T10:40:13.580+0000] {processor.py:208} INFO - Processing /opt/airflow/dags/dbt_pipeline.py took 1.469 seconds
[2026-08-04T10:40:44.275+0000] {processor.py:186} INFO - Started process (PID=5445) to work on /opt/airflow/dags/dbt_pipeline.py
[2026-08-04T10:40:44.279+0000] {processor.py:914} INFO - Processing file /opt/airflow/dags/dbt_pipeline.py for tasks to queue
[2026-08-04T10:40:44.290+0000] {logging_mixin.py:190} INFO - [2026-08-04T10:40:44.289+0000] {dagbag.py:587} INFO - Filling up the DagBag from /opt/airflow/dags/dbt_pipeline.py
[2026-08-04T10:40:44.341+0000] {processor.py:925} INFO - DAG(s) 'dbt_pipeline' retrieved from /opt/airflow/dags/dbt_pipeline.py
[2026-08-04T10:40:44.451+0000] {logging_mixin.py:190} INFO - [2026-08-04T10:40:44.450+0000] {dag.py:3211} INFO - Sync 1 DAGs
[2026-08-04T10:40:44.548+0000] {logging_mixin.py:190} INFO - [2026-08-04T10:40:44.547+0000] {dag.py:4138} INFO - Setting next_dagrun for dbt_pipeline to 2026-08-04 00:00:00+00:00, run_after=2026-08-05 00:00:00+00:00
[2026-08-04T10:40:44.608+0000] {processor.py:208} INFO - Processing /opt/airflow/dags/dbt_pipeline.py took 0.359 seconds
[2026-08-04T10:41:14.854+0000] {processor.py:186} INFO - Started process (PID=5460) to work on /opt/airflow/dags/dbt_pipeline.py
[2026-08-04T10:41:14.856+0000] {processor.py:914} INFO - Processing file /opt/airflow/dags/dbt_pipeline.py for tasks to queue
[2026-08-04T10:41:14.864+0000] {logging_mixin.py:190} INFO - [2026-08-04T10:41:14.863+0000] {dagbag.py:587} INFO - Filling up the DagBag from /opt/airflow/dags/dbt_pipeline.py
[2026-08-04T10:41:14.898+0000] {processor.py:925} INFO - DAG(s) 'dbt_pipeline' retrieved from /opt/airflow/dags/dbt_pipeline.py
[2026-08-04T10:41:14.974+0000] {logging_mixin.py:190} INFO - [2026-08-04T10:41:14.974+0000] {dag.py:3211} INFO - Sync 1 DAGs
[2026-08-04T10:41:15.037+0000] {logging_mixin.py:190} INFO - [2026-08-04T10:41:15.036+0000] {dag.py:4138} INFO - Setting next_dagrun for dbt_pipeline to 2026-08-04 00:00:00+00:00, run_after=2026-08-05 00:00:00+00:00
[2026-08-04T10:41:15.080+0000] {processor.py:208} INFO - Processing /opt/airflow/dags/dbt_pipeline.py took 0.242 seconds
[2026-08-04T10:41:45.821+0000] {processor.py:186} INFO - Started process (PID=5470) to work on /opt/airflow/dags/dbt_pipeline.py
[2026-08-04T10:41:45.830+0000] {processor.py:914} INFO - Processing file /opt/airflow/dags/dbt_pipeline.py for tasks to queue
[2026-08-04T10:41:45.845+0000] {logging_mixin.py:190} INFO - [2026-08-04T10:41:45.843+0000] {dagbag.py:587} INFO - Filling up the DagBag from /opt/airflow/dags/dbt_pipeline.py
[2026-08-04T10:41:45.940+0000] {processor.py:925} INFO - DAG(s) 'dbt_pipeline' retrieved from /opt/airflow/dags/dbt_pipeline.py
[2026-08-04T10:41:46.146+0000] {logging_mixin.py:190} INFO - [2026-08-04T10:41:46.144+0000] {dag.py:3211} INFO - Sync 1 DAGs
[2026-08-04T10:41:46.356+0000] {logging_mixin.py:190} INFO - [2026-08-04T10:41:46.354+0000] {dag.py:4138} INFO - Setting next_dagrun for dbt_pipeline to 2026-08-04 00:00:00+00:00, run_after=2026-08-05 00:00:00+00:00
[2026-08-04T10:41:46.522+0000] {processor.py:208} INFO - Processing /opt/airflow/dags/dbt_pipeline.py took 0.755 seconds
[2026-08-04T10:42:17.187+0000] {processor.py:186} INFO - Started process (PID=5485) to work on /opt/airflow/dags/dbt_pipeline.py
[2026-08-04T10:42:17.191+0000] {processor.py:914} INFO - Processing file /opt/airflow/dags/dbt_pipeline.py for tasks to queue
[2026-08-04T10:42:17.202+0000] {logging_mixin.py:190} INFO - [2026-08-04T10:42:17.201+0000] {dagbag.py:587} INFO - Filling up the DagBag from /opt/airflow/dags/dbt_pipeline.py
[2026-08-04T10:42:17.263+0000] {processor.py:925} INFO - DAG(s) 'dbt_pipeline' retrieved from /opt/airflow/dags/dbt_pipeline.py
[2026-08-04T10:42:17.395+0000] {logging_mixin.py:190} INFO - [2026-08-04T10:42:17.394+0000] {dag.py:3211} INFO - Sync 1 DAGs
[2026-08-04T10:42:17.507+0000] {logging_mixin.py:190} INFO - [2026-08-04T10:42:17.506+0000] {dag.py:4138} INFO - Setting next_dagrun for dbt_pipeline to 2026-08-04 00:00:00+00:00, run_after=2026-08-05 00:00:00+00:00
[2026-08-04T10:42:17.587+0000] {processor.py:208} INFO - Processing /opt/airflow/dags/dbt_pipeline.py took 0.433 seconds
[2026-08-04T10:42:47.728+0000] {processor.py:186} INFO - Started process (PID=5500) to work on /opt/airflow/dags/dbt_pipeline.py
[2026-08-04T10:42:47.732+0000] {processor.py:914} INFO - Processing file /opt/airflow/dags/dbt_pipeline.py for tasks to queue
[2026-08-04T10:42:47.740+0000] {logging_mixin.py:190} INFO - [2026-08-04T10:42:47.739+0000] {dagbag.py:587} INFO - Filling up the DagBag from /opt/airflow/dags/dbt_pipeline.py
[2026-08-04T10:42:47.787+0000] {processor.py:925} INFO - DAG(s) 'dbt_pipeline' retrieved from /opt/airflow/dags/dbt_pipeline.py
[2026-08-04T10:42:47.888+0000] {logging_mixin.py:190} INFO - [2026-08-04T10:42:47.887+0000] {dag.py:3211} INFO - Sync 1 DAGs
[2026-08-04T10:42:47.973+0000] {logging_mixin.py:190} INFO - [2026-08-04T10:42:47.972+0000] {dag.py:4138} INFO - Setting next_dagrun for dbt_pipeline to 2026-08-04 00:00:00+00:00, run_after=2026-08-05 00:00:00+00:00
[2026-08-04T10:42:48.036+0000] {processor.py:208} INFO - Processing /opt/airflow/dags/dbt_pipeline.py took 0.331 seconds
[2026-08-04T10:43:18.752+0000] {processor.py:186} INFO - Started process (PID=5515) to work on /opt/airflow/dags/dbt_pipeline.py
[2026-08-04T10:43:18.755+0000] {processor.py:914} INFO - Processing file /opt/airflow/dags/dbt_pipeline.py for tasks to queue
[2026-08-04T10:43:18.763+0000] {logging_mixin.py:190} INFO - [2026-08-04T10:43:18.762+0000] {dagbag.py:587} INFO - Filling up the DagBag from /opt/airflow/dags/dbt_pipeline.py
[2026-08-04T10:43:18.806+0000] {processor.py:925} INFO - DAG(s) 'dbt_pipeline' retrieved from /opt/airflow/dags/dbt_pipeline.py
[2026-08-04T10:43:18.910+0000] {logging_mixin.py:190} INFO - [2026-08-04T10:43:18.910+0000] {dag.py:3211} INFO - Sync 1 DAGs
[2026-08-04T10:43:18.993+0000] {logging_mixin.py:190} INFO - [2026-08-04T10:43:18.992+0000] {dag.py:4138} INFO - Setting next_dagrun for dbt_pipeline to 2026-08-04 00:00:00+00:00, run_after=2026-08-05 00:00:00+00:00
[2026-08-04T10:43:19.047+0000] {processor.py:208} INFO - Processing /opt/airflow/dags/dbt_pipeline.py took 0.314 seconds
[2026-08-04T10:43:49.552+0000] {processor.py:186} INFO - Started process (PID=5530) to work on /opt/airflow/dags/dbt_pipeline.py
[2026-08-04T10:43:49.554+0000] {processor.py:914} INFO - Processing file /opt/airflow/dags/dbt_pipeline.py for tasks to queue
[2026-08-04T10:43:49.560+0000] {logging_mixin.py:190} INFO - [2026-08-04T10:43:49.560+0000] {dagbag.py:587} INFO - Filling up the DagBag from /opt/airflow/dags/dbt_pipeline.py
[2026-08-04T10:43:49.592+0000] {processor.py:925} INFO - DAG(s) 'dbt_pipeline' retrieved from /opt/airflow/dags/dbt_pipeline.py
[2026-08-04T10:43:49.660+0000] {logging_mixin.py:190} INFO - [2026-08-04T10:43:49.659+0000] {dag.py:3211} INFO - Sync 1 DAGs
[2026-08-04T10:43:49.717+0000] {logging_mixin.py:190} INFO - [2026-08-04T10:43:49.717+0000] {dag.py:4138} INFO - Setting next_dagrun for dbt_pipeline to 2026-08-04 00:00:00+00:00, run_after=2026-08-05 00:00:00+00:00
[2026-08-04T10:43:49.757+0000] {processor.py:208} INFO - Processing /opt/airflow/dags/dbt_pipeline.py took 0.220 seconds
[2026-08-04T10:44:20.450+0000] {processor.py:186} INFO - Started process (PID=5545) to work on /opt/airflow/dags/dbt_pipeline.py
[2026-08-04T10:44:20.457+0000] {processor.py:914} INFO - Processing file /opt/airflow/dags/dbt_pipeline.py for tasks to queue
[2026-08-04T10:44:20.480+0000] {logging_mixin.py:190} INFO - [2026-08-04T10:44:20.477+0000] {dagbag.py:587} INFO - Filling up the DagBag from /opt/airflow/dags/dbt_pipeline.py
[2026-08-04T10:44:20.575+0000] {processor.py:925} INFO - DAG(s) 'dbt_pipeline' retrieved from /opt/airflow/dags/dbt_pipeline.py
[2026-08-04T10:44:20.774+0000] {logging_mixin.py:190} INFO - [2026-08-04T10:44:20.773+0000] {dag.py:3211} INFO - Sync 1 DAGs
[2026-08-04T10:44:20.935+0000] {logging_mixin.py:190} INFO - [2026-08-04T10:44:20.934+0000] {dag.py:4138} INFO - Setting next_dagrun for dbt_pipeline to 2026-08-04 00:00:00+00:00, run_after=2026-08-05 00:00:00+00:00
[2026-08-04T10:44:21.060+0000] {processor.py:208} INFO - Processing /opt/airflow/dags/dbt_pipeline.py took 0.658 seconds
[2026-08-04T10:44:51.440+0000] {processor.py:186} INFO - Started process (PID=5560) to work on /opt/airflow/dags/dbt_pipeline.py
[2026-08-04T10:44:51.442+0000] {processor.py:914} INFO - Processing file /opt/airflow/dags/dbt_pipeline.py for tasks to queue
[2026-08-04T10:44:51.449+0000] {logging_mixin.py:190} INFO - [2026-08-04T10:44:51.448+0000] {dagbag.py:587} INFO - Filling up the DagBag from /opt/airflow/dags/dbt_pipeline.py
[2026-08-04T10:44:51.480+0000] {processor.py:925} INFO - DAG(s) 'dbt_pipeline' retrieved from /opt/airflow/dags/dbt_pipeline.py
[2026-08-04T10:44:51.544+0000] {logging_mixin.py:190} INFO - [2026-08-04T10:44:51.543+0000] {dag.py:3211} INFO - Sync 1 DAGs
[2026-08-04T10:44:51.597+0000] {logging_mixin.py:190} INFO - [2026-08-04T10:44:51.597+0000] {dag.py:4138} INFO - Setting next_dagrun for dbt_pipeline to 2026-08-04 00:00:00+00:00, run_after=2026-08-05 00:00:00+00:00
[2026-08-04T10:44:51.636+0000] {processor.py:208} INFO - Processing /opt/airflow/dags/dbt_pipeline.py took 0.210 seconds
[2026-08-04T10:45:22.005+0000] {processor.py:186} INFO - Started process (PID=5575) to work on /opt/airflow/dags/dbt_pipeline.py
[2026-08-04T10:45:22.007+0000] {processor.py:914} INFO - Processing file /opt/airflow/dags/dbt_pipeline.py for tasks to queue
[2026-08-04T10:45:22.011+0000] {logging_mixin.py:190} INFO - [2026-08-04T10:45:22.011+0000] {dagbag.py:587} INFO - Filling up the DagBag from /opt/airflow/dags/dbt_pipeline.py
[2026-08-04T10:45:22.035+0000] {processor.py:925} INFO - DAG(s) 'dbt_pipeline' retrieved from /opt/airflow/dags/dbt_pipeline.py
[2026-08-04T10:45:22.091+0000] {logging_mixin.py:190} INFO - [2026-08-04T10:45:22.091+0000] {dag.py:3211} INFO - Sync 1 DAGs
[2026-08-04T10:45:22.132+0000] {logging_mixin.py:190} INFO - [2026-08-04T10:45:22.132+0000] {dag.py:4138} INFO - Setting next_dagrun for dbt_pipeline to 2026-08-04 00:00:00+00:00, run_after=2026-08-05 00:00:00+00:00
[2026-08-04T10:45:22.161+0000] {processor.py:208} INFO - Processing /opt/airflow/dags/dbt_pipeline.py took 0.167 seconds
[2026-08-04T10:45:52.528+0000] {processor.py:186} INFO - Started process (PID=5590) to work on /opt/airflow/dags/dbt_pipeline.py
[2026-08-04T10:45:52.530+0000] {processor.py:914} INFO - Processing file /opt/airflow/dags/dbt_pipeline.py for tasks to queue
[2026-08-04T10:45:52.537+0000] {logging_mixin.py:190} INFO - [2026-08-04T10:45:52.536+0000] {dagbag.py:587} INFO - Filling up the DagBag from /opt/airflow/dags/dbt_pipeline.py
[2026-08-04T10:45:52.572+0000] {processor.py:925} INFO - DAG(s) 'dbt_pipeline' retrieved from /opt/airflow/dags/dbt_pipeline.py
[2026-08-04T10:45:52.645+0000] {logging_mixin.py:190} INFO - [2026-08-04T10:45:52.645+0000] {dag.py:3211} INFO - Sync 1 DAGs
[2026-08-04T10:45:52.712+0000] {logging_mixin.py:190} INFO - [2026-08-04T10:45:52.712+0000] {dag.py:4138} INFO - Setting next_dagrun for dbt_pipeline to 2026-08-04 00:00:00+00:00, run_after=2026-08-05 00:00:00+00:00
[2026-08-04T10:45:52.758+0000] {processor.py:208} INFO - Processing /opt/airflow/dags/dbt_pipeline.py took 0.247 seconds
[2026-08-04T10:46:23.174+0000] {processor.py:186} INFO - Started process (PID=5605) to work on /opt/airflow/dags/dbt_pipeline.py
[2026-08-04T10:46:23.176+0000] {processor.py:914} INFO - Processing file /opt/airflow/dags/dbt_pipeline.py for tasks to queue
[2026-08-04T10:46:23.181+0000] {logging_mixin.py:190} INFO - [2026-08-04T10:46:23.180+0000] {dagbag.py:587} INFO - Filling up the DagBag from /opt/airflow/dags/dbt_pipeline.py
[2026-08-04T10:46:23.206+0000] {processor.py:925} INFO - DAG(s) 'dbt_pipeline' retrieved from /opt/airflow/dags/dbt_pipeline.py
[2026-08-04T10:46:23.259+0000] {logging_mixin.py:190} INFO - [2026-08-04T10:46:23.258+0000] {dag.py:3211} INFO - Sync 1 DAGs
[2026-08-04T10:46:23.311+0000] {logging_mixin.py:190} INFO - [2026-08-04T10:46:23.311+0000] {dag.py:4138} INFO - Setting next_dagrun for dbt_pipeline to 2026-08-04 00:00:00+00:00, run_after=2026-08-05 00:00:00+00:00
[2026-08-04T10:46:23.351+0000] {processor.py:208} INFO - Processing /opt/airflow/dags/dbt_pipeline.py took 0.189 seconds
[2026-08-04T10:46:53.703+0000] {processor.py:186} INFO - Started process (PID=5620) to work on /opt/airflow/dags/dbt_pipeline.py
[2026-08-04T10:46:53.705+0000] {processor.py:914} INFO - Processing file /opt/airflow/dags/dbt_pipeline.py for tasks to queue
[2026-08-04T10:46:53.711+0000] {logging_mixin.py:190} INFO - [2026-08-04T10:46:53.710+0000] {dagbag.py:587} INFO - Filling up the DagBag from /opt/airflow/dags/dbt_pipeline.py
[2026-08-04T10:46:53.736+0000] {processor.py:925} INFO - DAG(s) 'dbt_pipeline' retrieved from /opt/airflow/dags/dbt_pipeline.py
[2026-08-04T10:46:53.791+0000] {logging_mixin.py:190} INFO - [2026-08-04T10:46:53.791+0000] {dag.py:3211} INFO - Sync 1 DAGs
[2026-08-04T10:46:53.840+0000] {logging_mixin.py:190} INFO - [2026-08-04T10:46:53.840+0000] {dag.py:4138} INFO - Setting next_dagrun for dbt_pipeline to 2026-08-04 00:00:00+00:00, run_after=2026-08-05 00:00:00+00:00
[2026-08-04T10:46:53.874+0000] {processor.py:208} INFO - Processing /opt/airflow/dags/dbt_pipeline.py took 0.182 seconds
[2026-08-04T10:47:24.233+0000] {processor.py:186} INFO - Started process (PID=5635) to work on /opt/airflow/dags/dbt_pipeline.py
[2026-08-04T10:47:24.235+0000] {processor.py:914} INFO - Processing file /opt/airflow/dags/dbt_pipeline.py for tasks to queue
[2026-08-04T10:47:24.240+0000] {logging_mixin.py:190} INFO - [2026-08-04T10:47:24.240+0000] {dagbag.py:587} INFO - Filling up the DagBag from /opt/airflow/dags/dbt_pipeline.py
[2026-08-04T10:47:24.264+0000] {processor.py:925} INFO - DAG(s) 'dbt_pipeline' retrieved from /opt/airflow/dags/dbt_pipeline.py
[2026-08-04T10:47:24.318+0000] {logging_mixin.py:190} INFO - [2026-08-04T10:47:24.317+0000] {dag.py:3211} INFO - Sync 1 DAGs
[2026-08-04T10:47:24.363+0000] {logging_mixin.py:190} INFO - [2026-08-04T10:47:24.362+0000] {dag.py:4138} INFO - Setting next_dagrun for dbt_pipeline to 2026-08-04 00:00:00+00:00, run_after=2026-08-05 00:00:00+00:00
[2026-08-04T10:47:24.393+0000] {processor.py:208} INFO - Processing /opt/airflow/dags/dbt_pipeline.py took 0.171 seconds
[2026-08-04T10:47:54.746+0000] {processor.py:186} INFO - Started process (PID=5650) to work on /opt/airflow/dags/dbt_pipeline.py
[2026-08-04T10:47:54.748+0000] {processor.py:914} INFO - Processing file /opt/airflow/dags/dbt_pipeline.py for tasks to queue
[2026-08-04T10:47:54.753+0000] {logging_mixin.py:190} INFO - [2026-08-04T10:47:54.752+0000] {dagbag.py:587} INFO - Filling up the DagBag from /opt/airflow/dags/dbt_pipeline.py
[2026-08-04T10:47:54.776+0000] {processor.py:925} INFO - DAG(s) 'dbt_pipeline' retrieved from /opt/airflow/dags/dbt_pipeline.py
[2026-08-04T10:47:54.823+0000] {logging_mixin.py:190} INFO - [2026-08-04T10:47:54.822+0000] {dag.py:3211} INFO - Sync 1 DAGs
[2026-08-04T10:47:54.863+0000] {logging_mixin.py:190} INFO - [2026-08-04T10:47:54.862+0000] {dag.py:4138} INFO - Setting next_dagrun for dbt_pipeline to 2026-08-04 00:00:00+00:00, run_after=2026-08-05 00:00:00+00:00
[2026-08-04T10:47:54.891+0000] {processor.py:208} INFO - Processing /opt/airflow/dags/dbt_pipeline.py took 0.155 seconds
[2026-08-04T10:48:25.236+0000] {processor.py:186} INFO - Started process (PID=5665) to work on /opt/airflow/dags/dbt_pipeline.py
[2026-08-04T10:48:25.238+0000] {processor.py:914} INFO - Processing file /opt/airflow/dags/dbt_pipeline.py for tasks to queue
[2026-08-04T10:48:25.242+0000] {logging_mixin.py:190} INFO - [2026-08-04T10:48:25.242+0000] {dagbag.py:587} INFO - Filling up the DagBag from /opt/airflow/dags/dbt_pipeline.py
[2026-08-04T10:48:25.264+0000] {processor.py:925} INFO - DAG(s) 'dbt_pipeline' retrieved from /opt/airflow/dags/dbt_pipeline.py
[2026-08-04T10:48:25.314+0000] {logging_mixin.py:190} INFO - [2026-08-04T10:48:25.314+0000] {dag.py:3211} INFO - Sync 1 DAGs
[2026-08-04T10:48:25.356+0000] {logging_mixin.py:190} INFO - [2026-08-04T10:48:25.356+0000] {dag.py:4138} INFO - Setting next_dagrun for dbt_pipeline to 2026-08-04 00:00:00+00:00, run_after=2026-08-05 00:00:00+00:00
[2026-08-04T10:48:25.387+0000] {processor.py:208} INFO - Processing /opt/airflow/dags/dbt_pipeline.py took 0.162 seconds
[2026-08-04T10:48:55.726+0000] {processor.py:186} INFO - Started process (PID=5680) to work on /opt/airflow/dags/dbt_pipeline.py
[2026-08-04T10:48:55.727+0000] {processor.py:914} INFO - Processing file /opt/airflow/dags/dbt_pipeline.py for tasks to queue
[2026-08-04T10:48:55.732+0000] {logging_mixin.py:190} INFO - [2026-08-04T10:48:55.731+0000] {dagbag.py:587} INFO - Filling up the DagBag from /opt/airflow/dags/dbt_pipeline.py
[2026-08-04T10:48:55.755+0000] {processor.py:925} INFO - DAG(s) 'dbt_pipeline' retrieved from /opt/airflow/dags/dbt_pipeline.py
[2026-08-04T10:48:55.804+0000] {logging_mixin.py:190} INFO - [2026-08-04T10:48:55.803+0000] {dag.py:3211} INFO - Sync 1 DAGs
[2026-08-04T10:48:55.847+0000] {logging_mixin.py:190} INFO - [2026-08-04T10:48:55.846+0000] {dag.py:4138} INFO - Setting next_dagrun for dbt_pipeline to 2026-08-04 00:00:00+00:00, run_after=2026-08-05 00:00:00+00:00
[2026-08-04T10:48:55.877+0000] {processor.py:208} INFO - Processing /opt/airflow/dags/dbt_pipeline.py took 0.161 seconds
[2026-08-04T10:49:26.235+0000] {processor.py:186} INFO - Started process (PID=5695) to work on /opt/airflow/dags/dbt_pipeline.py
[2026-08-04T10:49:26.237+0000] {processor.py:914} INFO - Processing file /opt/airflow/dags/dbt_pipeline.py for tasks to queue
[2026-08-04T10:49:26.241+0000] {logging_mixin.py:190} INFO - [2026-08-04T10:49:26.240+0000] {dagbag.py:587} INFO - Filling up the DagBag from /opt/airflow/dags/dbt_pipeline.py
[2026-08-04T10:49:26.269+0000] {processor.py:925} INFO - DAG(s) 'dbt_pipeline' retrieved from /opt/airflow/dags/dbt_pipeline.py
[2026-08-04T10:49:26.325+0000] {logging_mixin.py:190} INFO - [2026-08-04T10:49:26.325+0000] {dag.py:3211} INFO - Sync 1 DAGs
[2026-08-04T10:49:26.375+0000] {logging_mixin.py:190} INFO - [2026-08-04T10:49:26.375+0000] {dag.py:4138} INFO - Setting next_dagrun for dbt_pipeline to 2026-08-04 00:00:00+00:00, run_after=2026-08-05 00:00:00+00:00
[2026-08-04T10:49:26.408+0000] {processor.py:208} INFO - Processing /opt/airflow/dags/dbt_pipeline.py took 0.185 seconds
[2026-08-04T10:49:56.746+0000] {processor.py:186} INFO - Started process (PID=5710) to work on /opt/airflow/dags/dbt_pipeline.py
[2026-08-04T10:49:56.748+0000] {processor.py:914} INFO - Processing file /opt/airflow/dags/dbt_pipeline.py for tasks to queue
[2026-08-04T10:49:56.753+0000] {logging_mixin.py:190} INFO - [2026-08-04T10:49:56.752+0000] {dagbag.py:587} INFO - Filling up the DagBag from /opt/airflow/dags/dbt_pipeline.py
[2026-08-04T10:49:56.776+0000] {processor.py:925} INFO - DAG(s) 'dbt_pipeline' retrieved from /opt/airflow/dags/dbt_pipeline.py
[2026-08-04T10:49:56.834+0000] {logging_mixin.py:190} INFO - [2026-08-04T10:49:56.833+0000] {dag.py:3211} INFO - Sync 1 DAGs
[2026-08-04T10:49:56.878+0000] {logging_mixin.py:190} INFO - [2026-08-04T10:49:56.878+0000] {dag.py:4138} INFO - Setting next_dagrun for dbt_pipeline to 2026-08-04 00:00:00+00:00, run_after=2026-08-05 00:00:00+00:00
[2026-08-04T10:49:56.918+0000] {processor.py:208} INFO - Processing /opt/airflow/dags/dbt_pipeline.py took 0.183 seconds
[2026-08-04T11:20:35.651+0000] {processor.py:186} INFO - Started process (PID=5725) to work on /opt/airflow/dags/dbt_pipeline.py
[2026-08-04T11:20:35.657+0000] {processor.py:914} INFO - Processing file /opt/airflow/dags/dbt_pipeline.py for tasks to queue
[2026-08-04T11:20:35.673+0000] {logging_mixin.py:190} INFO - [2026-08-04T11:20:35.671+0000] {dagbag.py:587} INFO - Filling up the DagBag from /opt/airflow/dags/dbt_pipeline.py
[2026-08-04T11:20:35.782+0000] {processor.py:925} INFO - DAG(s) 'dbt_pipeline' retrieved from /opt/airflow/dags/dbt_pipeline.py
[2026-08-04T11:20:35.985+0000] {logging_mixin.py:190} INFO - [2026-08-04T11:20:35.984+0000] {dag.py:3211} INFO - Sync 1 DAGs
[2026-08-04T11:20:36.231+0000] {logging_mixin.py:190} INFO - [2026-08-04T11:20:36.229+0000] {dag.py:4138} INFO - Setting next_dagrun for dbt_pipeline to 2026-08-04 00:00:00+00:00, run_after=2026-08-05 00:00:00+00:00
[2026-08-04T11:20:36.408+0000] {processor.py:208} INFO - Processing /opt/airflow/dags/dbt_pipeline.py took 0.810 seconds
[2026-08-04T11:21:07.416+0000] {processor.py:186} INFO - Started process (PID=5745) to work on /opt/airflow/dags/dbt_pipeline.py
[2026-08-04T11:21:07.422+0000] {processor.py:914} INFO - Processing file /opt/airflow/dags/dbt_pipeline.py for tasks to queue
[2026-08-04T11:21:07.440+0000] {logging_mixin.py:190} INFO - [2026-08-04T11:21:07.437+0000] {dagbag.py:587} INFO - Filling up the DagBag from /opt/airflow/dags/dbt_pipeline.py
[2026-08-04T11:21:07.535+0000] {processor.py:925} INFO - DAG(s) 'dbt_pipeline' retrieved from /opt/airflow/dags/dbt_pipeline.py
[2026-08-04T11:21:07.736+0000] {logging_mixin.py:190} INFO - [2026-08-04T11:21:07.735+0000] {dag.py:3211} INFO - Sync 1 DAGs
[2026-08-04T11:21:08.119+0000] {logging_mixin.py:190} INFO - [2026-08-04T11:21:08.118+0000] {dag.py:4138} INFO - Setting next_dagrun for dbt_pipeline to 2026-08-04 00:00:00+00:00, run_after=2026-08-05 00:00:00+00:00
[2026-08-04T11:21:08.232+0000] {processor.py:208} INFO - Processing /opt/airflow/dags/dbt_pipeline.py took 0.866 seconds
[2026-08-04T11:21:38.444+0000] {processor.py:186} INFO - Started process (PID=5760) to work on /opt/airflow/dags/dbt_pipeline.py
[2026-08-04T11:21:38.449+0000] {processor.py:914} INFO - Processing file /opt/airflow/dags/dbt_pipeline.py for tasks to queue
[2026-08-04T11:21:38.463+0000] {logging_mixin.py:190} INFO - [2026-08-04T11:21:38.461+0000] {dagbag.py:587} INFO - Filling up the DagBag from /opt/airflow/dags/dbt_pipeline.py
[2026-08-04T11:21:38.547+0000] {processor.py:925} INFO - DAG(s) 'dbt_pipeline' retrieved from /opt/airflow/dags/dbt_pipeline.py
[2026-08-04T11:21:38.715+0000] {logging_mixin.py:190} INFO - [2026-08-04T11:21:38.714+0000] {dag.py:3211} INFO - Sync 1 DAGs
[2026-08-04T11:21:38.866+0000] {logging_mixin.py:190} INFO - [2026-08-04T11:21:38.865+0000] {dag.py:4138} INFO - Setting next_dagrun for dbt_pipeline to 2026-08-04 00:00:00+00:00, run_after=2026-08-05 00:00:00+00:00
[2026-08-04T11:21:38.962+0000] {processor.py:208} INFO - Processing /opt/airflow/dags/dbt_pipeline.py took 0.556 seconds
[2026-08-04T11:22:09.570+0000] {processor.py:186} INFO - Started process (PID=5775) to work on /opt/airflow/dags/dbt_pipeline.py
[2026-08-04T11:22:09.577+0000] {processor.py:914} INFO - Processing file /opt/airflow/dags/dbt_pipeline.py for tasks to queue
[2026-08-04T11:22:09.593+0000] {logging_mixin.py:190} INFO - [2026-08-04T11:22:09.591+0000] {dagbag.py:587} INFO - Filling up the DagBag from /opt/airflow/dags/dbt_pipeline.py
[2026-08-04T11:22:09.689+0000] {processor.py:925} INFO - DAG(s) 'dbt_pipeline' retrieved from /opt/airflow/dags/dbt_pipeline.py
[2026-08-04T11:22:09.902+0000] {logging_mixin.py:190} INFO - [2026-08-04T11:22:09.900+0000] {dag.py:3211} INFO - Sync 1 DAGs
[2026-08-04T11:22:10.071+0000] {logging_mixin.py:190} INFO - [2026-08-04T11:22:10.069+0000] {dag.py:4138} INFO - Setting next_dagrun for dbt_pipeline to 2026-08-04 00:00:00+00:00, run_after=2026-08-05 00:00:00+00:00
[2026-08-04T11:22:10.182+0000] {processor.py:208} INFO - Processing /opt/airflow/dags/dbt_pipeline.py took 0.658 seconds
[2026-08-04T11:22:40.837+0000] {processor.py:186} INFO - Started process (PID=5790) to work on /opt/airflow/dags/dbt_pipeline.py
[2026-08-04T11:22:40.843+0000] {processor.py:914} INFO - Processing file /opt/airflow/dags/dbt_pipeline.py for tasks to queue
[2026-08-04T11:22:40.871+0000] {logging_mixin.py:190} INFO - [2026-08-04T11:22:40.866+0000] {dagbag.py:587} INFO - Filling up the DagBag from /opt/airflow/dags/dbt_pipeline.py
[2026-08-04T11:22:40.967+0000] {processor.py:925} INFO - DAG(s) 'dbt_pipeline' retrieved from /opt/airflow/dags/dbt_pipeline.py
[2026-08-04T11:22:41.135+0000] {logging_mixin.py:190} INFO - [2026-08-04T11:22:41.134+0000] {dag.py:3211} INFO - Sync 1 DAGs
[2026-08-04T11:22:41.284+0000] {logging_mixin.py:190} INFO - [2026-08-04T11:22:41.283+0000] {dag.py:4138} INFO - Setting next_dagrun for dbt_pipeline to 2026-08-04 00:00:00+00:00, run_after=2026-08-05 00:00:00+00:00
[2026-08-04T11:22:41.381+0000] {processor.py:208} INFO - Processing /opt/airflow/dags/dbt_pipeline.py took 0.585 seconds
[2026-08-04T11:23:11.506+0000] {processor.py:186} INFO - Started process (PID=5805) to work on /opt/airflow/dags/dbt_pipeline.py
[2026-08-04T11:23:11.510+0000] {processor.py:914} INFO - Processing file /opt/airflow/dags/dbt_pipeline.py for tasks to queue
[2026-08-04T11:23:11.520+0000] {logging_mixin.py:190} INFO - [2026-08-04T11:23:11.519+0000] {dagbag.py:587} INFO - Filling up the DagBag from /opt/airflow/dags/dbt_pipeline.py
[2026-08-04T11:23:11.575+0000] {processor.py:925} INFO - DAG(s) 'dbt_pipeline' retrieved from /opt/airflow/dags/dbt_pipeline.py
[2026-08-04T11:23:11.694+0000] {logging_mixin.py:190} INFO - [2026-08-04T11:23:11.693+0000] {dag.py:3211} INFO - Sync 1 DAGs
[2026-08-04T11:23:11.793+0000] {logging_mixin.py:190} INFO - [2026-08-04T11:23:11.792+0000] {dag.py:4138} INFO - Setting next_dagrun for dbt_pipeline to 2026-08-04 00:00:00+00:00, run_after=2026-08-05 00:00:00+00:00
[2026-08-04T11:23:11.863+0000] {processor.py:208} INFO - Processing /opt/airflow/dags/dbt_pipeline.py took 0.382 seconds
[2026-08-04T11:23:42.364+0000] {processor.py:186} INFO - Started process (PID=5820) to work on /opt/airflow/dags/dbt_pipeline.py
[2026-08-04T11:23:42.367+0000] {processor.py:914} INFO - Processing file /opt/airflow/dags/dbt_pipeline.py for tasks to queue
[2026-08-04T11:23:42.377+0000] {logging_mixin.py:190} INFO - [2026-08-04T11:23:42.376+0000] {dagbag.py:587} INFO - Filling up the DagBag from /opt/airflow/dags/dbt_pipeline.py
[2026-08-04T11:23:42.415+0000] {processor.py:925} INFO - DAG(s) 'dbt_pipeline' retrieved from /opt/airflow/dags/dbt_pipeline.py
[2026-08-04T11:23:42.506+0000] {logging_mixin.py:190} INFO - [2026-08-04T11:23:42.505+0000] {dag.py:3211} INFO - Sync 1 DAGs
[2026-08-04T11:23:42.586+0000] {logging_mixin.py:190} INFO - [2026-08-04T11:23:42.586+0000] {dag.py:4138} INFO - Setting next_dagrun for dbt_pipeline to 2026-08-04 00:00:00+00:00, run_after=2026-08-05 00:00:00+00:00
[2026-08-04T11:23:42.639+0000] {processor.py:208} INFO - Processing /opt/airflow/dags/dbt_pipeline.py took 0.293 seconds
[2026-08-04T11:24:13.150+0000] {processor.py:186} INFO - Started process (PID=5835) to work on /opt/airflow/dags/dbt_pipeline.py
[2026-08-04T11:24:13.152+0000] {processor.py:914} INFO - Processing file /opt/airflow/dags/dbt_pipeline.py for tasks to queue
[2026-08-04T11:24:13.160+0000] {logging_mixin.py:190} INFO - [2026-08-04T11:24:13.160+0000] {dagbag.py:587} INFO - Filling up the DagBag from /opt/airflow/dags/dbt_pipeline.py
[2026-08-04T11:24:13.196+0000] {processor.py:925} INFO - DAG(s) 'dbt_pipeline' retrieved from /opt/airflow/dags/dbt_pipeline.py
[2026-08-04T11:24:13.276+0000] {logging_mixin.py:190} INFO - [2026-08-04T11:24:13.275+0000] {dag.py:3211} INFO - Sync 1 DAGs
[2026-08-04T11:24:13.342+0000] {logging_mixin.py:190} INFO - [2026-08-04T11:24:13.342+0000] {dag.py:4138} INFO - Setting next_dagrun for dbt_pipeline to 2026-08-04 00:00:00+00:00, run_after=2026-08-05 00:00:00+00:00
[2026-08-04T11:24:13.392+0000] {processor.py:208} INFO - Processing /opt/airflow/dags/dbt_pipeline.py took 0.260 seconds
[2026-08-04T11:24:44.237+0000] {processor.py:186} INFO - Started process (PID=5850) to work on /opt/airflow/dags/dbt_pipeline.py
[2026-08-04T11:24:44.240+0000] {processor.py:914} INFO - Processing file /opt/airflow/dags/dbt_pipeline.py for tasks to queue
[2026-08-04T11:24:44.248+0000] {logging_mixin.py:190} INFO - [2026-08-04T11:24:44.247+0000] {dagbag.py:587} INFO - Filling up the DagBag from /opt/airflow/dags/dbt_pipeline.py
[2026-08-04T11:24:44.292+0000] {processor.py:925} INFO - DAG(s) 'dbt_pipeline' retrieved from /opt/airflow/dags/dbt_pipeline.py
[2026-08-04T11:24:44.388+0000] {logging_mixin.py:190} INFO - [2026-08-04T11:24:44.387+0000] {dag.py:3211} INFO - Sync 1 DAGs
[2026-08-04T11:24:44.469+0000] {logging_mixin.py:190} INFO - [2026-08-04T11:24:44.468+0000] {dag.py:4138} INFO - Setting next_dagrun for dbt_pipeline to 2026-08-04 00:00:00+00:00, run_after=2026-08-05 00:00:00+00:00
[2026-08-04T11:24:44.532+0000] {processor.py:208} INFO - Processing /opt/airflow/dags/dbt_pipeline.py took 0.320 seconds
[2026-08-04T11:25:15.032+0000] {processor.py:186} INFO - Started process (PID=5865) to work on /opt/airflow/dags/dbt_pipeline.py
[2026-08-04T11:25:15.034+0000] {processor.py:914} INFO - Processing file /opt/airflow/dags/dbt_pipeline.py for tasks to queue
[2026-08-04T11:25:15.041+0000] {logging_mixin.py:190} INFO - [2026-08-04T11:25:15.040+0000] {dagbag.py:587} INFO - Filling up the DagBag from /opt/airflow/dags/dbt_pipeline.py
[2026-08-04T11:25:15.074+0000] {processor.py:925} INFO - DAG(s) 'dbt_pipeline' retrieved from /opt/airflow/dags/dbt_pipeline.py
[2026-08-04T11:25:15.146+0000] {logging_mixin.py:190} INFO - [2026-08-04T11:25:15.145+0000] {dag.py:3211} INFO - Sync 1 DAGs
[2026-08-04T11:25:15.207+0000] {logging_mixin.py:190} INFO - [2026-08-04T11:25:15.207+0000] {dag.py:4138} INFO - Setting next_dagrun for dbt_pipeline to 2026-08-04 00:00:00+00:00, run_after=2026-08-05 00:00:00+00:00
[2026-08-04T11:25:15.251+0000] {processor.py:208} INFO - Processing /opt/airflow/dags/dbt_pipeline.py took 0.236 seconds
[2026-08-04T11:25:45.983+0000] {processor.py:186} INFO - Started process (PID=5880) to work on /opt/airflow/dags/dbt_pipeline.py
[2026-08-04T11:25:45.987+0000] {processor.py:914} INFO - Processing file /opt/airflow/dags/dbt_pipeline.py for tasks to queue
[2026-08-04T11:25:45.995+0000] {logging_mixin.py:190} INFO - [2026-08-04T11:25:45.994+0000] {dagbag.py:587} INFO - Filling up the DagBag from /opt/airflow/dags/dbt_pipeline.py
[2026-08-04T11:25:46.044+0000] {processor.py:925} INFO - DAG(s) 'dbt_pipeline' retrieved from /opt/airflow/dags/dbt_pipeline.py
[2026-08-04T11:25:46.143+0000] {logging_mixin.py:190} INFO - [2026-08-04T11:25:46.142+0000] {dag.py:3211} INFO - Sync 1 DAGs
[2026-08-04T11:25:46.225+0000] {logging_mixin.py:190} INFO - [2026-08-04T11:25:46.225+0000] {dag.py:4138} INFO - Setting next_dagrun for dbt_pipeline to 2026-08-04 00:00:00+00:00, run_after=2026-08-05 00:00:00+00:00
[2026-08-04T11:25:46.284+0000] {processor.py:208} INFO - Processing /opt/airflow/dags/dbt_pipeline.py took 0.325 seconds
[2026-08-04T11:26:16.995+0000] {processor.py:186} INFO - Started process (PID=5895) to work on /opt/airflow/dags/dbt_pipeline.py
[2026-08-04T11:26:16.999+0000] {processor.py:914} INFO - Processing file /opt/airflow/dags/dbt_pipeline.py for tasks to queue
[2026-08-04T11:26:17.010+0000] {logging_mixin.py:190} INFO - [2026-08-04T11:26:17.009+0000] {dagbag.py:587} INFO - Filling up the DagBag from /opt/airflow/dags/dbt_pipeline.py
[2026-08-04T11:26:17.059+0000] {processor.py:925} INFO - DAG(s) 'dbt_pipeline' retrieved from /opt/airflow/dags/dbt_pipeline.py
[2026-08-04T11:26:17.168+0000] {logging_mixin.py:190} INFO - [2026-08-04T11:26:17.167+0000] {dag.py:3211} INFO - Sync 1 DAGs
[2026-08-04T11:26:17.257+0000] {logging_mixin.py:190} INFO - [2026-08-04T11:26:17.257+0000] {dag.py:4138} INFO - Setting next_dagrun for dbt_pipeline to 2026-08-04 00:00:00+00:00, run_after=2026-08-05 00:00:00+00:00
[2026-08-04T11:26:17.323+0000] {processor.py:208} INFO - Processing /opt/airflow/dags/dbt_pipeline.py took 0.351 seconds
[2026-08-04T11:26:48.110+0000] {processor.py:186} INFO - Started process (PID=5910) to work on /opt/airflow/dags/dbt_pipeline.py
[2026-08-04T11:26:48.113+0000] {processor.py:914} INFO - Processing file /opt/airflow/dags/dbt_pipeline.py for tasks to queue
[2026-08-04T11:26:48.120+0000] {logging_mixin.py:190} INFO - [2026-08-04T11:26:48.119+0000] {dagbag.py:587} INFO - Filling up the DagBag from /opt/airflow/dags/dbt_pipeline.py
[2026-08-04T11:26:48.158+0000] {processor.py:925} INFO - DAG(s) 'dbt_pipeline' retrieved from /opt/airflow/dags/dbt_pipeline.py
[2026-08-04T11:26:48.244+0000] {logging_mixin.py:190} INFO - [2026-08-04T11:26:48.243+0000] {dag.py:3211} INFO - Sync 1 DAGs
[2026-08-04T11:26:48.315+0000] {logging_mixin.py:190} INFO - [2026-08-04T11:26:48.314+0000] {dag.py:4138} INFO - Setting next_dagrun for dbt_pipeline to 2026-08-04 00:00:00+00:00, run_after=2026-08-05 00:00:00+00:00
[2026-08-04T11:26:48.367+0000] {processor.py:208} INFO - Processing /opt/airflow/dags/dbt_pipeline.py took 0.277 seconds
[2026-08-04T11:27:19.003+0000] {processor.py:186} INFO - Started process (PID=5925) to work on /opt/airflow/dags/dbt_pipeline.py
[2026-08-04T11:27:19.006+0000] {processor.py:914} INFO - Processing file /opt/airflow/dags/dbt_pipeline.py for tasks to queue
[2026-08-04T11:27:19.015+0000] {logging_mixin.py:190} INFO - [2026-08-04T11:27:19.014+0000] {dagbag.py:587} INFO - Filling up the DagBag from /opt/airflow/dags/dbt_pipeline.py
[2026-08-04T11:27:19.065+0000] {processor.py:925} INFO - DAG(s) 'dbt_pipeline' retrieved from /opt/airflow/dags/dbt_pipeline.py
[2026-08-04T11:27:19.174+0000] {logging_mixin.py:190} INFO - [2026-08-04T11:27:19.173+0000] {dag.py:3211} INFO - Sync 1 DAGs
[2026-08-04T11:27:19.268+0000] {logging_mixin.py:190} INFO - [2026-08-04T11:27:19.267+0000] {dag.py:4138} INFO - Setting next_dagrun for dbt_pipeline to 2026-08-04 00:00:00+00:00, run_after=2026-08-05 00:00:00+00:00
[2026-08-04T11:27:19.336+0000] {processor.py:208} INFO - Processing /opt/airflow/dags/dbt_pipeline.py took 0.358 seconds
[2026-08-04T11:27:49.881+0000] {processor.py:186} INFO - Started process (PID=5940) to work on /opt/airflow/dags/dbt_pipeline.py
[2026-08-04T11:27:49.884+0000] {processor.py:914} INFO - Processing file /opt/airflow/dags/dbt_pipeline.py for tasks to queue
[2026-08-04T11:27:49.892+0000] {logging_mixin.py:190} INFO - [2026-08-04T11:27:49.891+0000] {dagbag.py:587} INFO - Filling up the DagBag from /opt/airflow/dags/dbt_pipeline.py
[2026-08-04T11:27:49.932+0000] {processor.py:925} INFO - DAG(s) 'dbt_pipeline' retrieved from /opt/airflow/dags/dbt_pipeline.py
[2026-08-04T11:27:50.018+0000] {logging_mixin.py:190} INFO - [2026-08-04T11:27:50.017+0000] {dag.py:3211} INFO - Sync 1 DAGs
[2026-08-04T11:27:50.091+0000] {logging_mixin.py:190} INFO - [2026-08-04T11:27:50.091+0000] {dag.py:4138} INFO - Setting next_dagrun for dbt_pipeline to 2026-08-04 00:00:00+00:00, run_after=2026-08-05 00:00:00+00:00
[2026-08-04T11:27:50.143+0000] {processor.py:208} INFO - Processing /opt/airflow/dags/dbt_pipeline.py took 0.280 seconds
[2026-08-04T11:28:20.663+0000] {processor.py:186} INFO - Started process (PID=5955) to work on /opt/airflow/dags/dbt_pipeline.py
[2026-08-04T11:28:20.666+0000] {processor.py:914} INFO - Processing file /opt/airflow/dags/dbt_pipeline.py for tasks to queue
[2026-08-04T11:28:20.673+0000] {logging_mixin.py:190} INFO - [2026-08-04T11:28:20.672+0000] {dagbag.py:587} INFO - Filling up the DagBag from /opt/airflow/dags/dbt_pipeline.py
[2026-08-04T11:28:20.708+0000] {processor.py:925} INFO - DAG(s) 'dbt_pipeline' retrieved from /opt/airflow/dags/dbt_pipeline.py
[2026-08-04T11:28:20.803+0000] {logging_mixin.py:190} INFO - [2026-08-04T11:28:20.803+0000] {dag.py:3211} INFO - Sync 1 DAGs
[2026-08-04T11:28:20.871+0000] {logging_mixin.py:190} INFO - [2026-08-04T11:28:20.871+0000] {dag.py:4138} INFO - Setting next_dagrun for dbt_pipeline to 2026-08-04 00:00:00+00:00, run_after=2026-08-05 00:00:00+00:00
[2026-08-04T11:28:20.915+0000] {processor.py:208} INFO - Processing /opt/airflow/dags/dbt_pipeline.py took 0.270 seconds
[2026-08-04T11:28:51.670+0000] {processor.py:186} INFO - Started process (PID=5970) to work on /opt/airflow/dags/dbt_pipeline.py
[2026-08-04T11:28:51.673+0000] {processor.py:914} INFO - Processing file /opt/airflow/dags/dbt_pipeline.py for tasks to queue
[2026-08-04T11:28:51.680+0000] {logging_mixin.py:190} INFO - [2026-08-04T11:28:51.679+0000] {dagbag.py:587} INFO - Filling up the DagBag from /opt/airflow/dags/dbt_pipeline.py
[2026-08-04T11:28:51.719+0000] {processor.py:925} INFO - DAG(s) 'dbt_pipeline' retrieved from /opt/airflow/dags/dbt_pipeline.py
[2026-08-04T11:28:51.811+0000] {logging_mixin.py:190} INFO - [2026-08-04T11:28:51.810+0000] {dag.py:3211} INFO - Sync 1 DAGs
[2026-08-04T11:28:51.894+0000] {logging_mixin.py:190} INFO - [2026-08-04T11:28:51.893+0000] {dag.py:4138} INFO - Setting next_dagrun for dbt_pipeline to 2026-08-04 00:00:00+00:00, run_after=2026-08-05 00:00:00+00:00
[2026-08-04T11:28:51.953+0000] {processor.py:208} INFO - Processing /opt/airflow/dags/dbt_pipeline.py took 0.303 seconds
[2026-08-04T11:59:31.779+0000] {processor.py:186} INFO - Started process (PID=5980) to work on /opt/airflow/dags/dbt_pipeline.py
[2026-08-04T11:59:31.788+0000] {processor.py:914} INFO - Processing file /opt/airflow/dags/dbt_pipeline.py for tasks to queue
[2026-08-04T11:59:31.815+0000] {logging_mixin.py:190} INFO - [2026-08-04T11:59:31.813+0000] {dagbag.py:587} INFO - Filling up the DagBag from /opt/airflow/dags/dbt_pipeline.py
[2026-08-04T11:59:31.914+0000] {processor.py:925} INFO - DAG(s) 'dbt_pipeline' retrieved from /opt/airflow/dags/dbt_pipeline.py
[2026-08-04T11:59:32.174+0000] {logging_mixin.py:190} INFO - [2026-08-04T11:59:32.172+0000] {dag.py:3211} INFO - Sync 1 DAGs
[2026-08-04T11:59:32.467+0000] {logging_mixin.py:190} INFO - [2026-08-04T11:59:32.466+0000] {dag.py:4138} INFO - Setting next_dagrun for dbt_pipeline to 2026-08-04 00:00:00+00:00, run_after=2026-08-05 00:00:00+00:00
[2026-08-04T11:59:32.679+0000] {processor.py:208} INFO - Processing /opt/airflow/dags/dbt_pipeline.py took 0.960 seconds
[2026-08-04T13:00:28.643+0000] {processor.py:186} INFO - Started process (PID=5995) to work on /opt/airflow/dags/dbt_pipeline.py
[2026-08-04T13:00:28.652+0000] {processor.py:914} INFO - Processing file /opt/airflow/dags/dbt_pipeline.py for tasks to queue
[2026-08-04T13:00:28.674+0000] {logging_mixin.py:190} INFO - [2026-08-04T13:00:28.671+0000] {dagbag.py:587} INFO - Filling up the DagBag from /opt/airflow/dags/dbt_pipeline.py
[2026-08-04T13:00:28.866+0000] {processor.py:925} INFO - DAG(s) 'dbt_pipeline' retrieved from /opt/airflow/dags/dbt_pipeline.py
[2026-08-04T13:00:29.096+0000] {logging_mixin.py:190} INFO - [2026-08-04T13:00:29.095+0000] {dag.py:3211} INFO - Sync 1 DAGs
[2026-08-04T13:00:29.260+0000] {logging_mixin.py:190} INFO - [2026-08-04T13:00:29.258+0000] {dag.py:4138} INFO - Setting next_dagrun for dbt_pipeline to 2026-08-04 00:00:00+00:00, run_after=2026-08-05 00:00:00+00:00
[2026-08-04T13:00:29.466+0000] {processor.py:208} INFO - Processing /opt/airflow/dags/dbt_pipeline.py took 0.922 seconds
[2026-08-04T13:47:31.517+0000] {processor.py:186} INFO - Started process (PID=6010) to work on /opt/airflow/dags/dbt_pipeline.py
[2026-08-04T13:47:31.519+0000] {processor.py:914} INFO - Processing file /opt/airflow/dags/dbt_pipeline.py for tasks to queue
[2026-08-04T13:47:31.524+0000] {logging_mixin.py:190} INFO - [2026-08-04T13:47:31.524+0000] {dagbag.py:587} INFO - Filling up the DagBag from /opt/airflow/dags/dbt_pipeline.py
[2026-08-04T13:47:31.557+0000] {processor.py:925} INFO - DAG(s) 'dbt_pipeline' retrieved from /opt/airflow/dags/dbt_pipeline.py
[2026-08-04T13:47:31.628+0000] {logging_mixin.py:190} INFO - [2026-08-04T13:47:31.627+0000] {dag.py:3211} INFO - Sync 1 DAGs
[2026-08-04T13:47:31.675+0000] {logging_mixin.py:190} INFO - [2026-08-04T13:47:31.674+0000] {dag.py:4138} INFO - Setting next_dagrun for dbt_pipeline to 2026-08-04 00:00:00+00:00, run_after=2026-08-05 00:00:00+00:00
[2026-08-04T13:47:31.717+0000] {processor.py:208} INFO - Processing /opt/airflow/dags/dbt_pipeline.py took 0.220 seconds
[2026-08-04T13:48:02.077+0000] {processor.py:186} INFO - Started process (PID=6025) to work on /opt/airflow/dags/dbt_pipeline.py
[2026-08-04T13:48:02.079+0000] {processor.py:914} INFO - Processing file /opt/airflow/dags/dbt_pipeline.py for tasks to queue
[2026-08-04T13:48:02.084+0000] {logging_mixin.py:190} INFO - [2026-08-04T13:48:02.083+0000] {dagbag.py:587} INFO - Filling up the DagBag from /opt/airflow/dags/dbt_pipeline.py
[2026-08-04T13:48:02.121+0000] {processor.py:925} INFO - DAG(s) 'dbt_pipeline' retrieved from /opt/airflow/dags/dbt_pipeline.py
[2026-08-04T13:48:02.178+0000] {logging_mixin.py:190} INFO - [2026-08-04T13:48:02.177+0000] {dag.py:3211} INFO - Sync 1 DAGs
[2026-08-04T13:48:02.220+0000] {logging_mixin.py:190} INFO - [2026-08-04T13:48:02.219+0000] {dag.py:4138} INFO - Setting next_dagrun for dbt_pipeline to 2026-08-04 00:00:00+00:00, run_after=2026-08-05 00:00:00+00:00
[2026-08-04T13:48:02.251+0000] {processor.py:208} INFO - Processing /opt/airflow/dags/dbt_pipeline.py took 0.187 seconds
[2026-08-04T13:48:32.634+0000] {processor.py:186} INFO - Started process (PID=6040) to work on /opt/airflow/dags/dbt_pipeline.py
[2026-08-04T13:48:32.636+0000] {processor.py:914} INFO - Processing file /opt/airflow/dags/dbt_pipeline.py for tasks to queue
[2026-08-04T13:48:32.641+0000] {logging_mixin.py:190} INFO - [2026-08-04T13:48:32.641+0000] {dagbag.py:587} INFO - Filling up the DagBag from /opt/airflow/dags/dbt_pipeline.py
[2026-08-04T13:48:32.668+0000] {processor.py:925} INFO - DAG(s) 'dbt_pipeline' retrieved from /opt/airflow/dags/dbt_pipeline.py
[2026-08-04T13:48:32.720+0000] {logging_mixin.py:190} INFO - [2026-08-04T13:48:32.720+0000] {dag.py:3211} INFO - Sync 1 DAGs
[2026-08-04T13:48:32.762+0000] {logging_mixin.py:190} INFO - [2026-08-04T13:48:32.761+0000] {dag.py:4138} INFO - Setting next_dagrun for dbt_pipeline to 2026-08-04 00:00:00+00:00, run_after=2026-08-05 00:00:00+00:00
[2026-08-04T13:48:32.807+0000] {processor.py:208} INFO - Processing /opt/airflow/dags/dbt_pipeline.py took 0.192 seconds
