[2026-07-14T12:34:19.877+0000] {processor.py:186} INFO - Started process (PID=175) to work on /opt/airflow/dags/sanity_checks.py
[2026-07-14T12:34:19.879+0000] {processor.py:914} INFO - Processing file /opt/airflow/dags/sanity_checks.py for tasks to queue
[2026-07-14T12:34:19.885+0000] {logging_mixin.py:190} INFO - [2026-07-14T12:34:19.884+0000] {dagbag.py:587} INFO - Filling up the DagBag from /opt/airflow/dags/sanity_checks.py
[2026-07-14T12:34:19.912+0000] {processor.py:925} INFO - DAG(s) 'airflow_sanity_check' retrieved from /opt/airflow/dags/sanity_checks.py
[2026-07-14T12:34:19.978+0000] {logging_mixin.py:190} INFO - [2026-07-14T12:34:19.978+0000] {dag.py:3211} INFO - Sync 1 DAGs
[2026-07-14T12:34:20.036+0000] {logging_mixin.py:190} INFO - [2026-07-14T12:34:20.035+0000] {dag.py:4138} INFO - Setting next_dagrun for airflow_sanity_check to None, run_after=None
[2026-07-14T12:34:20.082+0000] {processor.py:208} INFO - Processing /opt/airflow/dags/sanity_checks.py took 0.219 seconds
[2026-07-14T12:34:50.419+0000] {processor.py:186} INFO - Started process (PID=201) to work on /opt/airflow/dags/sanity_checks.py
[2026-07-14T12:34:50.422+0000] {processor.py:914} INFO - Processing file /opt/airflow/dags/sanity_checks.py for tasks to queue
[2026-07-14T12:34:50.435+0000] {logging_mixin.py:190} INFO - [2026-07-14T12:34:50.435+0000] {dagbag.py:587} INFO - Filling up the DagBag from /opt/airflow/dags/sanity_checks.py
[2026-07-14T12:34:50.462+0000] {processor.py:925} INFO - DAG(s) 'airflow_sanity_check' retrieved from /opt/airflow/dags/sanity_checks.py
[2026-07-14T12:34:50.528+0000] {logging_mixin.py:190} INFO - [2026-07-14T12:34:50.527+0000] {dag.py:3211} INFO - Sync 1 DAGs
[2026-07-14T12:34:50.560+0000] {logging_mixin.py:190} INFO - [2026-07-14T12:34:50.560+0000] {dag.py:4138} INFO - Setting next_dagrun for airflow_sanity_check to None, run_after=None
[2026-07-14T12:34:50.593+0000] {processor.py:208} INFO - Processing /opt/airflow/dags/sanity_checks.py took 0.193 seconds
[2026-07-14T12:35:20.982+0000] {processor.py:186} INFO - Started process (PID=211) to work on /opt/airflow/dags/sanity_checks.py
[2026-07-14T12:35:20.984+0000] {processor.py:914} INFO - Processing file /opt/airflow/dags/sanity_checks.py for tasks to queue
[2026-07-14T12:35:20.990+0000] {logging_mixin.py:190} INFO - [2026-07-14T12:35:20.990+0000] {dagbag.py:587} INFO - Filling up the DagBag from /opt/airflow/dags/sanity_checks.py
[2026-07-14T12:35:21.025+0000] {processor.py:925} INFO - DAG(s) 'airflow_sanity_check' retrieved from /opt/airflow/dags/sanity_checks.py
[2026-07-14T12:35:21.092+0000] {logging_mixin.py:190} INFO - [2026-07-14T12:35:21.092+0000] {dag.py:3211} INFO - Sync 1 DAGs
[2026-07-14T12:35:21.145+0000] {logging_mixin.py:190} INFO - [2026-07-14T12:35:21.145+0000] {dag.py:4138} INFO - Setting next_dagrun for airflow_sanity_check to None, run_after=None
[2026-07-14T12:35:21.189+0000] {processor.py:208} INFO - Processing /opt/airflow/dags/sanity_checks.py took 0.225 seconds
[2026-07-14T12:35:51.577+0000] {processor.py:186} INFO - Started process (PID=221) to work on /opt/airflow/dags/sanity_checks.py
[2026-07-14T12:35:51.583+0000] {processor.py:914} INFO - Processing file /opt/airflow/dags/sanity_checks.py for tasks to queue
[2026-07-14T12:35:51.593+0000] {logging_mixin.py:190} INFO - [2026-07-14T12:35:51.591+0000] {dagbag.py:587} INFO - Filling up the DagBag from /opt/airflow/dags/sanity_checks.py
[2026-07-14T12:35:51.637+0000] {processor.py:925} INFO - DAG(s) 'airflow_sanity_check' retrieved from /opt/airflow/dags/sanity_checks.py
[2026-07-14T12:35:51.741+0000] {logging_mixin.py:190} INFO - [2026-07-14T12:35:51.740+0000] {dag.py:3211} INFO - Sync 1 DAGs
[2026-07-14T12:35:51.787+0000] {logging_mixin.py:190} INFO - [2026-07-14T12:35:51.787+0000] {dag.py:4138} INFO - Setting next_dagrun for airflow_sanity_check to None, run_after=None
[2026-07-14T12:35:51.830+0000] {processor.py:208} INFO - Processing /opt/airflow/dags/sanity_checks.py took 0.279 seconds
[2026-07-14T12:36:22.611+0000] {processor.py:186} INFO - Started process (PID=231) to work on /opt/airflow/dags/sanity_checks.py
[2026-07-14T12:36:22.613+0000] {processor.py:914} INFO - Processing file /opt/airflow/dags/sanity_checks.py for tasks to queue
[2026-07-14T12:36:22.617+0000] {logging_mixin.py:190} INFO - [2026-07-14T12:36:22.616+0000] {dagbag.py:587} INFO - Filling up the DagBag from /opt/airflow/dags/sanity_checks.py
[2026-07-14T12:36:22.632+0000] {processor.py:925} INFO - DAG(s) 'airflow_sanity_check' retrieved from /opt/airflow/dags/sanity_checks.py
[2026-07-14T12:36:22.678+0000] {logging_mixin.py:190} INFO - [2026-07-14T12:36:22.678+0000] {dag.py:3211} INFO - Sync 1 DAGs
[2026-07-14T12:36:22.716+0000] {logging_mixin.py:190} INFO - [2026-07-14T12:36:22.715+0000] {dag.py:4138} INFO - Setting next_dagrun for airflow_sanity_check to None, run_after=None
[2026-07-14T12:36:22.751+0000] {processor.py:208} INFO - Processing /opt/airflow/dags/sanity_checks.py took 0.150 seconds
[2026-07-14T12:36:53.109+0000] {processor.py:186} INFO - Started process (PID=241) to work on /opt/airflow/dags/sanity_checks.py
[2026-07-14T12:36:53.110+0000] {processor.py:914} INFO - Processing file /opt/airflow/dags/sanity_checks.py for tasks to queue
[2026-07-14T12:36:53.114+0000] {logging_mixin.py:190} INFO - [2026-07-14T12:36:53.113+0000] {dagbag.py:587} INFO - Filling up the DagBag from /opt/airflow/dags/sanity_checks.py
[2026-07-14T12:36:53.131+0000] {processor.py:925} INFO - DAG(s) 'airflow_sanity_check' retrieved from /opt/airflow/dags/sanity_checks.py
[2026-07-14T12:36:53.174+0000] {logging_mixin.py:190} INFO - [2026-07-14T12:36:53.174+0000] {dag.py:3211} INFO - Sync 1 DAGs
[2026-07-14T12:36:53.198+0000] {logging_mixin.py:190} INFO - [2026-07-14T12:36:53.198+0000] {dag.py:4138} INFO - Setting next_dagrun for airflow_sanity_check to None, run_after=None
[2026-07-14T12:36:53.228+0000] {processor.py:208} INFO - Processing /opt/airflow/dags/sanity_checks.py took 0.127 seconds
[2026-07-14T12:37:23.584+0000] {processor.py:186} INFO - Started process (PID=301) to work on /opt/airflow/dags/sanity_checks.py
[2026-07-14T12:37:23.585+0000] {processor.py:914} INFO - Processing file /opt/airflow/dags/sanity_checks.py for tasks to queue
[2026-07-14T12:37:23.589+0000] {logging_mixin.py:190} INFO - [2026-07-14T12:37:23.588+0000] {dagbag.py:587} INFO - Filling up the DagBag from /opt/airflow/dags/sanity_checks.py
[2026-07-14T12:37:23.612+0000] {processor.py:925} INFO - DAG(s) 'airflow_sanity_check' retrieved from /opt/airflow/dags/sanity_checks.py
[2026-07-14T12:37:23.941+0000] {logging_mixin.py:190} INFO - [2026-07-14T12:37:23.941+0000] {dag.py:3211} INFO - Sync 1 DAGs
[2026-07-14T12:37:24.147+0000] {logging_mixin.py:190} INFO - [2026-07-14T12:37:24.145+0000] {dag.py:4138} INFO - Setting next_dagrun for airflow_sanity_check to None, run_after=None
[2026-07-14T12:37:24.222+0000] {processor.py:208} INFO - Processing /opt/airflow/dags/sanity_checks.py took 0.651 seconds
[2026-07-14T12:37:55.133+0000] {processor.py:186} INFO - Started process (PID=311) to work on /opt/airflow/dags/sanity_checks.py
[2026-07-14T12:37:55.170+0000] {processor.py:914} INFO - Processing file /opt/airflow/dags/sanity_checks.py for tasks to queue
[2026-07-14T12:37:55.206+0000] {logging_mixin.py:190} INFO - [2026-07-14T12:37:55.184+0000] {dagbag.py:587} INFO - Filling up the DagBag from /opt/airflow/dags/sanity_checks.py
[2026-07-14T12:37:55.336+0000] {processor.py:925} INFO - DAG(s) 'airflow_sanity_check' retrieved from /opt/airflow/dags/sanity_checks.py
[2026-07-14T12:37:55.814+0000] {logging_mixin.py:190} INFO - [2026-07-14T12:37:55.813+0000] {dag.py:3211} INFO - Sync 1 DAGs
[2026-07-14T12:37:56.070+0000] {logging_mixin.py:190} INFO - [2026-07-14T12:37:56.069+0000] {dag.py:4138} INFO - Setting next_dagrun for airflow_sanity_check to None, run_after=None
[2026-07-14T12:37:56.448+0000] {processor.py:208} INFO - Processing /opt/airflow/dags/sanity_checks.py took 1.369 seconds
[2026-07-14T12:38:27.462+0000] {processor.py:186} INFO - Started process (PID=321) to work on /opt/airflow/dags/sanity_checks.py
[2026-07-14T12:38:27.466+0000] {processor.py:914} INFO - Processing file /opt/airflow/dags/sanity_checks.py for tasks to queue
[2026-07-14T12:38:27.485+0000] {logging_mixin.py:190} INFO - [2026-07-14T12:38:27.484+0000] {dagbag.py:587} INFO - Filling up the DagBag from /opt/airflow/dags/sanity_checks.py
[2026-07-14T12:38:27.608+0000] {processor.py:925} INFO - DAG(s) 'airflow_sanity_check' retrieved from /opt/airflow/dags/sanity_checks.py
[2026-07-14T12:38:27.880+0000] {logging_mixin.py:190} INFO - [2026-07-14T12:38:27.879+0000] {dag.py:3211} INFO - Sync 1 DAGs
[2026-07-14T12:38:27.917+0000] {logging_mixin.py:190} INFO - [2026-07-14T12:38:27.917+0000] {dag.py:4138} INFO - Setting next_dagrun for airflow_sanity_check to None, run_after=None
[2026-07-14T12:38:27.952+0000] {processor.py:208} INFO - Processing /opt/airflow/dags/sanity_checks.py took 0.510 seconds
[2026-07-14T12:38:59.309+0000] {processor.py:186} INFO - Started process (PID=331) to work on /opt/airflow/dags/sanity_checks.py
[2026-07-14T12:38:59.317+0000] {processor.py:914} INFO - Processing file /opt/airflow/dags/sanity_checks.py for tasks to queue
[2026-07-14T12:38:59.328+0000] {logging_mixin.py:190} INFO - [2026-07-14T12:38:59.327+0000] {dagbag.py:587} INFO - Filling up the DagBag from /opt/airflow/dags/sanity_checks.py
[2026-07-14T12:38:59.392+0000] {processor.py:925} INFO - DAG(s) 'airflow_sanity_check' retrieved from /opt/airflow/dags/sanity_checks.py
[2026-07-14T12:38:59.750+0000] {logging_mixin.py:190} INFO - [2026-07-14T12:38:59.749+0000] {dag.py:3211} INFO - Sync 1 DAGs
[2026-07-14T12:38:59.854+0000] {logging_mixin.py:190} INFO - [2026-07-14T12:38:59.853+0000] {dag.py:4138} INFO - Setting next_dagrun for airflow_sanity_check to None, run_after=None
[2026-07-14T12:39:00.082+0000] {processor.py:208} INFO - Processing /opt/airflow/dags/sanity_checks.py took 0.886 seconds
[2026-07-14T12:39:30.766+0000] {processor.py:186} INFO - Started process (PID=341) to work on /opt/airflow/dags/sanity_checks.py
[2026-07-14T12:39:30.772+0000] {processor.py:914} INFO - Processing file /opt/airflow/dags/sanity_checks.py for tasks to queue
[2026-07-14T12:39:30.785+0000] {logging_mixin.py:190} INFO - [2026-07-14T12:39:30.784+0000] {dagbag.py:587} INFO - Filling up the DagBag from /opt/airflow/dags/sanity_checks.py
[2026-07-14T12:39:30.869+0000] {processor.py:925} INFO - DAG(s) 'airflow_sanity_check' retrieved from /opt/airflow/dags/sanity_checks.py
[2026-07-14T12:39:31.206+0000] {logging_mixin.py:190} INFO - [2026-07-14T12:39:31.205+0000] {dag.py:3211} INFO - Sync 1 DAGs
[2026-07-14T12:39:31.386+0000] {logging_mixin.py:190} INFO - [2026-07-14T12:39:31.385+0000] {dag.py:4138} INFO - Setting next_dagrun for airflow_sanity_check to None, run_after=None
[2026-07-14T12:39:31.602+0000] {processor.py:208} INFO - Processing /opt/airflow/dags/sanity_checks.py took 0.863 seconds
[2026-07-14T12:40:02.903+0000] {processor.py:186} INFO - Started process (PID=351) to work on /opt/airflow/dags/sanity_checks.py
[2026-07-14T12:40:02.935+0000] {processor.py:914} INFO - Processing file /opt/airflow/dags/sanity_checks.py for tasks to queue
[2026-07-14T12:40:02.947+0000] {logging_mixin.py:190} INFO - [2026-07-14T12:40:02.946+0000] {dagbag.py:587} INFO - Filling up the DagBag from /opt/airflow/dags/sanity_checks.py
[2026-07-14T12:40:03.075+0000] {processor.py:925} INFO - DAG(s) 'airflow_sanity_check' retrieved from /opt/airflow/dags/sanity_checks.py
[2026-07-14T12:40:03.485+0000] {logging_mixin.py:190} INFO - [2026-07-14T12:40:03.471+0000] {dag.py:3211} INFO - Sync 1 DAGs
[2026-07-14T12:40:03.642+0000] {logging_mixin.py:190} INFO - [2026-07-14T12:40:03.642+0000] {dag.py:4138} INFO - Setting next_dagrun for airflow_sanity_check to None, run_after=None
[2026-07-14T12:40:03.865+0000] {processor.py:208} INFO - Processing /opt/airflow/dags/sanity_checks.py took 1.015 seconds
[2026-07-14T12:40:34.225+0000] {processor.py:186} INFO - Started process (PID=361) to work on /opt/airflow/dags/sanity_checks.py
[2026-07-14T12:40:34.241+0000] {processor.py:914} INFO - Processing file /opt/airflow/dags/sanity_checks.py for tasks to queue
[2026-07-14T12:40:34.257+0000] {logging_mixin.py:190} INFO - [2026-07-14T12:40:34.256+0000] {dagbag.py:587} INFO - Filling up the DagBag from /opt/airflow/dags/sanity_checks.py
[2026-07-14T12:40:34.290+0000] {processor.py:925} INFO - DAG(s) 'airflow_sanity_check' retrieved from /opt/airflow/dags/sanity_checks.py
[2026-07-14T12:40:34.399+0000] {logging_mixin.py:190} INFO - [2026-07-14T12:40:34.398+0000] {dag.py:3211} INFO - Sync 1 DAGs
[2026-07-14T12:40:34.430+0000] {logging_mixin.py:190} INFO - [2026-07-14T12:40:34.429+0000] {dag.py:4138} INFO - Setting next_dagrun for airflow_sanity_check to None, run_after=None
[2026-07-14T12:40:34.486+0000] {processor.py:208} INFO - Processing /opt/airflow/dags/sanity_checks.py took 0.284 seconds
[2026-07-14T12:41:05.008+0000] {processor.py:186} INFO - Started process (PID=371) to work on /opt/airflow/dags/sanity_checks.py
[2026-07-14T12:41:05.011+0000] {processor.py:914} INFO - Processing file /opt/airflow/dags/sanity_checks.py for tasks to queue
[2026-07-14T12:41:05.016+0000] {logging_mixin.py:190} INFO - [2026-07-14T12:41:05.015+0000] {dagbag.py:587} INFO - Filling up the DagBag from /opt/airflow/dags/sanity_checks.py
[2026-07-14T12:41:05.041+0000] {processor.py:925} INFO - DAG(s) 'airflow_sanity_check' retrieved from /opt/airflow/dags/sanity_checks.py
[2026-07-14T12:41:05.176+0000] {logging_mixin.py:190} INFO - [2026-07-14T12:41:05.176+0000] {dag.py:3211} INFO - Sync 1 DAGs
[2026-07-14T12:41:05.279+0000] {logging_mixin.py:190} INFO - [2026-07-14T12:41:05.278+0000] {dag.py:4138} INFO - Setting next_dagrun for airflow_sanity_check to None, run_after=None
[2026-07-14T12:41:05.382+0000] {processor.py:208} INFO - Processing /opt/airflow/dags/sanity_checks.py took 0.385 seconds
[2026-07-14T12:41:36.322+0000] {processor.py:186} INFO - Started process (PID=381) to work on /opt/airflow/dags/sanity_checks.py
[2026-07-14T12:41:36.368+0000] {processor.py:914} INFO - Processing file /opt/airflow/dags/sanity_checks.py for tasks to queue
[2026-07-14T12:41:36.425+0000] {logging_mixin.py:190} INFO - [2026-07-14T12:41:36.424+0000] {dagbag.py:587} INFO - Filling up the DagBag from /opt/airflow/dags/sanity_checks.py
[2026-07-14T12:41:36.493+0000] {processor.py:925} INFO - DAG(s) 'airflow_sanity_check' retrieved from /opt/airflow/dags/sanity_checks.py
[2026-07-14T12:41:36.688+0000] {logging_mixin.py:190} INFO - [2026-07-14T12:41:36.687+0000] {dag.py:3211} INFO - Sync 1 DAGs
[2026-07-14T12:41:36.793+0000] {logging_mixin.py:190} INFO - [2026-07-14T12:41:36.792+0000] {dag.py:4138} INFO - Setting next_dagrun for airflow_sanity_check to None, run_after=None
[2026-07-14T12:41:36.883+0000] {processor.py:208} INFO - Processing /opt/airflow/dags/sanity_checks.py took 0.633 seconds
[2026-07-14T12:42:08.056+0000] {processor.py:186} INFO - Started process (PID=391) to work on /opt/airflow/dags/sanity_checks.py
[2026-07-14T12:42:08.072+0000] {processor.py:914} INFO - Processing file /opt/airflow/dags/sanity_checks.py for tasks to queue
[2026-07-14T12:42:08.103+0000] {logging_mixin.py:190} INFO - [2026-07-14T12:42:08.101+0000] {dagbag.py:587} INFO - Filling up the DagBag from /opt/airflow/dags/sanity_checks.py
[2026-07-14T12:42:08.384+0000] {processor.py:925} INFO - DAG(s) 'airflow_sanity_check' retrieved from /opt/airflow/dags/sanity_checks.py
[2026-07-14T12:42:09.396+0000] {logging_mixin.py:190} INFO - [2026-07-14T12:42:09.374+0000] {dag.py:3211} INFO - Sync 1 DAGs
[2026-07-14T12:42:10.172+0000] {logging_mixin.py:190} INFO - [2026-07-14T12:42:10.171+0000] {dag.py:4138} INFO - Setting next_dagrun for airflow_sanity_check to None, run_after=None
[2026-07-14T12:42:10.402+0000] {processor.py:208} INFO - Processing /opt/airflow/dags/sanity_checks.py took 2.632 seconds
[2026-07-14T12:42:42.827+0000] {processor.py:186} INFO - Started process (PID=404) to work on /opt/airflow/dags/sanity_checks.py
[2026-07-14T12:42:42.949+0000] {processor.py:914} INFO - Processing file /opt/airflow/dags/sanity_checks.py for tasks to queue
[2026-07-14T12:42:43.481+0000] {logging_mixin.py:190} INFO - [2026-07-14T12:42:43.467+0000] {dagbag.py:587} INFO - Filling up the DagBag from /opt/airflow/dags/sanity_checks.py
[2026-07-14T12:42:43.785+0000] {processor.py:925} INFO - DAG(s) 'airflow_sanity_check' retrieved from /opt/airflow/dags/sanity_checks.py
[2026-07-14T12:42:44.367+0000] {logging_mixin.py:190} INFO - [2026-07-14T12:42:44.362+0000] {dag.py:3211} INFO - Sync 1 DAGs
[2026-07-14T12:42:44.648+0000] {logging_mixin.py:190} INFO - [2026-07-14T12:42:44.648+0000] {dag.py:4138} INFO - Setting next_dagrun for airflow_sanity_check to None, run_after=None
[2026-07-14T12:42:44.823+0000] {processor.py:208} INFO - Processing /opt/airflow/dags/sanity_checks.py took 2.598 seconds
[2026-07-14T12:43:15.779+0000] {processor.py:186} INFO - Started process (PID=411) to work on /opt/airflow/dags/sanity_checks.py
[2026-07-14T12:43:15.788+0000] {processor.py:914} INFO - Processing file /opt/airflow/dags/sanity_checks.py for tasks to queue
[2026-07-14T12:43:15.813+0000] {logging_mixin.py:190} INFO - [2026-07-14T12:43:15.812+0000] {dagbag.py:587} INFO - Filling up the DagBag from /opt/airflow/dags/sanity_checks.py
[2026-07-14T12:43:15.908+0000] {processor.py:925} INFO - DAG(s) 'airflow_sanity_check' retrieved from /opt/airflow/dags/sanity_checks.py
[2026-07-14T12:43:16.036+0000] {logging_mixin.py:190} INFO - [2026-07-14T12:43:16.035+0000] {dag.py:3211} INFO - Sync 1 DAGs
[2026-07-14T12:43:16.151+0000] {logging_mixin.py:190} INFO - [2026-07-14T12:43:16.150+0000] {dag.py:4138} INFO - Setting next_dagrun for airflow_sanity_check to None, run_after=None
[2026-07-14T12:43:16.277+0000] {processor.py:208} INFO - Processing /opt/airflow/dags/sanity_checks.py took 0.628 seconds
[2026-07-14T12:43:47.321+0000] {processor.py:186} INFO - Started process (PID=421) to work on /opt/airflow/dags/sanity_checks.py
[2026-07-14T12:43:47.328+0000] {processor.py:914} INFO - Processing file /opt/airflow/dags/sanity_checks.py for tasks to queue
[2026-07-14T12:43:47.427+0000] {logging_mixin.py:190} INFO - [2026-07-14T12:43:47.425+0000] {dagbag.py:587} INFO - Filling up the DagBag from /opt/airflow/dags/sanity_checks.py
[2026-07-14T12:43:47.504+0000] {processor.py:925} INFO - DAG(s) 'airflow_sanity_check' retrieved from /opt/airflow/dags/sanity_checks.py
[2026-07-14T12:43:47.803+0000] {logging_mixin.py:190} INFO - [2026-07-14T12:43:47.802+0000] {dag.py:3211} INFO - Sync 1 DAGs
[2026-07-14T12:43:48.165+0000] {logging_mixin.py:190} INFO - [2026-07-14T12:43:48.164+0000] {dag.py:4138} INFO - Setting next_dagrun for airflow_sanity_check to None, run_after=None
[2026-07-14T12:43:48.260+0000] {processor.py:208} INFO - Processing /opt/airflow/dags/sanity_checks.py took 1.068 seconds
[2026-07-14T12:44:18.672+0000] {processor.py:186} INFO - Started process (PID=431) to work on /opt/airflow/dags/sanity_checks.py
[2026-07-14T12:44:18.674+0000] {processor.py:914} INFO - Processing file /opt/airflow/dags/sanity_checks.py for tasks to queue
[2026-07-14T12:44:18.677+0000] {logging_mixin.py:190} INFO - [2026-07-14T12:44:18.677+0000] {dagbag.py:587} INFO - Filling up the DagBag from /opt/airflow/dags/sanity_checks.py
[2026-07-14T12:44:18.713+0000] {processor.py:925} INFO - DAG(s) 'airflow_sanity_check' retrieved from /opt/airflow/dags/sanity_checks.py
[2026-07-14T12:44:18.882+0000] {logging_mixin.py:190} INFO - [2026-07-14T12:44:18.881+0000] {dag.py:3211} INFO - Sync 1 DAGs
[2026-07-14T12:44:18.946+0000] {logging_mixin.py:190} INFO - [2026-07-14T12:44:18.945+0000] {dag.py:4138} INFO - Setting next_dagrun for airflow_sanity_check to None, run_after=None
[2026-07-14T12:44:18.975+0000] {processor.py:208} INFO - Processing /opt/airflow/dags/sanity_checks.py took 0.312 seconds
[2026-07-14T12:44:49.813+0000] {processor.py:186} INFO - Started process (PID=441) to work on /opt/airflow/dags/sanity_checks.py
[2026-07-14T12:44:49.893+0000] {processor.py:914} INFO - Processing file /opt/airflow/dags/sanity_checks.py for tasks to queue
[2026-07-14T12:44:50.059+0000] {logging_mixin.py:190} INFO - [2026-07-14T12:44:50.035+0000] {dagbag.py:587} INFO - Filling up the DagBag from /opt/airflow/dags/sanity_checks.py
[2026-07-14T12:44:50.194+0000] {processor.py:925} INFO - DAG(s) 'airflow_sanity_check' retrieved from /opt/airflow/dags/sanity_checks.py
[2026-07-14T12:44:50.397+0000] {logging_mixin.py:190} INFO - [2026-07-14T12:44:50.397+0000] {dag.py:3211} INFO - Sync 1 DAGs
[2026-07-14T12:44:50.717+0000] {logging_mixin.py:190} INFO - [2026-07-14T12:44:50.716+0000] {dag.py:4138} INFO - Setting next_dagrun for airflow_sanity_check to None, run_after=None
[2026-07-14T12:44:50.819+0000] {processor.py:208} INFO - Processing /opt/airflow/dags/sanity_checks.py took 1.140 seconds
[2026-07-14T12:45:21.831+0000] {processor.py:186} INFO - Started process (PID=451) to work on /opt/airflow/dags/sanity_checks.py
[2026-07-14T12:45:21.855+0000] {processor.py:914} INFO - Processing file /opt/airflow/dags/sanity_checks.py for tasks to queue
[2026-07-14T12:45:21.888+0000] {logging_mixin.py:190} INFO - [2026-07-14T12:45:21.867+0000] {dagbag.py:587} INFO - Filling up the DagBag from /opt/airflow/dags/sanity_checks.py
[2026-07-14T12:45:22.088+0000] {processor.py:925} INFO - DAG(s) 'airflow_sanity_check' retrieved from /opt/airflow/dags/sanity_checks.py
[2026-07-14T12:45:22.324+0000] {logging_mixin.py:190} INFO - [2026-07-14T12:45:22.324+0000] {dag.py:3211} INFO - Sync 1 DAGs
[2026-07-14T12:45:22.434+0000] {logging_mixin.py:190} INFO - [2026-07-14T12:45:22.433+0000] {dag.py:4138} INFO - Setting next_dagrun for airflow_sanity_check to None, run_after=None
[2026-07-14T12:45:23.092+0000] {processor.py:208} INFO - Processing /opt/airflow/dags/sanity_checks.py took 1.410 seconds
[2026-07-14T12:45:53.587+0000] {processor.py:186} INFO - Started process (PID=461) to work on /opt/airflow/dags/sanity_checks.py
[2026-07-14T12:45:53.589+0000] {processor.py:914} INFO - Processing file /opt/airflow/dags/sanity_checks.py for tasks to queue
[2026-07-14T12:45:53.595+0000] {logging_mixin.py:190} INFO - [2026-07-14T12:45:53.594+0000] {dagbag.py:587} INFO - Filling up the DagBag from /opt/airflow/dags/sanity_checks.py
[2026-07-14T12:45:53.621+0000] {processor.py:925} INFO - DAG(s) 'airflow_sanity_check' retrieved from /opt/airflow/dags/sanity_checks.py
[2026-07-14T12:45:53.695+0000] {logging_mixin.py:190} INFO - [2026-07-14T12:45:53.694+0000] {dag.py:3211} INFO - Sync 1 DAGs
[2026-07-14T12:45:53.723+0000] {logging_mixin.py:190} INFO - [2026-07-14T12:45:53.723+0000] {dag.py:4138} INFO - Setting next_dagrun for airflow_sanity_check to None, run_after=None
[2026-07-14T12:45:53.759+0000] {processor.py:208} INFO - Processing /opt/airflow/dags/sanity_checks.py took 0.200 seconds
[2026-07-14T12:46:24.638+0000] {processor.py:186} INFO - Started process (PID=471) to work on /opt/airflow/dags/sanity_checks.py
[2026-07-14T12:46:24.657+0000] {processor.py:914} INFO - Processing file /opt/airflow/dags/sanity_checks.py for tasks to queue
[2026-07-14T12:46:24.673+0000] {logging_mixin.py:190} INFO - [2026-07-14T12:46:24.672+0000] {dagbag.py:587} INFO - Filling up the DagBag from /opt/airflow/dags/sanity_checks.py
[2026-07-14T12:46:24.826+0000] {processor.py:925} INFO - DAG(s) 'airflow_sanity_check' retrieved from /opt/airflow/dags/sanity_checks.py
[2026-07-14T12:46:25.176+0000] {logging_mixin.py:190} INFO - [2026-07-14T12:46:25.175+0000] {dag.py:3211} INFO - Sync 1 DAGs
[2026-07-14T12:46:25.282+0000] {logging_mixin.py:190} INFO - [2026-07-14T12:46:25.281+0000] {dag.py:4138} INFO - Setting next_dagrun for airflow_sanity_check to None, run_after=None
[2026-07-14T12:46:25.707+0000] {processor.py:208} INFO - Processing /opt/airflow/dags/sanity_checks.py took 1.164 seconds
[2026-07-14T12:46:56.366+0000] {processor.py:186} INFO - Started process (PID=481) to work on /opt/airflow/dags/sanity_checks.py
[2026-07-14T12:46:56.376+0000] {processor.py:914} INFO - Processing file /opt/airflow/dags/sanity_checks.py for tasks to queue
[2026-07-14T12:46:56.404+0000] {logging_mixin.py:190} INFO - [2026-07-14T12:46:56.404+0000] {dagbag.py:587} INFO - Filling up the DagBag from /opt/airflow/dags/sanity_checks.py
[2026-07-14T12:46:56.521+0000] {processor.py:925} INFO - DAG(s) 'airflow_sanity_check' retrieved from /opt/airflow/dags/sanity_checks.py
[2026-07-14T12:46:56.719+0000] {logging_mixin.py:190} INFO - [2026-07-14T12:46:56.713+0000] {dag.py:3211} INFO - Sync 1 DAGs
[2026-07-14T12:46:56.796+0000] {logging_mixin.py:190} INFO - [2026-07-14T12:46:56.796+0000] {dag.py:4138} INFO - Setting next_dagrun for airflow_sanity_check to None, run_after=None
[2026-07-14T12:46:56.839+0000] {processor.py:208} INFO - Processing /opt/airflow/dags/sanity_checks.py took 0.535 seconds
[2026-07-14T12:47:27.696+0000] {processor.py:186} INFO - Started process (PID=491) to work on /opt/airflow/dags/sanity_checks.py
[2026-07-14T12:47:27.702+0000] {processor.py:914} INFO - Processing file /opt/airflow/dags/sanity_checks.py for tasks to queue
[2026-07-14T12:47:27.736+0000] {logging_mixin.py:190} INFO - [2026-07-14T12:47:27.735+0000] {dagbag.py:587} INFO - Filling up the DagBag from /opt/airflow/dags/sanity_checks.py
[2026-07-14T12:47:27.861+0000] {processor.py:925} INFO - DAG(s) 'airflow_sanity_check' retrieved from /opt/airflow/dags/sanity_checks.py
[2026-07-14T12:47:28.397+0000] {logging_mixin.py:190} INFO - [2026-07-14T12:47:28.397+0000] {dag.py:3211} INFO - Sync 1 DAGs
[2026-07-14T12:47:28.677+0000] {logging_mixin.py:190} INFO - [2026-07-14T12:47:28.675+0000] {dag.py:4138} INFO - Setting next_dagrun for airflow_sanity_check to None, run_after=None
[2026-07-14T12:47:28.756+0000] {processor.py:208} INFO - Processing /opt/airflow/dags/sanity_checks.py took 1.218 seconds
[2026-07-14T12:47:59.596+0000] {processor.py:186} INFO - Started process (PID=501) to work on /opt/airflow/dags/sanity_checks.py
[2026-07-14T12:47:59.624+0000] {processor.py:914} INFO - Processing file /opt/airflow/dags/sanity_checks.py for tasks to queue
[2026-07-14T12:47:59.680+0000] {logging_mixin.py:190} INFO - [2026-07-14T12:47:59.678+0000] {dagbag.py:587} INFO - Filling up the DagBag from /opt/airflow/dags/sanity_checks.py
[2026-07-14T12:47:59.815+0000] {processor.py:925} INFO - DAG(s) 'airflow_sanity_check' retrieved from /opt/airflow/dags/sanity_checks.py
[2026-07-14T12:48:00.146+0000] {logging_mixin.py:190} INFO - [2026-07-14T12:48:00.135+0000] {dag.py:3211} INFO - Sync 1 DAGs
[2026-07-14T12:48:00.442+0000] {logging_mixin.py:190} INFO - [2026-07-14T12:48:00.441+0000] {dag.py:4138} INFO - Setting next_dagrun for airflow_sanity_check to None, run_after=None
[2026-07-14T12:48:00.703+0000] {processor.py:208} INFO - Processing /opt/airflow/dags/sanity_checks.py took 1.226 seconds
[2026-07-14T12:48:32.269+0000] {processor.py:186} INFO - Started process (PID=511) to work on /opt/airflow/dags/sanity_checks.py
[2026-07-14T12:48:32.327+0000] {processor.py:914} INFO - Processing file /opt/airflow/dags/sanity_checks.py for tasks to queue
[2026-07-14T12:48:32.360+0000] {logging_mixin.py:190} INFO - [2026-07-14T12:48:32.359+0000] {dagbag.py:587} INFO - Filling up the DagBag from /opt/airflow/dags/sanity_checks.py
[2026-07-14T12:48:32.813+0000] {processor.py:925} INFO - DAG(s) 'airflow_sanity_check' retrieved from /opt/airflow/dags/sanity_checks.py
[2026-07-14T12:48:33.287+0000] {logging_mixin.py:190} INFO - [2026-07-14T12:48:33.286+0000] {dag.py:3211} INFO - Sync 1 DAGs
[2026-07-14T12:48:33.887+0000] {logging_mixin.py:190} INFO - [2026-07-14T12:48:33.886+0000] {dag.py:4138} INFO - Setting next_dagrun for airflow_sanity_check to None, run_after=None
[2026-07-14T12:48:34.216+0000] {processor.py:208} INFO - Processing /opt/airflow/dags/sanity_checks.py took 2.187 seconds
[2026-07-14T12:49:04.850+0000] {processor.py:186} INFO - Started process (PID=521) to work on /opt/airflow/dags/sanity_checks.py
[2026-07-14T12:49:04.853+0000] {processor.py:914} INFO - Processing file /opt/airflow/dags/sanity_checks.py for tasks to queue
[2026-07-14T12:49:04.858+0000] {logging_mixin.py:190} INFO - [2026-07-14T12:49:04.857+0000] {dagbag.py:587} INFO - Filling up the DagBag from /opt/airflow/dags/sanity_checks.py
[2026-07-14T12:49:04.884+0000] {processor.py:925} INFO - DAG(s) 'airflow_sanity_check' retrieved from /opt/airflow/dags/sanity_checks.py
[2026-07-14T12:49:04.961+0000] {logging_mixin.py:190} INFO - [2026-07-14T12:49:04.961+0000] {dag.py:3211} INFO - Sync 1 DAGs
[2026-07-14T12:49:04.994+0000] {logging_mixin.py:190} INFO - [2026-07-14T12:49:04.993+0000] {dag.py:4138} INFO - Setting next_dagrun for airflow_sanity_check to None, run_after=None
[2026-07-14T12:49:05.044+0000] {processor.py:208} INFO - Processing /opt/airflow/dags/sanity_checks.py took 0.205 seconds
[2026-07-14T12:49:35.610+0000] {processor.py:186} INFO - Started process (PID=531) to work on /opt/airflow/dags/sanity_checks.py
[2026-07-14T12:49:35.613+0000] {processor.py:914} INFO - Processing file /opt/airflow/dags/sanity_checks.py for tasks to queue
[2026-07-14T12:49:35.619+0000] {logging_mixin.py:190} INFO - [2026-07-14T12:49:35.619+0000] {dagbag.py:587} INFO - Filling up the DagBag from /opt/airflow/dags/sanity_checks.py
[2026-07-14T12:49:35.638+0000] {processor.py:925} INFO - DAG(s) 'airflow_sanity_check' retrieved from /opt/airflow/dags/sanity_checks.py
[2026-07-14T12:49:35.693+0000] {logging_mixin.py:190} INFO - [2026-07-14T12:49:35.693+0000] {dag.py:3211} INFO - Sync 1 DAGs
[2026-07-14T12:49:35.723+0000] {logging_mixin.py:190} INFO - [2026-07-14T12:49:35.722+0000] {dag.py:4138} INFO - Setting next_dagrun for airflow_sanity_check to None, run_after=None
[2026-07-14T12:49:35.772+0000] {processor.py:208} INFO - Processing /opt/airflow/dags/sanity_checks.py took 0.179 seconds
[2026-07-14T12:50:06.032+0000] {processor.py:186} INFO - Started process (PID=541) to work on /opt/airflow/dags/sanity_checks.py
[2026-07-14T12:50:06.044+0000] {processor.py:914} INFO - Processing file /opt/airflow/dags/sanity_checks.py for tasks to queue
[2026-07-14T12:50:06.088+0000] {logging_mixin.py:190} INFO - [2026-07-14T12:50:06.087+0000] {dagbag.py:587} INFO - Filling up the DagBag from /opt/airflow/dags/sanity_checks.py
[2026-07-14T12:50:06.242+0000] {processor.py:925} INFO - DAG(s) 'airflow_sanity_check' retrieved from /opt/airflow/dags/sanity_checks.py
[2026-07-14T12:50:06.354+0000] {logging_mixin.py:190} INFO - [2026-07-14T12:50:06.354+0000] {dag.py:3211} INFO - Sync 1 DAGs
[2026-07-14T12:50:06.415+0000] {logging_mixin.py:190} INFO - [2026-07-14T12:50:06.414+0000] {dag.py:4138} INFO - Setting next_dagrun for airflow_sanity_check to None, run_after=None
[2026-07-14T12:50:06.575+0000] {processor.py:208} INFO - Processing /opt/airflow/dags/sanity_checks.py took 0.564 seconds
[2026-07-14T12:50:37.374+0000] {processor.py:186} INFO - Started process (PID=551) to work on /opt/airflow/dags/sanity_checks.py
[2026-07-14T12:50:37.377+0000] {processor.py:914} INFO - Processing file /opt/airflow/dags/sanity_checks.py for tasks to queue
[2026-07-14T12:50:37.385+0000] {logging_mixin.py:190} INFO - [2026-07-14T12:50:37.384+0000] {dagbag.py:587} INFO - Filling up the DagBag from /opt/airflow/dags/sanity_checks.py
[2026-07-14T12:50:37.539+0000] {processor.py:925} INFO - DAG(s) 'airflow_sanity_check' retrieved from /opt/airflow/dags/sanity_checks.py
[2026-07-14T12:50:37.718+0000] {logging_mixin.py:190} INFO - [2026-07-14T12:50:37.718+0000] {dag.py:3211} INFO - Sync 1 DAGs
[2026-07-14T12:50:37.840+0000] {logging_mixin.py:190} INFO - [2026-07-14T12:50:37.839+0000] {dag.py:4138} INFO - Setting next_dagrun for airflow_sanity_check to None, run_after=None
[2026-07-14T12:50:38.032+0000] {processor.py:208} INFO - Processing /opt/airflow/dags/sanity_checks.py took 0.685 seconds
[2026-07-14T12:51:08.619+0000] {processor.py:186} INFO - Started process (PID=561) to work on /opt/airflow/dags/sanity_checks.py
[2026-07-14T12:51:08.632+0000] {processor.py:914} INFO - Processing file /opt/airflow/dags/sanity_checks.py for tasks to queue
[2026-07-14T12:51:08.641+0000] {logging_mixin.py:190} INFO - [2026-07-14T12:51:08.640+0000] {dagbag.py:587} INFO - Filling up the DagBag from /opt/airflow/dags/sanity_checks.py
[2026-07-14T12:51:08.724+0000] {processor.py:925} INFO - DAG(s) 'airflow_sanity_check' retrieved from /opt/airflow/dags/sanity_checks.py
[2026-07-14T12:51:08.873+0000] {logging_mixin.py:190} INFO - [2026-07-14T12:51:08.873+0000] {dag.py:3211} INFO - Sync 1 DAGs
[2026-07-14T12:51:08.921+0000] {logging_mixin.py:190} INFO - [2026-07-14T12:51:08.921+0000] {dag.py:4138} INFO - Setting next_dagrun for airflow_sanity_check to None, run_after=None
[2026-07-14T12:51:08.973+0000] {processor.py:208} INFO - Processing /opt/airflow/dags/sanity_checks.py took 0.428 seconds
[2026-07-14T12:51:39.158+0000] {processor.py:186} INFO - Started process (PID=571) to work on /opt/airflow/dags/sanity_checks.py
[2026-07-14T12:51:39.165+0000] {processor.py:914} INFO - Processing file /opt/airflow/dags/sanity_checks.py for tasks to queue
[2026-07-14T12:51:39.185+0000] {logging_mixin.py:190} INFO - [2026-07-14T12:51:39.185+0000] {dagbag.py:587} INFO - Filling up the DagBag from /opt/airflow/dags/sanity_checks.py
[2026-07-14T12:51:39.406+0000] {processor.py:925} INFO - DAG(s) 'airflow_sanity_check' retrieved from /opt/airflow/dags/sanity_checks.py
[2026-07-14T12:51:39.634+0000] {logging_mixin.py:190} INFO - [2026-07-14T12:51:39.632+0000] {dag.py:3211} INFO - Sync 1 DAGs
[2026-07-14T12:51:39.730+0000] {logging_mixin.py:190} INFO - [2026-07-14T12:51:39.729+0000] {dag.py:4138} INFO - Setting next_dagrun for airflow_sanity_check to None, run_after=None
[2026-07-14T12:51:39.813+0000] {processor.py:208} INFO - Processing /opt/airflow/dags/sanity_checks.py took 0.694 seconds
[2026-07-14T12:52:10.726+0000] {processor.py:186} INFO - Started process (PID=581) to work on /opt/airflow/dags/sanity_checks.py
[2026-07-14T12:52:10.728+0000] {processor.py:914} INFO - Processing file /opt/airflow/dags/sanity_checks.py for tasks to queue
[2026-07-14T12:52:10.737+0000] {logging_mixin.py:190} INFO - [2026-07-14T12:52:10.736+0000] {dagbag.py:587} INFO - Filling up the DagBag from /opt/airflow/dags/sanity_checks.py
[2026-07-14T12:52:10.760+0000] {processor.py:925} INFO - DAG(s) 'airflow_sanity_check' retrieved from /opt/airflow/dags/sanity_checks.py
[2026-07-14T12:52:10.821+0000] {logging_mixin.py:190} INFO - [2026-07-14T12:52:10.820+0000] {dag.py:3211} INFO - Sync 1 DAGs
[2026-07-14T12:52:10.882+0000] {logging_mixin.py:190} INFO - [2026-07-14T12:52:10.881+0000] {dag.py:4138} INFO - Setting next_dagrun for airflow_sanity_check to None, run_after=None
[2026-07-14T12:52:10.965+0000] {processor.py:208} INFO - Processing /opt/airflow/dags/sanity_checks.py took 0.260 seconds
[2026-07-14T12:52:41.856+0000] {processor.py:186} INFO - Started process (PID=591) to work on /opt/airflow/dags/sanity_checks.py
[2026-07-14T12:52:41.859+0000] {processor.py:914} INFO - Processing file /opt/airflow/dags/sanity_checks.py for tasks to queue
[2026-07-14T12:52:41.884+0000] {logging_mixin.py:190} INFO - [2026-07-14T12:52:41.883+0000] {dagbag.py:587} INFO - Filling up the DagBag from /opt/airflow/dags/sanity_checks.py
[2026-07-14T12:52:41.912+0000] {processor.py:925} INFO - DAG(s) 'airflow_sanity_check' retrieved from /opt/airflow/dags/sanity_checks.py
[2026-07-14T12:52:41.991+0000] {logging_mixin.py:190} INFO - [2026-07-14T12:52:41.990+0000] {dag.py:3211} INFO - Sync 1 DAGs
[2026-07-14T12:52:42.064+0000] {logging_mixin.py:190} INFO - [2026-07-14T12:52:42.064+0000] {dag.py:4138} INFO - Setting next_dagrun for airflow_sanity_check to None, run_after=None
[2026-07-14T12:52:42.314+0000] {processor.py:208} INFO - Processing /opt/airflow/dags/sanity_checks.py took 0.526 seconds
[2026-07-14T12:53:12.623+0000] {processor.py:186} INFO - Started process (PID=601) to work on /opt/airflow/dags/sanity_checks.py
[2026-07-14T12:53:12.626+0000] {processor.py:914} INFO - Processing file /opt/airflow/dags/sanity_checks.py for tasks to queue
[2026-07-14T12:53:12.634+0000] {logging_mixin.py:190} INFO - [2026-07-14T12:53:12.633+0000] {dagbag.py:587} INFO - Filling up the DagBag from /opt/airflow/dags/sanity_checks.py
[2026-07-14T12:53:12.678+0000] {processor.py:925} INFO - DAG(s) 'airflow_sanity_check' retrieved from /opt/airflow/dags/sanity_checks.py
[2026-07-14T12:53:12.803+0000] {logging_mixin.py:190} INFO - [2026-07-14T12:53:12.796+0000] {dag.py:3211} INFO - Sync 1 DAGs
[2026-07-14T12:53:13.086+0000] {logging_mixin.py:190} INFO - [2026-07-14T12:53:13.074+0000] {dag.py:4138} INFO - Setting next_dagrun for airflow_sanity_check to None, run_after=None
[2026-07-14T12:53:13.522+0000] {processor.py:208} INFO - Processing /opt/airflow/dags/sanity_checks.py took 0.916 seconds
[2026-07-14T12:53:43.715+0000] {processor.py:186} INFO - Started process (PID=611) to work on /opt/airflow/dags/sanity_checks.py
[2026-07-14T12:53:43.717+0000] {processor.py:914} INFO - Processing file /opt/airflow/dags/sanity_checks.py for tasks to queue
[2026-07-14T12:53:43.721+0000] {logging_mixin.py:190} INFO - [2026-07-14T12:53:43.721+0000] {dagbag.py:587} INFO - Filling up the DagBag from /opt/airflow/dags/sanity_checks.py
[2026-07-14T12:53:43.742+0000] {processor.py:925} INFO - DAG(s) 'airflow_sanity_check' retrieved from /opt/airflow/dags/sanity_checks.py
[2026-07-14T12:53:43.807+0000] {logging_mixin.py:190} INFO - [2026-07-14T12:53:43.807+0000] {dag.py:3211} INFO - Sync 1 DAGs
[2026-07-14T12:53:43.849+0000] {logging_mixin.py:190} INFO - [2026-07-14T12:53:43.848+0000] {dag.py:4138} INFO - Setting next_dagrun for airflow_sanity_check to None, run_after=None
[2026-07-14T12:53:43.934+0000] {processor.py:208} INFO - Processing /opt/airflow/dags/sanity_checks.py took 0.240 seconds
[2026-07-14T12:54:14.411+0000] {processor.py:186} INFO - Started process (PID=621) to work on /opt/airflow/dags/sanity_checks.py
[2026-07-14T12:54:14.414+0000] {processor.py:914} INFO - Processing file /opt/airflow/dags/sanity_checks.py for tasks to queue
[2026-07-14T12:54:14.421+0000] {logging_mixin.py:190} INFO - [2026-07-14T12:54:14.420+0000] {dagbag.py:587} INFO - Filling up the DagBag from /opt/airflow/dags/sanity_checks.py
[2026-07-14T12:54:14.442+0000] {processor.py:925} INFO - DAG(s) 'airflow_sanity_check' retrieved from /opt/airflow/dags/sanity_checks.py
[2026-07-14T12:54:14.491+0000] {logging_mixin.py:190} INFO - [2026-07-14T12:54:14.491+0000] {dag.py:3211} INFO - Sync 1 DAGs
[2026-07-14T12:54:14.521+0000] {logging_mixin.py:190} INFO - [2026-07-14T12:54:14.520+0000] {dag.py:4138} INFO - Setting next_dagrun for airflow_sanity_check to None, run_after=None
[2026-07-14T12:54:14.554+0000] {processor.py:208} INFO - Processing /opt/airflow/dags/sanity_checks.py took 0.156 seconds
[2026-07-14T12:54:45.055+0000] {processor.py:186} INFO - Started process (PID=631) to work on /opt/airflow/dags/sanity_checks.py
[2026-07-14T12:54:45.059+0000] {processor.py:914} INFO - Processing file /opt/airflow/dags/sanity_checks.py for tasks to queue
[2026-07-14T12:54:45.064+0000] {logging_mixin.py:190} INFO - [2026-07-14T12:54:45.063+0000] {dagbag.py:587} INFO - Filling up the DagBag from /opt/airflow/dags/sanity_checks.py
[2026-07-14T12:54:45.082+0000] {processor.py:925} INFO - DAG(s) 'airflow_sanity_check' retrieved from /opt/airflow/dags/sanity_checks.py
[2026-07-14T12:54:45.132+0000] {logging_mixin.py:190} INFO - [2026-07-14T12:54:45.131+0000] {dag.py:3211} INFO - Sync 1 DAGs
[2026-07-14T12:54:45.160+0000] {logging_mixin.py:190} INFO - [2026-07-14T12:54:45.159+0000] {dag.py:4138} INFO - Setting next_dagrun for airflow_sanity_check to None, run_after=None
[2026-07-14T12:54:45.193+0000] {processor.py:208} INFO - Processing /opt/airflow/dags/sanity_checks.py took 0.147 seconds
[2026-07-14T12:55:16.132+0000] {processor.py:186} INFO - Started process (PID=641) to work on /opt/airflow/dags/sanity_checks.py
[2026-07-14T12:55:16.142+0000] {processor.py:914} INFO - Processing file /opt/airflow/dags/sanity_checks.py for tasks to queue
[2026-07-14T12:55:16.150+0000] {logging_mixin.py:190} INFO - [2026-07-14T12:55:16.149+0000] {dagbag.py:587} INFO - Filling up the DagBag from /opt/airflow/dags/sanity_checks.py
[2026-07-14T12:55:16.190+0000] {processor.py:925} INFO - DAG(s) 'airflow_sanity_check' retrieved from /opt/airflow/dags/sanity_checks.py
[2026-07-14T12:55:16.257+0000] {logging_mixin.py:190} INFO - [2026-07-14T12:55:16.256+0000] {dag.py:3211} INFO - Sync 1 DAGs
[2026-07-14T12:55:16.304+0000] {logging_mixin.py:190} INFO - [2026-07-14T12:55:16.303+0000] {dag.py:4138} INFO - Setting next_dagrun for airflow_sanity_check to None, run_after=None
[2026-07-14T12:55:16.331+0000] {processor.py:208} INFO - Processing /opt/airflow/dags/sanity_checks.py took 0.211 seconds
[2026-07-14T12:55:46.875+0000] {processor.py:186} INFO - Started process (PID=651) to work on /opt/airflow/dags/sanity_checks.py
[2026-07-14T12:55:46.895+0000] {processor.py:914} INFO - Processing file /opt/airflow/dags/sanity_checks.py for tasks to queue
[2026-07-14T12:55:46.918+0000] {logging_mixin.py:190} INFO - [2026-07-14T12:55:46.917+0000] {dagbag.py:587} INFO - Filling up the DagBag from /opt/airflow/dags/sanity_checks.py
[2026-07-14T12:55:47.345+0000] {processor.py:925} INFO - DAG(s) 'airflow_sanity_check' retrieved from /opt/airflow/dags/sanity_checks.py
[2026-07-14T12:55:47.657+0000] {logging_mixin.py:190} INFO - [2026-07-14T12:55:47.656+0000] {dag.py:3211} INFO - Sync 1 DAGs
[2026-07-14T12:55:47.783+0000] {logging_mixin.py:190} INFO - [2026-07-14T12:55:47.775+0000] {dag.py:4138} INFO - Setting next_dagrun for airflow_sanity_check to None, run_after=None
[2026-07-14T12:55:47.892+0000] {processor.py:208} INFO - Processing /opt/airflow/dags/sanity_checks.py took 1.056 seconds
[2026-07-14T12:56:19.068+0000] {processor.py:186} INFO - Started process (PID=661) to work on /opt/airflow/dags/sanity_checks.py
[2026-07-14T12:56:19.081+0000] {processor.py:914} INFO - Processing file /opt/airflow/dags/sanity_checks.py for tasks to queue
[2026-07-14T12:56:19.127+0000] {logging_mixin.py:190} INFO - [2026-07-14T12:56:19.126+0000] {dagbag.py:587} INFO - Filling up the DagBag from /opt/airflow/dags/sanity_checks.py
[2026-07-14T12:56:19.262+0000] {processor.py:925} INFO - DAG(s) 'airflow_sanity_check' retrieved from /opt/airflow/dags/sanity_checks.py
[2026-07-14T12:56:19.775+0000] {logging_mixin.py:190} INFO - [2026-07-14T12:56:19.775+0000] {dag.py:3211} INFO - Sync 1 DAGs
[2026-07-14T12:56:21.139+0000] {logging_mixin.py:190} INFO - [2026-07-14T12:56:21.138+0000] {dag.py:4138} INFO - Setting next_dagrun for airflow_sanity_check to None, run_after=None
[2026-07-14T12:56:21.434+0000] {processor.py:208} INFO - Processing /opt/airflow/dags/sanity_checks.py took 2.460 seconds
[2026-07-14T12:56:51.710+0000] {processor.py:186} INFO - Started process (PID=671) to work on /opt/airflow/dags/sanity_checks.py
[2026-07-14T12:56:51.738+0000] {processor.py:914} INFO - Processing file /opt/airflow/dags/sanity_checks.py for tasks to queue
[2026-07-14T12:56:51.766+0000] {logging_mixin.py:190} INFO - [2026-07-14T12:56:51.765+0000] {dagbag.py:587} INFO - Filling up the DagBag from /opt/airflow/dags/sanity_checks.py
[2026-07-14T12:56:52.064+0000] {processor.py:925} INFO - DAG(s) 'airflow_sanity_check' retrieved from /opt/airflow/dags/sanity_checks.py
[2026-07-14T12:56:52.296+0000] {logging_mixin.py:190} INFO - [2026-07-14T12:56:52.295+0000] {dag.py:3211} INFO - Sync 1 DAGs
[2026-07-14T12:56:52.400+0000] {logging_mixin.py:190} INFO - [2026-07-14T12:56:52.399+0000] {dag.py:4138} INFO - Setting next_dagrun for airflow_sanity_check to None, run_after=None
[2026-07-14T12:56:52.582+0000] {processor.py:208} INFO - Processing /opt/airflow/dags/sanity_checks.py took 0.919 seconds
[2026-07-14T12:57:24.097+0000] {processor.py:186} INFO - Started process (PID=681) to work on /opt/airflow/dags/sanity_checks.py
[2026-07-14T12:57:24.127+0000] {processor.py:914} INFO - Processing file /opt/airflow/dags/sanity_checks.py for tasks to queue
[2026-07-14T12:57:24.160+0000] {logging_mixin.py:190} INFO - [2026-07-14T12:57:24.158+0000] {dagbag.py:587} INFO - Filling up the DagBag from /opt/airflow/dags/sanity_checks.py
[2026-07-14T12:57:24.255+0000] {processor.py:925} INFO - DAG(s) 'airflow_sanity_check' retrieved from /opt/airflow/dags/sanity_checks.py
[2026-07-14T12:57:24.465+0000] {logging_mixin.py:190} INFO - [2026-07-14T12:57:24.464+0000] {dag.py:3211} INFO - Sync 1 DAGs
[2026-07-14T12:57:24.567+0000] {logging_mixin.py:190} INFO - [2026-07-14T12:57:24.566+0000] {dag.py:4138} INFO - Setting next_dagrun for airflow_sanity_check to None, run_after=None
[2026-07-14T12:57:24.811+0000] {processor.py:208} INFO - Processing /opt/airflow/dags/sanity_checks.py took 1.144 seconds
[2026-07-14T12:57:56.142+0000] {processor.py:186} INFO - Started process (PID=691) to work on /opt/airflow/dags/sanity_checks.py
[2026-07-14T12:57:56.144+0000] {processor.py:914} INFO - Processing file /opt/airflow/dags/sanity_checks.py for tasks to queue
[2026-07-14T12:57:56.147+0000] {logging_mixin.py:190} INFO - [2026-07-14T12:57:56.147+0000] {dagbag.py:587} INFO - Filling up the DagBag from /opt/airflow/dags/sanity_checks.py
[2026-07-14T12:57:56.165+0000] {processor.py:925} INFO - DAG(s) 'airflow_sanity_check' retrieved from /opt/airflow/dags/sanity_checks.py
[2026-07-14T12:57:56.218+0000] {logging_mixin.py:190} INFO - [2026-07-14T12:57:56.218+0000] {dag.py:3211} INFO - Sync 1 DAGs
[2026-07-14T12:57:56.243+0000] {logging_mixin.py:190} INFO - [2026-07-14T12:57:56.242+0000] {dag.py:4138} INFO - Setting next_dagrun for airflow_sanity_check to None, run_after=None
[2026-07-14T12:57:56.274+0000] {processor.py:208} INFO - Processing /opt/airflow/dags/sanity_checks.py took 0.143 seconds
[2026-07-14T12:58:27.734+0000] {processor.py:186} INFO - Started process (PID=701) to work on /opt/airflow/dags/sanity_checks.py
[2026-07-14T12:58:27.826+0000] {processor.py:914} INFO - Processing file /opt/airflow/dags/sanity_checks.py for tasks to queue
[2026-07-14T12:58:27.866+0000] {logging_mixin.py:190} INFO - [2026-07-14T12:58:27.864+0000] {dagbag.py:587} INFO - Filling up the DagBag from /opt/airflow/dags/sanity_checks.py
[2026-07-14T12:58:27.992+0000] {processor.py:925} INFO - DAG(s) 'airflow_sanity_check' retrieved from /opt/airflow/dags/sanity_checks.py
[2026-07-14T12:58:28.163+0000] {logging_mixin.py:190} INFO - [2026-07-14T12:58:28.162+0000] {dag.py:3211} INFO - Sync 1 DAGs
[2026-07-14T12:58:28.209+0000] {logging_mixin.py:190} INFO - [2026-07-14T12:58:28.208+0000] {dag.py:4138} INFO - Setting next_dagrun for airflow_sanity_check to None, run_after=None
[2026-07-14T12:58:28.302+0000] {processor.py:208} INFO - Processing /opt/airflow/dags/sanity_checks.py took 0.711 seconds
[2026-07-14T12:58:59.373+0000] {processor.py:186} INFO - Started process (PID=711) to work on /opt/airflow/dags/sanity_checks.py
[2026-07-14T12:58:59.382+0000] {processor.py:914} INFO - Processing file /opt/airflow/dags/sanity_checks.py for tasks to queue
[2026-07-14T12:58:59.400+0000] {logging_mixin.py:190} INFO - [2026-07-14T12:58:59.399+0000] {dagbag.py:587} INFO - Filling up the DagBag from /opt/airflow/dags/sanity_checks.py
[2026-07-14T12:58:59.471+0000] {processor.py:925} INFO - DAG(s) 'airflow_sanity_check' retrieved from /opt/airflow/dags/sanity_checks.py
[2026-07-14T12:58:59.604+0000] {logging_mixin.py:190} INFO - [2026-07-14T12:58:59.603+0000] {dag.py:3211} INFO - Sync 1 DAGs
[2026-07-14T12:58:59.951+0000] {logging_mixin.py:190} INFO - [2026-07-14T12:58:59.950+0000] {dag.py:4138} INFO - Setting next_dagrun for airflow_sanity_check to None, run_after=None
[2026-07-14T12:59:00.749+0000] {processor.py:208} INFO - Processing /opt/airflow/dags/sanity_checks.py took 1.433 seconds
[2026-07-14T12:59:31.118+0000] {processor.py:186} INFO - Started process (PID=721) to work on /opt/airflow/dags/sanity_checks.py
[2026-07-14T12:59:31.123+0000] {processor.py:914} INFO - Processing file /opt/airflow/dags/sanity_checks.py for tasks to queue
[2026-07-14T12:59:31.127+0000] {logging_mixin.py:190} INFO - [2026-07-14T12:59:31.127+0000] {dagbag.py:587} INFO - Filling up the DagBag from /opt/airflow/dags/sanity_checks.py
[2026-07-14T12:59:31.150+0000] {processor.py:925} INFO - DAG(s) 'airflow_sanity_check' retrieved from /opt/airflow/dags/sanity_checks.py
[2026-07-14T12:59:31.221+0000] {logging_mixin.py:190} INFO - [2026-07-14T12:59:31.221+0000] {dag.py:3211} INFO - Sync 1 DAGs
[2026-07-14T12:59:31.251+0000] {logging_mixin.py:190} INFO - [2026-07-14T12:59:31.251+0000] {dag.py:4138} INFO - Setting next_dagrun for airflow_sanity_check to None, run_after=None
[2026-07-14T12:59:31.288+0000] {processor.py:208} INFO - Processing /opt/airflow/dags/sanity_checks.py took 0.182 seconds
[2026-07-14T13:00:02.641+0000] {processor.py:186} INFO - Started process (PID=731) to work on /opt/airflow/dags/sanity_checks.py
[2026-07-14T13:00:02.645+0000] {processor.py:914} INFO - Processing file /opt/airflow/dags/sanity_checks.py for tasks to queue
[2026-07-14T13:00:02.664+0000] {logging_mixin.py:190} INFO - [2026-07-14T13:00:02.663+0000] {dagbag.py:587} INFO - Filling up the DagBag from /opt/airflow/dags/sanity_checks.py
[2026-07-14T13:00:02.757+0000] {processor.py:925} INFO - DAG(s) 'airflow_sanity_check' retrieved from /opt/airflow/dags/sanity_checks.py
[2026-07-14T13:00:03.039+0000] {logging_mixin.py:190} INFO - [2026-07-14T13:00:03.038+0000] {dag.py:3211} INFO - Sync 1 DAGs
[2026-07-14T13:00:03.554+0000] {logging_mixin.py:190} INFO - [2026-07-14T13:00:03.553+0000] {dag.py:4138} INFO - Setting next_dagrun for airflow_sanity_check to None, run_after=None
[2026-07-14T13:00:04.158+0000] {processor.py:208} INFO - Processing /opt/airflow/dags/sanity_checks.py took 1.584 seconds
[2026-07-14T13:00:35.060+0000] {processor.py:186} INFO - Started process (PID=741) to work on /opt/airflow/dags/sanity_checks.py
[2026-07-14T13:00:35.062+0000] {processor.py:914} INFO - Processing file /opt/airflow/dags/sanity_checks.py for tasks to queue
[2026-07-14T13:00:35.066+0000] {logging_mixin.py:190} INFO - [2026-07-14T13:00:35.066+0000] {dagbag.py:587} INFO - Filling up the DagBag from /opt/airflow/dags/sanity_checks.py
[2026-07-14T13:00:35.089+0000] {processor.py:925} INFO - DAG(s) 'airflow_sanity_check' retrieved from /opt/airflow/dags/sanity_checks.py
[2026-07-14T13:00:35.207+0000] {logging_mixin.py:190} INFO - [2026-07-14T13:00:35.207+0000] {dag.py:3211} INFO - Sync 1 DAGs
[2026-07-14T13:00:35.274+0000] {logging_mixin.py:190} INFO - [2026-07-14T13:00:35.274+0000] {dag.py:4138} INFO - Setting next_dagrun for airflow_sanity_check to None, run_after=None
[2026-07-14T13:00:35.402+0000] {processor.py:208} INFO - Processing /opt/airflow/dags/sanity_checks.py took 0.354 seconds
[2026-07-14T13:01:06.237+0000] {processor.py:186} INFO - Started process (PID=751) to work on /opt/airflow/dags/sanity_checks.py
[2026-07-14T13:01:06.239+0000] {processor.py:914} INFO - Processing file /opt/airflow/dags/sanity_checks.py for tasks to queue
[2026-07-14T13:01:06.244+0000] {logging_mixin.py:190} INFO - [2026-07-14T13:01:06.243+0000] {dagbag.py:587} INFO - Filling up the DagBag from /opt/airflow/dags/sanity_checks.py
[2026-07-14T13:01:06.263+0000] {processor.py:925} INFO - DAG(s) 'airflow_sanity_check' retrieved from /opt/airflow/dags/sanity_checks.py
[2026-07-14T13:01:06.324+0000] {logging_mixin.py:190} INFO - [2026-07-14T13:01:06.323+0000] {dag.py:3211} INFO - Sync 1 DAGs
[2026-07-14T13:01:06.362+0000] {logging_mixin.py:190} INFO - [2026-07-14T13:01:06.361+0000] {dag.py:4138} INFO - Setting next_dagrun for airflow_sanity_check to None, run_after=None
[2026-07-14T13:01:06.481+0000] {processor.py:208} INFO - Processing /opt/airflow/dags/sanity_checks.py took 0.261 seconds
[2026-07-14T13:01:36.731+0000] {processor.py:186} INFO - Started process (PID=761) to work on /opt/airflow/dags/sanity_checks.py
[2026-07-14T13:01:36.735+0000] {processor.py:914} INFO - Processing file /opt/airflow/dags/sanity_checks.py for tasks to queue
[2026-07-14T13:01:36.741+0000] {logging_mixin.py:190} INFO - [2026-07-14T13:01:36.740+0000] {dagbag.py:587} INFO - Filling up the DagBag from /opt/airflow/dags/sanity_checks.py
[2026-07-14T13:01:36.766+0000] {processor.py:925} INFO - DAG(s) 'airflow_sanity_check' retrieved from /opt/airflow/dags/sanity_checks.py
[2026-07-14T13:01:36.845+0000] {logging_mixin.py:190} INFO - [2026-07-14T13:01:36.844+0000] {dag.py:3211} INFO - Sync 1 DAGs
[2026-07-14T13:01:36.874+0000] {logging_mixin.py:190} INFO - [2026-07-14T13:01:36.874+0000] {dag.py:4138} INFO - Setting next_dagrun for airflow_sanity_check to None, run_after=None
[2026-07-14T13:01:36.912+0000] {processor.py:208} INFO - Processing /opt/airflow/dags/sanity_checks.py took 0.194 seconds
[2026-07-14T13:02:07.822+0000] {processor.py:186} INFO - Started process (PID=771) to work on /opt/airflow/dags/sanity_checks.py
[2026-07-14T13:02:07.832+0000] {processor.py:914} INFO - Processing file /opt/airflow/dags/sanity_checks.py for tasks to queue
[2026-07-14T13:02:07.848+0000] {logging_mixin.py:190} INFO - [2026-07-14T13:02:07.847+0000] {dagbag.py:587} INFO - Filling up the DagBag from /opt/airflow/dags/sanity_checks.py
[2026-07-14T13:02:07.983+0000] {processor.py:925} INFO - DAG(s) 'airflow_sanity_check' retrieved from /opt/airflow/dags/sanity_checks.py
[2026-07-14T13:02:08.157+0000] {logging_mixin.py:190} INFO - [2026-07-14T13:02:08.145+0000] {dag.py:3211} INFO - Sync 1 DAGs
[2026-07-14T13:02:08.325+0000] {logging_mixin.py:190} INFO - [2026-07-14T13:02:08.324+0000] {dag.py:4138} INFO - Setting next_dagrun for airflow_sanity_check to None, run_after=None
[2026-07-14T13:02:08.414+0000] {processor.py:208} INFO - Processing /opt/airflow/dags/sanity_checks.py took 0.719 seconds
[2026-07-14T13:02:39.039+0000] {processor.py:186} INFO - Started process (PID=781) to work on /opt/airflow/dags/sanity_checks.py
[2026-07-14T13:02:39.047+0000] {processor.py:914} INFO - Processing file /opt/airflow/dags/sanity_checks.py for tasks to queue
[2026-07-14T13:02:39.061+0000] {logging_mixin.py:190} INFO - [2026-07-14T13:02:39.059+0000] {dagbag.py:587} INFO - Filling up the DagBag from /opt/airflow/dags/sanity_checks.py
[2026-07-14T13:02:39.085+0000] {processor.py:925} INFO - DAG(s) 'airflow_sanity_check' retrieved from /opt/airflow/dags/sanity_checks.py
[2026-07-14T13:02:39.195+0000] {logging_mixin.py:190} INFO - [2026-07-14T13:02:39.194+0000] {dag.py:3211} INFO - Sync 1 DAGs
[2026-07-14T13:02:39.248+0000] {logging_mixin.py:190} INFO - [2026-07-14T13:02:39.248+0000] {dag.py:4138} INFO - Setting next_dagrun for airflow_sanity_check to None, run_after=None
[2026-07-14T13:02:39.304+0000] {processor.py:208} INFO - Processing /opt/airflow/dags/sanity_checks.py took 0.293 seconds
[2026-07-14T13:03:09.851+0000] {processor.py:186} INFO - Started process (PID=791) to work on /opt/airflow/dags/sanity_checks.py
[2026-07-14T13:03:09.853+0000] {processor.py:914} INFO - Processing file /opt/airflow/dags/sanity_checks.py for tasks to queue
[2026-07-14T13:03:09.858+0000] {logging_mixin.py:190} INFO - [2026-07-14T13:03:09.857+0000] {dagbag.py:587} INFO - Filling up the DagBag from /opt/airflow/dags/sanity_checks.py
[2026-07-14T13:03:09.887+0000] {processor.py:925} INFO - DAG(s) 'airflow_sanity_check' retrieved from /opt/airflow/dags/sanity_checks.py
[2026-07-14T13:03:09.972+0000] {logging_mixin.py:190} INFO - [2026-07-14T13:03:09.972+0000] {dag.py:3211} INFO - Sync 1 DAGs
[2026-07-14T13:03:10.084+0000] {logging_mixin.py:190} INFO - [2026-07-14T13:03:10.084+0000] {dag.py:4138} INFO - Setting next_dagrun for airflow_sanity_check to None, run_after=None
[2026-07-14T13:03:10.148+0000] {processor.py:208} INFO - Processing /opt/airflow/dags/sanity_checks.py took 0.307 seconds
[2026-07-14T13:03:40.981+0000] {processor.py:186} INFO - Started process (PID=801) to work on /opt/airflow/dags/sanity_checks.py
[2026-07-14T13:03:41.005+0000] {processor.py:914} INFO - Processing file /opt/airflow/dags/sanity_checks.py for tasks to queue
[2026-07-14T13:03:41.037+0000] {logging_mixin.py:190} INFO - [2026-07-14T13:03:41.035+0000] {dagbag.py:587} INFO - Filling up the DagBag from /opt/airflow/dags/sanity_checks.py
[2026-07-14T13:03:41.113+0000] {processor.py:925} INFO - DAG(s) 'airflow_sanity_check' retrieved from /opt/airflow/dags/sanity_checks.py
[2026-07-14T13:03:41.276+0000] {logging_mixin.py:190} INFO - [2026-07-14T13:03:41.275+0000] {dag.py:3211} INFO - Sync 1 DAGs
[2026-07-14T13:03:41.358+0000] {logging_mixin.py:190} INFO - [2026-07-14T13:03:41.356+0000] {dag.py:4138} INFO - Setting next_dagrun for airflow_sanity_check to None, run_after=None
[2026-07-14T13:03:41.584+0000] {processor.py:208} INFO - Processing /opt/airflow/dags/sanity_checks.py took 0.665 seconds
[2026-07-14T13:04:12.252+0000] {processor.py:186} INFO - Started process (PID=811) to work on /opt/airflow/dags/sanity_checks.py
[2026-07-14T13:04:12.254+0000] {processor.py:914} INFO - Processing file /opt/airflow/dags/sanity_checks.py for tasks to queue
[2026-07-14T13:04:12.258+0000] {logging_mixin.py:190} INFO - [2026-07-14T13:04:12.257+0000] {dagbag.py:587} INFO - Filling up the DagBag from /opt/airflow/dags/sanity_checks.py
[2026-07-14T13:04:12.276+0000] {processor.py:925} INFO - DAG(s) 'airflow_sanity_check' retrieved from /opt/airflow/dags/sanity_checks.py
[2026-07-14T13:04:12.351+0000] {logging_mixin.py:190} INFO - [2026-07-14T13:04:12.350+0000] {dag.py:3211} INFO - Sync 1 DAGs
[2026-07-14T13:04:12.389+0000] {logging_mixin.py:190} INFO - [2026-07-14T13:04:12.389+0000] {dag.py:4138} INFO - Setting next_dagrun for airflow_sanity_check to None, run_after=None
[2026-07-14T13:04:12.434+0000] {processor.py:208} INFO - Processing /opt/airflow/dags/sanity_checks.py took 0.198 seconds
[2026-07-14T13:04:42.633+0000] {processor.py:186} INFO - Started process (PID=821) to work on /opt/airflow/dags/sanity_checks.py
[2026-07-14T13:04:42.636+0000] {processor.py:914} INFO - Processing file /opt/airflow/dags/sanity_checks.py for tasks to queue
[2026-07-14T13:04:42.642+0000] {logging_mixin.py:190} INFO - [2026-07-14T13:04:42.641+0000] {dagbag.py:587} INFO - Filling up the DagBag from /opt/airflow/dags/sanity_checks.py
[2026-07-14T13:04:42.677+0000] {processor.py:925} INFO - DAG(s) 'airflow_sanity_check' retrieved from /opt/airflow/dags/sanity_checks.py
[2026-07-14T13:04:42.795+0000] {logging_mixin.py:190} INFO - [2026-07-14T13:04:42.794+0000] {dag.py:3211} INFO - Sync 1 DAGs
[2026-07-14T13:04:42.857+0000] {logging_mixin.py:190} INFO - [2026-07-14T13:04:42.857+0000] {dag.py:4138} INFO - Setting next_dagrun for airflow_sanity_check to None, run_after=None
[2026-07-14T13:04:42.940+0000] {processor.py:208} INFO - Processing /opt/airflow/dags/sanity_checks.py took 0.327 seconds
[2026-07-14T13:05:13.479+0000] {processor.py:186} INFO - Started process (PID=831) to work on /opt/airflow/dags/sanity_checks.py
[2026-07-14T13:05:13.483+0000] {processor.py:914} INFO - Processing file /opt/airflow/dags/sanity_checks.py for tasks to queue
[2026-07-14T13:05:13.497+0000] {logging_mixin.py:190} INFO - [2026-07-14T13:05:13.496+0000] {dagbag.py:587} INFO - Filling up the DagBag from /opt/airflow/dags/sanity_checks.py
[2026-07-14T13:05:13.534+0000] {processor.py:925} INFO - DAG(s) 'airflow_sanity_check' retrieved from /opt/airflow/dags/sanity_checks.py
[2026-07-14T13:05:13.599+0000] {logging_mixin.py:190} INFO - [2026-07-14T13:05:13.599+0000] {dag.py:3211} INFO - Sync 1 DAGs
[2026-07-14T13:05:13.625+0000] {logging_mixin.py:190} INFO - [2026-07-14T13:05:13.625+0000] {dag.py:4138} INFO - Setting next_dagrun for airflow_sanity_check to None, run_after=None
[2026-07-14T13:05:13.664+0000] {processor.py:208} INFO - Processing /opt/airflow/dags/sanity_checks.py took 0.237 seconds
[2026-07-14T13:05:44.072+0000] {processor.py:186} INFO - Started process (PID=841) to work on /opt/airflow/dags/sanity_checks.py
[2026-07-14T13:05:44.074+0000] {processor.py:914} INFO - Processing file /opt/airflow/dags/sanity_checks.py for tasks to queue
[2026-07-14T13:05:44.082+0000] {logging_mixin.py:190} INFO - [2026-07-14T13:05:44.082+0000] {dagbag.py:587} INFO - Filling up the DagBag from /opt/airflow/dags/sanity_checks.py
[2026-07-14T13:05:44.106+0000] {processor.py:925} INFO - DAG(s) 'airflow_sanity_check' retrieved from /opt/airflow/dags/sanity_checks.py
[2026-07-14T13:05:44.167+0000] {logging_mixin.py:190} INFO - [2026-07-14T13:05:44.167+0000] {dag.py:3211} INFO - Sync 1 DAGs
[2026-07-14T13:05:44.196+0000] {logging_mixin.py:190} INFO - [2026-07-14T13:05:44.195+0000] {dag.py:4138} INFO - Setting next_dagrun for airflow_sanity_check to None, run_after=None
[2026-07-14T13:05:44.231+0000] {processor.py:208} INFO - Processing /opt/airflow/dags/sanity_checks.py took 0.177 seconds
[2026-07-14T13:06:15.041+0000] {processor.py:186} INFO - Started process (PID=851) to work on /opt/airflow/dags/sanity_checks.py
[2026-07-14T13:06:15.064+0000] {processor.py:914} INFO - Processing file /opt/airflow/dags/sanity_checks.py for tasks to queue
[2026-07-14T13:06:15.149+0000] {logging_mixin.py:190} INFO - [2026-07-14T13:06:15.148+0000] {dagbag.py:587} INFO - Filling up the DagBag from /opt/airflow/dags/sanity_checks.py
[2026-07-14T13:06:15.278+0000] {processor.py:925} INFO - DAG(s) 'airflow_sanity_check' retrieved from /opt/airflow/dags/sanity_checks.py
[2026-07-14T13:06:15.652+0000] {logging_mixin.py:190} INFO - [2026-07-14T13:06:15.648+0000] {dag.py:3211} INFO - Sync 1 DAGs
[2026-07-14T13:06:15.778+0000] {logging_mixin.py:190} INFO - [2026-07-14T13:06:15.777+0000] {dag.py:4138} INFO - Setting next_dagrun for airflow_sanity_check to None, run_after=None
[2026-07-14T13:06:15.907+0000] {processor.py:208} INFO - Processing /opt/airflow/dags/sanity_checks.py took 0.949 seconds
[2026-07-14T13:06:46.716+0000] {processor.py:186} INFO - Started process (PID=861) to work on /opt/airflow/dags/sanity_checks.py
[2026-07-14T13:06:46.720+0000] {processor.py:914} INFO - Processing file /opt/airflow/dags/sanity_checks.py for tasks to queue
[2026-07-14T13:06:46.750+0000] {logging_mixin.py:190} INFO - [2026-07-14T13:06:46.749+0000] {dagbag.py:587} INFO - Filling up the DagBag from /opt/airflow/dags/sanity_checks.py
[2026-07-14T13:06:46.971+0000] {processor.py:925} INFO - DAG(s) 'airflow_sanity_check' retrieved from /opt/airflow/dags/sanity_checks.py
[2026-07-14T13:06:47.620+0000] {logging_mixin.py:190} INFO - [2026-07-14T13:06:47.619+0000] {dag.py:3211} INFO - Sync 1 DAGs
[2026-07-14T13:06:48.015+0000] {logging_mixin.py:190} INFO - [2026-07-14T13:06:48.012+0000] {dag.py:4138} INFO - Setting next_dagrun for airflow_sanity_check to None, run_after=None
[2026-07-14T13:06:48.242+0000] {processor.py:208} INFO - Processing /opt/airflow/dags/sanity_checks.py took 1.600 seconds
[2026-07-14T13:07:19.541+0000] {processor.py:186} INFO - Started process (PID=871) to work on /opt/airflow/dags/sanity_checks.py
[2026-07-14T13:07:19.585+0000] {processor.py:914} INFO - Processing file /opt/airflow/dags/sanity_checks.py for tasks to queue
[2026-07-14T13:07:19.621+0000] {logging_mixin.py:190} INFO - [2026-07-14T13:07:19.612+0000] {dagbag.py:587} INFO - Filling up the DagBag from /opt/airflow/dags/sanity_checks.py
[2026-07-14T13:07:19.983+0000] {processor.py:925} INFO - DAG(s) 'airflow_sanity_check' retrieved from /opt/airflow/dags/sanity_checks.py
[2026-07-14T13:07:20.329+0000] {logging_mixin.py:190} INFO - [2026-07-14T13:07:20.329+0000] {dag.py:3211} INFO - Sync 1 DAGs
[2026-07-14T13:07:20.674+0000] {logging_mixin.py:190} INFO - [2026-07-14T13:07:20.673+0000] {dag.py:4138} INFO - Setting next_dagrun for airflow_sanity_check to None, run_after=None
[2026-07-14T13:07:21.281+0000] {processor.py:208} INFO - Processing /opt/airflow/dags/sanity_checks.py took 1.900 seconds
[2026-07-14T13:07:52.019+0000] {processor.py:186} INFO - Started process (PID=881) to work on /opt/airflow/dags/sanity_checks.py
[2026-07-14T13:07:52.022+0000] {processor.py:914} INFO - Processing file /opt/airflow/dags/sanity_checks.py for tasks to queue
[2026-07-14T13:07:52.029+0000] {logging_mixin.py:190} INFO - [2026-07-14T13:07:52.029+0000] {dagbag.py:587} INFO - Filling up the DagBag from /opt/airflow/dags/sanity_checks.py
[2026-07-14T13:07:52.062+0000] {processor.py:925} INFO - DAG(s) 'airflow_sanity_check' retrieved from /opt/airflow/dags/sanity_checks.py
[2026-07-14T13:07:52.170+0000] {logging_mixin.py:190} INFO - [2026-07-14T13:07:52.169+0000] {dag.py:3211} INFO - Sync 1 DAGs
[2026-07-14T13:07:52.201+0000] {logging_mixin.py:190} INFO - [2026-07-14T13:07:52.201+0000] {dag.py:4138} INFO - Setting next_dagrun for airflow_sanity_check to None, run_after=None
[2026-07-14T13:07:52.241+0000] {processor.py:208} INFO - Processing /opt/airflow/dags/sanity_checks.py took 0.247 seconds
[2026-07-14T13:08:22.631+0000] {processor.py:186} INFO - Started process (PID=891) to work on /opt/airflow/dags/sanity_checks.py
[2026-07-14T13:08:22.636+0000] {processor.py:914} INFO - Processing file /opt/airflow/dags/sanity_checks.py for tasks to queue
[2026-07-14T13:08:22.677+0000] {logging_mixin.py:190} INFO - [2026-07-14T13:08:22.673+0000] {dagbag.py:587} INFO - Filling up the DagBag from /opt/airflow/dags/sanity_checks.py
[2026-07-14T13:08:22.907+0000] {processor.py:925} INFO - DAG(s) 'airflow_sanity_check' retrieved from /opt/airflow/dags/sanity_checks.py
[2026-07-14T13:08:23.062+0000] {logging_mixin.py:190} INFO - [2026-07-14T13:08:23.061+0000] {dag.py:3211} INFO - Sync 1 DAGs
[2026-07-14T13:08:23.206+0000] {logging_mixin.py:190} INFO - [2026-07-14T13:08:23.205+0000] {dag.py:4138} INFO - Setting next_dagrun for airflow_sanity_check to None, run_after=None
[2026-07-14T13:08:23.424+0000] {processor.py:208} INFO - Processing /opt/airflow/dags/sanity_checks.py took 0.841 seconds
[2026-07-14T13:08:54.023+0000] {processor.py:186} INFO - Started process (PID=901) to work on /opt/airflow/dags/sanity_checks.py
[2026-07-14T13:08:54.026+0000] {processor.py:914} INFO - Processing file /opt/airflow/dags/sanity_checks.py for tasks to queue
[2026-07-14T13:08:54.031+0000] {logging_mixin.py:190} INFO - [2026-07-14T13:08:54.030+0000] {dagbag.py:587} INFO - Filling up the DagBag from /opt/airflow/dags/sanity_checks.py
[2026-07-14T13:08:54.058+0000] {processor.py:925} INFO - DAG(s) 'airflow_sanity_check' retrieved from /opt/airflow/dags/sanity_checks.py
[2026-07-14T13:08:54.127+0000] {logging_mixin.py:190} INFO - [2026-07-14T13:08:54.126+0000] {dag.py:3211} INFO - Sync 1 DAGs
[2026-07-14T13:08:54.294+0000] {logging_mixin.py:190} INFO - [2026-07-14T13:08:54.293+0000] {dag.py:4138} INFO - Setting next_dagrun for airflow_sanity_check to None, run_after=None
[2026-07-14T13:08:54.410+0000] {processor.py:208} INFO - Processing /opt/airflow/dags/sanity_checks.py took 0.401 seconds
[2026-07-14T13:09:26.262+0000] {processor.py:186} INFO - Started process (PID=911) to work on /opt/airflow/dags/sanity_checks.py
[2026-07-14T13:09:26.323+0000] {processor.py:914} INFO - Processing file /opt/airflow/dags/sanity_checks.py for tasks to queue
[2026-07-14T13:09:26.381+0000] {logging_mixin.py:190} INFO - [2026-07-14T13:09:26.369+0000] {dagbag.py:587} INFO - Filling up the DagBag from /opt/airflow/dags/sanity_checks.py
[2026-07-14T13:09:26.517+0000] {processor.py:925} INFO - DAG(s) 'airflow_sanity_check' retrieved from /opt/airflow/dags/sanity_checks.py
[2026-07-14T13:09:27.407+0000] {logging_mixin.py:190} INFO - [2026-07-14T13:09:27.406+0000] {dag.py:3211} INFO - Sync 1 DAGs
[2026-07-14T13:09:27.895+0000] {logging_mixin.py:190} INFO - [2026-07-14T13:09:27.889+0000] {dag.py:4138} INFO - Setting next_dagrun for airflow_sanity_check to None, run_after=None
[2026-07-14T13:09:28.289+0000] {processor.py:208} INFO - Processing /opt/airflow/dags/sanity_checks.py took 2.448 seconds
[2026-07-14T13:09:58.900+0000] {processor.py:186} INFO - Started process (PID=921) to work on /opt/airflow/dags/sanity_checks.py
[2026-07-14T13:09:58.907+0000] {processor.py:914} INFO - Processing file /opt/airflow/dags/sanity_checks.py for tasks to queue
[2026-07-14T13:09:59.208+0000] {logging_mixin.py:190} INFO - [2026-07-14T13:09:59.182+0000] {dagbag.py:587} INFO - Filling up the DagBag from /opt/airflow/dags/sanity_checks.py
[2026-07-14T13:09:59.525+0000] {processor.py:925} INFO - DAG(s) 'airflow_sanity_check' retrieved from /opt/airflow/dags/sanity_checks.py
[2026-07-14T13:09:59.904+0000] {logging_mixin.py:190} INFO - [2026-07-14T13:09:59.902+0000] {dag.py:3211} INFO - Sync 1 DAGs
[2026-07-14T13:10:00.062+0000] {logging_mixin.py:190} INFO - [2026-07-14T13:10:00.062+0000] {dag.py:4138} INFO - Setting next_dagrun for airflow_sanity_check to None, run_after=None
[2026-07-14T13:10:00.417+0000] {processor.py:208} INFO - Processing /opt/airflow/dags/sanity_checks.py took 1.589 seconds
[2026-07-14T13:10:30.815+0000] {processor.py:186} INFO - Started process (PID=931) to work on /opt/airflow/dags/sanity_checks.py
[2026-07-14T13:10:30.819+0000] {processor.py:914} INFO - Processing file /opt/airflow/dags/sanity_checks.py for tasks to queue
[2026-07-14T13:10:30.831+0000] {logging_mixin.py:190} INFO - [2026-07-14T13:10:30.830+0000] {dagbag.py:587} INFO - Filling up the DagBag from /opt/airflow/dags/sanity_checks.py
[2026-07-14T13:10:30.872+0000] {processor.py:925} INFO - DAG(s) 'airflow_sanity_check' retrieved from /opt/airflow/dags/sanity_checks.py
[2026-07-14T13:10:30.953+0000] {logging_mixin.py:190} INFO - [2026-07-14T13:10:30.953+0000] {dag.py:3211} INFO - Sync 1 DAGs
[2026-07-14T13:10:30.998+0000] {logging_mixin.py:190} INFO - [2026-07-14T13:10:30.998+0000] {dag.py:4138} INFO - Setting next_dagrun for airflow_sanity_check to None, run_after=None
[2026-07-14T13:10:31.057+0000] {processor.py:208} INFO - Processing /opt/airflow/dags/sanity_checks.py took 0.254 seconds
[2026-07-14T13:11:02.263+0000] {processor.py:186} INFO - Started process (PID=941) to work on /opt/airflow/dags/sanity_checks.py
[2026-07-14T13:11:02.284+0000] {processor.py:914} INFO - Processing file /opt/airflow/dags/sanity_checks.py for tasks to queue
[2026-07-14T13:11:02.366+0000] {logging_mixin.py:190} INFO - [2026-07-14T13:11:02.362+0000] {dagbag.py:587} INFO - Filling up the DagBag from /opt/airflow/dags/sanity_checks.py
[2026-07-14T13:11:02.706+0000] {processor.py:925} INFO - DAG(s) 'airflow_sanity_check' retrieved from /opt/airflow/dags/sanity_checks.py
[2026-07-14T13:11:03.039+0000] {logging_mixin.py:190} INFO - [2026-07-14T13:11:03.039+0000] {dag.py:3211} INFO - Sync 1 DAGs
[2026-07-14T13:11:03.302+0000] {logging_mixin.py:190} INFO - [2026-07-14T13:11:03.301+0000] {dag.py:4138} INFO - Setting next_dagrun for airflow_sanity_check to None, run_after=None
[2026-07-14T13:11:03.563+0000] {processor.py:208} INFO - Processing /opt/airflow/dags/sanity_checks.py took 1.414 seconds
[2026-07-14T13:11:33.788+0000] {processor.py:186} INFO - Started process (PID=951) to work on /opt/airflow/dags/sanity_checks.py
[2026-07-14T13:11:33.796+0000] {processor.py:914} INFO - Processing file /opt/airflow/dags/sanity_checks.py for tasks to queue
[2026-07-14T13:11:33.804+0000] {logging_mixin.py:190} INFO - [2026-07-14T13:11:33.803+0000] {dagbag.py:587} INFO - Filling up the DagBag from /opt/airflow/dags/sanity_checks.py
[2026-07-14T13:11:33.882+0000] {processor.py:925} INFO - DAG(s) 'airflow_sanity_check' retrieved from /opt/airflow/dags/sanity_checks.py
[2026-07-14T13:11:34.167+0000] {logging_mixin.py:190} INFO - [2026-07-14T13:11:34.166+0000] {dag.py:3211} INFO - Sync 1 DAGs
[2026-07-14T13:11:34.354+0000] {logging_mixin.py:190} INFO - [2026-07-14T13:11:34.353+0000] {dag.py:4138} INFO - Setting next_dagrun for airflow_sanity_check to None, run_after=None
[2026-07-14T13:11:34.549+0000] {processor.py:208} INFO - Processing /opt/airflow/dags/sanity_checks.py took 0.805 seconds
[2026-07-14T13:12:05.232+0000] {processor.py:186} INFO - Started process (PID=961) to work on /opt/airflow/dags/sanity_checks.py
[2026-07-14T13:12:05.234+0000] {processor.py:914} INFO - Processing file /opt/airflow/dags/sanity_checks.py for tasks to queue
[2026-07-14T13:12:05.239+0000] {logging_mixin.py:190} INFO - [2026-07-14T13:12:05.238+0000] {dagbag.py:587} INFO - Filling up the DagBag from /opt/airflow/dags/sanity_checks.py
[2026-07-14T13:12:05.285+0000] {processor.py:925} INFO - DAG(s) 'airflow_sanity_check' retrieved from /opt/airflow/dags/sanity_checks.py
[2026-07-14T13:12:05.417+0000] {logging_mixin.py:190} INFO - [2026-07-14T13:12:05.416+0000] {dag.py:3211} INFO - Sync 1 DAGs
[2026-07-14T13:12:05.452+0000] {logging_mixin.py:190} INFO - [2026-07-14T13:12:05.452+0000] {dag.py:4138} INFO - Setting next_dagrun for airflow_sanity_check to None, run_after=None
[2026-07-14T13:12:05.507+0000] {processor.py:208} INFO - Processing /opt/airflow/dags/sanity_checks.py took 0.292 seconds
[2026-07-14T13:12:35.839+0000] {processor.py:186} INFO - Started process (PID=971) to work on /opt/airflow/dags/sanity_checks.py
[2026-07-14T13:12:35.849+0000] {processor.py:914} INFO - Processing file /opt/airflow/dags/sanity_checks.py for tasks to queue
[2026-07-14T13:12:35.873+0000] {logging_mixin.py:190} INFO - [2026-07-14T13:12:35.871+0000] {dagbag.py:587} INFO - Filling up the DagBag from /opt/airflow/dags/sanity_checks.py
[2026-07-14T13:12:35.935+0000] {processor.py:925} INFO - DAG(s) 'airflow_sanity_check' retrieved from /opt/airflow/dags/sanity_checks.py
[2026-07-14T13:12:36.043+0000] {logging_mixin.py:190} INFO - [2026-07-14T13:12:36.043+0000] {dag.py:3211} INFO - Sync 1 DAGs
[2026-07-14T13:12:36.106+0000] {logging_mixin.py:190} INFO - [2026-07-14T13:12:36.105+0000] {dag.py:4138} INFO - Setting next_dagrun for airflow_sanity_check to None, run_after=None
[2026-07-14T13:12:36.245+0000] {processor.py:208} INFO - Processing /opt/airflow/dags/sanity_checks.py took 0.442 seconds
[2026-07-14T13:13:06.588+0000] {processor.py:186} INFO - Started process (PID=981) to work on /opt/airflow/dags/sanity_checks.py
[2026-07-14T13:13:06.604+0000] {processor.py:914} INFO - Processing file /opt/airflow/dags/sanity_checks.py for tasks to queue
[2026-07-14T13:13:06.667+0000] {logging_mixin.py:190} INFO - [2026-07-14T13:13:06.666+0000] {dagbag.py:587} INFO - Filling up the DagBag from /opt/airflow/dags/sanity_checks.py
[2026-07-14T13:13:06.785+0000] {processor.py:925} INFO - DAG(s) 'airflow_sanity_check' retrieved from /opt/airflow/dags/sanity_checks.py
[2026-07-14T13:13:06.895+0000] {logging_mixin.py:190} INFO - [2026-07-14T13:13:06.894+0000] {dag.py:3211} INFO - Sync 1 DAGs
[2026-07-14T13:13:07.003+0000] {logging_mixin.py:190} INFO - [2026-07-14T13:13:07.002+0000] {dag.py:4138} INFO - Setting next_dagrun for airflow_sanity_check to None, run_after=None
[2026-07-14T13:13:07.273+0000] {processor.py:208} INFO - Processing /opt/airflow/dags/sanity_checks.py took 0.831 seconds
[2026-07-14T13:13:37.675+0000] {processor.py:186} INFO - Started process (PID=991) to work on /opt/airflow/dags/sanity_checks.py
[2026-07-14T13:13:37.682+0000] {processor.py:914} INFO - Processing file /opt/airflow/dags/sanity_checks.py for tasks to queue
[2026-07-14T13:13:37.733+0000] {logging_mixin.py:190} INFO - [2026-07-14T13:13:37.721+0000] {dagbag.py:587} INFO - Filling up the DagBag from /opt/airflow/dags/sanity_checks.py
[2026-07-14T13:13:37.805+0000] {processor.py:925} INFO - DAG(s) 'airflow_sanity_check' retrieved from /opt/airflow/dags/sanity_checks.py
[2026-07-14T13:13:37.950+0000] {logging_mixin.py:190} INFO - [2026-07-14T13:13:37.949+0000] {dag.py:3211} INFO - Sync 1 DAGs
[2026-07-14T13:13:38.140+0000] {logging_mixin.py:190} INFO - [2026-07-14T13:13:38.139+0000] {dag.py:4138} INFO - Setting next_dagrun for airflow_sanity_check to None, run_after=None
[2026-07-14T13:13:38.415+0000] {processor.py:208} INFO - Processing /opt/airflow/dags/sanity_checks.py took 0.775 seconds
[2026-07-14T13:14:09.018+0000] {processor.py:186} INFO - Started process (PID=1001) to work on /opt/airflow/dags/sanity_checks.py
[2026-07-14T13:14:09.023+0000] {processor.py:914} INFO - Processing file /opt/airflow/dags/sanity_checks.py for tasks to queue
[2026-07-14T13:14:09.044+0000] {logging_mixin.py:190} INFO - [2026-07-14T13:14:09.043+0000] {dagbag.py:587} INFO - Filling up the DagBag from /opt/airflow/dags/sanity_checks.py
[2026-07-14T13:14:09.177+0000] {processor.py:925} INFO - DAG(s) 'airflow_sanity_check' retrieved from /opt/airflow/dags/sanity_checks.py
[2026-07-14T13:14:09.370+0000] {logging_mixin.py:190} INFO - [2026-07-14T13:14:09.367+0000] {dag.py:3211} INFO - Sync 1 DAGs
[2026-07-14T13:14:09.491+0000] {logging_mixin.py:190} INFO - [2026-07-14T13:14:09.488+0000] {dag.py:4138} INFO - Setting next_dagrun for airflow_sanity_check to None, run_after=None
[2026-07-14T13:14:09.788+0000] {processor.py:208} INFO - Processing /opt/airflow/dags/sanity_checks.py took 0.787 seconds
[2026-07-14T13:14:40.211+0000] {processor.py:186} INFO - Started process (PID=1011) to work on /opt/airflow/dags/sanity_checks.py
[2026-07-14T13:14:40.222+0000] {processor.py:914} INFO - Processing file /opt/airflow/dags/sanity_checks.py for tasks to queue
[2026-07-14T13:14:40.267+0000] {logging_mixin.py:190} INFO - [2026-07-14T13:14:40.245+0000] {dagbag.py:587} INFO - Filling up the DagBag from /opt/airflow/dags/sanity_checks.py
[2026-07-14T13:14:40.474+0000] {processor.py:925} INFO - DAG(s) 'airflow_sanity_check' retrieved from /opt/airflow/dags/sanity_checks.py
[2026-07-14T13:14:40.645+0000] {logging_mixin.py:190} INFO - [2026-07-14T13:14:40.645+0000] {dag.py:3211} INFO - Sync 1 DAGs
[2026-07-14T13:14:40.810+0000] {logging_mixin.py:190} INFO - [2026-07-14T13:14:40.809+0000] {dag.py:4138} INFO - Setting next_dagrun for airflow_sanity_check to None, run_after=None
[2026-07-14T13:14:40.912+0000] {processor.py:208} INFO - Processing /opt/airflow/dags/sanity_checks.py took 0.795 seconds
[2026-07-14T13:15:11.093+0000] {processor.py:186} INFO - Started process (PID=1021) to work on /opt/airflow/dags/sanity_checks.py
[2026-07-14T13:15:11.100+0000] {processor.py:914} INFO - Processing file /opt/airflow/dags/sanity_checks.py for tasks to queue
[2026-07-14T13:15:11.119+0000] {logging_mixin.py:190} INFO - [2026-07-14T13:15:11.115+0000] {dagbag.py:587} INFO - Filling up the DagBag from /opt/airflow/dags/sanity_checks.py
[2026-07-14T13:15:11.404+0000] {processor.py:925} INFO - DAG(s) 'airflow_sanity_check' retrieved from /opt/airflow/dags/sanity_checks.py
[2026-07-14T13:15:11.545+0000] {logging_mixin.py:190} INFO - [2026-07-14T13:15:11.543+0000] {dag.py:3211} INFO - Sync 1 DAGs
[2026-07-14T13:15:11.615+0000] {logging_mixin.py:190} INFO - [2026-07-14T13:15:11.614+0000] {dag.py:4138} INFO - Setting next_dagrun for airflow_sanity_check to None, run_after=None
[2026-07-14T13:15:11.730+0000] {processor.py:208} INFO - Processing /opt/airflow/dags/sanity_checks.py took 0.675 seconds
[2026-07-14T13:15:42.051+0000] {processor.py:186} INFO - Started process (PID=1031) to work on /opt/airflow/dags/sanity_checks.py
[2026-07-14T13:15:42.059+0000] {processor.py:914} INFO - Processing file /opt/airflow/dags/sanity_checks.py for tasks to queue
[2026-07-14T13:15:42.132+0000] {logging_mixin.py:190} INFO - [2026-07-14T13:15:42.131+0000] {dagbag.py:587} INFO - Filling up the DagBag from /opt/airflow/dags/sanity_checks.py
[2026-07-14T13:15:42.280+0000] {processor.py:925} INFO - DAG(s) 'airflow_sanity_check' retrieved from /opt/airflow/dags/sanity_checks.py
[2026-07-14T13:15:42.426+0000] {logging_mixin.py:190} INFO - [2026-07-14T13:15:42.425+0000] {dag.py:3211} INFO - Sync 1 DAGs
[2026-07-14T13:15:42.554+0000] {logging_mixin.py:190} INFO - [2026-07-14T13:15:42.554+0000] {dag.py:4138} INFO - Setting next_dagrun for airflow_sanity_check to None, run_after=None
[2026-07-14T13:15:42.617+0000] {processor.py:208} INFO - Processing /opt/airflow/dags/sanity_checks.py took 0.708 seconds
[2026-07-14T13:16:13.232+0000] {processor.py:186} INFO - Started process (PID=1041) to work on /opt/airflow/dags/sanity_checks.py
[2026-07-14T13:16:13.235+0000] {processor.py:914} INFO - Processing file /opt/airflow/dags/sanity_checks.py for tasks to queue
[2026-07-14T13:16:13.247+0000] {logging_mixin.py:190} INFO - [2026-07-14T13:16:13.246+0000] {dagbag.py:587} INFO - Filling up the DagBag from /opt/airflow/dags/sanity_checks.py
[2026-07-14T13:16:13.350+0000] {processor.py:925} INFO - DAG(s) 'airflow_sanity_check' retrieved from /opt/airflow/dags/sanity_checks.py
[2026-07-14T13:16:13.438+0000] {logging_mixin.py:190} INFO - [2026-07-14T13:16:13.438+0000] {dag.py:3211} INFO - Sync 1 DAGs
[2026-07-14T13:16:13.470+0000] {logging_mixin.py:190} INFO - [2026-07-14T13:16:13.469+0000] {dag.py:4138} INFO - Setting next_dagrun for airflow_sanity_check to None, run_after=None
[2026-07-14T13:16:13.513+0000] {processor.py:208} INFO - Processing /opt/airflow/dags/sanity_checks.py took 0.304 seconds
[2026-07-14T13:16:43.975+0000] {processor.py:186} INFO - Started process (PID=1051) to work on /opt/airflow/dags/sanity_checks.py
[2026-07-14T13:16:43.995+0000] {processor.py:914} INFO - Processing file /opt/airflow/dags/sanity_checks.py for tasks to queue
[2026-07-14T13:16:44.013+0000] {logging_mixin.py:190} INFO - [2026-07-14T13:16:44.012+0000] {dagbag.py:587} INFO - Filling up the DagBag from /opt/airflow/dags/sanity_checks.py
[2026-07-14T13:16:44.105+0000] {processor.py:925} INFO - DAG(s) 'airflow_sanity_check' retrieved from /opt/airflow/dags/sanity_checks.py
[2026-07-14T13:16:44.306+0000] {logging_mixin.py:190} INFO - [2026-07-14T13:16:44.305+0000] {dag.py:3211} INFO - Sync 1 DAGs
[2026-07-14T13:16:44.542+0000] {logging_mixin.py:190} INFO - [2026-07-14T13:16:44.542+0000] {dag.py:4138} INFO - Setting next_dagrun for airflow_sanity_check to None, run_after=None
[2026-07-14T13:16:44.619+0000] {processor.py:208} INFO - Processing /opt/airflow/dags/sanity_checks.py took 0.684 seconds
[2026-07-14T13:17:15.310+0000] {processor.py:186} INFO - Started process (PID=1061) to work on /opt/airflow/dags/sanity_checks.py
[2026-07-14T13:17:15.313+0000] {processor.py:914} INFO - Processing file /opt/airflow/dags/sanity_checks.py for tasks to queue
[2026-07-14T13:17:15.323+0000] {logging_mixin.py:190} INFO - [2026-07-14T13:17:15.322+0000] {dagbag.py:587} INFO - Filling up the DagBag from /opt/airflow/dags/sanity_checks.py
[2026-07-14T13:17:15.385+0000] {processor.py:925} INFO - DAG(s) 'airflow_sanity_check' retrieved from /opt/airflow/dags/sanity_checks.py
[2026-07-14T13:17:15.466+0000] {logging_mixin.py:190} INFO - [2026-07-14T13:17:15.465+0000] {dag.py:3211} INFO - Sync 1 DAGs
[2026-07-14T13:17:15.503+0000] {logging_mixin.py:190} INFO - [2026-07-14T13:17:15.502+0000] {dag.py:4138} INFO - Setting next_dagrun for airflow_sanity_check to None, run_after=None
[2026-07-14T13:17:15.562+0000] {processor.py:208} INFO - Processing /opt/airflow/dags/sanity_checks.py took 0.265 seconds
[2026-07-14T13:17:46.021+0000] {processor.py:186} INFO - Started process (PID=1121) to work on /opt/airflow/dags/sanity_checks.py
[2026-07-14T13:17:46.045+0000] {processor.py:914} INFO - Processing file /opt/airflow/dags/sanity_checks.py for tasks to queue
[2026-07-14T13:17:46.069+0000] {logging_mixin.py:190} INFO - [2026-07-14T13:17:46.061+0000] {dagbag.py:587} INFO - Filling up the DagBag from /opt/airflow/dags/sanity_checks.py
[2026-07-14T13:17:46.158+0000] {processor.py:925} INFO - DAG(s) 'airflow_sanity_check' retrieved from /opt/airflow/dags/sanity_checks.py
[2026-07-14T13:17:46.303+0000] {logging_mixin.py:190} INFO - [2026-07-14T13:17:46.302+0000] {dag.py:3211} INFO - Sync 1 DAGs
[2026-07-14T13:17:46.506+0000] {logging_mixin.py:190} INFO - [2026-07-14T13:17:46.489+0000] {dag.py:4138} INFO - Setting next_dagrun for airflow_sanity_check to None, run_after=None
[2026-07-14T13:17:46.844+0000] {processor.py:208} INFO - Processing /opt/airflow/dags/sanity_checks.py took 0.911 seconds
[2026-07-14T13:18:17.325+0000] {processor.py:186} INFO - Started process (PID=1131) to work on /opt/airflow/dags/sanity_checks.py
[2026-07-14T13:18:17.355+0000] {processor.py:914} INFO - Processing file /opt/airflow/dags/sanity_checks.py for tasks to queue
[2026-07-14T13:18:17.370+0000] {logging_mixin.py:190} INFO - [2026-07-14T13:18:17.369+0000] {dagbag.py:587} INFO - Filling up the DagBag from /opt/airflow/dags/sanity_checks.py
[2026-07-14T13:18:17.558+0000] {processor.py:925} INFO - DAG(s) 'airflow_sanity_check' retrieved from /opt/airflow/dags/sanity_checks.py
[2026-07-14T13:18:17.729+0000] {logging_mixin.py:190} INFO - [2026-07-14T13:18:17.728+0000] {dag.py:3211} INFO - Sync 1 DAGs
[2026-07-14T13:18:17.773+0000] {logging_mixin.py:190} INFO - [2026-07-14T13:18:17.772+0000] {dag.py:4138} INFO - Setting next_dagrun for airflow_sanity_check to None, run_after=None
[2026-07-14T13:18:17.847+0000] {processor.py:208} INFO - Processing /opt/airflow/dags/sanity_checks.py took 0.675 seconds
[2026-07-14T13:18:48.488+0000] {processor.py:186} INFO - Started process (PID=1141) to work on /opt/airflow/dags/sanity_checks.py
[2026-07-14T13:18:48.495+0000] {processor.py:914} INFO - Processing file /opt/airflow/dags/sanity_checks.py for tasks to queue
[2026-07-14T13:18:48.510+0000] {logging_mixin.py:190} INFO - [2026-07-14T13:18:48.506+0000] {dagbag.py:587} INFO - Filling up the DagBag from /opt/airflow/dags/sanity_checks.py
[2026-07-14T13:18:48.651+0000] {processor.py:925} INFO - DAG(s) 'airflow_sanity_check' retrieved from /opt/airflow/dags/sanity_checks.py
[2026-07-14T13:18:48.934+0000] {logging_mixin.py:190} INFO - [2026-07-14T13:18:48.933+0000] {dag.py:3211} INFO - Sync 1 DAGs
[2026-07-14T13:18:49.050+0000] {logging_mixin.py:190} INFO - [2026-07-14T13:18:49.048+0000] {dag.py:4138} INFO - Setting next_dagrun for airflow_sanity_check to None, run_after=None
[2026-07-14T13:18:49.098+0000] {processor.py:208} INFO - Processing /opt/airflow/dags/sanity_checks.py took 0.634 seconds
[2026-07-14T13:19:20.345+0000] {processor.py:186} INFO - Started process (PID=1151) to work on /opt/airflow/dags/sanity_checks.py
[2026-07-14T13:19:20.350+0000] {processor.py:914} INFO - Processing file /opt/airflow/dags/sanity_checks.py for tasks to queue
[2026-07-14T13:19:20.382+0000] {logging_mixin.py:190} INFO - [2026-07-14T13:19:20.375+0000] {dagbag.py:587} INFO - Filling up the DagBag from /opt/airflow/dags/sanity_checks.py
[2026-07-14T13:19:20.636+0000] {processor.py:925} INFO - DAG(s) 'airflow_sanity_check' retrieved from /opt/airflow/dags/sanity_checks.py
[2026-07-14T13:19:21.073+0000] {logging_mixin.py:190} INFO - [2026-07-14T13:19:21.072+0000] {dag.py:3211} INFO - Sync 1 DAGs
[2026-07-14T13:19:21.359+0000] {logging_mixin.py:190} INFO - [2026-07-14T13:19:21.358+0000] {dag.py:4138} INFO - Setting next_dagrun for airflow_sanity_check to None, run_after=None
[2026-07-14T13:19:21.603+0000] {processor.py:208} INFO - Processing /opt/airflow/dags/sanity_checks.py took 1.276 seconds
[2026-07-14T13:19:52.113+0000] {processor.py:186} INFO - Started process (PID=1161) to work on /opt/airflow/dags/sanity_checks.py
[2026-07-14T13:19:52.119+0000] {processor.py:914} INFO - Processing file /opt/airflow/dags/sanity_checks.py for tasks to queue
[2026-07-14T13:19:52.129+0000] {logging_mixin.py:190} INFO - [2026-07-14T13:19:52.129+0000] {dagbag.py:587} INFO - Filling up the DagBag from /opt/airflow/dags/sanity_checks.py
[2026-07-14T13:19:52.165+0000] {processor.py:925} INFO - DAG(s) 'airflow_sanity_check' retrieved from /opt/airflow/dags/sanity_checks.py
[2026-07-14T13:19:52.356+0000] {logging_mixin.py:190} INFO - [2026-07-14T13:19:52.355+0000] {dag.py:3211} INFO - Sync 1 DAGs
[2026-07-14T13:19:52.422+0000] {logging_mixin.py:190} INFO - [2026-07-14T13:19:52.421+0000] {dag.py:4138} INFO - Setting next_dagrun for airflow_sanity_check to None, run_after=None
[2026-07-14T13:19:52.510+0000] {processor.py:208} INFO - Processing /opt/airflow/dags/sanity_checks.py took 0.418 seconds
[2026-07-14T13:20:23.001+0000] {processor.py:186} INFO - Started process (PID=1171) to work on /opt/airflow/dags/sanity_checks.py
[2026-07-14T13:20:23.008+0000] {processor.py:914} INFO - Processing file /opt/airflow/dags/sanity_checks.py for tasks to queue
[2026-07-14T13:20:23.024+0000] {logging_mixin.py:190} INFO - [2026-07-14T13:20:23.022+0000] {dagbag.py:587} INFO - Filling up the DagBag from /opt/airflow/dags/sanity_checks.py
[2026-07-14T13:20:23.193+0000] {processor.py:925} INFO - DAG(s) 'airflow_sanity_check' retrieved from /opt/airflow/dags/sanity_checks.py
[2026-07-14T13:20:23.373+0000] {logging_mixin.py:190} INFO - [2026-07-14T13:20:23.373+0000] {dag.py:3211} INFO - Sync 1 DAGs
[2026-07-14T13:20:23.559+0000] {logging_mixin.py:190} INFO - [2026-07-14T13:20:23.531+0000] {dag.py:4138} INFO - Setting next_dagrun for airflow_sanity_check to None, run_after=None
[2026-07-14T13:20:23.764+0000] {processor.py:208} INFO - Processing /opt/airflow/dags/sanity_checks.py took 0.805 seconds
[2026-07-14T13:20:53.939+0000] {processor.py:186} INFO - Started process (PID=1181) to work on /opt/airflow/dags/sanity_checks.py
[2026-07-14T13:20:53.942+0000] {processor.py:914} INFO - Processing file /opt/airflow/dags/sanity_checks.py for tasks to queue
[2026-07-14T13:20:53.949+0000] {logging_mixin.py:190} INFO - [2026-07-14T13:20:53.948+0000] {dagbag.py:587} INFO - Filling up the DagBag from /opt/airflow/dags/sanity_checks.py
[2026-07-14T13:20:53.975+0000] {processor.py:925} INFO - DAG(s) 'airflow_sanity_check' retrieved from /opt/airflow/dags/sanity_checks.py
[2026-07-14T13:20:54.103+0000] {logging_mixin.py:190} INFO - [2026-07-14T13:20:54.102+0000] {dag.py:3211} INFO - Sync 1 DAGs
[2026-07-14T13:20:54.156+0000] {logging_mixin.py:190} INFO - [2026-07-14T13:20:54.156+0000] {dag.py:4138} INFO - Setting next_dagrun for airflow_sanity_check to None, run_after=None
[2026-07-14T13:20:54.199+0000] {processor.py:208} INFO - Processing /opt/airflow/dags/sanity_checks.py took 0.277 seconds
[2026-07-14T13:21:24.959+0000] {processor.py:186} INFO - Started process (PID=1191) to work on /opt/airflow/dags/sanity_checks.py
[2026-07-14T13:21:24.967+0000] {processor.py:914} INFO - Processing file /opt/airflow/dags/sanity_checks.py for tasks to queue
[2026-07-14T13:21:24.993+0000] {logging_mixin.py:190} INFO - [2026-07-14T13:21:24.991+0000] {dagbag.py:587} INFO - Filling up the DagBag from /opt/airflow/dags/sanity_checks.py
[2026-07-14T13:21:25.059+0000] {processor.py:925} INFO - DAG(s) 'airflow_sanity_check' retrieved from /opt/airflow/dags/sanity_checks.py
[2026-07-14T13:21:25.296+0000] {logging_mixin.py:190} INFO - [2026-07-14T13:21:25.294+0000] {dag.py:3211} INFO - Sync 1 DAGs
[2026-07-14T13:21:25.470+0000] {logging_mixin.py:190} INFO - [2026-07-14T13:21:25.456+0000] {dag.py:4138} INFO - Setting next_dagrun for airflow_sanity_check to None, run_after=None
[2026-07-14T13:21:25.569+0000] {processor.py:208} INFO - Processing /opt/airflow/dags/sanity_checks.py took 0.702 seconds
[2026-07-14T13:21:55.775+0000] {processor.py:186} INFO - Started process (PID=1201) to work on /opt/airflow/dags/sanity_checks.py
[2026-07-14T13:21:55.779+0000] {processor.py:914} INFO - Processing file /opt/airflow/dags/sanity_checks.py for tasks to queue
[2026-07-14T13:21:55.787+0000] {logging_mixin.py:190} INFO - [2026-07-14T13:21:55.786+0000] {dagbag.py:587} INFO - Filling up the DagBag from /opt/airflow/dags/sanity_checks.py
[2026-07-14T13:21:55.821+0000] {processor.py:925} INFO - DAG(s) 'airflow_sanity_check' retrieved from /opt/airflow/dags/sanity_checks.py
[2026-07-14T13:21:55.911+0000] {logging_mixin.py:190} INFO - [2026-07-14T13:21:55.910+0000] {dag.py:3211} INFO - Sync 1 DAGs
[2026-07-14T13:21:55.977+0000] {logging_mixin.py:190} INFO - [2026-07-14T13:21:55.977+0000] {dag.py:4138} INFO - Setting next_dagrun for airflow_sanity_check to None, run_after=None
[2026-07-14T13:21:56.061+0000] {processor.py:208} INFO - Processing /opt/airflow/dags/sanity_checks.py took 0.305 seconds
[2026-07-14T13:22:26.381+0000] {processor.py:186} INFO - Started process (PID=1211) to work on /opt/airflow/dags/sanity_checks.py
[2026-07-14T13:22:26.402+0000] {processor.py:914} INFO - Processing file /opt/airflow/dags/sanity_checks.py for tasks to queue
[2026-07-14T13:22:26.421+0000] {logging_mixin.py:190} INFO - [2026-07-14T13:22:26.420+0000] {dagbag.py:587} INFO - Filling up the DagBag from /opt/airflow/dags/sanity_checks.py
[2026-07-14T13:22:26.599+0000] {processor.py:925} INFO - DAG(s) 'airflow_sanity_check' retrieved from /opt/airflow/dags/sanity_checks.py
[2026-07-14T13:22:26.741+0000] {logging_mixin.py:190} INFO - [2026-07-14T13:22:26.740+0000] {dag.py:3211} INFO - Sync 1 DAGs
[2026-07-14T13:22:26.801+0000] {logging_mixin.py:190} INFO - [2026-07-14T13:22:26.800+0000] {dag.py:4138} INFO - Setting next_dagrun for airflow_sanity_check to None, run_after=None
[2026-07-14T13:22:26.837+0000] {processor.py:208} INFO - Processing /opt/airflow/dags/sanity_checks.py took 0.486 seconds
[2026-07-14T13:22:57.263+0000] {processor.py:186} INFO - Started process (PID=1221) to work on /opt/airflow/dags/sanity_checks.py
[2026-07-14T13:22:57.285+0000] {processor.py:914} INFO - Processing file /opt/airflow/dags/sanity_checks.py for tasks to queue
[2026-07-14T13:22:57.308+0000] {logging_mixin.py:190} INFO - [2026-07-14T13:22:57.307+0000] {dagbag.py:587} INFO - Filling up the DagBag from /opt/airflow/dags/sanity_checks.py
[2026-07-14T13:22:57.439+0000] {processor.py:925} INFO - DAG(s) 'airflow_sanity_check' retrieved from /opt/airflow/dags/sanity_checks.py
[2026-07-14T13:22:57.601+0000] {logging_mixin.py:190} INFO - [2026-07-14T13:22:57.600+0000] {dag.py:3211} INFO - Sync 1 DAGs
[2026-07-14T13:22:57.631+0000] {logging_mixin.py:190} INFO - [2026-07-14T13:22:57.631+0000] {dag.py:4138} INFO - Setting next_dagrun for airflow_sanity_check to None, run_after=None
[2026-07-14T13:22:57.667+0000] {processor.py:208} INFO - Processing /opt/airflow/dags/sanity_checks.py took 0.481 seconds
[2026-07-14T13:23:28.800+0000] {processor.py:186} INFO - Started process (PID=1231) to work on /opt/airflow/dags/sanity_checks.py
[2026-07-14T13:23:28.808+0000] {processor.py:914} INFO - Processing file /opt/airflow/dags/sanity_checks.py for tasks to queue
[2026-07-14T13:23:28.824+0000] {logging_mixin.py:190} INFO - [2026-07-14T13:23:28.822+0000] {dagbag.py:587} INFO - Filling up the DagBag from /opt/airflow/dags/sanity_checks.py
[2026-07-14T13:23:29.120+0000] {processor.py:925} INFO - DAG(s) 'airflow_sanity_check' retrieved from /opt/airflow/dags/sanity_checks.py
[2026-07-14T13:23:29.444+0000] {logging_mixin.py:190} INFO - [2026-07-14T13:23:29.443+0000] {dag.py:3211} INFO - Sync 1 DAGs
[2026-07-14T13:23:29.779+0000] {logging_mixin.py:190} INFO - [2026-07-14T13:23:29.778+0000] {dag.py:4138} INFO - Setting next_dagrun for airflow_sanity_check to None, run_after=None
[2026-07-14T13:23:30.091+0000] {processor.py:208} INFO - Processing /opt/airflow/dags/sanity_checks.py took 1.437 seconds
[2026-07-14T13:24:00.527+0000] {processor.py:186} INFO - Started process (PID=1241) to work on /opt/airflow/dags/sanity_checks.py
[2026-07-14T13:24:00.530+0000] {processor.py:914} INFO - Processing file /opt/airflow/dags/sanity_checks.py for tasks to queue
[2026-07-14T13:24:00.552+0000] {logging_mixin.py:190} INFO - [2026-07-14T13:24:00.551+0000] {dagbag.py:587} INFO - Filling up the DagBag from /opt/airflow/dags/sanity_checks.py
[2026-07-14T13:24:00.613+0000] {processor.py:925} INFO - DAG(s) 'airflow_sanity_check' retrieved from /opt/airflow/dags/sanity_checks.py
[2026-07-14T13:24:00.729+0000] {logging_mixin.py:190} INFO - [2026-07-14T13:24:00.728+0000] {dag.py:3211} INFO - Sync 1 DAGs
[2026-07-14T13:24:00.841+0000] {logging_mixin.py:190} INFO - [2026-07-14T13:24:00.839+0000] {dag.py:4138} INFO - Setting next_dagrun for airflow_sanity_check to None, run_after=None
[2026-07-14T13:24:01.004+0000] {processor.py:208} INFO - Processing /opt/airflow/dags/sanity_checks.py took 0.507 seconds
[2026-07-14T13:24:31.346+0000] {processor.py:186} INFO - Started process (PID=1251) to work on /opt/airflow/dags/sanity_checks.py
[2026-07-14T13:24:31.349+0000] {processor.py:914} INFO - Processing file /opt/airflow/dags/sanity_checks.py for tasks to queue
[2026-07-14T13:24:31.361+0000] {logging_mixin.py:190} INFO - [2026-07-14T13:24:31.360+0000] {dagbag.py:587} INFO - Filling up the DagBag from /opt/airflow/dags/sanity_checks.py
[2026-07-14T13:24:31.392+0000] {processor.py:925} INFO - DAG(s) 'airflow_sanity_check' retrieved from /opt/airflow/dags/sanity_checks.py
[2026-07-14T13:24:31.456+0000] {logging_mixin.py:190} INFO - [2026-07-14T13:24:31.456+0000] {dag.py:3211} INFO - Sync 1 DAGs
[2026-07-14T13:24:31.508+0000] {logging_mixin.py:190} INFO - [2026-07-14T13:24:31.508+0000] {dag.py:4138} INFO - Setting next_dagrun for airflow_sanity_check to None, run_after=None
[2026-07-14T13:24:31.578+0000] {processor.py:208} INFO - Processing /opt/airflow/dags/sanity_checks.py took 0.256 seconds
[2026-07-14T13:25:02.782+0000] {processor.py:186} INFO - Started process (PID=1261) to work on /opt/airflow/dags/sanity_checks.py
[2026-07-14T13:25:02.790+0000] {processor.py:914} INFO - Processing file /opt/airflow/dags/sanity_checks.py for tasks to queue
[2026-07-14T13:25:02.856+0000] {logging_mixin.py:190} INFO - [2026-07-14T13:25:02.855+0000] {dagbag.py:587} INFO - Filling up the DagBag from /opt/airflow/dags/sanity_checks.py
[2026-07-14T13:25:02.933+0000] {processor.py:925} INFO - DAG(s) 'airflow_sanity_check' retrieved from /opt/airflow/dags/sanity_checks.py
[2026-07-14T13:25:03.010+0000] {logging_mixin.py:190} INFO - [2026-07-14T13:25:03.009+0000] {dag.py:3211} INFO - Sync 1 DAGs
[2026-07-14T13:25:03.065+0000] {logging_mixin.py:190} INFO - [2026-07-14T13:25:03.064+0000] {dag.py:4138} INFO - Setting next_dagrun for airflow_sanity_check to None, run_after=None
[2026-07-14T13:25:03.126+0000] {processor.py:208} INFO - Processing /opt/airflow/dags/sanity_checks.py took 0.385 seconds
[2026-07-14T13:25:33.942+0000] {processor.py:186} INFO - Started process (PID=1271) to work on /opt/airflow/dags/sanity_checks.py
[2026-07-14T13:25:33.970+0000] {processor.py:914} INFO - Processing file /opt/airflow/dags/sanity_checks.py for tasks to queue
[2026-07-14T13:25:33.985+0000] {logging_mixin.py:190} INFO - [2026-07-14T13:25:33.980+0000] {dagbag.py:587} INFO - Filling up the DagBag from /opt/airflow/dags/sanity_checks.py
[2026-07-14T13:25:34.158+0000] {processor.py:925} INFO - DAG(s) 'airflow_sanity_check' retrieved from /opt/airflow/dags/sanity_checks.py
[2026-07-14T13:25:34.330+0000] {logging_mixin.py:190} INFO - [2026-07-14T13:25:34.329+0000] {dag.py:3211} INFO - Sync 1 DAGs
[2026-07-14T13:25:34.530+0000] {logging_mixin.py:190} INFO - [2026-07-14T13:25:34.530+0000] {dag.py:4138} INFO - Setting next_dagrun for airflow_sanity_check to None, run_after=None
[2026-07-14T13:25:34.716+0000] {processor.py:208} INFO - Processing /opt/airflow/dags/sanity_checks.py took 0.848 seconds
[2026-07-14T13:26:05.082+0000] {processor.py:186} INFO - Started process (PID=1281) to work on /opt/airflow/dags/sanity_checks.py
[2026-07-14T13:26:05.109+0000] {processor.py:914} INFO - Processing file /opt/airflow/dags/sanity_checks.py for tasks to queue
[2026-07-14T13:26:05.122+0000] {logging_mixin.py:190} INFO - [2026-07-14T13:26:05.118+0000] {dagbag.py:587} INFO - Filling up the DagBag from /opt/airflow/dags/sanity_checks.py
[2026-07-14T13:26:05.289+0000] {processor.py:925} INFO - DAG(s) 'airflow_sanity_check' retrieved from /opt/airflow/dags/sanity_checks.py
[2026-07-14T13:26:05.678+0000] {logging_mixin.py:190} INFO - [2026-07-14T13:26:05.676+0000] {dag.py:3211} INFO - Sync 1 DAGs
[2026-07-14T13:26:05.970+0000] {logging_mixin.py:190} INFO - [2026-07-14T13:26:05.970+0000] {dag.py:4138} INFO - Setting next_dagrun for airflow_sanity_check to None, run_after=None
[2026-07-14T13:26:06.226+0000] {processor.py:208} INFO - Processing /opt/airflow/dags/sanity_checks.py took 1.253 seconds
[2026-07-14T13:26:36.406+0000] {processor.py:186} INFO - Started process (PID=1291) to work on /opt/airflow/dags/sanity_checks.py
[2026-07-14T13:26:36.410+0000] {processor.py:914} INFO - Processing file /opt/airflow/dags/sanity_checks.py for tasks to queue
[2026-07-14T13:26:36.425+0000] {logging_mixin.py:190} INFO - [2026-07-14T13:26:36.423+0000] {dagbag.py:587} INFO - Filling up the DagBag from /opt/airflow/dags/sanity_checks.py
[2026-07-14T13:26:36.463+0000] {processor.py:925} INFO - DAG(s) 'airflow_sanity_check' retrieved from /opt/airflow/dags/sanity_checks.py
[2026-07-14T13:26:36.562+0000] {logging_mixin.py:190} INFO - [2026-07-14T13:26:36.561+0000] {dag.py:3211} INFO - Sync 1 DAGs
[2026-07-14T13:26:36.608+0000] {logging_mixin.py:190} INFO - [2026-07-14T13:26:36.607+0000] {dag.py:4138} INFO - Setting next_dagrun for airflow_sanity_check to None, run_after=None
[2026-07-14T13:26:36.657+0000] {processor.py:208} INFO - Processing /opt/airflow/dags/sanity_checks.py took 0.268 seconds
[2026-07-14T13:27:07.711+0000] {processor.py:186} INFO - Started process (PID=1301) to work on /opt/airflow/dags/sanity_checks.py
[2026-07-14T13:27:07.724+0000] {processor.py:914} INFO - Processing file /opt/airflow/dags/sanity_checks.py for tasks to queue
[2026-07-14T13:27:07.943+0000] {logging_mixin.py:190} INFO - [2026-07-14T13:27:07.920+0000] {dagbag.py:587} INFO - Filling up the DagBag from /opt/airflow/dags/sanity_checks.py
[2026-07-14T13:27:08.035+0000] {processor.py:925} INFO - DAG(s) 'airflow_sanity_check' retrieved from /opt/airflow/dags/sanity_checks.py
[2026-07-14T13:27:08.279+0000] {logging_mixin.py:190} INFO - [2026-07-14T13:27:08.278+0000] {dag.py:3211} INFO - Sync 1 DAGs
[2026-07-14T13:27:08.465+0000] {logging_mixin.py:190} INFO - [2026-07-14T13:27:08.464+0000] {dag.py:4138} INFO - Setting next_dagrun for airflow_sanity_check to None, run_after=None
[2026-07-14T13:27:08.669+0000] {processor.py:208} INFO - Processing /opt/airflow/dags/sanity_checks.py took 1.059 seconds
[2026-07-14T13:27:39.357+0000] {processor.py:186} INFO - Started process (PID=1311) to work on /opt/airflow/dags/sanity_checks.py
[2026-07-14T13:27:39.431+0000] {processor.py:914} INFO - Processing file /opt/airflow/dags/sanity_checks.py for tasks to queue
[2026-07-14T13:27:39.499+0000] {logging_mixin.py:190} INFO - [2026-07-14T13:27:39.498+0000] {dagbag.py:587} INFO - Filling up the DagBag from /opt/airflow/dags/sanity_checks.py
[2026-07-14T13:27:39.585+0000] {processor.py:925} INFO - DAG(s) 'airflow_sanity_check' retrieved from /opt/airflow/dags/sanity_checks.py
[2026-07-14T13:27:39.787+0000] {logging_mixin.py:190} INFO - [2026-07-14T13:27:39.786+0000] {dag.py:3211} INFO - Sync 1 DAGs
[2026-07-14T13:27:39.987+0000] {logging_mixin.py:190} INFO - [2026-07-14T13:27:39.975+0000] {dag.py:4138} INFO - Setting next_dagrun for airflow_sanity_check to None, run_after=None
[2026-07-14T13:27:40.248+0000] {processor.py:208} INFO - Processing /opt/airflow/dags/sanity_checks.py took 0.987 seconds
[2026-07-14T13:28:11.358+0000] {processor.py:186} INFO - Started process (PID=1321) to work on /opt/airflow/dags/sanity_checks.py
[2026-07-14T13:28:11.364+0000] {processor.py:914} INFO - Processing file /opt/airflow/dags/sanity_checks.py for tasks to queue
[2026-07-14T13:28:11.410+0000] {logging_mixin.py:190} INFO - [2026-07-14T13:28:11.409+0000] {dagbag.py:587} INFO - Filling up the DagBag from /opt/airflow/dags/sanity_checks.py
[2026-07-14T13:28:11.618+0000] {processor.py:925} INFO - DAG(s) 'airflow_sanity_check' retrieved from /opt/airflow/dags/sanity_checks.py
[2026-07-14T13:28:11.898+0000] {logging_mixin.py:190} INFO - [2026-07-14T13:28:11.888+0000] {dag.py:3211} INFO - Sync 1 DAGs
[2026-07-14T13:28:12.090+0000] {logging_mixin.py:190} INFO - [2026-07-14T13:28:12.090+0000] {dag.py:4138} INFO - Setting next_dagrun for airflow_sanity_check to None, run_after=None
[2026-07-14T13:28:12.297+0000] {processor.py:208} INFO - Processing /opt/airflow/dags/sanity_checks.py took 0.989 seconds
[2026-07-14T13:28:42.705+0000] {processor.py:186} INFO - Started process (PID=1331) to work on /opt/airflow/dags/sanity_checks.py
[2026-07-14T13:28:42.712+0000] {processor.py:914} INFO - Processing file /opt/airflow/dags/sanity_checks.py for tasks to queue
[2026-07-14T13:28:42.756+0000] {logging_mixin.py:190} INFO - [2026-07-14T13:28:42.752+0000] {dagbag.py:587} INFO - Filling up the DagBag from /opt/airflow/dags/sanity_checks.py
[2026-07-14T13:28:42.856+0000] {processor.py:925} INFO - DAG(s) 'airflow_sanity_check' retrieved from /opt/airflow/dags/sanity_checks.py
[2026-07-14T13:28:43.246+0000] {logging_mixin.py:190} INFO - [2026-07-14T13:28:43.245+0000] {dag.py:3211} INFO - Sync 1 DAGs
[2026-07-14T13:28:43.358+0000] {logging_mixin.py:190} INFO - [2026-07-14T13:28:43.357+0000] {dag.py:4138} INFO - Setting next_dagrun for airflow_sanity_check to None, run_after=None
[2026-07-14T13:28:43.557+0000] {processor.py:208} INFO - Processing /opt/airflow/dags/sanity_checks.py took 0.875 seconds
[2026-07-14T13:29:14.568+0000] {processor.py:186} INFO - Started process (PID=1341) to work on /opt/airflow/dags/sanity_checks.py
[2026-07-14T13:29:14.580+0000] {processor.py:914} INFO - Processing file /opt/airflow/dags/sanity_checks.py for tasks to queue
[2026-07-14T13:29:14.642+0000] {logging_mixin.py:190} INFO - [2026-07-14T13:29:14.641+0000] {dagbag.py:587} INFO - Filling up the DagBag from /opt/airflow/dags/sanity_checks.py
[2026-07-14T13:29:14.977+0000] {processor.py:925} INFO - DAG(s) 'airflow_sanity_check' retrieved from /opt/airflow/dags/sanity_checks.py
[2026-07-14T13:29:15.222+0000] {logging_mixin.py:190} INFO - [2026-07-14T13:29:15.221+0000] {dag.py:3211} INFO - Sync 1 DAGs
[2026-07-14T13:29:15.352+0000] {logging_mixin.py:190} INFO - [2026-07-14T13:29:15.347+0000] {dag.py:4138} INFO - Setting next_dagrun for airflow_sanity_check to None, run_after=None
[2026-07-14T13:29:15.656+0000] {processor.py:208} INFO - Processing /opt/airflow/dags/sanity_checks.py took 1.178 seconds
[2026-07-14T13:29:46.195+0000] {processor.py:186} INFO - Started process (PID=1351) to work on /opt/airflow/dags/sanity_checks.py
[2026-07-14T13:29:46.257+0000] {processor.py:914} INFO - Processing file /opt/airflow/dags/sanity_checks.py for tasks to queue
[2026-07-14T13:29:46.348+0000] {logging_mixin.py:190} INFO - [2026-07-14T13:29:46.346+0000] {dagbag.py:587} INFO - Filling up the DagBag from /opt/airflow/dags/sanity_checks.py
[2026-07-14T13:29:46.685+0000] {processor.py:925} INFO - DAG(s) 'airflow_sanity_check' retrieved from /opt/airflow/dags/sanity_checks.py
[2026-07-14T13:29:47.870+0000] {logging_mixin.py:190} INFO - [2026-07-14T13:29:47.869+0000] {dag.py:3211} INFO - Sync 1 DAGs
[2026-07-14T13:29:48.566+0000] {logging_mixin.py:190} INFO - [2026-07-14T13:29:48.563+0000] {dag.py:4138} INFO - Setting next_dagrun for airflow_sanity_check to None, run_after=None
[2026-07-14T13:29:48.846+0000] {processor.py:208} INFO - Processing /opt/airflow/dags/sanity_checks.py took 2.749 seconds
[2026-07-14T13:30:19.282+0000] {processor.py:186} INFO - Started process (PID=1361) to work on /opt/airflow/dags/sanity_checks.py
[2026-07-14T13:30:19.289+0000] {processor.py:914} INFO - Processing file /opt/airflow/dags/sanity_checks.py for tasks to queue
[2026-07-14T13:30:19.312+0000] {logging_mixin.py:190} INFO - [2026-07-14T13:30:19.309+0000] {dagbag.py:587} INFO - Filling up the DagBag from /opt/airflow/dags/sanity_checks.py
[2026-07-14T13:30:19.601+0000] {processor.py:925} INFO - DAG(s) 'airflow_sanity_check' retrieved from /opt/airflow/dags/sanity_checks.py
[2026-07-14T13:30:19.941+0000] {logging_mixin.py:190} INFO - [2026-07-14T13:30:19.938+0000] {dag.py:3211} INFO - Sync 1 DAGs
[2026-07-14T13:30:20.425+0000] {logging_mixin.py:190} INFO - [2026-07-14T13:30:20.419+0000] {dag.py:4138} INFO - Setting next_dagrun for airflow_sanity_check to None, run_after=None
[2026-07-14T13:30:20.592+0000] {processor.py:208} INFO - Processing /opt/airflow/dags/sanity_checks.py took 1.433 seconds
[2026-07-14T13:30:51.293+0000] {processor.py:186} INFO - Started process (PID=1371) to work on /opt/airflow/dags/sanity_checks.py
[2026-07-14T13:30:51.297+0000] {processor.py:914} INFO - Processing file /opt/airflow/dags/sanity_checks.py for tasks to queue
[2026-07-14T13:30:51.319+0000] {logging_mixin.py:190} INFO - [2026-07-14T13:30:51.318+0000] {dagbag.py:587} INFO - Filling up the DagBag from /opt/airflow/dags/sanity_checks.py
[2026-07-14T13:30:51.394+0000] {processor.py:925} INFO - DAG(s) 'airflow_sanity_check' retrieved from /opt/airflow/dags/sanity_checks.py
[2026-07-14T13:30:51.642+0000] {logging_mixin.py:190} INFO - [2026-07-14T13:30:51.642+0000] {dag.py:3211} INFO - Sync 1 DAGs
[2026-07-14T13:30:51.867+0000] {logging_mixin.py:190} INFO - [2026-07-14T13:30:51.866+0000] {dag.py:4138} INFO - Setting next_dagrun for airflow_sanity_check to None, run_after=None
[2026-07-14T13:30:51.946+0000] {processor.py:208} INFO - Processing /opt/airflow/dags/sanity_checks.py took 0.706 seconds
[2026-07-14T13:31:22.994+0000] {processor.py:186} INFO - Started process (PID=1381) to work on /opt/airflow/dags/sanity_checks.py
[2026-07-14T13:31:23.001+0000] {processor.py:914} INFO - Processing file /opt/airflow/dags/sanity_checks.py for tasks to queue
[2026-07-14T13:31:23.036+0000] {logging_mixin.py:190} INFO - [2026-07-14T13:31:23.033+0000] {dagbag.py:587} INFO - Filling up the DagBag from /opt/airflow/dags/sanity_checks.py
[2026-07-14T13:31:23.335+0000] {processor.py:925} INFO - DAG(s) 'airflow_sanity_check' retrieved from /opt/airflow/dags/sanity_checks.py
[2026-07-14T13:31:23.686+0000] {logging_mixin.py:190} INFO - [2026-07-14T13:31:23.686+0000] {dag.py:3211} INFO - Sync 1 DAGs
[2026-07-14T13:31:23.834+0000] {logging_mixin.py:190} INFO - [2026-07-14T13:31:23.833+0000] {dag.py:4138} INFO - Setting next_dagrun for airflow_sanity_check to None, run_after=None
[2026-07-14T13:31:24.110+0000] {processor.py:208} INFO - Processing /opt/airflow/dags/sanity_checks.py took 1.196 seconds
[2026-07-14T13:31:55.187+0000] {processor.py:186} INFO - Started process (PID=1391) to work on /opt/airflow/dags/sanity_checks.py
[2026-07-14T13:31:55.192+0000] {processor.py:914} INFO - Processing file /opt/airflow/dags/sanity_checks.py for tasks to queue
[2026-07-14T13:31:55.202+0000] {logging_mixin.py:190} INFO - [2026-07-14T13:31:55.201+0000] {dagbag.py:587} INFO - Filling up the DagBag from /opt/airflow/dags/sanity_checks.py
[2026-07-14T13:31:55.249+0000] {processor.py:925} INFO - DAG(s) 'airflow_sanity_check' retrieved from /opt/airflow/dags/sanity_checks.py
[2026-07-14T13:31:55.377+0000] {logging_mixin.py:190} INFO - [2026-07-14T13:31:55.375+0000] {dag.py:3211} INFO - Sync 1 DAGs
[2026-07-14T13:31:55.641+0000] {logging_mixin.py:190} INFO - [2026-07-14T13:31:55.640+0000] {dag.py:4138} INFO - Setting next_dagrun for airflow_sanity_check to None, run_after=None
[2026-07-14T13:31:55.888+0000] {processor.py:208} INFO - Processing /opt/airflow/dags/sanity_checks.py took 0.723 seconds
[2026-07-14T13:32:26.231+0000] {processor.py:186} INFO - Started process (PID=1401) to work on /opt/airflow/dags/sanity_checks.py
[2026-07-14T13:32:26.263+0000] {processor.py:914} INFO - Processing file /opt/airflow/dags/sanity_checks.py for tasks to queue
[2026-07-14T13:32:26.273+0000] {logging_mixin.py:190} INFO - [2026-07-14T13:32:26.271+0000] {dagbag.py:587} INFO - Filling up the DagBag from /opt/airflow/dags/sanity_checks.py
[2026-07-14T13:32:26.333+0000] {processor.py:925} INFO - DAG(s) 'airflow_sanity_check' retrieved from /opt/airflow/dags/sanity_checks.py
[2026-07-14T13:32:26.480+0000] {logging_mixin.py:190} INFO - [2026-07-14T13:32:26.479+0000] {dag.py:3211} INFO - Sync 1 DAGs
[2026-07-14T13:32:26.564+0000] {logging_mixin.py:190} INFO - [2026-07-14T13:32:26.564+0000] {dag.py:4138} INFO - Setting next_dagrun for airflow_sanity_check to None, run_after=None
[2026-07-14T13:32:26.647+0000] {processor.py:208} INFO - Processing /opt/airflow/dags/sanity_checks.py took 0.440 seconds
[2026-07-14T13:32:57.147+0000] {processor.py:186} INFO - Started process (PID=1411) to work on /opt/airflow/dags/sanity_checks.py
[2026-07-14T13:32:57.164+0000] {processor.py:914} INFO - Processing file /opt/airflow/dags/sanity_checks.py for tasks to queue
[2026-07-14T13:32:57.190+0000] {logging_mixin.py:190} INFO - [2026-07-14T13:32:57.189+0000] {dagbag.py:587} INFO - Filling up the DagBag from /opt/airflow/dags/sanity_checks.py
[2026-07-14T13:32:57.378+0000] {processor.py:925} INFO - DAG(s) 'airflow_sanity_check' retrieved from /opt/airflow/dags/sanity_checks.py
[2026-07-14T13:32:57.804+0000] {logging_mixin.py:190} INFO - [2026-07-14T13:32:57.803+0000] {dag.py:3211} INFO - Sync 1 DAGs
[2026-07-14T13:32:57.889+0000] {logging_mixin.py:190} INFO - [2026-07-14T13:32:57.889+0000] {dag.py:4138} INFO - Setting next_dagrun for airflow_sanity_check to None, run_after=None
[2026-07-14T13:32:58.122+0000] {processor.py:208} INFO - Processing /opt/airflow/dags/sanity_checks.py took 1.030 seconds
[2026-07-14T13:33:29.176+0000] {processor.py:186} INFO - Started process (PID=1421) to work on /opt/airflow/dags/sanity_checks.py
[2026-07-14T13:33:29.181+0000] {processor.py:914} INFO - Processing file /opt/airflow/dags/sanity_checks.py for tasks to queue
[2026-07-14T13:33:29.215+0000] {logging_mixin.py:190} INFO - [2026-07-14T13:33:29.214+0000] {dagbag.py:587} INFO - Filling up the DagBag from /opt/airflow/dags/sanity_checks.py
[2026-07-14T13:33:29.273+0000] {processor.py:925} INFO - DAG(s) 'airflow_sanity_check' retrieved from /opt/airflow/dags/sanity_checks.py
[2026-07-14T13:33:29.435+0000] {logging_mixin.py:190} INFO - [2026-07-14T13:33:29.434+0000] {dag.py:3211} INFO - Sync 1 DAGs
[2026-07-14T13:33:29.672+0000] {logging_mixin.py:190} INFO - [2026-07-14T13:33:29.671+0000] {dag.py:4138} INFO - Setting next_dagrun for airflow_sanity_check to None, run_after=None
[2026-07-14T13:33:29.743+0000] {processor.py:208} INFO - Processing /opt/airflow/dags/sanity_checks.py took 0.610 seconds
[2026-07-14T13:34:00.707+0000] {processor.py:186} INFO - Started process (PID=1431) to work on /opt/airflow/dags/sanity_checks.py
[2026-07-14T13:34:00.728+0000] {processor.py:914} INFO - Processing file /opt/airflow/dags/sanity_checks.py for tasks to queue
[2026-07-14T13:34:00.746+0000] {logging_mixin.py:190} INFO - [2026-07-14T13:34:00.745+0000] {dagbag.py:587} INFO - Filling up the DagBag from /opt/airflow/dags/sanity_checks.py
[2026-07-14T13:34:00.828+0000] {processor.py:925} INFO - DAG(s) 'airflow_sanity_check' retrieved from /opt/airflow/dags/sanity_checks.py
[2026-07-14T13:34:01.025+0000] {logging_mixin.py:190} INFO - [2026-07-14T13:34:01.024+0000] {dag.py:3211} INFO - Sync 1 DAGs
[2026-07-14T13:34:01.155+0000] {logging_mixin.py:190} INFO - [2026-07-14T13:34:01.154+0000] {dag.py:4138} INFO - Setting next_dagrun for airflow_sanity_check to None, run_after=None
[2026-07-14T13:34:01.271+0000] {processor.py:208} INFO - Processing /opt/airflow/dags/sanity_checks.py took 0.664 seconds
[2026-07-14T13:34:31.532+0000] {processor.py:186} INFO - Started process (PID=1441) to work on /opt/airflow/dags/sanity_checks.py
[2026-07-14T13:34:31.540+0000] {processor.py:914} INFO - Processing file /opt/airflow/dags/sanity_checks.py for tasks to queue
[2026-07-14T13:34:31.559+0000] {logging_mixin.py:190} INFO - [2026-07-14T13:34:31.558+0000] {dagbag.py:587} INFO - Filling up the DagBag from /opt/airflow/dags/sanity_checks.py
[2026-07-14T13:34:31.716+0000] {processor.py:925} INFO - DAG(s) 'airflow_sanity_check' retrieved from /opt/airflow/dags/sanity_checks.py
[2026-07-14T13:34:32.040+0000] {logging_mixin.py:190} INFO - [2026-07-14T13:34:32.039+0000] {dag.py:3211} INFO - Sync 1 DAGs
[2026-07-14T13:34:32.184+0000] {logging_mixin.py:190} INFO - [2026-07-14T13:34:32.183+0000] {dag.py:4138} INFO - Setting next_dagrun for airflow_sanity_check to None, run_after=None
[2026-07-14T13:34:32.349+0000] {processor.py:208} INFO - Processing /opt/airflow/dags/sanity_checks.py took 0.919 seconds
[2026-07-14T13:35:03.151+0000] {processor.py:186} INFO - Started process (PID=1451) to work on /opt/airflow/dags/sanity_checks.py
[2026-07-14T13:35:03.162+0000] {processor.py:914} INFO - Processing file /opt/airflow/dags/sanity_checks.py for tasks to queue
[2026-07-14T13:35:03.211+0000] {logging_mixin.py:190} INFO - [2026-07-14T13:35:03.210+0000] {dagbag.py:587} INFO - Filling up the DagBag from /opt/airflow/dags/sanity_checks.py
[2026-07-14T13:35:03.479+0000] {processor.py:925} INFO - DAG(s) 'airflow_sanity_check' retrieved from /opt/airflow/dags/sanity_checks.py
[2026-07-14T13:35:03.728+0000] {logging_mixin.py:190} INFO - [2026-07-14T13:35:03.727+0000] {dag.py:3211} INFO - Sync 1 DAGs
[2026-07-14T13:35:03.869+0000] {logging_mixin.py:190} INFO - [2026-07-14T13:35:03.868+0000] {dag.py:4138} INFO - Setting next_dagrun for airflow_sanity_check to None, run_after=None
[2026-07-14T13:35:04.070+0000] {processor.py:208} INFO - Processing /opt/airflow/dags/sanity_checks.py took 0.959 seconds
[2026-07-14T13:35:35.045+0000] {processor.py:186} INFO - Started process (PID=1461) to work on /opt/airflow/dags/sanity_checks.py
[2026-07-14T13:35:35.052+0000] {processor.py:914} INFO - Processing file /opt/airflow/dags/sanity_checks.py for tasks to queue
[2026-07-14T13:35:35.066+0000] {logging_mixin.py:190} INFO - [2026-07-14T13:35:35.064+0000] {dagbag.py:587} INFO - Filling up the DagBag from /opt/airflow/dags/sanity_checks.py
[2026-07-14T13:35:35.114+0000] {processor.py:925} INFO - DAG(s) 'airflow_sanity_check' retrieved from /opt/airflow/dags/sanity_checks.py
[2026-07-14T13:35:35.513+0000] {logging_mixin.py:190} INFO - [2026-07-14T13:35:35.512+0000] {dag.py:3211} INFO - Sync 1 DAGs
[2026-07-14T13:35:35.656+0000] {logging_mixin.py:190} INFO - [2026-07-14T13:35:35.655+0000] {dag.py:4138} INFO - Setting next_dagrun for airflow_sanity_check to None, run_after=None
[2026-07-14T13:35:35.746+0000] {processor.py:208} INFO - Processing /opt/airflow/dags/sanity_checks.py took 0.758 seconds
[2026-07-14T13:36:06.173+0000] {processor.py:186} INFO - Started process (PID=1471) to work on /opt/airflow/dags/sanity_checks.py
[2026-07-14T13:36:06.178+0000] {processor.py:914} INFO - Processing file /opt/airflow/dags/sanity_checks.py for tasks to queue
[2026-07-14T13:36:06.196+0000] {logging_mixin.py:190} INFO - [2026-07-14T13:36:06.194+0000] {dagbag.py:587} INFO - Filling up the DagBag from /opt/airflow/dags/sanity_checks.py
[2026-07-14T13:36:06.343+0000] {processor.py:925} INFO - DAG(s) 'airflow_sanity_check' retrieved from /opt/airflow/dags/sanity_checks.py
[2026-07-14T13:36:06.520+0000] {logging_mixin.py:190} INFO - [2026-07-14T13:36:06.519+0000] {dag.py:3211} INFO - Sync 1 DAGs
[2026-07-14T13:36:06.642+0000] {logging_mixin.py:190} INFO - [2026-07-14T13:36:06.629+0000] {dag.py:4138} INFO - Setting next_dagrun for airflow_sanity_check to None, run_after=None
[2026-07-14T13:36:06.914+0000] {processor.py:208} INFO - Processing /opt/airflow/dags/sanity_checks.py took 0.785 seconds
[2026-07-14T13:36:37.309+0000] {processor.py:186} INFO - Started process (PID=1481) to work on /opt/airflow/dags/sanity_checks.py
[2026-07-14T13:36:37.311+0000] {processor.py:914} INFO - Processing file /opt/airflow/dags/sanity_checks.py for tasks to queue
[2026-07-14T13:36:37.314+0000] {logging_mixin.py:190} INFO - [2026-07-14T13:36:37.314+0000] {dagbag.py:587} INFO - Filling up the DagBag from /opt/airflow/dags/sanity_checks.py
[2026-07-14T13:36:37.330+0000] {processor.py:925} INFO - DAG(s) 'airflow_sanity_check' retrieved from /opt/airflow/dags/sanity_checks.py
[2026-07-14T13:36:37.384+0000] {logging_mixin.py:190} INFO - [2026-07-14T13:36:37.383+0000] {dag.py:3211} INFO - Sync 1 DAGs
[2026-07-14T13:36:37.415+0000] {logging_mixin.py:190} INFO - [2026-07-14T13:36:37.414+0000] {dag.py:4138} INFO - Setting next_dagrun for airflow_sanity_check to None, run_after=None
[2026-07-14T13:36:37.444+0000] {processor.py:208} INFO - Processing /opt/airflow/dags/sanity_checks.py took 0.144 seconds
[2026-07-14T13:37:07.882+0000] {processor.py:186} INFO - Started process (PID=1491) to work on /opt/airflow/dags/sanity_checks.py
[2026-07-14T13:37:07.883+0000] {processor.py:914} INFO - Processing file /opt/airflow/dags/sanity_checks.py for tasks to queue
[2026-07-14T13:37:07.887+0000] {logging_mixin.py:190} INFO - [2026-07-14T13:37:07.887+0000] {dagbag.py:587} INFO - Filling up the DagBag from /opt/airflow/dags/sanity_checks.py
[2026-07-14T13:37:07.904+0000] {processor.py:925} INFO - DAG(s) 'airflow_sanity_check' retrieved from /opt/airflow/dags/sanity_checks.py
[2026-07-14T13:37:07.948+0000] {logging_mixin.py:190} INFO - [2026-07-14T13:37:07.947+0000] {dag.py:3211} INFO - Sync 1 DAGs
[2026-07-14T13:37:07.971+0000] {logging_mixin.py:190} INFO - [2026-07-14T13:37:07.970+0000] {dag.py:4138} INFO - Setting next_dagrun for airflow_sanity_check to None, run_after=None
[2026-07-14T13:37:08.000+0000] {processor.py:208} INFO - Processing /opt/airflow/dags/sanity_checks.py took 0.127 seconds
[2026-07-14T13:37:38.366+0000] {processor.py:186} INFO - Started process (PID=1501) to work on /opt/airflow/dags/sanity_checks.py
[2026-07-14T13:37:38.368+0000] {processor.py:914} INFO - Processing file /opt/airflow/dags/sanity_checks.py for tasks to queue
[2026-07-14T13:37:38.371+0000] {logging_mixin.py:190} INFO - [2026-07-14T13:37:38.371+0000] {dagbag.py:587} INFO - Filling up the DagBag from /opt/airflow/dags/sanity_checks.py
[2026-07-14T13:37:38.387+0000] {processor.py:925} INFO - DAG(s) 'airflow_sanity_check' retrieved from /opt/airflow/dags/sanity_checks.py
[2026-07-14T13:37:38.433+0000] {logging_mixin.py:190} INFO - [2026-07-14T13:37:38.432+0000] {dag.py:3211} INFO - Sync 1 DAGs
[2026-07-14T13:37:38.457+0000] {logging_mixin.py:190} INFO - [2026-07-14T13:37:38.456+0000] {dag.py:4138} INFO - Setting next_dagrun for airflow_sanity_check to None, run_after=None
[2026-07-14T13:37:38.486+0000] {processor.py:208} INFO - Processing /opt/airflow/dags/sanity_checks.py took 0.129 seconds
[2026-07-14T13:38:08.771+0000] {processor.py:186} INFO - Started process (PID=1511) to work on /opt/airflow/dags/sanity_checks.py
[2026-07-14T13:38:08.773+0000] {processor.py:914} INFO - Processing file /opt/airflow/dags/sanity_checks.py for tasks to queue
[2026-07-14T13:38:08.777+0000] {logging_mixin.py:190} INFO - [2026-07-14T13:38:08.776+0000] {dagbag.py:587} INFO - Filling up the DagBag from /opt/airflow/dags/sanity_checks.py
[2026-07-14T13:38:08.793+0000] {processor.py:925} INFO - DAG(s) 'airflow_sanity_check' retrieved from /opt/airflow/dags/sanity_checks.py
[2026-07-14T13:38:08.836+0000] {logging_mixin.py:190} INFO - [2026-07-14T13:38:08.836+0000] {dag.py:3211} INFO - Sync 1 DAGs
[2026-07-14T13:38:08.859+0000] {logging_mixin.py:190} INFO - [2026-07-14T13:38:08.858+0000] {dag.py:4138} INFO - Setting next_dagrun for airflow_sanity_check to None, run_after=None
[2026-07-14T13:38:08.884+0000] {processor.py:208} INFO - Processing /opt/airflow/dags/sanity_checks.py took 0.121 seconds
[2026-07-14T13:38:39.261+0000] {processor.py:186} INFO - Started process (PID=1521) to work on /opt/airflow/dags/sanity_checks.py
[2026-07-14T13:38:39.262+0000] {processor.py:914} INFO - Processing file /opt/airflow/dags/sanity_checks.py for tasks to queue
[2026-07-14T13:38:39.266+0000] {logging_mixin.py:190} INFO - [2026-07-14T13:38:39.266+0000] {dagbag.py:587} INFO - Filling up the DagBag from /opt/airflow/dags/sanity_checks.py
[2026-07-14T13:38:39.280+0000] {processor.py:925} INFO - DAG(s) 'airflow_sanity_check' retrieved from /opt/airflow/dags/sanity_checks.py
[2026-07-14T13:38:39.321+0000] {logging_mixin.py:190} INFO - [2026-07-14T13:38:39.321+0000] {dag.py:3211} INFO - Sync 1 DAGs
[2026-07-14T13:38:39.341+0000] {logging_mixin.py:190} INFO - [2026-07-14T13:38:39.341+0000] {dag.py:4138} INFO - Setting next_dagrun for airflow_sanity_check to None, run_after=None
[2026-07-14T13:38:39.369+0000] {processor.py:208} INFO - Processing /opt/airflow/dags/sanity_checks.py took 0.116 seconds
[2026-07-14T13:39:09.663+0000] {processor.py:186} INFO - Started process (PID=1531) to work on /opt/airflow/dags/sanity_checks.py
[2026-07-14T13:39:09.665+0000] {processor.py:914} INFO - Processing file /opt/airflow/dags/sanity_checks.py for tasks to queue
[2026-07-14T13:39:09.669+0000] {logging_mixin.py:190} INFO - [2026-07-14T13:39:09.668+0000] {dagbag.py:587} INFO - Filling up the DagBag from /opt/airflow/dags/sanity_checks.py
[2026-07-14T13:39:09.684+0000] {processor.py:925} INFO - DAG(s) 'airflow_sanity_check' retrieved from /opt/airflow/dags/sanity_checks.py
[2026-07-14T13:39:09.725+0000] {logging_mixin.py:190} INFO - [2026-07-14T13:39:09.724+0000] {dag.py:3211} INFO - Sync 1 DAGs
[2026-07-14T13:39:09.745+0000] {logging_mixin.py:190} INFO - [2026-07-14T13:39:09.745+0000] {dag.py:4138} INFO - Setting next_dagrun for airflow_sanity_check to None, run_after=None
[2026-07-14T13:39:09.773+0000] {processor.py:208} INFO - Processing /opt/airflow/dags/sanity_checks.py took 0.118 seconds
[2026-07-14T13:39:40.265+0000] {processor.py:186} INFO - Started process (PID=1541) to work on /opt/airflow/dags/sanity_checks.py
[2026-07-14T13:39:40.266+0000] {processor.py:914} INFO - Processing file /opt/airflow/dags/sanity_checks.py for tasks to queue
[2026-07-14T13:39:40.270+0000] {logging_mixin.py:190} INFO - [2026-07-14T13:39:40.269+0000] {dagbag.py:587} INFO - Filling up the DagBag from /opt/airflow/dags/sanity_checks.py
[2026-07-14T13:39:40.286+0000] {processor.py:925} INFO - DAG(s) 'airflow_sanity_check' retrieved from /opt/airflow/dags/sanity_checks.py
[2026-07-14T13:39:40.332+0000] {logging_mixin.py:190} INFO - [2026-07-14T13:39:40.332+0000] {dag.py:3211} INFO - Sync 1 DAGs
[2026-07-14T13:39:40.356+0000] {logging_mixin.py:190} INFO - [2026-07-14T13:39:40.355+0000] {dag.py:4138} INFO - Setting next_dagrun for airflow_sanity_check to None, run_after=None
[2026-07-14T13:39:40.384+0000] {processor.py:208} INFO - Processing /opt/airflow/dags/sanity_checks.py took 0.127 seconds
[2026-07-14T13:40:11.025+0000] {processor.py:186} INFO - Started process (PID=1551) to work on /opt/airflow/dags/sanity_checks.py
[2026-07-14T13:40:11.026+0000] {processor.py:914} INFO - Processing file /opt/airflow/dags/sanity_checks.py for tasks to queue
[2026-07-14T13:40:11.030+0000] {logging_mixin.py:190} INFO - [2026-07-14T13:40:11.029+0000] {dagbag.py:587} INFO - Filling up the DagBag from /opt/airflow/dags/sanity_checks.py
[2026-07-14T13:40:11.046+0000] {processor.py:925} INFO - DAG(s) 'airflow_sanity_check' retrieved from /opt/airflow/dags/sanity_checks.py
[2026-07-14T13:40:11.089+0000] {logging_mixin.py:190} INFO - [2026-07-14T13:40:11.089+0000] {dag.py:3211} INFO - Sync 1 DAGs
[2026-07-14T13:40:11.111+0000] {logging_mixin.py:190} INFO - [2026-07-14T13:40:11.110+0000] {dag.py:4138} INFO - Setting next_dagrun for airflow_sanity_check to None, run_after=None
[2026-07-14T13:40:11.142+0000] {processor.py:208} INFO - Processing /opt/airflow/dags/sanity_checks.py took 0.126 seconds
[2026-07-14T13:40:41.494+0000] {processor.py:186} INFO - Started process (PID=1561) to work on /opt/airflow/dags/sanity_checks.py
[2026-07-14T13:40:41.496+0000] {processor.py:914} INFO - Processing file /opt/airflow/dags/sanity_checks.py for tasks to queue
[2026-07-14T13:40:41.500+0000] {logging_mixin.py:190} INFO - [2026-07-14T13:40:41.499+0000] {dagbag.py:587} INFO - Filling up the DagBag from /opt/airflow/dags/sanity_checks.py
[2026-07-14T13:40:41.518+0000] {processor.py:925} INFO - DAG(s) 'airflow_sanity_check' retrieved from /opt/airflow/dags/sanity_checks.py
[2026-07-14T13:40:41.570+0000] {logging_mixin.py:190} INFO - [2026-07-14T13:40:41.569+0000] {dag.py:3211} INFO - Sync 1 DAGs
[2026-07-14T13:40:41.599+0000] {logging_mixin.py:190} INFO - [2026-07-14T13:40:41.599+0000] {dag.py:4138} INFO - Setting next_dagrun for airflow_sanity_check to None, run_after=None
[2026-07-14T13:40:41.634+0000] {processor.py:208} INFO - Processing /opt/airflow/dags/sanity_checks.py took 0.155 seconds
[2026-07-14T13:41:11.940+0000] {processor.py:186} INFO - Started process (PID=1571) to work on /opt/airflow/dags/sanity_checks.py
[2026-07-14T13:41:11.942+0000] {processor.py:914} INFO - Processing file /opt/airflow/dags/sanity_checks.py for tasks to queue
[2026-07-14T13:41:11.946+0000] {logging_mixin.py:190} INFO - [2026-07-14T13:41:11.946+0000] {dagbag.py:587} INFO - Filling up the DagBag from /opt/airflow/dags/sanity_checks.py
[2026-07-14T13:41:11.963+0000] {processor.py:925} INFO - DAG(s) 'airflow_sanity_check' retrieved from /opt/airflow/dags/sanity_checks.py
[2026-07-14T13:41:12.006+0000] {logging_mixin.py:190} INFO - [2026-07-14T13:41:12.006+0000] {dag.py:3211} INFO - Sync 1 DAGs
[2026-07-14T13:41:12.027+0000] {logging_mixin.py:190} INFO - [2026-07-14T13:41:12.027+0000] {dag.py:4138} INFO - Setting next_dagrun for airflow_sanity_check to None, run_after=None
[2026-07-14T13:41:12.057+0000] {processor.py:208} INFO - Processing /opt/airflow/dags/sanity_checks.py took 0.129 seconds
[2026-07-14T13:41:42.400+0000] {processor.py:186} INFO - Started process (PID=1581) to work on /opt/airflow/dags/sanity_checks.py
[2026-07-14T13:41:42.402+0000] {processor.py:914} INFO - Processing file /opt/airflow/dags/sanity_checks.py for tasks to queue
[2026-07-14T13:41:42.407+0000] {logging_mixin.py:190} INFO - [2026-07-14T13:41:42.407+0000] {dagbag.py:587} INFO - Filling up the DagBag from /opt/airflow/dags/sanity_checks.py
[2026-07-14T13:41:42.425+0000] {processor.py:925} INFO - DAG(s) 'airflow_sanity_check' retrieved from /opt/airflow/dags/sanity_checks.py
[2026-07-14T13:41:42.474+0000] {logging_mixin.py:190} INFO - [2026-07-14T13:41:42.474+0000] {dag.py:3211} INFO - Sync 1 DAGs
[2026-07-14T13:41:42.501+0000] {logging_mixin.py:190} INFO - [2026-07-14T13:41:42.500+0000] {dag.py:4138} INFO - Setting next_dagrun for airflow_sanity_check to None, run_after=None
[2026-07-14T13:41:42.529+0000] {processor.py:208} INFO - Processing /opt/airflow/dags/sanity_checks.py took 0.138 seconds
[2026-07-14T13:42:12.903+0000] {processor.py:186} INFO - Started process (PID=1591) to work on /opt/airflow/dags/sanity_checks.py
[2026-07-14T13:42:12.904+0000] {processor.py:914} INFO - Processing file /opt/airflow/dags/sanity_checks.py for tasks to queue
[2026-07-14T13:42:12.909+0000] {logging_mixin.py:190} INFO - [2026-07-14T13:42:12.908+0000] {dagbag.py:587} INFO - Filling up the DagBag from /opt/airflow/dags/sanity_checks.py
[2026-07-14T13:42:12.928+0000] {processor.py:925} INFO - DAG(s) 'airflow_sanity_check' retrieved from /opt/airflow/dags/sanity_checks.py
[2026-07-14T13:42:12.974+0000] {logging_mixin.py:190} INFO - [2026-07-14T13:42:12.973+0000] {dag.py:3211} INFO - Sync 1 DAGs
[2026-07-14T13:42:13.002+0000] {logging_mixin.py:190} INFO - [2026-07-14T13:42:13.001+0000] {dag.py:4138} INFO - Setting next_dagrun for airflow_sanity_check to None, run_after=None
[2026-07-14T13:42:13.030+0000] {processor.py:208} INFO - Processing /opt/airflow/dags/sanity_checks.py took 0.136 seconds
[2026-07-14T13:42:43.342+0000] {processor.py:186} INFO - Started process (PID=1601) to work on /opt/airflow/dags/sanity_checks.py
[2026-07-14T13:42:43.343+0000] {processor.py:914} INFO - Processing file /opt/airflow/dags/sanity_checks.py for tasks to queue
[2026-07-14T13:42:43.348+0000] {logging_mixin.py:190} INFO - [2026-07-14T13:42:43.348+0000] {dagbag.py:587} INFO - Filling up the DagBag from /opt/airflow/dags/sanity_checks.py
[2026-07-14T13:42:43.364+0000] {processor.py:925} INFO - DAG(s) 'airflow_sanity_check' retrieved from /opt/airflow/dags/sanity_checks.py
[2026-07-14T13:42:43.411+0000] {logging_mixin.py:190} INFO - [2026-07-14T13:42:43.411+0000] {dag.py:3211} INFO - Sync 1 DAGs
[2026-07-14T13:42:43.436+0000] {logging_mixin.py:190} INFO - [2026-07-14T13:42:43.436+0000] {dag.py:4138} INFO - Setting next_dagrun for airflow_sanity_check to None, run_after=None
[2026-07-14T13:42:43.463+0000] {processor.py:208} INFO - Processing /opt/airflow/dags/sanity_checks.py took 0.129 seconds
[2026-07-14T13:43:13.776+0000] {processor.py:186} INFO - Started process (PID=1611) to work on /opt/airflow/dags/sanity_checks.py
[2026-07-14T13:43:13.777+0000] {processor.py:914} INFO - Processing file /opt/airflow/dags/sanity_checks.py for tasks to queue
[2026-07-14T13:43:13.780+0000] {logging_mixin.py:190} INFO - [2026-07-14T13:43:13.780+0000] {dagbag.py:587} INFO - Filling up the DagBag from /opt/airflow/dags/sanity_checks.py
[2026-07-14T13:43:13.796+0000] {processor.py:925} INFO - DAG(s) 'airflow_sanity_check' retrieved from /opt/airflow/dags/sanity_checks.py
[2026-07-14T13:43:13.837+0000] {logging_mixin.py:190} INFO - [2026-07-14T13:43:13.837+0000] {dag.py:3211} INFO - Sync 1 DAGs
[2026-07-14T13:43:13.859+0000] {logging_mixin.py:190} INFO - [2026-07-14T13:43:13.859+0000] {dag.py:4138} INFO - Setting next_dagrun for airflow_sanity_check to None, run_after=None
[2026-07-14T13:43:13.886+0000] {processor.py:208} INFO - Processing /opt/airflow/dags/sanity_checks.py took 0.118 seconds
[2026-07-14T13:43:44.204+0000] {processor.py:186} INFO - Started process (PID=1621) to work on /opt/airflow/dags/sanity_checks.py
[2026-07-14T13:43:44.206+0000] {processor.py:914} INFO - Processing file /opt/airflow/dags/sanity_checks.py for tasks to queue
[2026-07-14T13:43:44.209+0000] {logging_mixin.py:190} INFO - [2026-07-14T13:43:44.209+0000] {dagbag.py:587} INFO - Filling up the DagBag from /opt/airflow/dags/sanity_checks.py
[2026-07-14T13:43:44.225+0000] {processor.py:925} INFO - DAG(s) 'airflow_sanity_check' retrieved from /opt/airflow/dags/sanity_checks.py
[2026-07-14T13:43:44.275+0000] {logging_mixin.py:190} INFO - [2026-07-14T13:43:44.274+0000] {dag.py:3211} INFO - Sync 1 DAGs
[2026-07-14T13:43:44.317+0000] {logging_mixin.py:190} INFO - [2026-07-14T13:43:44.317+0000] {dag.py:4138} INFO - Setting next_dagrun for airflow_sanity_check to None, run_after=None
[2026-07-14T13:43:44.356+0000] {processor.py:208} INFO - Processing /opt/airflow/dags/sanity_checks.py took 0.160 seconds
[2026-07-14T13:44:14.667+0000] {processor.py:186} INFO - Started process (PID=1631) to work on /opt/airflow/dags/sanity_checks.py
[2026-07-14T13:44:14.668+0000] {processor.py:914} INFO - Processing file /opt/airflow/dags/sanity_checks.py for tasks to queue
[2026-07-14T13:44:14.672+0000] {logging_mixin.py:190} INFO - [2026-07-14T13:44:14.671+0000] {dagbag.py:587} INFO - Filling up the DagBag from /opt/airflow/dags/sanity_checks.py
[2026-07-14T13:44:14.688+0000] {processor.py:925} INFO - DAG(s) 'airflow_sanity_check' retrieved from /opt/airflow/dags/sanity_checks.py
[2026-07-14T13:44:14.732+0000] {logging_mixin.py:190} INFO - [2026-07-14T13:44:14.731+0000] {dag.py:3211} INFO - Sync 1 DAGs
[2026-07-14T13:44:14.756+0000] {logging_mixin.py:190} INFO - [2026-07-14T13:44:14.756+0000] {dag.py:4138} INFO - Setting next_dagrun for airflow_sanity_check to None, run_after=None
[2026-07-14T13:44:14.787+0000] {processor.py:208} INFO - Processing /opt/airflow/dags/sanity_checks.py took 0.131 seconds
[2026-07-14T13:44:45.098+0000] {processor.py:186} INFO - Started process (PID=1641) to work on /opt/airflow/dags/sanity_checks.py
[2026-07-14T13:44:45.099+0000] {processor.py:914} INFO - Processing file /opt/airflow/dags/sanity_checks.py for tasks to queue
[2026-07-14T13:44:45.103+0000] {logging_mixin.py:190} INFO - [2026-07-14T13:44:45.103+0000] {dagbag.py:587} INFO - Filling up the DagBag from /opt/airflow/dags/sanity_checks.py
[2026-07-14T13:44:45.118+0000] {processor.py:925} INFO - DAG(s) 'airflow_sanity_check' retrieved from /opt/airflow/dags/sanity_checks.py
[2026-07-14T13:44:45.161+0000] {logging_mixin.py:190} INFO - [2026-07-14T13:44:45.161+0000] {dag.py:3211} INFO - Sync 1 DAGs
[2026-07-14T13:44:45.185+0000] {logging_mixin.py:190} INFO - [2026-07-14T13:44:45.184+0000] {dag.py:4138} INFO - Setting next_dagrun for airflow_sanity_check to None, run_after=None
[2026-07-14T13:44:45.237+0000] {processor.py:208} INFO - Processing /opt/airflow/dags/sanity_checks.py took 0.147 seconds
[2026-07-14T13:45:15.592+0000] {processor.py:186} INFO - Started process (PID=1651) to work on /opt/airflow/dags/sanity_checks.py
[2026-07-14T13:45:15.593+0000] {processor.py:914} INFO - Processing file /opt/airflow/dags/sanity_checks.py for tasks to queue
[2026-07-14T13:45:15.598+0000] {logging_mixin.py:190} INFO - [2026-07-14T13:45:15.597+0000] {dagbag.py:587} INFO - Filling up the DagBag from /opt/airflow/dags/sanity_checks.py
[2026-07-14T13:45:15.614+0000] {processor.py:925} INFO - DAG(s) 'airflow_sanity_check' retrieved from /opt/airflow/dags/sanity_checks.py
[2026-07-14T13:45:15.658+0000] {logging_mixin.py:190} INFO - [2026-07-14T13:45:15.657+0000] {dag.py:3211} INFO - Sync 1 DAGs
[2026-07-14T13:45:15.679+0000] {logging_mixin.py:190} INFO - [2026-07-14T13:45:15.678+0000] {dag.py:4138} INFO - Setting next_dagrun for airflow_sanity_check to None, run_after=None
[2026-07-14T13:45:15.708+0000] {processor.py:208} INFO - Processing /opt/airflow/dags/sanity_checks.py took 0.125 seconds
[2026-07-14T13:45:46.023+0000] {processor.py:186} INFO - Started process (PID=1661) to work on /opt/airflow/dags/sanity_checks.py
[2026-07-14T13:45:46.024+0000] {processor.py:914} INFO - Processing file /opt/airflow/dags/sanity_checks.py for tasks to queue
[2026-07-14T13:45:46.028+0000] {logging_mixin.py:190} INFO - [2026-07-14T13:45:46.027+0000] {dagbag.py:587} INFO - Filling up the DagBag from /opt/airflow/dags/sanity_checks.py
[2026-07-14T13:45:46.045+0000] {processor.py:925} INFO - DAG(s) 'airflow_sanity_check' retrieved from /opt/airflow/dags/sanity_checks.py
[2026-07-14T13:45:46.090+0000] {logging_mixin.py:190} INFO - [2026-07-14T13:45:46.089+0000] {dag.py:3211} INFO - Sync 1 DAGs
[2026-07-14T13:45:46.113+0000] {logging_mixin.py:190} INFO - [2026-07-14T13:45:46.113+0000] {dag.py:4138} INFO - Setting next_dagrun for airflow_sanity_check to None, run_after=None
[2026-07-14T13:45:46.143+0000] {processor.py:208} INFO - Processing /opt/airflow/dags/sanity_checks.py took 0.128 seconds
[2026-07-14T13:46:16.451+0000] {processor.py:186} INFO - Started process (PID=1671) to work on /opt/airflow/dags/sanity_checks.py
[2026-07-14T13:46:16.453+0000] {processor.py:914} INFO - Processing file /opt/airflow/dags/sanity_checks.py for tasks to queue
[2026-07-14T13:46:16.456+0000] {logging_mixin.py:190} INFO - [2026-07-14T13:46:16.456+0000] {dagbag.py:587} INFO - Filling up the DagBag from /opt/airflow/dags/sanity_checks.py
[2026-07-14T13:46:16.475+0000] {processor.py:925} INFO - DAG(s) 'airflow_sanity_check' retrieved from /opt/airflow/dags/sanity_checks.py
[2026-07-14T13:46:16.522+0000] {logging_mixin.py:190} INFO - [2026-07-14T13:46:16.521+0000] {dag.py:3211} INFO - Sync 1 DAGs
[2026-07-14T13:46:16.549+0000] {logging_mixin.py:190} INFO - [2026-07-14T13:46:16.549+0000] {dag.py:4138} INFO - Setting next_dagrun for airflow_sanity_check to None, run_after=None
[2026-07-14T13:46:16.576+0000] {processor.py:208} INFO - Processing /opt/airflow/dags/sanity_checks.py took 0.134 seconds
[2026-07-14T13:46:46.872+0000] {processor.py:186} INFO - Started process (PID=1681) to work on /opt/airflow/dags/sanity_checks.py
[2026-07-14T13:46:46.874+0000] {processor.py:914} INFO - Processing file /opt/airflow/dags/sanity_checks.py for tasks to queue
[2026-07-14T13:46:46.884+0000] {logging_mixin.py:190} INFO - [2026-07-14T13:46:46.883+0000] {dagbag.py:587} INFO - Filling up the DagBag from /opt/airflow/dags/sanity_checks.py
[2026-07-14T13:46:46.900+0000] {processor.py:925} INFO - DAG(s) 'airflow_sanity_check' retrieved from /opt/airflow/dags/sanity_checks.py
[2026-07-14T13:46:46.943+0000] {logging_mixin.py:190} INFO - [2026-07-14T13:46:46.943+0000] {dag.py:3211} INFO - Sync 1 DAGs
[2026-07-14T13:46:46.968+0000] {logging_mixin.py:190} INFO - [2026-07-14T13:46:46.968+0000] {dag.py:4138} INFO - Setting next_dagrun for airflow_sanity_check to None, run_after=None
[2026-07-14T13:46:46.996+0000] {processor.py:208} INFO - Processing /opt/airflow/dags/sanity_checks.py took 0.132 seconds
[2026-07-14T13:47:17.304+0000] {processor.py:186} INFO - Started process (PID=1691) to work on /opt/airflow/dags/sanity_checks.py
[2026-07-14T13:47:17.305+0000] {processor.py:914} INFO - Processing file /opt/airflow/dags/sanity_checks.py for tasks to queue
[2026-07-14T13:47:17.308+0000] {logging_mixin.py:190} INFO - [2026-07-14T13:47:17.308+0000] {dagbag.py:587} INFO - Filling up the DagBag from /opt/airflow/dags/sanity_checks.py
[2026-07-14T13:47:17.324+0000] {processor.py:925} INFO - DAG(s) 'airflow_sanity_check' retrieved from /opt/airflow/dags/sanity_checks.py
[2026-07-14T13:47:17.365+0000] {logging_mixin.py:190} INFO - [2026-07-14T13:47:17.364+0000] {dag.py:3211} INFO - Sync 1 DAGs
[2026-07-14T13:47:17.385+0000] {logging_mixin.py:190} INFO - [2026-07-14T13:47:17.385+0000] {dag.py:4138} INFO - Setting next_dagrun for airflow_sanity_check to None, run_after=None
[2026-07-14T13:47:17.413+0000] {processor.py:208} INFO - Processing /opt/airflow/dags/sanity_checks.py took 0.117 seconds
[2026-07-14T13:47:47.726+0000] {processor.py:186} INFO - Started process (PID=1701) to work on /opt/airflow/dags/sanity_checks.py
[2026-07-14T13:47:47.727+0000] {processor.py:914} INFO - Processing file /opt/airflow/dags/sanity_checks.py for tasks to queue
[2026-07-14T13:47:47.731+0000] {logging_mixin.py:190} INFO - [2026-07-14T13:47:47.730+0000] {dagbag.py:587} INFO - Filling up the DagBag from /opt/airflow/dags/sanity_checks.py
[2026-07-14T13:47:47.746+0000] {processor.py:925} INFO - DAG(s) 'airflow_sanity_check' retrieved from /opt/airflow/dags/sanity_checks.py
[2026-07-14T13:47:47.787+0000] {logging_mixin.py:190} INFO - [2026-07-14T13:47:47.787+0000] {dag.py:3211} INFO - Sync 1 DAGs
[2026-07-14T13:47:47.809+0000] {logging_mixin.py:190} INFO - [2026-07-14T13:47:47.809+0000] {dag.py:4138} INFO - Setting next_dagrun for airflow_sanity_check to None, run_after=None
[2026-07-14T13:47:47.835+0000] {processor.py:208} INFO - Processing /opt/airflow/dags/sanity_checks.py took 0.118 seconds
[2026-07-14T13:48:18.140+0000] {processor.py:186} INFO - Started process (PID=1711) to work on /opt/airflow/dags/sanity_checks.py
[2026-07-14T13:48:18.141+0000] {processor.py:914} INFO - Processing file /opt/airflow/dags/sanity_checks.py for tasks to queue
[2026-07-14T13:48:18.145+0000] {logging_mixin.py:190} INFO - [2026-07-14T13:48:18.145+0000] {dagbag.py:587} INFO - Filling up the DagBag from /opt/airflow/dags/sanity_checks.py
[2026-07-14T13:48:18.162+0000] {processor.py:925} INFO - DAG(s) 'airflow_sanity_check' retrieved from /opt/airflow/dags/sanity_checks.py
[2026-07-14T13:48:18.218+0000] {logging_mixin.py:190} INFO - [2026-07-14T13:48:18.218+0000] {dag.py:3211} INFO - Sync 1 DAGs
[2026-07-14T13:48:18.248+0000] {logging_mixin.py:190} INFO - [2026-07-14T13:48:18.247+0000] {dag.py:4138} INFO - Setting next_dagrun for airflow_sanity_check to None, run_after=None
[2026-07-14T13:48:18.281+0000] {processor.py:208} INFO - Processing /opt/airflow/dags/sanity_checks.py took 0.151 seconds
[2026-07-14T13:48:48.623+0000] {processor.py:186} INFO - Started process (PID=1721) to work on /opt/airflow/dags/sanity_checks.py
[2026-07-14T13:48:48.625+0000] {processor.py:914} INFO - Processing file /opt/airflow/dags/sanity_checks.py for tasks to queue
[2026-07-14T13:48:48.629+0000] {logging_mixin.py:190} INFO - [2026-07-14T13:48:48.629+0000] {dagbag.py:587} INFO - Filling up the DagBag from /opt/airflow/dags/sanity_checks.py
[2026-07-14T13:48:48.647+0000] {processor.py:925} INFO - DAG(s) 'airflow_sanity_check' retrieved from /opt/airflow/dags/sanity_checks.py
[2026-07-14T13:48:48.691+0000] {logging_mixin.py:190} INFO - [2026-07-14T13:48:48.690+0000] {dag.py:3211} INFO - Sync 1 DAGs
[2026-07-14T13:48:48.719+0000] {logging_mixin.py:190} INFO - [2026-07-14T13:48:48.719+0000] {dag.py:4138} INFO - Setting next_dagrun for airflow_sanity_check to None, run_after=None
[2026-07-14T13:48:48.750+0000] {processor.py:208} INFO - Processing /opt/airflow/dags/sanity_checks.py took 0.140 seconds
[2026-07-14T13:49:19.043+0000] {processor.py:186} INFO - Started process (PID=1731) to work on /opt/airflow/dags/sanity_checks.py
[2026-07-14T13:49:19.044+0000] {processor.py:914} INFO - Processing file /opt/airflow/dags/sanity_checks.py for tasks to queue
[2026-07-14T13:49:19.048+0000] {logging_mixin.py:190} INFO - [2026-07-14T13:49:19.048+0000] {dagbag.py:587} INFO - Filling up the DagBag from /opt/airflow/dags/sanity_checks.py
[2026-07-14T13:49:19.063+0000] {processor.py:925} INFO - DAG(s) 'airflow_sanity_check' retrieved from /opt/airflow/dags/sanity_checks.py
[2026-07-14T13:49:19.103+0000] {logging_mixin.py:190} INFO - [2026-07-14T13:49:19.102+0000] {dag.py:3211} INFO - Sync 1 DAGs
[2026-07-14T13:49:19.125+0000] {logging_mixin.py:190} INFO - [2026-07-14T13:49:19.124+0000] {dag.py:4138} INFO - Setting next_dagrun for airflow_sanity_check to None, run_after=None
[2026-07-14T13:49:19.152+0000] {processor.py:208} INFO - Processing /opt/airflow/dags/sanity_checks.py took 0.117 seconds
[2026-07-14T13:49:49.482+0000] {processor.py:186} INFO - Started process (PID=1741) to work on /opt/airflow/dags/sanity_checks.py
[2026-07-14T13:49:49.483+0000] {processor.py:914} INFO - Processing file /opt/airflow/dags/sanity_checks.py for tasks to queue
[2026-07-14T13:49:49.487+0000] {logging_mixin.py:190} INFO - [2026-07-14T13:49:49.486+0000] {dagbag.py:587} INFO - Filling up the DagBag from /opt/airflow/dags/sanity_checks.py
[2026-07-14T13:49:49.504+0000] {processor.py:925} INFO - DAG(s) 'airflow_sanity_check' retrieved from /opt/airflow/dags/sanity_checks.py
[2026-07-14T13:49:49.556+0000] {logging_mixin.py:190} INFO - [2026-07-14T13:49:49.555+0000] {dag.py:3211} INFO - Sync 1 DAGs
[2026-07-14T13:49:49.585+0000] {logging_mixin.py:190} INFO - [2026-07-14T13:49:49.585+0000] {dag.py:4138} INFO - Setting next_dagrun for airflow_sanity_check to None, run_after=None
[2026-07-14T13:49:49.614+0000] {processor.py:208} INFO - Processing /opt/airflow/dags/sanity_checks.py took 0.141 seconds
[2026-07-14T13:50:20.004+0000] {processor.py:186} INFO - Started process (PID=1751) to work on /opt/airflow/dags/sanity_checks.py
[2026-07-14T13:50:20.006+0000] {processor.py:914} INFO - Processing file /opt/airflow/dags/sanity_checks.py for tasks to queue
[2026-07-14T13:50:20.009+0000] {logging_mixin.py:190} INFO - [2026-07-14T13:50:20.009+0000] {dagbag.py:587} INFO - Filling up the DagBag from /opt/airflow/dags/sanity_checks.py
[2026-07-14T13:50:20.075+0000] {processor.py:925} INFO - DAG(s) 'airflow_sanity_check' retrieved from /opt/airflow/dags/sanity_checks.py
[2026-07-14T13:50:20.149+0000] {logging_mixin.py:190} INFO - [2026-07-14T13:50:20.148+0000] {dag.py:3211} INFO - Sync 1 DAGs
[2026-07-14T13:50:20.175+0000] {logging_mixin.py:190} INFO - [2026-07-14T13:50:20.174+0000] {dag.py:4138} INFO - Setting next_dagrun for airflow_sanity_check to None, run_after=None
[2026-07-14T13:50:20.209+0000] {processor.py:208} INFO - Processing /opt/airflow/dags/sanity_checks.py took 0.230 seconds
[2026-07-14T13:50:50.336+0000] {processor.py:186} INFO - Started process (PID=1761) to work on /opt/airflow/dags/sanity_checks.py
[2026-07-14T13:50:50.337+0000] {processor.py:914} INFO - Processing file /opt/airflow/dags/sanity_checks.py for tasks to queue
[2026-07-14T13:50:50.341+0000] {logging_mixin.py:190} INFO - [2026-07-14T13:50:50.340+0000] {dagbag.py:587} INFO - Filling up the DagBag from /opt/airflow/dags/sanity_checks.py
[2026-07-14T13:50:50.358+0000] {processor.py:925} INFO - DAG(s) 'airflow_sanity_check' retrieved from /opt/airflow/dags/sanity_checks.py
[2026-07-14T13:50:50.402+0000] {logging_mixin.py:190} INFO - [2026-07-14T13:50:50.402+0000] {dag.py:3211} INFO - Sync 1 DAGs
[2026-07-14T13:50:50.422+0000] {logging_mixin.py:190} INFO - [2026-07-14T13:50:50.422+0000] {dag.py:4138} INFO - Setting next_dagrun for airflow_sanity_check to None, run_after=None
[2026-07-14T13:50:50.451+0000] {processor.py:208} INFO - Processing /opt/airflow/dags/sanity_checks.py took 0.124 seconds
[2026-07-14T13:51:20.751+0000] {processor.py:186} INFO - Started process (PID=1771) to work on /opt/airflow/dags/sanity_checks.py
[2026-07-14T13:51:20.752+0000] {processor.py:914} INFO - Processing file /opt/airflow/dags/sanity_checks.py for tasks to queue
[2026-07-14T13:51:20.756+0000] {logging_mixin.py:190} INFO - [2026-07-14T13:51:20.756+0000] {dagbag.py:587} INFO - Filling up the DagBag from /opt/airflow/dags/sanity_checks.py
[2026-07-14T13:51:20.770+0000] {processor.py:925} INFO - DAG(s) 'airflow_sanity_check' retrieved from /opt/airflow/dags/sanity_checks.py
[2026-07-14T13:51:20.811+0000] {logging_mixin.py:190} INFO - [2026-07-14T13:51:20.811+0000] {dag.py:3211} INFO - Sync 1 DAGs
[2026-07-14T13:51:20.832+0000] {logging_mixin.py:190} INFO - [2026-07-14T13:51:20.832+0000] {dag.py:4138} INFO - Setting next_dagrun for airflow_sanity_check to None, run_after=None
[2026-07-14T13:51:20.862+0000] {processor.py:208} INFO - Processing /opt/airflow/dags/sanity_checks.py took 0.119 seconds
[2026-07-14T13:51:51.173+0000] {processor.py:186} INFO - Started process (PID=1781) to work on /opt/airflow/dags/sanity_checks.py
[2026-07-14T13:51:51.175+0000] {processor.py:914} INFO - Processing file /opt/airflow/dags/sanity_checks.py for tasks to queue
[2026-07-14T13:51:51.179+0000] {logging_mixin.py:190} INFO - [2026-07-14T13:51:51.178+0000] {dagbag.py:587} INFO - Filling up the DagBag from /opt/airflow/dags/sanity_checks.py
[2026-07-14T13:51:51.194+0000] {processor.py:925} INFO - DAG(s) 'airflow_sanity_check' retrieved from /opt/airflow/dags/sanity_checks.py
[2026-07-14T13:51:51.234+0000] {logging_mixin.py:190} INFO - [2026-07-14T13:51:51.233+0000] {dag.py:3211} INFO - Sync 1 DAGs
[2026-07-14T13:51:51.255+0000] {logging_mixin.py:190} INFO - [2026-07-14T13:51:51.255+0000] {dag.py:4138} INFO - Setting next_dagrun for airflow_sanity_check to None, run_after=None
[2026-07-14T13:51:51.282+0000] {processor.py:208} INFO - Processing /opt/airflow/dags/sanity_checks.py took 0.117 seconds
[2026-07-14T13:52:21.604+0000] {processor.py:186} INFO - Started process (PID=1791) to work on /opt/airflow/dags/sanity_checks.py
[2026-07-14T13:52:21.605+0000] {processor.py:914} INFO - Processing file /opt/airflow/dags/sanity_checks.py for tasks to queue
[2026-07-14T13:52:21.609+0000] {logging_mixin.py:190} INFO - [2026-07-14T13:52:21.608+0000] {dagbag.py:587} INFO - Filling up the DagBag from /opt/airflow/dags/sanity_checks.py
[2026-07-14T13:52:21.624+0000] {processor.py:925} INFO - DAG(s) 'airflow_sanity_check' retrieved from /opt/airflow/dags/sanity_checks.py
[2026-07-14T13:52:21.664+0000] {logging_mixin.py:190} INFO - [2026-07-14T13:52:21.664+0000] {dag.py:3211} INFO - Sync 1 DAGs
[2026-07-14T13:52:21.685+0000] {logging_mixin.py:190} INFO - [2026-07-14T13:52:21.685+0000] {dag.py:4138} INFO - Setting next_dagrun for airflow_sanity_check to None, run_after=None
[2026-07-14T13:52:21.712+0000] {processor.py:208} INFO - Processing /opt/airflow/dags/sanity_checks.py took 0.116 seconds
[2026-07-14T13:52:52.036+0000] {processor.py:186} INFO - Started process (PID=1801) to work on /opt/airflow/dags/sanity_checks.py
[2026-07-14T13:52:52.037+0000] {processor.py:914} INFO - Processing file /opt/airflow/dags/sanity_checks.py for tasks to queue
[2026-07-14T13:52:52.040+0000] {logging_mixin.py:190} INFO - [2026-07-14T13:52:52.040+0000] {dagbag.py:587} INFO - Filling up the DagBag from /opt/airflow/dags/sanity_checks.py
[2026-07-14T13:52:52.056+0000] {processor.py:925} INFO - DAG(s) 'airflow_sanity_check' retrieved from /opt/airflow/dags/sanity_checks.py
[2026-07-14T13:52:52.098+0000] {logging_mixin.py:190} INFO - [2026-07-14T13:52:52.097+0000] {dag.py:3211} INFO - Sync 1 DAGs
[2026-07-14T13:52:52.120+0000] {logging_mixin.py:190} INFO - [2026-07-14T13:52:52.119+0000] {dag.py:4138} INFO - Setting next_dagrun for airflow_sanity_check to None, run_after=None
[2026-07-14T13:52:52.145+0000] {processor.py:208} INFO - Processing /opt/airflow/dags/sanity_checks.py took 0.117 seconds
[2026-07-14T13:53:22.454+0000] {processor.py:186} INFO - Started process (PID=1811) to work on /opt/airflow/dags/sanity_checks.py
[2026-07-14T13:53:22.455+0000] {processor.py:914} INFO - Processing file /opt/airflow/dags/sanity_checks.py for tasks to queue
[2026-07-14T13:53:22.459+0000] {logging_mixin.py:190} INFO - [2026-07-14T13:53:22.458+0000] {dagbag.py:587} INFO - Filling up the DagBag from /opt/airflow/dags/sanity_checks.py
[2026-07-14T13:53:22.474+0000] {processor.py:925} INFO - DAG(s) 'airflow_sanity_check' retrieved from /opt/airflow/dags/sanity_checks.py
[2026-07-14T13:53:22.515+0000] {logging_mixin.py:190} INFO - [2026-07-14T13:53:22.514+0000] {dag.py:3211} INFO - Sync 1 DAGs
[2026-07-14T13:53:22.536+0000] {logging_mixin.py:190} INFO - [2026-07-14T13:53:22.535+0000] {dag.py:4138} INFO - Setting next_dagrun for airflow_sanity_check to None, run_after=None
[2026-07-14T13:53:22.563+0000] {processor.py:208} INFO - Processing /opt/airflow/dags/sanity_checks.py took 0.117 seconds
[2026-07-14T13:53:52.858+0000] {processor.py:186} INFO - Started process (PID=1821) to work on /opt/airflow/dags/sanity_checks.py
[2026-07-14T13:53:52.860+0000] {processor.py:914} INFO - Processing file /opt/airflow/dags/sanity_checks.py for tasks to queue
[2026-07-14T13:53:52.863+0000] {logging_mixin.py:190} INFO - [2026-07-14T13:53:52.863+0000] {dagbag.py:587} INFO - Filling up the DagBag from /opt/airflow/dags/sanity_checks.py
[2026-07-14T13:53:52.879+0000] {processor.py:925} INFO - DAG(s) 'airflow_sanity_check' retrieved from /opt/airflow/dags/sanity_checks.py
[2026-07-14T13:53:52.921+0000] {logging_mixin.py:190} INFO - [2026-07-14T13:53:52.921+0000] {dag.py:3211} INFO - Sync 1 DAGs
[2026-07-14T13:53:52.941+0000] {logging_mixin.py:190} INFO - [2026-07-14T13:53:52.941+0000] {dag.py:4138} INFO - Setting next_dagrun for airflow_sanity_check to None, run_after=None
[2026-07-14T13:53:52.968+0000] {processor.py:208} INFO - Processing /opt/airflow/dags/sanity_checks.py took 0.118 seconds
[2026-07-14T13:54:23.269+0000] {processor.py:186} INFO - Started process (PID=1831) to work on /opt/airflow/dags/sanity_checks.py
[2026-07-14T13:54:23.270+0000] {processor.py:914} INFO - Processing file /opt/airflow/dags/sanity_checks.py for tasks to queue
[2026-07-14T13:54:23.273+0000] {logging_mixin.py:190} INFO - [2026-07-14T13:54:23.273+0000] {dagbag.py:587} INFO - Filling up the DagBag from /opt/airflow/dags/sanity_checks.py
[2026-07-14T13:54:23.288+0000] {processor.py:925} INFO - DAG(s) 'airflow_sanity_check' retrieved from /opt/airflow/dags/sanity_checks.py
[2026-07-14T13:54:23.329+0000] {logging_mixin.py:190} INFO - [2026-07-14T13:54:23.328+0000] {dag.py:3211} INFO - Sync 1 DAGs
[2026-07-14T13:54:23.350+0000] {logging_mixin.py:190} INFO - [2026-07-14T13:54:23.350+0000] {dag.py:4138} INFO - Setting next_dagrun for airflow_sanity_check to None, run_after=None
[2026-07-14T13:54:23.376+0000] {processor.py:208} INFO - Processing /opt/airflow/dags/sanity_checks.py took 0.116 seconds
[2026-07-14T13:54:53.668+0000] {processor.py:186} INFO - Started process (PID=1841) to work on /opt/airflow/dags/sanity_checks.py
[2026-07-14T13:54:53.669+0000] {processor.py:914} INFO - Processing file /opt/airflow/dags/sanity_checks.py for tasks to queue
[2026-07-14T13:54:53.673+0000] {logging_mixin.py:190} INFO - [2026-07-14T13:54:53.672+0000] {dagbag.py:587} INFO - Filling up the DagBag from /opt/airflow/dags/sanity_checks.py
[2026-07-14T13:54:53.688+0000] {processor.py:925} INFO - DAG(s) 'airflow_sanity_check' retrieved from /opt/airflow/dags/sanity_checks.py
[2026-07-14T13:54:53.729+0000] {logging_mixin.py:190} INFO - [2026-07-14T13:54:53.729+0000] {dag.py:3211} INFO - Sync 1 DAGs
[2026-07-14T13:54:53.751+0000] {logging_mixin.py:190} INFO - [2026-07-14T13:54:53.750+0000] {dag.py:4138} INFO - Setting next_dagrun for airflow_sanity_check to None, run_after=None
[2026-07-14T13:54:53.778+0000] {processor.py:208} INFO - Processing /opt/airflow/dags/sanity_checks.py took 0.118 seconds
[2026-07-14T13:55:24.150+0000] {processor.py:186} INFO - Started process (PID=1851) to work on /opt/airflow/dags/sanity_checks.py
[2026-07-14T13:55:24.151+0000] {processor.py:914} INFO - Processing file /opt/airflow/dags/sanity_checks.py for tasks to queue
[2026-07-14T13:55:24.155+0000] {logging_mixin.py:190} INFO - [2026-07-14T13:55:24.155+0000] {dagbag.py:587} INFO - Filling up the DagBag from /opt/airflow/dags/sanity_checks.py
[2026-07-14T13:55:24.171+0000] {processor.py:925} INFO - DAG(s) 'airflow_sanity_check' retrieved from /opt/airflow/dags/sanity_checks.py
[2026-07-14T13:55:24.212+0000] {logging_mixin.py:190} INFO - [2026-07-14T13:55:24.212+0000] {dag.py:3211} INFO - Sync 1 DAGs
[2026-07-14T13:55:24.234+0000] {logging_mixin.py:190} INFO - [2026-07-14T13:55:24.234+0000] {dag.py:4138} INFO - Setting next_dagrun for airflow_sanity_check to None, run_after=None
[2026-07-14T13:55:24.259+0000] {processor.py:208} INFO - Processing /opt/airflow/dags/sanity_checks.py took 0.117 seconds
[2026-07-14T13:55:54.562+0000] {processor.py:186} INFO - Started process (PID=1861) to work on /opt/airflow/dags/sanity_checks.py
[2026-07-14T13:55:54.563+0000] {processor.py:914} INFO - Processing file /opt/airflow/dags/sanity_checks.py for tasks to queue
[2026-07-14T13:55:54.566+0000] {logging_mixin.py:190} INFO - [2026-07-14T13:55:54.566+0000] {dagbag.py:587} INFO - Filling up the DagBag from /opt/airflow/dags/sanity_checks.py
[2026-07-14T13:55:54.582+0000] {processor.py:925} INFO - DAG(s) 'airflow_sanity_check' retrieved from /opt/airflow/dags/sanity_checks.py
[2026-07-14T13:55:54.622+0000] {logging_mixin.py:190} INFO - [2026-07-14T13:55:54.622+0000] {dag.py:3211} INFO - Sync 1 DAGs
[2026-07-14T13:55:54.646+0000] {logging_mixin.py:190} INFO - [2026-07-14T13:55:54.645+0000] {dag.py:4138} INFO - Setting next_dagrun for airflow_sanity_check to None, run_after=None
[2026-07-14T13:55:54.671+0000] {processor.py:208} INFO - Processing /opt/airflow/dags/sanity_checks.py took 0.118 seconds
[2026-07-14T13:56:24.961+0000] {processor.py:186} INFO - Started process (PID=1871) to work on /opt/airflow/dags/sanity_checks.py
[2026-07-14T13:56:24.963+0000] {processor.py:914} INFO - Processing file /opt/airflow/dags/sanity_checks.py for tasks to queue
[2026-07-14T13:56:24.966+0000] {logging_mixin.py:190} INFO - [2026-07-14T13:56:24.966+0000] {dagbag.py:587} INFO - Filling up the DagBag from /opt/airflow/dags/sanity_checks.py
[2026-07-14T13:56:24.981+0000] {processor.py:925} INFO - DAG(s) 'airflow_sanity_check' retrieved from /opt/airflow/dags/sanity_checks.py
[2026-07-14T13:56:25.023+0000] {logging_mixin.py:190} INFO - [2026-07-14T13:56:25.023+0000] {dag.py:3211} INFO - Sync 1 DAGs
[2026-07-14T13:56:25.044+0000] {logging_mixin.py:190} INFO - [2026-07-14T13:56:25.044+0000] {dag.py:4138} INFO - Setting next_dagrun for airflow_sanity_check to None, run_after=None
[2026-07-14T13:56:25.070+0000] {processor.py:208} INFO - Processing /opt/airflow/dags/sanity_checks.py took 0.116 seconds
[2026-07-14T13:56:55.346+0000] {processor.py:186} INFO - Started process (PID=1881) to work on /opt/airflow/dags/sanity_checks.py
[2026-07-14T13:56:55.347+0000] {processor.py:914} INFO - Processing file /opt/airflow/dags/sanity_checks.py for tasks to queue
[2026-07-14T13:56:55.351+0000] {logging_mixin.py:190} INFO - [2026-07-14T13:56:55.350+0000] {dagbag.py:587} INFO - Filling up the DagBag from /opt/airflow/dags/sanity_checks.py
[2026-07-14T13:56:55.365+0000] {processor.py:925} INFO - DAG(s) 'airflow_sanity_check' retrieved from /opt/airflow/dags/sanity_checks.py
[2026-07-14T13:56:55.409+0000] {logging_mixin.py:190} INFO - [2026-07-14T13:56:55.408+0000] {dag.py:3211} INFO - Sync 1 DAGs
[2026-07-14T13:56:55.431+0000] {logging_mixin.py:190} INFO - [2026-07-14T13:56:55.431+0000] {dag.py:4138} INFO - Setting next_dagrun for airflow_sanity_check to None, run_after=None
[2026-07-14T13:56:55.458+0000] {processor.py:208} INFO - Processing /opt/airflow/dags/sanity_checks.py took 0.120 seconds
[2026-07-14T13:57:25.761+0000] {processor.py:186} INFO - Started process (PID=1891) to work on /opt/airflow/dags/sanity_checks.py
[2026-07-14T13:57:25.763+0000] {processor.py:914} INFO - Processing file /opt/airflow/dags/sanity_checks.py for tasks to queue
[2026-07-14T13:57:25.766+0000] {logging_mixin.py:190} INFO - [2026-07-14T13:57:25.766+0000] {dagbag.py:587} INFO - Filling up the DagBag from /opt/airflow/dags/sanity_checks.py
[2026-07-14T13:57:25.782+0000] {processor.py:925} INFO - DAG(s) 'airflow_sanity_check' retrieved from /opt/airflow/dags/sanity_checks.py
[2026-07-14T13:57:25.824+0000] {logging_mixin.py:190} INFO - [2026-07-14T13:57:25.824+0000] {dag.py:3211} INFO - Sync 1 DAGs
[2026-07-14T13:57:25.845+0000] {logging_mixin.py:190} INFO - [2026-07-14T13:57:25.844+0000] {dag.py:4138} INFO - Setting next_dagrun for airflow_sanity_check to None, run_after=None
[2026-07-14T13:57:26.059+0000] {processor.py:208} INFO - Processing /opt/airflow/dags/sanity_checks.py took 0.306 seconds
[2026-07-14T13:57:56.380+0000] {processor.py:186} INFO - Started process (PID=1901) to work on /opt/airflow/dags/sanity_checks.py
[2026-07-14T13:57:56.381+0000] {processor.py:914} INFO - Processing file /opt/airflow/dags/sanity_checks.py for tasks to queue
[2026-07-14T13:57:56.385+0000] {logging_mixin.py:190} INFO - [2026-07-14T13:57:56.384+0000] {dagbag.py:587} INFO - Filling up the DagBag from /opt/airflow/dags/sanity_checks.py
[2026-07-14T13:57:56.400+0000] {processor.py:925} INFO - DAG(s) 'airflow_sanity_check' retrieved from /opt/airflow/dags/sanity_checks.py
[2026-07-14T13:57:56.442+0000] {logging_mixin.py:190} INFO - [2026-07-14T13:57:56.442+0000] {dag.py:3211} INFO - Sync 1 DAGs
[2026-07-14T13:57:56.463+0000] {logging_mixin.py:190} INFO - [2026-07-14T13:57:56.463+0000] {dag.py:4138} INFO - Setting next_dagrun for airflow_sanity_check to None, run_after=None
[2026-07-14T13:57:56.491+0000] {processor.py:208} INFO - Processing /opt/airflow/dags/sanity_checks.py took 0.121 seconds
[2026-07-14T13:58:26.799+0000] {processor.py:186} INFO - Started process (PID=1911) to work on /opt/airflow/dags/sanity_checks.py
[2026-07-14T13:58:26.801+0000] {processor.py:914} INFO - Processing file /opt/airflow/dags/sanity_checks.py for tasks to queue
[2026-07-14T13:58:26.805+0000] {logging_mixin.py:190} INFO - [2026-07-14T13:58:26.805+0000] {dagbag.py:587} INFO - Filling up the DagBag from /opt/airflow/dags/sanity_checks.py
[2026-07-14T13:58:26.820+0000] {processor.py:925} INFO - DAG(s) 'airflow_sanity_check' retrieved from /opt/airflow/dags/sanity_checks.py
[2026-07-14T13:58:26.866+0000] {logging_mixin.py:190} INFO - [2026-07-14T13:58:26.866+0000] {dag.py:3211} INFO - Sync 1 DAGs
[2026-07-14T13:58:26.889+0000] {logging_mixin.py:190} INFO - [2026-07-14T13:58:26.889+0000] {dag.py:4138} INFO - Setting next_dagrun for airflow_sanity_check to None, run_after=None
[2026-07-14T13:58:26.918+0000] {processor.py:208} INFO - Processing /opt/airflow/dags/sanity_checks.py took 0.126 seconds
[2026-07-14T13:58:57.216+0000] {processor.py:186} INFO - Started process (PID=1921) to work on /opt/airflow/dags/sanity_checks.py
[2026-07-14T13:58:57.217+0000] {processor.py:914} INFO - Processing file /opt/airflow/dags/sanity_checks.py for tasks to queue
[2026-07-14T13:58:57.222+0000] {logging_mixin.py:190} INFO - [2026-07-14T13:58:57.221+0000] {dagbag.py:587} INFO - Filling up the DagBag from /opt/airflow/dags/sanity_checks.py
[2026-07-14T13:58:57.240+0000] {processor.py:925} INFO - DAG(s) 'airflow_sanity_check' retrieved from /opt/airflow/dags/sanity_checks.py
[2026-07-14T13:58:57.281+0000] {logging_mixin.py:190} INFO - [2026-07-14T13:58:57.281+0000] {dag.py:3211} INFO - Sync 1 DAGs
[2026-07-14T13:58:57.304+0000] {logging_mixin.py:190} INFO - [2026-07-14T13:58:57.303+0000] {dag.py:4138} INFO - Setting next_dagrun for airflow_sanity_check to None, run_after=None
[2026-07-14T13:58:57.331+0000] {processor.py:208} INFO - Processing /opt/airflow/dags/sanity_checks.py took 0.123 seconds
[2026-07-14T13:59:27.656+0000] {processor.py:186} INFO - Started process (PID=1931) to work on /opt/airflow/dags/sanity_checks.py
[2026-07-14T13:59:27.657+0000] {processor.py:914} INFO - Processing file /opt/airflow/dags/sanity_checks.py for tasks to queue
[2026-07-14T13:59:27.660+0000] {logging_mixin.py:190} INFO - [2026-07-14T13:59:27.660+0000] {dagbag.py:587} INFO - Filling up the DagBag from /opt/airflow/dags/sanity_checks.py
[2026-07-14T13:59:27.675+0000] {processor.py:925} INFO - DAG(s) 'airflow_sanity_check' retrieved from /opt/airflow/dags/sanity_checks.py
[2026-07-14T13:59:27.715+0000] {logging_mixin.py:190} INFO - [2026-07-14T13:59:27.715+0000] {dag.py:3211} INFO - Sync 1 DAGs
[2026-07-14T13:59:27.737+0000] {logging_mixin.py:190} INFO - [2026-07-14T13:59:27.736+0000] {dag.py:4138} INFO - Setting next_dagrun for airflow_sanity_check to None, run_after=None
[2026-07-14T13:59:27.765+0000] {processor.py:208} INFO - Processing /opt/airflow/dags/sanity_checks.py took 0.117 seconds
[2026-07-14T13:59:58.120+0000] {processor.py:186} INFO - Started process (PID=1941) to work on /opt/airflow/dags/sanity_checks.py
[2026-07-14T13:59:58.121+0000] {processor.py:914} INFO - Processing file /opt/airflow/dags/sanity_checks.py for tasks to queue
[2026-07-14T13:59:58.127+0000] {logging_mixin.py:190} INFO - [2026-07-14T13:59:58.127+0000] {dagbag.py:587} INFO - Filling up the DagBag from /opt/airflow/dags/sanity_checks.py
[2026-07-14T13:59:58.143+0000] {processor.py:925} INFO - DAG(s) 'airflow_sanity_check' retrieved from /opt/airflow/dags/sanity_checks.py
[2026-07-14T13:59:58.189+0000] {logging_mixin.py:190} INFO - [2026-07-14T13:59:58.189+0000] {dag.py:3211} INFO - Sync 1 DAGs
[2026-07-14T13:59:58.212+0000] {logging_mixin.py:190} INFO - [2026-07-14T13:59:58.212+0000] {dag.py:4138} INFO - Setting next_dagrun for airflow_sanity_check to None, run_after=None
[2026-07-14T13:59:58.248+0000] {processor.py:208} INFO - Processing /opt/airflow/dags/sanity_checks.py took 0.137 seconds
[2026-07-14T14:00:28.556+0000] {processor.py:186} INFO - Started process (PID=1951) to work on /opt/airflow/dags/sanity_checks.py
[2026-07-14T14:00:28.557+0000] {processor.py:914} INFO - Processing file /opt/airflow/dags/sanity_checks.py for tasks to queue
[2026-07-14T14:00:28.561+0000] {logging_mixin.py:190} INFO - [2026-07-14T14:00:28.560+0000] {dagbag.py:587} INFO - Filling up the DagBag from /opt/airflow/dags/sanity_checks.py
[2026-07-14T14:00:28.578+0000] {processor.py:925} INFO - DAG(s) 'airflow_sanity_check' retrieved from /opt/airflow/dags/sanity_checks.py
[2026-07-14T14:00:28.620+0000] {logging_mixin.py:190} INFO - [2026-07-14T14:00:28.620+0000] {dag.py:3211} INFO - Sync 1 DAGs
[2026-07-14T14:00:28.642+0000] {logging_mixin.py:190} INFO - [2026-07-14T14:00:28.642+0000] {dag.py:4138} INFO - Setting next_dagrun for airflow_sanity_check to None, run_after=None
[2026-07-14T14:00:28.668+0000] {processor.py:208} INFO - Processing /opt/airflow/dags/sanity_checks.py took 0.120 seconds
[2026-07-14T14:00:58.979+0000] {processor.py:186} INFO - Started process (PID=1961) to work on /opt/airflow/dags/sanity_checks.py
[2026-07-14T14:00:58.980+0000] {processor.py:914} INFO - Processing file /opt/airflow/dags/sanity_checks.py for tasks to queue
[2026-07-14T14:00:58.984+0000] {logging_mixin.py:190} INFO - [2026-07-14T14:00:58.983+0000] {dagbag.py:587} INFO - Filling up the DagBag from /opt/airflow/dags/sanity_checks.py
[2026-07-14T14:00:58.999+0000] {processor.py:925} INFO - DAG(s) 'airflow_sanity_check' retrieved from /opt/airflow/dags/sanity_checks.py
[2026-07-14T14:00:59.041+0000] {logging_mixin.py:190} INFO - [2026-07-14T14:00:59.041+0000] {dag.py:3211} INFO - Sync 1 DAGs
[2026-07-14T14:00:59.061+0000] {logging_mixin.py:190} INFO - [2026-07-14T14:00:59.061+0000] {dag.py:4138} INFO - Setting next_dagrun for airflow_sanity_check to None, run_after=None
[2026-07-14T14:00:59.085+0000] {processor.py:208} INFO - Processing /opt/airflow/dags/sanity_checks.py took 0.114 seconds
[2026-07-14T14:01:29.387+0000] {processor.py:186} INFO - Started process (PID=1971) to work on /opt/airflow/dags/sanity_checks.py
[2026-07-14T14:01:29.389+0000] {processor.py:914} INFO - Processing file /opt/airflow/dags/sanity_checks.py for tasks to queue
[2026-07-14T14:01:29.392+0000] {logging_mixin.py:190} INFO - [2026-07-14T14:01:29.392+0000] {dagbag.py:587} INFO - Filling up the DagBag from /opt/airflow/dags/sanity_checks.py
[2026-07-14T14:01:29.407+0000] {processor.py:925} INFO - DAG(s) 'airflow_sanity_check' retrieved from /opt/airflow/dags/sanity_checks.py
[2026-07-14T14:01:29.448+0000] {logging_mixin.py:190} INFO - [2026-07-14T14:01:29.448+0000] {dag.py:3211} INFO - Sync 1 DAGs
[2026-07-14T14:01:29.472+0000] {logging_mixin.py:190} INFO - [2026-07-14T14:01:29.472+0000] {dag.py:4138} INFO - Setting next_dagrun for airflow_sanity_check to None, run_after=None
[2026-07-14T14:01:29.497+0000] {processor.py:208} INFO - Processing /opt/airflow/dags/sanity_checks.py took 0.118 seconds
[2026-07-14T14:01:59.842+0000] {processor.py:186} INFO - Started process (PID=1981) to work on /opt/airflow/dags/sanity_checks.py
[2026-07-14T14:01:59.843+0000] {processor.py:914} INFO - Processing file /opt/airflow/dags/sanity_checks.py for tasks to queue
[2026-07-14T14:01:59.847+0000] {logging_mixin.py:190} INFO - [2026-07-14T14:01:59.846+0000] {dagbag.py:587} INFO - Filling up the DagBag from /opt/airflow/dags/sanity_checks.py
[2026-07-14T14:01:59.864+0000] {processor.py:925} INFO - DAG(s) 'airflow_sanity_check' retrieved from /opt/airflow/dags/sanity_checks.py
[2026-07-14T14:01:59.906+0000] {logging_mixin.py:190} INFO - [2026-07-14T14:01:59.905+0000] {dag.py:3211} INFO - Sync 1 DAGs
[2026-07-14T14:01:59.927+0000] {logging_mixin.py:190} INFO - [2026-07-14T14:01:59.926+0000] {dag.py:4138} INFO - Setting next_dagrun for airflow_sanity_check to None, run_after=None
[2026-07-14T14:01:59.956+0000] {processor.py:208} INFO - Processing /opt/airflow/dags/sanity_checks.py took 0.122 seconds
[2026-07-14T14:02:30.273+0000] {processor.py:186} INFO - Started process (PID=1991) to work on /opt/airflow/dags/sanity_checks.py
[2026-07-14T14:02:30.274+0000] {processor.py:914} INFO - Processing file /opt/airflow/dags/sanity_checks.py for tasks to queue
[2026-07-14T14:02:30.278+0000] {logging_mixin.py:190} INFO - [2026-07-14T14:02:30.277+0000] {dagbag.py:587} INFO - Filling up the DagBag from /opt/airflow/dags/sanity_checks.py
[2026-07-14T14:02:30.293+0000] {processor.py:925} INFO - DAG(s) 'airflow_sanity_check' retrieved from /opt/airflow/dags/sanity_checks.py
[2026-07-14T14:02:30.334+0000] {logging_mixin.py:190} INFO - [2026-07-14T14:02:30.334+0000] {dag.py:3211} INFO - Sync 1 DAGs
[2026-07-14T14:02:30.356+0000] {logging_mixin.py:190} INFO - [2026-07-14T14:02:30.355+0000] {dag.py:4138} INFO - Setting next_dagrun for airflow_sanity_check to None, run_after=None
[2026-07-14T14:02:30.385+0000] {processor.py:208} INFO - Processing /opt/airflow/dags/sanity_checks.py took 0.121 seconds
[2026-07-14T14:03:00.709+0000] {processor.py:186} INFO - Started process (PID=2001) to work on /opt/airflow/dags/sanity_checks.py
[2026-07-14T14:03:00.711+0000] {processor.py:914} INFO - Processing file /opt/airflow/dags/sanity_checks.py for tasks to queue
[2026-07-14T14:03:00.714+0000] {logging_mixin.py:190} INFO - [2026-07-14T14:03:00.714+0000] {dagbag.py:587} INFO - Filling up the DagBag from /opt/airflow/dags/sanity_checks.py
[2026-07-14T14:03:00.729+0000] {processor.py:925} INFO - DAG(s) 'airflow_sanity_check' retrieved from /opt/airflow/dags/sanity_checks.py
[2026-07-14T14:03:00.772+0000] {logging_mixin.py:190} INFO - [2026-07-14T14:03:00.772+0000] {dag.py:3211} INFO - Sync 1 DAGs
[2026-07-14T14:03:00.793+0000] {logging_mixin.py:190} INFO - [2026-07-14T14:03:00.793+0000] {dag.py:4138} INFO - Setting next_dagrun for airflow_sanity_check to None, run_after=None
[2026-07-14T14:03:00.823+0000] {processor.py:208} INFO - Processing /opt/airflow/dags/sanity_checks.py took 0.122 seconds
[2026-07-14T14:03:31.130+0000] {processor.py:186} INFO - Started process (PID=2011) to work on /opt/airflow/dags/sanity_checks.py
[2026-07-14T14:03:31.132+0000] {processor.py:914} INFO - Processing file /opt/airflow/dags/sanity_checks.py for tasks to queue
[2026-07-14T14:03:31.135+0000] {logging_mixin.py:190} INFO - [2026-07-14T14:03:31.135+0000] {dagbag.py:587} INFO - Filling up the DagBag from /opt/airflow/dags/sanity_checks.py
[2026-07-14T14:03:31.150+0000] {processor.py:925} INFO - DAG(s) 'airflow_sanity_check' retrieved from /opt/airflow/dags/sanity_checks.py
[2026-07-14T14:03:31.191+0000] {logging_mixin.py:190} INFO - [2026-07-14T14:03:31.191+0000] {dag.py:3211} INFO - Sync 1 DAGs
[2026-07-14T14:03:31.213+0000] {logging_mixin.py:190} INFO - [2026-07-14T14:03:31.212+0000] {dag.py:4138} INFO - Setting next_dagrun for airflow_sanity_check to None, run_after=None
[2026-07-14T14:03:31.240+0000] {processor.py:208} INFO - Processing /opt/airflow/dags/sanity_checks.py took 0.118 seconds
[2026-07-14T14:04:01.561+0000] {processor.py:186} INFO - Started process (PID=2021) to work on /opt/airflow/dags/sanity_checks.py
[2026-07-14T14:04:01.563+0000] {processor.py:914} INFO - Processing file /opt/airflow/dags/sanity_checks.py for tasks to queue
[2026-07-14T14:04:01.566+0000] {logging_mixin.py:190} INFO - [2026-07-14T14:04:01.565+0000] {dagbag.py:587} INFO - Filling up the DagBag from /opt/airflow/dags/sanity_checks.py
[2026-07-14T14:04:01.582+0000] {processor.py:925} INFO - DAG(s) 'airflow_sanity_check' retrieved from /opt/airflow/dags/sanity_checks.py
[2026-07-14T14:04:01.638+0000] {logging_mixin.py:190} INFO - [2026-07-14T14:04:01.637+0000] {dag.py:3211} INFO - Sync 1 DAGs
[2026-07-14T14:04:01.658+0000] {logging_mixin.py:190} INFO - [2026-07-14T14:04:01.658+0000] {dag.py:4138} INFO - Setting next_dagrun for airflow_sanity_check to None, run_after=None
[2026-07-14T14:04:01.686+0000] {processor.py:208} INFO - Processing /opt/airflow/dags/sanity_checks.py took 0.133 seconds
[2026-07-14T14:04:32.103+0000] {processor.py:186} INFO - Started process (PID=2031) to work on /opt/airflow/dags/sanity_checks.py
[2026-07-14T14:04:32.104+0000] {processor.py:914} INFO - Processing file /opt/airflow/dags/sanity_checks.py for tasks to queue
[2026-07-14T14:04:32.109+0000] {logging_mixin.py:190} INFO - [2026-07-14T14:04:32.108+0000] {dagbag.py:587} INFO - Filling up the DagBag from /opt/airflow/dags/sanity_checks.py
[2026-07-14T14:04:32.124+0000] {processor.py:925} INFO - DAG(s) 'airflow_sanity_check' retrieved from /opt/airflow/dags/sanity_checks.py
[2026-07-14T14:04:32.169+0000] {logging_mixin.py:190} INFO - [2026-07-14T14:04:32.169+0000] {dag.py:3211} INFO - Sync 1 DAGs
[2026-07-14T14:04:32.193+0000] {logging_mixin.py:190} INFO - [2026-07-14T14:04:32.192+0000] {dag.py:4138} INFO - Setting next_dagrun for airflow_sanity_check to None, run_after=None
[2026-07-14T14:04:32.220+0000] {processor.py:208} INFO - Processing /opt/airflow/dags/sanity_checks.py took 0.125 seconds
[2026-07-14T14:05:02.525+0000] {processor.py:186} INFO - Started process (PID=2041) to work on /opt/airflow/dags/sanity_checks.py
[2026-07-14T14:05:02.526+0000] {processor.py:914} INFO - Processing file /opt/airflow/dags/sanity_checks.py for tasks to queue
[2026-07-14T14:05:02.530+0000] {logging_mixin.py:190} INFO - [2026-07-14T14:05:02.529+0000] {dagbag.py:587} INFO - Filling up the DagBag from /opt/airflow/dags/sanity_checks.py
[2026-07-14T14:05:02.546+0000] {processor.py:925} INFO - DAG(s) 'airflow_sanity_check' retrieved from /opt/airflow/dags/sanity_checks.py
[2026-07-14T14:05:02.593+0000] {logging_mixin.py:190} INFO - [2026-07-14T14:05:02.593+0000] {dag.py:3211} INFO - Sync 1 DAGs
[2026-07-14T14:05:02.619+0000] {logging_mixin.py:190} INFO - [2026-07-14T14:05:02.619+0000] {dag.py:4138} INFO - Setting next_dagrun for airflow_sanity_check to None, run_after=None
[2026-07-14T14:05:02.650+0000] {processor.py:208} INFO - Processing /opt/airflow/dags/sanity_checks.py took 0.134 seconds
[2026-07-14T14:05:32.961+0000] {processor.py:186} INFO - Started process (PID=2051) to work on /opt/airflow/dags/sanity_checks.py
[2026-07-14T14:05:32.962+0000] {processor.py:914} INFO - Processing file /opt/airflow/dags/sanity_checks.py for tasks to queue
[2026-07-14T14:05:32.967+0000] {logging_mixin.py:190} INFO - [2026-07-14T14:05:32.966+0000] {dagbag.py:587} INFO - Filling up the DagBag from /opt/airflow/dags/sanity_checks.py
[2026-07-14T14:05:32.981+0000] {processor.py:925} INFO - DAG(s) 'airflow_sanity_check' retrieved from /opt/airflow/dags/sanity_checks.py
[2026-07-14T14:05:33.021+0000] {logging_mixin.py:190} INFO - [2026-07-14T14:05:33.021+0000] {dag.py:3211} INFO - Sync 1 DAGs
[2026-07-14T14:05:33.041+0000] {logging_mixin.py:190} INFO - [2026-07-14T14:05:33.041+0000] {dag.py:4138} INFO - Setting next_dagrun for airflow_sanity_check to None, run_after=None
[2026-07-14T14:05:33.069+0000] {processor.py:208} INFO - Processing /opt/airflow/dags/sanity_checks.py took 0.117 seconds
[2026-07-14T14:06:03.401+0000] {processor.py:186} INFO - Started process (PID=2061) to work on /opt/airflow/dags/sanity_checks.py
[2026-07-14T14:06:03.402+0000] {processor.py:914} INFO - Processing file /opt/airflow/dags/sanity_checks.py for tasks to queue
[2026-07-14T14:06:03.405+0000] {logging_mixin.py:190} INFO - [2026-07-14T14:06:03.405+0000] {dagbag.py:587} INFO - Filling up the DagBag from /opt/airflow/dags/sanity_checks.py
[2026-07-14T14:06:03.421+0000] {processor.py:925} INFO - DAG(s) 'airflow_sanity_check' retrieved from /opt/airflow/dags/sanity_checks.py
[2026-07-14T14:06:03.465+0000] {logging_mixin.py:190} INFO - [2026-07-14T14:06:03.464+0000] {dag.py:3211} INFO - Sync 1 DAGs
[2026-07-14T14:06:03.488+0000] {logging_mixin.py:190} INFO - [2026-07-14T14:06:03.488+0000] {dag.py:4138} INFO - Setting next_dagrun for airflow_sanity_check to None, run_after=None
[2026-07-14T14:06:03.689+0000] {processor.py:208} INFO - Processing /opt/airflow/dags/sanity_checks.py took 0.297 seconds
[2026-07-14T14:06:33.993+0000] {processor.py:186} INFO - Started process (PID=2071) to work on /opt/airflow/dags/sanity_checks.py
[2026-07-14T14:06:33.994+0000] {processor.py:914} INFO - Processing file /opt/airflow/dags/sanity_checks.py for tasks to queue
[2026-07-14T14:06:33.997+0000] {logging_mixin.py:190} INFO - [2026-07-14T14:06:33.997+0000] {dagbag.py:587} INFO - Filling up the DagBag from /opt/airflow/dags/sanity_checks.py
[2026-07-14T14:06:34.012+0000] {processor.py:925} INFO - DAG(s) 'airflow_sanity_check' retrieved from /opt/airflow/dags/sanity_checks.py
[2026-07-14T14:06:34.054+0000] {logging_mixin.py:190} INFO - [2026-07-14T14:06:34.054+0000] {dag.py:3211} INFO - Sync 1 DAGs
[2026-07-14T14:06:34.075+0000] {logging_mixin.py:190} INFO - [2026-07-14T14:06:34.075+0000] {dag.py:4138} INFO - Setting next_dagrun for airflow_sanity_check to None, run_after=None
[2026-07-14T14:06:34.102+0000] {processor.py:208} INFO - Processing /opt/airflow/dags/sanity_checks.py took 0.117 seconds
[2026-07-14T14:07:04.430+0000] {processor.py:186} INFO - Started process (PID=2081) to work on /opt/airflow/dags/sanity_checks.py
[2026-07-14T14:07:04.432+0000] {processor.py:914} INFO - Processing file /opt/airflow/dags/sanity_checks.py for tasks to queue
[2026-07-14T14:07:04.435+0000] {logging_mixin.py:190} INFO - [2026-07-14T14:07:04.435+0000] {dagbag.py:587} INFO - Filling up the DagBag from /opt/airflow/dags/sanity_checks.py
[2026-07-14T14:07:04.451+0000] {processor.py:925} INFO - DAG(s) 'airflow_sanity_check' retrieved from /opt/airflow/dags/sanity_checks.py
[2026-07-14T14:07:04.492+0000] {logging_mixin.py:190} INFO - [2026-07-14T14:07:04.492+0000] {dag.py:3211} INFO - Sync 1 DAGs
[2026-07-14T14:07:04.514+0000] {logging_mixin.py:190} INFO - [2026-07-14T14:07:04.514+0000] {dag.py:4138} INFO - Setting next_dagrun for airflow_sanity_check to None, run_after=None
[2026-07-14T14:07:04.543+0000] {processor.py:208} INFO - Processing /opt/airflow/dags/sanity_checks.py took 0.127 seconds
[2026-07-14T14:07:34.840+0000] {processor.py:186} INFO - Started process (PID=2091) to work on /opt/airflow/dags/sanity_checks.py
[2026-07-14T14:07:34.842+0000] {processor.py:914} INFO - Processing file /opt/airflow/dags/sanity_checks.py for tasks to queue
[2026-07-14T14:07:34.845+0000] {logging_mixin.py:190} INFO - [2026-07-14T14:07:34.845+0000] {dagbag.py:587} INFO - Filling up the DagBag from /opt/airflow/dags/sanity_checks.py
[2026-07-14T14:07:34.862+0000] {processor.py:925} INFO - DAG(s) 'airflow_sanity_check' retrieved from /opt/airflow/dags/sanity_checks.py
[2026-07-14T14:07:34.906+0000] {logging_mixin.py:190} INFO - [2026-07-14T14:07:34.905+0000] {dag.py:3211} INFO - Sync 1 DAGs
[2026-07-14T14:07:34.934+0000] {logging_mixin.py:190} INFO - [2026-07-14T14:07:34.933+0000] {dag.py:4138} INFO - Setting next_dagrun for airflow_sanity_check to None, run_after=None
[2026-07-14T14:07:34.963+0000] {processor.py:208} INFO - Processing /opt/airflow/dags/sanity_checks.py took 0.131 seconds
[2026-07-14T14:08:05.284+0000] {processor.py:186} INFO - Started process (PID=2101) to work on /opt/airflow/dags/sanity_checks.py
[2026-07-14T14:08:05.285+0000] {processor.py:914} INFO - Processing file /opt/airflow/dags/sanity_checks.py for tasks to queue
[2026-07-14T14:08:05.289+0000] {logging_mixin.py:190} INFO - [2026-07-14T14:08:05.288+0000] {dagbag.py:587} INFO - Filling up the DagBag from /opt/airflow/dags/sanity_checks.py
[2026-07-14T14:08:05.305+0000] {processor.py:925} INFO - DAG(s) 'airflow_sanity_check' retrieved from /opt/airflow/dags/sanity_checks.py
[2026-07-14T14:08:05.347+0000] {logging_mixin.py:190} INFO - [2026-07-14T14:08:05.346+0000] {dag.py:3211} INFO - Sync 1 DAGs
[2026-07-14T14:08:05.368+0000] {logging_mixin.py:190} INFO - [2026-07-14T14:08:05.367+0000] {dag.py:4138} INFO - Setting next_dagrun for airflow_sanity_check to None, run_after=None
[2026-07-14T14:08:05.398+0000] {processor.py:208} INFO - Processing /opt/airflow/dags/sanity_checks.py took 0.122 seconds
[2026-07-14T14:08:35.697+0000] {processor.py:186} INFO - Started process (PID=2111) to work on /opt/airflow/dags/sanity_checks.py
[2026-07-14T14:08:35.698+0000] {processor.py:914} INFO - Processing file /opt/airflow/dags/sanity_checks.py for tasks to queue
[2026-07-14T14:08:35.703+0000] {logging_mixin.py:190} INFO - [2026-07-14T14:08:35.702+0000] {dagbag.py:587} INFO - Filling up the DagBag from /opt/airflow/dags/sanity_checks.py
[2026-07-14T14:08:35.718+0000] {processor.py:925} INFO - DAG(s) 'airflow_sanity_check' retrieved from /opt/airflow/dags/sanity_checks.py
[2026-07-14T14:08:35.768+0000] {logging_mixin.py:190} INFO - [2026-07-14T14:08:35.768+0000] {dag.py:3211} INFO - Sync 1 DAGs
[2026-07-14T14:08:35.792+0000] {logging_mixin.py:190} INFO - [2026-07-14T14:08:35.791+0000] {dag.py:4138} INFO - Setting next_dagrun for airflow_sanity_check to None, run_after=None
[2026-07-14T14:08:35.823+0000] {processor.py:208} INFO - Processing /opt/airflow/dags/sanity_checks.py took 0.134 seconds
[2026-07-14T14:09:06.122+0000] {processor.py:186} INFO - Started process (PID=2121) to work on /opt/airflow/dags/sanity_checks.py
[2026-07-14T14:09:06.123+0000] {processor.py:914} INFO - Processing file /opt/airflow/dags/sanity_checks.py for tasks to queue
[2026-07-14T14:09:06.130+0000] {logging_mixin.py:190} INFO - [2026-07-14T14:09:06.129+0000] {dagbag.py:587} INFO - Filling up the DagBag from /opt/airflow/dags/sanity_checks.py
[2026-07-14T14:09:06.145+0000] {processor.py:925} INFO - DAG(s) 'airflow_sanity_check' retrieved from /opt/airflow/dags/sanity_checks.py
[2026-07-14T14:09:06.185+0000] {logging_mixin.py:190} INFO - [2026-07-14T14:09:06.185+0000] {dag.py:3211} INFO - Sync 1 DAGs
[2026-07-14T14:09:06.206+0000] {logging_mixin.py:190} INFO - [2026-07-14T14:09:06.206+0000] {dag.py:4138} INFO - Setting next_dagrun for airflow_sanity_check to None, run_after=None
[2026-07-14T14:09:06.233+0000] {processor.py:208} INFO - Processing /opt/airflow/dags/sanity_checks.py took 0.120 seconds
[2026-07-14T14:09:36.555+0000] {processor.py:186} INFO - Started process (PID=2131) to work on /opt/airflow/dags/sanity_checks.py
[2026-07-14T14:09:36.557+0000] {processor.py:914} INFO - Processing file /opt/airflow/dags/sanity_checks.py for tasks to queue
[2026-07-14T14:09:36.561+0000] {logging_mixin.py:190} INFO - [2026-07-14T14:09:36.560+0000] {dagbag.py:587} INFO - Filling up the DagBag from /opt/airflow/dags/sanity_checks.py
[2026-07-14T14:09:36.580+0000] {processor.py:925} INFO - DAG(s) 'airflow_sanity_check' retrieved from /opt/airflow/dags/sanity_checks.py
[2026-07-14T14:09:36.622+0000] {logging_mixin.py:190} INFO - [2026-07-14T14:09:36.621+0000] {dag.py:3211} INFO - Sync 1 DAGs
[2026-07-14T14:09:36.643+0000] {logging_mixin.py:190} INFO - [2026-07-14T14:09:36.642+0000] {dag.py:4138} INFO - Setting next_dagrun for airflow_sanity_check to None, run_after=None
[2026-07-14T14:09:36.670+0000] {processor.py:208} INFO - Processing /opt/airflow/dags/sanity_checks.py took 0.123 seconds
[2026-07-14T14:10:07.232+0000] {processor.py:186} INFO - Started process (PID=2141) to work on /opt/airflow/dags/sanity_checks.py
[2026-07-14T14:10:07.233+0000] {processor.py:914} INFO - Processing file /opt/airflow/dags/sanity_checks.py for tasks to queue
[2026-07-14T14:10:07.236+0000] {logging_mixin.py:190} INFO - [2026-07-14T14:10:07.236+0000] {dagbag.py:587} INFO - Filling up the DagBag from /opt/airflow/dags/sanity_checks.py
[2026-07-14T14:10:07.253+0000] {processor.py:925} INFO - DAG(s) 'airflow_sanity_check' retrieved from /opt/airflow/dags/sanity_checks.py
[2026-07-14T14:10:07.299+0000] {logging_mixin.py:190} INFO - [2026-07-14T14:10:07.299+0000] {dag.py:3211} INFO - Sync 1 DAGs
[2026-07-14T14:10:07.324+0000] {logging_mixin.py:190} INFO - [2026-07-14T14:10:07.324+0000] {dag.py:4138} INFO - Setting next_dagrun for airflow_sanity_check to None, run_after=None
[2026-07-14T14:10:07.354+0000] {processor.py:208} INFO - Processing /opt/airflow/dags/sanity_checks.py took 0.131 seconds
[2026-07-14T14:10:37.667+0000] {processor.py:186} INFO - Started process (PID=2151) to work on /opt/airflow/dags/sanity_checks.py
[2026-07-14T14:10:37.669+0000] {processor.py:914} INFO - Processing file /opt/airflow/dags/sanity_checks.py for tasks to queue
[2026-07-14T14:10:37.672+0000] {logging_mixin.py:190} INFO - [2026-07-14T14:10:37.672+0000] {dagbag.py:587} INFO - Filling up the DagBag from /opt/airflow/dags/sanity_checks.py
[2026-07-14T14:10:37.686+0000] {processor.py:925} INFO - DAG(s) 'airflow_sanity_check' retrieved from /opt/airflow/dags/sanity_checks.py
[2026-07-14T14:10:37.728+0000] {logging_mixin.py:190} INFO - [2026-07-14T14:10:37.727+0000] {dag.py:3211} INFO - Sync 1 DAGs
[2026-07-14T14:10:37.748+0000] {logging_mixin.py:190} INFO - [2026-07-14T14:10:37.748+0000] {dag.py:4138} INFO - Setting next_dagrun for airflow_sanity_check to None, run_after=None
[2026-07-14T14:10:37.777+0000] {processor.py:208} INFO - Processing /opt/airflow/dags/sanity_checks.py took 0.118 seconds
[2026-07-14T14:11:08.157+0000] {processor.py:186} INFO - Started process (PID=2161) to work on /opt/airflow/dags/sanity_checks.py
[2026-07-14T14:11:08.158+0000] {processor.py:914} INFO - Processing file /opt/airflow/dags/sanity_checks.py for tasks to queue
[2026-07-14T14:11:08.161+0000] {logging_mixin.py:190} INFO - [2026-07-14T14:11:08.161+0000] {dagbag.py:587} INFO - Filling up the DagBag from /opt/airflow/dags/sanity_checks.py
[2026-07-14T14:11:08.176+0000] {processor.py:925} INFO - DAG(s) 'airflow_sanity_check' retrieved from /opt/airflow/dags/sanity_checks.py
[2026-07-14T14:11:08.217+0000] {logging_mixin.py:190} INFO - [2026-07-14T14:11:08.217+0000] {dag.py:3211} INFO - Sync 1 DAGs
[2026-07-14T14:11:08.241+0000] {logging_mixin.py:190} INFO - [2026-07-14T14:11:08.240+0000] {dag.py:4138} INFO - Setting next_dagrun for airflow_sanity_check to None, run_after=None
[2026-07-14T14:11:08.270+0000] {processor.py:208} INFO - Processing /opt/airflow/dags/sanity_checks.py took 0.120 seconds
[2026-07-14T14:11:38.558+0000] {processor.py:186} INFO - Started process (PID=2171) to work on /opt/airflow/dags/sanity_checks.py
[2026-07-14T14:11:38.559+0000] {processor.py:914} INFO - Processing file /opt/airflow/dags/sanity_checks.py for tasks to queue
[2026-07-14T14:11:38.563+0000] {logging_mixin.py:190} INFO - [2026-07-14T14:11:38.563+0000] {dagbag.py:587} INFO - Filling up the DagBag from /opt/airflow/dags/sanity_checks.py
[2026-07-14T14:11:38.580+0000] {processor.py:925} INFO - DAG(s) 'airflow_sanity_check' retrieved from /opt/airflow/dags/sanity_checks.py
[2026-07-14T14:11:38.622+0000] {logging_mixin.py:190} INFO - [2026-07-14T14:11:38.622+0000] {dag.py:3211} INFO - Sync 1 DAGs
[2026-07-14T14:11:38.643+0000] {logging_mixin.py:190} INFO - [2026-07-14T14:11:38.642+0000] {dag.py:4138} INFO - Setting next_dagrun for airflow_sanity_check to None, run_after=None
[2026-07-14T14:11:38.850+0000] {processor.py:208} INFO - Processing /opt/airflow/dags/sanity_checks.py took 0.301 seconds
[2026-07-14T14:12:09.159+0000] {processor.py:186} INFO - Started process (PID=2181) to work on /opt/airflow/dags/sanity_checks.py
[2026-07-14T14:12:09.161+0000] {processor.py:914} INFO - Processing file /opt/airflow/dags/sanity_checks.py for tasks to queue
[2026-07-14T14:12:09.165+0000] {logging_mixin.py:190} INFO - [2026-07-14T14:12:09.164+0000] {dagbag.py:587} INFO - Filling up the DagBag from /opt/airflow/dags/sanity_checks.py
[2026-07-14T14:12:09.179+0000] {processor.py:925} INFO - DAG(s) 'airflow_sanity_check' retrieved from /opt/airflow/dags/sanity_checks.py
[2026-07-14T14:12:09.219+0000] {logging_mixin.py:190} INFO - [2026-07-14T14:12:09.219+0000] {dag.py:3211} INFO - Sync 1 DAGs
[2026-07-14T14:12:09.241+0000] {logging_mixin.py:190} INFO - [2026-07-14T14:12:09.241+0000] {dag.py:4138} INFO - Setting next_dagrun for airflow_sanity_check to None, run_after=None
[2026-07-14T14:12:09.268+0000] {processor.py:208} INFO - Processing /opt/airflow/dags/sanity_checks.py took 0.121 seconds
[2026-07-14T14:12:39.562+0000] {processor.py:186} INFO - Started process (PID=2191) to work on /opt/airflow/dags/sanity_checks.py
[2026-07-14T14:12:39.563+0000] {processor.py:914} INFO - Processing file /opt/airflow/dags/sanity_checks.py for tasks to queue
[2026-07-14T14:12:39.568+0000] {logging_mixin.py:190} INFO - [2026-07-14T14:12:39.567+0000] {dagbag.py:587} INFO - Filling up the DagBag from /opt/airflow/dags/sanity_checks.py
[2026-07-14T14:12:39.583+0000] {processor.py:925} INFO - DAG(s) 'airflow_sanity_check' retrieved from /opt/airflow/dags/sanity_checks.py
[2026-07-14T14:12:39.623+0000] {logging_mixin.py:190} INFO - [2026-07-14T14:12:39.623+0000] {dag.py:3211} INFO - Sync 1 DAGs
[2026-07-14T14:12:39.643+0000] {logging_mixin.py:190} INFO - [2026-07-14T14:12:39.643+0000] {dag.py:4138} INFO - Setting next_dagrun for airflow_sanity_check to None, run_after=None
[2026-07-14T14:12:39.671+0000] {processor.py:208} INFO - Processing /opt/airflow/dags/sanity_checks.py took 0.117 seconds
[2026-07-14T14:13:10.198+0000] {processor.py:186} INFO - Started process (PID=2201) to work on /opt/airflow/dags/sanity_checks.py
[2026-07-14T14:13:10.200+0000] {processor.py:914} INFO - Processing file /opt/airflow/dags/sanity_checks.py for tasks to queue
[2026-07-14T14:13:10.204+0000] {logging_mixin.py:190} INFO - [2026-07-14T14:13:10.204+0000] {dagbag.py:587} INFO - Filling up the DagBag from /opt/airflow/dags/sanity_checks.py
[2026-07-14T14:13:10.248+0000] {processor.py:925} INFO - DAG(s) 'airflow_sanity_check' retrieved from /opt/airflow/dags/sanity_checks.py
[2026-07-14T14:13:10.480+0000] {logging_mixin.py:190} INFO - [2026-07-14T14:13:10.480+0000] {dag.py:3211} INFO - Sync 1 DAGs
[2026-07-14T14:13:10.527+0000] {logging_mixin.py:190} INFO - [2026-07-14T14:13:10.527+0000] {dag.py:4138} INFO - Setting next_dagrun for airflow_sanity_check to None, run_after=None
[2026-07-14T14:13:10.578+0000] {processor.py:208} INFO - Processing /opt/airflow/dags/sanity_checks.py took 0.393 seconds
[2026-07-14T14:13:40.909+0000] {processor.py:186} INFO - Started process (PID=2211) to work on /opt/airflow/dags/sanity_checks.py
[2026-07-14T14:13:40.910+0000] {processor.py:914} INFO - Processing file /opt/airflow/dags/sanity_checks.py for tasks to queue
[2026-07-14T14:13:40.914+0000] {logging_mixin.py:190} INFO - [2026-07-14T14:13:40.913+0000] {dagbag.py:587} INFO - Filling up the DagBag from /opt/airflow/dags/sanity_checks.py
[2026-07-14T14:13:40.935+0000] {processor.py:925} INFO - DAG(s) 'airflow_sanity_check' retrieved from /opt/airflow/dags/sanity_checks.py
[2026-07-14T14:13:40.974+0000] {logging_mixin.py:190} INFO - [2026-07-14T14:13:40.973+0000] {dag.py:3211} INFO - Sync 1 DAGs
[2026-07-14T14:13:40.994+0000] {logging_mixin.py:190} INFO - [2026-07-14T14:13:40.994+0000] {dag.py:4138} INFO - Setting next_dagrun for airflow_sanity_check to None, run_after=None
[2026-07-14T14:13:41.022+0000] {processor.py:208} INFO - Processing /opt/airflow/dags/sanity_checks.py took 0.123 seconds
[2026-07-14T14:14:11.336+0000] {processor.py:186} INFO - Started process (PID=2221) to work on /opt/airflow/dags/sanity_checks.py
[2026-07-14T14:14:11.337+0000] {processor.py:914} INFO - Processing file /opt/airflow/dags/sanity_checks.py for tasks to queue
[2026-07-14T14:14:11.341+0000] {logging_mixin.py:190} INFO - [2026-07-14T14:14:11.340+0000] {dagbag.py:587} INFO - Filling up the DagBag from /opt/airflow/dags/sanity_checks.py
[2026-07-14T14:14:11.358+0000] {processor.py:925} INFO - DAG(s) 'airflow_sanity_check' retrieved from /opt/airflow/dags/sanity_checks.py
[2026-07-14T14:14:11.409+0000] {logging_mixin.py:190} INFO - [2026-07-14T14:14:11.408+0000] {dag.py:3211} INFO - Sync 1 DAGs
[2026-07-14T14:14:11.431+0000] {logging_mixin.py:190} INFO - [2026-07-14T14:14:11.431+0000] {dag.py:4138} INFO - Setting next_dagrun for airflow_sanity_check to None, run_after=None
[2026-07-14T14:14:11.463+0000] {processor.py:208} INFO - Processing /opt/airflow/dags/sanity_checks.py took 0.137 seconds
[2026-07-14T14:14:41.805+0000] {processor.py:186} INFO - Started process (PID=2231) to work on /opt/airflow/dags/sanity_checks.py
[2026-07-14T14:14:41.807+0000] {processor.py:914} INFO - Processing file /opt/airflow/dags/sanity_checks.py for tasks to queue
[2026-07-14T14:14:41.811+0000] {logging_mixin.py:190} INFO - [2026-07-14T14:14:41.811+0000] {dagbag.py:587} INFO - Filling up the DagBag from /opt/airflow/dags/sanity_checks.py
[2026-07-14T14:14:41.828+0000] {processor.py:925} INFO - DAG(s) 'airflow_sanity_check' retrieved from /opt/airflow/dags/sanity_checks.py
[2026-07-14T14:14:41.869+0000] {logging_mixin.py:190} INFO - [2026-07-14T14:14:41.869+0000] {dag.py:3211} INFO - Sync 1 DAGs
[2026-07-14T14:14:41.892+0000] {logging_mixin.py:190} INFO - [2026-07-14T14:14:41.892+0000] {dag.py:4138} INFO - Setting next_dagrun for airflow_sanity_check to None, run_after=None
[2026-07-14T14:14:42.108+0000] {processor.py:208} INFO - Processing /opt/airflow/dags/sanity_checks.py took 0.311 seconds
[2026-07-14T14:15:12.295+0000] {processor.py:186} INFO - Started process (PID=2241) to work on /opt/airflow/dags/sanity_checks.py
[2026-07-14T14:15:12.296+0000] {processor.py:914} INFO - Processing file /opt/airflow/dags/sanity_checks.py for tasks to queue
[2026-07-14T14:15:12.302+0000] {logging_mixin.py:190} INFO - [2026-07-14T14:15:12.301+0000] {dagbag.py:587} INFO - Filling up the DagBag from /opt/airflow/dags/sanity_checks.py
[2026-07-14T14:15:12.322+0000] {processor.py:925} INFO - DAG(s) 'airflow_sanity_check' retrieved from /opt/airflow/dags/sanity_checks.py
[2026-07-14T14:15:12.383+0000] {logging_mixin.py:190} INFO - [2026-07-14T14:15:12.382+0000] {dag.py:3211} INFO - Sync 1 DAGs
[2026-07-14T14:15:12.410+0000] {logging_mixin.py:190} INFO - [2026-07-14T14:15:12.410+0000] {dag.py:4138} INFO - Setting next_dagrun for airflow_sanity_check to None, run_after=None
[2026-07-14T14:15:12.437+0000] {processor.py:208} INFO - Processing /opt/airflow/dags/sanity_checks.py took 0.156 seconds
[2026-07-14T14:15:42.754+0000] {processor.py:186} INFO - Started process (PID=2251) to work on /opt/airflow/dags/sanity_checks.py
[2026-07-14T14:15:42.755+0000] {processor.py:914} INFO - Processing file /opt/airflow/dags/sanity_checks.py for tasks to queue
[2026-07-14T14:15:42.759+0000] {logging_mixin.py:190} INFO - [2026-07-14T14:15:42.759+0000] {dagbag.py:587} INFO - Filling up the DagBag from /opt/airflow/dags/sanity_checks.py
[2026-07-14T14:15:42.773+0000] {processor.py:925} INFO - DAG(s) 'airflow_sanity_check' retrieved from /opt/airflow/dags/sanity_checks.py
[2026-07-14T14:15:42.815+0000] {logging_mixin.py:190} INFO - [2026-07-14T14:15:42.815+0000] {dag.py:3211} INFO - Sync 1 DAGs
[2026-07-14T14:15:42.836+0000] {logging_mixin.py:190} INFO - [2026-07-14T14:15:42.836+0000] {dag.py:4138} INFO - Setting next_dagrun for airflow_sanity_check to None, run_after=None
[2026-07-14T14:15:42.865+0000] {processor.py:208} INFO - Processing /opt/airflow/dags/sanity_checks.py took 0.119 seconds
[2026-07-14T14:16:13.181+0000] {processor.py:186} INFO - Started process (PID=2261) to work on /opt/airflow/dags/sanity_checks.py
[2026-07-14T14:16:13.183+0000] {processor.py:914} INFO - Processing file /opt/airflow/dags/sanity_checks.py for tasks to queue
[2026-07-14T14:16:13.186+0000] {logging_mixin.py:190} INFO - [2026-07-14T14:16:13.186+0000] {dagbag.py:587} INFO - Filling up the DagBag from /opt/airflow/dags/sanity_checks.py
[2026-07-14T14:16:13.203+0000] {processor.py:925} INFO - DAG(s) 'airflow_sanity_check' retrieved from /opt/airflow/dags/sanity_checks.py
[2026-07-14T14:16:13.245+0000] {logging_mixin.py:190} INFO - [2026-07-14T14:16:13.245+0000] {dag.py:3211} INFO - Sync 1 DAGs
[2026-07-14T14:16:13.268+0000] {logging_mixin.py:190} INFO - [2026-07-14T14:16:13.267+0000] {dag.py:4138} INFO - Setting next_dagrun for airflow_sanity_check to None, run_after=None
[2026-07-14T14:16:13.299+0000] {processor.py:208} INFO - Processing /opt/airflow/dags/sanity_checks.py took 0.127 seconds
[2026-07-14T14:16:43.658+0000] {processor.py:186} INFO - Started process (PID=2271) to work on /opt/airflow/dags/sanity_checks.py
[2026-07-14T14:16:43.660+0000] {processor.py:914} INFO - Processing file /opt/airflow/dags/sanity_checks.py for tasks to queue
[2026-07-14T14:16:43.663+0000] {logging_mixin.py:190} INFO - [2026-07-14T14:16:43.663+0000] {dagbag.py:587} INFO - Filling up the DagBag from /opt/airflow/dags/sanity_checks.py
[2026-07-14T14:16:43.678+0000] {processor.py:925} INFO - DAG(s) 'airflow_sanity_check' retrieved from /opt/airflow/dags/sanity_checks.py
[2026-07-14T14:16:43.718+0000] {logging_mixin.py:190} INFO - [2026-07-14T14:16:43.718+0000] {dag.py:3211} INFO - Sync 1 DAGs
[2026-07-14T14:16:43.741+0000] {logging_mixin.py:190} INFO - [2026-07-14T14:16:43.741+0000] {dag.py:4138} INFO - Setting next_dagrun for airflow_sanity_check to None, run_after=None
[2026-07-14T14:16:43.769+0000] {processor.py:208} INFO - Processing /opt/airflow/dags/sanity_checks.py took 0.119 seconds
[2026-07-14T14:17:14.078+0000] {processor.py:186} INFO - Started process (PID=2281) to work on /opt/airflow/dags/sanity_checks.py
[2026-07-14T14:17:14.079+0000] {processor.py:914} INFO - Processing file /opt/airflow/dags/sanity_checks.py for tasks to queue
[2026-07-14T14:17:14.083+0000] {logging_mixin.py:190} INFO - [2026-07-14T14:17:14.082+0000] {dagbag.py:587} INFO - Filling up the DagBag from /opt/airflow/dags/sanity_checks.py
[2026-07-14T14:17:14.100+0000] {processor.py:925} INFO - DAG(s) 'airflow_sanity_check' retrieved from /opt/airflow/dags/sanity_checks.py
[2026-07-14T14:17:14.145+0000] {logging_mixin.py:190} INFO - [2026-07-14T14:17:14.144+0000] {dag.py:3211} INFO - Sync 1 DAGs
[2026-07-14T14:17:14.167+0000] {logging_mixin.py:190} INFO - [2026-07-14T14:17:14.167+0000] {dag.py:4138} INFO - Setting next_dagrun for airflow_sanity_check to None, run_after=None
[2026-07-14T14:17:14.394+0000] {processor.py:208} INFO - Processing /opt/airflow/dags/sanity_checks.py took 0.326 seconds
[2026-07-14T14:17:44.697+0000] {processor.py:186} INFO - Started process (PID=2291) to work on /opt/airflow/dags/sanity_checks.py
[2026-07-14T14:17:44.699+0000] {processor.py:914} INFO - Processing file /opt/airflow/dags/sanity_checks.py for tasks to queue
[2026-07-14T14:17:44.702+0000] {logging_mixin.py:190} INFO - [2026-07-14T14:17:44.701+0000] {dagbag.py:587} INFO - Filling up the DagBag from /opt/airflow/dags/sanity_checks.py
[2026-07-14T14:17:44.717+0000] {processor.py:925} INFO - DAG(s) 'airflow_sanity_check' retrieved from /opt/airflow/dags/sanity_checks.py
[2026-07-14T14:17:44.758+0000] {logging_mixin.py:190} INFO - [2026-07-14T14:17:44.758+0000] {dag.py:3211} INFO - Sync 1 DAGs
[2026-07-14T14:17:44.780+0000] {logging_mixin.py:190} INFO - [2026-07-14T14:17:44.779+0000] {dag.py:4138} INFO - Setting next_dagrun for airflow_sanity_check to None, run_after=None
[2026-07-14T14:17:44.810+0000] {processor.py:208} INFO - Processing /opt/airflow/dags/sanity_checks.py took 0.122 seconds
[2026-07-14T14:18:15.138+0000] {processor.py:186} INFO - Started process (PID=2301) to work on /opt/airflow/dags/sanity_checks.py
[2026-07-14T14:18:15.140+0000] {processor.py:914} INFO - Processing file /opt/airflow/dags/sanity_checks.py for tasks to queue
[2026-07-14T14:18:15.145+0000] {logging_mixin.py:190} INFO - [2026-07-14T14:18:15.144+0000] {dagbag.py:587} INFO - Filling up the DagBag from /opt/airflow/dags/sanity_checks.py
[2026-07-14T14:18:15.172+0000] {processor.py:925} INFO - DAG(s) 'airflow_sanity_check' retrieved from /opt/airflow/dags/sanity_checks.py
[2026-07-14T14:18:15.250+0000] {logging_mixin.py:190} INFO - [2026-07-14T14:18:15.250+0000] {dag.py:3211} INFO - Sync 1 DAGs
[2026-07-14T14:18:15.283+0000] {logging_mixin.py:190} INFO - [2026-07-14T14:18:15.283+0000] {dag.py:4138} INFO - Setting next_dagrun for airflow_sanity_check to None, run_after=None
[2026-07-14T14:18:15.312+0000] {processor.py:208} INFO - Processing /opt/airflow/dags/sanity_checks.py took 0.188 seconds
[2026-07-14T14:18:45.620+0000] {processor.py:186} INFO - Started process (PID=2311) to work on /opt/airflow/dags/sanity_checks.py
[2026-07-14T14:18:45.622+0000] {processor.py:914} INFO - Processing file /opt/airflow/dags/sanity_checks.py for tasks to queue
[2026-07-14T14:18:45.627+0000] {logging_mixin.py:190} INFO - [2026-07-14T14:18:45.627+0000] {dagbag.py:587} INFO - Filling up the DagBag from /opt/airflow/dags/sanity_checks.py
[2026-07-14T14:18:45.646+0000] {processor.py:925} INFO - DAG(s) 'airflow_sanity_check' retrieved from /opt/airflow/dags/sanity_checks.py
[2026-07-14T14:18:45.696+0000] {logging_mixin.py:190} INFO - [2026-07-14T14:18:45.695+0000] {dag.py:3211} INFO - Sync 1 DAGs
[2026-07-14T14:18:45.720+0000] {logging_mixin.py:190} INFO - [2026-07-14T14:18:45.720+0000] {dag.py:4138} INFO - Setting next_dagrun for airflow_sanity_check to None, run_after=None
[2026-07-14T14:18:45.754+0000] {processor.py:208} INFO - Processing /opt/airflow/dags/sanity_checks.py took 0.146 seconds
[2026-07-14T14:19:16.025+0000] {processor.py:186} INFO - Started process (PID=2321) to work on /opt/airflow/dags/sanity_checks.py
[2026-07-14T14:19:16.026+0000] {processor.py:914} INFO - Processing file /opt/airflow/dags/sanity_checks.py for tasks to queue
[2026-07-14T14:19:16.043+0000] {logging_mixin.py:190} INFO - [2026-07-14T14:19:16.042+0000] {dagbag.py:587} INFO - Filling up the DagBag from /opt/airflow/dags/sanity_checks.py
[2026-07-14T14:19:16.067+0000] {processor.py:925} INFO - DAG(s) 'airflow_sanity_check' retrieved from /opt/airflow/dags/sanity_checks.py
[2026-07-14T14:19:16.118+0000] {logging_mixin.py:190} INFO - [2026-07-14T14:19:16.118+0000] {dag.py:3211} INFO - Sync 1 DAGs
[2026-07-14T14:19:16.143+0000] {logging_mixin.py:190} INFO - [2026-07-14T14:19:16.142+0000] {dag.py:4138} INFO - Setting next_dagrun for airflow_sanity_check to None, run_after=None
[2026-07-14T14:19:16.176+0000] {processor.py:208} INFO - Processing /opt/airflow/dags/sanity_checks.py took 0.166 seconds
[2026-07-14T14:19:46.646+0000] {processor.py:186} INFO - Started process (PID=2331) to work on /opt/airflow/dags/sanity_checks.py
[2026-07-14T14:19:46.648+0000] {processor.py:914} INFO - Processing file /opt/airflow/dags/sanity_checks.py for tasks to queue
[2026-07-14T14:19:46.651+0000] {logging_mixin.py:190} INFO - [2026-07-14T14:19:46.651+0000] {dagbag.py:587} INFO - Filling up the DagBag from /opt/airflow/dags/sanity_checks.py
[2026-07-14T14:19:46.667+0000] {processor.py:925} INFO - DAG(s) 'airflow_sanity_check' retrieved from /opt/airflow/dags/sanity_checks.py
[2026-07-14T14:19:46.716+0000] {logging_mixin.py:190} INFO - [2026-07-14T14:19:46.715+0000] {dag.py:3211} INFO - Sync 1 DAGs
[2026-07-14T14:19:46.737+0000] {logging_mixin.py:190} INFO - [2026-07-14T14:19:46.737+0000] {dag.py:4138} INFO - Setting next_dagrun for airflow_sanity_check to None, run_after=None
[2026-07-14T14:19:46.763+0000] {processor.py:208} INFO - Processing /opt/airflow/dags/sanity_checks.py took 0.126 seconds
[2026-07-14T14:20:17.294+0000] {processor.py:186} INFO - Started process (PID=2341) to work on /opt/airflow/dags/sanity_checks.py
[2026-07-14T14:20:17.295+0000] {processor.py:914} INFO - Processing file /opt/airflow/dags/sanity_checks.py for tasks to queue
[2026-07-14T14:20:17.299+0000] {logging_mixin.py:190} INFO - [2026-07-14T14:20:17.298+0000] {dagbag.py:587} INFO - Filling up the DagBag from /opt/airflow/dags/sanity_checks.py
[2026-07-14T14:20:17.317+0000] {processor.py:925} INFO - DAG(s) 'airflow_sanity_check' retrieved from /opt/airflow/dags/sanity_checks.py
[2026-07-14T14:20:17.363+0000] {logging_mixin.py:190} INFO - [2026-07-14T14:20:17.363+0000] {dag.py:3211} INFO - Sync 1 DAGs
[2026-07-14T14:20:17.387+0000] {logging_mixin.py:190} INFO - [2026-07-14T14:20:17.386+0000] {dag.py:4138} INFO - Setting next_dagrun for airflow_sanity_check to None, run_after=None
[2026-07-14T14:20:17.641+0000] {processor.py:208} INFO - Processing /opt/airflow/dags/sanity_checks.py took 0.358 seconds
[2026-07-14T14:20:47.720+0000] {processor.py:186} INFO - Started process (PID=2351) to work on /opt/airflow/dags/sanity_checks.py
[2026-07-14T14:20:47.721+0000] {processor.py:914} INFO - Processing file /opt/airflow/dags/sanity_checks.py for tasks to queue
[2026-07-14T14:20:47.725+0000] {logging_mixin.py:190} INFO - [2026-07-14T14:20:47.725+0000] {dagbag.py:587} INFO - Filling up the DagBag from /opt/airflow/dags/sanity_checks.py
[2026-07-14T14:20:47.742+0000] {processor.py:925} INFO - DAG(s) 'airflow_sanity_check' retrieved from /opt/airflow/dags/sanity_checks.py
[2026-07-14T14:20:47.786+0000] {logging_mixin.py:190} INFO - [2026-07-14T14:20:47.785+0000] {dag.py:3211} INFO - Sync 1 DAGs
[2026-07-14T14:20:47.808+0000] {logging_mixin.py:190} INFO - [2026-07-14T14:20:47.807+0000] {dag.py:4138} INFO - Setting next_dagrun for airflow_sanity_check to None, run_after=None
[2026-07-14T14:20:47.837+0000] {processor.py:208} INFO - Processing /opt/airflow/dags/sanity_checks.py took 0.126 seconds
[2026-07-14T14:21:18.168+0000] {processor.py:186} INFO - Started process (PID=2361) to work on /opt/airflow/dags/sanity_checks.py
[2026-07-14T14:21:18.169+0000] {processor.py:914} INFO - Processing file /opt/airflow/dags/sanity_checks.py for tasks to queue
[2026-07-14T14:21:18.173+0000] {logging_mixin.py:190} INFO - [2026-07-14T14:21:18.172+0000] {dagbag.py:587} INFO - Filling up the DagBag from /opt/airflow/dags/sanity_checks.py
[2026-07-14T14:21:18.190+0000] {processor.py:925} INFO - DAG(s) 'airflow_sanity_check' retrieved from /opt/airflow/dags/sanity_checks.py
[2026-07-14T14:21:18.238+0000] {logging_mixin.py:190} INFO - [2026-07-14T14:21:18.237+0000] {dag.py:3211} INFO - Sync 1 DAGs
[2026-07-14T14:21:18.281+0000] {logging_mixin.py:190} INFO - [2026-07-14T14:21:18.281+0000] {dag.py:4138} INFO - Setting next_dagrun for airflow_sanity_check to None, run_after=None
[2026-07-14T14:21:18.337+0000] {processor.py:208} INFO - Processing /opt/airflow/dags/sanity_checks.py took 0.178 seconds
[2026-07-14T14:21:48.680+0000] {processor.py:186} INFO - Started process (PID=2371) to work on /opt/airflow/dags/sanity_checks.py
[2026-07-14T14:21:48.681+0000] {processor.py:914} INFO - Processing file /opt/airflow/dags/sanity_checks.py for tasks to queue
[2026-07-14T14:21:48.685+0000] {logging_mixin.py:190} INFO - [2026-07-14T14:21:48.685+0000] {dagbag.py:587} INFO - Filling up the DagBag from /opt/airflow/dags/sanity_checks.py
[2026-07-14T14:21:48.700+0000] {processor.py:925} INFO - DAG(s) 'airflow_sanity_check' retrieved from /opt/airflow/dags/sanity_checks.py
[2026-07-14T14:21:48.743+0000] {logging_mixin.py:190} INFO - [2026-07-14T14:21:48.742+0000] {dag.py:3211} INFO - Sync 1 DAGs
[2026-07-14T14:21:48.764+0000] {logging_mixin.py:190} INFO - [2026-07-14T14:21:48.764+0000] {dag.py:4138} INFO - Setting next_dagrun for airflow_sanity_check to None, run_after=None
[2026-07-14T14:21:48.806+0000] {processor.py:208} INFO - Processing /opt/airflow/dags/sanity_checks.py took 0.134 seconds
[2026-07-14T14:22:19.124+0000] {processor.py:186} INFO - Started process (PID=2381) to work on /opt/airflow/dags/sanity_checks.py
[2026-07-14T14:22:19.125+0000] {processor.py:914} INFO - Processing file /opt/airflow/dags/sanity_checks.py for tasks to queue
[2026-07-14T14:22:19.129+0000] {logging_mixin.py:190} INFO - [2026-07-14T14:22:19.129+0000] {dagbag.py:587} INFO - Filling up the DagBag from /opt/airflow/dags/sanity_checks.py
[2026-07-14T14:22:19.144+0000] {processor.py:925} INFO - DAG(s) 'airflow_sanity_check' retrieved from /opt/airflow/dags/sanity_checks.py
[2026-07-14T14:22:19.191+0000] {logging_mixin.py:190} INFO - [2026-07-14T14:22:19.190+0000] {dag.py:3211} INFO - Sync 1 DAGs
[2026-07-14T14:22:19.212+0000] {logging_mixin.py:190} INFO - [2026-07-14T14:22:19.211+0000] {dag.py:4138} INFO - Setting next_dagrun for airflow_sanity_check to None, run_after=None
[2026-07-14T14:22:19.242+0000] {processor.py:208} INFO - Processing /opt/airflow/dags/sanity_checks.py took 0.126 seconds
[2026-07-14T14:22:49.541+0000] {processor.py:186} INFO - Started process (PID=2391) to work on /opt/airflow/dags/sanity_checks.py
[2026-07-14T14:22:49.542+0000] {processor.py:914} INFO - Processing file /opt/airflow/dags/sanity_checks.py for tasks to queue
[2026-07-14T14:22:49.546+0000] {logging_mixin.py:190} INFO - [2026-07-14T14:22:49.546+0000] {dagbag.py:587} INFO - Filling up the DagBag from /opt/airflow/dags/sanity_checks.py
[2026-07-14T14:22:49.562+0000] {processor.py:925} INFO - DAG(s) 'airflow_sanity_check' retrieved from /opt/airflow/dags/sanity_checks.py
[2026-07-14T14:22:49.606+0000] {logging_mixin.py:190} INFO - [2026-07-14T14:22:49.606+0000] {dag.py:3211} INFO - Sync 1 DAGs
[2026-07-14T14:22:49.628+0000] {logging_mixin.py:190} INFO - [2026-07-14T14:22:49.627+0000] {dag.py:4138} INFO - Setting next_dagrun for airflow_sanity_check to None, run_after=None
[2026-07-14T14:22:49.654+0000] {processor.py:208} INFO - Processing /opt/airflow/dags/sanity_checks.py took 0.121 seconds
[2026-07-14T14:23:19.948+0000] {processor.py:186} INFO - Started process (PID=2401) to work on /opt/airflow/dags/sanity_checks.py
[2026-07-14T14:23:19.952+0000] {processor.py:914} INFO - Processing file /opt/airflow/dags/sanity_checks.py for tasks to queue
[2026-07-14T14:23:19.956+0000] {logging_mixin.py:190} INFO - [2026-07-14T14:23:19.955+0000] {dagbag.py:587} INFO - Filling up the DagBag from /opt/airflow/dags/sanity_checks.py
[2026-07-14T14:23:19.973+0000] {processor.py:925} INFO - DAG(s) 'airflow_sanity_check' retrieved from /opt/airflow/dags/sanity_checks.py
[2026-07-14T14:23:20.020+0000] {logging_mixin.py:190} INFO - [2026-07-14T14:23:20.019+0000] {dag.py:3211} INFO - Sync 1 DAGs
[2026-07-14T14:23:20.229+0000] {logging_mixin.py:190} INFO - [2026-07-14T14:23:20.228+0000] {dag.py:4138} INFO - Setting next_dagrun for airflow_sanity_check to None, run_after=None
[2026-07-14T14:23:20.256+0000] {processor.py:208} INFO - Processing /opt/airflow/dags/sanity_checks.py took 0.317 seconds
[2026-07-14T14:23:50.498+0000] {processor.py:186} INFO - Started process (PID=2411) to work on /opt/airflow/dags/sanity_checks.py
[2026-07-14T14:23:50.500+0000] {processor.py:914} INFO - Processing file /opt/airflow/dags/sanity_checks.py for tasks to queue
[2026-07-14T14:23:50.506+0000] {logging_mixin.py:190} INFO - [2026-07-14T14:23:50.505+0000] {dagbag.py:587} INFO - Filling up the DagBag from /opt/airflow/dags/sanity_checks.py
[2026-07-14T14:23:50.526+0000] {processor.py:925} INFO - DAG(s) 'airflow_sanity_check' retrieved from /opt/airflow/dags/sanity_checks.py
[2026-07-14T14:23:50.582+0000] {logging_mixin.py:190} INFO - [2026-07-14T14:23:50.581+0000] {dag.py:3211} INFO - Sync 1 DAGs
[2026-07-14T14:23:50.609+0000] {logging_mixin.py:190} INFO - [2026-07-14T14:23:50.609+0000] {dag.py:4138} INFO - Setting next_dagrun for airflow_sanity_check to None, run_after=None
[2026-07-14T14:23:50.640+0000] {processor.py:208} INFO - Processing /opt/airflow/dags/sanity_checks.py took 0.160 seconds
[2026-07-14T14:24:20.952+0000] {processor.py:186} INFO - Started process (PID=2421) to work on /opt/airflow/dags/sanity_checks.py
[2026-07-14T14:24:20.953+0000] {processor.py:914} INFO - Processing file /opt/airflow/dags/sanity_checks.py for tasks to queue
[2026-07-14T14:24:20.956+0000] {logging_mixin.py:190} INFO - [2026-07-14T14:24:20.956+0000] {dagbag.py:587} INFO - Filling up the DagBag from /opt/airflow/dags/sanity_checks.py
[2026-07-14T14:24:20.973+0000] {processor.py:925} INFO - DAG(s) 'airflow_sanity_check' retrieved from /opt/airflow/dags/sanity_checks.py
[2026-07-14T14:24:21.044+0000] {logging_mixin.py:190} INFO - [2026-07-14T14:24:21.044+0000] {dag.py:3211} INFO - Sync 1 DAGs
[2026-07-14T14:24:21.068+0000] {logging_mixin.py:190} INFO - [2026-07-14T14:24:21.068+0000] {dag.py:4138} INFO - Setting next_dagrun for airflow_sanity_check to None, run_after=None
[2026-07-14T14:24:21.098+0000] {processor.py:208} INFO - Processing /opt/airflow/dags/sanity_checks.py took 0.156 seconds
[2026-07-14T14:24:51.431+0000] {processor.py:186} INFO - Started process (PID=2431) to work on /opt/airflow/dags/sanity_checks.py
[2026-07-14T14:24:51.432+0000] {processor.py:914} INFO - Processing file /opt/airflow/dags/sanity_checks.py for tasks to queue
[2026-07-14T14:24:51.435+0000] {logging_mixin.py:190} INFO - [2026-07-14T14:24:51.435+0000] {dagbag.py:587} INFO - Filling up the DagBag from /opt/airflow/dags/sanity_checks.py
[2026-07-14T14:24:51.449+0000] {processor.py:925} INFO - DAG(s) 'airflow_sanity_check' retrieved from /opt/airflow/dags/sanity_checks.py
[2026-07-14T14:24:51.491+0000] {logging_mixin.py:190} INFO - [2026-07-14T14:24:51.491+0000] {dag.py:3211} INFO - Sync 1 DAGs
[2026-07-14T14:24:51.512+0000] {logging_mixin.py:190} INFO - [2026-07-14T14:24:51.512+0000] {dag.py:4138} INFO - Setting next_dagrun for airflow_sanity_check to None, run_after=None
[2026-07-14T14:24:51.541+0000] {processor.py:208} INFO - Processing /opt/airflow/dags/sanity_checks.py took 0.119 seconds
[2026-07-14T14:25:21.833+0000] {processor.py:186} INFO - Started process (PID=2441) to work on /opt/airflow/dags/sanity_checks.py
[2026-07-14T14:25:21.835+0000] {processor.py:914} INFO - Processing file /opt/airflow/dags/sanity_checks.py for tasks to queue
[2026-07-14T14:25:21.839+0000] {logging_mixin.py:190} INFO - [2026-07-14T14:25:21.839+0000] {dagbag.py:587} INFO - Filling up the DagBag from /opt/airflow/dags/sanity_checks.py
[2026-07-14T14:25:21.854+0000] {processor.py:925} INFO - DAG(s) 'airflow_sanity_check' retrieved from /opt/airflow/dags/sanity_checks.py
[2026-07-14T14:25:21.895+0000] {logging_mixin.py:190} INFO - [2026-07-14T14:25:21.894+0000] {dag.py:3211} INFO - Sync 1 DAGs
[2026-07-14T14:25:21.915+0000] {logging_mixin.py:190} INFO - [2026-07-14T14:25:21.915+0000] {dag.py:4138} INFO - Setting next_dagrun for airflow_sanity_check to None, run_after=None
[2026-07-14T14:25:21.943+0000] {processor.py:208} INFO - Processing /opt/airflow/dags/sanity_checks.py took 0.118 seconds
[2026-07-14T14:25:52.332+0000] {processor.py:186} INFO - Started process (PID=2451) to work on /opt/airflow/dags/sanity_checks.py
[2026-07-14T14:25:52.334+0000] {processor.py:914} INFO - Processing file /opt/airflow/dags/sanity_checks.py for tasks to queue
[2026-07-14T14:25:52.338+0000] {logging_mixin.py:190} INFO - [2026-07-14T14:25:52.337+0000] {dagbag.py:587} INFO - Filling up the DagBag from /opt/airflow/dags/sanity_checks.py
[2026-07-14T14:25:52.352+0000] {processor.py:925} INFO - DAG(s) 'airflow_sanity_check' retrieved from /opt/airflow/dags/sanity_checks.py
[2026-07-14T14:25:52.394+0000] {logging_mixin.py:190} INFO - [2026-07-14T14:25:52.393+0000] {dag.py:3211} INFO - Sync 1 DAGs
[2026-07-14T14:25:52.417+0000] {logging_mixin.py:190} INFO - [2026-07-14T14:25:52.416+0000] {dag.py:4138} INFO - Setting next_dagrun for airflow_sanity_check to None, run_after=None
[2026-07-14T14:25:52.629+0000] {processor.py:208} INFO - Processing /opt/airflow/dags/sanity_checks.py took 0.306 seconds
[2026-07-14T14:26:22.926+0000] {processor.py:186} INFO - Started process (PID=2461) to work on /opt/airflow/dags/sanity_checks.py
[2026-07-14T14:26:22.927+0000] {processor.py:914} INFO - Processing file /opt/airflow/dags/sanity_checks.py for tasks to queue
[2026-07-14T14:26:22.931+0000] {logging_mixin.py:190} INFO - [2026-07-14T14:26:22.931+0000] {dagbag.py:587} INFO - Filling up the DagBag from /opt/airflow/dags/sanity_checks.py
[2026-07-14T14:26:22.947+0000] {processor.py:925} INFO - DAG(s) 'airflow_sanity_check' retrieved from /opt/airflow/dags/sanity_checks.py
[2026-07-14T14:26:22.989+0000] {logging_mixin.py:190} INFO - [2026-07-14T14:26:22.988+0000] {dag.py:3211} INFO - Sync 1 DAGs
[2026-07-14T14:26:23.013+0000] {logging_mixin.py:190} INFO - [2026-07-14T14:26:23.013+0000] {dag.py:4138} INFO - Setting next_dagrun for airflow_sanity_check to None, run_after=None
[2026-07-14T14:26:23.045+0000] {processor.py:208} INFO - Processing /opt/airflow/dags/sanity_checks.py took 0.129 seconds
[2026-07-14T14:26:53.343+0000] {processor.py:186} INFO - Started process (PID=2471) to work on /opt/airflow/dags/sanity_checks.py
[2026-07-14T14:26:53.345+0000] {processor.py:914} INFO - Processing file /opt/airflow/dags/sanity_checks.py for tasks to queue
[2026-07-14T14:26:53.348+0000] {logging_mixin.py:190} INFO - [2026-07-14T14:26:53.348+0000] {dagbag.py:587} INFO - Filling up the DagBag from /opt/airflow/dags/sanity_checks.py
[2026-07-14T14:26:53.364+0000] {processor.py:925} INFO - DAG(s) 'airflow_sanity_check' retrieved from /opt/airflow/dags/sanity_checks.py
[2026-07-14T14:26:53.407+0000] {logging_mixin.py:190} INFO - [2026-07-14T14:26:53.407+0000] {dag.py:3211} INFO - Sync 1 DAGs
[2026-07-14T14:26:53.428+0000] {logging_mixin.py:190} INFO - [2026-07-14T14:26:53.428+0000] {dag.py:4138} INFO - Setting next_dagrun for airflow_sanity_check to None, run_after=None
[2026-07-14T14:26:53.457+0000] {processor.py:208} INFO - Processing /opt/airflow/dags/sanity_checks.py took 0.122 seconds
[2026-07-14T14:27:23.784+0000] {processor.py:186} INFO - Started process (PID=2481) to work on /opt/airflow/dags/sanity_checks.py
[2026-07-14T14:27:23.785+0000] {processor.py:914} INFO - Processing file /opt/airflow/dags/sanity_checks.py for tasks to queue
[2026-07-14T14:27:23.788+0000] {logging_mixin.py:190} INFO - [2026-07-14T14:27:23.788+0000] {dagbag.py:587} INFO - Filling up the DagBag from /opt/airflow/dags/sanity_checks.py
[2026-07-14T14:27:23.805+0000] {processor.py:925} INFO - DAG(s) 'airflow_sanity_check' retrieved from /opt/airflow/dags/sanity_checks.py
[2026-07-14T14:27:23.847+0000] {logging_mixin.py:190} INFO - [2026-07-14T14:27:23.846+0000] {dag.py:3211} INFO - Sync 1 DAGs
[2026-07-14T14:27:23.869+0000] {logging_mixin.py:190} INFO - [2026-07-14T14:27:23.869+0000] {dag.py:4138} INFO - Setting next_dagrun for airflow_sanity_check to None, run_after=None
[2026-07-14T14:27:23.895+0000] {processor.py:208} INFO - Processing /opt/airflow/dags/sanity_checks.py took 0.120 seconds
[2026-07-14T14:27:54.253+0000] {processor.py:186} INFO - Started process (PID=2491) to work on /opt/airflow/dags/sanity_checks.py
[2026-07-14T14:27:54.254+0000] {processor.py:914} INFO - Processing file /opt/airflow/dags/sanity_checks.py for tasks to queue
[2026-07-14T14:27:54.258+0000] {logging_mixin.py:190} INFO - [2026-07-14T14:27:54.257+0000] {dagbag.py:587} INFO - Filling up the DagBag from /opt/airflow/dags/sanity_checks.py
[2026-07-14T14:27:54.275+0000] {processor.py:925} INFO - DAG(s) 'airflow_sanity_check' retrieved from /opt/airflow/dags/sanity_checks.py
[2026-07-14T14:27:54.318+0000] {logging_mixin.py:190} INFO - [2026-07-14T14:27:54.318+0000] {dag.py:3211} INFO - Sync 1 DAGs
[2026-07-14T14:27:54.341+0000] {logging_mixin.py:190} INFO - [2026-07-14T14:27:54.340+0000] {dag.py:4138} INFO - Setting next_dagrun for airflow_sanity_check to None, run_after=None
[2026-07-14T14:27:54.369+0000] {processor.py:208} INFO - Processing /opt/airflow/dags/sanity_checks.py took 0.127 seconds
[2026-07-14T14:28:24.710+0000] {processor.py:186} INFO - Started process (PID=2501) to work on /opt/airflow/dags/sanity_checks.py
[2026-07-14T14:28:24.712+0000] {processor.py:914} INFO - Processing file /opt/airflow/dags/sanity_checks.py for tasks to queue
[2026-07-14T14:28:24.715+0000] {logging_mixin.py:190} INFO - [2026-07-14T14:28:24.714+0000] {dagbag.py:587} INFO - Filling up the DagBag from /opt/airflow/dags/sanity_checks.py
[2026-07-14T14:28:24.732+0000] {processor.py:925} INFO - DAG(s) 'airflow_sanity_check' retrieved from /opt/airflow/dags/sanity_checks.py
[2026-07-14T14:28:24.776+0000] {logging_mixin.py:190} INFO - [2026-07-14T14:28:24.776+0000] {dag.py:3211} INFO - Sync 1 DAGs
[2026-07-14T14:28:24.798+0000] {logging_mixin.py:190} INFO - [2026-07-14T14:28:24.798+0000] {dag.py:4138} INFO - Setting next_dagrun for airflow_sanity_check to None, run_after=None
[2026-07-14T14:28:24.829+0000] {processor.py:208} INFO - Processing /opt/airflow/dags/sanity_checks.py took 0.128 seconds
[2026-07-14T14:28:55.114+0000] {processor.py:186} INFO - Started process (PID=2511) to work on /opt/airflow/dags/sanity_checks.py
[2026-07-14T14:28:55.116+0000] {processor.py:914} INFO - Processing file /opt/airflow/dags/sanity_checks.py for tasks to queue
[2026-07-14T14:28:55.120+0000] {logging_mixin.py:190} INFO - [2026-07-14T14:28:55.120+0000] {dagbag.py:587} INFO - Filling up the DagBag from /opt/airflow/dags/sanity_checks.py
[2026-07-14T14:28:55.138+0000] {processor.py:925} INFO - DAG(s) 'airflow_sanity_check' retrieved from /opt/airflow/dags/sanity_checks.py
[2026-07-14T14:28:55.190+0000] {logging_mixin.py:190} INFO - [2026-07-14T14:28:55.190+0000] {dag.py:3211} INFO - Sync 1 DAGs
[2026-07-14T14:28:55.219+0000] {logging_mixin.py:190} INFO - [2026-07-14T14:28:55.219+0000] {dag.py:4138} INFO - Setting next_dagrun for airflow_sanity_check to None, run_after=None
[2026-07-14T14:28:55.433+0000] {processor.py:208} INFO - Processing /opt/airflow/dags/sanity_checks.py took 0.330 seconds
[2026-07-14T14:29:25.729+0000] {processor.py:186} INFO - Started process (PID=2521) to work on /opt/airflow/dags/sanity_checks.py
[2026-07-14T14:29:25.731+0000] {processor.py:914} INFO - Processing file /opt/airflow/dags/sanity_checks.py for tasks to queue
[2026-07-14T14:29:25.735+0000] {logging_mixin.py:190} INFO - [2026-07-14T14:29:25.734+0000] {dagbag.py:587} INFO - Filling up the DagBag from /opt/airflow/dags/sanity_checks.py
[2026-07-14T14:29:25.749+0000] {processor.py:925} INFO - DAG(s) 'airflow_sanity_check' retrieved from /opt/airflow/dags/sanity_checks.py
[2026-07-14T14:29:25.794+0000] {logging_mixin.py:190} INFO - [2026-07-14T14:29:25.793+0000] {dag.py:3211} INFO - Sync 1 DAGs
[2026-07-14T14:29:25.815+0000] {logging_mixin.py:190} INFO - [2026-07-14T14:29:25.815+0000] {dag.py:4138} INFO - Setting next_dagrun for airflow_sanity_check to None, run_after=None
[2026-07-14T14:29:25.844+0000] {processor.py:208} INFO - Processing /opt/airflow/dags/sanity_checks.py took 0.124 seconds
[2026-07-14T14:29:56.156+0000] {processor.py:186} INFO - Started process (PID=2531) to work on /opt/airflow/dags/sanity_checks.py
[2026-07-14T14:29:56.158+0000] {processor.py:914} INFO - Processing file /opt/airflow/dags/sanity_checks.py for tasks to queue
[2026-07-14T14:29:56.161+0000] {logging_mixin.py:190} INFO - [2026-07-14T14:29:56.160+0000] {dagbag.py:587} INFO - Filling up the DagBag from /opt/airflow/dags/sanity_checks.py
[2026-07-14T14:29:56.176+0000] {processor.py:925} INFO - DAG(s) 'airflow_sanity_check' retrieved from /opt/airflow/dags/sanity_checks.py
[2026-07-14T14:29:56.217+0000] {logging_mixin.py:190} INFO - [2026-07-14T14:29:56.217+0000] {dag.py:3211} INFO - Sync 1 DAGs
[2026-07-14T14:29:56.239+0000] {logging_mixin.py:190} INFO - [2026-07-14T14:29:56.238+0000] {dag.py:4138} INFO - Setting next_dagrun for airflow_sanity_check to None, run_after=None
[2026-07-14T14:29:56.267+0000] {processor.py:208} INFO - Processing /opt/airflow/dags/sanity_checks.py took 0.119 seconds
[2026-07-14T14:30:26.591+0000] {processor.py:186} INFO - Started process (PID=2541) to work on /opt/airflow/dags/sanity_checks.py
[2026-07-14T14:30:26.592+0000] {processor.py:914} INFO - Processing file /opt/airflow/dags/sanity_checks.py for tasks to queue
[2026-07-14T14:30:26.596+0000] {logging_mixin.py:190} INFO - [2026-07-14T14:30:26.595+0000] {dagbag.py:587} INFO - Filling up the DagBag from /opt/airflow/dags/sanity_checks.py
[2026-07-14T14:30:26.611+0000] {processor.py:925} INFO - DAG(s) 'airflow_sanity_check' retrieved from /opt/airflow/dags/sanity_checks.py
[2026-07-14T14:30:26.656+0000] {logging_mixin.py:190} INFO - [2026-07-14T14:30:26.656+0000] {dag.py:3211} INFO - Sync 1 DAGs
[2026-07-14T14:30:26.678+0000] {logging_mixin.py:190} INFO - [2026-07-14T14:30:26.677+0000] {dag.py:4138} INFO - Setting next_dagrun for airflow_sanity_check to None, run_after=None
[2026-07-14T14:30:26.707+0000] {processor.py:208} INFO - Processing /opt/airflow/dags/sanity_checks.py took 0.125 seconds
[2026-07-14T14:30:57.046+0000] {processor.py:186} INFO - Started process (PID=2551) to work on /opt/airflow/dags/sanity_checks.py
[2026-07-14T14:30:57.048+0000] {processor.py:914} INFO - Processing file /opt/airflow/dags/sanity_checks.py for tasks to queue
[2026-07-14T14:30:57.051+0000] {logging_mixin.py:190} INFO - [2026-07-14T14:30:57.051+0000] {dagbag.py:587} INFO - Filling up the DagBag from /opt/airflow/dags/sanity_checks.py
[2026-07-14T14:30:57.068+0000] {processor.py:925} INFO - DAG(s) 'airflow_sanity_check' retrieved from /opt/airflow/dags/sanity_checks.py
[2026-07-14T14:30:57.114+0000] {logging_mixin.py:190} INFO - [2026-07-14T14:30:57.114+0000] {dag.py:3211} INFO - Sync 1 DAGs
[2026-07-14T14:30:57.137+0000] {logging_mixin.py:190} INFO - [2026-07-14T14:30:57.136+0000] {dag.py:4138} INFO - Setting next_dagrun for airflow_sanity_check to None, run_after=None
[2026-07-14T14:30:57.167+0000] {processor.py:208} INFO - Processing /opt/airflow/dags/sanity_checks.py took 0.130 seconds
[2026-07-14T14:31:27.494+0000] {processor.py:186} INFO - Started process (PID=2561) to work on /opt/airflow/dags/sanity_checks.py
[2026-07-14T14:31:27.496+0000] {processor.py:914} INFO - Processing file /opt/airflow/dags/sanity_checks.py for tasks to queue
[2026-07-14T14:31:27.499+0000] {logging_mixin.py:190} INFO - [2026-07-14T14:31:27.499+0000] {dagbag.py:587} INFO - Filling up the DagBag from /opt/airflow/dags/sanity_checks.py
[2026-07-14T14:31:27.518+0000] {processor.py:925} INFO - DAG(s) 'airflow_sanity_check' retrieved from /opt/airflow/dags/sanity_checks.py
[2026-07-14T14:31:27.563+0000] {logging_mixin.py:190} INFO - [2026-07-14T14:31:27.562+0000] {dag.py:3211} INFO - Sync 1 DAGs
[2026-07-14T14:31:27.585+0000] {logging_mixin.py:190} INFO - [2026-07-14T14:31:27.585+0000] {dag.py:4138} INFO - Setting next_dagrun for airflow_sanity_check to None, run_after=None
[2026-07-14T14:31:27.805+0000] {processor.py:208} INFO - Processing /opt/airflow/dags/sanity_checks.py took 0.320 seconds
[2026-07-14T14:31:58.126+0000] {processor.py:186} INFO - Started process (PID=2571) to work on /opt/airflow/dags/sanity_checks.py
[2026-07-14T14:31:58.127+0000] {processor.py:914} INFO - Processing file /opt/airflow/dags/sanity_checks.py for tasks to queue
[2026-07-14T14:31:58.131+0000] {logging_mixin.py:190} INFO - [2026-07-14T14:31:58.130+0000] {dagbag.py:587} INFO - Filling up the DagBag from /opt/airflow/dags/sanity_checks.py
[2026-07-14T14:31:58.146+0000] {processor.py:925} INFO - DAG(s) 'airflow_sanity_check' retrieved from /opt/airflow/dags/sanity_checks.py
[2026-07-14T14:31:58.188+0000] {logging_mixin.py:190} INFO - [2026-07-14T14:31:58.188+0000] {dag.py:3211} INFO - Sync 1 DAGs
[2026-07-14T14:31:58.389+0000] {logging_mixin.py:190} INFO - [2026-07-14T14:31:58.389+0000] {dag.py:4138} INFO - Setting next_dagrun for airflow_sanity_check to None, run_after=None
[2026-07-14T14:31:58.416+0000] {processor.py:208} INFO - Processing /opt/airflow/dags/sanity_checks.py took 0.299 seconds
[2026-07-14T14:32:28.739+0000] {processor.py:186} INFO - Started process (PID=2581) to work on /opt/airflow/dags/sanity_checks.py
[2026-07-14T14:32:28.740+0000] {processor.py:914} INFO - Processing file /opt/airflow/dags/sanity_checks.py for tasks to queue
[2026-07-14T14:32:28.744+0000] {logging_mixin.py:190} INFO - [2026-07-14T14:32:28.744+0000] {dagbag.py:587} INFO - Filling up the DagBag from /opt/airflow/dags/sanity_checks.py
[2026-07-14T14:32:28.759+0000] {processor.py:925} INFO - DAG(s) 'airflow_sanity_check' retrieved from /opt/airflow/dags/sanity_checks.py
[2026-07-14T14:32:28.800+0000] {logging_mixin.py:190} INFO - [2026-07-14T14:32:28.800+0000] {dag.py:3211} INFO - Sync 1 DAGs
[2026-07-14T14:32:28.822+0000] {logging_mixin.py:190} INFO - [2026-07-14T14:32:28.821+0000] {dag.py:4138} INFO - Setting next_dagrun for airflow_sanity_check to None, run_after=None
[2026-07-14T14:32:28.851+0000] {processor.py:208} INFO - Processing /opt/airflow/dags/sanity_checks.py took 0.120 seconds
[2026-07-14T14:32:59.141+0000] {processor.py:186} INFO - Started process (PID=2591) to work on /opt/airflow/dags/sanity_checks.py
[2026-07-14T14:32:59.142+0000] {processor.py:914} INFO - Processing file /opt/airflow/dags/sanity_checks.py for tasks to queue
[2026-07-14T14:32:59.147+0000] {logging_mixin.py:190} INFO - [2026-07-14T14:32:59.146+0000] {dagbag.py:587} INFO - Filling up the DagBag from /opt/airflow/dags/sanity_checks.py
[2026-07-14T14:32:59.162+0000] {processor.py:925} INFO - DAG(s) 'airflow_sanity_check' retrieved from /opt/airflow/dags/sanity_checks.py
[2026-07-14T14:32:59.202+0000] {logging_mixin.py:190} INFO - [2026-07-14T14:32:59.202+0000] {dag.py:3211} INFO - Sync 1 DAGs
[2026-07-14T14:32:59.223+0000] {logging_mixin.py:190} INFO - [2026-07-14T14:32:59.223+0000] {dag.py:4138} INFO - Setting next_dagrun for airflow_sanity_check to None, run_after=None
[2026-07-14T14:32:59.253+0000] {processor.py:208} INFO - Processing /opt/airflow/dags/sanity_checks.py took 0.121 seconds
[2026-07-14T14:33:29.568+0000] {processor.py:186} INFO - Started process (PID=2601) to work on /opt/airflow/dags/sanity_checks.py
[2026-07-14T14:33:29.570+0000] {processor.py:914} INFO - Processing file /opt/airflow/dags/sanity_checks.py for tasks to queue
[2026-07-14T14:33:29.575+0000] {logging_mixin.py:190} INFO - [2026-07-14T14:33:29.575+0000] {dagbag.py:587} INFO - Filling up the DagBag from /opt/airflow/dags/sanity_checks.py
[2026-07-14T14:33:29.593+0000] {processor.py:925} INFO - DAG(s) 'airflow_sanity_check' retrieved from /opt/airflow/dags/sanity_checks.py
[2026-07-14T14:33:29.638+0000] {logging_mixin.py:190} INFO - [2026-07-14T14:33:29.638+0000] {dag.py:3211} INFO - Sync 1 DAGs
[2026-07-14T14:33:29.662+0000] {logging_mixin.py:190} INFO - [2026-07-14T14:33:29.662+0000] {dag.py:4138} INFO - Setting next_dagrun for airflow_sanity_check to None, run_after=None
[2026-07-14T14:33:29.690+0000] {processor.py:208} INFO - Processing /opt/airflow/dags/sanity_checks.py took 0.133 seconds
[2026-07-14T14:33:59.987+0000] {processor.py:186} INFO - Started process (PID=2611) to work on /opt/airflow/dags/sanity_checks.py
[2026-07-14T14:33:59.989+0000] {processor.py:914} INFO - Processing file /opt/airflow/dags/sanity_checks.py for tasks to queue
[2026-07-14T14:33:59.993+0000] {logging_mixin.py:190} INFO - [2026-07-14T14:33:59.993+0000] {dagbag.py:587} INFO - Filling up the DagBag from /opt/airflow/dags/sanity_checks.py
[2026-07-14T14:34:00.014+0000] {processor.py:925} INFO - DAG(s) 'airflow_sanity_check' retrieved from /opt/airflow/dags/sanity_checks.py
[2026-07-14T14:34:00.079+0000] {logging_mixin.py:190} INFO - [2026-07-14T14:34:00.078+0000] {dag.py:3211} INFO - Sync 1 DAGs
[2026-07-14T14:34:00.116+0000] {logging_mixin.py:190} INFO - [2026-07-14T14:34:00.115+0000] {dag.py:4138} INFO - Setting next_dagrun for airflow_sanity_check to None, run_after=None
[2026-07-14T14:34:00.155+0000] {processor.py:208} INFO - Processing /opt/airflow/dags/sanity_checks.py took 0.179 seconds
[2026-07-14T14:34:30.502+0000] {processor.py:186} INFO - Started process (PID=2621) to work on /opt/airflow/dags/sanity_checks.py
[2026-07-14T14:34:30.504+0000] {processor.py:914} INFO - Processing file /opt/airflow/dags/sanity_checks.py for tasks to queue
[2026-07-14T14:34:30.507+0000] {logging_mixin.py:190} INFO - [2026-07-14T14:34:30.507+0000] {dagbag.py:587} INFO - Filling up the DagBag from /opt/airflow/dags/sanity_checks.py
[2026-07-14T14:34:30.523+0000] {processor.py:925} INFO - DAG(s) 'airflow_sanity_check' retrieved from /opt/airflow/dags/sanity_checks.py
[2026-07-14T14:34:30.574+0000] {logging_mixin.py:190} INFO - [2026-07-14T14:34:30.573+0000] {dag.py:3211} INFO - Sync 1 DAGs
[2026-07-14T14:34:30.596+0000] {logging_mixin.py:190} INFO - [2026-07-14T14:34:30.595+0000] {dag.py:4138} INFO - Setting next_dagrun for airflow_sanity_check to None, run_after=None
[2026-07-14T14:34:30.805+0000] {processor.py:208} INFO - Processing /opt/airflow/dags/sanity_checks.py took 0.312 seconds
[2026-07-14T14:35:01.133+0000] {processor.py:186} INFO - Started process (PID=2631) to work on /opt/airflow/dags/sanity_checks.py
[2026-07-14T14:35:01.135+0000] {processor.py:914} INFO - Processing file /opt/airflow/dags/sanity_checks.py for tasks to queue
[2026-07-14T14:35:01.139+0000] {logging_mixin.py:190} INFO - [2026-07-14T14:35:01.138+0000] {dagbag.py:587} INFO - Filling up the DagBag from /opt/airflow/dags/sanity_checks.py
[2026-07-14T14:35:01.163+0000] {processor.py:925} INFO - DAG(s) 'airflow_sanity_check' retrieved from /opt/airflow/dags/sanity_checks.py
[2026-07-14T14:35:01.227+0000] {logging_mixin.py:190} INFO - [2026-07-14T14:35:01.226+0000] {dag.py:3211} INFO - Sync 1 DAGs
[2026-07-14T14:35:01.266+0000] {logging_mixin.py:190} INFO - [2026-07-14T14:35:01.265+0000] {dag.py:4138} INFO - Setting next_dagrun for airflow_sanity_check to None, run_after=None
[2026-07-14T14:35:01.312+0000] {processor.py:208} INFO - Processing /opt/airflow/dags/sanity_checks.py took 0.187 seconds
[2026-07-14T14:35:31.712+0000] {processor.py:186} INFO - Started process (PID=2641) to work on /opt/airflow/dags/sanity_checks.py
[2026-07-14T14:35:31.715+0000] {processor.py:914} INFO - Processing file /opt/airflow/dags/sanity_checks.py for tasks to queue
[2026-07-14T14:35:31.718+0000] {logging_mixin.py:190} INFO - [2026-07-14T14:35:31.718+0000] {dagbag.py:587} INFO - Filling up the DagBag from /opt/airflow/dags/sanity_checks.py
[2026-07-14T14:35:31.739+0000] {processor.py:925} INFO - DAG(s) 'airflow_sanity_check' retrieved from /opt/airflow/dags/sanity_checks.py
[2026-07-14T14:35:31.788+0000] {logging_mixin.py:190} INFO - [2026-07-14T14:35:31.788+0000] {dag.py:3211} INFO - Sync 1 DAGs
[2026-07-14T14:35:31.811+0000] {logging_mixin.py:190} INFO - [2026-07-14T14:35:31.811+0000] {dag.py:4138} INFO - Setting next_dagrun for airflow_sanity_check to None, run_after=None
[2026-07-14T14:35:31.839+0000] {processor.py:208} INFO - Processing /opt/airflow/dags/sanity_checks.py took 0.137 seconds
[2026-07-14T14:36:02.135+0000] {processor.py:186} INFO - Started process (PID=2651) to work on /opt/airflow/dags/sanity_checks.py
[2026-07-14T14:36:02.137+0000] {processor.py:914} INFO - Processing file /opt/airflow/dags/sanity_checks.py for tasks to queue
[2026-07-14T14:36:02.141+0000] {logging_mixin.py:190} INFO - [2026-07-14T14:36:02.141+0000] {dagbag.py:587} INFO - Filling up the DagBag from /opt/airflow/dags/sanity_checks.py
[2026-07-14T14:36:02.158+0000] {processor.py:925} INFO - DAG(s) 'airflow_sanity_check' retrieved from /opt/airflow/dags/sanity_checks.py
[2026-07-14T14:36:02.215+0000] {logging_mixin.py:190} INFO - [2026-07-14T14:36:02.215+0000] {dag.py:3211} INFO - Sync 1 DAGs
[2026-07-14T14:36:02.241+0000] {logging_mixin.py:190} INFO - [2026-07-14T14:36:02.241+0000] {dag.py:4138} INFO - Setting next_dagrun for airflow_sanity_check to None, run_after=None
[2026-07-14T14:36:02.288+0000] {processor.py:208} INFO - Processing /opt/airflow/dags/sanity_checks.py took 0.161 seconds
[2026-07-14T14:36:32.600+0000] {processor.py:186} INFO - Started process (PID=2661) to work on /opt/airflow/dags/sanity_checks.py
[2026-07-14T14:36:32.602+0000] {processor.py:914} INFO - Processing file /opt/airflow/dags/sanity_checks.py for tasks to queue
[2026-07-14T14:36:32.606+0000] {logging_mixin.py:190} INFO - [2026-07-14T14:36:32.605+0000] {dagbag.py:587} INFO - Filling up the DagBag from /opt/airflow/dags/sanity_checks.py
[2026-07-14T14:36:32.621+0000] {processor.py:925} INFO - DAG(s) 'airflow_sanity_check' retrieved from /opt/airflow/dags/sanity_checks.py
[2026-07-14T14:36:32.664+0000] {logging_mixin.py:190} INFO - [2026-07-14T14:36:32.664+0000] {dag.py:3211} INFO - Sync 1 DAGs
[2026-07-14T14:36:32.685+0000] {logging_mixin.py:190} INFO - [2026-07-14T14:36:32.685+0000] {dag.py:4138} INFO - Setting next_dagrun for airflow_sanity_check to None, run_after=None
[2026-07-14T14:36:32.713+0000] {processor.py:208} INFO - Processing /opt/airflow/dags/sanity_checks.py took 0.122 seconds
[2026-07-14T14:37:03.053+0000] {processor.py:186} INFO - Started process (PID=2671) to work on /opt/airflow/dags/sanity_checks.py
[2026-07-14T14:37:03.055+0000] {processor.py:914} INFO - Processing file /opt/airflow/dags/sanity_checks.py for tasks to queue
[2026-07-14T14:37:03.059+0000] {logging_mixin.py:190} INFO - [2026-07-14T14:37:03.058+0000] {dagbag.py:587} INFO - Filling up the DagBag from /opt/airflow/dags/sanity_checks.py
[2026-07-14T14:37:03.074+0000] {processor.py:925} INFO - DAG(s) 'airflow_sanity_check' retrieved from /opt/airflow/dags/sanity_checks.py
[2026-07-14T14:37:03.117+0000] {logging_mixin.py:190} INFO - [2026-07-14T14:37:03.116+0000] {dag.py:3211} INFO - Sync 1 DAGs
[2026-07-14T14:37:03.138+0000] {logging_mixin.py:190} INFO - [2026-07-14T14:37:03.137+0000] {dag.py:4138} INFO - Setting next_dagrun for airflow_sanity_check to None, run_after=None
[2026-07-14T14:37:03.165+0000] {processor.py:208} INFO - Processing /opt/airflow/dags/sanity_checks.py took 0.121 seconds
[2026-07-14T14:37:33.478+0000] {processor.py:186} INFO - Started process (PID=2681) to work on /opt/airflow/dags/sanity_checks.py
[2026-07-14T14:37:33.480+0000] {processor.py:914} INFO - Processing file /opt/airflow/dags/sanity_checks.py for tasks to queue
[2026-07-14T14:37:33.483+0000] {logging_mixin.py:190} INFO - [2026-07-14T14:37:33.482+0000] {dagbag.py:587} INFO - Filling up the DagBag from /opt/airflow/dags/sanity_checks.py
[2026-07-14T14:37:33.498+0000] {processor.py:925} INFO - DAG(s) 'airflow_sanity_check' retrieved from /opt/airflow/dags/sanity_checks.py
[2026-07-14T14:37:33.541+0000] {logging_mixin.py:190} INFO - [2026-07-14T14:37:33.541+0000] {dag.py:3211} INFO - Sync 1 DAGs
[2026-07-14T14:37:33.748+0000] {logging_mixin.py:190} INFO - [2026-07-14T14:37:33.748+0000] {dag.py:4138} INFO - Setting next_dagrun for airflow_sanity_check to None, run_after=None
[2026-07-14T14:37:33.774+0000] {processor.py:208} INFO - Processing /opt/airflow/dags/sanity_checks.py took 0.305 seconds
[2026-07-14T14:38:04.093+0000] {processor.py:186} INFO - Started process (PID=2691) to work on /opt/airflow/dags/sanity_checks.py
[2026-07-14T14:38:04.095+0000] {processor.py:914} INFO - Processing file /opt/airflow/dags/sanity_checks.py for tasks to queue
[2026-07-14T14:38:04.099+0000] {logging_mixin.py:190} INFO - [2026-07-14T14:38:04.098+0000] {dagbag.py:587} INFO - Filling up the DagBag from /opt/airflow/dags/sanity_checks.py
[2026-07-14T14:38:04.115+0000] {processor.py:925} INFO - DAG(s) 'airflow_sanity_check' retrieved from /opt/airflow/dags/sanity_checks.py
[2026-07-14T14:38:04.159+0000] {logging_mixin.py:190} INFO - [2026-07-14T14:38:04.159+0000] {dag.py:3211} INFO - Sync 1 DAGs
[2026-07-14T14:38:04.183+0000] {logging_mixin.py:190} INFO - [2026-07-14T14:38:04.183+0000] {dag.py:4138} INFO - Setting next_dagrun for airflow_sanity_check to None, run_after=None
[2026-07-14T14:38:04.210+0000] {processor.py:208} INFO - Processing /opt/airflow/dags/sanity_checks.py took 0.126 seconds
[2026-07-14T14:38:34.539+0000] {processor.py:186} INFO - Started process (PID=2701) to work on /opt/airflow/dags/sanity_checks.py
[2026-07-14T14:38:34.540+0000] {processor.py:914} INFO - Processing file /opt/airflow/dags/sanity_checks.py for tasks to queue
[2026-07-14T14:38:34.543+0000] {logging_mixin.py:190} INFO - [2026-07-14T14:38:34.543+0000] {dagbag.py:587} INFO - Filling up the DagBag from /opt/airflow/dags/sanity_checks.py
[2026-07-14T14:38:34.560+0000] {processor.py:925} INFO - DAG(s) 'airflow_sanity_check' retrieved from /opt/airflow/dags/sanity_checks.py
[2026-07-14T14:38:34.605+0000] {logging_mixin.py:190} INFO - [2026-07-14T14:38:34.605+0000] {dag.py:3211} INFO - Sync 1 DAGs
[2026-07-14T14:38:34.626+0000] {logging_mixin.py:190} INFO - [2026-07-14T14:38:34.626+0000] {dag.py:4138} INFO - Setting next_dagrun for airflow_sanity_check to None, run_after=None
[2026-07-14T14:38:34.656+0000] {processor.py:208} INFO - Processing /opt/airflow/dags/sanity_checks.py took 0.125 seconds
[2026-07-14T14:39:04.978+0000] {processor.py:186} INFO - Started process (PID=2711) to work on /opt/airflow/dags/sanity_checks.py
[2026-07-14T14:39:04.979+0000] {processor.py:914} INFO - Processing file /opt/airflow/dags/sanity_checks.py for tasks to queue
[2026-07-14T14:39:04.984+0000] {logging_mixin.py:190} INFO - [2026-07-14T14:39:04.983+0000] {dagbag.py:587} INFO - Filling up the DagBag from /opt/airflow/dags/sanity_checks.py
[2026-07-14T14:39:05.007+0000] {processor.py:925} INFO - DAG(s) 'airflow_sanity_check' retrieved from /opt/airflow/dags/sanity_checks.py
[2026-07-14T14:39:05.062+0000] {logging_mixin.py:190} INFO - [2026-07-14T14:39:05.062+0000] {dag.py:3211} INFO - Sync 1 DAGs
[2026-07-14T14:39:05.087+0000] {logging_mixin.py:190} INFO - [2026-07-14T14:39:05.086+0000] {dag.py:4138} INFO - Setting next_dagrun for airflow_sanity_check to None, run_after=None
[2026-07-14T14:39:05.128+0000] {processor.py:208} INFO - Processing /opt/airflow/dags/sanity_checks.py took 0.162 seconds
[2026-07-14T14:39:35.481+0000] {processor.py:186} INFO - Started process (PID=2721) to work on /opt/airflow/dags/sanity_checks.py
[2026-07-14T14:39:35.482+0000] {processor.py:914} INFO - Processing file /opt/airflow/dags/sanity_checks.py for tasks to queue
[2026-07-14T14:39:35.487+0000] {logging_mixin.py:190} INFO - [2026-07-14T14:39:35.487+0000] {dagbag.py:587} INFO - Filling up the DagBag from /opt/airflow/dags/sanity_checks.py
[2026-07-14T14:39:35.504+0000] {processor.py:925} INFO - DAG(s) 'airflow_sanity_check' retrieved from /opt/airflow/dags/sanity_checks.py
[2026-07-14T14:39:35.549+0000] {logging_mixin.py:190} INFO - [2026-07-14T14:39:35.549+0000] {dag.py:3211} INFO - Sync 1 DAGs
[2026-07-14T14:39:35.574+0000] {logging_mixin.py:190} INFO - [2026-07-14T14:39:35.574+0000] {dag.py:4138} INFO - Setting next_dagrun for airflow_sanity_check to None, run_after=None
[2026-07-14T14:39:35.604+0000] {processor.py:208} INFO - Processing /opt/airflow/dags/sanity_checks.py took 0.134 seconds
[2026-07-14T14:40:05.928+0000] {processor.py:186} INFO - Started process (PID=2731) to work on /opt/airflow/dags/sanity_checks.py
[2026-07-14T14:40:05.929+0000] {processor.py:914} INFO - Processing file /opt/airflow/dags/sanity_checks.py for tasks to queue
[2026-07-14T14:40:05.933+0000] {logging_mixin.py:190} INFO - [2026-07-14T14:40:05.933+0000] {dagbag.py:587} INFO - Filling up the DagBag from /opt/airflow/dags/sanity_checks.py
[2026-07-14T14:40:05.948+0000] {processor.py:925} INFO - DAG(s) 'airflow_sanity_check' retrieved from /opt/airflow/dags/sanity_checks.py
[2026-07-14T14:40:05.989+0000] {logging_mixin.py:190} INFO - [2026-07-14T14:40:05.989+0000] {dag.py:3211} INFO - Sync 1 DAGs
[2026-07-14T14:40:06.011+0000] {logging_mixin.py:190} INFO - [2026-07-14T14:40:06.011+0000] {dag.py:4138} INFO - Setting next_dagrun for airflow_sanity_check to None, run_after=None
[2026-07-14T14:40:06.216+0000] {processor.py:208} INFO - Processing /opt/airflow/dags/sanity_checks.py took 0.297 seconds
[2026-07-14T14:40:36.517+0000] {processor.py:186} INFO - Started process (PID=2741) to work on /opt/airflow/dags/sanity_checks.py
[2026-07-14T14:40:36.518+0000] {processor.py:914} INFO - Processing file /opt/airflow/dags/sanity_checks.py for tasks to queue
[2026-07-14T14:40:36.522+0000] {logging_mixin.py:190} INFO - [2026-07-14T14:40:36.522+0000] {dagbag.py:587} INFO - Filling up the DagBag from /opt/airflow/dags/sanity_checks.py
[2026-07-14T14:40:36.538+0000] {processor.py:925} INFO - DAG(s) 'airflow_sanity_check' retrieved from /opt/airflow/dags/sanity_checks.py
[2026-07-14T14:40:36.583+0000] {logging_mixin.py:190} INFO - [2026-07-14T14:40:36.582+0000] {dag.py:3211} INFO - Sync 1 DAGs
[2026-07-14T14:40:36.781+0000] {logging_mixin.py:190} INFO - [2026-07-14T14:40:36.781+0000] {dag.py:4138} INFO - Setting next_dagrun for airflow_sanity_check to None, run_after=None
[2026-07-14T14:40:36.805+0000] {processor.py:208} INFO - Processing /opt/airflow/dags/sanity_checks.py took 0.297 seconds
[2026-07-14T14:41:07.125+0000] {processor.py:186} INFO - Started process (PID=2751) to work on /opt/airflow/dags/sanity_checks.py
[2026-07-14T14:41:07.126+0000] {processor.py:914} INFO - Processing file /opt/airflow/dags/sanity_checks.py for tasks to queue
[2026-07-14T14:41:07.130+0000] {logging_mixin.py:190} INFO - [2026-07-14T14:41:07.130+0000] {dagbag.py:587} INFO - Filling up the DagBag from /opt/airflow/dags/sanity_checks.py
[2026-07-14T14:41:07.147+0000] {processor.py:925} INFO - DAG(s) 'airflow_sanity_check' retrieved from /opt/airflow/dags/sanity_checks.py
[2026-07-14T14:41:07.197+0000] {logging_mixin.py:190} INFO - [2026-07-14T14:41:07.196+0000] {dag.py:3211} INFO - Sync 1 DAGs
[2026-07-14T14:41:07.226+0000] {logging_mixin.py:190} INFO - [2026-07-14T14:41:07.225+0000] {dag.py:4138} INFO - Setting next_dagrun for airflow_sanity_check to None, run_after=None
[2026-07-14T14:41:07.252+0000] {processor.py:208} INFO - Processing /opt/airflow/dags/sanity_checks.py took 0.138 seconds
[2026-07-14T14:41:37.577+0000] {processor.py:186} INFO - Started process (PID=2761) to work on /opt/airflow/dags/sanity_checks.py
[2026-07-14T14:41:37.578+0000] {processor.py:914} INFO - Processing file /opt/airflow/dags/sanity_checks.py for tasks to queue
[2026-07-14T14:41:37.582+0000] {logging_mixin.py:190} INFO - [2026-07-14T14:41:37.581+0000] {dagbag.py:587} INFO - Filling up the DagBag from /opt/airflow/dags/sanity_checks.py
[2026-07-14T14:41:37.599+0000] {processor.py:925} INFO - DAG(s) 'airflow_sanity_check' retrieved from /opt/airflow/dags/sanity_checks.py
[2026-07-14T14:41:37.642+0000] {logging_mixin.py:190} INFO - [2026-07-14T14:41:37.642+0000] {dag.py:3211} INFO - Sync 1 DAGs
[2026-07-14T14:41:37.663+0000] {logging_mixin.py:190} INFO - [2026-07-14T14:41:37.663+0000] {dag.py:4138} INFO - Setting next_dagrun for airflow_sanity_check to None, run_after=None
[2026-07-14T14:41:37.690+0000] {processor.py:208} INFO - Processing /opt/airflow/dags/sanity_checks.py took 0.122 seconds
[2026-07-14T14:42:08.011+0000] {processor.py:186} INFO - Started process (PID=2771) to work on /opt/airflow/dags/sanity_checks.py
[2026-07-14T14:42:08.012+0000] {processor.py:914} INFO - Processing file /opt/airflow/dags/sanity_checks.py for tasks to queue
[2026-07-14T14:42:08.016+0000] {logging_mixin.py:190} INFO - [2026-07-14T14:42:08.015+0000] {dagbag.py:587} INFO - Filling up the DagBag from /opt/airflow/dags/sanity_checks.py
[2026-07-14T14:42:08.032+0000] {processor.py:925} INFO - DAG(s) 'airflow_sanity_check' retrieved from /opt/airflow/dags/sanity_checks.py
[2026-07-14T14:42:08.075+0000] {logging_mixin.py:190} INFO - [2026-07-14T14:42:08.075+0000] {dag.py:3211} INFO - Sync 1 DAGs
[2026-07-14T14:42:08.097+0000] {logging_mixin.py:190} INFO - [2026-07-14T14:42:08.096+0000] {dag.py:4138} INFO - Setting next_dagrun for airflow_sanity_check to None, run_after=None
[2026-07-14T14:42:08.124+0000] {processor.py:208} INFO - Processing /opt/airflow/dags/sanity_checks.py took 0.122 seconds
[2026-07-14T14:42:38.425+0000] {processor.py:186} INFO - Started process (PID=2781) to work on /opt/airflow/dags/sanity_checks.py
[2026-07-14T14:42:38.427+0000] {processor.py:914} INFO - Processing file /opt/airflow/dags/sanity_checks.py for tasks to queue
[2026-07-14T14:42:38.430+0000] {logging_mixin.py:190} INFO - [2026-07-14T14:42:38.429+0000] {dagbag.py:587} INFO - Filling up the DagBag from /opt/airflow/dags/sanity_checks.py
[2026-07-14T14:42:38.446+0000] {processor.py:925} INFO - DAG(s) 'airflow_sanity_check' retrieved from /opt/airflow/dags/sanity_checks.py
[2026-07-14T14:42:38.490+0000] {logging_mixin.py:190} INFO - [2026-07-14T14:42:38.490+0000] {dag.py:3211} INFO - Sync 1 DAGs
[2026-07-14T14:42:38.512+0000] {logging_mixin.py:190} INFO - [2026-07-14T14:42:38.512+0000] {dag.py:4138} INFO - Setting next_dagrun for airflow_sanity_check to None, run_after=None
[2026-07-14T14:42:38.542+0000] {processor.py:208} INFO - Processing /opt/airflow/dags/sanity_checks.py took 0.125 seconds
[2026-07-14T14:43:08.826+0000] {processor.py:186} INFO - Started process (PID=2791) to work on /opt/airflow/dags/sanity_checks.py
[2026-07-14T14:43:08.827+0000] {processor.py:914} INFO - Processing file /opt/airflow/dags/sanity_checks.py for tasks to queue
[2026-07-14T14:43:08.831+0000] {logging_mixin.py:190} INFO - [2026-07-14T14:43:08.830+0000] {dagbag.py:587} INFO - Filling up the DagBag from /opt/airflow/dags/sanity_checks.py
[2026-07-14T14:43:08.846+0000] {processor.py:925} INFO - DAG(s) 'airflow_sanity_check' retrieved from /opt/airflow/dags/sanity_checks.py
[2026-07-14T14:43:08.892+0000] {logging_mixin.py:190} INFO - [2026-07-14T14:43:08.891+0000] {dag.py:3211} INFO - Sync 1 DAGs
[2026-07-14T14:43:08.918+0000] {logging_mixin.py:190} INFO - [2026-07-14T14:43:08.917+0000] {dag.py:4138} INFO - Setting next_dagrun for airflow_sanity_check to None, run_after=None
[2026-07-14T14:43:09.146+0000] {processor.py:208} INFO - Processing /opt/airflow/dags/sanity_checks.py took 0.329 seconds
[2026-07-14T14:43:39.512+0000] {processor.py:186} INFO - Started process (PID=2801) to work on /opt/airflow/dags/sanity_checks.py
[2026-07-14T14:43:39.514+0000] {processor.py:914} INFO - Processing file /opt/airflow/dags/sanity_checks.py for tasks to queue
[2026-07-14T14:43:39.518+0000] {logging_mixin.py:190} INFO - [2026-07-14T14:43:39.517+0000] {dagbag.py:587} INFO - Filling up the DagBag from /opt/airflow/dags/sanity_checks.py
[2026-07-14T14:43:39.534+0000] {processor.py:925} INFO - DAG(s) 'airflow_sanity_check' retrieved from /opt/airflow/dags/sanity_checks.py
[2026-07-14T14:43:39.577+0000] {logging_mixin.py:190} INFO - [2026-07-14T14:43:39.577+0000] {dag.py:3211} INFO - Sync 1 DAGs
[2026-07-14T14:43:39.797+0000] {logging_mixin.py:190} INFO - [2026-07-14T14:43:39.796+0000] {dag.py:4138} INFO - Setting next_dagrun for airflow_sanity_check to None, run_after=None
[2026-07-14T14:43:39.826+0000] {processor.py:208} INFO - Processing /opt/airflow/dags/sanity_checks.py took 0.324 seconds
[2026-07-14T14:44:10.120+0000] {processor.py:186} INFO - Started process (PID=2811) to work on /opt/airflow/dags/sanity_checks.py
[2026-07-14T14:44:10.122+0000] {processor.py:914} INFO - Processing file /opt/airflow/dags/sanity_checks.py for tasks to queue
[2026-07-14T14:44:10.126+0000] {logging_mixin.py:190} INFO - [2026-07-14T14:44:10.125+0000] {dagbag.py:587} INFO - Filling up the DagBag from /opt/airflow/dags/sanity_checks.py
[2026-07-14T14:44:10.145+0000] {processor.py:925} INFO - DAG(s) 'airflow_sanity_check' retrieved from /opt/airflow/dags/sanity_checks.py
[2026-07-14T14:44:10.191+0000] {logging_mixin.py:190} INFO - [2026-07-14T14:44:10.191+0000] {dag.py:3211} INFO - Sync 1 DAGs
[2026-07-14T14:44:10.220+0000] {logging_mixin.py:190} INFO - [2026-07-14T14:44:10.219+0000] {dag.py:4138} INFO - Setting next_dagrun for airflow_sanity_check to None, run_after=None
[2026-07-14T14:44:10.249+0000] {processor.py:208} INFO - Processing /opt/airflow/dags/sanity_checks.py took 0.138 seconds
[2026-07-14T14:44:40.647+0000] {processor.py:186} INFO - Started process (PID=2821) to work on /opt/airflow/dags/sanity_checks.py
[2026-07-14T14:44:40.649+0000] {processor.py:914} INFO - Processing file /opt/airflow/dags/sanity_checks.py for tasks to queue
[2026-07-14T14:44:40.652+0000] {logging_mixin.py:190} INFO - [2026-07-14T14:44:40.652+0000] {dagbag.py:587} INFO - Filling up the DagBag from /opt/airflow/dags/sanity_checks.py
[2026-07-14T14:44:40.675+0000] {processor.py:925} INFO - DAG(s) 'airflow_sanity_check' retrieved from /opt/airflow/dags/sanity_checks.py
[2026-07-14T14:44:40.721+0000] {logging_mixin.py:190} INFO - [2026-07-14T14:44:40.720+0000] {dag.py:3211} INFO - Sync 1 DAGs
[2026-07-14T14:44:40.744+0000] {logging_mixin.py:190} INFO - [2026-07-14T14:44:40.743+0000] {dag.py:4138} INFO - Setting next_dagrun for airflow_sanity_check to None, run_after=None
[2026-07-14T14:44:40.777+0000] {processor.py:208} INFO - Processing /opt/airflow/dags/sanity_checks.py took 0.143 seconds
[2026-07-14T14:45:11.080+0000] {processor.py:186} INFO - Started process (PID=2831) to work on /opt/airflow/dags/sanity_checks.py
[2026-07-14T14:45:11.081+0000] {processor.py:914} INFO - Processing file /opt/airflow/dags/sanity_checks.py for tasks to queue
[2026-07-14T14:45:11.084+0000] {logging_mixin.py:190} INFO - [2026-07-14T14:45:11.084+0000] {dagbag.py:587} INFO - Filling up the DagBag from /opt/airflow/dags/sanity_checks.py
[2026-07-14T14:45:11.101+0000] {processor.py:925} INFO - DAG(s) 'airflow_sanity_check' retrieved from /opt/airflow/dags/sanity_checks.py
[2026-07-14T14:45:11.141+0000] {logging_mixin.py:190} INFO - [2026-07-14T14:45:11.141+0000] {dag.py:3211} INFO - Sync 1 DAGs
[2026-07-14T14:45:11.162+0000] {logging_mixin.py:190} INFO - [2026-07-14T14:45:11.162+0000] {dag.py:4138} INFO - Setting next_dagrun for airflow_sanity_check to None, run_after=None
[2026-07-14T14:45:11.187+0000] {processor.py:208} INFO - Processing /opt/airflow/dags/sanity_checks.py took 0.117 seconds
[2026-07-14T14:45:41.522+0000] {processor.py:186} INFO - Started process (PID=2841) to work on /opt/airflow/dags/sanity_checks.py
[2026-07-14T14:45:41.524+0000] {processor.py:914} INFO - Processing file /opt/airflow/dags/sanity_checks.py for tasks to queue
[2026-07-14T14:45:41.527+0000] {logging_mixin.py:190} INFO - [2026-07-14T14:45:41.526+0000] {dagbag.py:587} INFO - Filling up the DagBag from /opt/airflow/dags/sanity_checks.py
[2026-07-14T14:45:41.542+0000] {processor.py:925} INFO - DAG(s) 'airflow_sanity_check' retrieved from /opt/airflow/dags/sanity_checks.py
[2026-07-14T14:45:41.585+0000] {logging_mixin.py:190} INFO - [2026-07-14T14:45:41.584+0000] {dag.py:3211} INFO - Sync 1 DAGs
[2026-07-14T14:45:41.607+0000] {logging_mixin.py:190} INFO - [2026-07-14T14:45:41.606+0000] {dag.py:4138} INFO - Setting next_dagrun for airflow_sanity_check to None, run_after=None
[2026-07-14T14:45:41.813+0000] {processor.py:208} INFO - Processing /opt/airflow/dags/sanity_checks.py took 0.299 seconds
[2026-07-14T14:46:12.152+0000] {processor.py:186} INFO - Started process (PID=2851) to work on /opt/airflow/dags/sanity_checks.py
[2026-07-14T14:46:12.154+0000] {processor.py:914} INFO - Processing file /opt/airflow/dags/sanity_checks.py for tasks to queue
[2026-07-14T14:46:12.157+0000] {logging_mixin.py:190} INFO - [2026-07-14T14:46:12.156+0000] {dagbag.py:587} INFO - Filling up the DagBag from /opt/airflow/dags/sanity_checks.py
[2026-07-14T14:46:12.172+0000] {processor.py:925} INFO - DAG(s) 'airflow_sanity_check' retrieved from /opt/airflow/dags/sanity_checks.py
[2026-07-14T14:46:12.215+0000] {logging_mixin.py:190} INFO - [2026-07-14T14:46:12.215+0000] {dag.py:3211} INFO - Sync 1 DAGs
[2026-07-14T14:46:12.480+0000] {logging_mixin.py:190} INFO - [2026-07-14T14:46:12.479+0000] {dag.py:4138} INFO - Setting next_dagrun for airflow_sanity_check to None, run_after=None
[2026-07-14T14:46:12.505+0000] {processor.py:208} INFO - Processing /opt/airflow/dags/sanity_checks.py took 0.362 seconds
[2026-07-14T14:46:42.812+0000] {processor.py:186} INFO - Started process (PID=2861) to work on /opt/airflow/dags/sanity_checks.py
[2026-07-14T14:46:42.813+0000] {processor.py:914} INFO - Processing file /opt/airflow/dags/sanity_checks.py for tasks to queue
[2026-07-14T14:46:42.816+0000] {logging_mixin.py:190} INFO - [2026-07-14T14:46:42.816+0000] {dagbag.py:587} INFO - Filling up the DagBag from /opt/airflow/dags/sanity_checks.py
[2026-07-14T14:46:42.832+0000] {processor.py:925} INFO - DAG(s) 'airflow_sanity_check' retrieved from /opt/airflow/dags/sanity_checks.py
[2026-07-14T14:46:42.874+0000] {logging_mixin.py:190} INFO - [2026-07-14T14:46:42.874+0000] {dag.py:3211} INFO - Sync 1 DAGs
[2026-07-14T14:46:42.894+0000] {logging_mixin.py:190} INFO - [2026-07-14T14:46:42.894+0000] {dag.py:4138} INFO - Setting next_dagrun for airflow_sanity_check to None, run_after=None
[2026-07-14T14:46:42.921+0000] {processor.py:208} INFO - Processing /opt/airflow/dags/sanity_checks.py took 0.118 seconds
[2026-07-14T14:47:13.258+0000] {processor.py:186} INFO - Started process (PID=2871) to work on /opt/airflow/dags/sanity_checks.py
[2026-07-14T14:47:13.261+0000] {processor.py:914} INFO - Processing file /opt/airflow/dags/sanity_checks.py for tasks to queue
[2026-07-14T14:47:13.264+0000] {logging_mixin.py:190} INFO - [2026-07-14T14:47:13.264+0000] {dagbag.py:587} INFO - Filling up the DagBag from /opt/airflow/dags/sanity_checks.py
[2026-07-14T14:47:13.279+0000] {processor.py:925} INFO - DAG(s) 'airflow_sanity_check' retrieved from /opt/airflow/dags/sanity_checks.py
[2026-07-14T14:47:13.323+0000] {logging_mixin.py:190} INFO - [2026-07-14T14:47:13.323+0000] {dag.py:3211} INFO - Sync 1 DAGs
[2026-07-14T14:47:13.347+0000] {logging_mixin.py:190} INFO - [2026-07-14T14:47:13.346+0000] {dag.py:4138} INFO - Setting next_dagrun for airflow_sanity_check to None, run_after=None
[2026-07-14T14:47:13.379+0000] {processor.py:208} INFO - Processing /opt/airflow/dags/sanity_checks.py took 0.129 seconds
[2026-07-14T14:47:43.688+0000] {processor.py:186} INFO - Started process (PID=2881) to work on /opt/airflow/dags/sanity_checks.py
[2026-07-14T14:47:43.689+0000] {processor.py:914} INFO - Processing file /opt/airflow/dags/sanity_checks.py for tasks to queue
[2026-07-14T14:47:43.693+0000] {logging_mixin.py:190} INFO - [2026-07-14T14:47:43.693+0000] {dagbag.py:587} INFO - Filling up the DagBag from /opt/airflow/dags/sanity_checks.py
[2026-07-14T14:47:43.710+0000] {processor.py:925} INFO - DAG(s) 'airflow_sanity_check' retrieved from /opt/airflow/dags/sanity_checks.py
[2026-07-14T14:47:43.751+0000] {logging_mixin.py:190} INFO - [2026-07-14T14:47:43.751+0000] {dag.py:3211} INFO - Sync 1 DAGs
[2026-07-14T14:47:43.772+0000] {logging_mixin.py:190} INFO - [2026-07-14T14:47:43.772+0000] {dag.py:4138} INFO - Setting next_dagrun for airflow_sanity_check to None, run_after=None
[2026-07-14T14:47:43.797+0000] {processor.py:208} INFO - Processing /opt/airflow/dags/sanity_checks.py took 0.118 seconds
[2026-07-14T14:48:14.133+0000] {processor.py:186} INFO - Started process (PID=2891) to work on /opt/airflow/dags/sanity_checks.py
[2026-07-14T14:48:14.135+0000] {processor.py:914} INFO - Processing file /opt/airflow/dags/sanity_checks.py for tasks to queue
[2026-07-14T14:48:14.139+0000] {logging_mixin.py:190} INFO - [2026-07-14T14:48:14.138+0000] {dagbag.py:587} INFO - Filling up the DagBag from /opt/airflow/dags/sanity_checks.py
[2026-07-14T14:48:14.155+0000] {processor.py:925} INFO - DAG(s) 'airflow_sanity_check' retrieved from /opt/airflow/dags/sanity_checks.py
[2026-07-14T14:48:14.196+0000] {logging_mixin.py:190} INFO - [2026-07-14T14:48:14.196+0000] {dag.py:3211} INFO - Sync 1 DAGs
[2026-07-14T14:48:14.217+0000] {logging_mixin.py:190} INFO - [2026-07-14T14:48:14.217+0000] {dag.py:4138} INFO - Setting next_dagrun for airflow_sanity_check to None, run_after=None
[2026-07-14T14:48:14.243+0000] {processor.py:208} INFO - Processing /opt/airflow/dags/sanity_checks.py took 0.119 seconds
[2026-07-14T14:48:44.567+0000] {processor.py:186} INFO - Started process (PID=2901) to work on /opt/airflow/dags/sanity_checks.py
[2026-07-14T14:48:44.569+0000] {processor.py:914} INFO - Processing file /opt/airflow/dags/sanity_checks.py for tasks to queue
[2026-07-14T14:48:44.572+0000] {logging_mixin.py:190} INFO - [2026-07-14T14:48:44.571+0000] {dagbag.py:587} INFO - Filling up the DagBag from /opt/airflow/dags/sanity_checks.py
[2026-07-14T14:48:44.587+0000] {processor.py:925} INFO - DAG(s) 'airflow_sanity_check' retrieved from /opt/airflow/dags/sanity_checks.py
[2026-07-14T14:48:44.628+0000] {logging_mixin.py:190} INFO - [2026-07-14T14:48:44.628+0000] {dag.py:3211} INFO - Sync 1 DAGs
[2026-07-14T14:48:44.650+0000] {logging_mixin.py:190} INFO - [2026-07-14T14:48:44.650+0000] {dag.py:4138} INFO - Setting next_dagrun for airflow_sanity_check to None, run_after=None
[2026-07-14T14:48:44.864+0000] {processor.py:208} INFO - Processing /opt/airflow/dags/sanity_checks.py took 0.305 seconds
[2026-07-14T14:49:15.216+0000] {processor.py:186} INFO - Started process (PID=2911) to work on /opt/airflow/dags/sanity_checks.py
[2026-07-14T14:49:15.217+0000] {processor.py:914} INFO - Processing file /opt/airflow/dags/sanity_checks.py for tasks to queue
[2026-07-14T14:49:15.224+0000] {logging_mixin.py:190} INFO - [2026-07-14T14:49:15.223+0000] {dagbag.py:587} INFO - Filling up the DagBag from /opt/airflow/dags/sanity_checks.py
[2026-07-14T14:49:15.244+0000] {processor.py:925} INFO - DAG(s) 'airflow_sanity_check' retrieved from /opt/airflow/dags/sanity_checks.py
[2026-07-14T14:49:15.296+0000] {logging_mixin.py:190} INFO - [2026-07-14T14:49:15.295+0000] {dag.py:3211} INFO - Sync 1 DAGs
[2026-07-14T14:49:15.509+0000] {logging_mixin.py:190} INFO - [2026-07-14T14:49:15.509+0000] {dag.py:4138} INFO - Setting next_dagrun for airflow_sanity_check to None, run_after=None
[2026-07-14T14:49:15.535+0000] {processor.py:208} INFO - Processing /opt/airflow/dags/sanity_checks.py took 0.330 seconds
[2026-07-14T14:49:45.855+0000] {processor.py:186} INFO - Started process (PID=2921) to work on /opt/airflow/dags/sanity_checks.py
[2026-07-14T14:49:45.857+0000] {processor.py:914} INFO - Processing file /opt/airflow/dags/sanity_checks.py for tasks to queue
[2026-07-14T14:49:45.862+0000] {logging_mixin.py:190} INFO - [2026-07-14T14:49:45.861+0000] {dagbag.py:587} INFO - Filling up the DagBag from /opt/airflow/dags/sanity_checks.py
[2026-07-14T14:49:45.882+0000] {processor.py:925} INFO - DAG(s) 'airflow_sanity_check' retrieved from /opt/airflow/dags/sanity_checks.py
[2026-07-14T14:49:45.937+0000] {logging_mixin.py:190} INFO - [2026-07-14T14:49:45.936+0000] {dag.py:3211} INFO - Sync 1 DAGs
[2026-07-14T14:49:45.966+0000] {logging_mixin.py:190} INFO - [2026-07-14T14:49:45.966+0000] {dag.py:4138} INFO - Setting next_dagrun for airflow_sanity_check to None, run_after=None
[2026-07-14T14:49:46.001+0000] {processor.py:208} INFO - Processing /opt/airflow/dags/sanity_checks.py took 0.159 seconds
[2026-07-14T14:50:16.331+0000] {processor.py:186} INFO - Started process (PID=2931) to work on /opt/airflow/dags/sanity_checks.py
[2026-07-14T14:50:16.333+0000] {processor.py:914} INFO - Processing file /opt/airflow/dags/sanity_checks.py for tasks to queue
[2026-07-14T14:50:16.337+0000] {logging_mixin.py:190} INFO - [2026-07-14T14:50:16.336+0000] {dagbag.py:587} INFO - Filling up the DagBag from /opt/airflow/dags/sanity_checks.py
[2026-07-14T14:50:16.352+0000] {processor.py:925} INFO - DAG(s) 'airflow_sanity_check' retrieved from /opt/airflow/dags/sanity_checks.py
[2026-07-14T14:50:16.393+0000] {logging_mixin.py:190} INFO - [2026-07-14T14:50:16.393+0000] {dag.py:3211} INFO - Sync 1 DAGs
[2026-07-14T14:50:16.415+0000] {logging_mixin.py:190} INFO - [2026-07-14T14:50:16.414+0000] {dag.py:4138} INFO - Setting next_dagrun for airflow_sanity_check to None, run_after=None
[2026-07-14T14:50:16.443+0000] {processor.py:208} INFO - Processing /opt/airflow/dags/sanity_checks.py took 0.120 seconds
[2026-07-14T14:50:46.772+0000] {processor.py:186} INFO - Started process (PID=2941) to work on /opt/airflow/dags/sanity_checks.py
[2026-07-14T14:50:46.774+0000] {processor.py:914} INFO - Processing file /opt/airflow/dags/sanity_checks.py for tasks to queue
[2026-07-14T14:50:46.778+0000] {logging_mixin.py:190} INFO - [2026-07-14T14:50:46.777+0000] {dagbag.py:587} INFO - Filling up the DagBag from /opt/airflow/dags/sanity_checks.py
[2026-07-14T14:50:46.795+0000] {processor.py:925} INFO - DAG(s) 'airflow_sanity_check' retrieved from /opt/airflow/dags/sanity_checks.py
[2026-07-14T14:50:46.836+0000] {logging_mixin.py:190} INFO - [2026-07-14T14:50:46.835+0000] {dag.py:3211} INFO - Sync 1 DAGs
[2026-07-14T14:50:46.857+0000] {logging_mixin.py:190} INFO - [2026-07-14T14:50:46.856+0000] {dag.py:4138} INFO - Setting next_dagrun for airflow_sanity_check to None, run_after=None
[2026-07-14T14:50:46.886+0000] {processor.py:208} INFO - Processing /opt/airflow/dags/sanity_checks.py took 0.122 seconds
[2026-07-14T14:51:17.187+0000] {processor.py:186} INFO - Started process (PID=2951) to work on /opt/airflow/dags/sanity_checks.py
[2026-07-14T14:51:17.189+0000] {processor.py:914} INFO - Processing file /opt/airflow/dags/sanity_checks.py for tasks to queue
[2026-07-14T14:51:17.193+0000] {logging_mixin.py:190} INFO - [2026-07-14T14:51:17.193+0000] {dagbag.py:587} INFO - Filling up the DagBag from /opt/airflow/dags/sanity_checks.py
[2026-07-14T14:51:17.210+0000] {processor.py:925} INFO - DAG(s) 'airflow_sanity_check' retrieved from /opt/airflow/dags/sanity_checks.py
[2026-07-14T14:51:17.252+0000] {logging_mixin.py:190} INFO - [2026-07-14T14:51:17.252+0000] {dag.py:3211} INFO - Sync 1 DAGs
[2026-07-14T14:51:17.273+0000] {logging_mixin.py:190} INFO - [2026-07-14T14:51:17.272+0000] {dag.py:4138} INFO - Setting next_dagrun for airflow_sanity_check to None, run_after=None
[2026-07-14T14:51:17.299+0000] {processor.py:208} INFO - Processing /opt/airflow/dags/sanity_checks.py took 0.124 seconds
[2026-07-14T14:51:47.592+0000] {processor.py:186} INFO - Started process (PID=2961) to work on /opt/airflow/dags/sanity_checks.py
[2026-07-14T14:51:47.594+0000] {processor.py:914} INFO - Processing file /opt/airflow/dags/sanity_checks.py for tasks to queue
[2026-07-14T14:51:47.597+0000] {logging_mixin.py:190} INFO - [2026-07-14T14:51:47.597+0000] {dagbag.py:587} INFO - Filling up the DagBag from /opt/airflow/dags/sanity_checks.py
[2026-07-14T14:51:47.613+0000] {processor.py:925} INFO - DAG(s) 'airflow_sanity_check' retrieved from /opt/airflow/dags/sanity_checks.py
[2026-07-14T14:51:47.656+0000] {logging_mixin.py:190} INFO - [2026-07-14T14:51:47.656+0000] {dag.py:3211} INFO - Sync 1 DAGs
[2026-07-14T14:51:47.863+0000] {logging_mixin.py:190} INFO - [2026-07-14T14:51:47.863+0000] {dag.py:4138} INFO - Setting next_dagrun for airflow_sanity_check to None, run_after=None
[2026-07-14T14:51:47.886+0000] {processor.py:208} INFO - Processing /opt/airflow/dags/sanity_checks.py took 0.303 seconds
[2026-07-14T14:52:18.188+0000] {processor.py:186} INFO - Started process (PID=2971) to work on /opt/airflow/dags/sanity_checks.py
[2026-07-14T14:52:18.189+0000] {processor.py:914} INFO - Processing file /opt/airflow/dags/sanity_checks.py for tasks to queue
[2026-07-14T14:52:18.193+0000] {logging_mixin.py:190} INFO - [2026-07-14T14:52:18.192+0000] {dagbag.py:587} INFO - Filling up the DagBag from /opt/airflow/dags/sanity_checks.py
[2026-07-14T14:52:18.208+0000] {processor.py:925} INFO - DAG(s) 'airflow_sanity_check' retrieved from /opt/airflow/dags/sanity_checks.py
[2026-07-14T14:52:18.429+0000] {logging_mixin.py:190} INFO - [2026-07-14T14:52:18.428+0000] {dag.py:3211} INFO - Sync 1 DAGs
[2026-07-14T14:52:18.447+0000] {logging_mixin.py:190} INFO - [2026-07-14T14:52:18.447+0000] {dag.py:4138} INFO - Setting next_dagrun for airflow_sanity_check to None, run_after=None
[2026-07-14T14:52:18.472+0000] {processor.py:208} INFO - Processing /opt/airflow/dags/sanity_checks.py took 0.293 seconds
[2026-07-14T14:52:48.799+0000] {processor.py:186} INFO - Started process (PID=2981) to work on /opt/airflow/dags/sanity_checks.py
[2026-07-14T14:52:48.800+0000] {processor.py:914} INFO - Processing file /opt/airflow/dags/sanity_checks.py for tasks to queue
[2026-07-14T14:52:48.804+0000] {logging_mixin.py:190} INFO - [2026-07-14T14:52:48.803+0000] {dagbag.py:587} INFO - Filling up the DagBag from /opt/airflow/dags/sanity_checks.py
[2026-07-14T14:52:48.849+0000] {processor.py:925} INFO - DAG(s) 'airflow_sanity_check' retrieved from /opt/airflow/dags/sanity_checks.py
[2026-07-14T14:52:48.891+0000] {logging_mixin.py:190} INFO - [2026-07-14T14:52:48.890+0000] {dag.py:3211} INFO - Sync 1 DAGs
[2026-07-14T14:52:48.913+0000] {logging_mixin.py:190} INFO - [2026-07-14T14:52:48.912+0000] {dag.py:4138} INFO - Setting next_dagrun for airflow_sanity_check to None, run_after=None
[2026-07-14T14:52:48.939+0000] {processor.py:208} INFO - Processing /opt/airflow/dags/sanity_checks.py took 0.150 seconds
[2026-07-14T14:53:19.234+0000] {processor.py:186} INFO - Started process (PID=2991) to work on /opt/airflow/dags/sanity_checks.py
[2026-07-14T14:53:19.236+0000] {processor.py:914} INFO - Processing file /opt/airflow/dags/sanity_checks.py for tasks to queue
[2026-07-14T14:53:19.239+0000] {logging_mixin.py:190} INFO - [2026-07-14T14:53:19.239+0000] {dagbag.py:587} INFO - Filling up the DagBag from /opt/airflow/dags/sanity_checks.py
[2026-07-14T14:53:19.257+0000] {processor.py:925} INFO - DAG(s) 'airflow_sanity_check' retrieved from /opt/airflow/dags/sanity_checks.py
[2026-07-14T14:53:19.308+0000] {logging_mixin.py:190} INFO - [2026-07-14T14:53:19.307+0000] {dag.py:3211} INFO - Sync 1 DAGs
[2026-07-14T14:53:19.330+0000] {logging_mixin.py:190} INFO - [2026-07-14T14:53:19.330+0000] {dag.py:4138} INFO - Setting next_dagrun for airflow_sanity_check to None, run_after=None
[2026-07-14T14:53:19.363+0000] {processor.py:208} INFO - Processing /opt/airflow/dags/sanity_checks.py took 0.138 seconds
[2026-07-14T14:53:49.785+0000] {processor.py:186} INFO - Started process (PID=3001) to work on /opt/airflow/dags/sanity_checks.py
[2026-07-14T14:53:49.787+0000] {processor.py:914} INFO - Processing file /opt/airflow/dags/sanity_checks.py for tasks to queue
[2026-07-14T14:53:49.791+0000] {logging_mixin.py:190} INFO - [2026-07-14T14:53:49.790+0000] {dagbag.py:587} INFO - Filling up the DagBag from /opt/airflow/dags/sanity_checks.py
[2026-07-14T14:53:49.806+0000] {processor.py:925} INFO - DAG(s) 'airflow_sanity_check' retrieved from /opt/airflow/dags/sanity_checks.py
[2026-07-14T14:53:49.849+0000] {logging_mixin.py:190} INFO - [2026-07-14T14:53:49.849+0000] {dag.py:3211} INFO - Sync 1 DAGs
[2026-07-14T14:53:49.878+0000] {logging_mixin.py:190} INFO - [2026-07-14T14:53:49.877+0000] {dag.py:4138} INFO - Setting next_dagrun for airflow_sanity_check to None, run_after=None
[2026-07-14T14:53:49.906+0000] {processor.py:208} INFO - Processing /opt/airflow/dags/sanity_checks.py took 0.131 seconds
[2026-07-14T14:54:20.221+0000] {processor.py:186} INFO - Started process (PID=3011) to work on /opt/airflow/dags/sanity_checks.py
[2026-07-14T14:54:20.223+0000] {processor.py:914} INFO - Processing file /opt/airflow/dags/sanity_checks.py for tasks to queue
[2026-07-14T14:54:20.227+0000] {logging_mixin.py:190} INFO - [2026-07-14T14:54:20.226+0000] {dagbag.py:587} INFO - Filling up the DagBag from /opt/airflow/dags/sanity_checks.py
[2026-07-14T14:54:20.242+0000] {processor.py:925} INFO - DAG(s) 'airflow_sanity_check' retrieved from /opt/airflow/dags/sanity_checks.py
[2026-07-14T14:54:20.283+0000] {logging_mixin.py:190} INFO - [2026-07-14T14:54:20.283+0000] {dag.py:3211} INFO - Sync 1 DAGs
[2026-07-14T14:54:20.309+0000] {logging_mixin.py:190} INFO - [2026-07-14T14:54:20.309+0000] {dag.py:4138} INFO - Setting next_dagrun for airflow_sanity_check to None, run_after=None
[2026-07-14T14:54:20.508+0000] {processor.py:208} INFO - Processing /opt/airflow/dags/sanity_checks.py took 0.295 seconds
[2026-07-14T14:54:50.814+0000] {processor.py:186} INFO - Started process (PID=3021) to work on /opt/airflow/dags/sanity_checks.py
[2026-07-14T14:54:50.816+0000] {processor.py:914} INFO - Processing file /opt/airflow/dags/sanity_checks.py for tasks to queue
[2026-07-14T14:54:50.819+0000] {logging_mixin.py:190} INFO - [2026-07-14T14:54:50.819+0000] {dagbag.py:587} INFO - Filling up the DagBag from /opt/airflow/dags/sanity_checks.py
[2026-07-14T14:54:50.835+0000] {processor.py:925} INFO - DAG(s) 'airflow_sanity_check' retrieved from /opt/airflow/dags/sanity_checks.py
[2026-07-14T14:54:50.882+0000] {logging_mixin.py:190} INFO - [2026-07-14T14:54:50.881+0000] {dag.py:3211} INFO - Sync 1 DAGs
[2026-07-14T14:54:51.072+0000] {logging_mixin.py:190} INFO - [2026-07-14T14:54:51.072+0000] {dag.py:4138} INFO - Setting next_dagrun for airflow_sanity_check to None, run_after=None
[2026-07-14T14:54:51.095+0000] {processor.py:208} INFO - Processing /opt/airflow/dags/sanity_checks.py took 0.290 seconds
[2026-07-14T14:55:21.406+0000] {processor.py:186} INFO - Started process (PID=3031) to work on /opt/airflow/dags/sanity_checks.py
[2026-07-14T14:55:21.407+0000] {processor.py:914} INFO - Processing file /opt/airflow/dags/sanity_checks.py for tasks to queue
[2026-07-14T14:55:21.411+0000] {logging_mixin.py:190} INFO - [2026-07-14T14:55:21.410+0000] {dagbag.py:587} INFO - Filling up the DagBag from /opt/airflow/dags/sanity_checks.py
[2026-07-14T14:55:21.427+0000] {processor.py:925} INFO - DAG(s) 'airflow_sanity_check' retrieved from /opt/airflow/dags/sanity_checks.py
[2026-07-14T14:55:21.472+0000] {logging_mixin.py:190} INFO - [2026-07-14T14:55:21.472+0000] {dag.py:3211} INFO - Sync 1 DAGs
[2026-07-14T14:55:21.516+0000] {logging_mixin.py:190} INFO - [2026-07-14T14:55:21.515+0000] {dag.py:4138} INFO - Setting next_dagrun for airflow_sanity_check to None, run_after=None
[2026-07-14T14:55:21.559+0000] {processor.py:208} INFO - Processing /opt/airflow/dags/sanity_checks.py took 0.165 seconds
[2026-07-14T14:55:51.865+0000] {processor.py:186} INFO - Started process (PID=3041) to work on /opt/airflow/dags/sanity_checks.py
[2026-07-14T14:55:51.867+0000] {processor.py:914} INFO - Processing file /opt/airflow/dags/sanity_checks.py for tasks to queue
[2026-07-14T14:55:51.870+0000] {logging_mixin.py:190} INFO - [2026-07-14T14:55:51.870+0000] {dagbag.py:587} INFO - Filling up the DagBag from /opt/airflow/dags/sanity_checks.py
[2026-07-14T14:55:51.887+0000] {processor.py:925} INFO - DAG(s) 'airflow_sanity_check' retrieved from /opt/airflow/dags/sanity_checks.py
[2026-07-14T14:55:51.929+0000] {logging_mixin.py:190} INFO - [2026-07-14T14:55:51.928+0000] {dag.py:3211} INFO - Sync 1 DAGs
[2026-07-14T14:55:51.950+0000] {logging_mixin.py:190} INFO - [2026-07-14T14:55:51.950+0000] {dag.py:4138} INFO - Setting next_dagrun for airflow_sanity_check to None, run_after=None
[2026-07-14T14:55:51.976+0000] {processor.py:208} INFO - Processing /opt/airflow/dags/sanity_checks.py took 0.119 seconds
[2026-07-14T14:56:22.290+0000] {processor.py:186} INFO - Started process (PID=3051) to work on /opt/airflow/dags/sanity_checks.py
[2026-07-14T14:56:22.292+0000] {processor.py:914} INFO - Processing file /opt/airflow/dags/sanity_checks.py for tasks to queue
[2026-07-14T14:56:22.296+0000] {logging_mixin.py:190} INFO - [2026-07-14T14:56:22.295+0000] {dagbag.py:587} INFO - Filling up the DagBag from /opt/airflow/dags/sanity_checks.py
[2026-07-14T14:56:22.313+0000] {processor.py:925} INFO - DAG(s) 'airflow_sanity_check' retrieved from /opt/airflow/dags/sanity_checks.py
[2026-07-14T14:56:22.354+0000] {logging_mixin.py:190} INFO - [2026-07-14T14:56:22.354+0000] {dag.py:3211} INFO - Sync 1 DAGs
[2026-07-14T14:56:22.378+0000] {logging_mixin.py:190} INFO - [2026-07-14T14:56:22.378+0000] {dag.py:4138} INFO - Setting next_dagrun for airflow_sanity_check to None, run_after=None
[2026-07-14T14:56:22.405+0000] {processor.py:208} INFO - Processing /opt/airflow/dags/sanity_checks.py took 0.124 seconds
[2026-07-14T14:56:52.737+0000] {processor.py:186} INFO - Started process (PID=3061) to work on /opt/airflow/dags/sanity_checks.py
[2026-07-14T14:56:52.739+0000] {processor.py:914} INFO - Processing file /opt/airflow/dags/sanity_checks.py for tasks to queue
[2026-07-14T14:56:52.743+0000] {logging_mixin.py:190} INFO - [2026-07-14T14:56:52.742+0000] {dagbag.py:587} INFO - Filling up the DagBag from /opt/airflow/dags/sanity_checks.py
[2026-07-14T14:56:52.758+0000] {processor.py:925} INFO - DAG(s) 'airflow_sanity_check' retrieved from /opt/airflow/dags/sanity_checks.py
[2026-07-14T14:56:52.799+0000] {logging_mixin.py:190} INFO - [2026-07-14T14:56:52.799+0000] {dag.py:3211} INFO - Sync 1 DAGs
[2026-07-14T14:56:52.820+0000] {logging_mixin.py:190} INFO - [2026-07-14T14:56:52.820+0000] {dag.py:4138} INFO - Setting next_dagrun for airflow_sanity_check to None, run_after=None
[2026-07-14T14:56:52.851+0000] {processor.py:208} INFO - Processing /opt/airflow/dags/sanity_checks.py took 0.122 seconds
[2026-07-14T14:57:23.142+0000] {processor.py:186} INFO - Started process (PID=3071) to work on /opt/airflow/dags/sanity_checks.py
[2026-07-14T14:57:23.144+0000] {processor.py:914} INFO - Processing file /opt/airflow/dags/sanity_checks.py for tasks to queue
[2026-07-14T14:57:23.147+0000] {logging_mixin.py:190} INFO - [2026-07-14T14:57:23.147+0000] {dagbag.py:587} INFO - Filling up the DagBag from /opt/airflow/dags/sanity_checks.py
[2026-07-14T14:57:23.162+0000] {processor.py:925} INFO - DAG(s) 'airflow_sanity_check' retrieved from /opt/airflow/dags/sanity_checks.py
[2026-07-14T14:57:23.203+0000] {logging_mixin.py:190} INFO - [2026-07-14T14:57:23.203+0000] {dag.py:3211} INFO - Sync 1 DAGs
[2026-07-14T14:57:23.226+0000] {logging_mixin.py:190} INFO - [2026-07-14T14:57:23.225+0000] {dag.py:4138} INFO - Setting next_dagrun for airflow_sanity_check to None, run_after=None
[2026-07-14T14:57:23.429+0000] {processor.py:208} INFO - Processing /opt/airflow/dags/sanity_checks.py took 0.296 seconds
[2026-07-14T14:57:53.724+0000] {processor.py:186} INFO - Started process (PID=3081) to work on /opt/airflow/dags/sanity_checks.py
[2026-07-14T14:57:53.726+0000] {processor.py:914} INFO - Processing file /opt/airflow/dags/sanity_checks.py for tasks to queue
[2026-07-14T14:57:53.730+0000] {logging_mixin.py:190} INFO - [2026-07-14T14:57:53.730+0000] {dagbag.py:587} INFO - Filling up the DagBag from /opt/airflow/dags/sanity_checks.py
[2026-07-14T14:57:53.746+0000] {processor.py:925} INFO - DAG(s) 'airflow_sanity_check' retrieved from /opt/airflow/dags/sanity_checks.py
[2026-07-14T14:57:53.788+0000] {logging_mixin.py:190} INFO - [2026-07-14T14:57:53.787+0000] {dag.py:3211} INFO - Sync 1 DAGs
[2026-07-14T14:57:53.984+0000] {logging_mixin.py:190} INFO - [2026-07-14T14:57:53.984+0000] {dag.py:4138} INFO - Setting next_dagrun for airflow_sanity_check to None, run_after=None
[2026-07-14T14:57:54.011+0000] {processor.py:208} INFO - Processing /opt/airflow/dags/sanity_checks.py took 0.295 seconds
[2026-07-14T14:58:24.299+0000] {processor.py:186} INFO - Started process (PID=3091) to work on /opt/airflow/dags/sanity_checks.py
[2026-07-14T14:58:24.301+0000] {processor.py:914} INFO - Processing file /opt/airflow/dags/sanity_checks.py for tasks to queue
[2026-07-14T14:58:24.305+0000] {logging_mixin.py:190} INFO - [2026-07-14T14:58:24.304+0000] {dagbag.py:587} INFO - Filling up the DagBag from /opt/airflow/dags/sanity_checks.py
[2026-07-14T14:58:24.321+0000] {processor.py:925} INFO - DAG(s) 'airflow_sanity_check' retrieved from /opt/airflow/dags/sanity_checks.py
[2026-07-14T14:58:24.363+0000] {logging_mixin.py:190} INFO - [2026-07-14T14:58:24.363+0000] {dag.py:3211} INFO - Sync 1 DAGs
[2026-07-14T14:58:24.384+0000] {logging_mixin.py:190} INFO - [2026-07-14T14:58:24.384+0000] {dag.py:4138} INFO - Setting next_dagrun for airflow_sanity_check to None, run_after=None
[2026-07-14T14:58:24.410+0000] {processor.py:208} INFO - Processing /opt/airflow/dags/sanity_checks.py took 0.119 seconds
[2026-07-14T14:58:54.704+0000] {processor.py:186} INFO - Started process (PID=3101) to work on /opt/airflow/dags/sanity_checks.py
[2026-07-14T14:58:54.706+0000] {processor.py:914} INFO - Processing file /opt/airflow/dags/sanity_checks.py for tasks to queue
[2026-07-14T14:58:54.709+0000] {logging_mixin.py:190} INFO - [2026-07-14T14:58:54.709+0000] {dagbag.py:587} INFO - Filling up the DagBag from /opt/airflow/dags/sanity_checks.py
[2026-07-14T14:58:54.725+0000] {processor.py:925} INFO - DAG(s) 'airflow_sanity_check' retrieved from /opt/airflow/dags/sanity_checks.py
[2026-07-14T14:58:54.769+0000] {logging_mixin.py:190} INFO - [2026-07-14T14:58:54.769+0000] {dag.py:3211} INFO - Sync 1 DAGs
[2026-07-14T14:58:54.791+0000] {logging_mixin.py:190} INFO - [2026-07-14T14:58:54.791+0000] {dag.py:4138} INFO - Setting next_dagrun for airflow_sanity_check to None, run_after=None
[2026-07-14T14:58:54.816+0000] {processor.py:208} INFO - Processing /opt/airflow/dags/sanity_checks.py took 0.122 seconds
[2026-07-14T14:59:25.100+0000] {processor.py:186} INFO - Started process (PID=3111) to work on /opt/airflow/dags/sanity_checks.py
[2026-07-14T14:59:25.101+0000] {processor.py:914} INFO - Processing file /opt/airflow/dags/sanity_checks.py for tasks to queue
[2026-07-14T14:59:25.104+0000] {logging_mixin.py:190} INFO - [2026-07-14T14:59:25.104+0000] {dagbag.py:587} INFO - Filling up the DagBag from /opt/airflow/dags/sanity_checks.py
[2026-07-14T14:59:25.119+0000] {processor.py:925} INFO - DAG(s) 'airflow_sanity_check' retrieved from /opt/airflow/dags/sanity_checks.py
[2026-07-14T14:59:25.160+0000] {logging_mixin.py:190} INFO - [2026-07-14T14:59:25.160+0000] {dag.py:3211} INFO - Sync 1 DAGs
[2026-07-14T14:59:25.182+0000] {logging_mixin.py:190} INFO - [2026-07-14T14:59:25.181+0000] {dag.py:4138} INFO - Setting next_dagrun for airflow_sanity_check to None, run_after=None
[2026-07-14T14:59:25.207+0000] {processor.py:208} INFO - Processing /opt/airflow/dags/sanity_checks.py took 0.115 seconds
[2026-07-14T14:59:55.570+0000] {processor.py:186} INFO - Started process (PID=3121) to work on /opt/airflow/dags/sanity_checks.py
[2026-07-14T14:59:55.571+0000] {processor.py:914} INFO - Processing file /opt/airflow/dags/sanity_checks.py for tasks to queue
[2026-07-14T14:59:55.574+0000] {logging_mixin.py:190} INFO - [2026-07-14T14:59:55.574+0000] {dagbag.py:587} INFO - Filling up the DagBag from /opt/airflow/dags/sanity_checks.py
[2026-07-14T14:59:55.590+0000] {processor.py:925} INFO - DAG(s) 'airflow_sanity_check' retrieved from /opt/airflow/dags/sanity_checks.py
[2026-07-14T14:59:55.632+0000] {logging_mixin.py:190} INFO - [2026-07-14T14:59:55.631+0000] {dag.py:3211} INFO - Sync 1 DAGs
[2026-07-14T14:59:55.653+0000] {logging_mixin.py:190} INFO - [2026-07-14T14:59:55.653+0000] {dag.py:4138} INFO - Setting next_dagrun for airflow_sanity_check to None, run_after=None
[2026-07-14T14:59:55.866+0000] {processor.py:208} INFO - Processing /opt/airflow/dags/sanity_checks.py took 0.305 seconds
[2026-07-14T15:00:26.172+0000] {processor.py:186} INFO - Started process (PID=3131) to work on /opt/airflow/dags/sanity_checks.py
[2026-07-14T15:00:26.174+0000] {processor.py:914} INFO - Processing file /opt/airflow/dags/sanity_checks.py for tasks to queue
[2026-07-14T15:00:26.178+0000] {logging_mixin.py:190} INFO - [2026-07-14T15:00:26.178+0000] {dagbag.py:587} INFO - Filling up the DagBag from /opt/airflow/dags/sanity_checks.py
[2026-07-14T15:00:26.195+0000] {processor.py:925} INFO - DAG(s) 'airflow_sanity_check' retrieved from /opt/airflow/dags/sanity_checks.py
[2026-07-14T15:00:26.239+0000] {logging_mixin.py:190} INFO - [2026-07-14T15:00:26.238+0000] {dag.py:3211} INFO - Sync 1 DAGs
[2026-07-14T15:00:26.458+0000] {logging_mixin.py:190} INFO - [2026-07-14T15:00:26.458+0000] {dag.py:4138} INFO - Setting next_dagrun for airflow_sanity_check to None, run_after=None
[2026-07-14T15:00:26.487+0000] {processor.py:208} INFO - Processing /opt/airflow/dags/sanity_checks.py took 0.322 seconds
[2026-07-14T15:00:56.780+0000] {processor.py:186} INFO - Started process (PID=3141) to work on /opt/airflow/dags/sanity_checks.py
[2026-07-14T15:00:56.781+0000] {processor.py:914} INFO - Processing file /opt/airflow/dags/sanity_checks.py for tasks to queue
[2026-07-14T15:00:56.785+0000] {logging_mixin.py:190} INFO - [2026-07-14T15:00:56.785+0000] {dagbag.py:587} INFO - Filling up the DagBag from /opt/airflow/dags/sanity_checks.py
[2026-07-14T15:00:56.800+0000] {processor.py:925} INFO - DAG(s) 'airflow_sanity_check' retrieved from /opt/airflow/dags/sanity_checks.py
[2026-07-14T15:00:57.032+0000] {logging_mixin.py:190} INFO - [2026-07-14T15:00:57.032+0000] {dag.py:3211} INFO - Sync 1 DAGs
[2026-07-14T15:00:57.049+0000] {logging_mixin.py:190} INFO - [2026-07-14T15:00:57.049+0000] {dag.py:4138} INFO - Setting next_dagrun for airflow_sanity_check to None, run_after=None
[2026-07-14T15:00:57.075+0000] {processor.py:208} INFO - Processing /opt/airflow/dags/sanity_checks.py took 0.304 seconds
[2026-07-14T15:01:27.391+0000] {processor.py:186} INFO - Started process (PID=3151) to work on /opt/airflow/dags/sanity_checks.py
[2026-07-14T15:01:27.392+0000] {processor.py:914} INFO - Processing file /opt/airflow/dags/sanity_checks.py for tasks to queue
[2026-07-14T15:01:27.396+0000] {logging_mixin.py:190} INFO - [2026-07-14T15:01:27.396+0000] {dagbag.py:587} INFO - Filling up the DagBag from /opt/airflow/dags/sanity_checks.py
[2026-07-14T15:01:27.412+0000] {processor.py:925} INFO - DAG(s) 'airflow_sanity_check' retrieved from /opt/airflow/dags/sanity_checks.py
[2026-07-14T15:01:27.453+0000] {logging_mixin.py:190} INFO - [2026-07-14T15:01:27.452+0000] {dag.py:3211} INFO - Sync 1 DAGs
[2026-07-14T15:01:27.480+0000] {logging_mixin.py:190} INFO - [2026-07-14T15:01:27.480+0000] {dag.py:4138} INFO - Setting next_dagrun for airflow_sanity_check to None, run_after=None
[2026-07-14T15:01:27.507+0000] {processor.py:208} INFO - Processing /opt/airflow/dags/sanity_checks.py took 0.125 seconds
[2026-07-14T15:01:57.814+0000] {processor.py:186} INFO - Started process (PID=3161) to work on /opt/airflow/dags/sanity_checks.py
[2026-07-14T15:01:57.816+0000] {processor.py:914} INFO - Processing file /opt/airflow/dags/sanity_checks.py for tasks to queue
[2026-07-14T15:01:57.819+0000] {logging_mixin.py:190} INFO - [2026-07-14T15:01:57.819+0000] {dagbag.py:587} INFO - Filling up the DagBag from /opt/airflow/dags/sanity_checks.py
[2026-07-14T15:01:57.834+0000] {processor.py:925} INFO - DAG(s) 'airflow_sanity_check' retrieved from /opt/airflow/dags/sanity_checks.py
[2026-07-14T15:01:57.876+0000] {logging_mixin.py:190} INFO - [2026-07-14T15:01:57.876+0000] {dag.py:3211} INFO - Sync 1 DAGs
[2026-07-14T15:01:57.897+0000] {logging_mixin.py:190} INFO - [2026-07-14T15:01:57.897+0000] {dag.py:4138} INFO - Setting next_dagrun for airflow_sanity_check to None, run_after=None
[2026-07-14T15:01:57.924+0000] {processor.py:208} INFO - Processing /opt/airflow/dags/sanity_checks.py took 0.119 seconds
[2026-07-14T15:02:28.235+0000] {processor.py:186} INFO - Started process (PID=3171) to work on /opt/airflow/dags/sanity_checks.py
[2026-07-14T15:02:28.237+0000] {processor.py:914} INFO - Processing file /opt/airflow/dags/sanity_checks.py for tasks to queue
[2026-07-14T15:02:28.240+0000] {logging_mixin.py:190} INFO - [2026-07-14T15:02:28.240+0000] {dagbag.py:587} INFO - Filling up the DagBag from /opt/airflow/dags/sanity_checks.py
[2026-07-14T15:02:28.255+0000] {processor.py:925} INFO - DAG(s) 'airflow_sanity_check' retrieved from /opt/airflow/dags/sanity_checks.py
[2026-07-14T15:02:28.297+0000] {logging_mixin.py:190} INFO - [2026-07-14T15:02:28.297+0000] {dag.py:3211} INFO - Sync 1 DAGs
[2026-07-14T15:02:28.320+0000] {logging_mixin.py:190} INFO - [2026-07-14T15:02:28.319+0000] {dag.py:4138} INFO - Setting next_dagrun for airflow_sanity_check to None, run_after=None
[2026-07-14T15:02:28.347+0000] {processor.py:208} INFO - Processing /opt/airflow/dags/sanity_checks.py took 0.120 seconds
[2026-07-14T15:02:58.647+0000] {processor.py:186} INFO - Started process (PID=3181) to work on /opt/airflow/dags/sanity_checks.py
[2026-07-14T15:02:58.649+0000] {processor.py:914} INFO - Processing file /opt/airflow/dags/sanity_checks.py for tasks to queue
[2026-07-14T15:02:58.653+0000] {logging_mixin.py:190} INFO - [2026-07-14T15:02:58.652+0000] {dagbag.py:587} INFO - Filling up the DagBag from /opt/airflow/dags/sanity_checks.py
[2026-07-14T15:02:58.668+0000] {processor.py:925} INFO - DAG(s) 'airflow_sanity_check' retrieved from /opt/airflow/dags/sanity_checks.py
[2026-07-14T15:02:58.710+0000] {logging_mixin.py:190} INFO - [2026-07-14T15:02:58.709+0000] {dag.py:3211} INFO - Sync 1 DAGs
[2026-07-14T15:02:58.732+0000] {logging_mixin.py:190} INFO - [2026-07-14T15:02:58.732+0000] {dag.py:4138} INFO - Setting next_dagrun for airflow_sanity_check to None, run_after=None
[2026-07-14T15:02:58.951+0000] {processor.py:208} INFO - Processing /opt/airflow/dags/sanity_checks.py took 0.312 seconds
[2026-07-14T15:03:29.388+0000] {processor.py:186} INFO - Started process (PID=3191) to work on /opt/airflow/dags/sanity_checks.py
[2026-07-14T15:03:29.391+0000] {processor.py:914} INFO - Processing file /opt/airflow/dags/sanity_checks.py for tasks to queue
[2026-07-14T15:03:29.395+0000] {logging_mixin.py:190} INFO - [2026-07-14T15:03:29.394+0000] {dagbag.py:587} INFO - Filling up the DagBag from /opt/airflow/dags/sanity_checks.py
[2026-07-14T15:03:29.418+0000] {processor.py:925} INFO - DAG(s) 'airflow_sanity_check' retrieved from /opt/airflow/dags/sanity_checks.py
[2026-07-14T15:03:29.517+0000] {logging_mixin.py:190} INFO - [2026-07-14T15:03:29.516+0000] {dag.py:3211} INFO - Sync 1 DAGs
[2026-07-14T15:03:29.845+0000] {logging_mixin.py:190} INFO - [2026-07-14T15:03:29.824+0000] {dag.py:4138} INFO - Setting next_dagrun for airflow_sanity_check to None, run_after=None
[2026-07-14T15:03:30.100+0000] {processor.py:208} INFO - Processing /opt/airflow/dags/sanity_checks.py took 0.771 seconds
[2026-07-14T15:04:00.215+0000] {processor.py:186} INFO - Started process (PID=3201) to work on /opt/airflow/dags/sanity_checks.py
[2026-07-14T15:04:00.217+0000] {processor.py:914} INFO - Processing file /opt/airflow/dags/sanity_checks.py for tasks to queue
[2026-07-14T15:04:00.221+0000] {logging_mixin.py:190} INFO - [2026-07-14T15:04:00.221+0000] {dagbag.py:587} INFO - Filling up the DagBag from /opt/airflow/dags/sanity_checks.py
[2026-07-14T15:04:00.237+0000] {processor.py:925} INFO - DAG(s) 'airflow_sanity_check' retrieved from /opt/airflow/dags/sanity_checks.py
[2026-07-14T15:04:00.463+0000] {logging_mixin.py:190} INFO - [2026-07-14T15:04:00.463+0000] {dag.py:3211} INFO - Sync 1 DAGs
[2026-07-14T15:04:00.483+0000] {logging_mixin.py:190} INFO - [2026-07-14T15:04:00.483+0000] {dag.py:4138} INFO - Setting next_dagrun for airflow_sanity_check to None, run_after=None
[2026-07-14T15:04:00.508+0000] {processor.py:208} INFO - Processing /opt/airflow/dags/sanity_checks.py took 0.302 seconds
[2026-07-14T15:04:30.582+0000] {processor.py:186} INFO - Started process (PID=3211) to work on /opt/airflow/dags/sanity_checks.py
[2026-07-14T15:04:30.583+0000] {processor.py:914} INFO - Processing file /opt/airflow/dags/sanity_checks.py for tasks to queue
[2026-07-14T15:04:30.588+0000] {logging_mixin.py:190} INFO - [2026-07-14T15:04:30.588+0000] {dagbag.py:587} INFO - Filling up the DagBag from /opt/airflow/dags/sanity_checks.py
[2026-07-14T15:04:30.604+0000] {processor.py:925} INFO - DAG(s) 'airflow_sanity_check' retrieved from /opt/airflow/dags/sanity_checks.py
[2026-07-14T15:04:30.649+0000] {logging_mixin.py:190} INFO - [2026-07-14T15:04:30.649+0000] {dag.py:3211} INFO - Sync 1 DAGs
[2026-07-14T15:04:30.673+0000] {logging_mixin.py:190} INFO - [2026-07-14T15:04:30.673+0000] {dag.py:4138} INFO - Setting next_dagrun for airflow_sanity_check to None, run_after=None
[2026-07-14T15:04:30.704+0000] {processor.py:208} INFO - Processing /opt/airflow/dags/sanity_checks.py took 0.131 seconds
[2026-07-14T15:05:01.028+0000] {processor.py:186} INFO - Started process (PID=3221) to work on /opt/airflow/dags/sanity_checks.py
[2026-07-14T15:05:01.030+0000] {processor.py:914} INFO - Processing file /opt/airflow/dags/sanity_checks.py for tasks to queue
[2026-07-14T15:05:01.034+0000] {logging_mixin.py:190} INFO - [2026-07-14T15:05:01.033+0000] {dagbag.py:587} INFO - Filling up the DagBag from /opt/airflow/dags/sanity_checks.py
[2026-07-14T15:05:01.050+0000] {processor.py:925} INFO - DAG(s) 'airflow_sanity_check' retrieved from /opt/airflow/dags/sanity_checks.py
[2026-07-14T15:05:01.091+0000] {logging_mixin.py:190} INFO - [2026-07-14T15:05:01.090+0000] {dag.py:3211} INFO - Sync 1 DAGs
[2026-07-14T15:05:01.115+0000] {logging_mixin.py:190} INFO - [2026-07-14T15:05:01.114+0000] {dag.py:4138} INFO - Setting next_dagrun for airflow_sanity_check to None, run_after=None
[2026-07-14T15:05:01.142+0000] {processor.py:208} INFO - Processing /opt/airflow/dags/sanity_checks.py took 0.123 seconds
[2026-07-14T15:05:31.480+0000] {processor.py:186} INFO - Started process (PID=3231) to work on /opt/airflow/dags/sanity_checks.py
[2026-07-14T15:05:31.482+0000] {processor.py:914} INFO - Processing file /opt/airflow/dags/sanity_checks.py for tasks to queue
[2026-07-14T15:05:31.485+0000] {logging_mixin.py:190} INFO - [2026-07-14T15:05:31.485+0000] {dagbag.py:587} INFO - Filling up the DagBag from /opt/airflow/dags/sanity_checks.py
[2026-07-14T15:05:31.501+0000] {processor.py:925} INFO - DAG(s) 'airflow_sanity_check' retrieved from /opt/airflow/dags/sanity_checks.py
[2026-07-14T15:05:31.548+0000] {logging_mixin.py:190} INFO - [2026-07-14T15:05:31.547+0000] {dag.py:3211} INFO - Sync 1 DAGs
[2026-07-14T15:05:31.571+0000] {logging_mixin.py:190} INFO - [2026-07-14T15:05:31.571+0000] {dag.py:4138} INFO - Setting next_dagrun for airflow_sanity_check to None, run_after=None
[2026-07-14T15:05:31.602+0000] {processor.py:208} INFO - Processing /opt/airflow/dags/sanity_checks.py took 0.130 seconds
[2026-07-14T15:06:01.930+0000] {processor.py:186} INFO - Started process (PID=3241) to work on /opt/airflow/dags/sanity_checks.py
[2026-07-14T15:06:01.932+0000] {processor.py:914} INFO - Processing file /opt/airflow/dags/sanity_checks.py for tasks to queue
[2026-07-14T15:06:01.937+0000] {logging_mixin.py:190} INFO - [2026-07-14T15:06:01.936+0000] {dagbag.py:587} INFO - Filling up the DagBag from /opt/airflow/dags/sanity_checks.py
[2026-07-14T15:06:01.958+0000] {processor.py:925} INFO - DAG(s) 'airflow_sanity_check' retrieved from /opt/airflow/dags/sanity_checks.py
[2026-07-14T15:06:02.008+0000] {logging_mixin.py:190} INFO - [2026-07-14T15:06:02.008+0000] {dag.py:3211} INFO - Sync 1 DAGs
[2026-07-14T15:06:02.213+0000] {logging_mixin.py:190} INFO - [2026-07-14T15:06:02.213+0000] {dag.py:4138} INFO - Setting next_dagrun for airflow_sanity_check to None, run_after=None
[2026-07-14T15:06:02.244+0000] {processor.py:208} INFO - Processing /opt/airflow/dags/sanity_checks.py took 0.326 seconds
[2026-07-14T15:06:32.682+0000] {processor.py:186} INFO - Started process (PID=3251) to work on /opt/airflow/dags/sanity_checks.py
[2026-07-14T15:06:32.684+0000] {processor.py:914} INFO - Processing file /opt/airflow/dags/sanity_checks.py for tasks to queue
[2026-07-14T15:06:32.687+0000] {logging_mixin.py:190} INFO - [2026-07-14T15:06:32.687+0000] {dagbag.py:587} INFO - Filling up the DagBag from /opt/airflow/dags/sanity_checks.py
[2026-07-14T15:06:32.703+0000] {processor.py:925} INFO - DAG(s) 'airflow_sanity_check' retrieved from /opt/airflow/dags/sanity_checks.py
[2026-07-14T15:06:32.954+0000] {logging_mixin.py:190} INFO - [2026-07-14T15:06:32.953+0000] {dag.py:3211} INFO - Sync 1 DAGs
[2026-07-14T15:06:32.976+0000] {logging_mixin.py:190} INFO - [2026-07-14T15:06:32.976+0000] {dag.py:4138} INFO - Setting next_dagrun for airflow_sanity_check to None, run_after=None
[2026-07-14T15:06:33.011+0000] {processor.py:208} INFO - Processing /opt/airflow/dags/sanity_checks.py took 0.337 seconds
[2026-07-14T15:07:03.328+0000] {processor.py:186} INFO - Started process (PID=3261) to work on /opt/airflow/dags/sanity_checks.py
[2026-07-14T15:07:03.330+0000] {processor.py:914} INFO - Processing file /opt/airflow/dags/sanity_checks.py for tasks to queue
[2026-07-14T15:07:03.333+0000] {logging_mixin.py:190} INFO - [2026-07-14T15:07:03.333+0000] {dagbag.py:587} INFO - Filling up the DagBag from /opt/airflow/dags/sanity_checks.py
[2026-07-14T15:07:03.350+0000] {processor.py:925} INFO - DAG(s) 'airflow_sanity_check' retrieved from /opt/airflow/dags/sanity_checks.py
[2026-07-14T15:07:03.396+0000] {logging_mixin.py:190} INFO - [2026-07-14T15:07:03.396+0000] {dag.py:3211} INFO - Sync 1 DAGs
[2026-07-14T15:07:03.420+0000] {logging_mixin.py:190} INFO - [2026-07-14T15:07:03.420+0000] {dag.py:4138} INFO - Setting next_dagrun for airflow_sanity_check to None, run_after=None
[2026-07-14T15:07:03.449+0000] {processor.py:208} INFO - Processing /opt/airflow/dags/sanity_checks.py took 0.131 seconds
[2026-07-14T15:07:33.778+0000] {processor.py:186} INFO - Started process (PID=3271) to work on /opt/airflow/dags/sanity_checks.py
[2026-07-14T15:07:33.780+0000] {processor.py:914} INFO - Processing file /opt/airflow/dags/sanity_checks.py for tasks to queue
[2026-07-14T15:07:33.784+0000] {logging_mixin.py:190} INFO - [2026-07-14T15:07:33.784+0000] {dagbag.py:587} INFO - Filling up the DagBag from /opt/airflow/dags/sanity_checks.py
[2026-07-14T15:07:33.801+0000] {processor.py:925} INFO - DAG(s) 'airflow_sanity_check' retrieved from /opt/airflow/dags/sanity_checks.py
[2026-07-14T15:07:33.843+0000] {logging_mixin.py:190} INFO - [2026-07-14T15:07:33.843+0000] {dag.py:3211} INFO - Sync 1 DAGs
[2026-07-14T15:07:33.865+0000] {logging_mixin.py:190} INFO - [2026-07-14T15:07:33.864+0000] {dag.py:4138} INFO - Setting next_dagrun for airflow_sanity_check to None, run_after=None
[2026-07-14T15:07:33.891+0000] {processor.py:208} INFO - Processing /opt/airflow/dags/sanity_checks.py took 0.123 seconds
[2026-07-14T15:08:04.211+0000] {processor.py:186} INFO - Started process (PID=3281) to work on /opt/airflow/dags/sanity_checks.py
[2026-07-14T15:08:04.213+0000] {processor.py:914} INFO - Processing file /opt/airflow/dags/sanity_checks.py for tasks to queue
[2026-07-14T15:08:04.216+0000] {logging_mixin.py:190} INFO - [2026-07-14T15:08:04.216+0000] {dagbag.py:587} INFO - Filling up the DagBag from /opt/airflow/dags/sanity_checks.py
[2026-07-14T15:08:04.231+0000] {processor.py:925} INFO - DAG(s) 'airflow_sanity_check' retrieved from /opt/airflow/dags/sanity_checks.py
[2026-07-14T15:08:04.272+0000] {logging_mixin.py:190} INFO - [2026-07-14T15:08:04.271+0000] {dag.py:3211} INFO - Sync 1 DAGs
[2026-07-14T15:08:04.293+0000] {logging_mixin.py:190} INFO - [2026-07-14T15:08:04.292+0000] {dag.py:4138} INFO - Setting next_dagrun for airflow_sanity_check to None, run_after=None
[2026-07-14T15:08:04.321+0000] {processor.py:208} INFO - Processing /opt/airflow/dags/sanity_checks.py took 0.118 seconds
[2026-07-14T15:08:34.629+0000] {processor.py:186} INFO - Started process (PID=3291) to work on /opt/airflow/dags/sanity_checks.py
[2026-07-14T15:08:34.631+0000] {processor.py:914} INFO - Processing file /opt/airflow/dags/sanity_checks.py for tasks to queue
[2026-07-14T15:08:34.635+0000] {logging_mixin.py:190} INFO - [2026-07-14T15:08:34.635+0000] {dagbag.py:587} INFO - Filling up the DagBag from /opt/airflow/dags/sanity_checks.py
[2026-07-14T15:08:34.651+0000] {processor.py:925} INFO - DAG(s) 'airflow_sanity_check' retrieved from /opt/airflow/dags/sanity_checks.py
[2026-07-14T15:08:34.694+0000] {logging_mixin.py:190} INFO - [2026-07-14T15:08:34.693+0000] {dag.py:3211} INFO - Sync 1 DAGs
[2026-07-14T15:08:34.716+0000] {logging_mixin.py:190} INFO - [2026-07-14T15:08:34.715+0000] {dag.py:4138} INFO - Setting next_dagrun for airflow_sanity_check to None, run_after=None
[2026-07-14T15:08:34.927+0000] {processor.py:208} INFO - Processing /opt/airflow/dags/sanity_checks.py took 0.307 seconds
[2026-07-14T15:09:05.247+0000] {processor.py:186} INFO - Started process (PID=3301) to work on /opt/airflow/dags/sanity_checks.py
[2026-07-14T15:09:05.249+0000] {processor.py:914} INFO - Processing file /opt/airflow/dags/sanity_checks.py for tasks to queue
[2026-07-14T15:09:05.252+0000] {logging_mixin.py:190} INFO - [2026-07-14T15:09:05.252+0000] {dagbag.py:587} INFO - Filling up the DagBag from /opt/airflow/dags/sanity_checks.py
[2026-07-14T15:09:05.269+0000] {processor.py:925} INFO - DAG(s) 'airflow_sanity_check' retrieved from /opt/airflow/dags/sanity_checks.py
[2026-07-14T15:09:05.315+0000] {logging_mixin.py:190} INFO - [2026-07-14T15:09:05.315+0000] {dag.py:3211} INFO - Sync 1 DAGs
[2026-07-14T15:09:05.530+0000] {logging_mixin.py:190} INFO - [2026-07-14T15:09:05.529+0000] {dag.py:4138} INFO - Setting next_dagrun for airflow_sanity_check to None, run_after=None
[2026-07-14T15:09:05.555+0000] {processor.py:208} INFO - Processing /opt/airflow/dags/sanity_checks.py took 0.318 seconds
[2026-07-14T15:09:36.106+0000] {processor.py:186} INFO - Started process (PID=3311) to work on /opt/airflow/dags/sanity_checks.py
[2026-07-14T15:09:36.108+0000] {processor.py:914} INFO - Processing file /opt/airflow/dags/sanity_checks.py for tasks to queue
[2026-07-14T15:09:36.112+0000] {logging_mixin.py:190} INFO - [2026-07-14T15:09:36.111+0000] {dagbag.py:587} INFO - Filling up the DagBag from /opt/airflow/dags/sanity_checks.py
[2026-07-14T15:09:36.129+0000] {processor.py:925} INFO - DAG(s) 'airflow_sanity_check' retrieved from /opt/airflow/dags/sanity_checks.py
[2026-07-14T15:09:36.371+0000] {logging_mixin.py:190} INFO - [2026-07-14T15:09:36.370+0000] {dag.py:3211} INFO - Sync 1 DAGs
[2026-07-14T15:09:36.389+0000] {logging_mixin.py:190} INFO - [2026-07-14T15:09:36.388+0000] {dag.py:4138} INFO - Setting next_dagrun for airflow_sanity_check to None, run_after=None
[2026-07-14T15:09:36.417+0000] {processor.py:208} INFO - Processing /opt/airflow/dags/sanity_checks.py took 0.320 seconds
[2026-07-14T15:10:06.537+0000] {processor.py:186} INFO - Started process (PID=3321) to work on /opt/airflow/dags/sanity_checks.py
[2026-07-14T15:10:06.539+0000] {processor.py:914} INFO - Processing file /opt/airflow/dags/sanity_checks.py for tasks to queue
[2026-07-14T15:10:06.542+0000] {logging_mixin.py:190} INFO - [2026-07-14T15:10:06.542+0000] {dagbag.py:587} INFO - Filling up the DagBag from /opt/airflow/dags/sanity_checks.py
[2026-07-14T15:10:06.558+0000] {processor.py:925} INFO - DAG(s) 'airflow_sanity_check' retrieved from /opt/airflow/dags/sanity_checks.py
[2026-07-14T15:10:06.599+0000] {logging_mixin.py:190} INFO - [2026-07-14T15:10:06.599+0000] {dag.py:3211} INFO - Sync 1 DAGs
[2026-07-14T15:10:06.620+0000] {logging_mixin.py:190} INFO - [2026-07-14T15:10:06.620+0000] {dag.py:4138} INFO - Setting next_dagrun for airflow_sanity_check to None, run_after=None
[2026-07-14T15:10:06.652+0000] {processor.py:208} INFO - Processing /opt/airflow/dags/sanity_checks.py took 0.123 seconds
[2026-07-14T15:10:37.089+0000] {processor.py:186} INFO - Started process (PID=3331) to work on /opt/airflow/dags/sanity_checks.py
[2026-07-14T15:10:37.091+0000] {processor.py:914} INFO - Processing file /opt/airflow/dags/sanity_checks.py for tasks to queue
[2026-07-14T15:10:37.095+0000] {logging_mixin.py:190} INFO - [2026-07-14T15:10:37.094+0000] {dagbag.py:587} INFO - Filling up the DagBag from /opt/airflow/dags/sanity_checks.py
[2026-07-14T15:10:37.111+0000] {processor.py:925} INFO - DAG(s) 'airflow_sanity_check' retrieved from /opt/airflow/dags/sanity_checks.py
[2026-07-14T15:10:37.153+0000] {logging_mixin.py:190} INFO - [2026-07-14T15:10:37.153+0000] {dag.py:3211} INFO - Sync 1 DAGs
[2026-07-14T15:10:37.174+0000] {logging_mixin.py:190} INFO - [2026-07-14T15:10:37.174+0000] {dag.py:4138} INFO - Setting next_dagrun for airflow_sanity_check to None, run_after=None
[2026-07-14T15:10:37.208+0000] {processor.py:208} INFO - Processing /opt/airflow/dags/sanity_checks.py took 0.128 seconds
[2026-07-14T15:11:07.512+0000] {processor.py:186} INFO - Started process (PID=3341) to work on /opt/airflow/dags/sanity_checks.py
[2026-07-14T15:11:07.514+0000] {processor.py:914} INFO - Processing file /opt/airflow/dags/sanity_checks.py for tasks to queue
[2026-07-14T15:11:07.518+0000] {logging_mixin.py:190} INFO - [2026-07-14T15:11:07.517+0000] {dagbag.py:587} INFO - Filling up the DagBag from /opt/airflow/dags/sanity_checks.py
[2026-07-14T15:11:07.532+0000] {processor.py:925} INFO - DAG(s) 'airflow_sanity_check' retrieved from /opt/airflow/dags/sanity_checks.py
[2026-07-14T15:11:07.573+0000] {logging_mixin.py:190} INFO - [2026-07-14T15:11:07.572+0000] {dag.py:3211} INFO - Sync 1 DAGs
[2026-07-14T15:11:07.593+0000] {logging_mixin.py:190} INFO - [2026-07-14T15:11:07.593+0000] {dag.py:4138} INFO - Setting next_dagrun for airflow_sanity_check to None, run_after=None
[2026-07-14T15:11:07.622+0000] {processor.py:208} INFO - Processing /opt/airflow/dags/sanity_checks.py took 0.118 seconds
[2026-07-14T15:11:37.953+0000] {processor.py:186} INFO - Started process (PID=3351) to work on /opt/airflow/dags/sanity_checks.py
[2026-07-14T15:11:37.954+0000] {processor.py:914} INFO - Processing file /opt/airflow/dags/sanity_checks.py for tasks to queue
[2026-07-14T15:11:37.959+0000] {logging_mixin.py:190} INFO - [2026-07-14T15:11:37.958+0000] {dagbag.py:587} INFO - Filling up the DagBag from /opt/airflow/dags/sanity_checks.py
[2026-07-14T15:11:37.975+0000] {processor.py:925} INFO - DAG(s) 'airflow_sanity_check' retrieved from /opt/airflow/dags/sanity_checks.py
[2026-07-14T15:11:38.019+0000] {logging_mixin.py:190} INFO - [2026-07-14T15:11:38.019+0000] {dag.py:3211} INFO - Sync 1 DAGs
[2026-07-14T15:11:38.222+0000] {logging_mixin.py:190} INFO - [2026-07-14T15:11:38.221+0000] {dag.py:4138} INFO - Setting next_dagrun for airflow_sanity_check to None, run_after=None
[2026-07-14T15:11:38.248+0000] {processor.py:208} INFO - Processing /opt/airflow/dags/sanity_checks.py took 0.303 seconds
[2026-07-14T15:12:08.569+0000] {processor.py:186} INFO - Started process (PID=3361) to work on /opt/airflow/dags/sanity_checks.py
[2026-07-14T15:12:08.571+0000] {processor.py:914} INFO - Processing file /opt/airflow/dags/sanity_checks.py for tasks to queue
[2026-07-14T15:12:08.575+0000] {logging_mixin.py:190} INFO - [2026-07-14T15:12:08.575+0000] {dagbag.py:587} INFO - Filling up the DagBag from /opt/airflow/dags/sanity_checks.py
[2026-07-14T15:12:08.590+0000] {processor.py:925} INFO - DAG(s) 'airflow_sanity_check' retrieved from /opt/airflow/dags/sanity_checks.py
[2026-07-14T15:12:08.632+0000] {logging_mixin.py:190} INFO - [2026-07-14T15:12:08.631+0000] {dag.py:3211} INFO - Sync 1 DAGs
[2026-07-14T15:12:08.841+0000] {logging_mixin.py:190} INFO - [2026-07-14T15:12:08.841+0000] {dag.py:4138} INFO - Setting next_dagrun for airflow_sanity_check to None, run_after=None
[2026-07-14T15:12:08.871+0000] {processor.py:208} INFO - Processing /opt/airflow/dags/sanity_checks.py took 0.312 seconds
[2026-07-14T15:12:39.209+0000] {processor.py:186} INFO - Started process (PID=3371) to work on /opt/airflow/dags/sanity_checks.py
[2026-07-14T15:12:39.211+0000] {processor.py:914} INFO - Processing file /opt/airflow/dags/sanity_checks.py for tasks to queue
[2026-07-14T15:12:39.214+0000] {logging_mixin.py:190} INFO - [2026-07-14T15:12:39.214+0000] {dagbag.py:587} INFO - Filling up the DagBag from /opt/airflow/dags/sanity_checks.py
[2026-07-14T15:12:39.233+0000] {processor.py:925} INFO - DAG(s) 'airflow_sanity_check' retrieved from /opt/airflow/dags/sanity_checks.py
[2026-07-14T15:12:39.461+0000] {logging_mixin.py:190} INFO - [2026-07-14T15:12:39.461+0000] {dag.py:3211} INFO - Sync 1 DAGs
[2026-07-14T15:12:39.479+0000] {logging_mixin.py:190} INFO - [2026-07-14T15:12:39.478+0000] {dag.py:4138} INFO - Setting next_dagrun for airflow_sanity_check to None, run_after=None
[2026-07-14T15:12:39.504+0000] {processor.py:208} INFO - Processing /opt/airflow/dags/sanity_checks.py took 0.303 seconds
[2026-07-14T15:13:09.853+0000] {processor.py:186} INFO - Started process (PID=3381) to work on /opt/airflow/dags/sanity_checks.py
[2026-07-14T15:13:09.855+0000] {processor.py:914} INFO - Processing file /opt/airflow/dags/sanity_checks.py for tasks to queue
[2026-07-14T15:13:09.859+0000] {logging_mixin.py:190} INFO - [2026-07-14T15:13:09.858+0000] {dagbag.py:587} INFO - Filling up the DagBag from /opt/airflow/dags/sanity_checks.py
[2026-07-14T15:13:09.875+0000] {processor.py:925} INFO - DAG(s) 'airflow_sanity_check' retrieved from /opt/airflow/dags/sanity_checks.py
[2026-07-14T15:13:09.919+0000] {logging_mixin.py:190} INFO - [2026-07-14T15:13:09.918+0000] {dag.py:3211} INFO - Sync 1 DAGs
[2026-07-14T15:13:09.940+0000] {logging_mixin.py:190} INFO - [2026-07-14T15:13:09.940+0000] {dag.py:4138} INFO - Setting next_dagrun for airflow_sanity_check to None, run_after=None
[2026-07-14T15:13:09.967+0000] {processor.py:208} INFO - Processing /opt/airflow/dags/sanity_checks.py took 0.123 seconds
[2026-07-14T15:13:40.287+0000] {processor.py:186} INFO - Started process (PID=3391) to work on /opt/airflow/dags/sanity_checks.py
[2026-07-14T15:13:40.289+0000] {processor.py:914} INFO - Processing file /opt/airflow/dags/sanity_checks.py for tasks to queue
[2026-07-14T15:13:40.293+0000] {logging_mixin.py:190} INFO - [2026-07-14T15:13:40.292+0000] {dagbag.py:587} INFO - Filling up the DagBag from /opt/airflow/dags/sanity_checks.py
[2026-07-14T15:13:40.309+0000] {processor.py:925} INFO - DAG(s) 'airflow_sanity_check' retrieved from /opt/airflow/dags/sanity_checks.py
[2026-07-14T15:13:40.355+0000] {logging_mixin.py:190} INFO - [2026-07-14T15:13:40.355+0000] {dag.py:3211} INFO - Sync 1 DAGs
[2026-07-14T15:13:40.377+0000] {logging_mixin.py:190} INFO - [2026-07-14T15:13:40.377+0000] {dag.py:4138} INFO - Setting next_dagrun for airflow_sanity_check to None, run_after=None
[2026-07-14T15:13:40.405+0000] {processor.py:208} INFO - Processing /opt/airflow/dags/sanity_checks.py took 0.127 seconds
[2026-07-14T15:14:10.721+0000] {processor.py:186} INFO - Started process (PID=3401) to work on /opt/airflow/dags/sanity_checks.py
[2026-07-14T15:14:10.722+0000] {processor.py:914} INFO - Processing file /opt/airflow/dags/sanity_checks.py for tasks to queue
[2026-07-14T15:14:10.726+0000] {logging_mixin.py:190} INFO - [2026-07-14T15:14:10.726+0000] {dagbag.py:587} INFO - Filling up the DagBag from /opt/airflow/dags/sanity_checks.py
[2026-07-14T15:14:10.747+0000] {processor.py:925} INFO - DAG(s) 'airflow_sanity_check' retrieved from /opt/airflow/dags/sanity_checks.py
[2026-07-14T15:14:10.799+0000] {logging_mixin.py:190} INFO - [2026-07-14T15:14:10.799+0000] {dag.py:3211} INFO - Sync 1 DAGs
[2026-07-14T15:14:10.828+0000] {logging_mixin.py:190} INFO - [2026-07-14T15:14:10.827+0000] {dag.py:4138} INFO - Setting next_dagrun for airflow_sanity_check to None, run_after=None
[2026-07-14T15:14:11.083+0000] {processor.py:208} INFO - Processing /opt/airflow/dags/sanity_checks.py took 0.376 seconds
[2026-07-14T15:14:41.436+0000] {processor.py:186} INFO - Started process (PID=3411) to work on /opt/airflow/dags/sanity_checks.py
[2026-07-14T15:14:41.438+0000] {processor.py:914} INFO - Processing file /opt/airflow/dags/sanity_checks.py for tasks to queue
[2026-07-14T15:14:41.442+0000] {logging_mixin.py:190} INFO - [2026-07-14T15:14:41.442+0000] {dagbag.py:587} INFO - Filling up the DagBag from /opt/airflow/dags/sanity_checks.py
[2026-07-14T15:14:41.458+0000] {processor.py:925} INFO - DAG(s) 'airflow_sanity_check' retrieved from /opt/airflow/dags/sanity_checks.py
[2026-07-14T15:14:41.502+0000] {logging_mixin.py:190} INFO - [2026-07-14T15:14:41.502+0000] {dag.py:3211} INFO - Sync 1 DAGs
[2026-07-14T15:14:41.758+0000] {logging_mixin.py:190} INFO - [2026-07-14T15:14:41.758+0000] {dag.py:4138} INFO - Setting next_dagrun for airflow_sanity_check to None, run_after=None
[2026-07-14T15:14:41.821+0000] {processor.py:208} INFO - Processing /opt/airflow/dags/sanity_checks.py took 0.395 seconds
[2026-07-14T15:15:12.141+0000] {processor.py:186} INFO - Started process (PID=3421) to work on /opt/airflow/dags/sanity_checks.py
[2026-07-14T15:15:12.142+0000] {processor.py:914} INFO - Processing file /opt/airflow/dags/sanity_checks.py for tasks to queue
[2026-07-14T15:15:12.146+0000] {logging_mixin.py:190} INFO - [2026-07-14T15:15:12.146+0000] {dagbag.py:587} INFO - Filling up the DagBag from /opt/airflow/dags/sanity_checks.py
[2026-07-14T15:15:12.162+0000] {processor.py:925} INFO - DAG(s) 'airflow_sanity_check' retrieved from /opt/airflow/dags/sanity_checks.py
[2026-07-14T15:15:12.383+0000] {logging_mixin.py:190} INFO - [2026-07-14T15:15:12.382+0000] {dag.py:3211} INFO - Sync 1 DAGs
[2026-07-14T15:15:12.400+0000] {logging_mixin.py:190} INFO - [2026-07-14T15:15:12.400+0000] {dag.py:4138} INFO - Setting next_dagrun for airflow_sanity_check to None, run_after=None
[2026-07-14T15:15:12.425+0000] {processor.py:208} INFO - Processing /opt/airflow/dags/sanity_checks.py took 0.293 seconds
[2026-07-14T15:15:42.743+0000] {processor.py:186} INFO - Started process (PID=3431) to work on /opt/airflow/dags/sanity_checks.py
[2026-07-14T15:15:42.744+0000] {processor.py:914} INFO - Processing file /opt/airflow/dags/sanity_checks.py for tasks to queue
[2026-07-14T15:15:42.747+0000] {logging_mixin.py:190} INFO - [2026-07-14T15:15:42.747+0000] {dagbag.py:587} INFO - Filling up the DagBag from /opt/airflow/dags/sanity_checks.py
[2026-07-14T15:15:42.763+0000] {processor.py:925} INFO - DAG(s) 'airflow_sanity_check' retrieved from /opt/airflow/dags/sanity_checks.py
[2026-07-14T15:15:42.805+0000] {logging_mixin.py:190} INFO - [2026-07-14T15:15:42.805+0000] {dag.py:3211} INFO - Sync 1 DAGs
[2026-07-14T15:15:42.826+0000] {logging_mixin.py:190} INFO - [2026-07-14T15:15:42.826+0000] {dag.py:4138} INFO - Setting next_dagrun for airflow_sanity_check to None, run_after=None
[2026-07-14T15:15:42.850+0000] {processor.py:208} INFO - Processing /opt/airflow/dags/sanity_checks.py took 0.117 seconds
[2026-07-14T15:16:13.147+0000] {processor.py:186} INFO - Started process (PID=3441) to work on /opt/airflow/dags/sanity_checks.py
[2026-07-14T15:16:13.148+0000] {processor.py:914} INFO - Processing file /opt/airflow/dags/sanity_checks.py for tasks to queue
[2026-07-14T15:16:13.151+0000] {logging_mixin.py:190} INFO - [2026-07-14T15:16:13.151+0000] {dagbag.py:587} INFO - Filling up the DagBag from /opt/airflow/dags/sanity_checks.py
[2026-07-14T15:16:13.167+0000] {processor.py:925} INFO - DAG(s) 'airflow_sanity_check' retrieved from /opt/airflow/dags/sanity_checks.py
[2026-07-14T15:16:13.209+0000] {logging_mixin.py:190} INFO - [2026-07-14T15:16:13.208+0000] {dag.py:3211} INFO - Sync 1 DAGs
[2026-07-14T15:16:13.235+0000] {logging_mixin.py:190} INFO - [2026-07-14T15:16:13.234+0000] {dag.py:4138} INFO - Setting next_dagrun for airflow_sanity_check to None, run_after=None
[2026-07-14T15:16:13.261+0000] {processor.py:208} INFO - Processing /opt/airflow/dags/sanity_checks.py took 0.124 seconds
[2026-07-14T15:16:43.603+0000] {processor.py:186} INFO - Started process (PID=3451) to work on /opt/airflow/dags/sanity_checks.py
[2026-07-14T15:16:43.605+0000] {processor.py:914} INFO - Processing file /opt/airflow/dags/sanity_checks.py for tasks to queue
[2026-07-14T15:16:43.609+0000] {logging_mixin.py:190} INFO - [2026-07-14T15:16:43.608+0000] {dagbag.py:587} INFO - Filling up the DagBag from /opt/airflow/dags/sanity_checks.py
[2026-07-14T15:16:43.628+0000] {processor.py:925} INFO - DAG(s) 'airflow_sanity_check' retrieved from /opt/airflow/dags/sanity_checks.py
[2026-07-14T15:16:43.676+0000] {logging_mixin.py:190} INFO - [2026-07-14T15:16:43.675+0000] {dag.py:3211} INFO - Sync 1 DAGs
[2026-07-14T15:16:43.698+0000] {logging_mixin.py:190} INFO - [2026-07-14T15:16:43.698+0000] {dag.py:4138} INFO - Setting next_dagrun for airflow_sanity_check to None, run_after=None
[2026-07-14T15:16:43.725+0000] {processor.py:208} INFO - Processing /opt/airflow/dags/sanity_checks.py took 0.132 seconds
[2026-07-14T15:17:14.047+0000] {processor.py:186} INFO - Started process (PID=3461) to work on /opt/airflow/dags/sanity_checks.py
[2026-07-14T15:17:14.048+0000] {processor.py:914} INFO - Processing file /opt/airflow/dags/sanity_checks.py for tasks to queue
[2026-07-14T15:17:14.054+0000] {logging_mixin.py:190} INFO - [2026-07-14T15:17:14.053+0000] {dagbag.py:587} INFO - Filling up the DagBag from /opt/airflow/dags/sanity_checks.py
[2026-07-14T15:17:14.073+0000] {processor.py:925} INFO - DAG(s) 'airflow_sanity_check' retrieved from /opt/airflow/dags/sanity_checks.py
[2026-07-14T15:17:14.114+0000] {logging_mixin.py:190} INFO - [2026-07-14T15:17:14.114+0000] {dag.py:3211} INFO - Sync 1 DAGs
[2026-07-14T15:17:14.138+0000] {logging_mixin.py:190} INFO - [2026-07-14T15:17:14.138+0000] {dag.py:4138} INFO - Setting next_dagrun for airflow_sanity_check to None, run_after=None
[2026-07-14T15:17:14.366+0000] {processor.py:208} INFO - Processing /opt/airflow/dags/sanity_checks.py took 0.327 seconds
[2026-07-14T15:17:44.700+0000] {processor.py:186} INFO - Started process (PID=3471) to work on /opt/airflow/dags/sanity_checks.py
[2026-07-14T15:17:44.701+0000] {processor.py:914} INFO - Processing file /opt/airflow/dags/sanity_checks.py for tasks to queue
[2026-07-14T15:17:44.706+0000] {logging_mixin.py:190} INFO - [2026-07-14T15:17:44.705+0000] {dagbag.py:587} INFO - Filling up the DagBag from /opt/airflow/dags/sanity_checks.py
[2026-07-14T15:17:44.725+0000] {processor.py:925} INFO - DAG(s) 'airflow_sanity_check' retrieved from /opt/airflow/dags/sanity_checks.py
[2026-07-14T15:17:44.768+0000] {logging_mixin.py:190} INFO - [2026-07-14T15:17:44.767+0000] {dag.py:3211} INFO - Sync 1 DAGs
[2026-07-14T15:17:44.963+0000] {logging_mixin.py:190} INFO - [2026-07-14T15:17:44.962+0000] {dag.py:4138} INFO - Setting next_dagrun for airflow_sanity_check to None, run_after=None
[2026-07-14T15:17:44.986+0000] {processor.py:208} INFO - Processing /opt/airflow/dags/sanity_checks.py took 0.295 seconds
[2026-07-14T15:18:15.308+0000] {processor.py:186} INFO - Started process (PID=3481) to work on /opt/airflow/dags/sanity_checks.py
[2026-07-14T15:18:15.310+0000] {processor.py:914} INFO - Processing file /opt/airflow/dags/sanity_checks.py for tasks to queue
[2026-07-14T15:18:15.314+0000] {logging_mixin.py:190} INFO - [2026-07-14T15:18:15.313+0000] {dagbag.py:587} INFO - Filling up the DagBag from /opt/airflow/dags/sanity_checks.py
[2026-07-14T15:18:15.329+0000] {processor.py:925} INFO - DAG(s) 'airflow_sanity_check' retrieved from /opt/airflow/dags/sanity_checks.py
[2026-07-14T15:18:15.544+0000] {logging_mixin.py:190} INFO - [2026-07-14T15:18:15.543+0000] {dag.py:3211} INFO - Sync 1 DAGs
[2026-07-14T15:18:15.567+0000] {logging_mixin.py:190} INFO - [2026-07-14T15:18:15.567+0000] {dag.py:4138} INFO - Setting next_dagrun for airflow_sanity_check to None, run_after=None
[2026-07-14T15:18:15.594+0000] {processor.py:208} INFO - Processing /opt/airflow/dags/sanity_checks.py took 0.294 seconds
[2026-07-14T15:18:45.976+0000] {processor.py:186} INFO - Started process (PID=3491) to work on /opt/airflow/dags/sanity_checks.py
[2026-07-14T15:18:45.977+0000] {processor.py:914} INFO - Processing file /opt/airflow/dags/sanity_checks.py for tasks to queue
[2026-07-14T15:18:45.981+0000] {logging_mixin.py:190} INFO - [2026-07-14T15:18:45.981+0000] {dagbag.py:587} INFO - Filling up the DagBag from /opt/airflow/dags/sanity_checks.py
[2026-07-14T15:18:45.998+0000] {processor.py:925} INFO - DAG(s) 'airflow_sanity_check' retrieved from /opt/airflow/dags/sanity_checks.py
[2026-07-14T15:18:46.042+0000] {logging_mixin.py:190} INFO - [2026-07-14T15:18:46.042+0000] {dag.py:3211} INFO - Sync 1 DAGs
[2026-07-14T15:18:46.064+0000] {logging_mixin.py:190} INFO - [2026-07-14T15:18:46.064+0000] {dag.py:4138} INFO - Setting next_dagrun for airflow_sanity_check to None, run_after=None
[2026-07-14T15:18:46.093+0000] {processor.py:208} INFO - Processing /opt/airflow/dags/sanity_checks.py took 0.127 seconds
[2026-07-14T15:19:16.512+0000] {processor.py:186} INFO - Started process (PID=3501) to work on /opt/airflow/dags/sanity_checks.py
[2026-07-14T15:19:16.513+0000] {processor.py:914} INFO - Processing file /opt/airflow/dags/sanity_checks.py for tasks to queue
[2026-07-14T15:19:16.519+0000] {logging_mixin.py:190} INFO - [2026-07-14T15:19:16.518+0000] {dagbag.py:587} INFO - Filling up the DagBag from /opt/airflow/dags/sanity_checks.py
[2026-07-14T15:19:16.537+0000] {processor.py:925} INFO - DAG(s) 'airflow_sanity_check' retrieved from /opt/airflow/dags/sanity_checks.py
[2026-07-14T15:19:16.590+0000] {logging_mixin.py:190} INFO - [2026-07-14T15:19:16.590+0000] {dag.py:3211} INFO - Sync 1 DAGs
[2026-07-14T15:19:16.617+0000] {logging_mixin.py:190} INFO - [2026-07-14T15:19:16.616+0000] {dag.py:4138} INFO - Setting next_dagrun for airflow_sanity_check to None, run_after=None
[2026-07-14T15:19:16.649+0000] {processor.py:208} INFO - Processing /opt/airflow/dags/sanity_checks.py took 0.146 seconds
[2026-07-14T15:19:46.995+0000] {processor.py:186} INFO - Started process (PID=3511) to work on /opt/airflow/dags/sanity_checks.py
[2026-07-14T15:19:46.996+0000] {processor.py:914} INFO - Processing file /opt/airflow/dags/sanity_checks.py for tasks to queue
[2026-07-14T15:19:46.999+0000] {logging_mixin.py:190} INFO - [2026-07-14T15:19:46.999+0000] {dagbag.py:587} INFO - Filling up the DagBag from /opt/airflow/dags/sanity_checks.py
[2026-07-14T15:19:47.015+0000] {processor.py:925} INFO - DAG(s) 'airflow_sanity_check' retrieved from /opt/airflow/dags/sanity_checks.py
[2026-07-14T15:19:47.058+0000] {logging_mixin.py:190} INFO - [2026-07-14T15:19:47.058+0000] {dag.py:3211} INFO - Sync 1 DAGs
[2026-07-14T15:19:47.080+0000] {logging_mixin.py:190} INFO - [2026-07-14T15:19:47.080+0000] {dag.py:4138} INFO - Setting next_dagrun for airflow_sanity_check to None, run_after=None
[2026-07-14T15:19:47.109+0000] {processor.py:208} INFO - Processing /opt/airflow/dags/sanity_checks.py took 0.123 seconds
[2026-07-14T15:20:17.453+0000] {processor.py:186} INFO - Started process (PID=3521) to work on /opt/airflow/dags/sanity_checks.py
[2026-07-14T15:20:17.454+0000] {processor.py:914} INFO - Processing file /opt/airflow/dags/sanity_checks.py for tasks to queue
[2026-07-14T15:20:17.458+0000] {logging_mixin.py:190} INFO - [2026-07-14T15:20:17.457+0000] {dagbag.py:587} INFO - Filling up the DagBag from /opt/airflow/dags/sanity_checks.py
[2026-07-14T15:20:17.474+0000] {processor.py:925} INFO - DAG(s) 'airflow_sanity_check' retrieved from /opt/airflow/dags/sanity_checks.py
[2026-07-14T15:20:17.515+0000] {logging_mixin.py:190} INFO - [2026-07-14T15:20:17.515+0000] {dag.py:3211} INFO - Sync 1 DAGs
[2026-07-14T15:20:17.722+0000] {logging_mixin.py:190} INFO - [2026-07-14T15:20:17.721+0000] {dag.py:4138} INFO - Setting next_dagrun for airflow_sanity_check to None, run_after=None
[2026-07-14T15:20:17.747+0000] {processor.py:208} INFO - Processing /opt/airflow/dags/sanity_checks.py took 0.303 seconds
[2026-07-14T15:20:48.068+0000] {processor.py:186} INFO - Started process (PID=3531) to work on /opt/airflow/dags/sanity_checks.py
[2026-07-14T15:20:48.070+0000] {processor.py:914} INFO - Processing file /opt/airflow/dags/sanity_checks.py for tasks to queue
[2026-07-14T15:20:48.074+0000] {logging_mixin.py:190} INFO - [2026-07-14T15:20:48.074+0000] {dagbag.py:587} INFO - Filling up the DagBag from /opt/airflow/dags/sanity_checks.py
[2026-07-14T15:20:48.091+0000] {processor.py:925} INFO - DAG(s) 'airflow_sanity_check' retrieved from /opt/airflow/dags/sanity_checks.py
[2026-07-14T15:20:48.326+0000] {logging_mixin.py:190} INFO - [2026-07-14T15:20:48.326+0000] {dag.py:3211} INFO - Sync 1 DAGs
[2026-07-14T15:20:48.345+0000] {logging_mixin.py:190} INFO - [2026-07-14T15:20:48.345+0000] {dag.py:4138} INFO - Setting next_dagrun for airflow_sanity_check to None, run_after=None
[2026-07-14T15:20:48.376+0000] {processor.py:208} INFO - Processing /opt/airflow/dags/sanity_checks.py took 0.317 seconds
[2026-07-14T15:21:18.701+0000] {processor.py:186} INFO - Started process (PID=3541) to work on /opt/airflow/dags/sanity_checks.py
[2026-07-14T15:21:18.703+0000] {processor.py:914} INFO - Processing file /opt/airflow/dags/sanity_checks.py for tasks to queue
[2026-07-14T15:21:18.707+0000] {logging_mixin.py:190} INFO - [2026-07-14T15:21:18.707+0000] {dagbag.py:587} INFO - Filling up the DagBag from /opt/airflow/dags/sanity_checks.py
[2026-07-14T15:21:18.726+0000] {processor.py:925} INFO - DAG(s) 'airflow_sanity_check' retrieved from /opt/airflow/dags/sanity_checks.py
[2026-07-14T15:21:18.995+0000] {logging_mixin.py:190} INFO - [2026-07-14T15:21:18.995+0000] {dag.py:3211} INFO - Sync 1 DAGs
[2026-07-14T15:21:19.014+0000] {logging_mixin.py:190} INFO - [2026-07-14T15:21:19.014+0000] {dag.py:4138} INFO - Setting next_dagrun for airflow_sanity_check to None, run_after=None
[2026-07-14T15:21:19.042+0000] {processor.py:208} INFO - Processing /opt/airflow/dags/sanity_checks.py took 0.352 seconds
[2026-07-14T15:21:49.382+0000] {processor.py:186} INFO - Started process (PID=3551) to work on /opt/airflow/dags/sanity_checks.py
[2026-07-14T15:21:49.384+0000] {processor.py:914} INFO - Processing file /opt/airflow/dags/sanity_checks.py for tasks to queue
[2026-07-14T15:21:49.388+0000] {logging_mixin.py:190} INFO - [2026-07-14T15:21:49.388+0000] {dagbag.py:587} INFO - Filling up the DagBag from /opt/airflow/dags/sanity_checks.py
[2026-07-14T15:21:49.405+0000] {processor.py:925} INFO - DAG(s) 'airflow_sanity_check' retrieved from /opt/airflow/dags/sanity_checks.py
[2026-07-14T15:21:49.456+0000] {logging_mixin.py:190} INFO - [2026-07-14T15:21:49.454+0000] {dag.py:3211} INFO - Sync 1 DAGs
[2026-07-14T15:21:49.480+0000] {logging_mixin.py:190} INFO - [2026-07-14T15:21:49.480+0000] {dag.py:4138} INFO - Setting next_dagrun for airflow_sanity_check to None, run_after=None
[2026-07-14T15:21:49.511+0000] {processor.py:208} INFO - Processing /opt/airflow/dags/sanity_checks.py took 0.138 seconds
[2026-07-14T15:22:20.003+0000] {processor.py:186} INFO - Started process (PID=3561) to work on /opt/airflow/dags/sanity_checks.py
[2026-07-14T15:22:20.005+0000] {processor.py:914} INFO - Processing file /opt/airflow/dags/sanity_checks.py for tasks to queue
[2026-07-14T15:22:20.009+0000] {logging_mixin.py:190} INFO - [2026-07-14T15:22:20.009+0000] {dagbag.py:587} INFO - Filling up the DagBag from /opt/airflow/dags/sanity_checks.py
[2026-07-14T15:22:20.027+0000] {processor.py:925} INFO - DAG(s) 'airflow_sanity_check' retrieved from /opt/airflow/dags/sanity_checks.py
[2026-07-14T15:22:20.072+0000] {logging_mixin.py:190} INFO - [2026-07-14T15:22:20.072+0000] {dag.py:3211} INFO - Sync 1 DAGs
[2026-07-14T15:22:20.093+0000] {logging_mixin.py:190} INFO - [2026-07-14T15:22:20.093+0000] {dag.py:4138} INFO - Setting next_dagrun for airflow_sanity_check to None, run_after=None
[2026-07-14T15:22:20.124+0000] {processor.py:208} INFO - Processing /opt/airflow/dags/sanity_checks.py took 0.132 seconds
[2026-07-14T15:22:50.421+0000] {processor.py:186} INFO - Started process (PID=3571) to work on /opt/airflow/dags/sanity_checks.py
[2026-07-14T15:22:50.423+0000] {processor.py:914} INFO - Processing file /opt/airflow/dags/sanity_checks.py for tasks to queue
[2026-07-14T15:22:50.428+0000] {logging_mixin.py:190} INFO - [2026-07-14T15:22:50.427+0000] {dagbag.py:587} INFO - Filling up the DagBag from /opt/airflow/dags/sanity_checks.py
[2026-07-14T15:22:50.443+0000] {processor.py:925} INFO - DAG(s) 'airflow_sanity_check' retrieved from /opt/airflow/dags/sanity_checks.py
[2026-07-14T15:22:50.484+0000] {logging_mixin.py:190} INFO - [2026-07-14T15:22:50.484+0000] {dag.py:3211} INFO - Sync 1 DAGs
[2026-07-14T15:22:50.506+0000] {logging_mixin.py:190} INFO - [2026-07-14T15:22:50.505+0000] {dag.py:4138} INFO - Setting next_dagrun for airflow_sanity_check to None, run_after=None
[2026-07-14T15:22:50.724+0000] {processor.py:208} INFO - Processing /opt/airflow/dags/sanity_checks.py took 0.311 seconds
[2026-07-14T15:23:21.119+0000] {processor.py:186} INFO - Started process (PID=3581) to work on /opt/airflow/dags/sanity_checks.py
[2026-07-14T15:23:21.121+0000] {processor.py:914} INFO - Processing file /opt/airflow/dags/sanity_checks.py for tasks to queue
[2026-07-14T15:23:21.124+0000] {logging_mixin.py:190} INFO - [2026-07-14T15:23:21.124+0000] {dagbag.py:587} INFO - Filling up the DagBag from /opt/airflow/dags/sanity_checks.py
[2026-07-14T15:23:21.140+0000] {processor.py:925} INFO - DAG(s) 'airflow_sanity_check' retrieved from /opt/airflow/dags/sanity_checks.py
[2026-07-14T15:23:21.185+0000] {logging_mixin.py:190} INFO - [2026-07-14T15:23:21.185+0000] {dag.py:3211} INFO - Sync 1 DAGs
[2026-07-14T15:23:21.388+0000] {logging_mixin.py:190} INFO - [2026-07-14T15:23:21.388+0000] {dag.py:4138} INFO - Setting next_dagrun for airflow_sanity_check to None, run_after=None
[2026-07-14T15:23:21.414+0000] {processor.py:208} INFO - Processing /opt/airflow/dags/sanity_checks.py took 0.305 seconds
[2026-07-14T15:23:51.744+0000] {processor.py:186} INFO - Started process (PID=3591) to work on /opt/airflow/dags/sanity_checks.py
[2026-07-14T15:23:51.746+0000] {processor.py:914} INFO - Processing file /opt/airflow/dags/sanity_checks.py for tasks to queue
[2026-07-14T15:23:51.750+0000] {logging_mixin.py:190} INFO - [2026-07-14T15:23:51.750+0000] {dagbag.py:587} INFO - Filling up the DagBag from /opt/airflow/dags/sanity_checks.py
[2026-07-14T15:23:51.773+0000] {processor.py:925} INFO - DAG(s) 'airflow_sanity_check' retrieved from /opt/airflow/dags/sanity_checks.py
[2026-07-14T15:23:52.030+0000] {logging_mixin.py:190} INFO - [2026-07-14T15:23:52.029+0000] {dag.py:3211} INFO - Sync 1 DAGs
[2026-07-14T15:23:52.048+0000] {logging_mixin.py:190} INFO - [2026-07-14T15:23:52.048+0000] {dag.py:4138} INFO - Setting next_dagrun for airflow_sanity_check to None, run_after=None
[2026-07-14T15:23:52.072+0000] {processor.py:208} INFO - Processing /opt/airflow/dags/sanity_checks.py took 0.342 seconds
[2026-07-14T15:24:22.500+0000] {processor.py:186} INFO - Started process (PID=3601) to work on /opt/airflow/dags/sanity_checks.py
[2026-07-14T15:24:22.502+0000] {processor.py:914} INFO - Processing file /opt/airflow/dags/sanity_checks.py for tasks to queue
[2026-07-14T15:24:22.505+0000] {logging_mixin.py:190} INFO - [2026-07-14T15:24:22.505+0000] {dagbag.py:587} INFO - Filling up the DagBag from /opt/airflow/dags/sanity_checks.py
[2026-07-14T15:24:22.698+0000] {processor.py:925} INFO - DAG(s) 'airflow_sanity_check' retrieved from /opt/airflow/dags/sanity_checks.py
[2026-07-14T15:24:22.737+0000] {logging_mixin.py:190} INFO - [2026-07-14T15:24:22.737+0000] {dag.py:3211} INFO - Sync 1 DAGs
[2026-07-14T15:24:22.755+0000] {logging_mixin.py:190} INFO - [2026-07-14T15:24:22.755+0000] {dag.py:4138} INFO - Setting next_dagrun for airflow_sanity_check to None, run_after=None
[2026-07-14T15:24:22.779+0000] {processor.py:208} INFO - Processing /opt/airflow/dags/sanity_checks.py took 0.288 seconds
[2026-07-14T15:24:52.936+0000] {processor.py:186} INFO - Started process (PID=3611) to work on /opt/airflow/dags/sanity_checks.py
[2026-07-14T15:24:52.938+0000] {processor.py:914} INFO - Processing file /opt/airflow/dags/sanity_checks.py for tasks to queue
[2026-07-14T15:24:52.942+0000] {logging_mixin.py:190} INFO - [2026-07-14T15:24:52.942+0000] {dagbag.py:587} INFO - Filling up the DagBag from /opt/airflow/dags/sanity_checks.py
[2026-07-14T15:24:52.961+0000] {processor.py:925} INFO - DAG(s) 'airflow_sanity_check' retrieved from /opt/airflow/dags/sanity_checks.py
[2026-07-14T15:24:53.003+0000] {logging_mixin.py:190} INFO - [2026-07-14T15:24:53.002+0000] {dag.py:3211} INFO - Sync 1 DAGs
[2026-07-14T15:24:53.023+0000] {logging_mixin.py:190} INFO - [2026-07-14T15:24:53.023+0000] {dag.py:4138} INFO - Setting next_dagrun for airflow_sanity_check to None, run_after=None
[2026-07-14T15:24:53.050+0000] {processor.py:208} INFO - Processing /opt/airflow/dags/sanity_checks.py took 0.122 seconds
[2026-07-14T15:25:23.364+0000] {processor.py:186} INFO - Started process (PID=3621) to work on /opt/airflow/dags/sanity_checks.py
[2026-07-14T15:25:23.366+0000] {processor.py:914} INFO - Processing file /opt/airflow/dags/sanity_checks.py for tasks to queue
[2026-07-14T15:25:23.370+0000] {logging_mixin.py:190} INFO - [2026-07-14T15:25:23.369+0000] {dagbag.py:587} INFO - Filling up the DagBag from /opt/airflow/dags/sanity_checks.py
[2026-07-14T15:25:23.386+0000] {processor.py:925} INFO - DAG(s) 'airflow_sanity_check' retrieved from /opt/airflow/dags/sanity_checks.py
[2026-07-14T15:25:23.431+0000] {logging_mixin.py:190} INFO - [2026-07-14T15:25:23.431+0000] {dag.py:3211} INFO - Sync 1 DAGs
[2026-07-14T15:25:23.453+0000] {logging_mixin.py:190} INFO - [2026-07-14T15:25:23.453+0000] {dag.py:4138} INFO - Setting next_dagrun for airflow_sanity_check to None, run_after=None
[2026-07-14T15:25:23.484+0000] {processor.py:208} INFO - Processing /opt/airflow/dags/sanity_checks.py took 0.129 seconds
[2026-07-14T15:25:53.802+0000] {processor.py:186} INFO - Started process (PID=3631) to work on /opt/airflow/dags/sanity_checks.py
[2026-07-14T15:25:53.804+0000] {processor.py:914} INFO - Processing file /opt/airflow/dags/sanity_checks.py for tasks to queue
[2026-07-14T15:25:53.807+0000] {logging_mixin.py:190} INFO - [2026-07-14T15:25:53.807+0000] {dagbag.py:587} INFO - Filling up the DagBag from /opt/airflow/dags/sanity_checks.py
[2026-07-14T15:25:53.824+0000] {processor.py:925} INFO - DAG(s) 'airflow_sanity_check' retrieved from /opt/airflow/dags/sanity_checks.py
[2026-07-14T15:25:53.867+0000] {logging_mixin.py:190} INFO - [2026-07-14T15:25:53.867+0000] {dag.py:3211} INFO - Sync 1 DAGs
[2026-07-14T15:25:53.890+0000] {logging_mixin.py:190} INFO - [2026-07-14T15:25:53.890+0000] {dag.py:4138} INFO - Setting next_dagrun for airflow_sanity_check to None, run_after=None
[2026-07-14T15:25:53.918+0000] {processor.py:208} INFO - Processing /opt/airflow/dags/sanity_checks.py took 0.128 seconds
[2026-07-14T15:26:24.239+0000] {processor.py:186} INFO - Started process (PID=3641) to work on /opt/airflow/dags/sanity_checks.py
[2026-07-14T15:26:24.241+0000] {processor.py:914} INFO - Processing file /opt/airflow/dags/sanity_checks.py for tasks to queue
[2026-07-14T15:26:24.245+0000] {logging_mixin.py:190} INFO - [2026-07-14T15:26:24.244+0000] {dagbag.py:587} INFO - Filling up the DagBag from /opt/airflow/dags/sanity_checks.py
[2026-07-14T15:26:24.262+0000] {processor.py:925} INFO - DAG(s) 'airflow_sanity_check' retrieved from /opt/airflow/dags/sanity_checks.py
[2026-07-14T15:26:24.310+0000] {logging_mixin.py:190} INFO - [2026-07-14T15:26:24.310+0000] {dag.py:3211} INFO - Sync 1 DAGs
[2026-07-14T15:26:24.334+0000] {logging_mixin.py:190} INFO - [2026-07-14T15:26:24.334+0000] {dag.py:4138} INFO - Setting next_dagrun for airflow_sanity_check to None, run_after=None
[2026-07-14T15:26:24.365+0000] {processor.py:208} INFO - Processing /opt/airflow/dags/sanity_checks.py took 0.135 seconds
[2026-07-14T15:26:54.683+0000] {processor.py:186} INFO - Started process (PID=3651) to work on /opt/airflow/dags/sanity_checks.py
[2026-07-14T15:26:54.684+0000] {processor.py:914} INFO - Processing file /opt/airflow/dags/sanity_checks.py for tasks to queue
[2026-07-14T15:26:54.688+0000] {logging_mixin.py:190} INFO - [2026-07-14T15:26:54.688+0000] {dagbag.py:587} INFO - Filling up the DagBag from /opt/airflow/dags/sanity_checks.py
[2026-07-14T15:26:54.707+0000] {processor.py:925} INFO - DAG(s) 'airflow_sanity_check' retrieved from /opt/airflow/dags/sanity_checks.py
[2026-07-14T15:26:54.761+0000] {logging_mixin.py:190} INFO - [2026-07-14T15:26:54.760+0000] {dag.py:3211} INFO - Sync 1 DAGs
[2026-07-14T15:26:54.787+0000] {logging_mixin.py:190} INFO - [2026-07-14T15:26:54.787+0000] {dag.py:4138} INFO - Setting next_dagrun for airflow_sanity_check to None, run_after=None
[2026-07-14T15:26:54.818+0000] {processor.py:208} INFO - Processing /opt/airflow/dags/sanity_checks.py took 0.145 seconds
[2026-07-14T15:27:25.161+0000] {processor.py:186} INFO - Started process (PID=3661) to work on /opt/airflow/dags/sanity_checks.py
[2026-07-14T15:27:25.165+0000] {processor.py:914} INFO - Processing file /opt/airflow/dags/sanity_checks.py for tasks to queue
[2026-07-14T15:27:25.168+0000] {logging_mixin.py:190} INFO - [2026-07-14T15:27:25.168+0000] {dagbag.py:587} INFO - Filling up the DagBag from /opt/airflow/dags/sanity_checks.py
[2026-07-14T15:27:25.184+0000] {processor.py:925} INFO - DAG(s) 'airflow_sanity_check' retrieved from /opt/airflow/dags/sanity_checks.py
[2026-07-14T15:27:25.231+0000] {logging_mixin.py:190} INFO - [2026-07-14T15:27:25.231+0000] {dag.py:3211} INFO - Sync 1 DAGs
[2026-07-14T15:27:25.252+0000] {logging_mixin.py:190} INFO - [2026-07-14T15:27:25.251+0000] {dag.py:4138} INFO - Setting next_dagrun for airflow_sanity_check to None, run_after=None
[2026-07-14T15:27:25.279+0000] {processor.py:208} INFO - Processing /opt/airflow/dags/sanity_checks.py took 0.127 seconds
[2026-07-14T15:27:55.587+0000] {processor.py:186} INFO - Started process (PID=3671) to work on /opt/airflow/dags/sanity_checks.py
[2026-07-14T15:27:55.589+0000] {processor.py:914} INFO - Processing file /opt/airflow/dags/sanity_checks.py for tasks to queue
[2026-07-14T15:27:55.593+0000] {logging_mixin.py:190} INFO - [2026-07-14T15:27:55.592+0000] {dagbag.py:587} INFO - Filling up the DagBag from /opt/airflow/dags/sanity_checks.py
[2026-07-14T15:27:55.610+0000] {processor.py:925} INFO - DAG(s) 'airflow_sanity_check' retrieved from /opt/airflow/dags/sanity_checks.py
[2026-07-14T15:27:55.658+0000] {logging_mixin.py:190} INFO - [2026-07-14T15:27:55.657+0000] {dag.py:3211} INFO - Sync 1 DAGs
[2026-07-14T15:27:55.685+0000] {logging_mixin.py:190} INFO - [2026-07-14T15:27:55.685+0000] {dag.py:4138} INFO - Setting next_dagrun for airflow_sanity_check to None, run_after=None
[2026-07-14T15:27:55.720+0000] {processor.py:208} INFO - Processing /opt/airflow/dags/sanity_checks.py took 0.143 seconds
[2026-07-14T15:28:25.895+0000] {processor.py:186} INFO - Started process (PID=3681) to work on /opt/airflow/dags/sanity_checks.py
[2026-07-14T15:28:25.897+0000] {processor.py:914} INFO - Processing file /opt/airflow/dags/sanity_checks.py for tasks to queue
[2026-07-14T15:28:25.900+0000] {logging_mixin.py:190} INFO - [2026-07-14T15:28:25.900+0000] {dagbag.py:587} INFO - Filling up the DagBag from /opt/airflow/dags/sanity_checks.py
[2026-07-14T15:28:25.916+0000] {processor.py:925} INFO - DAG(s) 'airflow_sanity_check' retrieved from /opt/airflow/dags/sanity_checks.py
[2026-07-14T15:28:25.960+0000] {logging_mixin.py:190} INFO - [2026-07-14T15:28:25.960+0000] {dag.py:3211} INFO - Sync 1 DAGs
[2026-07-14T15:28:25.982+0000] {logging_mixin.py:190} INFO - [2026-07-14T15:28:25.982+0000] {dag.py:4138} INFO - Setting next_dagrun for airflow_sanity_check to None, run_after=None
[2026-07-14T15:28:26.011+0000] {processor.py:208} INFO - Processing /opt/airflow/dags/sanity_checks.py took 0.125 seconds
[2026-07-14T15:28:56.484+0000] {processor.py:186} INFO - Started process (PID=3691) to work on /opt/airflow/dags/sanity_checks.py
[2026-07-14T15:28:56.487+0000] {processor.py:914} INFO - Processing file /opt/airflow/dags/sanity_checks.py for tasks to queue
[2026-07-14T15:28:56.492+0000] {logging_mixin.py:190} INFO - [2026-07-14T15:28:56.492+0000] {dagbag.py:587} INFO - Filling up the DagBag from /opt/airflow/dags/sanity_checks.py
[2026-07-14T15:28:56.508+0000] {processor.py:925} INFO - DAG(s) 'airflow_sanity_check' retrieved from /opt/airflow/dags/sanity_checks.py
[2026-07-14T15:28:56.548+0000] {logging_mixin.py:190} INFO - [2026-07-14T15:28:56.548+0000] {dag.py:3211} INFO - Sync 1 DAGs
[2026-07-14T15:28:56.570+0000] {logging_mixin.py:190} INFO - [2026-07-14T15:28:56.570+0000] {dag.py:4138} INFO - Setting next_dagrun for airflow_sanity_check to None, run_after=None
[2026-07-14T15:28:56.598+0000] {processor.py:208} INFO - Processing /opt/airflow/dags/sanity_checks.py took 0.123 seconds
[2026-07-14T15:29:26.901+0000] {processor.py:186} INFO - Started process (PID=3701) to work on /opt/airflow/dags/sanity_checks.py
[2026-07-14T15:29:26.902+0000] {processor.py:914} INFO - Processing file /opt/airflow/dags/sanity_checks.py for tasks to queue
[2026-07-14T15:29:26.907+0000] {logging_mixin.py:190} INFO - [2026-07-14T15:29:26.906+0000] {dagbag.py:587} INFO - Filling up the DagBag from /opt/airflow/dags/sanity_checks.py
[2026-07-14T15:29:26.922+0000] {processor.py:925} INFO - DAG(s) 'airflow_sanity_check' retrieved from /opt/airflow/dags/sanity_checks.py
[2026-07-14T15:29:26.966+0000] {logging_mixin.py:190} INFO - [2026-07-14T15:29:26.965+0000] {dag.py:3211} INFO - Sync 1 DAGs
[2026-07-14T15:29:26.986+0000] {logging_mixin.py:190} INFO - [2026-07-14T15:29:26.986+0000] {dag.py:4138} INFO - Setting next_dagrun for airflow_sanity_check to None, run_after=None
[2026-07-14T15:29:27.014+0000] {processor.py:208} INFO - Processing /opt/airflow/dags/sanity_checks.py took 0.123 seconds
[2026-07-14T15:29:57.333+0000] {processor.py:186} INFO - Started process (PID=3711) to work on /opt/airflow/dags/sanity_checks.py
[2026-07-14T15:29:57.335+0000] {processor.py:914} INFO - Processing file /opt/airflow/dags/sanity_checks.py for tasks to queue
[2026-07-14T15:29:57.338+0000] {logging_mixin.py:190} INFO - [2026-07-14T15:29:57.338+0000] {dagbag.py:587} INFO - Filling up the DagBag from /opt/airflow/dags/sanity_checks.py
[2026-07-14T15:29:57.353+0000] {processor.py:925} INFO - DAG(s) 'airflow_sanity_check' retrieved from /opt/airflow/dags/sanity_checks.py
[2026-07-14T15:29:57.395+0000] {logging_mixin.py:190} INFO - [2026-07-14T15:29:57.394+0000] {dag.py:3211} INFO - Sync 1 DAGs
[2026-07-14T15:29:57.419+0000] {logging_mixin.py:190} INFO - [2026-07-14T15:29:57.419+0000] {dag.py:4138} INFO - Setting next_dagrun for airflow_sanity_check to None, run_after=None
[2026-07-14T15:29:57.448+0000] {processor.py:208} INFO - Processing /opt/airflow/dags/sanity_checks.py took 0.124 seconds
[2026-07-14T15:30:27.759+0000] {processor.py:186} INFO - Started process (PID=3721) to work on /opt/airflow/dags/sanity_checks.py
[2026-07-14T15:30:27.761+0000] {processor.py:914} INFO - Processing file /opt/airflow/dags/sanity_checks.py for tasks to queue
[2026-07-14T15:30:27.764+0000] {logging_mixin.py:190} INFO - [2026-07-14T15:30:27.764+0000] {dagbag.py:587} INFO - Filling up the DagBag from /opt/airflow/dags/sanity_checks.py
[2026-07-14T15:30:27.780+0000] {processor.py:925} INFO - DAG(s) 'airflow_sanity_check' retrieved from /opt/airflow/dags/sanity_checks.py
[2026-07-14T15:30:27.824+0000] {logging_mixin.py:190} INFO - [2026-07-14T15:30:27.823+0000] {dag.py:3211} INFO - Sync 1 DAGs
[2026-07-14T15:30:27.845+0000] {logging_mixin.py:190} INFO - [2026-07-14T15:30:27.845+0000] {dag.py:4138} INFO - Setting next_dagrun for airflow_sanity_check to None, run_after=None
[2026-07-14T15:30:27.875+0000] {processor.py:208} INFO - Processing /opt/airflow/dags/sanity_checks.py took 0.125 seconds
[2026-07-14T15:30:58.188+0000] {processor.py:186} INFO - Started process (PID=3731) to work on /opt/airflow/dags/sanity_checks.py
[2026-07-14T15:30:58.190+0000] {processor.py:914} INFO - Processing file /opt/airflow/dags/sanity_checks.py for tasks to queue
[2026-07-14T15:30:58.193+0000] {logging_mixin.py:190} INFO - [2026-07-14T15:30:58.193+0000] {dagbag.py:587} INFO - Filling up the DagBag from /opt/airflow/dags/sanity_checks.py
[2026-07-14T15:30:58.209+0000] {processor.py:925} INFO - DAG(s) 'airflow_sanity_check' retrieved from /opt/airflow/dags/sanity_checks.py
[2026-07-14T15:30:58.251+0000] {logging_mixin.py:190} INFO - [2026-07-14T15:30:58.250+0000] {dag.py:3211} INFO - Sync 1 DAGs
[2026-07-14T15:30:58.271+0000] {logging_mixin.py:190} INFO - [2026-07-14T15:30:58.271+0000] {dag.py:4138} INFO - Setting next_dagrun for airflow_sanity_check to None, run_after=None
[2026-07-14T15:30:58.300+0000] {processor.py:208} INFO - Processing /opt/airflow/dags/sanity_checks.py took 0.121 seconds
[2026-07-14T15:31:28.605+0000] {processor.py:186} INFO - Started process (PID=3741) to work on /opt/airflow/dags/sanity_checks.py
[2026-07-14T15:31:28.606+0000] {processor.py:914} INFO - Processing file /opt/airflow/dags/sanity_checks.py for tasks to queue
[2026-07-14T15:31:28.610+0000] {logging_mixin.py:190} INFO - [2026-07-14T15:31:28.609+0000] {dagbag.py:587} INFO - Filling up the DagBag from /opt/airflow/dags/sanity_checks.py
[2026-07-14T15:31:28.626+0000] {processor.py:925} INFO - DAG(s) 'airflow_sanity_check' retrieved from /opt/airflow/dags/sanity_checks.py
[2026-07-14T15:31:28.669+0000] {logging_mixin.py:190} INFO - [2026-07-14T15:31:28.668+0000] {dag.py:3211} INFO - Sync 1 DAGs
[2026-07-14T15:31:28.691+0000] {logging_mixin.py:190} INFO - [2026-07-14T15:31:28.691+0000] {dag.py:4138} INFO - Setting next_dagrun for airflow_sanity_check to None, run_after=None
[2026-07-14T15:31:28.718+0000] {processor.py:208} INFO - Processing /opt/airflow/dags/sanity_checks.py took 0.122 seconds
[2026-07-14T15:31:59.051+0000] {processor.py:186} INFO - Started process (PID=3751) to work on /opt/airflow/dags/sanity_checks.py
[2026-07-14T15:31:59.053+0000] {processor.py:914} INFO - Processing file /opt/airflow/dags/sanity_checks.py for tasks to queue
[2026-07-14T15:31:59.056+0000] {logging_mixin.py:190} INFO - [2026-07-14T15:31:59.056+0000] {dagbag.py:587} INFO - Filling up the DagBag from /opt/airflow/dags/sanity_checks.py
[2026-07-14T15:31:59.073+0000] {processor.py:925} INFO - DAG(s) 'airflow_sanity_check' retrieved from /opt/airflow/dags/sanity_checks.py
[2026-07-14T15:31:59.116+0000] {logging_mixin.py:190} INFO - [2026-07-14T15:31:59.116+0000] {dag.py:3211} INFO - Sync 1 DAGs
[2026-07-14T15:31:59.138+0000] {logging_mixin.py:190} INFO - [2026-07-14T15:31:59.138+0000] {dag.py:4138} INFO - Setting next_dagrun for airflow_sanity_check to None, run_after=None
[2026-07-14T15:31:59.164+0000] {processor.py:208} INFO - Processing /opt/airflow/dags/sanity_checks.py took 0.122 seconds
[2026-07-14T15:32:29.498+0000] {processor.py:186} INFO - Started process (PID=3761) to work on /opt/airflow/dags/sanity_checks.py
[2026-07-14T15:32:29.500+0000] {processor.py:914} INFO - Processing file /opt/airflow/dags/sanity_checks.py for tasks to queue
[2026-07-14T15:32:29.505+0000] {logging_mixin.py:190} INFO - [2026-07-14T15:32:29.505+0000] {dagbag.py:587} INFO - Filling up the DagBag from /opt/airflow/dags/sanity_checks.py
[2026-07-14T15:32:29.521+0000] {processor.py:925} INFO - DAG(s) 'airflow_sanity_check' retrieved from /opt/airflow/dags/sanity_checks.py
[2026-07-14T15:32:29.564+0000] {logging_mixin.py:190} INFO - [2026-07-14T15:32:29.563+0000] {dag.py:3211} INFO - Sync 1 DAGs
[2026-07-14T15:32:29.585+0000] {logging_mixin.py:190} INFO - [2026-07-14T15:32:29.584+0000] {dag.py:4138} INFO - Setting next_dagrun for airflow_sanity_check to None, run_after=None
[2026-07-14T15:32:29.615+0000] {processor.py:208} INFO - Processing /opt/airflow/dags/sanity_checks.py took 0.126 seconds
[2026-07-14T15:32:59.930+0000] {processor.py:186} INFO - Started process (PID=3771) to work on /opt/airflow/dags/sanity_checks.py
[2026-07-14T15:32:59.932+0000] {processor.py:914} INFO - Processing file /opt/airflow/dags/sanity_checks.py for tasks to queue
[2026-07-14T15:32:59.937+0000] {logging_mixin.py:190} INFO - [2026-07-14T15:32:59.936+0000] {dagbag.py:587} INFO - Filling up the DagBag from /opt/airflow/dags/sanity_checks.py
[2026-07-14T15:32:59.953+0000] {processor.py:925} INFO - DAG(s) 'airflow_sanity_check' retrieved from /opt/airflow/dags/sanity_checks.py
[2026-07-14T15:32:59.994+0000] {logging_mixin.py:190} INFO - [2026-07-14T15:32:59.994+0000] {dag.py:3211} INFO - Sync 1 DAGs
[2026-07-14T15:33:00.017+0000] {logging_mixin.py:190} INFO - [2026-07-14T15:33:00.017+0000] {dag.py:4138} INFO - Setting next_dagrun for airflow_sanity_check to None, run_after=None
[2026-07-14T15:33:00.045+0000] {processor.py:208} INFO - Processing /opt/airflow/dags/sanity_checks.py took 0.125 seconds
[2026-07-14T15:33:30.357+0000] {processor.py:186} INFO - Started process (PID=3781) to work on /opt/airflow/dags/sanity_checks.py
[2026-07-14T15:33:30.358+0000] {processor.py:914} INFO - Processing file /opt/airflow/dags/sanity_checks.py for tasks to queue
[2026-07-14T15:33:30.362+0000] {logging_mixin.py:190} INFO - [2026-07-14T15:33:30.361+0000] {dagbag.py:587} INFO - Filling up the DagBag from /opt/airflow/dags/sanity_checks.py
[2026-07-14T15:33:30.381+0000] {processor.py:925} INFO - DAG(s) 'airflow_sanity_check' retrieved from /opt/airflow/dags/sanity_checks.py
[2026-07-14T15:33:30.422+0000] {logging_mixin.py:190} INFO - [2026-07-14T15:33:30.422+0000] {dag.py:3211} INFO - Sync 1 DAGs
[2026-07-14T15:33:30.444+0000] {logging_mixin.py:190} INFO - [2026-07-14T15:33:30.444+0000] {dag.py:4138} INFO - Setting next_dagrun for airflow_sanity_check to None, run_after=None
[2026-07-14T15:33:30.469+0000] {processor.py:208} INFO - Processing /opt/airflow/dags/sanity_checks.py took 0.122 seconds
[2026-07-14T15:34:00.814+0000] {processor.py:186} INFO - Started process (PID=3791) to work on /opt/airflow/dags/sanity_checks.py
[2026-07-14T15:34:00.816+0000] {processor.py:914} INFO - Processing file /opt/airflow/dags/sanity_checks.py for tasks to queue
[2026-07-14T15:34:00.819+0000] {logging_mixin.py:190} INFO - [2026-07-14T15:34:00.819+0000] {dagbag.py:587} INFO - Filling up the DagBag from /opt/airflow/dags/sanity_checks.py
[2026-07-14T15:34:00.837+0000] {processor.py:925} INFO - DAG(s) 'airflow_sanity_check' retrieved from /opt/airflow/dags/sanity_checks.py
[2026-07-14T15:34:00.882+0000] {logging_mixin.py:190} INFO - [2026-07-14T15:34:00.882+0000] {dag.py:3211} INFO - Sync 1 DAGs
[2026-07-14T15:34:00.906+0000] {logging_mixin.py:190} INFO - [2026-07-14T15:34:00.905+0000] {dag.py:4138} INFO - Setting next_dagrun for airflow_sanity_check to None, run_after=None
[2026-07-14T15:34:00.938+0000] {processor.py:208} INFO - Processing /opt/airflow/dags/sanity_checks.py took 0.135 seconds
[2026-07-14T15:34:31.323+0000] {processor.py:186} INFO - Started process (PID=3801) to work on /opt/airflow/dags/sanity_checks.py
[2026-07-14T15:34:31.325+0000] {processor.py:914} INFO - Processing file /opt/airflow/dags/sanity_checks.py for tasks to queue
[2026-07-14T15:34:31.328+0000] {logging_mixin.py:190} INFO - [2026-07-14T15:34:31.328+0000] {dagbag.py:587} INFO - Filling up the DagBag from /opt/airflow/dags/sanity_checks.py
[2026-07-14T15:34:31.344+0000] {processor.py:925} INFO - DAG(s) 'airflow_sanity_check' retrieved from /opt/airflow/dags/sanity_checks.py
[2026-07-14T15:34:31.387+0000] {logging_mixin.py:190} INFO - [2026-07-14T15:34:31.387+0000] {dag.py:3211} INFO - Sync 1 DAGs
[2026-07-14T15:34:31.410+0000] {logging_mixin.py:190} INFO - [2026-07-14T15:34:31.410+0000] {dag.py:4138} INFO - Setting next_dagrun for airflow_sanity_check to None, run_after=None
[2026-07-14T15:34:31.439+0000] {processor.py:208} INFO - Processing /opt/airflow/dags/sanity_checks.py took 0.126 seconds
[2026-07-14T15:35:01.739+0000] {processor.py:186} INFO - Started process (PID=3811) to work on /opt/airflow/dags/sanity_checks.py
[2026-07-14T15:35:01.740+0000] {processor.py:914} INFO - Processing file /opt/airflow/dags/sanity_checks.py for tasks to queue
[2026-07-14T15:35:01.745+0000] {logging_mixin.py:190} INFO - [2026-07-14T15:35:01.744+0000] {dagbag.py:587} INFO - Filling up the DagBag from /opt/airflow/dags/sanity_checks.py
[2026-07-14T15:35:01.761+0000] {processor.py:925} INFO - DAG(s) 'airflow_sanity_check' retrieved from /opt/airflow/dags/sanity_checks.py
[2026-07-14T15:35:01.809+0000] {logging_mixin.py:190} INFO - [2026-07-14T15:35:01.809+0000] {dag.py:3211} INFO - Sync 1 DAGs
[2026-07-14T15:35:01.832+0000] {logging_mixin.py:190} INFO - [2026-07-14T15:35:01.832+0000] {dag.py:4138} INFO - Setting next_dagrun for airflow_sanity_check to None, run_after=None
[2026-07-14T15:35:01.860+0000] {processor.py:208} INFO - Processing /opt/airflow/dags/sanity_checks.py took 0.130 seconds
[2026-07-14T15:35:32.196+0000] {processor.py:186} INFO - Started process (PID=3821) to work on /opt/airflow/dags/sanity_checks.py
[2026-07-14T15:35:32.198+0000] {processor.py:914} INFO - Processing file /opt/airflow/dags/sanity_checks.py for tasks to queue
[2026-07-14T15:35:32.202+0000] {logging_mixin.py:190} INFO - [2026-07-14T15:35:32.201+0000] {dagbag.py:587} INFO - Filling up the DagBag from /opt/airflow/dags/sanity_checks.py
[2026-07-14T15:35:32.217+0000] {processor.py:925} INFO - DAG(s) 'airflow_sanity_check' retrieved from /opt/airflow/dags/sanity_checks.py
[2026-07-14T15:35:32.260+0000] {logging_mixin.py:190} INFO - [2026-07-14T15:35:32.260+0000] {dag.py:3211} INFO - Sync 1 DAGs
[2026-07-14T15:35:32.281+0000] {logging_mixin.py:190} INFO - [2026-07-14T15:35:32.281+0000] {dag.py:4138} INFO - Setting next_dagrun for airflow_sanity_check to None, run_after=None
[2026-07-14T15:35:32.309+0000] {processor.py:208} INFO - Processing /opt/airflow/dags/sanity_checks.py took 0.123 seconds
[2026-07-14T15:36:02.478+0000] {processor.py:186} INFO - Started process (PID=3831) to work on /opt/airflow/dags/sanity_checks.py
[2026-07-14T15:36:02.480+0000] {processor.py:914} INFO - Processing file /opt/airflow/dags/sanity_checks.py for tasks to queue
[2026-07-14T15:36:02.484+0000] {logging_mixin.py:190} INFO - [2026-07-14T15:36:02.484+0000] {dagbag.py:587} INFO - Filling up the DagBag from /opt/airflow/dags/sanity_checks.py
[2026-07-14T15:36:02.500+0000] {processor.py:925} INFO - DAG(s) 'airflow_sanity_check' retrieved from /opt/airflow/dags/sanity_checks.py
[2026-07-14T15:36:02.545+0000] {logging_mixin.py:190} INFO - [2026-07-14T15:36:02.544+0000] {dag.py:3211} INFO - Sync 1 DAGs
[2026-07-14T15:36:02.568+0000] {logging_mixin.py:190} INFO - [2026-07-14T15:36:02.567+0000] {dag.py:4138} INFO - Setting next_dagrun for airflow_sanity_check to None, run_after=None
[2026-07-14T15:36:02.597+0000] {processor.py:208} INFO - Processing /opt/airflow/dags/sanity_checks.py took 0.128 seconds
[2026-07-14T15:36:32.905+0000] {processor.py:186} INFO - Started process (PID=3841) to work on /opt/airflow/dags/sanity_checks.py
[2026-07-14T15:36:32.907+0000] {processor.py:914} INFO - Processing file /opt/airflow/dags/sanity_checks.py for tasks to queue
[2026-07-14T15:36:32.911+0000] {logging_mixin.py:190} INFO - [2026-07-14T15:36:32.910+0000] {dagbag.py:587} INFO - Filling up the DagBag from /opt/airflow/dags/sanity_checks.py
[2026-07-14T15:36:32.926+0000] {processor.py:925} INFO - DAG(s) 'airflow_sanity_check' retrieved from /opt/airflow/dags/sanity_checks.py
[2026-07-14T15:36:32.968+0000] {logging_mixin.py:190} INFO - [2026-07-14T15:36:32.967+0000] {dag.py:3211} INFO - Sync 1 DAGs
[2026-07-14T15:36:32.990+0000] {logging_mixin.py:190} INFO - [2026-07-14T15:36:32.990+0000] {dag.py:4138} INFO - Setting next_dagrun for airflow_sanity_check to None, run_after=None
[2026-07-14T15:36:33.018+0000] {processor.py:208} INFO - Processing /opt/airflow/dags/sanity_checks.py took 0.123 seconds
[2026-07-14T15:37:03.393+0000] {processor.py:186} INFO - Started process (PID=3851) to work on /opt/airflow/dags/sanity_checks.py
[2026-07-14T15:37:03.395+0000] {processor.py:914} INFO - Processing file /opt/airflow/dags/sanity_checks.py for tasks to queue
[2026-07-14T15:37:03.398+0000] {logging_mixin.py:190} INFO - [2026-07-14T15:37:03.398+0000] {dagbag.py:587} INFO - Filling up the DagBag from /opt/airflow/dags/sanity_checks.py
[2026-07-14T15:37:03.414+0000] {processor.py:925} INFO - DAG(s) 'airflow_sanity_check' retrieved from /opt/airflow/dags/sanity_checks.py
[2026-07-14T15:37:03.458+0000] {logging_mixin.py:190} INFO - [2026-07-14T15:37:03.457+0000] {dag.py:3211} INFO - Sync 1 DAGs
[2026-07-14T15:37:03.481+0000] {logging_mixin.py:190} INFO - [2026-07-14T15:37:03.481+0000] {dag.py:4138} INFO - Setting next_dagrun for airflow_sanity_check to None, run_after=None
[2026-07-14T15:37:03.508+0000] {processor.py:208} INFO - Processing /opt/airflow/dags/sanity_checks.py took 0.125 seconds
[2026-07-14T15:37:33.948+0000] {processor.py:186} INFO - Started process (PID=3861) to work on /opt/airflow/dags/sanity_checks.py
[2026-07-14T15:37:33.952+0000] {processor.py:914} INFO - Processing file /opt/airflow/dags/sanity_checks.py for tasks to queue
[2026-07-14T15:37:33.956+0000] {logging_mixin.py:190} INFO - [2026-07-14T15:37:33.955+0000] {dagbag.py:587} INFO - Filling up the DagBag from /opt/airflow/dags/sanity_checks.py
[2026-07-14T15:37:33.970+0000] {processor.py:925} INFO - DAG(s) 'airflow_sanity_check' retrieved from /opt/airflow/dags/sanity_checks.py
[2026-07-14T15:37:34.017+0000] {logging_mixin.py:190} INFO - [2026-07-14T15:37:34.017+0000] {dag.py:3211} INFO - Sync 1 DAGs
[2026-07-14T15:37:34.039+0000] {logging_mixin.py:190} INFO - [2026-07-14T15:37:34.039+0000] {dag.py:4138} INFO - Setting next_dagrun for airflow_sanity_check to None, run_after=None
[2026-07-14T15:37:34.065+0000] {processor.py:208} INFO - Processing /opt/airflow/dags/sanity_checks.py took 0.125 seconds
[2026-07-14T15:38:04.388+0000] {processor.py:186} INFO - Started process (PID=3871) to work on /opt/airflow/dags/sanity_checks.py
[2026-07-14T15:38:04.390+0000] {processor.py:914} INFO - Processing file /opt/airflow/dags/sanity_checks.py for tasks to queue
[2026-07-14T15:38:04.394+0000] {logging_mixin.py:190} INFO - [2026-07-14T15:38:04.393+0000] {dagbag.py:587} INFO - Filling up the DagBag from /opt/airflow/dags/sanity_checks.py
[2026-07-14T15:38:04.410+0000] {processor.py:925} INFO - DAG(s) 'airflow_sanity_check' retrieved from /opt/airflow/dags/sanity_checks.py
[2026-07-14T15:38:04.455+0000] {logging_mixin.py:190} INFO - [2026-07-14T15:38:04.455+0000] {dag.py:3211} INFO - Sync 1 DAGs
[2026-07-14T15:38:04.478+0000] {logging_mixin.py:190} INFO - [2026-07-14T15:38:04.477+0000] {dag.py:4138} INFO - Setting next_dagrun for airflow_sanity_check to None, run_after=None
[2026-07-14T15:38:04.507+0000] {processor.py:208} INFO - Processing /opt/airflow/dags/sanity_checks.py took 0.128 seconds
[2026-07-14T15:38:34.914+0000] {processor.py:186} INFO - Started process (PID=3881) to work on /opt/airflow/dags/sanity_checks.py
[2026-07-14T15:38:34.916+0000] {processor.py:914} INFO - Processing file /opt/airflow/dags/sanity_checks.py for tasks to queue
[2026-07-14T15:38:34.919+0000] {logging_mixin.py:190} INFO - [2026-07-14T15:38:34.918+0000] {dagbag.py:587} INFO - Filling up the DagBag from /opt/airflow/dags/sanity_checks.py
[2026-07-14T15:38:34.935+0000] {processor.py:925} INFO - DAG(s) 'airflow_sanity_check' retrieved from /opt/airflow/dags/sanity_checks.py
[2026-07-14T15:38:34.977+0000] {logging_mixin.py:190} INFO - [2026-07-14T15:38:34.977+0000] {dag.py:3211} INFO - Sync 1 DAGs
[2026-07-14T15:38:35.000+0000] {logging_mixin.py:190} INFO - [2026-07-14T15:38:34.999+0000] {dag.py:4138} INFO - Setting next_dagrun for airflow_sanity_check to None, run_after=None
[2026-07-14T15:38:35.030+0000] {processor.py:208} INFO - Processing /opt/airflow/dags/sanity_checks.py took 0.124 seconds
[2026-07-14T15:39:05.338+0000] {processor.py:186} INFO - Started process (PID=3891) to work on /opt/airflow/dags/sanity_checks.py
[2026-07-14T15:39:05.339+0000] {processor.py:914} INFO - Processing file /opt/airflow/dags/sanity_checks.py for tasks to queue
[2026-07-14T15:39:05.344+0000] {logging_mixin.py:190} INFO - [2026-07-14T15:39:05.343+0000] {dagbag.py:587} INFO - Filling up the DagBag from /opt/airflow/dags/sanity_checks.py
[2026-07-14T15:39:05.359+0000] {processor.py:925} INFO - DAG(s) 'airflow_sanity_check' retrieved from /opt/airflow/dags/sanity_checks.py
[2026-07-14T15:39:05.402+0000] {logging_mixin.py:190} INFO - [2026-07-14T15:39:05.402+0000] {dag.py:3211} INFO - Sync 1 DAGs
[2026-07-14T15:39:05.428+0000] {logging_mixin.py:190} INFO - [2026-07-14T15:39:05.428+0000] {dag.py:4138} INFO - Setting next_dagrun for airflow_sanity_check to None, run_after=None
[2026-07-14T15:39:05.472+0000] {processor.py:208} INFO - Processing /opt/airflow/dags/sanity_checks.py took 0.144 seconds
[2026-07-14T15:39:35.823+0000] {processor.py:186} INFO - Started process (PID=3901) to work on /opt/airflow/dags/sanity_checks.py
[2026-07-14T15:39:35.825+0000] {processor.py:914} INFO - Processing file /opt/airflow/dags/sanity_checks.py for tasks to queue
[2026-07-14T15:39:35.828+0000] {logging_mixin.py:190} INFO - [2026-07-14T15:39:35.827+0000] {dagbag.py:587} INFO - Filling up the DagBag from /opt/airflow/dags/sanity_checks.py
[2026-07-14T15:39:35.844+0000] {processor.py:925} INFO - DAG(s) 'airflow_sanity_check' retrieved from /opt/airflow/dags/sanity_checks.py
[2026-07-14T15:39:35.886+0000] {logging_mixin.py:190} INFO - [2026-07-14T15:39:35.886+0000] {dag.py:3211} INFO - Sync 1 DAGs
[2026-07-14T15:39:35.907+0000] {logging_mixin.py:190} INFO - [2026-07-14T15:39:35.907+0000] {dag.py:4138} INFO - Setting next_dagrun for airflow_sanity_check to None, run_after=None
[2026-07-14T15:39:35.938+0000] {processor.py:208} INFO - Processing /opt/airflow/dags/sanity_checks.py took 0.125 seconds
[2026-07-14T15:40:06.264+0000] {processor.py:186} INFO - Started process (PID=3911) to work on /opt/airflow/dags/sanity_checks.py
[2026-07-14T15:40:06.265+0000] {processor.py:914} INFO - Processing file /opt/airflow/dags/sanity_checks.py for tasks to queue
[2026-07-14T15:40:06.269+0000] {logging_mixin.py:190} INFO - [2026-07-14T15:40:06.268+0000] {dagbag.py:587} INFO - Filling up the DagBag from /opt/airflow/dags/sanity_checks.py
[2026-07-14T15:40:06.285+0000] {processor.py:925} INFO - DAG(s) 'airflow_sanity_check' retrieved from /opt/airflow/dags/sanity_checks.py
[2026-07-14T15:40:06.327+0000] {logging_mixin.py:190} INFO - [2026-07-14T15:40:06.326+0000] {dag.py:3211} INFO - Sync 1 DAGs
[2026-07-14T15:40:06.350+0000] {logging_mixin.py:190} INFO - [2026-07-14T15:40:06.349+0000] {dag.py:4138} INFO - Setting next_dagrun for airflow_sanity_check to None, run_after=None
[2026-07-14T15:40:06.377+0000] {processor.py:208} INFO - Processing /opt/airflow/dags/sanity_checks.py took 0.124 seconds
[2026-07-14T15:40:36.704+0000] {processor.py:186} INFO - Started process (PID=3921) to work on /opt/airflow/dags/sanity_checks.py
[2026-07-14T15:40:36.706+0000] {processor.py:914} INFO - Processing file /opt/airflow/dags/sanity_checks.py for tasks to queue
[2026-07-14T15:40:36.714+0000] {logging_mixin.py:190} INFO - [2026-07-14T15:40:36.713+0000] {dagbag.py:587} INFO - Filling up the DagBag from /opt/airflow/dags/sanity_checks.py
[2026-07-14T15:40:36.736+0000] {processor.py:925} INFO - DAG(s) 'airflow_sanity_check' retrieved from /opt/airflow/dags/sanity_checks.py
[2026-07-14T15:40:36.799+0000] {logging_mixin.py:190} INFO - [2026-07-14T15:40:36.798+0000] {dag.py:3211} INFO - Sync 1 DAGs
[2026-07-14T15:40:36.827+0000] {logging_mixin.py:190} INFO - [2026-07-14T15:40:36.827+0000] {dag.py:4138} INFO - Setting next_dagrun for airflow_sanity_check to None, run_after=None
[2026-07-14T15:40:36.854+0000] {processor.py:208} INFO - Processing /opt/airflow/dags/sanity_checks.py took 0.164 seconds
[2026-07-14T15:41:07.262+0000] {processor.py:186} INFO - Started process (PID=3931) to work on /opt/airflow/dags/sanity_checks.py
[2026-07-14T15:41:07.264+0000] {processor.py:914} INFO - Processing file /opt/airflow/dags/sanity_checks.py for tasks to queue
[2026-07-14T15:41:07.268+0000] {logging_mixin.py:190} INFO - [2026-07-14T15:41:07.268+0000] {dagbag.py:587} INFO - Filling up the DagBag from /opt/airflow/dags/sanity_checks.py
[2026-07-14T15:41:07.289+0000] {processor.py:925} INFO - DAG(s) 'airflow_sanity_check' retrieved from /opt/airflow/dags/sanity_checks.py
[2026-07-14T15:41:07.331+0000] {logging_mixin.py:190} INFO - [2026-07-14T15:41:07.331+0000] {dag.py:3211} INFO - Sync 1 DAGs
[2026-07-14T15:41:07.362+0000] {logging_mixin.py:190} INFO - [2026-07-14T15:41:07.361+0000] {dag.py:4138} INFO - Setting next_dagrun for airflow_sanity_check to None, run_after=None
[2026-07-14T15:41:07.390+0000] {processor.py:208} INFO - Processing /opt/airflow/dags/sanity_checks.py took 0.137 seconds
[2026-07-14T15:41:37.676+0000] {processor.py:186} INFO - Started process (PID=3941) to work on /opt/airflow/dags/sanity_checks.py
[2026-07-14T15:41:37.678+0000] {processor.py:914} INFO - Processing file /opt/airflow/dags/sanity_checks.py for tasks to queue
[2026-07-14T15:41:37.682+0000] {logging_mixin.py:190} INFO - [2026-07-14T15:41:37.681+0000] {dagbag.py:587} INFO - Filling up the DagBag from /opt/airflow/dags/sanity_checks.py
[2026-07-14T15:41:37.697+0000] {processor.py:925} INFO - DAG(s) 'airflow_sanity_check' retrieved from /opt/airflow/dags/sanity_checks.py
[2026-07-14T15:41:37.739+0000] {logging_mixin.py:190} INFO - [2026-07-14T15:41:37.739+0000] {dag.py:3211} INFO - Sync 1 DAGs
[2026-07-14T15:41:37.760+0000] {logging_mixin.py:190} INFO - [2026-07-14T15:41:37.759+0000] {dag.py:4138} INFO - Setting next_dagrun for airflow_sanity_check to None, run_after=None
[2026-07-14T15:41:37.788+0000] {processor.py:208} INFO - Processing /opt/airflow/dags/sanity_checks.py took 0.121 seconds
[2026-07-14T15:42:08.088+0000] {processor.py:186} INFO - Started process (PID=3951) to work on /opt/airflow/dags/sanity_checks.py
[2026-07-14T15:42:08.089+0000] {processor.py:914} INFO - Processing file /opt/airflow/dags/sanity_checks.py for tasks to queue
[2026-07-14T15:42:08.094+0000] {logging_mixin.py:190} INFO - [2026-07-14T15:42:08.093+0000] {dagbag.py:587} INFO - Filling up the DagBag from /opt/airflow/dags/sanity_checks.py
[2026-07-14T15:42:08.109+0000] {processor.py:925} INFO - DAG(s) 'airflow_sanity_check' retrieved from /opt/airflow/dags/sanity_checks.py
[2026-07-14T15:42:08.155+0000] {logging_mixin.py:190} INFO - [2026-07-14T15:42:08.155+0000] {dag.py:3211} INFO - Sync 1 DAGs
[2026-07-14T15:42:08.182+0000] {logging_mixin.py:190} INFO - [2026-07-14T15:42:08.182+0000] {dag.py:4138} INFO - Setting next_dagrun for airflow_sanity_check to None, run_after=None
[2026-07-14T15:42:08.209+0000] {processor.py:208} INFO - Processing /opt/airflow/dags/sanity_checks.py took 0.131 seconds
[2026-07-14T15:42:38.530+0000] {processor.py:186} INFO - Started process (PID=3961) to work on /opt/airflow/dags/sanity_checks.py
[2026-07-14T15:42:38.534+0000] {processor.py:914} INFO - Processing file /opt/airflow/dags/sanity_checks.py for tasks to queue
[2026-07-14T15:42:38.538+0000] {logging_mixin.py:190} INFO - [2026-07-14T15:42:38.538+0000] {dagbag.py:587} INFO - Filling up the DagBag from /opt/airflow/dags/sanity_checks.py
[2026-07-14T15:42:38.553+0000] {processor.py:925} INFO - DAG(s) 'airflow_sanity_check' retrieved from /opt/airflow/dags/sanity_checks.py
[2026-07-14T15:42:38.595+0000] {logging_mixin.py:190} INFO - [2026-07-14T15:42:38.595+0000] {dag.py:3211} INFO - Sync 1 DAGs
[2026-07-14T15:42:38.619+0000] {logging_mixin.py:190} INFO - [2026-07-14T15:42:38.619+0000] {dag.py:4138} INFO - Setting next_dagrun for airflow_sanity_check to None, run_after=None
[2026-07-14T15:42:38.643+0000] {processor.py:208} INFO - Processing /opt/airflow/dags/sanity_checks.py took 0.122 seconds
[2026-07-14T15:43:08.964+0000] {processor.py:186} INFO - Started process (PID=3971) to work on /opt/airflow/dags/sanity_checks.py
[2026-07-14T15:43:08.966+0000] {processor.py:914} INFO - Processing file /opt/airflow/dags/sanity_checks.py for tasks to queue
[2026-07-14T15:43:08.969+0000] {logging_mixin.py:190} INFO - [2026-07-14T15:43:08.969+0000] {dagbag.py:587} INFO - Filling up the DagBag from /opt/airflow/dags/sanity_checks.py
[2026-07-14T15:43:08.985+0000] {processor.py:925} INFO - DAG(s) 'airflow_sanity_check' retrieved from /opt/airflow/dags/sanity_checks.py
[2026-07-14T15:43:09.029+0000] {logging_mixin.py:190} INFO - [2026-07-14T15:43:09.029+0000] {dag.py:3211} INFO - Sync 1 DAGs
[2026-07-14T15:43:09.054+0000] {logging_mixin.py:190} INFO - [2026-07-14T15:43:09.053+0000] {dag.py:4138} INFO - Setting next_dagrun for airflow_sanity_check to None, run_after=None
[2026-07-14T15:43:09.085+0000] {processor.py:208} INFO - Processing /opt/airflow/dags/sanity_checks.py took 0.132 seconds
[2026-07-14T15:43:39.493+0000] {processor.py:186} INFO - Started process (PID=3981) to work on /opt/airflow/dags/sanity_checks.py
[2026-07-14T15:43:39.495+0000] {processor.py:914} INFO - Processing file /opt/airflow/dags/sanity_checks.py for tasks to queue
[2026-07-14T15:43:39.500+0000] {logging_mixin.py:190} INFO - [2026-07-14T15:43:39.499+0000] {dagbag.py:587} INFO - Filling up the DagBag from /opt/airflow/dags/sanity_checks.py
[2026-07-14T15:43:39.534+0000] {processor.py:925} INFO - DAG(s) 'airflow_sanity_check' retrieved from /opt/airflow/dags/sanity_checks.py
[2026-07-14T15:43:39.577+0000] {logging_mixin.py:190} INFO - [2026-07-14T15:43:39.576+0000] {dag.py:3211} INFO - Sync 1 DAGs
[2026-07-14T15:43:39.597+0000] {logging_mixin.py:190} INFO - [2026-07-14T15:43:39.596+0000] {dag.py:4138} INFO - Setting next_dagrun for airflow_sanity_check to None, run_after=None
[2026-07-14T15:43:39.627+0000] {processor.py:208} INFO - Processing /opt/airflow/dags/sanity_checks.py took 0.146 seconds
[2026-07-14T15:44:09.948+0000] {processor.py:186} INFO - Started process (PID=3991) to work on /opt/airflow/dags/sanity_checks.py
[2026-07-14T15:44:09.949+0000] {processor.py:914} INFO - Processing file /opt/airflow/dags/sanity_checks.py for tasks to queue
[2026-07-14T15:44:09.954+0000] {logging_mixin.py:190} INFO - [2026-07-14T15:44:09.953+0000] {dagbag.py:587} INFO - Filling up the DagBag from /opt/airflow/dags/sanity_checks.py
[2026-07-14T15:44:09.972+0000] {processor.py:925} INFO - DAG(s) 'airflow_sanity_check' retrieved from /opt/airflow/dags/sanity_checks.py
[2026-07-14T15:44:10.015+0000] {logging_mixin.py:190} INFO - [2026-07-14T15:44:10.015+0000] {dag.py:3211} INFO - Sync 1 DAGs
[2026-07-14T15:44:10.038+0000] {logging_mixin.py:190} INFO - [2026-07-14T15:44:10.038+0000] {dag.py:4138} INFO - Setting next_dagrun for airflow_sanity_check to None, run_after=None
[2026-07-14T15:44:10.067+0000] {processor.py:208} INFO - Processing /opt/airflow/dags/sanity_checks.py took 0.129 seconds
[2026-07-14T15:44:40.388+0000] {processor.py:186} INFO - Started process (PID=4001) to work on /opt/airflow/dags/sanity_checks.py
[2026-07-14T15:44:40.389+0000] {processor.py:914} INFO - Processing file /opt/airflow/dags/sanity_checks.py for tasks to queue
[2026-07-14T15:44:40.393+0000] {logging_mixin.py:190} INFO - [2026-07-14T15:44:40.392+0000] {dagbag.py:587} INFO - Filling up the DagBag from /opt/airflow/dags/sanity_checks.py
[2026-07-14T15:44:40.411+0000] {processor.py:925} INFO - DAG(s) 'airflow_sanity_check' retrieved from /opt/airflow/dags/sanity_checks.py
[2026-07-14T15:44:40.456+0000] {logging_mixin.py:190} INFO - [2026-07-14T15:44:40.455+0000] {dag.py:3211} INFO - Sync 1 DAGs
[2026-07-14T15:44:40.480+0000] {logging_mixin.py:190} INFO - [2026-07-14T15:44:40.480+0000] {dag.py:4138} INFO - Setting next_dagrun for airflow_sanity_check to None, run_after=None
[2026-07-14T15:44:40.509+0000] {processor.py:208} INFO - Processing /opt/airflow/dags/sanity_checks.py took 0.130 seconds
[2026-07-14T15:45:10.906+0000] {processor.py:186} INFO - Started process (PID=4011) to work on /opt/airflow/dags/sanity_checks.py
[2026-07-14T15:45:10.908+0000] {processor.py:914} INFO - Processing file /opt/airflow/dags/sanity_checks.py for tasks to queue
[2026-07-14T15:45:10.912+0000] {logging_mixin.py:190} INFO - [2026-07-14T15:45:10.912+0000] {dagbag.py:587} INFO - Filling up the DagBag from /opt/airflow/dags/sanity_checks.py
[2026-07-14T15:45:10.928+0000] {processor.py:925} INFO - DAG(s) 'airflow_sanity_check' retrieved from /opt/airflow/dags/sanity_checks.py
[2026-07-14T15:45:10.988+0000] {logging_mixin.py:190} INFO - [2026-07-14T15:45:10.986+0000] {dag.py:3211} INFO - Sync 1 DAGs
[2026-07-14T15:45:11.027+0000] {logging_mixin.py:190} INFO - [2026-07-14T15:45:11.026+0000] {dag.py:4138} INFO - Setting next_dagrun for airflow_sanity_check to None, run_after=None
[2026-07-14T15:45:11.075+0000] {processor.py:208} INFO - Processing /opt/airflow/dags/sanity_checks.py took 0.177 seconds
[2026-07-14T15:45:41.412+0000] {processor.py:186} INFO - Started process (PID=4021) to work on /opt/airflow/dags/sanity_checks.py
[2026-07-14T15:45:41.414+0000] {processor.py:914} INFO - Processing file /opt/airflow/dags/sanity_checks.py for tasks to queue
[2026-07-14T15:45:41.418+0000] {logging_mixin.py:190} INFO - [2026-07-14T15:45:41.417+0000] {dagbag.py:587} INFO - Filling up the DagBag from /opt/airflow/dags/sanity_checks.py
[2026-07-14T15:45:41.433+0000] {processor.py:925} INFO - DAG(s) 'airflow_sanity_check' retrieved from /opt/airflow/dags/sanity_checks.py
[2026-07-14T15:45:41.473+0000] {logging_mixin.py:190} INFO - [2026-07-14T15:45:41.473+0000] {dag.py:3211} INFO - Sync 1 DAGs
[2026-07-14T15:45:41.495+0000] {logging_mixin.py:190} INFO - [2026-07-14T15:45:41.495+0000] {dag.py:4138} INFO - Setting next_dagrun for airflow_sanity_check to None, run_after=None
[2026-07-14T15:45:41.522+0000] {processor.py:208} INFO - Processing /opt/airflow/dags/sanity_checks.py took 0.119 seconds
[2026-07-14T15:46:11.848+0000] {processor.py:186} INFO - Started process (PID=4031) to work on /opt/airflow/dags/sanity_checks.py
[2026-07-14T15:46:11.866+0000] {processor.py:914} INFO - Processing file /opt/airflow/dags/sanity_checks.py for tasks to queue
[2026-07-14T15:46:11.870+0000] {logging_mixin.py:190} INFO - [2026-07-14T15:46:11.870+0000] {dagbag.py:587} INFO - Filling up the DagBag from /opt/airflow/dags/sanity_checks.py
[2026-07-14T15:46:11.895+0000] {processor.py:925} INFO - DAG(s) 'airflow_sanity_check' retrieved from /opt/airflow/dags/sanity_checks.py
[2026-07-14T15:46:11.996+0000] {logging_mixin.py:190} INFO - [2026-07-14T15:46:11.996+0000] {dag.py:3211} INFO - Sync 1 DAGs
[2026-07-14T15:46:12.026+0000] {logging_mixin.py:190} INFO - [2026-07-14T15:46:12.025+0000] {dag.py:4138} INFO - Setting next_dagrun for airflow_sanity_check to None, run_after=None
[2026-07-14T15:46:12.067+0000] {processor.py:208} INFO - Processing /opt/airflow/dags/sanity_checks.py took 0.233 seconds
[2026-07-14T15:46:42.225+0000] {processor.py:186} INFO - Started process (PID=4041) to work on /opt/airflow/dags/sanity_checks.py
[2026-07-14T15:46:42.229+0000] {processor.py:914} INFO - Processing file /opt/airflow/dags/sanity_checks.py for tasks to queue
[2026-07-14T15:46:42.233+0000] {logging_mixin.py:190} INFO - [2026-07-14T15:46:42.233+0000] {dagbag.py:587} INFO - Filling up the DagBag from /opt/airflow/dags/sanity_checks.py
[2026-07-14T15:46:42.254+0000] {processor.py:925} INFO - DAG(s) 'airflow_sanity_check' retrieved from /opt/airflow/dags/sanity_checks.py
[2026-07-14T15:46:42.297+0000] {logging_mixin.py:190} INFO - [2026-07-14T15:46:42.297+0000] {dag.py:3211} INFO - Sync 1 DAGs
[2026-07-14T15:46:42.319+0000] {logging_mixin.py:190} INFO - [2026-07-14T15:46:42.319+0000] {dag.py:4138} INFO - Setting next_dagrun for airflow_sanity_check to None, run_after=None
[2026-07-14T15:46:42.348+0000] {processor.py:208} INFO - Processing /opt/airflow/dags/sanity_checks.py took 0.135 seconds
[2026-07-14T15:47:12.729+0000] {processor.py:186} INFO - Started process (PID=4051) to work on /opt/airflow/dags/sanity_checks.py
[2026-07-14T15:47:12.733+0000] {processor.py:914} INFO - Processing file /opt/airflow/dags/sanity_checks.py for tasks to queue
[2026-07-14T15:47:12.736+0000] {logging_mixin.py:190} INFO - [2026-07-14T15:47:12.736+0000] {dagbag.py:587} INFO - Filling up the DagBag from /opt/airflow/dags/sanity_checks.py
[2026-07-14T15:47:12.752+0000] {processor.py:925} INFO - DAG(s) 'airflow_sanity_check' retrieved from /opt/airflow/dags/sanity_checks.py
[2026-07-14T15:47:12.794+0000] {logging_mixin.py:190} INFO - [2026-07-14T15:47:12.793+0000] {dag.py:3211} INFO - Sync 1 DAGs
[2026-07-14T15:47:12.814+0000] {logging_mixin.py:190} INFO - [2026-07-14T15:47:12.814+0000] {dag.py:4138} INFO - Setting next_dagrun for airflow_sanity_check to None, run_after=None
[2026-07-14T15:47:12.843+0000] {processor.py:208} INFO - Processing /opt/airflow/dags/sanity_checks.py took 0.124 seconds
[2026-07-14T15:47:43.163+0000] {processor.py:186} INFO - Started process (PID=4061) to work on /opt/airflow/dags/sanity_checks.py
[2026-07-14T15:47:43.165+0000] {processor.py:914} INFO - Processing file /opt/airflow/dags/sanity_checks.py for tasks to queue
[2026-07-14T15:47:43.168+0000] {logging_mixin.py:190} INFO - [2026-07-14T15:47:43.168+0000] {dagbag.py:587} INFO - Filling up the DagBag from /opt/airflow/dags/sanity_checks.py
[2026-07-14T15:47:43.183+0000] {processor.py:925} INFO - DAG(s) 'airflow_sanity_check' retrieved from /opt/airflow/dags/sanity_checks.py
[2026-07-14T15:47:43.227+0000] {logging_mixin.py:190} INFO - [2026-07-14T15:47:43.226+0000] {dag.py:3211} INFO - Sync 1 DAGs
[2026-07-14T15:47:43.248+0000] {logging_mixin.py:190} INFO - [2026-07-14T15:47:43.248+0000] {dag.py:4138} INFO - Setting next_dagrun for airflow_sanity_check to None, run_after=None
[2026-07-14T15:47:43.276+0000] {processor.py:208} INFO - Processing /opt/airflow/dags/sanity_checks.py took 0.122 seconds
[2026-07-14T15:48:13.596+0000] {processor.py:186} INFO - Started process (PID=4071) to work on /opt/airflow/dags/sanity_checks.py
[2026-07-14T15:48:13.600+0000] {processor.py:914} INFO - Processing file /opt/airflow/dags/sanity_checks.py for tasks to queue
[2026-07-14T15:48:13.604+0000] {logging_mixin.py:190} INFO - [2026-07-14T15:48:13.603+0000] {dagbag.py:587} INFO - Filling up the DagBag from /opt/airflow/dags/sanity_checks.py
[2026-07-14T15:48:13.620+0000] {processor.py:925} INFO - DAG(s) 'airflow_sanity_check' retrieved from /opt/airflow/dags/sanity_checks.py
[2026-07-14T15:48:13.665+0000] {logging_mixin.py:190} INFO - [2026-07-14T15:48:13.665+0000] {dag.py:3211} INFO - Sync 1 DAGs
[2026-07-14T15:48:13.686+0000] {logging_mixin.py:190} INFO - [2026-07-14T15:48:13.686+0000] {dag.py:4138} INFO - Setting next_dagrun for airflow_sanity_check to None, run_after=None
[2026-07-14T15:48:13.713+0000] {processor.py:208} INFO - Processing /opt/airflow/dags/sanity_checks.py took 0.126 seconds
[2026-07-14T15:48:44.030+0000] {processor.py:186} INFO - Started process (PID=4081) to work on /opt/airflow/dags/sanity_checks.py
[2026-07-14T15:48:44.031+0000] {processor.py:914} INFO - Processing file /opt/airflow/dags/sanity_checks.py for tasks to queue
[2026-07-14T15:48:44.035+0000] {logging_mixin.py:190} INFO - [2026-07-14T15:48:44.034+0000] {dagbag.py:587} INFO - Filling up the DagBag from /opt/airflow/dags/sanity_checks.py
[2026-07-14T15:48:44.051+0000] {processor.py:925} INFO - DAG(s) 'airflow_sanity_check' retrieved from /opt/airflow/dags/sanity_checks.py
[2026-07-14T15:48:44.092+0000] {logging_mixin.py:190} INFO - [2026-07-14T15:48:44.092+0000] {dag.py:3211} INFO - Sync 1 DAGs
[2026-07-14T15:48:44.115+0000] {logging_mixin.py:190} INFO - [2026-07-14T15:48:44.114+0000] {dag.py:4138} INFO - Setting next_dagrun for airflow_sanity_check to None, run_after=None
[2026-07-14T15:48:44.143+0000] {processor.py:208} INFO - Processing /opt/airflow/dags/sanity_checks.py took 0.122 seconds
[2026-07-14T15:49:14.475+0000] {processor.py:186} INFO - Started process (PID=4091) to work on /opt/airflow/dags/sanity_checks.py
[2026-07-14T15:49:14.477+0000] {processor.py:914} INFO - Processing file /opt/airflow/dags/sanity_checks.py for tasks to queue
[2026-07-14T15:49:14.482+0000] {logging_mixin.py:190} INFO - [2026-07-14T15:49:14.482+0000] {dagbag.py:587} INFO - Filling up the DagBag from /opt/airflow/dags/sanity_checks.py
[2026-07-14T15:49:14.500+0000] {processor.py:925} INFO - DAG(s) 'airflow_sanity_check' retrieved from /opt/airflow/dags/sanity_checks.py
[2026-07-14T15:49:14.592+0000] {logging_mixin.py:190} INFO - [2026-07-14T15:49:14.591+0000] {dag.py:3211} INFO - Sync 1 DAGs
[2026-07-14T15:49:14.630+0000] {logging_mixin.py:190} INFO - [2026-07-14T15:49:14.630+0000] {dag.py:4138} INFO - Setting next_dagrun for airflow_sanity_check to None, run_after=None
[2026-07-14T15:49:14.678+0000] {processor.py:208} INFO - Processing /opt/airflow/dags/sanity_checks.py took 0.215 seconds
[2026-07-14T15:49:45.014+0000] {processor.py:186} INFO - Started process (PID=4101) to work on /opt/airflow/dags/sanity_checks.py
[2026-07-14T15:49:45.016+0000] {processor.py:914} INFO - Processing file /opt/airflow/dags/sanity_checks.py for tasks to queue
[2026-07-14T15:49:45.019+0000] {logging_mixin.py:190} INFO - [2026-07-14T15:49:45.019+0000] {dagbag.py:587} INFO - Filling up the DagBag from /opt/airflow/dags/sanity_checks.py
[2026-07-14T15:49:45.035+0000] {processor.py:925} INFO - DAG(s) 'airflow_sanity_check' retrieved from /opt/airflow/dags/sanity_checks.py
[2026-07-14T15:49:45.079+0000] {logging_mixin.py:190} INFO - [2026-07-14T15:49:45.078+0000] {dag.py:3211} INFO - Sync 1 DAGs
[2026-07-14T15:49:45.102+0000] {logging_mixin.py:190} INFO - [2026-07-14T15:49:45.102+0000] {dag.py:4138} INFO - Setting next_dagrun for airflow_sanity_check to None, run_after=None
[2026-07-14T15:49:45.128+0000] {processor.py:208} INFO - Processing /opt/airflow/dags/sanity_checks.py took 0.126 seconds
[2026-07-14T15:50:15.440+0000] {processor.py:186} INFO - Started process (PID=4111) to work on /opt/airflow/dags/sanity_checks.py
[2026-07-14T15:50:15.442+0000] {processor.py:914} INFO - Processing file /opt/airflow/dags/sanity_checks.py for tasks to queue
[2026-07-14T15:50:15.445+0000] {logging_mixin.py:190} INFO - [2026-07-14T15:50:15.445+0000] {dagbag.py:587} INFO - Filling up the DagBag from /opt/airflow/dags/sanity_checks.py
[2026-07-14T15:50:15.460+0000] {processor.py:925} INFO - DAG(s) 'airflow_sanity_check' retrieved from /opt/airflow/dags/sanity_checks.py
[2026-07-14T15:50:15.504+0000] {logging_mixin.py:190} INFO - [2026-07-14T15:50:15.504+0000] {dag.py:3211} INFO - Sync 1 DAGs
[2026-07-14T15:50:15.525+0000] {logging_mixin.py:190} INFO - [2026-07-14T15:50:15.525+0000] {dag.py:4138} INFO - Setting next_dagrun for airflow_sanity_check to None, run_after=None
[2026-07-14T15:50:15.554+0000] {processor.py:208} INFO - Processing /opt/airflow/dags/sanity_checks.py took 0.122 seconds
[2026-07-14T15:50:45.875+0000] {processor.py:186} INFO - Started process (PID=4121) to work on /opt/airflow/dags/sanity_checks.py
[2026-07-14T15:50:45.879+0000] {processor.py:914} INFO - Processing file /opt/airflow/dags/sanity_checks.py for tasks to queue
[2026-07-14T15:50:45.883+0000] {logging_mixin.py:190} INFO - [2026-07-14T15:50:45.882+0000] {dagbag.py:587} INFO - Filling up the DagBag from /opt/airflow/dags/sanity_checks.py
[2026-07-14T15:50:45.900+0000] {processor.py:925} INFO - DAG(s) 'airflow_sanity_check' retrieved from /opt/airflow/dags/sanity_checks.py
[2026-07-14T15:50:45.943+0000] {logging_mixin.py:190} INFO - [2026-07-14T15:50:45.943+0000] {dag.py:3211} INFO - Sync 1 DAGs
[2026-07-14T15:50:45.965+0000] {logging_mixin.py:190} INFO - [2026-07-14T15:50:45.964+0000] {dag.py:4138} INFO - Setting next_dagrun for airflow_sanity_check to None, run_after=None
[2026-07-14T15:50:45.999+0000] {processor.py:208} INFO - Processing /opt/airflow/dags/sanity_checks.py took 0.133 seconds
[2026-07-14T15:51:16.289+0000] {processor.py:186} INFO - Started process (PID=4131) to work on /opt/airflow/dags/sanity_checks.py
[2026-07-14T15:51:16.290+0000] {processor.py:914} INFO - Processing file /opt/airflow/dags/sanity_checks.py for tasks to queue
[2026-07-14T15:51:16.294+0000] {logging_mixin.py:190} INFO - [2026-07-14T15:51:16.293+0000] {dagbag.py:587} INFO - Filling up the DagBag from /opt/airflow/dags/sanity_checks.py
[2026-07-14T15:51:16.310+0000] {processor.py:925} INFO - DAG(s) 'airflow_sanity_check' retrieved from /opt/airflow/dags/sanity_checks.py
[2026-07-14T15:51:16.352+0000] {logging_mixin.py:190} INFO - [2026-07-14T15:51:16.352+0000] {dag.py:3211} INFO - Sync 1 DAGs
[2026-07-14T15:51:16.399+0000] {logging_mixin.py:190} INFO - [2026-07-14T15:51:16.398+0000] {dag.py:4138} INFO - Setting next_dagrun for airflow_sanity_check to None, run_after=None
[2026-07-14T15:51:16.433+0000] {processor.py:208} INFO - Processing /opt/airflow/dags/sanity_checks.py took 0.153 seconds
[2026-07-14T15:51:46.718+0000] {processor.py:186} INFO - Started process (PID=4141) to work on /opt/airflow/dags/sanity_checks.py
[2026-07-14T15:51:46.719+0000] {processor.py:914} INFO - Processing file /opt/airflow/dags/sanity_checks.py for tasks to queue
[2026-07-14T15:51:46.723+0000] {logging_mixin.py:190} INFO - [2026-07-14T15:51:46.722+0000] {dagbag.py:587} INFO - Filling up the DagBag from /opt/airflow/dags/sanity_checks.py
[2026-07-14T15:51:46.741+0000] {processor.py:925} INFO - DAG(s) 'airflow_sanity_check' retrieved from /opt/airflow/dags/sanity_checks.py
[2026-07-14T15:51:46.786+0000] {logging_mixin.py:190} INFO - [2026-07-14T15:51:46.786+0000] {dag.py:3211} INFO - Sync 1 DAGs
[2026-07-14T15:51:46.811+0000] {logging_mixin.py:190} INFO - [2026-07-14T15:51:46.811+0000] {dag.py:4138} INFO - Setting next_dagrun for airflow_sanity_check to None, run_after=None
[2026-07-14T15:51:46.842+0000] {processor.py:208} INFO - Processing /opt/airflow/dags/sanity_checks.py took 0.134 seconds
[2026-07-14T15:52:17.162+0000] {processor.py:186} INFO - Started process (PID=4151) to work on /opt/airflow/dags/sanity_checks.py
[2026-07-14T15:52:17.165+0000] {processor.py:914} INFO - Processing file /opt/airflow/dags/sanity_checks.py for tasks to queue
[2026-07-14T15:52:17.173+0000] {logging_mixin.py:190} INFO - [2026-07-14T15:52:17.172+0000] {dagbag.py:587} INFO - Filling up the DagBag from /opt/airflow/dags/sanity_checks.py
[2026-07-14T15:52:17.205+0000] {processor.py:925} INFO - DAG(s) 'airflow_sanity_check' retrieved from /opt/airflow/dags/sanity_checks.py
[2026-07-14T15:52:17.305+0000] {logging_mixin.py:190} INFO - [2026-07-14T15:52:17.305+0000] {dag.py:3211} INFO - Sync 1 DAGs
[2026-07-14T15:52:17.330+0000] {logging_mixin.py:190} INFO - [2026-07-14T15:52:17.330+0000] {dag.py:4138} INFO - Setting next_dagrun for airflow_sanity_check to None, run_after=None
[2026-07-14T15:52:17.359+0000] {processor.py:208} INFO - Processing /opt/airflow/dags/sanity_checks.py took 0.209 seconds
[2026-07-14T15:52:47.818+0000] {processor.py:186} INFO - Started process (PID=4161) to work on /opt/airflow/dags/sanity_checks.py
[2026-07-14T15:52:47.822+0000] {processor.py:914} INFO - Processing file /opt/airflow/dags/sanity_checks.py for tasks to queue
[2026-07-14T15:52:47.827+0000] {logging_mixin.py:190} INFO - [2026-07-14T15:52:47.826+0000] {dagbag.py:587} INFO - Filling up the DagBag from /opt/airflow/dags/sanity_checks.py
[2026-07-14T15:52:47.843+0000] {processor.py:925} INFO - DAG(s) 'airflow_sanity_check' retrieved from /opt/airflow/dags/sanity_checks.py
[2026-07-14T15:52:47.883+0000] {logging_mixin.py:190} INFO - [2026-07-14T15:52:47.883+0000] {dag.py:3211} INFO - Sync 1 DAGs
[2026-07-14T15:52:47.904+0000] {logging_mixin.py:190} INFO - [2026-07-14T15:52:47.904+0000] {dag.py:4138} INFO - Setting next_dagrun for airflow_sanity_check to None, run_after=None
[2026-07-14T15:52:47.930+0000] {processor.py:208} INFO - Processing /opt/airflow/dags/sanity_checks.py took 0.121 seconds
[2026-07-14T15:53:18.503+0000] {processor.py:186} INFO - Started process (PID=4171) to work on /opt/airflow/dags/sanity_checks.py
[2026-07-14T15:53:18.505+0000] {processor.py:914} INFO - Processing file /opt/airflow/dags/sanity_checks.py for tasks to queue
[2026-07-14T15:53:18.510+0000] {logging_mixin.py:190} INFO - [2026-07-14T15:53:18.509+0000] {dagbag.py:587} INFO - Filling up the DagBag from /opt/airflow/dags/sanity_checks.py
[2026-07-14T15:53:18.533+0000] {processor.py:925} INFO - DAG(s) 'airflow_sanity_check' retrieved from /opt/airflow/dags/sanity_checks.py
[2026-07-14T15:53:18.580+0000] {logging_mixin.py:190} INFO - [2026-07-14T15:53:18.580+0000] {dag.py:3211} INFO - Sync 1 DAGs
[2026-07-14T15:53:18.608+0000] {logging_mixin.py:190} INFO - [2026-07-14T15:53:18.608+0000] {dag.py:4138} INFO - Setting next_dagrun for airflow_sanity_check to None, run_after=None
[2026-07-14T15:53:18.636+0000] {processor.py:208} INFO - Processing /opt/airflow/dags/sanity_checks.py took 0.149 seconds
[2026-07-14T15:53:48.954+0000] {processor.py:186} INFO - Started process (PID=4181) to work on /opt/airflow/dags/sanity_checks.py
[2026-07-14T15:53:48.955+0000] {processor.py:914} INFO - Processing file /opt/airflow/dags/sanity_checks.py for tasks to queue
[2026-07-14T15:53:48.959+0000] {logging_mixin.py:190} INFO - [2026-07-14T15:53:48.959+0000] {dagbag.py:587} INFO - Filling up the DagBag from /opt/airflow/dags/sanity_checks.py
[2026-07-14T15:53:48.975+0000] {processor.py:925} INFO - DAG(s) 'airflow_sanity_check' retrieved from /opt/airflow/dags/sanity_checks.py
[2026-07-14T15:53:49.016+0000] {logging_mixin.py:190} INFO - [2026-07-14T15:53:49.016+0000] {dag.py:3211} INFO - Sync 1 DAGs
[2026-07-14T15:53:49.039+0000] {logging_mixin.py:190} INFO - [2026-07-14T15:53:49.038+0000] {dag.py:4138} INFO - Setting next_dagrun for airflow_sanity_check to None, run_after=None
[2026-07-14T15:53:49.065+0000] {processor.py:208} INFO - Processing /opt/airflow/dags/sanity_checks.py took 0.121 seconds
[2026-07-14T15:54:19.330+0000] {processor.py:186} INFO - Started process (PID=4191) to work on /opt/airflow/dags/sanity_checks.py
[2026-07-14T15:54:19.332+0000] {processor.py:914} INFO - Processing file /opt/airflow/dags/sanity_checks.py for tasks to queue
[2026-07-14T15:54:19.336+0000] {logging_mixin.py:190} INFO - [2026-07-14T15:54:19.335+0000] {dagbag.py:587} INFO - Filling up the DagBag from /opt/airflow/dags/sanity_checks.py
[2026-07-14T15:54:19.353+0000] {processor.py:925} INFO - DAG(s) 'airflow_sanity_check' retrieved from /opt/airflow/dags/sanity_checks.py
[2026-07-14T15:54:19.397+0000] {logging_mixin.py:190} INFO - [2026-07-14T15:54:19.397+0000] {dag.py:3211} INFO - Sync 1 DAGs
[2026-07-14T15:54:19.422+0000] {logging_mixin.py:190} INFO - [2026-07-14T15:54:19.422+0000] {dag.py:4138} INFO - Setting next_dagrun for airflow_sanity_check to None, run_after=None
[2026-07-14T15:54:19.456+0000] {processor.py:208} INFO - Processing /opt/airflow/dags/sanity_checks.py took 0.135 seconds
[2026-07-14T15:54:49.830+0000] {processor.py:186} INFO - Started process (PID=4201) to work on /opt/airflow/dags/sanity_checks.py
[2026-07-14T15:54:49.831+0000] {processor.py:914} INFO - Processing file /opt/airflow/dags/sanity_checks.py for tasks to queue
[2026-07-14T15:54:49.835+0000] {logging_mixin.py:190} INFO - [2026-07-14T15:54:49.835+0000] {dagbag.py:587} INFO - Filling up the DagBag from /opt/airflow/dags/sanity_checks.py
[2026-07-14T15:54:49.852+0000] {processor.py:925} INFO - DAG(s) 'airflow_sanity_check' retrieved from /opt/airflow/dags/sanity_checks.py
[2026-07-14T15:54:49.896+0000] {logging_mixin.py:190} INFO - [2026-07-14T15:54:49.895+0000] {dag.py:3211} INFO - Sync 1 DAGs
[2026-07-14T15:54:49.917+0000] {logging_mixin.py:190} INFO - [2026-07-14T15:54:49.917+0000] {dag.py:4138} INFO - Setting next_dagrun for airflow_sanity_check to None, run_after=None
[2026-07-14T15:54:49.947+0000] {processor.py:208} INFO - Processing /opt/airflow/dags/sanity_checks.py took 0.127 seconds
[2026-07-14T15:55:20.247+0000] {processor.py:186} INFO - Started process (PID=4211) to work on /opt/airflow/dags/sanity_checks.py
[2026-07-14T15:55:20.248+0000] {processor.py:914} INFO - Processing file /opt/airflow/dags/sanity_checks.py for tasks to queue
[2026-07-14T15:55:20.253+0000] {logging_mixin.py:190} INFO - [2026-07-14T15:55:20.252+0000] {dagbag.py:587} INFO - Filling up the DagBag from /opt/airflow/dags/sanity_checks.py
[2026-07-14T15:55:20.270+0000] {processor.py:925} INFO - DAG(s) 'airflow_sanity_check' retrieved from /opt/airflow/dags/sanity_checks.py
[2026-07-14T15:55:20.319+0000] {logging_mixin.py:190} INFO - [2026-07-14T15:55:20.319+0000] {dag.py:3211} INFO - Sync 1 DAGs
[2026-07-14T15:55:20.341+0000] {logging_mixin.py:190} INFO - [2026-07-14T15:55:20.341+0000] {dag.py:4138} INFO - Setting next_dagrun for airflow_sanity_check to None, run_after=None
[2026-07-14T15:55:20.368+0000] {processor.py:208} INFO - Processing /opt/airflow/dags/sanity_checks.py took 0.131 seconds
[2026-07-14T15:55:50.697+0000] {processor.py:186} INFO - Started process (PID=4221) to work on /opt/airflow/dags/sanity_checks.py
[2026-07-14T15:55:50.699+0000] {processor.py:914} INFO - Processing file /opt/airflow/dags/sanity_checks.py for tasks to queue
[2026-07-14T15:55:50.705+0000] {logging_mixin.py:190} INFO - [2026-07-14T15:55:50.704+0000] {dagbag.py:587} INFO - Filling up the DagBag from /opt/airflow/dags/sanity_checks.py
[2026-07-14T15:55:50.720+0000] {processor.py:925} INFO - DAG(s) 'airflow_sanity_check' retrieved from /opt/airflow/dags/sanity_checks.py
[2026-07-14T15:55:50.763+0000] {logging_mixin.py:190} INFO - [2026-07-14T15:55:50.763+0000] {dag.py:3211} INFO - Sync 1 DAGs
[2026-07-14T15:55:50.784+0000] {logging_mixin.py:190} INFO - [2026-07-14T15:55:50.784+0000] {dag.py:4138} INFO - Setting next_dagrun for airflow_sanity_check to None, run_after=None
[2026-07-14T15:55:50.814+0000] {processor.py:208} INFO - Processing /opt/airflow/dags/sanity_checks.py took 0.128 seconds
[2026-07-14T15:56:21.178+0000] {processor.py:186} INFO - Started process (PID=4231) to work on /opt/airflow/dags/sanity_checks.py
[2026-07-14T15:56:21.181+0000] {processor.py:914} INFO - Processing file /opt/airflow/dags/sanity_checks.py for tasks to queue
[2026-07-14T15:56:21.186+0000] {logging_mixin.py:190} INFO - [2026-07-14T15:56:21.185+0000] {dagbag.py:587} INFO - Filling up the DagBag from /opt/airflow/dags/sanity_checks.py
[2026-07-14T15:56:21.208+0000] {processor.py:925} INFO - DAG(s) 'airflow_sanity_check' retrieved from /opt/airflow/dags/sanity_checks.py
[2026-07-14T15:56:21.252+0000] {logging_mixin.py:190} INFO - [2026-07-14T15:56:21.252+0000] {dag.py:3211} INFO - Sync 1 DAGs
[2026-07-14T15:56:21.275+0000] {logging_mixin.py:190} INFO - [2026-07-14T15:56:21.274+0000] {dag.py:4138} INFO - Setting next_dagrun for airflow_sanity_check to None, run_after=None
[2026-07-14T15:56:21.314+0000] {processor.py:208} INFO - Processing /opt/airflow/dags/sanity_checks.py took 0.151 seconds
[2026-07-14T15:56:51.675+0000] {processor.py:186} INFO - Started process (PID=4241) to work on /opt/airflow/dags/sanity_checks.py
[2026-07-14T15:56:51.679+0000] {processor.py:914} INFO - Processing file /opt/airflow/dags/sanity_checks.py for tasks to queue
[2026-07-14T15:56:51.682+0000] {logging_mixin.py:190} INFO - [2026-07-14T15:56:51.682+0000] {dagbag.py:587} INFO - Filling up the DagBag from /opt/airflow/dags/sanity_checks.py
[2026-07-14T15:56:51.699+0000] {processor.py:925} INFO - DAG(s) 'airflow_sanity_check' retrieved from /opt/airflow/dags/sanity_checks.py
[2026-07-14T15:56:51.747+0000] {logging_mixin.py:190} INFO - [2026-07-14T15:56:51.746+0000] {dag.py:3211} INFO - Sync 1 DAGs
[2026-07-14T15:56:51.769+0000] {logging_mixin.py:190} INFO - [2026-07-14T15:56:51.769+0000] {dag.py:4138} INFO - Setting next_dagrun for airflow_sanity_check to None, run_after=None
[2026-07-14T15:56:51.799+0000] {processor.py:208} INFO - Processing /opt/airflow/dags/sanity_checks.py took 0.135 seconds
[2026-07-14T15:57:22.113+0000] {processor.py:186} INFO - Started process (PID=4251) to work on /opt/airflow/dags/sanity_checks.py
[2026-07-14T15:57:22.114+0000] {processor.py:914} INFO - Processing file /opt/airflow/dags/sanity_checks.py for tasks to queue
[2026-07-14T15:57:22.118+0000] {logging_mixin.py:190} INFO - [2026-07-14T15:57:22.117+0000] {dagbag.py:587} INFO - Filling up the DagBag from /opt/airflow/dags/sanity_checks.py
[2026-07-14T15:57:22.136+0000] {processor.py:925} INFO - DAG(s) 'airflow_sanity_check' retrieved from /opt/airflow/dags/sanity_checks.py
[2026-07-14T15:57:22.180+0000] {logging_mixin.py:190} INFO - [2026-07-14T15:57:22.180+0000] {dag.py:3211} INFO - Sync 1 DAGs
[2026-07-14T15:57:22.204+0000] {logging_mixin.py:190} INFO - [2026-07-14T15:57:22.204+0000] {dag.py:4138} INFO - Setting next_dagrun for airflow_sanity_check to None, run_after=None
[2026-07-14T15:57:22.234+0000] {processor.py:208} INFO - Processing /opt/airflow/dags/sanity_checks.py took 0.130 seconds
[2026-07-14T15:57:52.586+0000] {processor.py:186} INFO - Started process (PID=4261) to work on /opt/airflow/dags/sanity_checks.py
[2026-07-14T15:57:52.588+0000] {processor.py:914} INFO - Processing file /opt/airflow/dags/sanity_checks.py for tasks to queue
[2026-07-14T15:57:52.591+0000] {logging_mixin.py:190} INFO - [2026-07-14T15:57:52.591+0000] {dagbag.py:587} INFO - Filling up the DagBag from /opt/airflow/dags/sanity_checks.py
[2026-07-14T15:57:52.608+0000] {processor.py:925} INFO - DAG(s) 'airflow_sanity_check' retrieved from /opt/airflow/dags/sanity_checks.py
[2026-07-14T15:57:52.650+0000] {logging_mixin.py:190} INFO - [2026-07-14T15:57:52.649+0000] {dag.py:3211} INFO - Sync 1 DAGs
[2026-07-14T15:57:52.671+0000] {logging_mixin.py:190} INFO - [2026-07-14T15:57:52.671+0000] {dag.py:4138} INFO - Setting next_dagrun for airflow_sanity_check to None, run_after=None
[2026-07-14T15:57:52.698+0000] {processor.py:208} INFO - Processing /opt/airflow/dags/sanity_checks.py took 0.121 seconds
[2026-07-14T15:58:23.288+0000] {processor.py:186} INFO - Started process (PID=4271) to work on /opt/airflow/dags/sanity_checks.py
[2026-07-14T15:58:23.291+0000] {processor.py:914} INFO - Processing file /opt/airflow/dags/sanity_checks.py for tasks to queue
[2026-07-14T15:58:23.304+0000] {logging_mixin.py:190} INFO - [2026-07-14T15:58:23.303+0000] {dagbag.py:587} INFO - Filling up the DagBag from /opt/airflow/dags/sanity_checks.py
[2026-07-14T15:58:23.372+0000] {processor.py:925} INFO - DAG(s) 'airflow_sanity_check' retrieved from /opt/airflow/dags/sanity_checks.py
[2026-07-14T15:58:23.470+0000] {logging_mixin.py:190} INFO - [2026-07-14T15:58:23.469+0000] {dag.py:3211} INFO - Sync 1 DAGs
[2026-07-14T15:58:23.510+0000] {logging_mixin.py:190} INFO - [2026-07-14T15:58:23.510+0000] {dag.py:4138} INFO - Setting next_dagrun for airflow_sanity_check to None, run_after=None
[2026-07-14T15:58:23.549+0000] {processor.py:208} INFO - Processing /opt/airflow/dags/sanity_checks.py took 0.308 seconds
[2026-07-14T15:58:53.873+0000] {processor.py:186} INFO - Started process (PID=4281) to work on /opt/airflow/dags/sanity_checks.py
[2026-07-14T15:58:53.875+0000] {processor.py:914} INFO - Processing file /opt/airflow/dags/sanity_checks.py for tasks to queue
[2026-07-14T15:58:53.880+0000] {logging_mixin.py:190} INFO - [2026-07-14T15:58:53.880+0000] {dagbag.py:587} INFO - Filling up the DagBag from /opt/airflow/dags/sanity_checks.py
[2026-07-14T15:58:53.902+0000] {processor.py:925} INFO - DAG(s) 'airflow_sanity_check' retrieved from /opt/airflow/dags/sanity_checks.py
[2026-07-14T15:58:53.953+0000] {logging_mixin.py:190} INFO - [2026-07-14T15:58:53.953+0000] {dag.py:3211} INFO - Sync 1 DAGs
[2026-07-14T15:58:53.977+0000] {logging_mixin.py:190} INFO - [2026-07-14T15:58:53.976+0000] {dag.py:4138} INFO - Setting next_dagrun for airflow_sanity_check to None, run_after=None
[2026-07-14T15:58:54.008+0000] {processor.py:208} INFO - Processing /opt/airflow/dags/sanity_checks.py took 0.144 seconds
[2026-07-14T15:59:24.299+0000] {processor.py:186} INFO - Started process (PID=4291) to work on /opt/airflow/dags/sanity_checks.py
[2026-07-14T15:59:24.301+0000] {processor.py:914} INFO - Processing file /opt/airflow/dags/sanity_checks.py for tasks to queue
[2026-07-14T15:59:24.305+0000] {logging_mixin.py:190} INFO - [2026-07-14T15:59:24.305+0000] {dagbag.py:587} INFO - Filling up the DagBag from /opt/airflow/dags/sanity_checks.py
[2026-07-14T15:59:24.321+0000] {processor.py:925} INFO - DAG(s) 'airflow_sanity_check' retrieved from /opt/airflow/dags/sanity_checks.py
[2026-07-14T15:59:24.365+0000] {logging_mixin.py:190} INFO - [2026-07-14T15:59:24.365+0000] {dag.py:3211} INFO - Sync 1 DAGs
[2026-07-14T15:59:24.387+0000] {logging_mixin.py:190} INFO - [2026-07-14T15:59:24.387+0000] {dag.py:4138} INFO - Setting next_dagrun for airflow_sanity_check to None, run_after=None
[2026-07-14T15:59:24.417+0000] {processor.py:208} INFO - Processing /opt/airflow/dags/sanity_checks.py took 0.126 seconds
[2026-07-14T15:59:54.733+0000] {processor.py:186} INFO - Started process (PID=4301) to work on /opt/airflow/dags/sanity_checks.py
[2026-07-14T15:59:54.735+0000] {processor.py:914} INFO - Processing file /opt/airflow/dags/sanity_checks.py for tasks to queue
[2026-07-14T15:59:54.738+0000] {logging_mixin.py:190} INFO - [2026-07-14T15:59:54.737+0000] {dagbag.py:587} INFO - Filling up the DagBag from /opt/airflow/dags/sanity_checks.py
[2026-07-14T15:59:54.753+0000] {processor.py:925} INFO - DAG(s) 'airflow_sanity_check' retrieved from /opt/airflow/dags/sanity_checks.py
[2026-07-14T15:59:54.802+0000] {logging_mixin.py:190} INFO - [2026-07-14T15:59:54.801+0000] {dag.py:3211} INFO - Sync 1 DAGs
[2026-07-14T15:59:54.825+0000] {logging_mixin.py:190} INFO - [2026-07-14T15:59:54.825+0000] {dag.py:4138} INFO - Setting next_dagrun for airflow_sanity_check to None, run_after=None
[2026-07-14T15:59:54.850+0000] {processor.py:208} INFO - Processing /opt/airflow/dags/sanity_checks.py took 0.127 seconds
[2026-07-14T16:00:25.180+0000] {processor.py:186} INFO - Started process (PID=4311) to work on /opt/airflow/dags/sanity_checks.py
[2026-07-14T16:00:25.181+0000] {processor.py:914} INFO - Processing file /opt/airflow/dags/sanity_checks.py for tasks to queue
[2026-07-14T16:00:25.185+0000] {logging_mixin.py:190} INFO - [2026-07-14T16:00:25.185+0000] {dagbag.py:587} INFO - Filling up the DagBag from /opt/airflow/dags/sanity_checks.py
[2026-07-14T16:00:25.206+0000] {processor.py:925} INFO - DAG(s) 'airflow_sanity_check' retrieved from /opt/airflow/dags/sanity_checks.py
[2026-07-14T16:00:25.259+0000] {logging_mixin.py:190} INFO - [2026-07-14T16:00:25.258+0000] {dag.py:3211} INFO - Sync 1 DAGs
[2026-07-14T16:00:25.285+0000] {logging_mixin.py:190} INFO - [2026-07-14T16:00:25.285+0000] {dag.py:4138} INFO - Setting next_dagrun for airflow_sanity_check to None, run_after=None
[2026-07-14T16:00:25.316+0000] {processor.py:208} INFO - Processing /opt/airflow/dags/sanity_checks.py took 0.149 seconds
[2026-07-14T16:00:55.614+0000] {processor.py:186} INFO - Started process (PID=4321) to work on /opt/airflow/dags/sanity_checks.py
[2026-07-14T16:00:55.616+0000] {processor.py:914} INFO - Processing file /opt/airflow/dags/sanity_checks.py for tasks to queue
[2026-07-14T16:00:55.619+0000] {logging_mixin.py:190} INFO - [2026-07-14T16:00:55.619+0000] {dagbag.py:587} INFO - Filling up the DagBag from /opt/airflow/dags/sanity_checks.py
[2026-07-14T16:00:55.636+0000] {processor.py:925} INFO - DAG(s) 'airflow_sanity_check' retrieved from /opt/airflow/dags/sanity_checks.py
[2026-07-14T16:00:55.677+0000] {logging_mixin.py:190} INFO - [2026-07-14T16:00:55.676+0000] {dag.py:3211} INFO - Sync 1 DAGs
[2026-07-14T16:00:55.699+0000] {logging_mixin.py:190} INFO - [2026-07-14T16:00:55.699+0000] {dag.py:4138} INFO - Setting next_dagrun for airflow_sanity_check to None, run_after=None
[2026-07-14T16:00:55.732+0000] {processor.py:208} INFO - Processing /opt/airflow/dags/sanity_checks.py took 0.127 seconds
[2026-07-14T16:01:26.084+0000] {processor.py:186} INFO - Started process (PID=4331) to work on /opt/airflow/dags/sanity_checks.py
[2026-07-14T16:01:26.088+0000] {processor.py:914} INFO - Processing file /opt/airflow/dags/sanity_checks.py for tasks to queue
[2026-07-14T16:01:26.092+0000] {logging_mixin.py:190} INFO - [2026-07-14T16:01:26.092+0000] {dagbag.py:587} INFO - Filling up the DagBag from /opt/airflow/dags/sanity_checks.py
[2026-07-14T16:01:26.116+0000] {processor.py:925} INFO - DAG(s) 'airflow_sanity_check' retrieved from /opt/airflow/dags/sanity_checks.py
[2026-07-14T16:01:26.187+0000] {logging_mixin.py:190} INFO - [2026-07-14T16:01:26.186+0000] {dag.py:3211} INFO - Sync 1 DAGs
[2026-07-14T16:01:26.228+0000] {logging_mixin.py:190} INFO - [2026-07-14T16:01:26.227+0000] {dag.py:4138} INFO - Setting next_dagrun for airflow_sanity_check to None, run_after=None
[2026-07-14T16:01:26.268+0000] {processor.py:208} INFO - Processing /opt/airflow/dags/sanity_checks.py took 0.199 seconds
[2026-07-14T16:01:56.565+0000] {processor.py:186} INFO - Started process (PID=4341) to work on /opt/airflow/dags/sanity_checks.py
[2026-07-14T16:01:56.567+0000] {processor.py:914} INFO - Processing file /opt/airflow/dags/sanity_checks.py for tasks to queue
[2026-07-14T16:01:56.571+0000] {logging_mixin.py:190} INFO - [2026-07-14T16:01:56.571+0000] {dagbag.py:587} INFO - Filling up the DagBag from /opt/airflow/dags/sanity_checks.py
[2026-07-14T16:01:56.587+0000] {processor.py:925} INFO - DAG(s) 'airflow_sanity_check' retrieved from /opt/airflow/dags/sanity_checks.py
[2026-07-14T16:01:56.630+0000] {logging_mixin.py:190} INFO - [2026-07-14T16:01:56.630+0000] {dag.py:3211} INFO - Sync 1 DAGs
[2026-07-14T16:01:56.655+0000] {logging_mixin.py:190} INFO - [2026-07-14T16:01:56.654+0000] {dag.py:4138} INFO - Setting next_dagrun for airflow_sanity_check to None, run_after=None
[2026-07-14T16:01:56.684+0000] {processor.py:208} INFO - Processing /opt/airflow/dags/sanity_checks.py took 0.128 seconds
[2026-07-14T16:02:27.049+0000] {processor.py:186} INFO - Started process (PID=4351) to work on /opt/airflow/dags/sanity_checks.py
[2026-07-14T16:02:27.054+0000] {processor.py:914} INFO - Processing file /opt/airflow/dags/sanity_checks.py for tasks to queue
[2026-07-14T16:02:27.061+0000] {logging_mixin.py:190} INFO - [2026-07-14T16:02:27.060+0000] {dagbag.py:587} INFO - Filling up the DagBag from /opt/airflow/dags/sanity_checks.py
[2026-07-14T16:02:27.087+0000] {processor.py:925} INFO - DAG(s) 'airflow_sanity_check' retrieved from /opt/airflow/dags/sanity_checks.py
[2026-07-14T16:02:27.138+0000] {logging_mixin.py:190} INFO - [2026-07-14T16:02:27.137+0000] {dag.py:3211} INFO - Sync 1 DAGs
[2026-07-14T16:02:27.166+0000] {logging_mixin.py:190} INFO - [2026-07-14T16:02:27.165+0000] {dag.py:4138} INFO - Setting next_dagrun for airflow_sanity_check to None, run_after=None
[2026-07-14T16:02:27.195+0000] {processor.py:208} INFO - Processing /opt/airflow/dags/sanity_checks.py took 0.170 seconds
[2026-07-14T16:02:57.479+0000] {processor.py:186} INFO - Started process (PID=4361) to work on /opt/airflow/dags/sanity_checks.py
[2026-07-14T16:02:57.481+0000] {processor.py:914} INFO - Processing file /opt/airflow/dags/sanity_checks.py for tasks to queue
[2026-07-14T16:02:57.484+0000] {logging_mixin.py:190} INFO - [2026-07-14T16:02:57.483+0000] {dagbag.py:587} INFO - Filling up the DagBag from /opt/airflow/dags/sanity_checks.py
[2026-07-14T16:02:57.502+0000] {processor.py:925} INFO - DAG(s) 'airflow_sanity_check' retrieved from /opt/airflow/dags/sanity_checks.py
[2026-07-14T16:02:57.549+0000] {logging_mixin.py:190} INFO - [2026-07-14T16:02:57.548+0000] {dag.py:3211} INFO - Sync 1 DAGs
[2026-07-14T16:02:57.574+0000] {logging_mixin.py:190} INFO - [2026-07-14T16:02:57.573+0000] {dag.py:4138} INFO - Setting next_dagrun for airflow_sanity_check to None, run_after=None
[2026-07-14T16:02:57.605+0000] {processor.py:208} INFO - Processing /opt/airflow/dags/sanity_checks.py took 0.136 seconds
[2026-07-14T16:03:27.868+0000] {processor.py:186} INFO - Started process (PID=4371) to work on /opt/airflow/dags/sanity_checks.py
[2026-07-14T16:03:27.869+0000] {processor.py:914} INFO - Processing file /opt/airflow/dags/sanity_checks.py for tasks to queue
[2026-07-14T16:03:27.874+0000] {logging_mixin.py:190} INFO - [2026-07-14T16:03:27.873+0000] {dagbag.py:587} INFO - Filling up the DagBag from /opt/airflow/dags/sanity_checks.py
[2026-07-14T16:03:27.894+0000] {processor.py:925} INFO - DAG(s) 'airflow_sanity_check' retrieved from /opt/airflow/dags/sanity_checks.py
[2026-07-14T16:03:27.993+0000] {logging_mixin.py:190} INFO - [2026-07-14T16:03:27.992+0000] {dag.py:3211} INFO - Sync 1 DAGs
[2026-07-14T16:03:28.025+0000] {logging_mixin.py:190} INFO - [2026-07-14T16:03:28.024+0000] {dag.py:4138} INFO - Setting next_dagrun for airflow_sanity_check to None, run_after=None
[2026-07-14T16:03:28.056+0000] {processor.py:208} INFO - Processing /opt/airflow/dags/sanity_checks.py took 0.199 seconds
[2026-07-14T16:03:58.330+0000] {processor.py:186} INFO - Started process (PID=4381) to work on /opt/airflow/dags/sanity_checks.py
[2026-07-14T16:03:58.333+0000] {processor.py:914} INFO - Processing file /opt/airflow/dags/sanity_checks.py for tasks to queue
[2026-07-14T16:03:58.337+0000] {logging_mixin.py:190} INFO - [2026-07-14T16:03:58.336+0000] {dagbag.py:587} INFO - Filling up the DagBag from /opt/airflow/dags/sanity_checks.py
[2026-07-14T16:03:58.355+0000] {processor.py:925} INFO - DAG(s) 'airflow_sanity_check' retrieved from /opt/airflow/dags/sanity_checks.py
[2026-07-14T16:03:58.404+0000] {logging_mixin.py:190} INFO - [2026-07-14T16:03:58.403+0000] {dag.py:3211} INFO - Sync 1 DAGs
[2026-07-14T16:03:58.426+0000] {logging_mixin.py:190} INFO - [2026-07-14T16:03:58.426+0000] {dag.py:4138} INFO - Setting next_dagrun for airflow_sanity_check to None, run_after=None
[2026-07-14T16:03:58.469+0000] {processor.py:208} INFO - Processing /opt/airflow/dags/sanity_checks.py took 0.168 seconds
[2026-07-14T16:04:28.787+0000] {processor.py:186} INFO - Started process (PID=4391) to work on /opt/airflow/dags/sanity_checks.py
[2026-07-14T16:04:28.789+0000] {processor.py:914} INFO - Processing file /opt/airflow/dags/sanity_checks.py for tasks to queue
[2026-07-14T16:04:28.792+0000] {logging_mixin.py:190} INFO - [2026-07-14T16:04:28.792+0000] {dagbag.py:587} INFO - Filling up the DagBag from /opt/airflow/dags/sanity_checks.py
[2026-07-14T16:04:28.807+0000] {processor.py:925} INFO - DAG(s) 'airflow_sanity_check' retrieved from /opt/airflow/dags/sanity_checks.py
[2026-07-14T16:04:28.848+0000] {logging_mixin.py:190} INFO - [2026-07-14T16:04:28.848+0000] {dag.py:3211} INFO - Sync 1 DAGs
[2026-07-14T16:04:28.871+0000] {logging_mixin.py:190} INFO - [2026-07-14T16:04:28.870+0000] {dag.py:4138} INFO - Setting next_dagrun for airflow_sanity_check to None, run_after=None
[2026-07-14T16:04:28.897+0000] {processor.py:208} INFO - Processing /opt/airflow/dags/sanity_checks.py took 0.118 seconds
[2026-07-14T16:04:59.243+0000] {processor.py:186} INFO - Started process (PID=4401) to work on /opt/airflow/dags/sanity_checks.py
[2026-07-14T16:04:59.245+0000] {processor.py:914} INFO - Processing file /opt/airflow/dags/sanity_checks.py for tasks to queue
[2026-07-14T16:04:59.250+0000] {logging_mixin.py:190} INFO - [2026-07-14T16:04:59.249+0000] {dagbag.py:587} INFO - Filling up the DagBag from /opt/airflow/dags/sanity_checks.py
[2026-07-14T16:04:59.266+0000] {processor.py:925} INFO - DAG(s) 'airflow_sanity_check' retrieved from /opt/airflow/dags/sanity_checks.py
[2026-07-14T16:04:59.307+0000] {logging_mixin.py:190} INFO - [2026-07-14T16:04:59.306+0000] {dag.py:3211} INFO - Sync 1 DAGs
[2026-07-14T16:04:59.328+0000] {logging_mixin.py:190} INFO - [2026-07-14T16:04:59.327+0000] {dag.py:4138} INFO - Setting next_dagrun for airflow_sanity_check to None, run_after=None
[2026-07-14T16:04:59.358+0000] {processor.py:208} INFO - Processing /opt/airflow/dags/sanity_checks.py took 0.125 seconds
[2026-07-14T16:05:29.657+0000] {processor.py:186} INFO - Started process (PID=4411) to work on /opt/airflow/dags/sanity_checks.py
[2026-07-14T16:05:29.661+0000] {processor.py:914} INFO - Processing file /opt/airflow/dags/sanity_checks.py for tasks to queue
[2026-07-14T16:05:29.666+0000] {logging_mixin.py:190} INFO - [2026-07-14T16:05:29.665+0000] {dagbag.py:587} INFO - Filling up the DagBag from /opt/airflow/dags/sanity_checks.py
[2026-07-14T16:05:29.683+0000] {processor.py:925} INFO - DAG(s) 'airflow_sanity_check' retrieved from /opt/airflow/dags/sanity_checks.py
[2026-07-14T16:05:29.726+0000] {logging_mixin.py:190} INFO - [2026-07-14T16:05:29.726+0000] {dag.py:3211} INFO - Sync 1 DAGs
[2026-07-14T16:05:29.751+0000] {logging_mixin.py:190} INFO - [2026-07-14T16:05:29.751+0000] {dag.py:4138} INFO - Setting next_dagrun for airflow_sanity_check to None, run_after=None
[2026-07-14T16:05:29.789+0000] {processor.py:208} INFO - Processing /opt/airflow/dags/sanity_checks.py took 0.141 seconds
[2026-07-14T16:06:00.155+0000] {processor.py:186} INFO - Started process (PID=4421) to work on /opt/airflow/dags/sanity_checks.py
[2026-07-14T16:06:00.156+0000] {processor.py:914} INFO - Processing file /opt/airflow/dags/sanity_checks.py for tasks to queue
[2026-07-14T16:06:00.160+0000] {logging_mixin.py:190} INFO - [2026-07-14T16:06:00.160+0000] {dagbag.py:587} INFO - Filling up the DagBag from /opt/airflow/dags/sanity_checks.py
[2026-07-14T16:06:00.176+0000] {processor.py:925} INFO - DAG(s) 'airflow_sanity_check' retrieved from /opt/airflow/dags/sanity_checks.py
[2026-07-14T16:06:00.218+0000] {logging_mixin.py:190} INFO - [2026-07-14T16:06:00.218+0000] {dag.py:3211} INFO - Sync 1 DAGs
[2026-07-14T16:06:00.241+0000] {logging_mixin.py:190} INFO - [2026-07-14T16:06:00.241+0000] {dag.py:4138} INFO - Setting next_dagrun for airflow_sanity_check to None, run_after=None
[2026-07-14T16:06:00.271+0000] {processor.py:208} INFO - Processing /opt/airflow/dags/sanity_checks.py took 0.126 seconds
[2026-07-14T16:06:30.570+0000] {processor.py:186} INFO - Started process (PID=4431) to work on /opt/airflow/dags/sanity_checks.py
[2026-07-14T16:06:30.571+0000] {processor.py:914} INFO - Processing file /opt/airflow/dags/sanity_checks.py for tasks to queue
[2026-07-14T16:06:30.575+0000] {logging_mixin.py:190} INFO - [2026-07-14T16:06:30.574+0000] {dagbag.py:587} INFO - Filling up the DagBag from /opt/airflow/dags/sanity_checks.py
[2026-07-14T16:06:30.591+0000] {processor.py:925} INFO - DAG(s) 'airflow_sanity_check' retrieved from /opt/airflow/dags/sanity_checks.py
[2026-07-14T16:06:30.633+0000] {logging_mixin.py:190} INFO - [2026-07-14T16:06:30.632+0000] {dag.py:3211} INFO - Sync 1 DAGs
[2026-07-14T16:06:30.653+0000] {logging_mixin.py:190} INFO - [2026-07-14T16:06:30.653+0000] {dag.py:4138} INFO - Setting next_dagrun for airflow_sanity_check to None, run_after=None
[2026-07-14T16:06:30.682+0000] {processor.py:208} INFO - Processing /opt/airflow/dags/sanity_checks.py took 0.122 seconds
[2026-07-14T16:07:00.979+0000] {processor.py:186} INFO - Started process (PID=4441) to work on /opt/airflow/dags/sanity_checks.py
[2026-07-14T16:07:00.981+0000] {processor.py:914} INFO - Processing file /opt/airflow/dags/sanity_checks.py for tasks to queue
[2026-07-14T16:07:00.984+0000] {logging_mixin.py:190} INFO - [2026-07-14T16:07:00.984+0000] {dagbag.py:587} INFO - Filling up the DagBag from /opt/airflow/dags/sanity_checks.py
[2026-07-14T16:07:01.000+0000] {processor.py:925} INFO - DAG(s) 'airflow_sanity_check' retrieved from /opt/airflow/dags/sanity_checks.py
[2026-07-14T16:07:01.042+0000] {logging_mixin.py:190} INFO - [2026-07-14T16:07:01.041+0000] {dag.py:3211} INFO - Sync 1 DAGs
[2026-07-14T16:07:01.063+0000] {logging_mixin.py:190} INFO - [2026-07-14T16:07:01.063+0000] {dag.py:4138} INFO - Setting next_dagrun for airflow_sanity_check to None, run_after=None
[2026-07-14T16:07:01.091+0000] {processor.py:208} INFO - Processing /opt/airflow/dags/sanity_checks.py took 0.122 seconds
[2026-07-14T16:07:31.505+0000] {processor.py:186} INFO - Started process (PID=4451) to work on /opt/airflow/dags/sanity_checks.py
[2026-07-14T16:07:31.507+0000] {processor.py:914} INFO - Processing file /opt/airflow/dags/sanity_checks.py for tasks to queue
[2026-07-14T16:07:31.510+0000] {logging_mixin.py:190} INFO - [2026-07-14T16:07:31.510+0000] {dagbag.py:587} INFO - Filling up the DagBag from /opt/airflow/dags/sanity_checks.py
[2026-07-14T16:07:31.526+0000] {processor.py:925} INFO - DAG(s) 'airflow_sanity_check' retrieved from /opt/airflow/dags/sanity_checks.py
[2026-07-14T16:07:31.569+0000] {logging_mixin.py:190} INFO - [2026-07-14T16:07:31.569+0000] {dag.py:3211} INFO - Sync 1 DAGs
[2026-07-14T16:07:31.590+0000] {logging_mixin.py:190} INFO - [2026-07-14T16:07:31.590+0000] {dag.py:4138} INFO - Setting next_dagrun for airflow_sanity_check to None, run_after=None
[2026-07-14T16:07:31.619+0000] {processor.py:208} INFO - Processing /opt/airflow/dags/sanity_checks.py took 0.123 seconds
[2026-07-14T16:08:01.935+0000] {processor.py:186} INFO - Started process (PID=4461) to work on /opt/airflow/dags/sanity_checks.py
[2026-07-14T16:08:01.939+0000] {processor.py:914} INFO - Processing file /opt/airflow/dags/sanity_checks.py for tasks to queue
[2026-07-14T16:08:01.943+0000] {logging_mixin.py:190} INFO - [2026-07-14T16:08:01.942+0000] {dagbag.py:587} INFO - Filling up the DagBag from /opt/airflow/dags/sanity_checks.py
[2026-07-14T16:08:01.960+0000] {processor.py:925} INFO - DAG(s) 'airflow_sanity_check' retrieved from /opt/airflow/dags/sanity_checks.py
[2026-07-14T16:08:02.003+0000] {logging_mixin.py:190} INFO - [2026-07-14T16:08:02.003+0000] {dag.py:3211} INFO - Sync 1 DAGs
[2026-07-14T16:08:02.025+0000] {logging_mixin.py:190} INFO - [2026-07-14T16:08:02.025+0000] {dag.py:4138} INFO - Setting next_dagrun for airflow_sanity_check to None, run_after=None
[2026-07-14T16:08:02.053+0000] {processor.py:208} INFO - Processing /opt/airflow/dags/sanity_checks.py took 0.127 seconds
[2026-07-14T16:08:32.296+0000] {processor.py:186} INFO - Started process (PID=4471) to work on /opt/airflow/dags/sanity_checks.py
[2026-07-14T16:08:32.297+0000] {processor.py:914} INFO - Processing file /opt/airflow/dags/sanity_checks.py for tasks to queue
[2026-07-14T16:08:32.302+0000] {logging_mixin.py:190} INFO - [2026-07-14T16:08:32.301+0000] {dagbag.py:587} INFO - Filling up the DagBag from /opt/airflow/dags/sanity_checks.py
[2026-07-14T16:08:32.318+0000] {processor.py:925} INFO - DAG(s) 'airflow_sanity_check' retrieved from /opt/airflow/dags/sanity_checks.py
[2026-07-14T16:08:32.360+0000] {logging_mixin.py:190} INFO - [2026-07-14T16:08:32.360+0000] {dag.py:3211} INFO - Sync 1 DAGs
[2026-07-14T16:08:32.383+0000] {logging_mixin.py:190} INFO - [2026-07-14T16:08:32.382+0000] {dag.py:4138} INFO - Setting next_dagrun for airflow_sanity_check to None, run_after=None
[2026-07-14T16:08:32.409+0000] {processor.py:208} INFO - Processing /opt/airflow/dags/sanity_checks.py took 0.122 seconds
[2026-07-14T16:09:02.707+0000] {processor.py:186} INFO - Started process (PID=4481) to work on /opt/airflow/dags/sanity_checks.py
[2026-07-14T16:09:02.708+0000] {processor.py:914} INFO - Processing file /opt/airflow/dags/sanity_checks.py for tasks to queue
[2026-07-14T16:09:02.713+0000] {logging_mixin.py:190} INFO - [2026-07-14T16:09:02.712+0000] {dagbag.py:587} INFO - Filling up the DagBag from /opt/airflow/dags/sanity_checks.py
[2026-07-14T16:09:02.728+0000] {processor.py:925} INFO - DAG(s) 'airflow_sanity_check' retrieved from /opt/airflow/dags/sanity_checks.py
[2026-07-14T16:09:02.771+0000] {logging_mixin.py:190} INFO - [2026-07-14T16:09:02.771+0000] {dag.py:3211} INFO - Sync 1 DAGs
[2026-07-14T16:09:02.792+0000] {logging_mixin.py:190} INFO - [2026-07-14T16:09:02.792+0000] {dag.py:4138} INFO - Setting next_dagrun for airflow_sanity_check to None, run_after=None
[2026-07-14T16:09:02.821+0000] {processor.py:208} INFO - Processing /opt/airflow/dags/sanity_checks.py took 0.123 seconds
[2026-07-14T16:09:34.477+0000] {processor.py:186} INFO - Started process (PID=4491) to work on /opt/airflow/dags/sanity_checks.py
[2026-07-14T16:09:34.530+0000] {processor.py:914} INFO - Processing file /opt/airflow/dags/sanity_checks.py for tasks to queue
[2026-07-14T16:09:34.544+0000] {logging_mixin.py:190} INFO - [2026-07-14T16:09:34.543+0000] {dagbag.py:587} INFO - Filling up the DagBag from /opt/airflow/dags/sanity_checks.py
[2026-07-14T16:09:34.618+0000] {processor.py:925} INFO - DAG(s) 'airflow_sanity_check' retrieved from /opt/airflow/dags/sanity_checks.py
[2026-07-14T16:09:34.894+0000] {logging_mixin.py:190} INFO - [2026-07-14T16:09:34.893+0000] {dag.py:3211} INFO - Sync 1 DAGs
[2026-07-14T16:09:35.006+0000] {logging_mixin.py:190} INFO - [2026-07-14T16:09:35.005+0000] {dag.py:4138} INFO - Setting next_dagrun for airflow_sanity_check to None, run_after=None
[2026-07-14T16:09:35.098+0000] {processor.py:208} INFO - Processing /opt/airflow/dags/sanity_checks.py took 0.664 seconds
[2026-07-14T16:10:05.466+0000] {processor.py:186} INFO - Started process (PID=4501) to work on /opt/airflow/dags/sanity_checks.py
[2026-07-14T16:10:05.470+0000] {processor.py:914} INFO - Processing file /opt/airflow/dags/sanity_checks.py for tasks to queue
[2026-07-14T16:10:05.474+0000] {logging_mixin.py:190} INFO - [2026-07-14T16:10:05.473+0000] {dagbag.py:587} INFO - Filling up the DagBag from /opt/airflow/dags/sanity_checks.py
[2026-07-14T16:10:05.491+0000] {processor.py:925} INFO - DAG(s) 'airflow_sanity_check' retrieved from /opt/airflow/dags/sanity_checks.py
[2026-07-14T16:10:05.532+0000] {logging_mixin.py:190} INFO - [2026-07-14T16:10:05.532+0000] {dag.py:3211} INFO - Sync 1 DAGs
[2026-07-14T16:10:05.553+0000] {logging_mixin.py:190} INFO - [2026-07-14T16:10:05.552+0000] {dag.py:4138} INFO - Setting next_dagrun for airflow_sanity_check to None, run_after=None
[2026-07-14T16:10:05.581+0000] {processor.py:208} INFO - Processing /opt/airflow/dags/sanity_checks.py took 0.124 seconds
[2026-07-14T16:11:02.207+0000] {processor.py:186} INFO - Started process (PID=4506) to work on /opt/airflow/dags/sanity_checks.py
[2026-07-14T16:11:02.208+0000] {processor.py:914} INFO - Processing file /opt/airflow/dags/sanity_checks.py for tasks to queue
[2026-07-14T16:11:02.212+0000] {logging_mixin.py:190} INFO - [2026-07-14T16:11:02.211+0000] {dagbag.py:587} INFO - Filling up the DagBag from /opt/airflow/dags/sanity_checks.py
[2026-07-14T16:11:02.227+0000] {processor.py:925} INFO - DAG(s) 'airflow_sanity_check' retrieved from /opt/airflow/dags/sanity_checks.py
[2026-07-14T16:11:02.272+0000] {logging_mixin.py:190} INFO - [2026-07-14T16:11:02.271+0000] {dag.py:3211} INFO - Sync 1 DAGs
[2026-07-14T16:11:02.293+0000] {logging_mixin.py:190} INFO - [2026-07-14T16:11:02.293+0000] {dag.py:4138} INFO - Setting next_dagrun for airflow_sanity_check to None, run_after=None
[2026-07-14T16:11:02.323+0000] {processor.py:208} INFO - Processing /opt/airflow/dags/sanity_checks.py took 0.126 seconds
[2026-07-14T16:25:48.869+0000] {processor.py:186} INFO - Started process (PID=4516) to work on /opt/airflow/dags/sanity_checks.py
[2026-07-14T16:25:48.872+0000] {processor.py:914} INFO - Processing file /opt/airflow/dags/sanity_checks.py for tasks to queue
[2026-07-14T16:25:48.881+0000] {logging_mixin.py:190} INFO - [2026-07-14T16:25:48.880+0000] {dagbag.py:587} INFO - Filling up the DagBag from /opt/airflow/dags/sanity_checks.py
[2026-07-14T16:25:48.911+0000] {processor.py:925} INFO - DAG(s) 'airflow_sanity_check' retrieved from /opt/airflow/dags/sanity_checks.py
[2026-07-14T16:25:48.979+0000] {logging_mixin.py:190} INFO - [2026-07-14T16:25:48.978+0000] {dag.py:3211} INFO - Sync 1 DAGs
[2026-07-14T16:25:49.017+0000] {logging_mixin.py:190} INFO - [2026-07-14T16:25:49.017+0000] {dag.py:4138} INFO - Setting next_dagrun for airflow_sanity_check to None, run_after=None
[2026-07-14T16:25:49.071+0000] {processor.py:208} INFO - Processing /opt/airflow/dags/sanity_checks.py took 0.236 seconds
[2026-07-14T16:26:19.504+0000] {processor.py:186} INFO - Started process (PID=4526) to work on /opt/airflow/dags/sanity_checks.py
[2026-07-14T16:26:19.516+0000] {processor.py:914} INFO - Processing file /opt/airflow/dags/sanity_checks.py for tasks to queue
[2026-07-14T16:26:19.530+0000] {logging_mixin.py:190} INFO - [2026-07-14T16:26:19.529+0000] {dagbag.py:587} INFO - Filling up the DagBag from /opt/airflow/dags/sanity_checks.py
[2026-07-14T16:26:19.630+0000] {processor.py:925} INFO - DAG(s) 'airflow_sanity_check' retrieved from /opt/airflow/dags/sanity_checks.py
[2026-07-14T16:26:19.715+0000] {logging_mixin.py:190} INFO - [2026-07-14T16:26:19.715+0000] {dag.py:3211} INFO - Sync 1 DAGs
[2026-07-14T16:26:19.801+0000] {logging_mixin.py:190} INFO - [2026-07-14T16:26:19.801+0000] {dag.py:4138} INFO - Setting next_dagrun for airflow_sanity_check to None, run_after=None
[2026-07-14T16:26:19.853+0000] {processor.py:208} INFO - Processing /opt/airflow/dags/sanity_checks.py took 0.379 seconds
[2026-07-14T16:26:50.380+0000] {processor.py:186} INFO - Started process (PID=4536) to work on /opt/airflow/dags/sanity_checks.py
[2026-07-14T16:26:50.381+0000] {processor.py:914} INFO - Processing file /opt/airflow/dags/sanity_checks.py for tasks to queue
[2026-07-14T16:26:50.385+0000] {logging_mixin.py:190} INFO - [2026-07-14T16:26:50.385+0000] {dagbag.py:587} INFO - Filling up the DagBag from /opt/airflow/dags/sanity_checks.py
[2026-07-14T16:26:50.407+0000] {processor.py:925} INFO - DAG(s) 'airflow_sanity_check' retrieved from /opt/airflow/dags/sanity_checks.py
[2026-07-14T16:26:50.461+0000] {logging_mixin.py:190} INFO - [2026-07-14T16:26:50.461+0000] {dag.py:3211} INFO - Sync 1 DAGs
[2026-07-14T16:26:50.486+0000] {logging_mixin.py:190} INFO - [2026-07-14T16:26:50.486+0000] {dag.py:4138} INFO - Setting next_dagrun for airflow_sanity_check to None, run_after=None
[2026-07-14T16:26:50.517+0000] {processor.py:208} INFO - Processing /opt/airflow/dags/sanity_checks.py took 0.149 seconds
[2026-07-14T16:27:20.843+0000] {processor.py:186} INFO - Started process (PID=4546) to work on /opt/airflow/dags/sanity_checks.py
[2026-07-14T16:27:20.845+0000] {processor.py:914} INFO - Processing file /opt/airflow/dags/sanity_checks.py for tasks to queue
[2026-07-14T16:27:20.850+0000] {logging_mixin.py:190} INFO - [2026-07-14T16:27:20.849+0000] {dagbag.py:587} INFO - Filling up the DagBag from /opt/airflow/dags/sanity_checks.py
[2026-07-14T16:27:20.868+0000] {processor.py:925} INFO - DAG(s) 'airflow_sanity_check' retrieved from /opt/airflow/dags/sanity_checks.py
[2026-07-14T16:27:20.912+0000] {logging_mixin.py:190} INFO - [2026-07-14T16:27:20.912+0000] {dag.py:3211} INFO - Sync 1 DAGs
[2026-07-14T16:27:20.934+0000] {logging_mixin.py:190} INFO - [2026-07-14T16:27:20.933+0000] {dag.py:4138} INFO - Setting next_dagrun for airflow_sanity_check to None, run_after=None
[2026-07-14T16:27:20.968+0000] {processor.py:208} INFO - Processing /opt/airflow/dags/sanity_checks.py took 0.134 seconds
[2026-07-14T16:27:51.310+0000] {processor.py:186} INFO - Started process (PID=4556) to work on /opt/airflow/dags/sanity_checks.py
[2026-07-14T16:27:51.313+0000] {processor.py:914} INFO - Processing file /opt/airflow/dags/sanity_checks.py for tasks to queue
[2026-07-14T16:27:51.318+0000] {logging_mixin.py:190} INFO - [2026-07-14T16:27:51.318+0000] {dagbag.py:587} INFO - Filling up the DagBag from /opt/airflow/dags/sanity_checks.py
[2026-07-14T16:27:51.341+0000] {processor.py:925} INFO - DAG(s) 'airflow_sanity_check' retrieved from /opt/airflow/dags/sanity_checks.py
[2026-07-14T16:27:51.405+0000] {logging_mixin.py:190} INFO - [2026-07-14T16:27:51.404+0000] {dag.py:3211} INFO - Sync 1 DAGs
[2026-07-14T16:27:51.431+0000] {logging_mixin.py:190} INFO - [2026-07-14T16:27:51.430+0000] {dag.py:4138} INFO - Setting next_dagrun for airflow_sanity_check to None, run_after=None
[2026-07-14T16:27:51.455+0000] {processor.py:208} INFO - Processing /opt/airflow/dags/sanity_checks.py took 0.159 seconds
[2026-07-14T16:28:21.796+0000] {processor.py:186} INFO - Started process (PID=4566) to work on /opt/airflow/dags/sanity_checks.py
[2026-07-14T16:28:21.797+0000] {processor.py:914} INFO - Processing file /opt/airflow/dags/sanity_checks.py for tasks to queue
[2026-07-14T16:28:21.801+0000] {logging_mixin.py:190} INFO - [2026-07-14T16:28:21.800+0000] {dagbag.py:587} INFO - Filling up the DagBag from /opt/airflow/dags/sanity_checks.py
[2026-07-14T16:28:21.815+0000] {processor.py:925} INFO - DAG(s) 'airflow_sanity_check' retrieved from /opt/airflow/dags/sanity_checks.py
[2026-07-14T16:28:21.861+0000] {logging_mixin.py:190} INFO - [2026-07-14T16:28:21.861+0000] {dag.py:3211} INFO - Sync 1 DAGs
[2026-07-14T16:28:21.882+0000] {logging_mixin.py:190} INFO - [2026-07-14T16:28:21.882+0000] {dag.py:4138} INFO - Setting next_dagrun for airflow_sanity_check to None, run_after=None
[2026-07-14T16:28:21.910+0000] {processor.py:208} INFO - Processing /opt/airflow/dags/sanity_checks.py took 0.124 seconds
[2026-07-14T16:28:52.241+0000] {processor.py:186} INFO - Started process (PID=4576) to work on /opt/airflow/dags/sanity_checks.py
[2026-07-14T16:28:52.242+0000] {processor.py:914} INFO - Processing file /opt/airflow/dags/sanity_checks.py for tasks to queue
[2026-07-14T16:28:52.245+0000] {logging_mixin.py:190} INFO - [2026-07-14T16:28:52.245+0000] {dagbag.py:587} INFO - Filling up the DagBag from /opt/airflow/dags/sanity_checks.py
[2026-07-14T16:28:52.261+0000] {processor.py:925} INFO - DAG(s) 'airflow_sanity_check' retrieved from /opt/airflow/dags/sanity_checks.py
[2026-07-14T16:28:52.301+0000] {logging_mixin.py:190} INFO - [2026-07-14T16:28:52.301+0000] {dag.py:3211} INFO - Sync 1 DAGs
[2026-07-14T16:28:52.324+0000] {logging_mixin.py:190} INFO - [2026-07-14T16:28:52.324+0000] {dag.py:4138} INFO - Setting next_dagrun for airflow_sanity_check to None, run_after=None
[2026-07-14T16:28:52.350+0000] {processor.py:208} INFO - Processing /opt/airflow/dags/sanity_checks.py took 0.120 seconds
[2026-07-14T16:29:22.691+0000] {processor.py:186} INFO - Started process (PID=4586) to work on /opt/airflow/dags/sanity_checks.py
[2026-07-14T16:29:22.692+0000] {processor.py:914} INFO - Processing file /opt/airflow/dags/sanity_checks.py for tasks to queue
[2026-07-14T16:29:22.695+0000] {logging_mixin.py:190} INFO - [2026-07-14T16:29:22.695+0000] {dagbag.py:587} INFO - Filling up the DagBag from /opt/airflow/dags/sanity_checks.py
[2026-07-14T16:29:22.711+0000] {processor.py:925} INFO - DAG(s) 'airflow_sanity_check' retrieved from /opt/airflow/dags/sanity_checks.py
[2026-07-14T16:29:22.753+0000] {logging_mixin.py:190} INFO - [2026-07-14T16:29:22.753+0000] {dag.py:3211} INFO - Sync 1 DAGs
[2026-07-14T16:29:22.775+0000] {logging_mixin.py:190} INFO - [2026-07-14T16:29:22.774+0000] {dag.py:4138} INFO - Setting next_dagrun for airflow_sanity_check to None, run_after=None
[2026-07-14T16:29:22.803+0000] {processor.py:208} INFO - Processing /opt/airflow/dags/sanity_checks.py took 0.121 seconds
[2026-07-14T16:29:53.143+0000] {processor.py:186} INFO - Started process (PID=4596) to work on /opt/airflow/dags/sanity_checks.py
[2026-07-14T16:29:53.145+0000] {processor.py:914} INFO - Processing file /opt/airflow/dags/sanity_checks.py for tasks to queue
[2026-07-14T16:29:53.148+0000] {logging_mixin.py:190} INFO - [2026-07-14T16:29:53.148+0000] {dagbag.py:587} INFO - Filling up the DagBag from /opt/airflow/dags/sanity_checks.py
[2026-07-14T16:29:53.163+0000] {processor.py:925} INFO - DAG(s) 'airflow_sanity_check' retrieved from /opt/airflow/dags/sanity_checks.py
[2026-07-14T16:29:53.205+0000] {logging_mixin.py:190} INFO - [2026-07-14T16:29:53.205+0000] {dag.py:3211} INFO - Sync 1 DAGs
[2026-07-14T16:29:53.227+0000] {logging_mixin.py:190} INFO - [2026-07-14T16:29:53.227+0000] {dag.py:4138} INFO - Setting next_dagrun for airflow_sanity_check to None, run_after=None
[2026-07-14T16:29:53.256+0000] {processor.py:208} INFO - Processing /opt/airflow/dags/sanity_checks.py took 0.122 seconds
[2026-07-14T16:30:23.588+0000] {processor.py:186} INFO - Started process (PID=4606) to work on /opt/airflow/dags/sanity_checks.py
[2026-07-14T16:30:23.590+0000] {processor.py:914} INFO - Processing file /opt/airflow/dags/sanity_checks.py for tasks to queue
[2026-07-14T16:30:23.594+0000] {logging_mixin.py:190} INFO - [2026-07-14T16:30:23.593+0000] {dagbag.py:587} INFO - Filling up the DagBag from /opt/airflow/dags/sanity_checks.py
[2026-07-14T16:30:23.610+0000] {processor.py:925} INFO - DAG(s) 'airflow_sanity_check' retrieved from /opt/airflow/dags/sanity_checks.py
[2026-07-14T16:30:23.652+0000] {logging_mixin.py:190} INFO - [2026-07-14T16:30:23.651+0000] {dag.py:3211} INFO - Sync 1 DAGs
[2026-07-14T16:30:23.674+0000] {logging_mixin.py:190} INFO - [2026-07-14T16:30:23.673+0000] {dag.py:4138} INFO - Setting next_dagrun for airflow_sanity_check to None, run_after=None
[2026-07-14T16:30:23.702+0000] {processor.py:208} INFO - Processing /opt/airflow/dags/sanity_checks.py took 0.126 seconds
