[2026-07-19T00:21:35.150+0000] {processor.py:186} INFO - Started process (PID=30162) to work on /opt/airflow/dags/sanity_checks.py
[2026-07-19T00:21:35.150+0000] {processor.py:914} INFO - Processing file /opt/airflow/dags/sanity_checks.py for tasks to queue
[2026-07-19T00:21:35.150+0000] {logging_mixin.py:190} INFO - [2026-07-19T00:21:35.150+0000] {dagbag.py:587} INFO - Filling up the DagBag from /opt/airflow/dags/sanity_checks.py
[2026-07-19T00:21:35.150+0000] {processor.py:925} INFO - DAG(s) 'airflow_sanity_check' retrieved from /opt/airflow/dags/sanity_checks.py
[2026-07-19T00:21:35.150+0000] {logging_mixin.py:190} INFO - [2026-07-19T00:21:35.150+0000] {dag.py:3211} INFO - Sync 1 DAGs
[2026-07-19T00:21:35.150+0000] {logging_mixin.py:190} INFO - [2026-07-19T00:21:35.150+0000] {dag.py:4138} INFO - Setting next_dagrun for airflow_sanity_check to None, run_after=None
[2026-07-19T00:21:35.150+0000] {processor.py:208} INFO - Processing /opt/airflow/dags/sanity_checks.py took 0.000 seconds
[2026-07-19T03:21:28.272+0000] {processor.py:186} INFO - Started process (PID=30175) to work on /opt/airflow/dags/sanity_checks.py
[2026-07-19T03:21:28.373+0000] {processor.py:914} INFO - Processing file /opt/airflow/dags/sanity_checks.py for tasks to queue
[2026-07-19T03:21:28.626+0000] {logging_mixin.py:190} INFO - [2026-07-19T03:21:28.610+0000] {dagbag.py:587} INFO - Filling up the DagBag from /opt/airflow/dags/sanity_checks.py
[2026-07-19T03:21:29.913+0000] {processor.py:925} INFO - DAG(s) 'airflow_sanity_check' retrieved from /opt/airflow/dags/sanity_checks.py
[2026-07-19T03:21:33.122+0000] {logging_mixin.py:190} INFO - [2026-07-19T03:21:33.109+0000] {dag.py:3211} INFO - Sync 1 DAGs
[2026-07-19T03:21:34.586+0000] {logging_mixin.py:190} INFO - [2026-07-19T03:21:34.583+0000] {dag.py:4138} INFO - Setting next_dagrun for airflow_sanity_check to None, run_after=None
[2026-07-19T03:21:35.644+0000] {processor.py:208} INFO - Processing /opt/airflow/dags/sanity_checks.py took 7.659 seconds
[2026-07-19T11:24:21.640+0000] {processor.py:186} INFO - Started process (PID=30195) to work on /opt/airflow/dags/sanity_checks.py
[2026-07-19T11:24:21.650+0000] {processor.py:914} INFO - Processing file /opt/airflow/dags/sanity_checks.py for tasks to queue
[2026-07-19T11:24:21.672+0000] {logging_mixin.py:190} INFO - [2026-07-19T11:24:21.671+0000] {dagbag.py:587} INFO - Filling up the DagBag from /opt/airflow/dags/sanity_checks.py
[2026-07-19T11:24:21.788+0000] {processor.py:925} INFO - DAG(s) 'airflow_sanity_check' retrieved from /opt/airflow/dags/sanity_checks.py
[2026-07-19T11:24:21.946+0000] {logging_mixin.py:190} INFO - [2026-07-19T11:24:21.946+0000] {dag.py:3211} INFO - Sync 1 DAGs
[2026-07-19T11:24:22.012+0000] {logging_mixin.py:190} INFO - [2026-07-19T11:24:22.012+0000] {dag.py:4138} INFO - Setting next_dagrun for airflow_sanity_check to None, run_after=None
[2026-07-19T11:24:22.079+0000] {processor.py:208} INFO - Processing /opt/airflow/dags/sanity_checks.py took 0.506 seconds
[2026-07-19T11:24:52.771+0000] {processor.py:186} INFO - Started process (PID=30205) to work on /opt/airflow/dags/sanity_checks.py
[2026-07-19T11:24:52.773+0000] {processor.py:914} INFO - Processing file /opt/airflow/dags/sanity_checks.py for tasks to queue
[2026-07-19T11:24:52.778+0000] {logging_mixin.py:190} INFO - [2026-07-19T11:24:52.778+0000] {dagbag.py:587} INFO - Filling up the DagBag from /opt/airflow/dags/sanity_checks.py
[2026-07-19T11:24:52.804+0000] {processor.py:925} INFO - DAG(s) 'airflow_sanity_check' retrieved from /opt/airflow/dags/sanity_checks.py
[2026-07-19T11:24:52.873+0000] {logging_mixin.py:190} INFO - [2026-07-19T11:24:52.873+0000] {dag.py:3211} INFO - Sync 1 DAGs
[2026-07-19T11:24:52.918+0000] {logging_mixin.py:190} INFO - [2026-07-19T11:24:52.918+0000] {dag.py:4138} INFO - Setting next_dagrun for airflow_sanity_check to None, run_after=None
[2026-07-19T11:24:52.984+0000] {processor.py:208} INFO - Processing /opt/airflow/dags/sanity_checks.py took 0.225 seconds
[2026-07-19T11:25:23.544+0000] {processor.py:186} INFO - Started process (PID=30215) to work on /opt/airflow/dags/sanity_checks.py
[2026-07-19T11:25:23.547+0000] {processor.py:914} INFO - Processing file /opt/airflow/dags/sanity_checks.py for tasks to queue
[2026-07-19T11:25:23.553+0000] {logging_mixin.py:190} INFO - [2026-07-19T11:25:23.553+0000] {dagbag.py:587} INFO - Filling up the DagBag from /opt/airflow/dags/sanity_checks.py
[2026-07-19T11:25:23.583+0000] {processor.py:925} INFO - DAG(s) 'airflow_sanity_check' retrieved from /opt/airflow/dags/sanity_checks.py
[2026-07-19T11:25:23.646+0000] {logging_mixin.py:190} INFO - [2026-07-19T11:25:23.646+0000] {dag.py:3211} INFO - Sync 1 DAGs
[2026-07-19T11:25:23.679+0000] {logging_mixin.py:190} INFO - [2026-07-19T11:25:23.679+0000] {dag.py:4138} INFO - Setting next_dagrun for airflow_sanity_check to None, run_after=None
[2026-07-19T11:25:23.715+0000] {processor.py:208} INFO - Processing /opt/airflow/dags/sanity_checks.py took 0.190 seconds
[2026-07-19T11:25:54.377+0000] {processor.py:186} INFO - Started process (PID=30225) to work on /opt/airflow/dags/sanity_checks.py
[2026-07-19T11:25:54.394+0000] {processor.py:914} INFO - Processing file /opt/airflow/dags/sanity_checks.py for tasks to queue
[2026-07-19T11:25:54.558+0000] {logging_mixin.py:190} INFO - [2026-07-19T11:25:54.551+0000] {dagbag.py:587} INFO - Filling up the DagBag from /opt/airflow/dags/sanity_checks.py
[2026-07-19T11:25:54.754+0000] {processor.py:925} INFO - DAG(s) 'airflow_sanity_check' retrieved from /opt/airflow/dags/sanity_checks.py
[2026-07-19T11:25:55.200+0000] {logging_mixin.py:190} INFO - [2026-07-19T11:25:55.197+0000] {dag.py:3211} INFO - Sync 1 DAGs
[2026-07-19T11:25:55.430+0000] {logging_mixin.py:190} INFO - [2026-07-19T11:25:55.428+0000] {dag.py:4138} INFO - Setting next_dagrun for airflow_sanity_check to None, run_after=None
[2026-07-19T11:25:55.714+0000] {processor.py:208} INFO - Processing /opt/airflow/dags/sanity_checks.py took 1.421 seconds
[2026-07-19T11:27:23.825+0000] {processor.py:186} INFO - Started process (PID=30235) to work on /opt/airflow/dags/sanity_checks.py
[2026-07-19T11:27:23.826+0000] {processor.py:914} INFO - Processing file /opt/airflow/dags/sanity_checks.py for tasks to queue
[2026-07-19T11:27:23.830+0000] {logging_mixin.py:190} INFO - [2026-07-19T11:27:23.829+0000] {dagbag.py:587} INFO - Filling up the DagBag from /opt/airflow/dags/sanity_checks.py
[2026-07-19T11:27:23.845+0000] {processor.py:925} INFO - DAG(s) 'airflow_sanity_check' retrieved from /opt/airflow/dags/sanity_checks.py
[2026-07-19T11:27:23.894+0000] {logging_mixin.py:190} INFO - [2026-07-19T11:27:23.894+0000] {dag.py:3211} INFO - Sync 1 DAGs
[2026-07-19T11:27:23.919+0000] {logging_mixin.py:190} INFO - [2026-07-19T11:27:23.919+0000] {dag.py:4138} INFO - Setting next_dagrun for airflow_sanity_check to None, run_after=None
[2026-07-19T11:27:23.961+0000] {processor.py:208} INFO - Processing /opt/airflow/dags/sanity_checks.py took 0.145 seconds
[2026-07-19T11:27:54.250+0000] {processor.py:186} INFO - Started process (PID=30245) to work on /opt/airflow/dags/sanity_checks.py
[2026-07-19T11:27:54.252+0000] {processor.py:914} INFO - Processing file /opt/airflow/dags/sanity_checks.py for tasks to queue
[2026-07-19T11:27:54.257+0000] {logging_mixin.py:190} INFO - [2026-07-19T11:27:54.256+0000] {dagbag.py:587} INFO - Filling up the DagBag from /opt/airflow/dags/sanity_checks.py
[2026-07-19T11:27:54.275+0000] {processor.py:925} INFO - DAG(s) 'airflow_sanity_check' retrieved from /opt/airflow/dags/sanity_checks.py
[2026-07-19T11:27:54.318+0000] {logging_mixin.py:190} INFO - [2026-07-19T11:27:54.318+0000] {dag.py:3211} INFO - Sync 1 DAGs
[2026-07-19T11:27:54.340+0000] {logging_mixin.py:190} INFO - [2026-07-19T11:27:54.339+0000] {dag.py:4138} INFO - Setting next_dagrun for airflow_sanity_check to None, run_after=None
[2026-07-19T11:27:54.366+0000] {processor.py:208} INFO - Processing /opt/airflow/dags/sanity_checks.py took 0.129 seconds
[2026-07-19T11:28:24.654+0000] {processor.py:186} INFO - Started process (PID=30255) to work on /opt/airflow/dags/sanity_checks.py
[2026-07-19T11:28:24.655+0000] {processor.py:914} INFO - Processing file /opt/airflow/dags/sanity_checks.py for tasks to queue
[2026-07-19T11:28:24.660+0000] {logging_mixin.py:190} INFO - [2026-07-19T11:28:24.659+0000] {dagbag.py:587} INFO - Filling up the DagBag from /opt/airflow/dags/sanity_checks.py
[2026-07-19T11:28:24.678+0000] {processor.py:925} INFO - DAG(s) 'airflow_sanity_check' retrieved from /opt/airflow/dags/sanity_checks.py
[2026-07-19T11:28:24.725+0000] {logging_mixin.py:190} INFO - [2026-07-19T11:28:24.725+0000] {dag.py:3211} INFO - Sync 1 DAGs
[2026-07-19T11:28:24.752+0000] {logging_mixin.py:190} INFO - [2026-07-19T11:28:24.752+0000] {dag.py:4138} INFO - Setting next_dagrun for airflow_sanity_check to None, run_after=None
[2026-07-19T11:28:24.785+0000] {processor.py:208} INFO - Processing /opt/airflow/dags/sanity_checks.py took 0.141 seconds
[2026-07-19T11:28:55.126+0000] {processor.py:186} INFO - Started process (PID=30265) to work on /opt/airflow/dags/sanity_checks.py
[2026-07-19T11:28:55.127+0000] {processor.py:914} INFO - Processing file /opt/airflow/dags/sanity_checks.py for tasks to queue
[2026-07-19T11:28:55.130+0000] {logging_mixin.py:190} INFO - [2026-07-19T11:28:55.130+0000] {dagbag.py:587} INFO - Filling up the DagBag from /opt/airflow/dags/sanity_checks.py
[2026-07-19T11:28:55.145+0000] {processor.py:925} INFO - DAG(s) 'airflow_sanity_check' retrieved from /opt/airflow/dags/sanity_checks.py
[2026-07-19T11:28:55.187+0000] {logging_mixin.py:190} INFO - [2026-07-19T11:28:55.186+0000] {dag.py:3211} INFO - Sync 1 DAGs
[2026-07-19T11:28:55.209+0000] {logging_mixin.py:190} INFO - [2026-07-19T11:28:55.209+0000] {dag.py:4138} INFO - Setting next_dagrun for airflow_sanity_check to None, run_after=None
[2026-07-19T11:28:55.241+0000] {processor.py:208} INFO - Processing /opt/airflow/dags/sanity_checks.py took 0.125 seconds
[2026-07-19T11:29:52.408+0000] {processor.py:186} INFO - Started process (PID=30285) to work on /opt/airflow/dags/sanity_checks.py
[2026-07-19T11:29:52.410+0000] {processor.py:914} INFO - Processing file /opt/airflow/dags/sanity_checks.py for tasks to queue
[2026-07-19T11:29:52.414+0000] {logging_mixin.py:190} INFO - [2026-07-19T11:29:52.413+0000] {dagbag.py:587} INFO - Filling up the DagBag from /opt/airflow/dags/sanity_checks.py
[2026-07-19T11:29:52.428+0000] {processor.py:925} INFO - DAG(s) 'airflow_sanity_check' retrieved from /opt/airflow/dags/sanity_checks.py
[2026-07-19T11:29:52.469+0000] {logging_mixin.py:190} INFO - [2026-07-19T11:29:52.469+0000] {dag.py:3211} INFO - Sync 1 DAGs
[2026-07-19T11:29:52.494+0000] {logging_mixin.py:190} INFO - [2026-07-19T11:29:52.493+0000] {dag.py:4138} INFO - Setting next_dagrun for airflow_sanity_check to None, run_after=None
[2026-07-19T11:29:52.536+0000] {processor.py:208} INFO - Processing /opt/airflow/dags/sanity_checks.py took 0.139 seconds
[2026-07-19T12:00:46.168+0000] {processor.py:186} INFO - Started process (PID=30295) to work on /opt/airflow/dags/sanity_checks.py
[2026-07-19T12:00:46.210+0000] {processor.py:914} INFO - Processing file /opt/airflow/dags/sanity_checks.py for tasks to queue
[2026-07-19T12:00:46.289+0000] {logging_mixin.py:190} INFO - [2026-07-19T12:00:46.284+0000] {dagbag.py:587} INFO - Filling up the DagBag from /opt/airflow/dags/sanity_checks.py
[2026-07-19T12:00:46.605+0000] {processor.py:925} INFO - DAG(s) 'airflow_sanity_check' retrieved from /opt/airflow/dags/sanity_checks.py
[2026-07-19T12:00:47.473+0000] {logging_mixin.py:190} INFO - [2026-07-19T12:00:47.469+0000] {dag.py:3211} INFO - Sync 1 DAGs
[2026-07-19T12:00:48.083+0000] {logging_mixin.py:190} INFO - [2026-07-19T12:00:48.080+0000] {dag.py:4138} INFO - Setting next_dagrun for airflow_sanity_check to None, run_after=None
[2026-07-19T12:00:48.593+0000] {processor.py:208} INFO - Processing /opt/airflow/dags/sanity_checks.py took 2.795 seconds
[2026-07-19T12:01:19.144+0000] {processor.py:186} INFO - Started process (PID=30305) to work on /opt/airflow/dags/sanity_checks.py
[2026-07-19T12:01:19.156+0000] {processor.py:914} INFO - Processing file /opt/airflow/dags/sanity_checks.py for tasks to queue
[2026-07-19T12:01:19.224+0000] {logging_mixin.py:190} INFO - [2026-07-19T12:01:19.221+0000] {dagbag.py:587} INFO - Filling up the DagBag from /opt/airflow/dags/sanity_checks.py
[2026-07-19T12:01:19.593+0000] {processor.py:925} INFO - DAG(s) 'airflow_sanity_check' retrieved from /opt/airflow/dags/sanity_checks.py
[2026-07-19T12:01:20.138+0000] {logging_mixin.py:190} INFO - [2026-07-19T12:01:20.134+0000] {dag.py:3211} INFO - Sync 1 DAGs
[2026-07-19T12:01:20.418+0000] {logging_mixin.py:190} INFO - [2026-07-19T12:01:20.415+0000] {dag.py:4138} INFO - Setting next_dagrun for airflow_sanity_check to None, run_after=None
[2026-07-19T12:01:20.668+0000] {processor.py:208} INFO - Processing /opt/airflow/dags/sanity_checks.py took 1.606 seconds
[2026-07-19T12:01:51.132+0000] {processor.py:186} INFO - Started process (PID=30315) to work on /opt/airflow/dags/sanity_checks.py
[2026-07-19T12:01:51.141+0000] {processor.py:914} INFO - Processing file /opt/airflow/dags/sanity_checks.py for tasks to queue
[2026-07-19T12:01:51.166+0000] {logging_mixin.py:190} INFO - [2026-07-19T12:01:51.164+0000] {dagbag.py:587} INFO - Filling up the DagBag from /opt/airflow/dags/sanity_checks.py
[2026-07-19T12:01:51.234+0000] {processor.py:925} INFO - DAG(s) 'airflow_sanity_check' retrieved from /opt/airflow/dags/sanity_checks.py
[2026-07-19T12:01:51.458+0000] {logging_mixin.py:190} INFO - [2026-07-19T12:01:51.457+0000] {dag.py:3211} INFO - Sync 1 DAGs
[2026-07-19T12:01:51.561+0000] {logging_mixin.py:190} INFO - [2026-07-19T12:01:51.559+0000] {dag.py:4138} INFO - Setting next_dagrun for airflow_sanity_check to None, run_after=None
[2026-07-19T12:01:51.670+0000] {processor.py:208} INFO - Processing /opt/airflow/dags/sanity_checks.py took 0.631 seconds
[2026-07-19T12:02:21.888+0000] {processor.py:186} INFO - Started process (PID=30325) to work on /opt/airflow/dags/sanity_checks.py
[2026-07-19T12:02:21.891+0000] {processor.py:914} INFO - Processing file /opt/airflow/dags/sanity_checks.py for tasks to queue
[2026-07-19T12:02:21.901+0000] {logging_mixin.py:190} INFO - [2026-07-19T12:02:21.900+0000] {dagbag.py:587} INFO - Filling up the DagBag from /opt/airflow/dags/sanity_checks.py
[2026-07-19T12:02:21.938+0000] {processor.py:925} INFO - DAG(s) 'airflow_sanity_check' retrieved from /opt/airflow/dags/sanity_checks.py
[2026-07-19T12:02:22.038+0000] {logging_mixin.py:190} INFO - [2026-07-19T12:02:22.037+0000] {dag.py:3211} INFO - Sync 1 DAGs
[2026-07-19T12:02:22.093+0000] {logging_mixin.py:190} INFO - [2026-07-19T12:02:22.092+0000] {dag.py:4138} INFO - Setting next_dagrun for airflow_sanity_check to None, run_after=None
[2026-07-19T12:02:22.149+0000] {processor.py:208} INFO - Processing /opt/airflow/dags/sanity_checks.py took 0.283 seconds
[2026-07-19T12:02:52.560+0000] {processor.py:186} INFO - Started process (PID=30335) to work on /opt/airflow/dags/sanity_checks.py
[2026-07-19T12:02:52.563+0000] {processor.py:914} INFO - Processing file /opt/airflow/dags/sanity_checks.py for tasks to queue
[2026-07-19T12:02:52.571+0000] {logging_mixin.py:190} INFO - [2026-07-19T12:02:52.570+0000] {dagbag.py:587} INFO - Filling up the DagBag from /opt/airflow/dags/sanity_checks.py
[2026-07-19T12:02:52.596+0000] {processor.py:925} INFO - DAG(s) 'airflow_sanity_check' retrieved from /opt/airflow/dags/sanity_checks.py
[2026-07-19T12:02:52.661+0000] {logging_mixin.py:190} INFO - [2026-07-19T12:02:52.661+0000] {dag.py:3211} INFO - Sync 1 DAGs
[2026-07-19T12:02:52.695+0000] {logging_mixin.py:190} INFO - [2026-07-19T12:02:52.695+0000] {dag.py:4138} INFO - Setting next_dagrun for airflow_sanity_check to None, run_after=None
[2026-07-19T12:02:52.738+0000] {processor.py:208} INFO - Processing /opt/airflow/dags/sanity_checks.py took 0.191 seconds
[2026-07-19T12:03:23.257+0000] {processor.py:186} INFO - Started process (PID=30345) to work on /opt/airflow/dags/sanity_checks.py
[2026-07-19T12:03:23.261+0000] {processor.py:914} INFO - Processing file /opt/airflow/dags/sanity_checks.py for tasks to queue
[2026-07-19T12:03:23.271+0000] {logging_mixin.py:190} INFO - [2026-07-19T12:03:23.270+0000] {dagbag.py:587} INFO - Filling up the DagBag from /opt/airflow/dags/sanity_checks.py
[2026-07-19T12:03:23.323+0000] {processor.py:925} INFO - DAG(s) 'airflow_sanity_check' retrieved from /opt/airflow/dags/sanity_checks.py
[2026-07-19T12:03:23.453+0000] {logging_mixin.py:190} INFO - [2026-07-19T12:03:23.452+0000] {dag.py:3211} INFO - Sync 1 DAGs
[2026-07-19T12:03:23.525+0000] {logging_mixin.py:190} INFO - [2026-07-19T12:03:23.524+0000] {dag.py:4138} INFO - Setting next_dagrun for airflow_sanity_check to None, run_after=None
[2026-07-19T12:03:23.625+0000] {processor.py:208} INFO - Processing /opt/airflow/dags/sanity_checks.py took 0.398 seconds
[2026-07-19T12:03:53.899+0000] {processor.py:186} INFO - Started process (PID=30355) to work on /opt/airflow/dags/sanity_checks.py
[2026-07-19T12:03:53.904+0000] {processor.py:914} INFO - Processing file /opt/airflow/dags/sanity_checks.py for tasks to queue
[2026-07-19T12:03:53.914+0000] {logging_mixin.py:190} INFO - [2026-07-19T12:03:53.912+0000] {dagbag.py:587} INFO - Filling up the DagBag from /opt/airflow/dags/sanity_checks.py
[2026-07-19T12:03:53.963+0000] {processor.py:925} INFO - DAG(s) 'airflow_sanity_check' retrieved from /opt/airflow/dags/sanity_checks.py
[2026-07-19T12:03:54.146+0000] {logging_mixin.py:190} INFO - [2026-07-19T12:03:54.145+0000] {dag.py:3211} INFO - Sync 1 DAGs
[2026-07-19T12:03:54.217+0000] {logging_mixin.py:190} INFO - [2026-07-19T12:03:54.216+0000] {dag.py:4138} INFO - Setting next_dagrun for airflow_sanity_check to None, run_after=None
[2026-07-19T12:03:54.294+0000] {processor.py:208} INFO - Processing /opt/airflow/dags/sanity_checks.py took 0.424 seconds
[2026-07-19T12:04:24.853+0000] {processor.py:186} INFO - Started process (PID=30365) to work on /opt/airflow/dags/sanity_checks.py
[2026-07-19T12:04:24.856+0000] {processor.py:914} INFO - Processing file /opt/airflow/dags/sanity_checks.py for tasks to queue
[2026-07-19T12:04:24.863+0000] {logging_mixin.py:190} INFO - [2026-07-19T12:04:24.862+0000] {dagbag.py:587} INFO - Filling up the DagBag from /opt/airflow/dags/sanity_checks.py
[2026-07-19T12:04:24.894+0000] {processor.py:925} INFO - DAG(s) 'airflow_sanity_check' retrieved from /opt/airflow/dags/sanity_checks.py
[2026-07-19T12:04:24.976+0000] {logging_mixin.py:190} INFO - [2026-07-19T12:04:24.976+0000] {dag.py:3211} INFO - Sync 1 DAGs
[2026-07-19T12:04:25.018+0000] {logging_mixin.py:190} INFO - [2026-07-19T12:04:25.017+0000] {dag.py:4138} INFO - Setting next_dagrun for airflow_sanity_check to None, run_after=None
[2026-07-19T12:04:25.080+0000] {processor.py:208} INFO - Processing /opt/airflow/dags/sanity_checks.py took 0.245 seconds
[2026-07-19T12:04:55.612+0000] {processor.py:186} INFO - Started process (PID=30375) to work on /opt/airflow/dags/sanity_checks.py
[2026-07-19T12:04:55.615+0000] {processor.py:914} INFO - Processing file /opt/airflow/dags/sanity_checks.py for tasks to queue
[2026-07-19T12:04:55.621+0000] {logging_mixin.py:190} INFO - [2026-07-19T12:04:55.620+0000] {dagbag.py:587} INFO - Filling up the DagBag from /opt/airflow/dags/sanity_checks.py
[2026-07-19T12:04:55.648+0000] {processor.py:925} INFO - DAG(s) 'airflow_sanity_check' retrieved from /opt/airflow/dags/sanity_checks.py
[2026-07-19T12:04:55.716+0000] {logging_mixin.py:190} INFO - [2026-07-19T12:04:55.715+0000] {dag.py:3211} INFO - Sync 1 DAGs
[2026-07-19T12:04:55.755+0000] {logging_mixin.py:190} INFO - [2026-07-19T12:04:55.755+0000] {dag.py:4138} INFO - Setting next_dagrun for airflow_sanity_check to None, run_after=None
[2026-07-19T12:04:55.802+0000] {processor.py:208} INFO - Processing /opt/airflow/dags/sanity_checks.py took 0.205 seconds
[2026-07-19T12:18:52.689+0000] {processor.py:186} INFO - Started process (PID=30385) to work on /opt/airflow/dags/sanity_checks.py
[2026-07-19T12:18:52.695+0000] {processor.py:914} INFO - Processing file /opt/airflow/dags/sanity_checks.py for tasks to queue
[2026-07-19T12:18:52.717+0000] {logging_mixin.py:190} INFO - [2026-07-19T12:18:52.715+0000] {dagbag.py:587} INFO - Filling up the DagBag from /opt/airflow/dags/sanity_checks.py
[2026-07-19T12:18:52.783+0000] {processor.py:925} INFO - DAG(s) 'airflow_sanity_check' retrieved from /opt/airflow/dags/sanity_checks.py
[2026-07-19T12:18:53.061+0000] {logging_mixin.py:190} INFO - [2026-07-19T12:18:53.059+0000] {dag.py:3211} INFO - Sync 1 DAGs
[2026-07-19T12:18:53.308+0000] {logging_mixin.py:190} INFO - [2026-07-19T12:18:53.307+0000] {dag.py:4138} INFO - Setting next_dagrun for airflow_sanity_check to None, run_after=None
[2026-07-19T12:18:53.499+0000] {processor.py:208} INFO - Processing /opt/airflow/dags/sanity_checks.py took 0.853 seconds
[2026-07-19T12:36:39.416+0000] {processor.py:186} INFO - Started process (PID=30408) to work on /opt/airflow/dags/sanity_checks.py
[2026-07-19T12:36:39.442+0000] {processor.py:914} INFO - Processing file /opt/airflow/dags/sanity_checks.py for tasks to queue
[2026-07-19T12:36:39.485+0000] {logging_mixin.py:190} INFO - [2026-07-19T12:36:39.479+0000] {dagbag.py:587} INFO - Filling up the DagBag from /opt/airflow/dags/sanity_checks.py
[2026-07-19T12:36:39.700+0000] {processor.py:925} INFO - DAG(s) 'airflow_sanity_check' retrieved from /opt/airflow/dags/sanity_checks.py
[2026-07-19T12:36:40.340+0000] {logging_mixin.py:190} INFO - [2026-07-19T12:36:40.337+0000] {dag.py:3211} INFO - Sync 1 DAGs
[2026-07-19T12:36:40.856+0000] {logging_mixin.py:190} INFO - [2026-07-19T12:36:40.854+0000] {dag.py:4138} INFO - Setting next_dagrun for airflow_sanity_check to None, run_after=None
[2026-07-19T12:36:41.439+0000] {processor.py:208} INFO - Processing /opt/airflow/dags/sanity_checks.py took 2.157 seconds
[2026-07-19T12:37:12.936+0000] {processor.py:186} INFO - Started process (PID=30418) to work on /opt/airflow/dags/sanity_checks.py
[2026-07-19T12:37:12.962+0000] {processor.py:914} INFO - Processing file /opt/airflow/dags/sanity_checks.py for tasks to queue
[2026-07-19T12:37:13.005+0000] {logging_mixin.py:190} INFO - [2026-07-19T12:37:13.000+0000] {dagbag.py:587} INFO - Filling up the DagBag from /opt/airflow/dags/sanity_checks.py
[2026-07-19T12:37:13.311+0000] {processor.py:925} INFO - DAG(s) 'airflow_sanity_check' retrieved from /opt/airflow/dags/sanity_checks.py
[2026-07-19T12:37:14.034+0000] {logging_mixin.py:190} INFO - [2026-07-19T12:37:14.032+0000] {dag.py:3211} INFO - Sync 1 DAGs
[2026-07-19T12:37:14.319+0000] {logging_mixin.py:190} INFO - [2026-07-19T12:37:14.313+0000] {dag.py:4138} INFO - Setting next_dagrun for airflow_sanity_check to None, run_after=None
[2026-07-19T12:37:14.702+0000] {processor.py:208} INFO - Processing /opt/airflow/dags/sanity_checks.py took 1.905 seconds
[2026-07-19T12:37:45.438+0000] {processor.py:186} INFO - Started process (PID=30428) to work on /opt/airflow/dags/sanity_checks.py
[2026-07-19T12:37:45.472+0000] {processor.py:914} INFO - Processing file /opt/airflow/dags/sanity_checks.py for tasks to queue
[2026-07-19T12:37:45.558+0000] {logging_mixin.py:190} INFO - [2026-07-19T12:37:45.538+0000] {dagbag.py:587} INFO - Filling up the DagBag from /opt/airflow/dags/sanity_checks.py
[2026-07-19T12:37:45.738+0000] {processor.py:925} INFO - DAG(s) 'airflow_sanity_check' retrieved from /opt/airflow/dags/sanity_checks.py
[2026-07-19T12:37:46.482+0000] {logging_mixin.py:190} INFO - [2026-07-19T12:37:46.477+0000] {dag.py:3211} INFO - Sync 1 DAGs
[2026-07-19T12:37:47.009+0000] {logging_mixin.py:190} INFO - [2026-07-19T12:37:47.005+0000] {dag.py:4138} INFO - Setting next_dagrun for airflow_sanity_check to None, run_after=None
[2026-07-19T12:37:47.356+0000] {processor.py:208} INFO - Processing /opt/airflow/dags/sanity_checks.py took 2.008 seconds
[2026-07-19T12:38:18.229+0000] {processor.py:186} INFO - Started process (PID=30438) to work on /opt/airflow/dags/sanity_checks.py
[2026-07-19T12:38:18.274+0000] {processor.py:914} INFO - Processing file /opt/airflow/dags/sanity_checks.py for tasks to queue
[2026-07-19T12:38:18.345+0000] {logging_mixin.py:190} INFO - [2026-07-19T12:38:18.342+0000] {dagbag.py:587} INFO - Filling up the DagBag from /opt/airflow/dags/sanity_checks.py
[2026-07-19T12:38:18.661+0000] {processor.py:925} INFO - DAG(s) 'airflow_sanity_check' retrieved from /opt/airflow/dags/sanity_checks.py
[2026-07-19T12:38:19.352+0000] {logging_mixin.py:190} INFO - [2026-07-19T12:38:19.349+0000] {dag.py:3211} INFO - Sync 1 DAGs
[2026-07-19T12:38:19.698+0000] {logging_mixin.py:190} INFO - [2026-07-19T12:38:19.696+0000] {dag.py:4138} INFO - Setting next_dagrun for airflow_sanity_check to None, run_after=None
[2026-07-19T12:38:20.061+0000] {processor.py:208} INFO - Processing /opt/airflow/dags/sanity_checks.py took 1.964 seconds
[2026-07-19T12:38:50.916+0000] {processor.py:186} INFO - Started process (PID=30448) to work on /opt/airflow/dags/sanity_checks.py
[2026-07-19T12:38:50.932+0000] {processor.py:914} INFO - Processing file /opt/airflow/dags/sanity_checks.py for tasks to queue
[2026-07-19T12:38:50.973+0000] {logging_mixin.py:190} INFO - [2026-07-19T12:38:50.967+0000] {dagbag.py:587} INFO - Filling up the DagBag from /opt/airflow/dags/sanity_checks.py
[2026-07-19T12:38:51.162+0000] {processor.py:925} INFO - DAG(s) 'airflow_sanity_check' retrieved from /opt/airflow/dags/sanity_checks.py
[2026-07-19T12:38:51.742+0000] {logging_mixin.py:190} INFO - [2026-07-19T12:38:51.737+0000] {dag.py:3211} INFO - Sync 1 DAGs
[2026-07-19T12:38:52.063+0000] {logging_mixin.py:190} INFO - [2026-07-19T12:38:52.061+0000] {dag.py:4138} INFO - Setting next_dagrun for airflow_sanity_check to None, run_after=None
[2026-07-19T12:38:52.423+0000] {processor.py:208} INFO - Processing /opt/airflow/dags/sanity_checks.py took 1.601 seconds
[2026-07-19T12:39:23.391+0000] {processor.py:186} INFO - Started process (PID=30458) to work on /opt/airflow/dags/sanity_checks.py
[2026-07-19T12:39:23.452+0000] {processor.py:914} INFO - Processing file /opt/airflow/dags/sanity_checks.py for tasks to queue
[2026-07-19T12:39:23.634+0000] {logging_mixin.py:190} INFO - [2026-07-19T12:39:23.620+0000] {dagbag.py:587} INFO - Filling up the DagBag from /opt/airflow/dags/sanity_checks.py
[2026-07-19T12:39:23.801+0000] {processor.py:925} INFO - DAG(s) 'airflow_sanity_check' retrieved from /opt/airflow/dags/sanity_checks.py
[2026-07-19T12:39:24.246+0000] {logging_mixin.py:190} INFO - [2026-07-19T12:39:24.242+0000] {dag.py:3211} INFO - Sync 1 DAGs
[2026-07-19T12:39:24.496+0000] {logging_mixin.py:190} INFO - [2026-07-19T12:39:24.495+0000] {dag.py:4138} INFO - Setting next_dagrun for airflow_sanity_check to None, run_after=None
[2026-07-19T12:39:24.895+0000] {processor.py:208} INFO - Processing /opt/airflow/dags/sanity_checks.py took 1.602 seconds
[2026-07-19T12:39:55.843+0000] {processor.py:186} INFO - Started process (PID=30468) to work on /opt/airflow/dags/sanity_checks.py
[2026-07-19T12:39:55.902+0000] {processor.py:914} INFO - Processing file /opt/airflow/dags/sanity_checks.py for tasks to queue
[2026-07-19T12:39:55.977+0000] {logging_mixin.py:190} INFO - [2026-07-19T12:39:55.962+0000] {dagbag.py:587} INFO - Filling up the DagBag from /opt/airflow/dags/sanity_checks.py
[2026-07-19T12:39:56.224+0000] {processor.py:925} INFO - DAG(s) 'airflow_sanity_check' retrieved from /opt/airflow/dags/sanity_checks.py
[2026-07-19T12:39:56.722+0000] {logging_mixin.py:190} INFO - [2026-07-19T12:39:56.720+0000] {dag.py:3211} INFO - Sync 1 DAGs
[2026-07-19T12:39:57.232+0000] {logging_mixin.py:190} INFO - [2026-07-19T12:39:57.231+0000] {dag.py:4138} INFO - Setting next_dagrun for airflow_sanity_check to None, run_after=None
[2026-07-19T12:39:57.772+0000] {processor.py:208} INFO - Processing /opt/airflow/dags/sanity_checks.py took 2.045 seconds
[2026-07-19T12:40:29.112+0000] {processor.py:186} INFO - Started process (PID=30478) to work on /opt/airflow/dags/sanity_checks.py
[2026-07-19T12:40:29.143+0000] {processor.py:914} INFO - Processing file /opt/airflow/dags/sanity_checks.py for tasks to queue
[2026-07-19T12:40:29.247+0000] {logging_mixin.py:190} INFO - [2026-07-19T12:40:29.241+0000] {dagbag.py:587} INFO - Filling up the DagBag from /opt/airflow/dags/sanity_checks.py
[2026-07-19T12:40:29.644+0000] {processor.py:925} INFO - DAG(s) 'airflow_sanity_check' retrieved from /opt/airflow/dags/sanity_checks.py
[2026-07-19T12:40:30.604+0000] {logging_mixin.py:190} INFO - [2026-07-19T12:40:30.602+0000] {dag.py:3211} INFO - Sync 1 DAGs
[2026-07-19T12:40:31.320+0000] {logging_mixin.py:190} INFO - [2026-07-19T12:40:31.318+0000] {dag.py:4138} INFO - Setting next_dagrun for airflow_sanity_check to None, run_after=None
[2026-07-19T12:40:32.244+0000] {processor.py:208} INFO - Processing /opt/airflow/dags/sanity_checks.py took 3.391 seconds
[2026-07-19T13:11:01.207+0000] {processor.py:186} INFO - Started process (PID=30488) to work on /opt/airflow/dags/sanity_checks.py
[2026-07-19T13:11:01.216+0000] {processor.py:914} INFO - Processing file /opt/airflow/dags/sanity_checks.py for tasks to queue
[2026-07-19T13:11:01.267+0000] {logging_mixin.py:190} INFO - [2026-07-19T13:11:01.263+0000] {dagbag.py:587} INFO - Filling up the DagBag from /opt/airflow/dags/sanity_checks.py
[2026-07-19T13:11:01.471+0000] {processor.py:925} INFO - DAG(s) 'airflow_sanity_check' retrieved from /opt/airflow/dags/sanity_checks.py
[2026-07-19T13:11:02.132+0000] {logging_mixin.py:190} INFO - [2026-07-19T13:11:02.130+0000] {dag.py:3211} INFO - Sync 1 DAGs
[2026-07-19T13:11:02.720+0000] {logging_mixin.py:190} INFO - [2026-07-19T13:11:02.715+0000] {dag.py:4138} INFO - Setting next_dagrun for airflow_sanity_check to None, run_after=None
[2026-07-19T13:11:03.095+0000] {processor.py:208} INFO - Processing /opt/airflow/dags/sanity_checks.py took 1.999 seconds
[2026-07-19T13:11:34.003+0000] {processor.py:186} INFO - Started process (PID=30498) to work on /opt/airflow/dags/sanity_checks.py
[2026-07-19T13:11:34.013+0000] {processor.py:914} INFO - Processing file /opt/airflow/dags/sanity_checks.py for tasks to queue
[2026-07-19T13:11:34.075+0000] {logging_mixin.py:190} INFO - [2026-07-19T13:11:34.068+0000] {dagbag.py:587} INFO - Filling up the DagBag from /opt/airflow/dags/sanity_checks.py
[2026-07-19T13:11:34.289+0000] {processor.py:925} INFO - DAG(s) 'airflow_sanity_check' retrieved from /opt/airflow/dags/sanity_checks.py
[2026-07-19T13:11:34.816+0000] {logging_mixin.py:190} INFO - [2026-07-19T13:11:34.808+0000] {dag.py:3211} INFO - Sync 1 DAGs
[2026-07-19T13:11:35.135+0000] {logging_mixin.py:190} INFO - [2026-07-19T13:11:35.124+0000] {dag.py:4138} INFO - Setting next_dagrun for airflow_sanity_check to None, run_after=None
[2026-07-19T13:11:35.425+0000] {processor.py:208} INFO - Processing /opt/airflow/dags/sanity_checks.py took 1.514 seconds
[2026-07-19T13:12:06.389+0000] {processor.py:186} INFO - Started process (PID=30508) to work on /opt/airflow/dags/sanity_checks.py
[2026-07-19T13:12:06.416+0000] {processor.py:914} INFO - Processing file /opt/airflow/dags/sanity_checks.py for tasks to queue
[2026-07-19T13:12:06.483+0000] {logging_mixin.py:190} INFO - [2026-07-19T13:12:06.479+0000] {dagbag.py:587} INFO - Filling up the DagBag from /opt/airflow/dags/sanity_checks.py
[2026-07-19T13:12:06.676+0000] {processor.py:925} INFO - DAG(s) 'airflow_sanity_check' retrieved from /opt/airflow/dags/sanity_checks.py
[2026-07-19T13:12:07.146+0000] {logging_mixin.py:190} INFO - [2026-07-19T13:12:07.144+0000] {dag.py:3211} INFO - Sync 1 DAGs
[2026-07-19T13:12:07.387+0000] {logging_mixin.py:190} INFO - [2026-07-19T13:12:07.382+0000] {dag.py:4138} INFO - Setting next_dagrun for airflow_sanity_check to None, run_after=None
[2026-07-19T13:12:07.729+0000] {processor.py:208} INFO - Processing /opt/airflow/dags/sanity_checks.py took 1.461 seconds
[2026-07-19T13:12:38.938+0000] {processor.py:186} INFO - Started process (PID=30528) to work on /opt/airflow/dags/sanity_checks.py
[2026-07-19T13:12:38.956+0000] {processor.py:914} INFO - Processing file /opt/airflow/dags/sanity_checks.py for tasks to queue
[2026-07-19T13:12:39.041+0000] {logging_mixin.py:190} INFO - [2026-07-19T13:12:39.037+0000] {dagbag.py:587} INFO - Filling up the DagBag from /opt/airflow/dags/sanity_checks.py
[2026-07-19T13:12:39.222+0000] {processor.py:925} INFO - DAG(s) 'airflow_sanity_check' retrieved from /opt/airflow/dags/sanity_checks.py
[2026-07-19T13:12:40.072+0000] {logging_mixin.py:190} INFO - [2026-07-19T13:12:40.069+0000] {dag.py:3211} INFO - Sync 1 DAGs
[2026-07-19T13:12:40.542+0000] {logging_mixin.py:190} INFO - [2026-07-19T13:12:40.537+0000] {dag.py:4138} INFO - Setting next_dagrun for airflow_sanity_check to None, run_after=None
[2026-07-19T13:12:41.018+0000] {processor.py:208} INFO - Processing /opt/airflow/dags/sanity_checks.py took 2.341 seconds
[2026-07-19T13:13:12.316+0000] {processor.py:186} INFO - Started process (PID=30538) to work on /opt/airflow/dags/sanity_checks.py
[2026-07-19T13:13:12.331+0000] {processor.py:914} INFO - Processing file /opt/airflow/dags/sanity_checks.py for tasks to queue
[2026-07-19T13:13:12.402+0000] {logging_mixin.py:190} INFO - [2026-07-19T13:13:12.396+0000] {dagbag.py:587} INFO - Filling up the DagBag from /opt/airflow/dags/sanity_checks.py
[2026-07-19T13:13:12.656+0000] {processor.py:925} INFO - DAG(s) 'airflow_sanity_check' retrieved from /opt/airflow/dags/sanity_checks.py
[2026-07-19T13:13:13.240+0000] {logging_mixin.py:190} INFO - [2026-07-19T13:13:13.233+0000] {dag.py:3211} INFO - Sync 1 DAGs
[2026-07-19T13:13:13.681+0000] {logging_mixin.py:190} INFO - [2026-07-19T13:13:13.676+0000] {dag.py:4138} INFO - Setting next_dagrun for airflow_sanity_check to None, run_after=None
[2026-07-19T13:13:14.205+0000] {processor.py:208} INFO - Processing /opt/airflow/dags/sanity_checks.py took 2.029 seconds
[2026-07-19T13:13:44.834+0000] {processor.py:186} INFO - Started process (PID=30548) to work on /opt/airflow/dags/sanity_checks.py
[2026-07-19T13:13:44.852+0000] {processor.py:914} INFO - Processing file /opt/airflow/dags/sanity_checks.py for tasks to queue
[2026-07-19T13:13:44.929+0000] {logging_mixin.py:190} INFO - [2026-07-19T13:13:44.922+0000] {dagbag.py:587} INFO - Filling up the DagBag from /opt/airflow/dags/sanity_checks.py
[2026-07-19T13:13:45.096+0000] {processor.py:925} INFO - DAG(s) 'airflow_sanity_check' retrieved from /opt/airflow/dags/sanity_checks.py
[2026-07-19T13:13:45.563+0000] {logging_mixin.py:190} INFO - [2026-07-19T13:13:45.559+0000] {dag.py:3211} INFO - Sync 1 DAGs
[2026-07-19T13:13:45.773+0000] {logging_mixin.py:190} INFO - [2026-07-19T13:13:45.772+0000] {dag.py:4138} INFO - Setting next_dagrun for airflow_sanity_check to None, run_after=None
[2026-07-19T13:13:46.074+0000] {processor.py:208} INFO - Processing /opt/airflow/dags/sanity_checks.py took 1.364 seconds
[2026-07-19T13:14:17.270+0000] {processor.py:186} INFO - Started process (PID=30558) to work on /opt/airflow/dags/sanity_checks.py
[2026-07-19T13:14:17.294+0000] {processor.py:914} INFO - Processing file /opt/airflow/dags/sanity_checks.py for tasks to queue
[2026-07-19T13:14:17.325+0000] {logging_mixin.py:190} INFO - [2026-07-19T13:14:17.320+0000] {dagbag.py:587} INFO - Filling up the DagBag from /opt/airflow/dags/sanity_checks.py
[2026-07-19T13:14:17.483+0000] {processor.py:925} INFO - DAG(s) 'airflow_sanity_check' retrieved from /opt/airflow/dags/sanity_checks.py
[2026-07-19T13:14:17.947+0000] {logging_mixin.py:190} INFO - [2026-07-19T13:14:17.942+0000] {dag.py:3211} INFO - Sync 1 DAGs
[2026-07-19T13:14:18.263+0000] {logging_mixin.py:190} INFO - [2026-07-19T13:14:18.261+0000] {dag.py:4138} INFO - Setting next_dagrun for airflow_sanity_check to None, run_after=None
[2026-07-19T13:14:18.590+0000] {processor.py:208} INFO - Processing /opt/airflow/dags/sanity_checks.py took 1.418 seconds
[2026-07-19T13:14:49.389+0000] {processor.py:186} INFO - Started process (PID=30568) to work on /opt/airflow/dags/sanity_checks.py
[2026-07-19T13:14:49.397+0000] {processor.py:914} INFO - Processing file /opt/airflow/dags/sanity_checks.py for tasks to queue
[2026-07-19T13:14:49.432+0000] {logging_mixin.py:190} INFO - [2026-07-19T13:14:49.425+0000] {dagbag.py:587} INFO - Filling up the DagBag from /opt/airflow/dags/sanity_checks.py
[2026-07-19T13:14:49.634+0000] {processor.py:925} INFO - DAG(s) 'airflow_sanity_check' retrieved from /opt/airflow/dags/sanity_checks.py
[2026-07-19T13:14:50.105+0000] {logging_mixin.py:190} INFO - [2026-07-19T13:14:50.104+0000] {dag.py:3211} INFO - Sync 1 DAGs
[2026-07-19T13:14:50.428+0000] {logging_mixin.py:190} INFO - [2026-07-19T13:14:50.426+0000] {dag.py:4138} INFO - Setting next_dagrun for airflow_sanity_check to None, run_after=None
[2026-07-19T13:14:50.773+0000] {processor.py:208} INFO - Processing /opt/airflow/dags/sanity_checks.py took 1.476 seconds
[2026-07-19T13:45:23.010+0000] {processor.py:186} INFO - Started process (PID=30578) to work on /opt/airflow/dags/sanity_checks.py
[2026-07-19T13:45:23.022+0000] {processor.py:914} INFO - Processing file /opt/airflow/dags/sanity_checks.py for tasks to queue
[2026-07-19T13:45:23.045+0000] {logging_mixin.py:190} INFO - [2026-07-19T13:45:23.043+0000] {dagbag.py:587} INFO - Filling up the DagBag from /opt/airflow/dags/sanity_checks.py
[2026-07-19T13:45:23.182+0000] {processor.py:925} INFO - DAG(s) 'airflow_sanity_check' retrieved from /opt/airflow/dags/sanity_checks.py
[2026-07-19T13:45:23.813+0000] {logging_mixin.py:190} INFO - [2026-07-19T13:45:23.809+0000] {dag.py:3211} INFO - Sync 1 DAGs
[2026-07-19T13:45:24.153+0000] {logging_mixin.py:190} INFO - [2026-07-19T13:45:24.151+0000] {dag.py:4138} INFO - Setting next_dagrun for airflow_sanity_check to None, run_after=None
[2026-07-19T13:45:24.688+0000] {processor.py:208} INFO - Processing /opt/airflow/dags/sanity_checks.py took 1.828 seconds
[2026-07-19T13:45:55.151+0000] {processor.py:186} INFO - Started process (PID=30588) to work on /opt/airflow/dags/sanity_checks.py
[2026-07-19T13:45:55.165+0000] {processor.py:914} INFO - Processing file /opt/airflow/dags/sanity_checks.py for tasks to queue
[2026-07-19T13:45:55.209+0000] {logging_mixin.py:190} INFO - [2026-07-19T13:45:55.204+0000] {dagbag.py:587} INFO - Filling up the DagBag from /opt/airflow/dags/sanity_checks.py
[2026-07-19T13:45:55.386+0000] {processor.py:925} INFO - DAG(s) 'airflow_sanity_check' retrieved from /opt/airflow/dags/sanity_checks.py
[2026-07-19T13:45:55.840+0000] {logging_mixin.py:190} INFO - [2026-07-19T13:45:55.836+0000] {dag.py:3211} INFO - Sync 1 DAGs
[2026-07-19T13:45:56.108+0000] {logging_mixin.py:190} INFO - [2026-07-19T13:45:56.105+0000] {dag.py:4138} INFO - Setting next_dagrun for airflow_sanity_check to None, run_after=None
[2026-07-19T13:45:56.462+0000] {processor.py:208} INFO - Processing /opt/airflow/dags/sanity_checks.py took 1.403 seconds
[2026-07-19T13:46:27.373+0000] {processor.py:186} INFO - Started process (PID=30598) to work on /opt/airflow/dags/sanity_checks.py
[2026-07-19T13:46:27.379+0000] {processor.py:914} INFO - Processing file /opt/airflow/dags/sanity_checks.py for tasks to queue
[2026-07-19T13:46:27.398+0000] {logging_mixin.py:190} INFO - [2026-07-19T13:46:27.396+0000] {dagbag.py:587} INFO - Filling up the DagBag from /opt/airflow/dags/sanity_checks.py
[2026-07-19T13:46:27.466+0000] {processor.py:925} INFO - DAG(s) 'airflow_sanity_check' retrieved from /opt/airflow/dags/sanity_checks.py
[2026-07-19T13:46:27.653+0000] {logging_mixin.py:190} INFO - [2026-07-19T13:46:27.651+0000] {dag.py:3211} INFO - Sync 1 DAGs
[2026-07-19T13:46:27.799+0000] {logging_mixin.py:190} INFO - [2026-07-19T13:46:27.798+0000] {dag.py:4138} INFO - Setting next_dagrun for airflow_sanity_check to None, run_after=None
[2026-07-19T13:46:27.953+0000] {processor.py:208} INFO - Processing /opt/airflow/dags/sanity_checks.py took 0.620 seconds
[2026-07-19T13:46:58.586+0000] {processor.py:186} INFO - Started process (PID=30608) to work on /opt/airflow/dags/sanity_checks.py
[2026-07-19T13:46:58.590+0000] {processor.py:914} INFO - Processing file /opt/airflow/dags/sanity_checks.py for tasks to queue
[2026-07-19T13:46:58.597+0000] {logging_mixin.py:190} INFO - [2026-07-19T13:46:58.596+0000] {dagbag.py:587} INFO - Filling up the DagBag from /opt/airflow/dags/sanity_checks.py
[2026-07-19T13:46:58.634+0000] {processor.py:925} INFO - DAG(s) 'airflow_sanity_check' retrieved from /opt/airflow/dags/sanity_checks.py
[2026-07-19T13:46:58.735+0000] {logging_mixin.py:190} INFO - [2026-07-19T13:46:58.734+0000] {dag.py:3211} INFO - Sync 1 DAGs
[2026-07-19T13:46:58.788+0000] {logging_mixin.py:190} INFO - [2026-07-19T13:46:58.788+0000] {dag.py:4138} INFO - Setting next_dagrun for airflow_sanity_check to None, run_after=None
[2026-07-19T13:46:58.846+0000] {processor.py:208} INFO - Processing /opt/airflow/dags/sanity_checks.py took 0.283 seconds
[2026-07-19T13:47:29.640+0000] {processor.py:186} INFO - Started process (PID=30618) to work on /opt/airflow/dags/sanity_checks.py
[2026-07-19T13:47:29.647+0000] {processor.py:914} INFO - Processing file /opt/airflow/dags/sanity_checks.py for tasks to queue
[2026-07-19T13:47:29.659+0000] {logging_mixin.py:190} INFO - [2026-07-19T13:47:29.658+0000] {dagbag.py:587} INFO - Filling up the DagBag from /opt/airflow/dags/sanity_checks.py
[2026-07-19T13:47:29.711+0000] {processor.py:925} INFO - DAG(s) 'airflow_sanity_check' retrieved from /opt/airflow/dags/sanity_checks.py
[2026-07-19T13:47:29.865+0000] {logging_mixin.py:190} INFO - [2026-07-19T13:47:29.865+0000] {dag.py:3211} INFO - Sync 1 DAGs
[2026-07-19T13:47:29.925+0000] {logging_mixin.py:190} INFO - [2026-07-19T13:47:29.924+0000] {dag.py:4138} INFO - Setting next_dagrun for airflow_sanity_check to None, run_after=None
[2026-07-19T13:47:29.995+0000] {processor.py:208} INFO - Processing /opt/airflow/dags/sanity_checks.py took 0.396 seconds
[2026-07-19T13:48:00.427+0000] {processor.py:186} INFO - Started process (PID=30628) to work on /opt/airflow/dags/sanity_checks.py
[2026-07-19T13:48:00.430+0000] {processor.py:914} INFO - Processing file /opt/airflow/dags/sanity_checks.py for tasks to queue
[2026-07-19T13:48:00.435+0000] {logging_mixin.py:190} INFO - [2026-07-19T13:48:00.434+0000] {dagbag.py:587} INFO - Filling up the DagBag from /opt/airflow/dags/sanity_checks.py
[2026-07-19T13:48:00.459+0000] {processor.py:925} INFO - DAG(s) 'airflow_sanity_check' retrieved from /opt/airflow/dags/sanity_checks.py
[2026-07-19T13:48:00.523+0000] {logging_mixin.py:190} INFO - [2026-07-19T13:48:00.523+0000] {dag.py:3211} INFO - Sync 1 DAGs
[2026-07-19T13:48:00.557+0000] {logging_mixin.py:190} INFO - [2026-07-19T13:48:00.557+0000] {dag.py:4138} INFO - Setting next_dagrun for airflow_sanity_check to None, run_after=None
[2026-07-19T13:48:00.601+0000] {processor.py:208} INFO - Processing /opt/airflow/dags/sanity_checks.py took 0.189 seconds
[2026-07-19T13:48:30.964+0000] {processor.py:186} INFO - Started process (PID=30638) to work on /opt/airflow/dags/sanity_checks.py
[2026-07-19T13:48:30.966+0000] {processor.py:914} INFO - Processing file /opt/airflow/dags/sanity_checks.py for tasks to queue
[2026-07-19T13:48:30.970+0000] {logging_mixin.py:190} INFO - [2026-07-19T13:48:30.969+0000] {dagbag.py:587} INFO - Filling up the DagBag from /opt/airflow/dags/sanity_checks.py
[2026-07-19T13:48:30.991+0000] {processor.py:925} INFO - DAG(s) 'airflow_sanity_check' retrieved from /opt/airflow/dags/sanity_checks.py
[2026-07-19T13:48:31.048+0000] {logging_mixin.py:190} INFO - [2026-07-19T13:48:31.047+0000] {dag.py:3211} INFO - Sync 1 DAGs
[2026-07-19T13:48:31.084+0000] {logging_mixin.py:190} INFO - [2026-07-19T13:48:31.084+0000] {dag.py:4138} INFO - Setting next_dagrun for airflow_sanity_check to None, run_after=None
[2026-07-19T13:48:31.128+0000] {processor.py:208} INFO - Processing /opt/airflow/dags/sanity_checks.py took 0.176 seconds
[2026-07-19T13:49:01.515+0000] {processor.py:186} INFO - Started process (PID=30648) to work on /opt/airflow/dags/sanity_checks.py
[2026-07-19T13:49:01.519+0000] {processor.py:914} INFO - Processing file /opt/airflow/dags/sanity_checks.py for tasks to queue
[2026-07-19T13:49:01.527+0000] {logging_mixin.py:190} INFO - [2026-07-19T13:49:01.526+0000] {dagbag.py:587} INFO - Filling up the DagBag from /opt/airflow/dags/sanity_checks.py
[2026-07-19T13:49:01.576+0000] {processor.py:925} INFO - DAG(s) 'airflow_sanity_check' retrieved from /opt/airflow/dags/sanity_checks.py
[2026-07-19T13:49:01.685+0000] {logging_mixin.py:190} INFO - [2026-07-19T13:49:01.685+0000] {dag.py:3211} INFO - Sync 1 DAGs
[2026-07-19T13:49:01.746+0000] {logging_mixin.py:190} INFO - [2026-07-19T13:49:01.746+0000] {dag.py:4138} INFO - Setting next_dagrun for airflow_sanity_check to None, run_after=None
[2026-07-19T13:49:01.825+0000] {processor.py:208} INFO - Processing /opt/airflow/dags/sanity_checks.py took 0.334 seconds
[2026-07-19T13:55:50.294+0000] {processor.py:186} INFO - Started process (PID=30658) to work on /opt/airflow/dags/sanity_checks.py
[2026-07-19T13:55:50.305+0000] {processor.py:914} INFO - Processing file /opt/airflow/dags/sanity_checks.py for tasks to queue
[2026-07-19T13:55:50.357+0000] {logging_mixin.py:190} INFO - [2026-07-19T13:55:50.348+0000] {dagbag.py:587} INFO - Filling up the DagBag from /opt/airflow/dags/sanity_checks.py
[2026-07-19T13:55:50.518+0000] {processor.py:925} INFO - DAG(s) 'airflow_sanity_check' retrieved from /opt/airflow/dags/sanity_checks.py
[2026-07-19T13:55:50.829+0000] {logging_mixin.py:190} INFO - [2026-07-19T13:55:50.827+0000] {dag.py:3211} INFO - Sync 1 DAGs
[2026-07-19T13:55:50.990+0000] {logging_mixin.py:190} INFO - [2026-07-19T13:55:50.989+0000] {dag.py:4138} INFO - Setting next_dagrun for airflow_sanity_check to None, run_after=None
[2026-07-19T13:55:51.200+0000] {processor.py:208} INFO - Processing /opt/airflow/dags/sanity_checks.py took 0.975 seconds
[2026-07-19T14:17:34.963+0000] {processor.py:186} INFO - Started process (PID=30668) to work on /opt/airflow/dags/sanity_checks.py
[2026-07-19T14:17:34.967+0000] {processor.py:914} INFO - Processing file /opt/airflow/dags/sanity_checks.py for tasks to queue
[2026-07-19T14:17:34.974+0000] {logging_mixin.py:190} INFO - [2026-07-19T14:17:34.973+0000] {dagbag.py:587} INFO - Filling up the DagBag from /opt/airflow/dags/sanity_checks.py
[2026-07-19T14:17:35.016+0000] {processor.py:925} INFO - DAG(s) 'airflow_sanity_check' retrieved from /opt/airflow/dags/sanity_checks.py
[2026-07-19T14:17:35.130+0000] {logging_mixin.py:190} INFO - [2026-07-19T14:17:35.129+0000] {dag.py:3211} INFO - Sync 1 DAGs
[2026-07-19T14:17:35.175+0000] {logging_mixin.py:190} INFO - [2026-07-19T14:17:35.174+0000] {dag.py:4138} INFO - Setting next_dagrun for airflow_sanity_check to None, run_after=None
[2026-07-19T14:17:35.258+0000] {processor.py:208} INFO - Processing /opt/airflow/dags/sanity_checks.py took 0.313 seconds
[2026-07-19T14:18:05.723+0000] {processor.py:186} INFO - Started process (PID=30678) to work on /opt/airflow/dags/sanity_checks.py
[2026-07-19T14:18:05.725+0000] {processor.py:914} INFO - Processing file /opt/airflow/dags/sanity_checks.py for tasks to queue
[2026-07-19T14:18:05.728+0000] {logging_mixin.py:190} INFO - [2026-07-19T14:18:05.728+0000] {dagbag.py:587} INFO - Filling up the DagBag from /opt/airflow/dags/sanity_checks.py
[2026-07-19T14:18:05.744+0000] {processor.py:925} INFO - DAG(s) 'airflow_sanity_check' retrieved from /opt/airflow/dags/sanity_checks.py
[2026-07-19T14:18:05.792+0000] {logging_mixin.py:190} INFO - [2026-07-19T14:18:05.791+0000] {dag.py:3211} INFO - Sync 1 DAGs
[2026-07-19T14:18:05.814+0000] {logging_mixin.py:190} INFO - [2026-07-19T14:18:05.813+0000] {dag.py:4138} INFO - Setting next_dagrun for airflow_sanity_check to None, run_after=None
[2026-07-19T14:18:05.841+0000] {processor.py:208} INFO - Processing /opt/airflow/dags/sanity_checks.py took 0.127 seconds
[2026-07-19T14:18:36.158+0000] {processor.py:186} INFO - Started process (PID=30688) to work on /opt/airflow/dags/sanity_checks.py
[2026-07-19T14:18:36.160+0000] {processor.py:914} INFO - Processing file /opt/airflow/dags/sanity_checks.py for tasks to queue
[2026-07-19T14:18:36.164+0000] {logging_mixin.py:190} INFO - [2026-07-19T14:18:36.163+0000] {dagbag.py:587} INFO - Filling up the DagBag from /opt/airflow/dags/sanity_checks.py
[2026-07-19T14:18:36.179+0000] {processor.py:925} INFO - DAG(s) 'airflow_sanity_check' retrieved from /opt/airflow/dags/sanity_checks.py
[2026-07-19T14:18:36.223+0000] {logging_mixin.py:190} INFO - [2026-07-19T14:18:36.223+0000] {dag.py:3211} INFO - Sync 1 DAGs
[2026-07-19T14:18:36.245+0000] {logging_mixin.py:190} INFO - [2026-07-19T14:18:36.245+0000] {dag.py:4138} INFO - Setting next_dagrun for airflow_sanity_check to None, run_after=None
[2026-07-19T14:18:36.274+0000] {processor.py:208} INFO - Processing /opt/airflow/dags/sanity_checks.py took 0.125 seconds
[2026-07-19T14:19:06.590+0000] {processor.py:186} INFO - Started process (PID=30698) to work on /opt/airflow/dags/sanity_checks.py
[2026-07-19T14:19:06.592+0000] {processor.py:914} INFO - Processing file /opt/airflow/dags/sanity_checks.py for tasks to queue
[2026-07-19T14:19:06.596+0000] {logging_mixin.py:190} INFO - [2026-07-19T14:19:06.595+0000] {dagbag.py:587} INFO - Filling up the DagBag from /opt/airflow/dags/sanity_checks.py
[2026-07-19T14:19:06.611+0000] {processor.py:925} INFO - DAG(s) 'airflow_sanity_check' retrieved from /opt/airflow/dags/sanity_checks.py
[2026-07-19T14:19:06.653+0000] {logging_mixin.py:190} INFO - [2026-07-19T14:19:06.653+0000] {dag.py:3211} INFO - Sync 1 DAGs
[2026-07-19T14:19:06.675+0000] {logging_mixin.py:190} INFO - [2026-07-19T14:19:06.674+0000] {dag.py:4138} INFO - Setting next_dagrun for airflow_sanity_check to None, run_after=None
[2026-07-19T14:19:06.703+0000] {processor.py:208} INFO - Processing /opt/airflow/dags/sanity_checks.py took 0.121 seconds
[2026-07-19T14:19:37.029+0000] {processor.py:186} INFO - Started process (PID=30708) to work on /opt/airflow/dags/sanity_checks.py
[2026-07-19T14:19:37.030+0000] {processor.py:914} INFO - Processing file /opt/airflow/dags/sanity_checks.py for tasks to queue
[2026-07-19T14:19:37.035+0000] {logging_mixin.py:190} INFO - [2026-07-19T14:19:37.034+0000] {dagbag.py:587} INFO - Filling up the DagBag from /opt/airflow/dags/sanity_checks.py
[2026-07-19T14:19:37.050+0000] {processor.py:925} INFO - DAG(s) 'airflow_sanity_check' retrieved from /opt/airflow/dags/sanity_checks.py
[2026-07-19T14:19:37.092+0000] {logging_mixin.py:190} INFO - [2026-07-19T14:19:37.091+0000] {dag.py:3211} INFO - Sync 1 DAGs
[2026-07-19T14:19:37.113+0000] {logging_mixin.py:190} INFO - [2026-07-19T14:19:37.113+0000] {dag.py:4138} INFO - Setting next_dagrun for airflow_sanity_check to None, run_after=None
[2026-07-19T14:19:37.141+0000] {processor.py:208} INFO - Processing /opt/airflow/dags/sanity_checks.py took 0.121 seconds
[2026-07-19T14:20:07.466+0000] {processor.py:186} INFO - Started process (PID=30718) to work on /opt/airflow/dags/sanity_checks.py
[2026-07-19T14:20:07.471+0000] {processor.py:914} INFO - Processing file /opt/airflow/dags/sanity_checks.py for tasks to queue
[2026-07-19T14:20:07.474+0000] {logging_mixin.py:190} INFO - [2026-07-19T14:20:07.474+0000] {dagbag.py:587} INFO - Filling up the DagBag from /opt/airflow/dags/sanity_checks.py
[2026-07-19T14:20:07.493+0000] {processor.py:925} INFO - DAG(s) 'airflow_sanity_check' retrieved from /opt/airflow/dags/sanity_checks.py
[2026-07-19T14:20:07.538+0000] {logging_mixin.py:190} INFO - [2026-07-19T14:20:07.537+0000] {dag.py:3211} INFO - Sync 1 DAGs
[2026-07-19T14:20:07.574+0000] {logging_mixin.py:190} INFO - [2026-07-19T14:20:07.574+0000] {dag.py:4138} INFO - Setting next_dagrun for airflow_sanity_check to None, run_after=None
[2026-07-19T14:20:07.625+0000] {processor.py:208} INFO - Processing /opt/airflow/dags/sanity_checks.py took 0.168 seconds
[2026-07-19T14:20:37.941+0000] {processor.py:186} INFO - Started process (PID=30728) to work on /opt/airflow/dags/sanity_checks.py
[2026-07-19T14:20:37.942+0000] {processor.py:914} INFO - Processing file /opt/airflow/dags/sanity_checks.py for tasks to queue
[2026-07-19T14:20:37.946+0000] {logging_mixin.py:190} INFO - [2026-07-19T14:20:37.945+0000] {dagbag.py:587} INFO - Filling up the DagBag from /opt/airflow/dags/sanity_checks.py
[2026-07-19T14:20:37.962+0000] {processor.py:925} INFO - DAG(s) 'airflow_sanity_check' retrieved from /opt/airflow/dags/sanity_checks.py
[2026-07-19T14:20:38.003+0000] {logging_mixin.py:190} INFO - [2026-07-19T14:20:38.003+0000] {dag.py:3211} INFO - Sync 1 DAGs
[2026-07-19T14:20:38.027+0000] {logging_mixin.py:190} INFO - [2026-07-19T14:20:38.026+0000] {dag.py:4138} INFO - Setting next_dagrun for airflow_sanity_check to None, run_after=None
[2026-07-19T14:20:38.053+0000] {processor.py:208} INFO - Processing /opt/airflow/dags/sanity_checks.py took 0.122 seconds
[2026-07-19T14:21:08.516+0000] {processor.py:186} INFO - Started process (PID=30738) to work on /opt/airflow/dags/sanity_checks.py
[2026-07-19T14:21:08.517+0000] {processor.py:914} INFO - Processing file /opt/airflow/dags/sanity_checks.py for tasks to queue
[2026-07-19T14:21:08.523+0000] {logging_mixin.py:190} INFO - [2026-07-19T14:21:08.522+0000] {dagbag.py:587} INFO - Filling up the DagBag from /opt/airflow/dags/sanity_checks.py
[2026-07-19T14:21:08.545+0000] {processor.py:925} INFO - DAG(s) 'airflow_sanity_check' retrieved from /opt/airflow/dags/sanity_checks.py
[2026-07-19T14:21:08.597+0000] {logging_mixin.py:190} INFO - [2026-07-19T14:21:08.596+0000] {dag.py:3211} INFO - Sync 1 DAGs
[2026-07-19T14:21:08.623+0000] {logging_mixin.py:190} INFO - [2026-07-19T14:21:08.623+0000] {dag.py:4138} INFO - Setting next_dagrun for airflow_sanity_check to None, run_after=None
[2026-07-19T14:21:08.651+0000] {processor.py:208} INFO - Processing /opt/airflow/dags/sanity_checks.py took 0.155 seconds
[2026-07-19T14:21:38.976+0000] {processor.py:186} INFO - Started process (PID=30748) to work on /opt/airflow/dags/sanity_checks.py
[2026-07-19T14:21:38.978+0000] {processor.py:914} INFO - Processing file /opt/airflow/dags/sanity_checks.py for tasks to queue
[2026-07-19T14:21:38.981+0000] {logging_mixin.py:190} INFO - [2026-07-19T14:21:38.981+0000] {dagbag.py:587} INFO - Filling up the DagBag from /opt/airflow/dags/sanity_checks.py
[2026-07-19T14:21:38.997+0000] {processor.py:925} INFO - DAG(s) 'airflow_sanity_check' retrieved from /opt/airflow/dags/sanity_checks.py
[2026-07-19T14:21:39.047+0000] {logging_mixin.py:190} INFO - [2026-07-19T14:21:39.047+0000] {dag.py:3211} INFO - Sync 1 DAGs
[2026-07-19T14:21:39.075+0000] {logging_mixin.py:190} INFO - [2026-07-19T14:21:39.075+0000] {dag.py:4138} INFO - Setting next_dagrun for airflow_sanity_check to None, run_after=None
[2026-07-19T14:21:39.108+0000] {processor.py:208} INFO - Processing /opt/airflow/dags/sanity_checks.py took 0.141 seconds
[2026-07-19T14:22:09.630+0000] {processor.py:186} INFO - Started process (PID=30758) to work on /opt/airflow/dags/sanity_checks.py
[2026-07-19T14:22:09.632+0000] {processor.py:914} INFO - Processing file /opt/airflow/dags/sanity_checks.py for tasks to queue
[2026-07-19T14:22:09.635+0000] {logging_mixin.py:190} INFO - [2026-07-19T14:22:09.635+0000] {dagbag.py:587} INFO - Filling up the DagBag from /opt/airflow/dags/sanity_checks.py
[2026-07-19T14:22:09.653+0000] {processor.py:925} INFO - DAG(s) 'airflow_sanity_check' retrieved from /opt/airflow/dags/sanity_checks.py
[2026-07-19T14:22:09.693+0000] {logging_mixin.py:190} INFO - [2026-07-19T14:22:09.693+0000] {dag.py:3211} INFO - Sync 1 DAGs
[2026-07-19T14:22:09.716+0000] {logging_mixin.py:190} INFO - [2026-07-19T14:22:09.716+0000] {dag.py:4138} INFO - Setting next_dagrun for airflow_sanity_check to None, run_after=None
[2026-07-19T14:22:09.743+0000] {processor.py:208} INFO - Processing /opt/airflow/dags/sanity_checks.py took 0.122 seconds
[2026-07-19T14:22:40.242+0000] {processor.py:186} INFO - Started process (PID=30768) to work on /opt/airflow/dags/sanity_checks.py
[2026-07-19T14:22:40.243+0000] {processor.py:914} INFO - Processing file /opt/airflow/dags/sanity_checks.py for tasks to queue
[2026-07-19T14:22:40.248+0000] {logging_mixin.py:190} INFO - [2026-07-19T14:22:40.247+0000] {dagbag.py:587} INFO - Filling up the DagBag from /opt/airflow/dags/sanity_checks.py
[2026-07-19T14:22:40.263+0000] {processor.py:925} INFO - DAG(s) 'airflow_sanity_check' retrieved from /opt/airflow/dags/sanity_checks.py
[2026-07-19T14:22:40.307+0000] {logging_mixin.py:190} INFO - [2026-07-19T14:22:40.306+0000] {dag.py:3211} INFO - Sync 1 DAGs
[2026-07-19T14:22:40.333+0000] {logging_mixin.py:190} INFO - [2026-07-19T14:22:40.333+0000] {dag.py:4138} INFO - Setting next_dagrun for airflow_sanity_check to None, run_after=None
[2026-07-19T14:22:40.360+0000] {processor.py:208} INFO - Processing /opt/airflow/dags/sanity_checks.py took 0.128 seconds
[2026-07-19T14:23:10.686+0000] {processor.py:186} INFO - Started process (PID=30778) to work on /opt/airflow/dags/sanity_checks.py
[2026-07-19T14:23:10.687+0000] {processor.py:914} INFO - Processing file /opt/airflow/dags/sanity_checks.py for tasks to queue
[2026-07-19T14:23:10.690+0000] {logging_mixin.py:190} INFO - [2026-07-19T14:23:10.690+0000] {dagbag.py:587} INFO - Filling up the DagBag from /opt/airflow/dags/sanity_checks.py
[2026-07-19T14:23:10.706+0000] {processor.py:925} INFO - DAG(s) 'airflow_sanity_check' retrieved from /opt/airflow/dags/sanity_checks.py
[2026-07-19T14:23:10.748+0000] {logging_mixin.py:190} INFO - [2026-07-19T14:23:10.748+0000] {dag.py:3211} INFO - Sync 1 DAGs
[2026-07-19T14:23:10.770+0000] {logging_mixin.py:190} INFO - [2026-07-19T14:23:10.770+0000] {dag.py:4138} INFO - Setting next_dagrun for airflow_sanity_check to None, run_after=None
[2026-07-19T14:23:10.796+0000] {processor.py:208} INFO - Processing /opt/airflow/dags/sanity_checks.py took 0.121 seconds
[2026-07-19T14:23:41.130+0000] {processor.py:186} INFO - Started process (PID=30788) to work on /opt/airflow/dags/sanity_checks.py
[2026-07-19T14:23:41.133+0000] {processor.py:914} INFO - Processing file /opt/airflow/dags/sanity_checks.py for tasks to queue
[2026-07-19T14:23:41.147+0000] {logging_mixin.py:190} INFO - [2026-07-19T14:23:41.146+0000] {dagbag.py:587} INFO - Filling up the DagBag from /opt/airflow/dags/sanity_checks.py
[2026-07-19T14:23:41.184+0000] {processor.py:925} INFO - DAG(s) 'airflow_sanity_check' retrieved from /opt/airflow/dags/sanity_checks.py
[2026-07-19T14:23:41.339+0000] {logging_mixin.py:190} INFO - [2026-07-19T14:23:41.338+0000] {dag.py:3211} INFO - Sync 1 DAGs
[2026-07-19T14:23:41.382+0000] {logging_mixin.py:190} INFO - [2026-07-19T14:23:41.382+0000] {dag.py:4138} INFO - Setting next_dagrun for airflow_sanity_check to None, run_after=None
[2026-07-19T14:23:41.419+0000] {processor.py:208} INFO - Processing /opt/airflow/dags/sanity_checks.py took 0.302 seconds
[2026-07-19T14:24:11.728+0000] {processor.py:186} INFO - Started process (PID=30798) to work on /opt/airflow/dags/sanity_checks.py
[2026-07-19T14:24:11.730+0000] {processor.py:914} INFO - Processing file /opt/airflow/dags/sanity_checks.py for tasks to queue
[2026-07-19T14:24:11.733+0000] {logging_mixin.py:190} INFO - [2026-07-19T14:24:11.733+0000] {dagbag.py:587} INFO - Filling up the DagBag from /opt/airflow/dags/sanity_checks.py
[2026-07-19T14:24:11.749+0000] {processor.py:925} INFO - DAG(s) 'airflow_sanity_check' retrieved from /opt/airflow/dags/sanity_checks.py
[2026-07-19T14:24:11.793+0000] {logging_mixin.py:190} INFO - [2026-07-19T14:24:11.793+0000] {dag.py:3211} INFO - Sync 1 DAGs
[2026-07-19T14:24:11.821+0000] {logging_mixin.py:190} INFO - [2026-07-19T14:24:11.820+0000] {dag.py:4138} INFO - Setting next_dagrun for airflow_sanity_check to None, run_after=None
[2026-07-19T14:24:11.852+0000] {processor.py:208} INFO - Processing /opt/airflow/dags/sanity_checks.py took 0.136 seconds
[2026-07-19T14:24:42.199+0000] {processor.py:186} INFO - Started process (PID=30808) to work on /opt/airflow/dags/sanity_checks.py
[2026-07-19T14:24:42.201+0000] {processor.py:914} INFO - Processing file /opt/airflow/dags/sanity_checks.py for tasks to queue
[2026-07-19T14:24:42.207+0000] {logging_mixin.py:190} INFO - [2026-07-19T14:24:42.207+0000] {dagbag.py:587} INFO - Filling up the DagBag from /opt/airflow/dags/sanity_checks.py
[2026-07-19T14:24:42.231+0000] {processor.py:925} INFO - DAG(s) 'airflow_sanity_check' retrieved from /opt/airflow/dags/sanity_checks.py
[2026-07-19T14:24:42.279+0000] {logging_mixin.py:190} INFO - [2026-07-19T14:24:42.279+0000] {dag.py:3211} INFO - Sync 1 DAGs
[2026-07-19T14:24:42.306+0000] {logging_mixin.py:190} INFO - [2026-07-19T14:24:42.306+0000] {dag.py:4138} INFO - Setting next_dagrun for airflow_sanity_check to None, run_after=None
[2026-07-19T14:24:42.336+0000] {processor.py:208} INFO - Processing /opt/airflow/dags/sanity_checks.py took 0.151 seconds
[2026-07-19T14:25:12.680+0000] {processor.py:186} INFO - Started process (PID=30818) to work on /opt/airflow/dags/sanity_checks.py
[2026-07-19T14:25:12.681+0000] {processor.py:914} INFO - Processing file /opt/airflow/dags/sanity_checks.py for tasks to queue
[2026-07-19T14:25:12.685+0000] {logging_mixin.py:190} INFO - [2026-07-19T14:25:12.684+0000] {dagbag.py:587} INFO - Filling up the DagBag from /opt/airflow/dags/sanity_checks.py
[2026-07-19T14:25:12.702+0000] {processor.py:925} INFO - DAG(s) 'airflow_sanity_check' retrieved from /opt/airflow/dags/sanity_checks.py
[2026-07-19T14:25:12.748+0000] {logging_mixin.py:190} INFO - [2026-07-19T14:25:12.747+0000] {dag.py:3211} INFO - Sync 1 DAGs
[2026-07-19T14:25:12.771+0000] {logging_mixin.py:190} INFO - [2026-07-19T14:25:12.771+0000] {dag.py:4138} INFO - Setting next_dagrun for airflow_sanity_check to None, run_after=None
[2026-07-19T14:25:12.797+0000] {processor.py:208} INFO - Processing /opt/airflow/dags/sanity_checks.py took 0.130 seconds
[2026-07-19T14:25:43.125+0000] {processor.py:186} INFO - Started process (PID=30828) to work on /opt/airflow/dags/sanity_checks.py
[2026-07-19T14:25:43.126+0000] {processor.py:914} INFO - Processing file /opt/airflow/dags/sanity_checks.py for tasks to queue
[2026-07-19T14:25:43.130+0000] {logging_mixin.py:190} INFO - [2026-07-19T14:25:43.130+0000] {dagbag.py:587} INFO - Filling up the DagBag from /opt/airflow/dags/sanity_checks.py
[2026-07-19T14:25:43.145+0000] {processor.py:925} INFO - DAG(s) 'airflow_sanity_check' retrieved from /opt/airflow/dags/sanity_checks.py
[2026-07-19T14:25:43.189+0000] {logging_mixin.py:190} INFO - [2026-07-19T14:25:43.189+0000] {dag.py:3211} INFO - Sync 1 DAGs
[2026-07-19T14:25:43.209+0000] {logging_mixin.py:190} INFO - [2026-07-19T14:25:43.209+0000] {dag.py:4138} INFO - Setting next_dagrun for airflow_sanity_check to None, run_after=None
[2026-07-19T14:25:43.237+0000] {processor.py:208} INFO - Processing /opt/airflow/dags/sanity_checks.py took 0.121 seconds
[2026-07-19T14:26:13.543+0000] {processor.py:186} INFO - Started process (PID=30838) to work on /opt/airflow/dags/sanity_checks.py
[2026-07-19T14:26:13.545+0000] {processor.py:914} INFO - Processing file /opt/airflow/dags/sanity_checks.py for tasks to queue
[2026-07-19T14:26:13.549+0000] {logging_mixin.py:190} INFO - [2026-07-19T14:26:13.549+0000] {dagbag.py:587} INFO - Filling up the DagBag from /opt/airflow/dags/sanity_checks.py
[2026-07-19T14:26:13.564+0000] {processor.py:925} INFO - DAG(s) 'airflow_sanity_check' retrieved from /opt/airflow/dags/sanity_checks.py
[2026-07-19T14:26:13.606+0000] {logging_mixin.py:190} INFO - [2026-07-19T14:26:13.605+0000] {dag.py:3211} INFO - Sync 1 DAGs
[2026-07-19T14:26:13.627+0000] {logging_mixin.py:190} INFO - [2026-07-19T14:26:13.627+0000] {dag.py:4138} INFO - Setting next_dagrun for airflow_sanity_check to None, run_after=None
[2026-07-19T14:26:13.653+0000] {processor.py:208} INFO - Processing /opt/airflow/dags/sanity_checks.py took 0.118 seconds
[2026-07-19T14:26:43.975+0000] {processor.py:186} INFO - Started process (PID=30848) to work on /opt/airflow/dags/sanity_checks.py
[2026-07-19T14:26:43.977+0000] {processor.py:914} INFO - Processing file /opt/airflow/dags/sanity_checks.py for tasks to queue
[2026-07-19T14:26:43.981+0000] {logging_mixin.py:190} INFO - [2026-07-19T14:26:43.980+0000] {dagbag.py:587} INFO - Filling up the DagBag from /opt/airflow/dags/sanity_checks.py
[2026-07-19T14:26:44.004+0000] {processor.py:925} INFO - DAG(s) 'airflow_sanity_check' retrieved from /opt/airflow/dags/sanity_checks.py
[2026-07-19T14:26:44.047+0000] {logging_mixin.py:190} INFO - [2026-07-19T14:26:44.047+0000] {dag.py:3211} INFO - Sync 1 DAGs
[2026-07-19T14:26:44.070+0000] {logging_mixin.py:190} INFO - [2026-07-19T14:26:44.069+0000] {dag.py:4138} INFO - Setting next_dagrun for airflow_sanity_check to None, run_after=None
[2026-07-19T14:26:44.101+0000] {processor.py:208} INFO - Processing /opt/airflow/dags/sanity_checks.py took 0.136 seconds
[2026-07-19T14:27:14.443+0000] {processor.py:186} INFO - Started process (PID=30858) to work on /opt/airflow/dags/sanity_checks.py
[2026-07-19T14:27:14.444+0000] {processor.py:914} INFO - Processing file /opt/airflow/dags/sanity_checks.py for tasks to queue
[2026-07-19T14:27:14.448+0000] {logging_mixin.py:190} INFO - [2026-07-19T14:27:14.447+0000] {dagbag.py:587} INFO - Filling up the DagBag from /opt/airflow/dags/sanity_checks.py
[2026-07-19T14:27:14.463+0000] {processor.py:925} INFO - DAG(s) 'airflow_sanity_check' retrieved from /opt/airflow/dags/sanity_checks.py
[2026-07-19T14:27:14.506+0000] {logging_mixin.py:190} INFO - [2026-07-19T14:27:14.506+0000] {dag.py:3211} INFO - Sync 1 DAGs
[2026-07-19T14:27:14.531+0000] {logging_mixin.py:190} INFO - [2026-07-19T14:27:14.531+0000] {dag.py:4138} INFO - Setting next_dagrun for airflow_sanity_check to None, run_after=None
[2026-07-19T14:27:14.563+0000] {processor.py:208} INFO - Processing /opt/airflow/dags/sanity_checks.py took 0.129 seconds
[2026-07-19T14:27:44.918+0000] {processor.py:186} INFO - Started process (PID=30868) to work on /opt/airflow/dags/sanity_checks.py
[2026-07-19T14:27:44.919+0000] {processor.py:914} INFO - Processing file /opt/airflow/dags/sanity_checks.py for tasks to queue
[2026-07-19T14:27:44.922+0000] {logging_mixin.py:190} INFO - [2026-07-19T14:27:44.922+0000] {dagbag.py:587} INFO - Filling up the DagBag from /opt/airflow/dags/sanity_checks.py
[2026-07-19T14:27:44.938+0000] {processor.py:925} INFO - DAG(s) 'airflow_sanity_check' retrieved from /opt/airflow/dags/sanity_checks.py
[2026-07-19T14:27:44.979+0000] {logging_mixin.py:190} INFO - [2026-07-19T14:27:44.978+0000] {dag.py:3211} INFO - Sync 1 DAGs
[2026-07-19T14:27:45.001+0000] {logging_mixin.py:190} INFO - [2026-07-19T14:27:45.001+0000] {dag.py:4138} INFO - Setting next_dagrun for airflow_sanity_check to None, run_after=None
[2026-07-19T14:27:45.029+0000] {processor.py:208} INFO - Processing /opt/airflow/dags/sanity_checks.py took 0.120 seconds
[2026-07-19T14:28:15.422+0000] {processor.py:186} INFO - Started process (PID=30878) to work on /opt/airflow/dags/sanity_checks.py
[2026-07-19T14:28:15.424+0000] {processor.py:914} INFO - Processing file /opt/airflow/dags/sanity_checks.py for tasks to queue
[2026-07-19T14:28:15.430+0000] {logging_mixin.py:190} INFO - [2026-07-19T14:28:15.429+0000] {dagbag.py:587} INFO - Filling up the DagBag from /opt/airflow/dags/sanity_checks.py
[2026-07-19T14:28:15.447+0000] {processor.py:925} INFO - DAG(s) 'airflow_sanity_check' retrieved from /opt/airflow/dags/sanity_checks.py
[2026-07-19T14:28:15.494+0000] {logging_mixin.py:190} INFO - [2026-07-19T14:28:15.494+0000] {dag.py:3211} INFO - Sync 1 DAGs
[2026-07-19T14:28:15.518+0000] {logging_mixin.py:190} INFO - [2026-07-19T14:28:15.518+0000] {dag.py:4138} INFO - Setting next_dagrun for airflow_sanity_check to None, run_after=None
[2026-07-19T14:28:15.547+0000] {processor.py:208} INFO - Processing /opt/airflow/dags/sanity_checks.py took 0.139 seconds
[2026-07-19T14:28:46.012+0000] {processor.py:186} INFO - Started process (PID=30888) to work on /opt/airflow/dags/sanity_checks.py
[2026-07-19T14:28:46.014+0000] {processor.py:914} INFO - Processing file /opt/airflow/dags/sanity_checks.py for tasks to queue
[2026-07-19T14:28:46.018+0000] {logging_mixin.py:190} INFO - [2026-07-19T14:28:46.017+0000] {dagbag.py:587} INFO - Filling up the DagBag from /opt/airflow/dags/sanity_checks.py
[2026-07-19T14:28:46.033+0000] {processor.py:925} INFO - DAG(s) 'airflow_sanity_check' retrieved from /opt/airflow/dags/sanity_checks.py
[2026-07-19T14:28:46.074+0000] {logging_mixin.py:190} INFO - [2026-07-19T14:28:46.074+0000] {dag.py:3211} INFO - Sync 1 DAGs
[2026-07-19T14:28:46.096+0000] {logging_mixin.py:190} INFO - [2026-07-19T14:28:46.096+0000] {dag.py:4138} INFO - Setting next_dagrun for airflow_sanity_check to None, run_after=None
[2026-07-19T14:28:46.122+0000] {processor.py:208} INFO - Processing /opt/airflow/dags/sanity_checks.py took 0.119 seconds
[2026-07-19T14:29:16.453+0000] {processor.py:186} INFO - Started process (PID=30898) to work on /opt/airflow/dags/sanity_checks.py
[2026-07-19T14:29:16.454+0000] {processor.py:914} INFO - Processing file /opt/airflow/dags/sanity_checks.py for tasks to queue
[2026-07-19T14:29:16.458+0000] {logging_mixin.py:190} INFO - [2026-07-19T14:29:16.457+0000] {dagbag.py:587} INFO - Filling up the DagBag from /opt/airflow/dags/sanity_checks.py
[2026-07-19T14:29:16.474+0000] {processor.py:925} INFO - DAG(s) 'airflow_sanity_check' retrieved from /opt/airflow/dags/sanity_checks.py
[2026-07-19T14:29:16.517+0000] {logging_mixin.py:190} INFO - [2026-07-19T14:29:16.517+0000] {dag.py:3211} INFO - Sync 1 DAGs
[2026-07-19T14:29:16.539+0000] {logging_mixin.py:190} INFO - [2026-07-19T14:29:16.539+0000] {dag.py:4138} INFO - Setting next_dagrun for airflow_sanity_check to None, run_after=None
[2026-07-19T14:29:16.566+0000] {processor.py:208} INFO - Processing /opt/airflow/dags/sanity_checks.py took 0.124 seconds
[2026-07-19T14:29:46.896+0000] {processor.py:186} INFO - Started process (PID=30908) to work on /opt/airflow/dags/sanity_checks.py
[2026-07-19T14:29:46.898+0000] {processor.py:914} INFO - Processing file /opt/airflow/dags/sanity_checks.py for tasks to queue
[2026-07-19T14:29:46.901+0000] {logging_mixin.py:190} INFO - [2026-07-19T14:29:46.901+0000] {dagbag.py:587} INFO - Filling up the DagBag from /opt/airflow/dags/sanity_checks.py
[2026-07-19T14:29:46.916+0000] {processor.py:925} INFO - DAG(s) 'airflow_sanity_check' retrieved from /opt/airflow/dags/sanity_checks.py
[2026-07-19T14:29:46.957+0000] {logging_mixin.py:190} INFO - [2026-07-19T14:29:46.957+0000] {dag.py:3211} INFO - Sync 1 DAGs
[2026-07-19T14:29:46.979+0000] {logging_mixin.py:190} INFO - [2026-07-19T14:29:46.978+0000] {dag.py:4138} INFO - Setting next_dagrun for airflow_sanity_check to None, run_after=None
[2026-07-19T14:29:47.006+0000] {processor.py:208} INFO - Processing /opt/airflow/dags/sanity_checks.py took 0.120 seconds
[2026-07-19T14:30:17.346+0000] {processor.py:186} INFO - Started process (PID=30918) to work on /opt/airflow/dags/sanity_checks.py
[2026-07-19T14:30:17.348+0000] {processor.py:914} INFO - Processing file /opt/airflow/dags/sanity_checks.py for tasks to queue
[2026-07-19T14:30:17.352+0000] {logging_mixin.py:190} INFO - [2026-07-19T14:30:17.352+0000] {dagbag.py:587} INFO - Filling up the DagBag from /opt/airflow/dags/sanity_checks.py
[2026-07-19T14:30:17.377+0000] {processor.py:925} INFO - DAG(s) 'airflow_sanity_check' retrieved from /opt/airflow/dags/sanity_checks.py
[2026-07-19T14:30:17.420+0000] {logging_mixin.py:190} INFO - [2026-07-19T14:30:17.420+0000] {dag.py:3211} INFO - Sync 1 DAGs
[2026-07-19T14:30:17.441+0000] {logging_mixin.py:190} INFO - [2026-07-19T14:30:17.441+0000] {dag.py:4138} INFO - Setting next_dagrun for airflow_sanity_check to None, run_after=None
[2026-07-19T14:30:17.472+0000] {processor.py:208} INFO - Processing /opt/airflow/dags/sanity_checks.py took 0.136 seconds
[2026-07-19T14:30:47.928+0000] {processor.py:186} INFO - Started process (PID=30928) to work on /opt/airflow/dags/sanity_checks.py
[2026-07-19T14:30:47.930+0000] {processor.py:914} INFO - Processing file /opt/airflow/dags/sanity_checks.py for tasks to queue
[2026-07-19T14:30:47.935+0000] {logging_mixin.py:190} INFO - [2026-07-19T14:30:47.934+0000] {dagbag.py:587} INFO - Filling up the DagBag from /opt/airflow/dags/sanity_checks.py
[2026-07-19T14:30:47.951+0000] {processor.py:925} INFO - DAG(s) 'airflow_sanity_check' retrieved from /opt/airflow/dags/sanity_checks.py
[2026-07-19T14:30:47.996+0000] {logging_mixin.py:190} INFO - [2026-07-19T14:30:47.995+0000] {dag.py:3211} INFO - Sync 1 DAGs
[2026-07-19T14:30:48.022+0000] {logging_mixin.py:190} INFO - [2026-07-19T14:30:48.022+0000] {dag.py:4138} INFO - Setting next_dagrun for airflow_sanity_check to None, run_after=None
[2026-07-19T14:30:48.050+0000] {processor.py:208} INFO - Processing /opt/airflow/dags/sanity_checks.py took 0.132 seconds
[2026-07-19T14:31:18.434+0000] {processor.py:186} INFO - Started process (PID=30938) to work on /opt/airflow/dags/sanity_checks.py
[2026-07-19T14:31:18.436+0000] {processor.py:914} INFO - Processing file /opt/airflow/dags/sanity_checks.py for tasks to queue
[2026-07-19T14:31:18.439+0000] {logging_mixin.py:190} INFO - [2026-07-19T14:31:18.439+0000] {dagbag.py:587} INFO - Filling up the DagBag from /opt/airflow/dags/sanity_checks.py
[2026-07-19T14:31:18.457+0000] {processor.py:925} INFO - DAG(s) 'airflow_sanity_check' retrieved from /opt/airflow/dags/sanity_checks.py
[2026-07-19T14:31:18.504+0000] {logging_mixin.py:190} INFO - [2026-07-19T14:31:18.503+0000] {dag.py:3211} INFO - Sync 1 DAGs
[2026-07-19T14:31:18.528+0000] {logging_mixin.py:190} INFO - [2026-07-19T14:31:18.527+0000] {dag.py:4138} INFO - Setting next_dagrun for airflow_sanity_check to None, run_after=None
[2026-07-19T14:31:18.557+0000] {processor.py:208} INFO - Processing /opt/airflow/dags/sanity_checks.py took 0.132 seconds
[2026-07-19T14:31:48.888+0000] {processor.py:186} INFO - Started process (PID=30948) to work on /opt/airflow/dags/sanity_checks.py
[2026-07-19T14:31:48.890+0000] {processor.py:914} INFO - Processing file /opt/airflow/dags/sanity_checks.py for tasks to queue
[2026-07-19T14:31:48.894+0000] {logging_mixin.py:190} INFO - [2026-07-19T14:31:48.893+0000] {dagbag.py:587} INFO - Filling up the DagBag from /opt/airflow/dags/sanity_checks.py
[2026-07-19T14:31:48.908+0000] {processor.py:925} INFO - DAG(s) 'airflow_sanity_check' retrieved from /opt/airflow/dags/sanity_checks.py
[2026-07-19T14:31:48.950+0000] {logging_mixin.py:190} INFO - [2026-07-19T14:31:48.949+0000] {dag.py:3211} INFO - Sync 1 DAGs
[2026-07-19T14:31:48.971+0000] {logging_mixin.py:190} INFO - [2026-07-19T14:31:48.970+0000] {dag.py:4138} INFO - Setting next_dagrun for airflow_sanity_check to None, run_after=None
[2026-07-19T14:31:48.999+0000] {processor.py:208} INFO - Processing /opt/airflow/dags/sanity_checks.py took 0.121 seconds
[2026-07-19T14:32:19.323+0000] {processor.py:186} INFO - Started process (PID=30958) to work on /opt/airflow/dags/sanity_checks.py
[2026-07-19T14:32:19.326+0000] {processor.py:914} INFO - Processing file /opt/airflow/dags/sanity_checks.py for tasks to queue
[2026-07-19T14:32:19.330+0000] {logging_mixin.py:190} INFO - [2026-07-19T14:32:19.329+0000] {dagbag.py:587} INFO - Filling up the DagBag from /opt/airflow/dags/sanity_checks.py
[2026-07-19T14:32:19.350+0000] {processor.py:925} INFO - DAG(s) 'airflow_sanity_check' retrieved from /opt/airflow/dags/sanity_checks.py
[2026-07-19T14:32:19.394+0000] {logging_mixin.py:190} INFO - [2026-07-19T14:32:19.394+0000] {dag.py:3211} INFO - Sync 1 DAGs
[2026-07-19T14:32:19.418+0000] {logging_mixin.py:190} INFO - [2026-07-19T14:32:19.417+0000] {dag.py:4138} INFO - Setting next_dagrun for airflow_sanity_check to None, run_after=None
[2026-07-19T14:32:19.448+0000] {processor.py:208} INFO - Processing /opt/airflow/dags/sanity_checks.py took 0.134 seconds
[2026-07-19T14:32:49.894+0000] {processor.py:186} INFO - Started process (PID=30968) to work on /opt/airflow/dags/sanity_checks.py
[2026-07-19T14:32:49.895+0000] {processor.py:914} INFO - Processing file /opt/airflow/dags/sanity_checks.py for tasks to queue
[2026-07-19T14:32:49.899+0000] {logging_mixin.py:190} INFO - [2026-07-19T14:32:49.898+0000] {dagbag.py:587} INFO - Filling up the DagBag from /opt/airflow/dags/sanity_checks.py
[2026-07-19T14:32:49.914+0000] {processor.py:925} INFO - DAG(s) 'airflow_sanity_check' retrieved from /opt/airflow/dags/sanity_checks.py
[2026-07-19T14:32:49.955+0000] {logging_mixin.py:190} INFO - [2026-07-19T14:32:49.955+0000] {dag.py:3211} INFO - Sync 1 DAGs
[2026-07-19T14:32:49.976+0000] {logging_mixin.py:190} INFO - [2026-07-19T14:32:49.976+0000] {dag.py:4138} INFO - Setting next_dagrun for airflow_sanity_check to None, run_after=None
[2026-07-19T14:32:50.003+0000] {processor.py:208} INFO - Processing /opt/airflow/dags/sanity_checks.py took 0.119 seconds
[2026-07-19T14:33:20.333+0000] {processor.py:186} INFO - Started process (PID=30978) to work on /opt/airflow/dags/sanity_checks.py
[2026-07-19T14:33:20.335+0000] {processor.py:914} INFO - Processing file /opt/airflow/dags/sanity_checks.py for tasks to queue
[2026-07-19T14:33:20.338+0000] {logging_mixin.py:190} INFO - [2026-07-19T14:33:20.338+0000] {dagbag.py:587} INFO - Filling up the DagBag from /opt/airflow/dags/sanity_checks.py
[2026-07-19T14:33:20.355+0000] {processor.py:925} INFO - DAG(s) 'airflow_sanity_check' retrieved from /opt/airflow/dags/sanity_checks.py
[2026-07-19T14:33:20.397+0000] {logging_mixin.py:190} INFO - [2026-07-19T14:33:20.397+0000] {dag.py:3211} INFO - Sync 1 DAGs
[2026-07-19T14:33:20.420+0000] {logging_mixin.py:190} INFO - [2026-07-19T14:33:20.420+0000] {dag.py:4138} INFO - Setting next_dagrun for airflow_sanity_check to None, run_after=None
[2026-07-19T14:33:20.446+0000] {processor.py:208} INFO - Processing /opt/airflow/dags/sanity_checks.py took 0.124 seconds
[2026-07-19T14:33:50.807+0000] {processor.py:186} INFO - Started process (PID=30988) to work on /opt/airflow/dags/sanity_checks.py
[2026-07-19T14:33:50.809+0000] {processor.py:914} INFO - Processing file /opt/airflow/dags/sanity_checks.py for tasks to queue
[2026-07-19T14:33:50.812+0000] {logging_mixin.py:190} INFO - [2026-07-19T14:33:50.812+0000] {dagbag.py:587} INFO - Filling up the DagBag from /opt/airflow/dags/sanity_checks.py
[2026-07-19T14:33:50.828+0000] {processor.py:925} INFO - DAG(s) 'airflow_sanity_check' retrieved from /opt/airflow/dags/sanity_checks.py
[2026-07-19T14:33:50.870+0000] {logging_mixin.py:190} INFO - [2026-07-19T14:33:50.869+0000] {dag.py:3211} INFO - Sync 1 DAGs
[2026-07-19T14:33:50.892+0000] {logging_mixin.py:190} INFO - [2026-07-19T14:33:50.892+0000] {dag.py:4138} INFO - Setting next_dagrun for airflow_sanity_check to None, run_after=None
[2026-07-19T14:33:50.918+0000] {processor.py:208} INFO - Processing /opt/airflow/dags/sanity_checks.py took 0.120 seconds
[2026-07-19T14:34:21.227+0000] {processor.py:186} INFO - Started process (PID=30998) to work on /opt/airflow/dags/sanity_checks.py
[2026-07-19T14:34:21.229+0000] {processor.py:914} INFO - Processing file /opt/airflow/dags/sanity_checks.py for tasks to queue
[2026-07-19T14:34:21.232+0000] {logging_mixin.py:190} INFO - [2026-07-19T14:34:21.232+0000] {dagbag.py:587} INFO - Filling up the DagBag from /opt/airflow/dags/sanity_checks.py
[2026-07-19T14:34:21.250+0000] {processor.py:925} INFO - DAG(s) 'airflow_sanity_check' retrieved from /opt/airflow/dags/sanity_checks.py
[2026-07-19T14:34:21.299+0000] {logging_mixin.py:190} INFO - [2026-07-19T14:34:21.299+0000] {dag.py:3211} INFO - Sync 1 DAGs
[2026-07-19T14:34:21.321+0000] {logging_mixin.py:190} INFO - [2026-07-19T14:34:21.320+0000] {dag.py:4138} INFO - Setting next_dagrun for airflow_sanity_check to None, run_after=None
[2026-07-19T14:34:21.352+0000] {processor.py:208} INFO - Processing /opt/airflow/dags/sanity_checks.py took 0.134 seconds
[2026-07-19T14:34:51.683+0000] {processor.py:186} INFO - Started process (PID=31008) to work on /opt/airflow/dags/sanity_checks.py
[2026-07-19T14:34:51.685+0000] {processor.py:914} INFO - Processing file /opt/airflow/dags/sanity_checks.py for tasks to queue
[2026-07-19T14:34:51.689+0000] {logging_mixin.py:190} INFO - [2026-07-19T14:34:51.689+0000] {dagbag.py:587} INFO - Filling up the DagBag from /opt/airflow/dags/sanity_checks.py
[2026-07-19T14:34:51.704+0000] {processor.py:925} INFO - DAG(s) 'airflow_sanity_check' retrieved from /opt/airflow/dags/sanity_checks.py
[2026-07-19T14:34:51.747+0000] {logging_mixin.py:190} INFO - [2026-07-19T14:34:51.747+0000] {dag.py:3211} INFO - Sync 1 DAGs
[2026-07-19T14:34:51.769+0000] {logging_mixin.py:190} INFO - [2026-07-19T14:34:51.769+0000] {dag.py:4138} INFO - Setting next_dagrun for airflow_sanity_check to None, run_after=None
[2026-07-19T14:34:51.797+0000] {processor.py:208} INFO - Processing /opt/airflow/dags/sanity_checks.py took 0.122 seconds
[2026-07-19T14:35:22.159+0000] {processor.py:186} INFO - Started process (PID=31018) to work on /opt/airflow/dags/sanity_checks.py
[2026-07-19T14:35:22.160+0000] {processor.py:914} INFO - Processing file /opt/airflow/dags/sanity_checks.py for tasks to queue
[2026-07-19T14:35:22.165+0000] {logging_mixin.py:190} INFO - [2026-07-19T14:35:22.164+0000] {dagbag.py:587} INFO - Filling up the DagBag from /opt/airflow/dags/sanity_checks.py
[2026-07-19T14:35:22.180+0000] {processor.py:925} INFO - DAG(s) 'airflow_sanity_check' retrieved from /opt/airflow/dags/sanity_checks.py
[2026-07-19T14:35:22.222+0000] {logging_mixin.py:190} INFO - [2026-07-19T14:35:22.222+0000] {dag.py:3211} INFO - Sync 1 DAGs
[2026-07-19T14:35:22.243+0000] {logging_mixin.py:190} INFO - [2026-07-19T14:35:22.243+0000] {dag.py:4138} INFO - Setting next_dagrun for airflow_sanity_check to None, run_after=None
[2026-07-19T14:35:22.270+0000] {processor.py:208} INFO - Processing /opt/airflow/dags/sanity_checks.py took 0.120 seconds
[2026-07-19T14:35:52.607+0000] {processor.py:186} INFO - Started process (PID=31028) to work on /opt/airflow/dags/sanity_checks.py
[2026-07-19T14:35:52.609+0000] {processor.py:914} INFO - Processing file /opt/airflow/dags/sanity_checks.py for tasks to queue
[2026-07-19T14:35:52.612+0000] {logging_mixin.py:190} INFO - [2026-07-19T14:35:52.612+0000] {dagbag.py:587} INFO - Filling up the DagBag from /opt/airflow/dags/sanity_checks.py
[2026-07-19T14:35:52.628+0000] {processor.py:925} INFO - DAG(s) 'airflow_sanity_check' retrieved from /opt/airflow/dags/sanity_checks.py
[2026-07-19T14:35:52.672+0000] {logging_mixin.py:190} INFO - [2026-07-19T14:35:52.672+0000] {dag.py:3211} INFO - Sync 1 DAGs
[2026-07-19T14:35:52.694+0000] {logging_mixin.py:190} INFO - [2026-07-19T14:35:52.693+0000] {dag.py:4138} INFO - Setting next_dagrun for airflow_sanity_check to None, run_after=None
[2026-07-19T14:35:52.720+0000] {processor.py:208} INFO - Processing /opt/airflow/dags/sanity_checks.py took 0.124 seconds
[2026-07-19T14:36:23.132+0000] {processor.py:186} INFO - Started process (PID=31038) to work on /opt/airflow/dags/sanity_checks.py
[2026-07-19T14:36:23.134+0000] {processor.py:914} INFO - Processing file /opt/airflow/dags/sanity_checks.py for tasks to queue
[2026-07-19T14:36:23.137+0000] {logging_mixin.py:190} INFO - [2026-07-19T14:36:23.136+0000] {dagbag.py:587} INFO - Filling up the DagBag from /opt/airflow/dags/sanity_checks.py
[2026-07-19T14:36:23.152+0000] {processor.py:925} INFO - DAG(s) 'airflow_sanity_check' retrieved from /opt/airflow/dags/sanity_checks.py
[2026-07-19T14:36:23.193+0000] {logging_mixin.py:190} INFO - [2026-07-19T14:36:23.193+0000] {dag.py:3211} INFO - Sync 1 DAGs
[2026-07-19T14:36:23.215+0000] {logging_mixin.py:190} INFO - [2026-07-19T14:36:23.215+0000] {dag.py:4138} INFO - Setting next_dagrun for airflow_sanity_check to None, run_after=None
[2026-07-19T14:36:23.242+0000] {processor.py:208} INFO - Processing /opt/airflow/dags/sanity_checks.py took 0.121 seconds
[2026-07-19T14:36:53.625+0000] {processor.py:186} INFO - Started process (PID=31048) to work on /opt/airflow/dags/sanity_checks.py
[2026-07-19T14:36:53.628+0000] {processor.py:914} INFO - Processing file /opt/airflow/dags/sanity_checks.py for tasks to queue
[2026-07-19T14:36:53.632+0000] {logging_mixin.py:190} INFO - [2026-07-19T14:36:53.631+0000] {dagbag.py:587} INFO - Filling up the DagBag from /opt/airflow/dags/sanity_checks.py
[2026-07-19T14:36:53.653+0000] {processor.py:925} INFO - DAG(s) 'airflow_sanity_check' retrieved from /opt/airflow/dags/sanity_checks.py
[2026-07-19T14:36:53.706+0000] {logging_mixin.py:190} INFO - [2026-07-19T14:36:53.705+0000] {dag.py:3211} INFO - Sync 1 DAGs
[2026-07-19T14:36:53.733+0000] {logging_mixin.py:190} INFO - [2026-07-19T14:36:53.732+0000] {dag.py:4138} INFO - Setting next_dagrun for airflow_sanity_check to None, run_after=None
[2026-07-19T14:36:53.766+0000] {processor.py:208} INFO - Processing /opt/airflow/dags/sanity_checks.py took 0.153 seconds
[2026-07-19T14:37:24.101+0000] {processor.py:186} INFO - Started process (PID=31058) to work on /opt/airflow/dags/sanity_checks.py
[2026-07-19T14:37:24.102+0000] {processor.py:914} INFO - Processing file /opt/airflow/dags/sanity_checks.py for tasks to queue
[2026-07-19T14:37:24.106+0000] {logging_mixin.py:190} INFO - [2026-07-19T14:37:24.105+0000] {dagbag.py:587} INFO - Filling up the DagBag from /opt/airflow/dags/sanity_checks.py
[2026-07-19T14:37:24.122+0000] {processor.py:925} INFO - DAG(s) 'airflow_sanity_check' retrieved from /opt/airflow/dags/sanity_checks.py
[2026-07-19T14:37:24.163+0000] {logging_mixin.py:190} INFO - [2026-07-19T14:37:24.163+0000] {dag.py:3211} INFO - Sync 1 DAGs
[2026-07-19T14:37:24.184+0000] {logging_mixin.py:190} INFO - [2026-07-19T14:37:24.184+0000] {dag.py:4138} INFO - Setting next_dagrun for airflow_sanity_check to None, run_after=None
[2026-07-19T14:37:24.212+0000] {processor.py:208} INFO - Processing /opt/airflow/dags/sanity_checks.py took 0.120 seconds
[2026-07-19T14:37:54.714+0000] {processor.py:186} INFO - Started process (PID=31068) to work on /opt/airflow/dags/sanity_checks.py
[2026-07-19T14:37:54.715+0000] {processor.py:914} INFO - Processing file /opt/airflow/dags/sanity_checks.py for tasks to queue
[2026-07-19T14:37:54.728+0000] {logging_mixin.py:190} INFO - [2026-07-19T14:37:54.727+0000] {dagbag.py:587} INFO - Filling up the DagBag from /opt/airflow/dags/sanity_checks.py
[2026-07-19T14:37:54.751+0000] {processor.py:925} INFO - DAG(s) 'airflow_sanity_check' retrieved from /opt/airflow/dags/sanity_checks.py
[2026-07-19T14:37:54.830+0000] {logging_mixin.py:190} INFO - [2026-07-19T14:37:54.829+0000] {dag.py:3211} INFO - Sync 1 DAGs
[2026-07-19T14:37:54.858+0000] {logging_mixin.py:190} INFO - [2026-07-19T14:37:54.858+0000] {dag.py:4138} INFO - Setting next_dagrun for airflow_sanity_check to None, run_after=None
[2026-07-19T14:37:54.897+0000] {processor.py:208} INFO - Processing /opt/airflow/dags/sanity_checks.py took 0.198 seconds
[2026-07-19T14:38:25.227+0000] {processor.py:186} INFO - Started process (PID=31078) to work on /opt/airflow/dags/sanity_checks.py
[2026-07-19T14:38:25.228+0000] {processor.py:914} INFO - Processing file /opt/airflow/dags/sanity_checks.py for tasks to queue
[2026-07-19T14:38:25.236+0000] {logging_mixin.py:190} INFO - [2026-07-19T14:38:25.234+0000] {dagbag.py:587} INFO - Filling up the DagBag from /opt/airflow/dags/sanity_checks.py
[2026-07-19T14:38:25.263+0000] {processor.py:925} INFO - DAG(s) 'airflow_sanity_check' retrieved from /opt/airflow/dags/sanity_checks.py
[2026-07-19T14:38:25.322+0000] {logging_mixin.py:190} INFO - [2026-07-19T14:38:25.321+0000] {dag.py:3211} INFO - Sync 1 DAGs
[2026-07-19T14:38:25.345+0000] {logging_mixin.py:190} INFO - [2026-07-19T14:38:25.345+0000] {dag.py:4138} INFO - Setting next_dagrun for airflow_sanity_check to None, run_after=None
[2026-07-19T14:38:25.378+0000] {processor.py:208} INFO - Processing /opt/airflow/dags/sanity_checks.py took 0.159 seconds
[2026-07-19T14:38:55.717+0000] {processor.py:186} INFO - Started process (PID=31088) to work on /opt/airflow/dags/sanity_checks.py
[2026-07-19T14:38:55.719+0000] {processor.py:914} INFO - Processing file /opt/airflow/dags/sanity_checks.py for tasks to queue
[2026-07-19T14:38:55.723+0000] {logging_mixin.py:190} INFO - [2026-07-19T14:38:55.722+0000] {dagbag.py:587} INFO - Filling up the DagBag from /opt/airflow/dags/sanity_checks.py
[2026-07-19T14:38:55.740+0000] {processor.py:925} INFO - DAG(s) 'airflow_sanity_check' retrieved from /opt/airflow/dags/sanity_checks.py
[2026-07-19T14:38:55.785+0000] {logging_mixin.py:190} INFO - [2026-07-19T14:38:55.784+0000] {dag.py:3211} INFO - Sync 1 DAGs
[2026-07-19T14:38:55.809+0000] {logging_mixin.py:190} INFO - [2026-07-19T14:38:55.808+0000] {dag.py:4138} INFO - Setting next_dagrun for airflow_sanity_check to None, run_after=None
[2026-07-19T14:38:55.838+0000] {processor.py:208} INFO - Processing /opt/airflow/dags/sanity_checks.py took 0.131 seconds
[2026-07-19T14:39:26.163+0000] {processor.py:186} INFO - Started process (PID=31098) to work on /opt/airflow/dags/sanity_checks.py
[2026-07-19T14:39:26.164+0000] {processor.py:914} INFO - Processing file /opt/airflow/dags/sanity_checks.py for tasks to queue
[2026-07-19T14:39:26.168+0000] {logging_mixin.py:190} INFO - [2026-07-19T14:39:26.168+0000] {dagbag.py:587} INFO - Filling up the DagBag from /opt/airflow/dags/sanity_checks.py
[2026-07-19T14:39:26.183+0000] {processor.py:925} INFO - DAG(s) 'airflow_sanity_check' retrieved from /opt/airflow/dags/sanity_checks.py
[2026-07-19T14:39:26.224+0000] {logging_mixin.py:190} INFO - [2026-07-19T14:39:26.224+0000] {dag.py:3211} INFO - Sync 1 DAGs
[2026-07-19T14:39:26.246+0000] {logging_mixin.py:190} INFO - [2026-07-19T14:39:26.245+0000] {dag.py:4138} INFO - Setting next_dagrun for airflow_sanity_check to None, run_after=None
[2026-07-19T14:39:26.273+0000] {processor.py:208} INFO - Processing /opt/airflow/dags/sanity_checks.py took 0.120 seconds
[2026-07-19T14:39:56.594+0000] {processor.py:186} INFO - Started process (PID=31108) to work on /opt/airflow/dags/sanity_checks.py
[2026-07-19T14:39:56.596+0000] {processor.py:914} INFO - Processing file /opt/airflow/dags/sanity_checks.py for tasks to queue
[2026-07-19T14:39:56.599+0000] {logging_mixin.py:190} INFO - [2026-07-19T14:39:56.599+0000] {dagbag.py:587} INFO - Filling up the DagBag from /opt/airflow/dags/sanity_checks.py
[2026-07-19T14:39:56.614+0000] {processor.py:925} INFO - DAG(s) 'airflow_sanity_check' retrieved from /opt/airflow/dags/sanity_checks.py
[2026-07-19T14:39:56.656+0000] {logging_mixin.py:190} INFO - [2026-07-19T14:39:56.656+0000] {dag.py:3211} INFO - Sync 1 DAGs
[2026-07-19T14:39:56.677+0000] {logging_mixin.py:190} INFO - [2026-07-19T14:39:56.677+0000] {dag.py:4138} INFO - Setting next_dagrun for airflow_sanity_check to None, run_after=None
[2026-07-19T14:39:56.706+0000] {processor.py:208} INFO - Processing /opt/airflow/dags/sanity_checks.py took 0.121 seconds
[2026-07-19T14:40:27.043+0000] {processor.py:186} INFO - Started process (PID=31118) to work on /opt/airflow/dags/sanity_checks.py
[2026-07-19T14:40:27.045+0000] {processor.py:914} INFO - Processing file /opt/airflow/dags/sanity_checks.py for tasks to queue
[2026-07-19T14:40:27.049+0000] {logging_mixin.py:190} INFO - [2026-07-19T14:40:27.048+0000] {dagbag.py:587} INFO - Filling up the DagBag from /opt/airflow/dags/sanity_checks.py
[2026-07-19T14:40:27.065+0000] {processor.py:925} INFO - DAG(s) 'airflow_sanity_check' retrieved from /opt/airflow/dags/sanity_checks.py
[2026-07-19T14:40:27.109+0000] {logging_mixin.py:190} INFO - [2026-07-19T14:40:27.109+0000] {dag.py:3211} INFO - Sync 1 DAGs
[2026-07-19T14:40:27.131+0000] {logging_mixin.py:190} INFO - [2026-07-19T14:40:27.131+0000] {dag.py:4138} INFO - Setting next_dagrun for airflow_sanity_check to None, run_after=None
[2026-07-19T14:40:27.164+0000] {processor.py:208} INFO - Processing /opt/airflow/dags/sanity_checks.py took 0.131 seconds
[2026-07-19T14:40:57.482+0000] {processor.py:186} INFO - Started process (PID=31128) to work on /opt/airflow/dags/sanity_checks.py
[2026-07-19T14:40:57.484+0000] {processor.py:914} INFO - Processing file /opt/airflow/dags/sanity_checks.py for tasks to queue
[2026-07-19T14:40:57.491+0000] {logging_mixin.py:190} INFO - [2026-07-19T14:40:57.490+0000] {dagbag.py:587} INFO - Filling up the DagBag from /opt/airflow/dags/sanity_checks.py
[2026-07-19T14:40:57.513+0000] {processor.py:925} INFO - DAG(s) 'airflow_sanity_check' retrieved from /opt/airflow/dags/sanity_checks.py
[2026-07-19T14:40:57.587+0000] {logging_mixin.py:190} INFO - [2026-07-19T14:40:57.586+0000] {dag.py:3211} INFO - Sync 1 DAGs
[2026-07-19T14:40:57.623+0000] {logging_mixin.py:190} INFO - [2026-07-19T14:40:57.623+0000] {dag.py:4138} INFO - Setting next_dagrun for airflow_sanity_check to None, run_after=None
[2026-07-19T14:40:57.664+0000] {processor.py:208} INFO - Processing /opt/airflow/dags/sanity_checks.py took 0.196 seconds
[2026-07-19T14:41:28.174+0000] {processor.py:186} INFO - Started process (PID=31138) to work on /opt/airflow/dags/sanity_checks.py
[2026-07-19T14:41:28.175+0000] {processor.py:914} INFO - Processing file /opt/airflow/dags/sanity_checks.py for tasks to queue
[2026-07-19T14:41:28.180+0000] {logging_mixin.py:190} INFO - [2026-07-19T14:41:28.179+0000] {dagbag.py:587} INFO - Filling up the DagBag from /opt/airflow/dags/sanity_checks.py
[2026-07-19T14:41:28.195+0000] {processor.py:925} INFO - DAG(s) 'airflow_sanity_check' retrieved from /opt/airflow/dags/sanity_checks.py
[2026-07-19T14:41:28.236+0000] {logging_mixin.py:190} INFO - [2026-07-19T14:41:28.235+0000] {dag.py:3211} INFO - Sync 1 DAGs
[2026-07-19T14:41:28.257+0000] {logging_mixin.py:190} INFO - [2026-07-19T14:41:28.256+0000] {dag.py:4138} INFO - Setting next_dagrun for airflow_sanity_check to None, run_after=None
[2026-07-19T14:41:28.285+0000] {processor.py:208} INFO - Processing /opt/airflow/dags/sanity_checks.py took 0.119 seconds
[2026-07-19T14:41:58.606+0000] {processor.py:186} INFO - Started process (PID=31148) to work on /opt/airflow/dags/sanity_checks.py
[2026-07-19T14:41:58.608+0000] {processor.py:914} INFO - Processing file /opt/airflow/dags/sanity_checks.py for tasks to queue
[2026-07-19T14:41:58.613+0000] {logging_mixin.py:190} INFO - [2026-07-19T14:41:58.612+0000] {dagbag.py:587} INFO - Filling up the DagBag from /opt/airflow/dags/sanity_checks.py
[2026-07-19T14:41:58.628+0000] {processor.py:925} INFO - DAG(s) 'airflow_sanity_check' retrieved from /opt/airflow/dags/sanity_checks.py
[2026-07-19T14:41:58.668+0000] {logging_mixin.py:190} INFO - [2026-07-19T14:41:58.668+0000] {dag.py:3211} INFO - Sync 1 DAGs
[2026-07-19T14:41:58.690+0000] {logging_mixin.py:190} INFO - [2026-07-19T14:41:58.690+0000] {dag.py:4138} INFO - Setting next_dagrun for airflow_sanity_check to None, run_after=None
[2026-07-19T14:41:58.718+0000] {processor.py:208} INFO - Processing /opt/airflow/dags/sanity_checks.py took 0.122 seconds
[2026-07-19T14:42:29.046+0000] {processor.py:186} INFO - Started process (PID=31158) to work on /opt/airflow/dags/sanity_checks.py
[2026-07-19T14:42:29.047+0000] {processor.py:914} INFO - Processing file /opt/airflow/dags/sanity_checks.py for tasks to queue
[2026-07-19T14:42:29.051+0000] {logging_mixin.py:190} INFO - [2026-07-19T14:42:29.050+0000] {dagbag.py:587} INFO - Filling up the DagBag from /opt/airflow/dags/sanity_checks.py
[2026-07-19T14:42:29.066+0000] {processor.py:925} INFO - DAG(s) 'airflow_sanity_check' retrieved from /opt/airflow/dags/sanity_checks.py
[2026-07-19T14:42:29.107+0000] {logging_mixin.py:190} INFO - [2026-07-19T14:42:29.107+0000] {dag.py:3211} INFO - Sync 1 DAGs
[2026-07-19T14:42:29.129+0000] {logging_mixin.py:190} INFO - [2026-07-19T14:42:29.129+0000] {dag.py:4138} INFO - Setting next_dagrun for airflow_sanity_check to None, run_after=None
[2026-07-19T14:42:29.157+0000] {processor.py:208} INFO - Processing /opt/airflow/dags/sanity_checks.py took 0.122 seconds
[2026-07-19T14:42:59.696+0000] {processor.py:186} INFO - Started process (PID=31168) to work on /opt/airflow/dags/sanity_checks.py
[2026-07-19T14:42:59.698+0000] {processor.py:914} INFO - Processing file /opt/airflow/dags/sanity_checks.py for tasks to queue
[2026-07-19T14:42:59.701+0000] {logging_mixin.py:190} INFO - [2026-07-19T14:42:59.701+0000] {dagbag.py:587} INFO - Filling up the DagBag from /opt/airflow/dags/sanity_checks.py
[2026-07-19T14:42:59.720+0000] {processor.py:925} INFO - DAG(s) 'airflow_sanity_check' retrieved from /opt/airflow/dags/sanity_checks.py
[2026-07-19T14:42:59.771+0000] {logging_mixin.py:190} INFO - [2026-07-19T14:42:59.771+0000] {dag.py:3211} INFO - Sync 1 DAGs
[2026-07-19T14:42:59.797+0000] {logging_mixin.py:190} INFO - [2026-07-19T14:42:59.797+0000] {dag.py:4138} INFO - Setting next_dagrun for airflow_sanity_check to None, run_after=None
[2026-07-19T14:42:59.826+0000] {processor.py:208} INFO - Processing /opt/airflow/dags/sanity_checks.py took 0.141 seconds
[2026-07-19T14:43:30.237+0000] {processor.py:186} INFO - Started process (PID=31178) to work on /opt/airflow/dags/sanity_checks.py
[2026-07-19T14:43:30.239+0000] {processor.py:914} INFO - Processing file /opt/airflow/dags/sanity_checks.py for tasks to queue
[2026-07-19T14:43:30.242+0000] {logging_mixin.py:190} INFO - [2026-07-19T14:43:30.242+0000] {dagbag.py:587} INFO - Filling up the DagBag from /opt/airflow/dags/sanity_checks.py
[2026-07-19T14:43:30.259+0000] {processor.py:925} INFO - DAG(s) 'airflow_sanity_check' retrieved from /opt/airflow/dags/sanity_checks.py
[2026-07-19T14:43:30.299+0000] {logging_mixin.py:190} INFO - [2026-07-19T14:43:30.299+0000] {dag.py:3211} INFO - Sync 1 DAGs
[2026-07-19T14:43:30.321+0000] {logging_mixin.py:190} INFO - [2026-07-19T14:43:30.321+0000] {dag.py:4138} INFO - Setting next_dagrun for airflow_sanity_check to None, run_after=None
[2026-07-19T14:43:30.350+0000] {processor.py:208} INFO - Processing /opt/airflow/dags/sanity_checks.py took 0.121 seconds
[2026-07-19T14:44:00.675+0000] {processor.py:186} INFO - Started process (PID=31188) to work on /opt/airflow/dags/sanity_checks.py
[2026-07-19T14:44:00.676+0000] {processor.py:914} INFO - Processing file /opt/airflow/dags/sanity_checks.py for tasks to queue
[2026-07-19T14:44:00.681+0000] {logging_mixin.py:190} INFO - [2026-07-19T14:44:00.680+0000] {dagbag.py:587} INFO - Filling up the DagBag from /opt/airflow/dags/sanity_checks.py
[2026-07-19T14:44:00.696+0000] {processor.py:925} INFO - DAG(s) 'airflow_sanity_check' retrieved from /opt/airflow/dags/sanity_checks.py
[2026-07-19T14:44:00.737+0000] {logging_mixin.py:190} INFO - [2026-07-19T14:44:00.737+0000] {dag.py:3211} INFO - Sync 1 DAGs
[2026-07-19T14:44:00.758+0000] {logging_mixin.py:190} INFO - [2026-07-19T14:44:00.758+0000] {dag.py:4138} INFO - Setting next_dagrun for airflow_sanity_check to None, run_after=None
[2026-07-19T14:44:00.786+0000] {processor.py:208} INFO - Processing /opt/airflow/dags/sanity_checks.py took 0.120 seconds
[2026-07-19T14:44:31.131+0000] {processor.py:186} INFO - Started process (PID=31198) to work on /opt/airflow/dags/sanity_checks.py
[2026-07-19T14:44:31.133+0000] {processor.py:914} INFO - Processing file /opt/airflow/dags/sanity_checks.py for tasks to queue
[2026-07-19T14:44:31.138+0000] {logging_mixin.py:190} INFO - [2026-07-19T14:44:31.137+0000] {dagbag.py:587} INFO - Filling up the DagBag from /opt/airflow/dags/sanity_checks.py
[2026-07-19T14:44:31.154+0000] {processor.py:925} INFO - DAG(s) 'airflow_sanity_check' retrieved from /opt/airflow/dags/sanity_checks.py
[2026-07-19T14:44:31.198+0000] {logging_mixin.py:190} INFO - [2026-07-19T14:44:31.197+0000] {dag.py:3211} INFO - Sync 1 DAGs
[2026-07-19T14:44:31.220+0000] {logging_mixin.py:190} INFO - [2026-07-19T14:44:31.220+0000] {dag.py:4138} INFO - Setting next_dagrun for airflow_sanity_check to None, run_after=None
[2026-07-19T14:44:31.248+0000] {processor.py:208} INFO - Processing /opt/airflow/dags/sanity_checks.py took 0.127 seconds
[2026-07-19T14:45:01.567+0000] {processor.py:186} INFO - Started process (PID=31208) to work on /opt/airflow/dags/sanity_checks.py
[2026-07-19T14:45:01.568+0000] {processor.py:914} INFO - Processing file /opt/airflow/dags/sanity_checks.py for tasks to queue
[2026-07-19T14:45:01.572+0000] {logging_mixin.py:190} INFO - [2026-07-19T14:45:01.571+0000] {dagbag.py:587} INFO - Filling up the DagBag from /opt/airflow/dags/sanity_checks.py
[2026-07-19T14:45:01.589+0000] {processor.py:925} INFO - DAG(s) 'airflow_sanity_check' retrieved from /opt/airflow/dags/sanity_checks.py
[2026-07-19T14:45:01.639+0000] {logging_mixin.py:190} INFO - [2026-07-19T14:45:01.639+0000] {dag.py:3211} INFO - Sync 1 DAGs
[2026-07-19T14:45:01.664+0000] {logging_mixin.py:190} INFO - [2026-07-19T14:45:01.664+0000] {dag.py:4138} INFO - Setting next_dagrun for airflow_sanity_check to None, run_after=None
[2026-07-19T14:45:01.694+0000] {processor.py:208} INFO - Processing /opt/airflow/dags/sanity_checks.py took 0.142 seconds
[2026-07-19T14:45:32.013+0000] {processor.py:186} INFO - Started process (PID=31218) to work on /opt/airflow/dags/sanity_checks.py
[2026-07-19T14:45:32.015+0000] {processor.py:914} INFO - Processing file /opt/airflow/dags/sanity_checks.py for tasks to queue
[2026-07-19T14:45:32.019+0000] {logging_mixin.py:190} INFO - [2026-07-19T14:45:32.019+0000] {dagbag.py:587} INFO - Filling up the DagBag from /opt/airflow/dags/sanity_checks.py
[2026-07-19T14:45:32.039+0000] {processor.py:925} INFO - DAG(s) 'airflow_sanity_check' retrieved from /opt/airflow/dags/sanity_checks.py
[2026-07-19T14:45:32.095+0000] {logging_mixin.py:190} INFO - [2026-07-19T14:45:32.095+0000] {dag.py:3211} INFO - Sync 1 DAGs
[2026-07-19T14:45:32.123+0000] {logging_mixin.py:190} INFO - [2026-07-19T14:45:32.123+0000] {dag.py:4138} INFO - Setting next_dagrun for airflow_sanity_check to None, run_after=None
[2026-07-19T14:45:32.156+0000] {processor.py:208} INFO - Processing /opt/airflow/dags/sanity_checks.py took 0.157 seconds
[2026-07-19T14:46:02.539+0000] {processor.py:186} INFO - Started process (PID=31228) to work on /opt/airflow/dags/sanity_checks.py
[2026-07-19T14:46:02.543+0000] {processor.py:914} INFO - Processing file /opt/airflow/dags/sanity_checks.py for tasks to queue
[2026-07-19T14:46:02.548+0000] {logging_mixin.py:190} INFO - [2026-07-19T14:46:02.547+0000] {dagbag.py:587} INFO - Filling up the DagBag from /opt/airflow/dags/sanity_checks.py
[2026-07-19T14:46:02.585+0000] {processor.py:925} INFO - DAG(s) 'airflow_sanity_check' retrieved from /opt/airflow/dags/sanity_checks.py
[2026-07-19T14:46:02.689+0000] {logging_mixin.py:190} INFO - [2026-07-19T14:46:02.688+0000] {dag.py:3211} INFO - Sync 1 DAGs
[2026-07-19T14:46:02.737+0000] {logging_mixin.py:190} INFO - [2026-07-19T14:46:02.732+0000] {dag.py:4138} INFO - Setting next_dagrun for airflow_sanity_check to None, run_after=None
[2026-07-19T14:46:02.819+0000] {processor.py:208} INFO - Processing /opt/airflow/dags/sanity_checks.py took 0.300 seconds
[2026-07-19T14:46:33.331+0000] {processor.py:186} INFO - Started process (PID=31238) to work on /opt/airflow/dags/sanity_checks.py
[2026-07-19T14:46:33.333+0000] {processor.py:914} INFO - Processing file /opt/airflow/dags/sanity_checks.py for tasks to queue
[2026-07-19T14:46:33.336+0000] {logging_mixin.py:190} INFO - [2026-07-19T14:46:33.336+0000] {dagbag.py:587} INFO - Filling up the DagBag from /opt/airflow/dags/sanity_checks.py
[2026-07-19T14:46:33.353+0000] {processor.py:925} INFO - DAG(s) 'airflow_sanity_check' retrieved from /opt/airflow/dags/sanity_checks.py
[2026-07-19T14:46:33.397+0000] {logging_mixin.py:190} INFO - [2026-07-19T14:46:33.396+0000] {dag.py:3211} INFO - Sync 1 DAGs
[2026-07-19T14:46:33.419+0000] {logging_mixin.py:190} INFO - [2026-07-19T14:46:33.418+0000] {dag.py:4138} INFO - Setting next_dagrun for airflow_sanity_check to None, run_after=None
[2026-07-19T14:46:33.452+0000] {processor.py:208} INFO - Processing /opt/airflow/dags/sanity_checks.py took 0.130 seconds
[2026-07-19T14:47:04.162+0000] {processor.py:186} INFO - Started process (PID=31248) to work on /opt/airflow/dags/sanity_checks.py
[2026-07-19T14:47:04.163+0000] {processor.py:914} INFO - Processing file /opt/airflow/dags/sanity_checks.py for tasks to queue
[2026-07-19T14:47:04.177+0000] {logging_mixin.py:190} INFO - [2026-07-19T14:47:04.174+0000] {dagbag.py:587} INFO - Filling up the DagBag from /opt/airflow/dags/sanity_checks.py
[2026-07-19T14:47:04.277+0000] {processor.py:925} INFO - DAG(s) 'airflow_sanity_check' retrieved from /opt/airflow/dags/sanity_checks.py
[2026-07-19T14:47:04.362+0000] {logging_mixin.py:190} INFO - [2026-07-19T14:47:04.362+0000] {dag.py:3211} INFO - Sync 1 DAGs
[2026-07-19T14:47:04.410+0000] {logging_mixin.py:190} INFO - [2026-07-19T14:47:04.410+0000] {dag.py:4138} INFO - Setting next_dagrun for airflow_sanity_check to None, run_after=None
[2026-07-19T14:47:04.448+0000] {processor.py:208} INFO - Processing /opt/airflow/dags/sanity_checks.py took 0.303 seconds
[2026-07-19T14:47:34.971+0000] {processor.py:186} INFO - Started process (PID=31258) to work on /opt/airflow/dags/sanity_checks.py
[2026-07-19T14:47:34.973+0000] {processor.py:914} INFO - Processing file /opt/airflow/dags/sanity_checks.py for tasks to queue
[2026-07-19T14:47:34.983+0000] {logging_mixin.py:190} INFO - [2026-07-19T14:47:34.979+0000] {dagbag.py:587} INFO - Filling up the DagBag from /opt/airflow/dags/sanity_checks.py
[2026-07-19T14:47:35.010+0000] {processor.py:925} INFO - DAG(s) 'airflow_sanity_check' retrieved from /opt/airflow/dags/sanity_checks.py
[2026-07-19T14:47:35.095+0000] {logging_mixin.py:190} INFO - [2026-07-19T14:47:35.095+0000] {dag.py:3211} INFO - Sync 1 DAGs
[2026-07-19T14:47:35.119+0000] {logging_mixin.py:190} INFO - [2026-07-19T14:47:35.118+0000] {dag.py:4138} INFO - Setting next_dagrun for airflow_sanity_check to None, run_after=None
[2026-07-19T14:47:35.150+0000] {processor.py:208} INFO - Processing /opt/airflow/dags/sanity_checks.py took 0.188 seconds
[2026-07-19T14:48:05.527+0000] {processor.py:186} INFO - Started process (PID=31268) to work on /opt/airflow/dags/sanity_checks.py
[2026-07-19T14:48:05.529+0000] {processor.py:914} INFO - Processing file /opt/airflow/dags/sanity_checks.py for tasks to queue
[2026-07-19T14:48:05.533+0000] {logging_mixin.py:190} INFO - [2026-07-19T14:48:05.532+0000] {dagbag.py:587} INFO - Filling up the DagBag from /opt/airflow/dags/sanity_checks.py
[2026-07-19T14:48:05.549+0000] {processor.py:925} INFO - DAG(s) 'airflow_sanity_check' retrieved from /opt/airflow/dags/sanity_checks.py
[2026-07-19T14:48:05.591+0000] {logging_mixin.py:190} INFO - [2026-07-19T14:48:05.591+0000] {dag.py:3211} INFO - Sync 1 DAGs
[2026-07-19T14:48:05.621+0000] {logging_mixin.py:190} INFO - [2026-07-19T14:48:05.621+0000] {dag.py:4138} INFO - Setting next_dagrun for airflow_sanity_check to None, run_after=None
[2026-07-19T14:48:05.660+0000] {processor.py:208} INFO - Processing /opt/airflow/dags/sanity_checks.py took 0.143 seconds
[2026-07-19T14:48:36.024+0000] {processor.py:186} INFO - Started process (PID=31278) to work on /opt/airflow/dags/sanity_checks.py
[2026-07-19T14:48:36.025+0000] {processor.py:914} INFO - Processing file /opt/airflow/dags/sanity_checks.py for tasks to queue
[2026-07-19T14:48:36.029+0000] {logging_mixin.py:190} INFO - [2026-07-19T14:48:36.029+0000] {dagbag.py:587} INFO - Filling up the DagBag from /opt/airflow/dags/sanity_checks.py
[2026-07-19T14:48:36.048+0000] {processor.py:925} INFO - DAG(s) 'airflow_sanity_check' retrieved from /opt/airflow/dags/sanity_checks.py
[2026-07-19T14:48:36.114+0000] {logging_mixin.py:190} INFO - [2026-07-19T14:48:36.114+0000] {dag.py:3211} INFO - Sync 1 DAGs
[2026-07-19T14:48:36.147+0000] {logging_mixin.py:190} INFO - [2026-07-19T14:48:36.146+0000] {dag.py:4138} INFO - Setting next_dagrun for airflow_sanity_check to None, run_after=None
[2026-07-19T14:48:36.183+0000] {processor.py:208} INFO - Processing /opt/airflow/dags/sanity_checks.py took 0.173 seconds
[2026-07-19T14:49:06.537+0000] {processor.py:186} INFO - Started process (PID=31288) to work on /opt/airflow/dags/sanity_checks.py
[2026-07-19T14:49:06.539+0000] {processor.py:914} INFO - Processing file /opt/airflow/dags/sanity_checks.py for tasks to queue
[2026-07-19T14:49:06.542+0000] {logging_mixin.py:190} INFO - [2026-07-19T14:49:06.542+0000] {dagbag.py:587} INFO - Filling up the DagBag from /opt/airflow/dags/sanity_checks.py
[2026-07-19T14:49:06.560+0000] {processor.py:925} INFO - DAG(s) 'airflow_sanity_check' retrieved from /opt/airflow/dags/sanity_checks.py
[2026-07-19T14:49:06.601+0000] {logging_mixin.py:190} INFO - [2026-07-19T14:49:06.601+0000] {dag.py:3211} INFO - Sync 1 DAGs
[2026-07-19T14:49:06.623+0000] {logging_mixin.py:190} INFO - [2026-07-19T14:49:06.622+0000] {dag.py:4138} INFO - Setting next_dagrun for airflow_sanity_check to None, run_after=None
[2026-07-19T14:49:06.650+0000] {processor.py:208} INFO - Processing /opt/airflow/dags/sanity_checks.py took 0.122 seconds
[2026-07-19T14:49:36.968+0000] {processor.py:186} INFO - Started process (PID=31298) to work on /opt/airflow/dags/sanity_checks.py
[2026-07-19T14:49:36.969+0000] {processor.py:914} INFO - Processing file /opt/airflow/dags/sanity_checks.py for tasks to queue
[2026-07-19T14:49:36.973+0000] {logging_mixin.py:190} INFO - [2026-07-19T14:49:36.972+0000] {dagbag.py:587} INFO - Filling up the DagBag from /opt/airflow/dags/sanity_checks.py
[2026-07-19T14:49:36.993+0000] {processor.py:925} INFO - DAG(s) 'airflow_sanity_check' retrieved from /opt/airflow/dags/sanity_checks.py
[2026-07-19T14:49:37.036+0000] {logging_mixin.py:190} INFO - [2026-07-19T14:49:37.035+0000] {dag.py:3211} INFO - Sync 1 DAGs
[2026-07-19T14:49:37.068+0000] {logging_mixin.py:190} INFO - [2026-07-19T14:49:37.067+0000] {dag.py:4138} INFO - Setting next_dagrun for airflow_sanity_check to None, run_after=None
[2026-07-19T14:49:37.097+0000] {processor.py:208} INFO - Processing /opt/airflow/dags/sanity_checks.py took 0.139 seconds
[2026-07-19T14:50:07.628+0000] {processor.py:186} INFO - Started process (PID=31308) to work on /opt/airflow/dags/sanity_checks.py
[2026-07-19T14:50:07.629+0000] {processor.py:914} INFO - Processing file /opt/airflow/dags/sanity_checks.py for tasks to queue
[2026-07-19T14:50:07.633+0000] {logging_mixin.py:190} INFO - [2026-07-19T14:50:07.632+0000] {dagbag.py:587} INFO - Filling up the DagBag from /opt/airflow/dags/sanity_checks.py
[2026-07-19T14:50:07.649+0000] {processor.py:925} INFO - DAG(s) 'airflow_sanity_check' retrieved from /opt/airflow/dags/sanity_checks.py
[2026-07-19T14:50:07.691+0000] {logging_mixin.py:190} INFO - [2026-07-19T14:50:07.690+0000] {dag.py:3211} INFO - Sync 1 DAGs
[2026-07-19T14:50:07.712+0000] {logging_mixin.py:190} INFO - [2026-07-19T14:50:07.711+0000] {dag.py:4138} INFO - Setting next_dagrun for airflow_sanity_check to None, run_after=None
[2026-07-19T14:50:07.741+0000] {processor.py:208} INFO - Processing /opt/airflow/dags/sanity_checks.py took 0.122 seconds
[2026-07-19T14:50:38.116+0000] {processor.py:186} INFO - Started process (PID=31318) to work on /opt/airflow/dags/sanity_checks.py
[2026-07-19T14:50:38.118+0000] {processor.py:914} INFO - Processing file /opt/airflow/dags/sanity_checks.py for tasks to queue
[2026-07-19T14:50:38.122+0000] {logging_mixin.py:190} INFO - [2026-07-19T14:50:38.122+0000] {dagbag.py:587} INFO - Filling up the DagBag from /opt/airflow/dags/sanity_checks.py
[2026-07-19T14:50:38.137+0000] {processor.py:925} INFO - DAG(s) 'airflow_sanity_check' retrieved from /opt/airflow/dags/sanity_checks.py
[2026-07-19T14:50:38.182+0000] {logging_mixin.py:190} INFO - [2026-07-19T14:50:38.182+0000] {dag.py:3211} INFO - Sync 1 DAGs
[2026-07-19T14:50:38.205+0000] {logging_mixin.py:190} INFO - [2026-07-19T14:50:38.205+0000] {dag.py:4138} INFO - Setting next_dagrun for airflow_sanity_check to None, run_after=None
[2026-07-19T14:50:38.238+0000] {processor.py:208} INFO - Processing /opt/airflow/dags/sanity_checks.py took 0.131 seconds
[2026-07-19T14:51:08.657+0000] {processor.py:186} INFO - Started process (PID=31328) to work on /opt/airflow/dags/sanity_checks.py
[2026-07-19T14:51:08.659+0000] {processor.py:914} INFO - Processing file /opt/airflow/dags/sanity_checks.py for tasks to queue
[2026-07-19T14:51:08.663+0000] {logging_mixin.py:190} INFO - [2026-07-19T14:51:08.662+0000] {dagbag.py:587} INFO - Filling up the DagBag from /opt/airflow/dags/sanity_checks.py
[2026-07-19T14:51:08.678+0000] {processor.py:925} INFO - DAG(s) 'airflow_sanity_check' retrieved from /opt/airflow/dags/sanity_checks.py
[2026-07-19T14:51:08.720+0000] {logging_mixin.py:190} INFO - [2026-07-19T14:51:08.719+0000] {dag.py:3211} INFO - Sync 1 DAGs
[2026-07-19T14:51:08.741+0000] {logging_mixin.py:190} INFO - [2026-07-19T14:51:08.741+0000] {dag.py:4138} INFO - Setting next_dagrun for airflow_sanity_check to None, run_after=None
[2026-07-19T14:51:08.769+0000] {processor.py:208} INFO - Processing /opt/airflow/dags/sanity_checks.py took 0.121 seconds
[2026-07-19T14:51:39.119+0000] {processor.py:186} INFO - Started process (PID=31338) to work on /opt/airflow/dags/sanity_checks.py
[2026-07-19T14:51:39.121+0000] {processor.py:914} INFO - Processing file /opt/airflow/dags/sanity_checks.py for tasks to queue
[2026-07-19T14:51:39.124+0000] {logging_mixin.py:190} INFO - [2026-07-19T14:51:39.123+0000] {dagbag.py:587} INFO - Filling up the DagBag from /opt/airflow/dags/sanity_checks.py
[2026-07-19T14:51:39.139+0000] {processor.py:925} INFO - DAG(s) 'airflow_sanity_check' retrieved from /opt/airflow/dags/sanity_checks.py
[2026-07-19T14:51:39.183+0000] {logging_mixin.py:190} INFO - [2026-07-19T14:51:39.182+0000] {dag.py:3211} INFO - Sync 1 DAGs
[2026-07-19T14:51:39.206+0000] {logging_mixin.py:190} INFO - [2026-07-19T14:51:39.206+0000] {dag.py:4138} INFO - Setting next_dagrun for airflow_sanity_check to None, run_after=None
[2026-07-19T14:51:39.242+0000] {processor.py:208} INFO - Processing /opt/airflow/dags/sanity_checks.py took 0.133 seconds
[2026-07-19T14:52:09.605+0000] {processor.py:186} INFO - Started process (PID=31348) to work on /opt/airflow/dags/sanity_checks.py
[2026-07-19T14:52:09.606+0000] {processor.py:914} INFO - Processing file /opt/airflow/dags/sanity_checks.py for tasks to queue
[2026-07-19T14:52:09.610+0000] {logging_mixin.py:190} INFO - [2026-07-19T14:52:09.609+0000] {dagbag.py:587} INFO - Filling up the DagBag from /opt/airflow/dags/sanity_checks.py
[2026-07-19T14:52:09.626+0000] {processor.py:925} INFO - DAG(s) 'airflow_sanity_check' retrieved from /opt/airflow/dags/sanity_checks.py
[2026-07-19T14:52:09.669+0000] {logging_mixin.py:190} INFO - [2026-07-19T14:52:09.669+0000] {dag.py:3211} INFO - Sync 1 DAGs
[2026-07-19T14:52:09.694+0000] {logging_mixin.py:190} INFO - [2026-07-19T14:52:09.693+0000] {dag.py:4138} INFO - Setting next_dagrun for airflow_sanity_check to None, run_after=None
[2026-07-19T14:52:09.720+0000] {processor.py:208} INFO - Processing /opt/airflow/dags/sanity_checks.py took 0.125 seconds
[2026-07-19T14:52:40.075+0000] {processor.py:186} INFO - Started process (PID=31358) to work on /opt/airflow/dags/sanity_checks.py
[2026-07-19T14:52:40.080+0000] {processor.py:914} INFO - Processing file /opt/airflow/dags/sanity_checks.py for tasks to queue
[2026-07-19T14:52:40.098+0000] {logging_mixin.py:190} INFO - [2026-07-19T14:52:40.097+0000] {dagbag.py:587} INFO - Filling up the DagBag from /opt/airflow/dags/sanity_checks.py
[2026-07-19T14:52:40.114+0000] {processor.py:925} INFO - DAG(s) 'airflow_sanity_check' retrieved from /opt/airflow/dags/sanity_checks.py
[2026-07-19T14:52:40.160+0000] {logging_mixin.py:190} INFO - [2026-07-19T14:52:40.160+0000] {dag.py:3211} INFO - Sync 1 DAGs
[2026-07-19T14:52:40.183+0000] {logging_mixin.py:190} INFO - [2026-07-19T14:52:40.182+0000] {dag.py:4138} INFO - Setting next_dagrun for airflow_sanity_check to None, run_after=None
[2026-07-19T14:52:40.223+0000] {processor.py:208} INFO - Processing /opt/airflow/dags/sanity_checks.py took 0.158 seconds
[2026-07-19T14:53:10.533+0000] {processor.py:186} INFO - Started process (PID=31368) to work on /opt/airflow/dags/sanity_checks.py
[2026-07-19T14:53:10.534+0000] {processor.py:914} INFO - Processing file /opt/airflow/dags/sanity_checks.py for tasks to queue
[2026-07-19T14:53:10.538+0000] {logging_mixin.py:190} INFO - [2026-07-19T14:53:10.538+0000] {dagbag.py:587} INFO - Filling up the DagBag from /opt/airflow/dags/sanity_checks.py
[2026-07-19T14:53:10.553+0000] {processor.py:925} INFO - DAG(s) 'airflow_sanity_check' retrieved from /opt/airflow/dags/sanity_checks.py
[2026-07-19T14:53:10.595+0000] {logging_mixin.py:190} INFO - [2026-07-19T14:53:10.595+0000] {dag.py:3211} INFO - Sync 1 DAGs
[2026-07-19T14:53:10.618+0000] {logging_mixin.py:190} INFO - [2026-07-19T14:53:10.617+0000] {dag.py:4138} INFO - Setting next_dagrun for airflow_sanity_check to None, run_after=None
[2026-07-19T14:53:10.644+0000] {processor.py:208} INFO - Processing /opt/airflow/dags/sanity_checks.py took 0.120 seconds
[2026-07-19T14:53:41.040+0000] {processor.py:186} INFO - Started process (PID=31378) to work on /opt/airflow/dags/sanity_checks.py
[2026-07-19T14:53:41.041+0000] {processor.py:914} INFO - Processing file /opt/airflow/dags/sanity_checks.py for tasks to queue
[2026-07-19T14:53:41.046+0000] {logging_mixin.py:190} INFO - [2026-07-19T14:53:41.045+0000] {dagbag.py:587} INFO - Filling up the DagBag from /opt/airflow/dags/sanity_checks.py
[2026-07-19T14:53:41.061+0000] {processor.py:925} INFO - DAG(s) 'airflow_sanity_check' retrieved from /opt/airflow/dags/sanity_checks.py
[2026-07-19T14:53:41.102+0000] {logging_mixin.py:190} INFO - [2026-07-19T14:53:41.102+0000] {dag.py:3211} INFO - Sync 1 DAGs
[2026-07-19T14:53:41.124+0000] {logging_mixin.py:190} INFO - [2026-07-19T14:53:41.124+0000] {dag.py:4138} INFO - Setting next_dagrun for airflow_sanity_check to None, run_after=None
[2026-07-19T14:53:41.151+0000] {processor.py:208} INFO - Processing /opt/airflow/dags/sanity_checks.py took 0.120 seconds
[2026-07-19T14:54:11.537+0000] {processor.py:186} INFO - Started process (PID=31388) to work on /opt/airflow/dags/sanity_checks.py
[2026-07-19T14:54:11.538+0000] {processor.py:914} INFO - Processing file /opt/airflow/dags/sanity_checks.py for tasks to queue
[2026-07-19T14:54:11.542+0000] {logging_mixin.py:190} INFO - [2026-07-19T14:54:11.541+0000] {dagbag.py:587} INFO - Filling up the DagBag from /opt/airflow/dags/sanity_checks.py
[2026-07-19T14:54:11.557+0000] {processor.py:925} INFO - DAG(s) 'airflow_sanity_check' retrieved from /opt/airflow/dags/sanity_checks.py
[2026-07-19T14:54:11.605+0000] {logging_mixin.py:190} INFO - [2026-07-19T14:54:11.605+0000] {dag.py:3211} INFO - Sync 1 DAGs
[2026-07-19T14:54:11.627+0000] {logging_mixin.py:190} INFO - [2026-07-19T14:54:11.626+0000] {dag.py:4138} INFO - Setting next_dagrun for airflow_sanity_check to None, run_after=None
[2026-07-19T14:54:11.654+0000] {processor.py:208} INFO - Processing /opt/airflow/dags/sanity_checks.py took 0.127 seconds
[2026-07-19T14:54:41.974+0000] {processor.py:186} INFO - Started process (PID=31398) to work on /opt/airflow/dags/sanity_checks.py
[2026-07-19T14:54:41.975+0000] {processor.py:914} INFO - Processing file /opt/airflow/dags/sanity_checks.py for tasks to queue
[2026-07-19T14:54:41.979+0000] {logging_mixin.py:190} INFO - [2026-07-19T14:54:41.978+0000] {dagbag.py:587} INFO - Filling up the DagBag from /opt/airflow/dags/sanity_checks.py
[2026-07-19T14:54:41.994+0000] {processor.py:925} INFO - DAG(s) 'airflow_sanity_check' retrieved from /opt/airflow/dags/sanity_checks.py
[2026-07-19T14:54:42.040+0000] {logging_mixin.py:190} INFO - [2026-07-19T14:54:42.040+0000] {dag.py:3211} INFO - Sync 1 DAGs
[2026-07-19T14:54:42.062+0000] {logging_mixin.py:190} INFO - [2026-07-19T14:54:42.062+0000] {dag.py:4138} INFO - Setting next_dagrun for airflow_sanity_check to None, run_after=None
[2026-07-19T14:54:42.091+0000] {processor.py:208} INFO - Processing /opt/airflow/dags/sanity_checks.py took 0.127 seconds
[2026-07-19T14:55:12.415+0000] {processor.py:186} INFO - Started process (PID=31408) to work on /opt/airflow/dags/sanity_checks.py
[2026-07-19T14:55:12.416+0000] {processor.py:914} INFO - Processing file /opt/airflow/dags/sanity_checks.py for tasks to queue
[2026-07-19T14:55:12.419+0000] {logging_mixin.py:190} INFO - [2026-07-19T14:55:12.419+0000] {dagbag.py:587} INFO - Filling up the DagBag from /opt/airflow/dags/sanity_checks.py
[2026-07-19T14:55:12.435+0000] {processor.py:925} INFO - DAG(s) 'airflow_sanity_check' retrieved from /opt/airflow/dags/sanity_checks.py
[2026-07-19T14:55:12.478+0000] {logging_mixin.py:190} INFO - [2026-07-19T14:55:12.478+0000] {dag.py:3211} INFO - Sync 1 DAGs
[2026-07-19T14:55:12.504+0000] {logging_mixin.py:190} INFO - [2026-07-19T14:55:12.503+0000] {dag.py:4138} INFO - Setting next_dagrun for airflow_sanity_check to None, run_after=None
[2026-07-19T14:55:12.545+0000] {processor.py:208} INFO - Processing /opt/airflow/dags/sanity_checks.py took 0.140 seconds
[2026-07-19T14:55:42.877+0000] {processor.py:186} INFO - Started process (PID=31418) to work on /opt/airflow/dags/sanity_checks.py
[2026-07-19T14:55:42.879+0000] {processor.py:914} INFO - Processing file /opt/airflow/dags/sanity_checks.py for tasks to queue
[2026-07-19T14:55:42.882+0000] {logging_mixin.py:190} INFO - [2026-07-19T14:55:42.882+0000] {dagbag.py:587} INFO - Filling up the DagBag from /opt/airflow/dags/sanity_checks.py
[2026-07-19T14:55:42.898+0000] {processor.py:925} INFO - DAG(s) 'airflow_sanity_check' retrieved from /opt/airflow/dags/sanity_checks.py
[2026-07-19T14:55:42.941+0000] {logging_mixin.py:190} INFO - [2026-07-19T14:55:42.941+0000] {dag.py:3211} INFO - Sync 1 DAGs
[2026-07-19T14:55:42.963+0000] {logging_mixin.py:190} INFO - [2026-07-19T14:55:42.963+0000] {dag.py:4138} INFO - Setting next_dagrun for airflow_sanity_check to None, run_after=None
[2026-07-19T14:55:42.993+0000] {processor.py:208} INFO - Processing /opt/airflow/dags/sanity_checks.py took 0.124 seconds
[2026-07-19T14:56:13.337+0000] {processor.py:186} INFO - Started process (PID=31428) to work on /opt/airflow/dags/sanity_checks.py
[2026-07-19T14:56:13.339+0000] {processor.py:914} INFO - Processing file /opt/airflow/dags/sanity_checks.py for tasks to queue
[2026-07-19T14:56:13.342+0000] {logging_mixin.py:190} INFO - [2026-07-19T14:56:13.342+0000] {dagbag.py:587} INFO - Filling up the DagBag from /opt/airflow/dags/sanity_checks.py
[2026-07-19T14:56:13.359+0000] {processor.py:925} INFO - DAG(s) 'airflow_sanity_check' retrieved from /opt/airflow/dags/sanity_checks.py
[2026-07-19T14:56:13.401+0000] {logging_mixin.py:190} INFO - [2026-07-19T14:56:13.400+0000] {dag.py:3211} INFO - Sync 1 DAGs
[2026-07-19T14:56:13.424+0000] {logging_mixin.py:190} INFO - [2026-07-19T14:56:13.423+0000] {dag.py:4138} INFO - Setting next_dagrun for airflow_sanity_check to None, run_after=None
[2026-07-19T14:56:13.451+0000] {processor.py:208} INFO - Processing /opt/airflow/dags/sanity_checks.py took 0.124 seconds
[2026-07-19T14:56:43.851+0000] {processor.py:186} INFO - Started process (PID=31438) to work on /opt/airflow/dags/sanity_checks.py
[2026-07-19T14:56:43.853+0000] {processor.py:914} INFO - Processing file /opt/airflow/dags/sanity_checks.py for tasks to queue
[2026-07-19T14:56:43.859+0000] {logging_mixin.py:190} INFO - [2026-07-19T14:56:43.858+0000] {dagbag.py:587} INFO - Filling up the DagBag from /opt/airflow/dags/sanity_checks.py
[2026-07-19T14:56:43.874+0000] {processor.py:925} INFO - DAG(s) 'airflow_sanity_check' retrieved from /opt/airflow/dags/sanity_checks.py
[2026-07-19T14:56:43.916+0000] {logging_mixin.py:190} INFO - [2026-07-19T14:56:43.915+0000] {dag.py:3211} INFO - Sync 1 DAGs
[2026-07-19T14:56:43.937+0000] {logging_mixin.py:190} INFO - [2026-07-19T14:56:43.937+0000] {dag.py:4138} INFO - Setting next_dagrun for airflow_sanity_check to None, run_after=None
[2026-07-19T14:56:43.964+0000] {processor.py:208} INFO - Processing /opt/airflow/dags/sanity_checks.py took 0.123 seconds
[2026-07-19T14:57:14.320+0000] {processor.py:186} INFO - Started process (PID=31448) to work on /opt/airflow/dags/sanity_checks.py
[2026-07-19T14:57:14.322+0000] {processor.py:914} INFO - Processing file /opt/airflow/dags/sanity_checks.py for tasks to queue
[2026-07-19T14:57:14.326+0000] {logging_mixin.py:190} INFO - [2026-07-19T14:57:14.326+0000] {dagbag.py:587} INFO - Filling up the DagBag from /opt/airflow/dags/sanity_checks.py
[2026-07-19T14:57:14.341+0000] {processor.py:925} INFO - DAG(s) 'airflow_sanity_check' retrieved from /opt/airflow/dags/sanity_checks.py
[2026-07-19T14:57:14.382+0000] {logging_mixin.py:190} INFO - [2026-07-19T14:57:14.382+0000] {dag.py:3211} INFO - Sync 1 DAGs
[2026-07-19T14:57:14.404+0000] {logging_mixin.py:190} INFO - [2026-07-19T14:57:14.404+0000] {dag.py:4138} INFO - Setting next_dagrun for airflow_sanity_check to None, run_after=None
[2026-07-19T14:57:14.432+0000] {processor.py:208} INFO - Processing /opt/airflow/dags/sanity_checks.py took 0.120 seconds
[2026-07-19T14:57:44.793+0000] {processor.py:186} INFO - Started process (PID=31458) to work on /opt/airflow/dags/sanity_checks.py
[2026-07-19T14:57:44.794+0000] {processor.py:914} INFO - Processing file /opt/airflow/dags/sanity_checks.py for tasks to queue
[2026-07-19T14:57:44.798+0000] {logging_mixin.py:190} INFO - [2026-07-19T14:57:44.797+0000] {dagbag.py:587} INFO - Filling up the DagBag from /opt/airflow/dags/sanity_checks.py
[2026-07-19T14:57:44.812+0000] {processor.py:925} INFO - DAG(s) 'airflow_sanity_check' retrieved from /opt/airflow/dags/sanity_checks.py
[2026-07-19T14:57:44.854+0000] {logging_mixin.py:190} INFO - [2026-07-19T14:57:44.854+0000] {dag.py:3211} INFO - Sync 1 DAGs
[2026-07-19T14:57:44.875+0000] {logging_mixin.py:190} INFO - [2026-07-19T14:57:44.875+0000] {dag.py:4138} INFO - Setting next_dagrun for airflow_sanity_check to None, run_after=None
[2026-07-19T14:57:44.903+0000] {processor.py:208} INFO - Processing /opt/airflow/dags/sanity_checks.py took 0.121 seconds
[2026-07-19T14:58:15.224+0000] {processor.py:186} INFO - Started process (PID=31468) to work on /opt/airflow/dags/sanity_checks.py
[2026-07-19T14:58:15.226+0000] {processor.py:914} INFO - Processing file /opt/airflow/dags/sanity_checks.py for tasks to queue
[2026-07-19T14:58:15.231+0000] {logging_mixin.py:190} INFO - [2026-07-19T14:58:15.230+0000] {dagbag.py:587} INFO - Filling up the DagBag from /opt/airflow/dags/sanity_checks.py
[2026-07-19T14:58:15.246+0000] {processor.py:925} INFO - DAG(s) 'airflow_sanity_check' retrieved from /opt/airflow/dags/sanity_checks.py
[2026-07-19T14:58:15.289+0000] {logging_mixin.py:190} INFO - [2026-07-19T14:58:15.289+0000] {dag.py:3211} INFO - Sync 1 DAGs
[2026-07-19T14:58:15.312+0000] {logging_mixin.py:190} INFO - [2026-07-19T14:58:15.311+0000] {dag.py:4138} INFO - Setting next_dagrun for airflow_sanity_check to None, run_after=None
[2026-07-19T14:58:15.351+0000] {processor.py:208} INFO - Processing /opt/airflow/dags/sanity_checks.py took 0.136 seconds
[2026-07-19T14:58:45.746+0000] {processor.py:186} INFO - Started process (PID=31478) to work on /opt/airflow/dags/sanity_checks.py
[2026-07-19T14:58:45.747+0000] {processor.py:914} INFO - Processing file /opt/airflow/dags/sanity_checks.py for tasks to queue
[2026-07-19T14:58:45.751+0000] {logging_mixin.py:190} INFO - [2026-07-19T14:58:45.750+0000] {dagbag.py:587} INFO - Filling up the DagBag from /opt/airflow/dags/sanity_checks.py
[2026-07-19T14:58:45.766+0000] {processor.py:925} INFO - DAG(s) 'airflow_sanity_check' retrieved from /opt/airflow/dags/sanity_checks.py
[2026-07-19T14:58:45.808+0000] {logging_mixin.py:190} INFO - [2026-07-19T14:58:45.807+0000] {dag.py:3211} INFO - Sync 1 DAGs
[2026-07-19T14:58:45.830+0000] {logging_mixin.py:190} INFO - [2026-07-19T14:58:45.830+0000] {dag.py:4138} INFO - Setting next_dagrun for airflow_sanity_check to None, run_after=None
[2026-07-19T14:58:45.857+0000] {processor.py:208} INFO - Processing /opt/airflow/dags/sanity_checks.py took 0.120 seconds
[2026-07-19T14:59:16.203+0000] {processor.py:186} INFO - Started process (PID=31488) to work on /opt/airflow/dags/sanity_checks.py
[2026-07-19T14:59:16.204+0000] {processor.py:914} INFO - Processing file /opt/airflow/dags/sanity_checks.py for tasks to queue
[2026-07-19T14:59:16.208+0000] {logging_mixin.py:190} INFO - [2026-07-19T14:59:16.207+0000] {dagbag.py:587} INFO - Filling up the DagBag from /opt/airflow/dags/sanity_checks.py
[2026-07-19T14:59:16.223+0000] {processor.py:925} INFO - DAG(s) 'airflow_sanity_check' retrieved from /opt/airflow/dags/sanity_checks.py
[2026-07-19T14:59:16.265+0000] {logging_mixin.py:190} INFO - [2026-07-19T14:59:16.264+0000] {dag.py:3211} INFO - Sync 1 DAGs
[2026-07-19T14:59:16.287+0000] {logging_mixin.py:190} INFO - [2026-07-19T14:59:16.287+0000] {dag.py:4138} INFO - Setting next_dagrun for airflow_sanity_check to None, run_after=None
[2026-07-19T14:59:16.314+0000] {processor.py:208} INFO - Processing /opt/airflow/dags/sanity_checks.py took 0.120 seconds
[2026-07-19T14:59:46.633+0000] {processor.py:186} INFO - Started process (PID=31498) to work on /opt/airflow/dags/sanity_checks.py
[2026-07-19T14:59:46.635+0000] {processor.py:914} INFO - Processing file /opt/airflow/dags/sanity_checks.py for tasks to queue
[2026-07-19T14:59:46.639+0000] {logging_mixin.py:190} INFO - [2026-07-19T14:59:46.639+0000] {dagbag.py:587} INFO - Filling up the DagBag from /opt/airflow/dags/sanity_checks.py
[2026-07-19T14:59:46.654+0000] {processor.py:925} INFO - DAG(s) 'airflow_sanity_check' retrieved from /opt/airflow/dags/sanity_checks.py
[2026-07-19T14:59:46.696+0000] {logging_mixin.py:190} INFO - [2026-07-19T14:59:46.695+0000] {dag.py:3211} INFO - Sync 1 DAGs
[2026-07-19T14:59:46.717+0000] {logging_mixin.py:190} INFO - [2026-07-19T14:59:46.717+0000] {dag.py:4138} INFO - Setting next_dagrun for airflow_sanity_check to None, run_after=None
[2026-07-19T14:59:46.745+0000] {processor.py:208} INFO - Processing /opt/airflow/dags/sanity_checks.py took 0.121 seconds
[2026-07-19T15:00:17.064+0000] {processor.py:186} INFO - Started process (PID=31508) to work on /opt/airflow/dags/sanity_checks.py
[2026-07-19T15:00:17.066+0000] {processor.py:914} INFO - Processing file /opt/airflow/dags/sanity_checks.py for tasks to queue
[2026-07-19T15:00:17.070+0000] {logging_mixin.py:190} INFO - [2026-07-19T15:00:17.070+0000] {dagbag.py:587} INFO - Filling up the DagBag from /opt/airflow/dags/sanity_checks.py
[2026-07-19T15:00:17.086+0000] {processor.py:925} INFO - DAG(s) 'airflow_sanity_check' retrieved from /opt/airflow/dags/sanity_checks.py
[2026-07-19T15:00:17.127+0000] {logging_mixin.py:190} INFO - [2026-07-19T15:00:17.127+0000] {dag.py:3211} INFO - Sync 1 DAGs
[2026-07-19T15:00:17.149+0000] {logging_mixin.py:190} INFO - [2026-07-19T15:00:17.149+0000] {dag.py:4138} INFO - Setting next_dagrun for airflow_sanity_check to None, run_after=None
[2026-07-19T15:00:17.176+0000] {processor.py:208} INFO - Processing /opt/airflow/dags/sanity_checks.py took 0.122 seconds
[2026-07-19T15:00:47.480+0000] {processor.py:186} INFO - Started process (PID=31518) to work on /opt/airflow/dags/sanity_checks.py
[2026-07-19T15:00:47.482+0000] {processor.py:914} INFO - Processing file /opt/airflow/dags/sanity_checks.py for tasks to queue
[2026-07-19T15:00:47.486+0000] {logging_mixin.py:190} INFO - [2026-07-19T15:00:47.486+0000] {dagbag.py:587} INFO - Filling up the DagBag from /opt/airflow/dags/sanity_checks.py
[2026-07-19T15:00:47.503+0000] {processor.py:925} INFO - DAG(s) 'airflow_sanity_check' retrieved from /opt/airflow/dags/sanity_checks.py
[2026-07-19T15:00:47.548+0000] {logging_mixin.py:190} INFO - [2026-07-19T15:00:47.548+0000] {dag.py:3211} INFO - Sync 1 DAGs
[2026-07-19T15:00:47.571+0000] {logging_mixin.py:190} INFO - [2026-07-19T15:00:47.570+0000] {dag.py:4138} INFO - Setting next_dagrun for airflow_sanity_check to None, run_after=None
[2026-07-19T15:00:47.598+0000] {processor.py:208} INFO - Processing /opt/airflow/dags/sanity_checks.py took 0.128 seconds
[2026-07-19T15:01:17.909+0000] {processor.py:186} INFO - Started process (PID=31528) to work on /opt/airflow/dags/sanity_checks.py
[2026-07-19T15:01:17.911+0000] {processor.py:914} INFO - Processing file /opt/airflow/dags/sanity_checks.py for tasks to queue
[2026-07-19T15:01:17.915+0000] {logging_mixin.py:190} INFO - [2026-07-19T15:01:17.914+0000] {dagbag.py:587} INFO - Filling up the DagBag from /opt/airflow/dags/sanity_checks.py
[2026-07-19T15:01:17.931+0000] {processor.py:925} INFO - DAG(s) 'airflow_sanity_check' retrieved from /opt/airflow/dags/sanity_checks.py
[2026-07-19T15:01:17.982+0000] {logging_mixin.py:190} INFO - [2026-07-19T15:01:17.981+0000] {dag.py:3211} INFO - Sync 1 DAGs
[2026-07-19T15:01:18.016+0000] {logging_mixin.py:190} INFO - [2026-07-19T15:01:18.015+0000] {dag.py:4138} INFO - Setting next_dagrun for airflow_sanity_check to None, run_after=None
[2026-07-19T15:01:18.053+0000] {processor.py:208} INFO - Processing /opt/airflow/dags/sanity_checks.py took 0.158 seconds
[2026-07-19T15:01:48.371+0000] {processor.py:186} INFO - Started process (PID=31538) to work on /opt/airflow/dags/sanity_checks.py
[2026-07-19T15:01:48.373+0000] {processor.py:914} INFO - Processing file /opt/airflow/dags/sanity_checks.py for tasks to queue
[2026-07-19T15:01:48.376+0000] {logging_mixin.py:190} INFO - [2026-07-19T15:01:48.376+0000] {dagbag.py:587} INFO - Filling up the DagBag from /opt/airflow/dags/sanity_checks.py
[2026-07-19T15:01:48.393+0000] {processor.py:925} INFO - DAG(s) 'airflow_sanity_check' retrieved from /opt/airflow/dags/sanity_checks.py
[2026-07-19T15:01:48.435+0000] {logging_mixin.py:190} INFO - [2026-07-19T15:01:48.434+0000] {dag.py:3211} INFO - Sync 1 DAGs
[2026-07-19T15:01:48.457+0000] {logging_mixin.py:190} INFO - [2026-07-19T15:01:48.457+0000] {dag.py:4138} INFO - Setting next_dagrun for airflow_sanity_check to None, run_after=None
[2026-07-19T15:01:48.485+0000] {processor.py:208} INFO - Processing /opt/airflow/dags/sanity_checks.py took 0.122 seconds
[2026-07-19T15:02:18.808+0000] {processor.py:186} INFO - Started process (PID=31548) to work on /opt/airflow/dags/sanity_checks.py
[2026-07-19T15:02:18.809+0000] {processor.py:914} INFO - Processing file /opt/airflow/dags/sanity_checks.py for tasks to queue
[2026-07-19T15:02:18.813+0000] {logging_mixin.py:190} INFO - [2026-07-19T15:02:18.813+0000] {dagbag.py:587} INFO - Filling up the DagBag from /opt/airflow/dags/sanity_checks.py
[2026-07-19T15:02:18.828+0000] {processor.py:925} INFO - DAG(s) 'airflow_sanity_check' retrieved from /opt/airflow/dags/sanity_checks.py
[2026-07-19T15:02:18.870+0000] {logging_mixin.py:190} INFO - [2026-07-19T15:02:18.869+0000] {dag.py:3211} INFO - Sync 1 DAGs
[2026-07-19T15:02:18.891+0000] {logging_mixin.py:190} INFO - [2026-07-19T15:02:18.891+0000] {dag.py:4138} INFO - Setting next_dagrun for airflow_sanity_check to None, run_after=None
[2026-07-19T15:02:18.917+0000] {processor.py:208} INFO - Processing /opt/airflow/dags/sanity_checks.py took 0.119 seconds
[2026-07-19T15:02:49.267+0000] {processor.py:186} INFO - Started process (PID=31558) to work on /opt/airflow/dags/sanity_checks.py
[2026-07-19T15:02:49.269+0000] {processor.py:914} INFO - Processing file /opt/airflow/dags/sanity_checks.py for tasks to queue
[2026-07-19T15:02:49.273+0000] {logging_mixin.py:190} INFO - [2026-07-19T15:02:49.272+0000] {dagbag.py:587} INFO - Filling up the DagBag from /opt/airflow/dags/sanity_checks.py
[2026-07-19T15:02:49.289+0000] {processor.py:925} INFO - DAG(s) 'airflow_sanity_check' retrieved from /opt/airflow/dags/sanity_checks.py
[2026-07-19T15:02:49.333+0000] {logging_mixin.py:190} INFO - [2026-07-19T15:02:49.333+0000] {dag.py:3211} INFO - Sync 1 DAGs
[2026-07-19T15:02:49.355+0000] {logging_mixin.py:190} INFO - [2026-07-19T15:02:49.355+0000] {dag.py:4138} INFO - Setting next_dagrun for airflow_sanity_check to None, run_after=None
[2026-07-19T15:02:49.384+0000] {processor.py:208} INFO - Processing /opt/airflow/dags/sanity_checks.py took 0.127 seconds
[2026-07-19T15:03:19.737+0000] {processor.py:186} INFO - Started process (PID=31568) to work on /opt/airflow/dags/sanity_checks.py
[2026-07-19T15:03:19.739+0000] {processor.py:914} INFO - Processing file /opt/airflow/dags/sanity_checks.py for tasks to queue
[2026-07-19T15:03:19.746+0000] {logging_mixin.py:190} INFO - [2026-07-19T15:03:19.746+0000] {dagbag.py:587} INFO - Filling up the DagBag from /opt/airflow/dags/sanity_checks.py
[2026-07-19T15:03:19.770+0000] {processor.py:925} INFO - DAG(s) 'airflow_sanity_check' retrieved from /opt/airflow/dags/sanity_checks.py
[2026-07-19T15:03:19.830+0000] {logging_mixin.py:190} INFO - [2026-07-19T15:03:19.829+0000] {dag.py:3211} INFO - Sync 1 DAGs
[2026-07-19T15:03:19.853+0000] {logging_mixin.py:190} INFO - [2026-07-19T15:03:19.853+0000] {dag.py:4138} INFO - Setting next_dagrun for airflow_sanity_check to None, run_after=None
[2026-07-19T15:03:19.880+0000] {processor.py:208} INFO - Processing /opt/airflow/dags/sanity_checks.py took 0.160 seconds
[2026-07-19T15:03:50.205+0000] {processor.py:186} INFO - Started process (PID=31578) to work on /opt/airflow/dags/sanity_checks.py
[2026-07-19T15:03:50.206+0000] {processor.py:914} INFO - Processing file /opt/airflow/dags/sanity_checks.py for tasks to queue
[2026-07-19T15:03:50.210+0000] {logging_mixin.py:190} INFO - [2026-07-19T15:03:50.209+0000] {dagbag.py:587} INFO - Filling up the DagBag from /opt/airflow/dags/sanity_checks.py
[2026-07-19T15:03:50.226+0000] {processor.py:925} INFO - DAG(s) 'airflow_sanity_check' retrieved from /opt/airflow/dags/sanity_checks.py
[2026-07-19T15:03:50.292+0000] {logging_mixin.py:190} INFO - [2026-07-19T15:03:50.292+0000] {dag.py:3211} INFO - Sync 1 DAGs
[2026-07-19T15:03:50.324+0000] {logging_mixin.py:190} INFO - [2026-07-19T15:03:50.324+0000] {dag.py:4138} INFO - Setting next_dagrun for airflow_sanity_check to None, run_after=None
[2026-07-19T15:03:50.352+0000] {processor.py:208} INFO - Processing /opt/airflow/dags/sanity_checks.py took 0.159 seconds
[2026-07-19T15:04:20.770+0000] {processor.py:186} INFO - Started process (PID=31588) to work on /opt/airflow/dags/sanity_checks.py
[2026-07-19T15:04:20.771+0000] {processor.py:914} INFO - Processing file /opt/airflow/dags/sanity_checks.py for tasks to queue
[2026-07-19T15:04:20.776+0000] {logging_mixin.py:190} INFO - [2026-07-19T15:04:20.775+0000] {dagbag.py:587} INFO - Filling up the DagBag from /opt/airflow/dags/sanity_checks.py
[2026-07-19T15:04:20.795+0000] {processor.py:925} INFO - DAG(s) 'airflow_sanity_check' retrieved from /opt/airflow/dags/sanity_checks.py
[2026-07-19T15:04:20.843+0000] {logging_mixin.py:190} INFO - [2026-07-19T15:04:20.842+0000] {dag.py:3211} INFO - Sync 1 DAGs
[2026-07-19T15:04:20.868+0000] {logging_mixin.py:190} INFO - [2026-07-19T15:04:20.867+0000] {dag.py:4138} INFO - Setting next_dagrun for airflow_sanity_check to None, run_after=None
[2026-07-19T15:04:20.899+0000] {processor.py:208} INFO - Processing /opt/airflow/dags/sanity_checks.py took 0.144 seconds
[2026-07-19T15:04:51.222+0000] {processor.py:186} INFO - Started process (PID=31598) to work on /opt/airflow/dags/sanity_checks.py
[2026-07-19T15:04:51.224+0000] {processor.py:914} INFO - Processing file /opt/airflow/dags/sanity_checks.py for tasks to queue
[2026-07-19T15:04:51.228+0000] {logging_mixin.py:190} INFO - [2026-07-19T15:04:51.228+0000] {dagbag.py:587} INFO - Filling up the DagBag from /opt/airflow/dags/sanity_checks.py
[2026-07-19T15:04:51.246+0000] {processor.py:925} INFO - DAG(s) 'airflow_sanity_check' retrieved from /opt/airflow/dags/sanity_checks.py
[2026-07-19T15:04:51.291+0000] {logging_mixin.py:190} INFO - [2026-07-19T15:04:51.290+0000] {dag.py:3211} INFO - Sync 1 DAGs
[2026-07-19T15:04:51.313+0000] {logging_mixin.py:190} INFO - [2026-07-19T15:04:51.313+0000] {dag.py:4138} INFO - Setting next_dagrun for airflow_sanity_check to None, run_after=None
[2026-07-19T15:04:51.339+0000] {processor.py:208} INFO - Processing /opt/airflow/dags/sanity_checks.py took 0.129 seconds
[2026-07-19T15:05:21.674+0000] {processor.py:186} INFO - Started process (PID=31608) to work on /opt/airflow/dags/sanity_checks.py
[2026-07-19T15:05:21.676+0000] {processor.py:914} INFO - Processing file /opt/airflow/dags/sanity_checks.py for tasks to queue
[2026-07-19T15:05:21.680+0000] {logging_mixin.py:190} INFO - [2026-07-19T15:05:21.679+0000] {dagbag.py:587} INFO - Filling up the DagBag from /opt/airflow/dags/sanity_checks.py
[2026-07-19T15:05:21.700+0000] {processor.py:925} INFO - DAG(s) 'airflow_sanity_check' retrieved from /opt/airflow/dags/sanity_checks.py
[2026-07-19T15:05:21.744+0000] {logging_mixin.py:190} INFO - [2026-07-19T15:05:21.743+0000] {dag.py:3211} INFO - Sync 1 DAGs
[2026-07-19T15:05:21.765+0000] {logging_mixin.py:190} INFO - [2026-07-19T15:05:21.764+0000] {dag.py:4138} INFO - Setting next_dagrun for airflow_sanity_check to None, run_after=None
[2026-07-19T15:05:21.793+0000] {processor.py:208} INFO - Processing /opt/airflow/dags/sanity_checks.py took 0.131 seconds
[2026-07-19T15:05:52.147+0000] {processor.py:186} INFO - Started process (PID=31618) to work on /opt/airflow/dags/sanity_checks.py
[2026-07-19T15:05:52.148+0000] {processor.py:914} INFO - Processing file /opt/airflow/dags/sanity_checks.py for tasks to queue
[2026-07-19T15:05:52.152+0000] {logging_mixin.py:190} INFO - [2026-07-19T15:05:52.152+0000] {dagbag.py:587} INFO - Filling up the DagBag from /opt/airflow/dags/sanity_checks.py
[2026-07-19T15:05:52.168+0000] {processor.py:925} INFO - DAG(s) 'airflow_sanity_check' retrieved from /opt/airflow/dags/sanity_checks.py
[2026-07-19T15:05:52.210+0000] {logging_mixin.py:190} INFO - [2026-07-19T15:05:52.210+0000] {dag.py:3211} INFO - Sync 1 DAGs
[2026-07-19T15:05:52.232+0000] {logging_mixin.py:190} INFO - [2026-07-19T15:05:52.231+0000] {dag.py:4138} INFO - Setting next_dagrun for airflow_sanity_check to None, run_after=None
[2026-07-19T15:05:52.258+0000] {processor.py:208} INFO - Processing /opt/airflow/dags/sanity_checks.py took 0.120 seconds
[2026-07-19T15:06:22.583+0000] {processor.py:186} INFO - Started process (PID=31628) to work on /opt/airflow/dags/sanity_checks.py
[2026-07-19T15:06:22.584+0000] {processor.py:914} INFO - Processing file /opt/airflow/dags/sanity_checks.py for tasks to queue
[2026-07-19T15:06:22.588+0000] {logging_mixin.py:190} INFO - [2026-07-19T15:06:22.588+0000] {dagbag.py:587} INFO - Filling up the DagBag from /opt/airflow/dags/sanity_checks.py
[2026-07-19T15:06:22.603+0000] {processor.py:925} INFO - DAG(s) 'airflow_sanity_check' retrieved from /opt/airflow/dags/sanity_checks.py
[2026-07-19T15:06:22.646+0000] {logging_mixin.py:190} INFO - [2026-07-19T15:06:22.645+0000] {dag.py:3211} INFO - Sync 1 DAGs
[2026-07-19T15:06:22.667+0000] {logging_mixin.py:190} INFO - [2026-07-19T15:06:22.666+0000] {dag.py:4138} INFO - Setting next_dagrun for airflow_sanity_check to None, run_after=None
[2026-07-19T15:06:22.692+0000] {processor.py:208} INFO - Processing /opt/airflow/dags/sanity_checks.py took 0.118 seconds
[2026-07-19T15:06:53.055+0000] {processor.py:186} INFO - Started process (PID=31638) to work on /opt/airflow/dags/sanity_checks.py
[2026-07-19T15:06:53.057+0000] {processor.py:914} INFO - Processing file /opt/airflow/dags/sanity_checks.py for tasks to queue
[2026-07-19T15:06:53.061+0000] {logging_mixin.py:190} INFO - [2026-07-19T15:06:53.061+0000] {dagbag.py:587} INFO - Filling up the DagBag from /opt/airflow/dags/sanity_checks.py
[2026-07-19T15:06:53.076+0000] {processor.py:925} INFO - DAG(s) 'airflow_sanity_check' retrieved from /opt/airflow/dags/sanity_checks.py
[2026-07-19T15:06:53.117+0000] {logging_mixin.py:190} INFO - [2026-07-19T15:06:53.117+0000] {dag.py:3211} INFO - Sync 1 DAGs
[2026-07-19T15:06:53.139+0000] {logging_mixin.py:190} INFO - [2026-07-19T15:06:53.139+0000] {dag.py:4138} INFO - Setting next_dagrun for airflow_sanity_check to None, run_after=None
[2026-07-19T15:06:53.167+0000] {processor.py:208} INFO - Processing /opt/airflow/dags/sanity_checks.py took 0.120 seconds
[2026-07-19T15:07:23.589+0000] {processor.py:186} INFO - Started process (PID=31648) to work on /opt/airflow/dags/sanity_checks.py
[2026-07-19T15:07:23.591+0000] {processor.py:914} INFO - Processing file /opt/airflow/dags/sanity_checks.py for tasks to queue
[2026-07-19T15:07:23.594+0000] {logging_mixin.py:190} INFO - [2026-07-19T15:07:23.594+0000] {dagbag.py:587} INFO - Filling up the DagBag from /opt/airflow/dags/sanity_checks.py
[2026-07-19T15:07:23.611+0000] {processor.py:925} INFO - DAG(s) 'airflow_sanity_check' retrieved from /opt/airflow/dags/sanity_checks.py
[2026-07-19T15:07:23.657+0000] {logging_mixin.py:190} INFO - [2026-07-19T15:07:23.657+0000] {dag.py:3211} INFO - Sync 1 DAGs
[2026-07-19T15:07:23.681+0000] {logging_mixin.py:190} INFO - [2026-07-19T15:07:23.680+0000] {dag.py:4138} INFO - Setting next_dagrun for airflow_sanity_check to None, run_after=None
[2026-07-19T15:07:23.711+0000] {processor.py:208} INFO - Processing /opt/airflow/dags/sanity_checks.py took 0.132 seconds
[2026-07-19T15:07:54.046+0000] {processor.py:186} INFO - Started process (PID=31658) to work on /opt/airflow/dags/sanity_checks.py
[2026-07-19T15:07:54.047+0000] {processor.py:914} INFO - Processing file /opt/airflow/dags/sanity_checks.py for tasks to queue
[2026-07-19T15:07:54.051+0000] {logging_mixin.py:190} INFO - [2026-07-19T15:07:54.050+0000] {dagbag.py:587} INFO - Filling up the DagBag from /opt/airflow/dags/sanity_checks.py
[2026-07-19T15:07:54.066+0000] {processor.py:925} INFO - DAG(s) 'airflow_sanity_check' retrieved from /opt/airflow/dags/sanity_checks.py
[2026-07-19T15:07:54.108+0000] {logging_mixin.py:190} INFO - [2026-07-19T15:07:54.108+0000] {dag.py:3211} INFO - Sync 1 DAGs
[2026-07-19T15:07:54.130+0000] {logging_mixin.py:190} INFO - [2026-07-19T15:07:54.130+0000] {dag.py:4138} INFO - Setting next_dagrun for airflow_sanity_check to None, run_after=None
[2026-07-19T15:07:54.157+0000] {processor.py:208} INFO - Processing /opt/airflow/dags/sanity_checks.py took 0.121 seconds
[2026-07-19T15:08:24.519+0000] {processor.py:186} INFO - Started process (PID=31668) to work on /opt/airflow/dags/sanity_checks.py
[2026-07-19T15:08:24.521+0000] {processor.py:914} INFO - Processing file /opt/airflow/dags/sanity_checks.py for tasks to queue
[2026-07-19T15:08:24.524+0000] {logging_mixin.py:190} INFO - [2026-07-19T15:08:24.524+0000] {dagbag.py:587} INFO - Filling up the DagBag from /opt/airflow/dags/sanity_checks.py
[2026-07-19T15:08:24.540+0000] {processor.py:925} INFO - DAG(s) 'airflow_sanity_check' retrieved from /opt/airflow/dags/sanity_checks.py
[2026-07-19T15:08:24.581+0000] {logging_mixin.py:190} INFO - [2026-07-19T15:08:24.581+0000] {dag.py:3211} INFO - Sync 1 DAGs
[2026-07-19T15:08:24.602+0000] {logging_mixin.py:190} INFO - [2026-07-19T15:08:24.602+0000] {dag.py:4138} INFO - Setting next_dagrun for airflow_sanity_check to None, run_after=None
[2026-07-19T15:08:24.630+0000] {processor.py:208} INFO - Processing /opt/airflow/dags/sanity_checks.py took 0.120 seconds
[2026-07-19T15:08:54.951+0000] {processor.py:186} INFO - Started process (PID=31678) to work on /opt/airflow/dags/sanity_checks.py
[2026-07-19T15:08:54.953+0000] {processor.py:914} INFO - Processing file /opt/airflow/dags/sanity_checks.py for tasks to queue
[2026-07-19T15:08:54.957+0000] {logging_mixin.py:190} INFO - [2026-07-19T15:08:54.957+0000] {dagbag.py:587} INFO - Filling up the DagBag from /opt/airflow/dags/sanity_checks.py
[2026-07-19T15:08:54.973+0000] {processor.py:925} INFO - DAG(s) 'airflow_sanity_check' retrieved from /opt/airflow/dags/sanity_checks.py
[2026-07-19T15:08:55.016+0000] {logging_mixin.py:190} INFO - [2026-07-19T15:08:55.015+0000] {dag.py:3211} INFO - Sync 1 DAGs
[2026-07-19T15:08:55.040+0000] {logging_mixin.py:190} INFO - [2026-07-19T15:08:55.040+0000] {dag.py:4138} INFO - Setting next_dagrun for airflow_sanity_check to None, run_after=None
[2026-07-19T15:08:55.075+0000] {processor.py:208} INFO - Processing /opt/airflow/dags/sanity_checks.py took 0.132 seconds
[2026-07-19T15:09:25.414+0000] {processor.py:186} INFO - Started process (PID=31688) to work on /opt/airflow/dags/sanity_checks.py
[2026-07-19T15:09:25.416+0000] {processor.py:914} INFO - Processing file /opt/airflow/dags/sanity_checks.py for tasks to queue
[2026-07-19T15:09:25.421+0000] {logging_mixin.py:190} INFO - [2026-07-19T15:09:25.421+0000] {dagbag.py:587} INFO - Filling up the DagBag from /opt/airflow/dags/sanity_checks.py
[2026-07-19T15:09:25.436+0000] {processor.py:925} INFO - DAG(s) 'airflow_sanity_check' retrieved from /opt/airflow/dags/sanity_checks.py
[2026-07-19T15:09:25.477+0000] {logging_mixin.py:190} INFO - [2026-07-19T15:09:25.476+0000] {dag.py:3211} INFO - Sync 1 DAGs
[2026-07-19T15:09:25.498+0000] {logging_mixin.py:190} INFO - [2026-07-19T15:09:25.497+0000] {dag.py:4138} INFO - Setting next_dagrun for airflow_sanity_check to None, run_after=None
[2026-07-19T15:09:25.527+0000] {processor.py:208} INFO - Processing /opt/airflow/dags/sanity_checks.py took 0.121 seconds
[2026-07-19T15:09:55.843+0000] {processor.py:186} INFO - Started process (PID=31698) to work on /opt/airflow/dags/sanity_checks.py
[2026-07-19T15:09:55.844+0000] {processor.py:914} INFO - Processing file /opt/airflow/dags/sanity_checks.py for tasks to queue
[2026-07-19T15:09:55.847+0000] {logging_mixin.py:190} INFO - [2026-07-19T15:09:55.847+0000] {dagbag.py:587} INFO - Filling up the DagBag from /opt/airflow/dags/sanity_checks.py
[2026-07-19T15:09:55.863+0000] {processor.py:925} INFO - DAG(s) 'airflow_sanity_check' retrieved from /opt/airflow/dags/sanity_checks.py
[2026-07-19T15:09:55.907+0000] {logging_mixin.py:190} INFO - [2026-07-19T15:09:55.906+0000] {dag.py:3211} INFO - Sync 1 DAGs
[2026-07-19T15:09:55.930+0000] {logging_mixin.py:190} INFO - [2026-07-19T15:09:55.929+0000] {dag.py:4138} INFO - Setting next_dagrun for airflow_sanity_check to None, run_after=None
[2026-07-19T15:09:55.961+0000] {processor.py:208} INFO - Processing /opt/airflow/dags/sanity_checks.py took 0.129 seconds
[2026-07-19T15:10:26.296+0000] {processor.py:186} INFO - Started process (PID=31708) to work on /opt/airflow/dags/sanity_checks.py
[2026-07-19T15:10:26.297+0000] {processor.py:914} INFO - Processing file /opt/airflow/dags/sanity_checks.py for tasks to queue
[2026-07-19T15:10:26.301+0000] {logging_mixin.py:190} INFO - [2026-07-19T15:10:26.301+0000] {dagbag.py:587} INFO - Filling up the DagBag from /opt/airflow/dags/sanity_checks.py
[2026-07-19T15:10:26.316+0000] {processor.py:925} INFO - DAG(s) 'airflow_sanity_check' retrieved from /opt/airflow/dags/sanity_checks.py
[2026-07-19T15:10:26.357+0000] {logging_mixin.py:190} INFO - [2026-07-19T15:10:26.357+0000] {dag.py:3211} INFO - Sync 1 DAGs
[2026-07-19T15:10:26.379+0000] {logging_mixin.py:190} INFO - [2026-07-19T15:10:26.379+0000] {dag.py:4138} INFO - Setting next_dagrun for airflow_sanity_check to None, run_after=None
[2026-07-19T15:10:26.410+0000] {processor.py:208} INFO - Processing /opt/airflow/dags/sanity_checks.py took 0.124 seconds
[2026-07-19T15:10:56.755+0000] {processor.py:186} INFO - Started process (PID=31718) to work on /opt/airflow/dags/sanity_checks.py
[2026-07-19T15:10:56.757+0000] {processor.py:914} INFO - Processing file /opt/airflow/dags/sanity_checks.py for tasks to queue
[2026-07-19T15:10:56.760+0000] {logging_mixin.py:190} INFO - [2026-07-19T15:10:56.760+0000] {dagbag.py:587} INFO - Filling up the DagBag from /opt/airflow/dags/sanity_checks.py
[2026-07-19T15:10:56.775+0000] {processor.py:925} INFO - DAG(s) 'airflow_sanity_check' retrieved from /opt/airflow/dags/sanity_checks.py
[2026-07-19T15:10:56.817+0000] {logging_mixin.py:190} INFO - [2026-07-19T15:10:56.817+0000] {dag.py:3211} INFO - Sync 1 DAGs
[2026-07-19T15:10:56.838+0000] {logging_mixin.py:190} INFO - [2026-07-19T15:10:56.838+0000] {dag.py:4138} INFO - Setting next_dagrun for airflow_sanity_check to None, run_after=None
[2026-07-19T15:10:56.866+0000] {processor.py:208} INFO - Processing /opt/airflow/dags/sanity_checks.py took 0.120 seconds
[2026-07-19T15:11:27.201+0000] {processor.py:186} INFO - Started process (PID=31728) to work on /opt/airflow/dags/sanity_checks.py
[2026-07-19T15:11:27.203+0000] {processor.py:914} INFO - Processing file /opt/airflow/dags/sanity_checks.py for tasks to queue
[2026-07-19T15:11:27.207+0000] {logging_mixin.py:190} INFO - [2026-07-19T15:11:27.206+0000] {dagbag.py:587} INFO - Filling up the DagBag from /opt/airflow/dags/sanity_checks.py
[2026-07-19T15:11:27.223+0000] {processor.py:925} INFO - DAG(s) 'airflow_sanity_check' retrieved from /opt/airflow/dags/sanity_checks.py
[2026-07-19T15:11:27.265+0000] {logging_mixin.py:190} INFO - [2026-07-19T15:11:27.264+0000] {dag.py:3211} INFO - Sync 1 DAGs
[2026-07-19T15:11:27.286+0000] {logging_mixin.py:190} INFO - [2026-07-19T15:11:27.286+0000] {dag.py:4138} INFO - Setting next_dagrun for airflow_sanity_check to None, run_after=None
[2026-07-19T15:11:27.311+0000] {processor.py:208} INFO - Processing /opt/airflow/dags/sanity_checks.py took 0.119 seconds
[2026-07-19T15:11:57.744+0000] {processor.py:186} INFO - Started process (PID=31738) to work on /opt/airflow/dags/sanity_checks.py
[2026-07-19T15:11:57.745+0000] {processor.py:914} INFO - Processing file /opt/airflow/dags/sanity_checks.py for tasks to queue
[2026-07-19T15:11:57.749+0000] {logging_mixin.py:190} INFO - [2026-07-19T15:11:57.748+0000] {dagbag.py:587} INFO - Filling up the DagBag from /opt/airflow/dags/sanity_checks.py
[2026-07-19T15:11:57.766+0000] {processor.py:925} INFO - DAG(s) 'airflow_sanity_check' retrieved from /opt/airflow/dags/sanity_checks.py
[2026-07-19T15:11:57.812+0000] {logging_mixin.py:190} INFO - [2026-07-19T15:11:57.812+0000] {dag.py:3211} INFO - Sync 1 DAGs
[2026-07-19T15:11:57.834+0000] {logging_mixin.py:190} INFO - [2026-07-19T15:11:57.834+0000] {dag.py:4138} INFO - Setting next_dagrun for airflow_sanity_check to None, run_after=None
[2026-07-19T15:11:57.864+0000] {processor.py:208} INFO - Processing /opt/airflow/dags/sanity_checks.py took 0.131 seconds
[2026-07-19T15:12:28.219+0000] {processor.py:186} INFO - Started process (PID=31748) to work on /opt/airflow/dags/sanity_checks.py
[2026-07-19T15:12:28.220+0000] {processor.py:914} INFO - Processing file /opt/airflow/dags/sanity_checks.py for tasks to queue
[2026-07-19T15:12:28.225+0000] {logging_mixin.py:190} INFO - [2026-07-19T15:12:28.224+0000] {dagbag.py:587} INFO - Filling up the DagBag from /opt/airflow/dags/sanity_checks.py
[2026-07-19T15:12:28.242+0000] {processor.py:925} INFO - DAG(s) 'airflow_sanity_check' retrieved from /opt/airflow/dags/sanity_checks.py
[2026-07-19T15:12:28.286+0000] {logging_mixin.py:190} INFO - [2026-07-19T15:12:28.286+0000] {dag.py:3211} INFO - Sync 1 DAGs
[2026-07-19T15:12:28.309+0000] {logging_mixin.py:190} INFO - [2026-07-19T15:12:28.309+0000] {dag.py:4138} INFO - Setting next_dagrun for airflow_sanity_check to None, run_after=None
[2026-07-19T15:12:28.378+0000] {processor.py:208} INFO - Processing /opt/airflow/dags/sanity_checks.py took 0.172 seconds
[2026-07-19T15:12:58.726+0000] {processor.py:186} INFO - Started process (PID=31758) to work on /opt/airflow/dags/sanity_checks.py
[2026-07-19T15:12:58.728+0000] {processor.py:914} INFO - Processing file /opt/airflow/dags/sanity_checks.py for tasks to queue
[2026-07-19T15:12:58.731+0000] {logging_mixin.py:190} INFO - [2026-07-19T15:12:58.731+0000] {dagbag.py:587} INFO - Filling up the DagBag from /opt/airflow/dags/sanity_checks.py
[2026-07-19T15:12:58.746+0000] {processor.py:925} INFO - DAG(s) 'airflow_sanity_check' retrieved from /opt/airflow/dags/sanity_checks.py
[2026-07-19T15:12:58.787+0000] {logging_mixin.py:190} INFO - [2026-07-19T15:12:58.786+0000] {dag.py:3211} INFO - Sync 1 DAGs
[2026-07-19T15:12:58.809+0000] {logging_mixin.py:190} INFO - [2026-07-19T15:12:58.809+0000] {dag.py:4138} INFO - Setting next_dagrun for airflow_sanity_check to None, run_after=None
[2026-07-19T15:12:58.836+0000] {processor.py:208} INFO - Processing /opt/airflow/dags/sanity_checks.py took 0.120 seconds
[2026-07-19T15:13:29.169+0000] {processor.py:186} INFO - Started process (PID=31768) to work on /opt/airflow/dags/sanity_checks.py
[2026-07-19T15:13:29.171+0000] {processor.py:914} INFO - Processing file /opt/airflow/dags/sanity_checks.py for tasks to queue
[2026-07-19T15:13:29.174+0000] {logging_mixin.py:190} INFO - [2026-07-19T15:13:29.174+0000] {dagbag.py:587} INFO - Filling up the DagBag from /opt/airflow/dags/sanity_checks.py
[2026-07-19T15:13:29.189+0000] {processor.py:925} INFO - DAG(s) 'airflow_sanity_check' retrieved from /opt/airflow/dags/sanity_checks.py
[2026-07-19T15:13:29.329+0000] {logging_mixin.py:190} INFO - [2026-07-19T15:13:29.328+0000] {dag.py:3211} INFO - Sync 1 DAGs
[2026-07-19T15:13:29.377+0000] {logging_mixin.py:190} INFO - [2026-07-19T15:13:29.376+0000] {dag.py:4138} INFO - Setting next_dagrun for airflow_sanity_check to None, run_after=None
[2026-07-19T15:13:29.405+0000] {processor.py:208} INFO - Processing /opt/airflow/dags/sanity_checks.py took 0.247 seconds
[2026-07-19T15:13:59.728+0000] {processor.py:186} INFO - Started process (PID=31778) to work on /opt/airflow/dags/sanity_checks.py
[2026-07-19T15:13:59.730+0000] {processor.py:914} INFO - Processing file /opt/airflow/dags/sanity_checks.py for tasks to queue
[2026-07-19T15:13:59.734+0000] {logging_mixin.py:190} INFO - [2026-07-19T15:13:59.734+0000] {dagbag.py:587} INFO - Filling up the DagBag from /opt/airflow/dags/sanity_checks.py
[2026-07-19T15:13:59.749+0000] {processor.py:925} INFO - DAG(s) 'airflow_sanity_check' retrieved from /opt/airflow/dags/sanity_checks.py
[2026-07-19T15:13:59.790+0000] {logging_mixin.py:190} INFO - [2026-07-19T15:13:59.790+0000] {dag.py:3211} INFO - Sync 1 DAGs
[2026-07-19T15:13:59.811+0000] {logging_mixin.py:190} INFO - [2026-07-19T15:13:59.811+0000] {dag.py:4138} INFO - Setting next_dagrun for airflow_sanity_check to None, run_after=None
[2026-07-19T15:13:59.839+0000] {processor.py:208} INFO - Processing /opt/airflow/dags/sanity_checks.py took 0.119 seconds
[2026-07-19T15:14:30.269+0000] {processor.py:186} INFO - Started process (PID=31788) to work on /opt/airflow/dags/sanity_checks.py
[2026-07-19T15:14:30.270+0000] {processor.py:914} INFO - Processing file /opt/airflow/dags/sanity_checks.py for tasks to queue
[2026-07-19T15:14:30.274+0000] {logging_mixin.py:190} INFO - [2026-07-19T15:14:30.274+0000] {dagbag.py:587} INFO - Filling up the DagBag from /opt/airflow/dags/sanity_checks.py
[2026-07-19T15:14:30.290+0000] {processor.py:925} INFO - DAG(s) 'airflow_sanity_check' retrieved from /opt/airflow/dags/sanity_checks.py
[2026-07-19T15:14:30.335+0000] {logging_mixin.py:190} INFO - [2026-07-19T15:14:30.335+0000] {dag.py:3211} INFO - Sync 1 DAGs
[2026-07-19T15:14:30.357+0000] {logging_mixin.py:190} INFO - [2026-07-19T15:14:30.357+0000] {dag.py:4138} INFO - Setting next_dagrun for airflow_sanity_check to None, run_after=None
[2026-07-19T15:14:30.385+0000] {processor.py:208} INFO - Processing /opt/airflow/dags/sanity_checks.py took 0.124 seconds
[2026-07-19T15:15:00.706+0000] {processor.py:186} INFO - Started process (PID=31798) to work on /opt/airflow/dags/sanity_checks.py
[2026-07-19T15:15:00.707+0000] {processor.py:914} INFO - Processing file /opt/airflow/dags/sanity_checks.py for tasks to queue
[2026-07-19T15:15:00.711+0000] {logging_mixin.py:190} INFO - [2026-07-19T15:15:00.710+0000] {dagbag.py:587} INFO - Filling up the DagBag from /opt/airflow/dags/sanity_checks.py
[2026-07-19T15:15:00.726+0000] {processor.py:925} INFO - DAG(s) 'airflow_sanity_check' retrieved from /opt/airflow/dags/sanity_checks.py
[2026-07-19T15:15:00.768+0000] {logging_mixin.py:190} INFO - [2026-07-19T15:15:00.767+0000] {dag.py:3211} INFO - Sync 1 DAGs
[2026-07-19T15:15:00.789+0000] {logging_mixin.py:190} INFO - [2026-07-19T15:15:00.789+0000] {dag.py:4138} INFO - Setting next_dagrun for airflow_sanity_check to None, run_after=None
[2026-07-19T15:15:00.817+0000] {processor.py:208} INFO - Processing /opt/airflow/dags/sanity_checks.py took 0.120 seconds
[2026-07-19T15:15:31.154+0000] {processor.py:186} INFO - Started process (PID=31808) to work on /opt/airflow/dags/sanity_checks.py
[2026-07-19T15:15:31.156+0000] {processor.py:914} INFO - Processing file /opt/airflow/dags/sanity_checks.py for tasks to queue
[2026-07-19T15:15:31.163+0000] {logging_mixin.py:190} INFO - [2026-07-19T15:15:31.162+0000] {dagbag.py:587} INFO - Filling up the DagBag from /opt/airflow/dags/sanity_checks.py
[2026-07-19T15:15:31.181+0000] {processor.py:925} INFO - DAG(s) 'airflow_sanity_check' retrieved from /opt/airflow/dags/sanity_checks.py
[2026-07-19T15:15:31.230+0000] {logging_mixin.py:190} INFO - [2026-07-19T15:15:31.230+0000] {dag.py:3211} INFO - Sync 1 DAGs
[2026-07-19T15:15:31.255+0000] {logging_mixin.py:190} INFO - [2026-07-19T15:15:31.255+0000] {dag.py:4138} INFO - Setting next_dagrun for airflow_sanity_check to None, run_after=None
[2026-07-19T15:15:31.284+0000] {processor.py:208} INFO - Processing /opt/airflow/dags/sanity_checks.py took 0.142 seconds
[2026-07-19T15:16:01.669+0000] {processor.py:186} INFO - Started process (PID=31818) to work on /opt/airflow/dags/sanity_checks.py
[2026-07-19T15:16:01.671+0000] {processor.py:914} INFO - Processing file /opt/airflow/dags/sanity_checks.py for tasks to queue
[2026-07-19T15:16:01.675+0000] {logging_mixin.py:190} INFO - [2026-07-19T15:16:01.675+0000] {dagbag.py:587} INFO - Filling up the DagBag from /opt/airflow/dags/sanity_checks.py
[2026-07-19T15:16:01.690+0000] {processor.py:925} INFO - DAG(s) 'airflow_sanity_check' retrieved from /opt/airflow/dags/sanity_checks.py
[2026-07-19T15:16:01.732+0000] {logging_mixin.py:190} INFO - [2026-07-19T15:16:01.731+0000] {dag.py:3211} INFO - Sync 1 DAGs
[2026-07-19T15:16:01.754+0000] {logging_mixin.py:190} INFO - [2026-07-19T15:16:01.753+0000] {dag.py:4138} INFO - Setting next_dagrun for airflow_sanity_check to None, run_after=None
[2026-07-19T15:16:01.782+0000] {processor.py:208} INFO - Processing /opt/airflow/dags/sanity_checks.py took 0.121 seconds
[2026-07-19T15:16:32.106+0000] {processor.py:186} INFO - Started process (PID=31828) to work on /opt/airflow/dags/sanity_checks.py
[2026-07-19T15:16:32.107+0000] {processor.py:914} INFO - Processing file /opt/airflow/dags/sanity_checks.py for tasks to queue
[2026-07-19T15:16:32.111+0000] {logging_mixin.py:190} INFO - [2026-07-19T15:16:32.110+0000] {dagbag.py:587} INFO - Filling up the DagBag from /opt/airflow/dags/sanity_checks.py
[2026-07-19T15:16:32.125+0000] {processor.py:925} INFO - DAG(s) 'airflow_sanity_check' retrieved from /opt/airflow/dags/sanity_checks.py
[2026-07-19T15:16:32.167+0000] {logging_mixin.py:190} INFO - [2026-07-19T15:16:32.167+0000] {dag.py:3211} INFO - Sync 1 DAGs
[2026-07-19T15:16:32.188+0000] {logging_mixin.py:190} INFO - [2026-07-19T15:16:32.188+0000] {dag.py:4138} INFO - Setting next_dagrun for airflow_sanity_check to None, run_after=None
[2026-07-19T15:16:32.213+0000] {processor.py:208} INFO - Processing /opt/airflow/dags/sanity_checks.py took 0.117 seconds
[2026-07-19T15:17:02.590+0000] {processor.py:186} INFO - Started process (PID=31838) to work on /opt/airflow/dags/sanity_checks.py
[2026-07-19T15:17:02.591+0000] {processor.py:914} INFO - Processing file /opt/airflow/dags/sanity_checks.py for tasks to queue
[2026-07-19T15:17:02.594+0000] {logging_mixin.py:190} INFO - [2026-07-19T15:17:02.594+0000] {dagbag.py:587} INFO - Filling up the DagBag from /opt/airflow/dags/sanity_checks.py
[2026-07-19T15:17:02.609+0000] {processor.py:925} INFO - DAG(s) 'airflow_sanity_check' retrieved from /opt/airflow/dags/sanity_checks.py
[2026-07-19T15:17:02.651+0000] {logging_mixin.py:190} INFO - [2026-07-19T15:17:02.651+0000] {dag.py:3211} INFO - Sync 1 DAGs
[2026-07-19T15:17:02.673+0000] {logging_mixin.py:190} INFO - [2026-07-19T15:17:02.672+0000] {dag.py:4138} INFO - Setting next_dagrun for airflow_sanity_check to None, run_after=None
[2026-07-19T15:17:02.701+0000] {processor.py:208} INFO - Processing /opt/airflow/dags/sanity_checks.py took 0.122 seconds
[2026-07-19T15:17:33.045+0000] {processor.py:186} INFO - Started process (PID=31848) to work on /opt/airflow/dags/sanity_checks.py
[2026-07-19T15:17:33.047+0000] {processor.py:914} INFO - Processing file /opt/airflow/dags/sanity_checks.py for tasks to queue
[2026-07-19T15:17:33.050+0000] {logging_mixin.py:190} INFO - [2026-07-19T15:17:33.050+0000] {dagbag.py:587} INFO - Filling up the DagBag from /opt/airflow/dags/sanity_checks.py
[2026-07-19T15:17:33.066+0000] {processor.py:925} INFO - DAG(s) 'airflow_sanity_check' retrieved from /opt/airflow/dags/sanity_checks.py
[2026-07-19T15:17:33.107+0000] {logging_mixin.py:190} INFO - [2026-07-19T15:17:33.107+0000] {dag.py:3211} INFO - Sync 1 DAGs
[2026-07-19T15:17:33.129+0000] {logging_mixin.py:190} INFO - [2026-07-19T15:17:33.129+0000] {dag.py:4138} INFO - Setting next_dagrun for airflow_sanity_check to None, run_after=None
[2026-07-19T15:17:33.156+0000] {processor.py:208} INFO - Processing /opt/airflow/dags/sanity_checks.py took 0.119 seconds
[2026-07-19T15:18:03.605+0000] {processor.py:186} INFO - Started process (PID=31858) to work on /opt/airflow/dags/sanity_checks.py
[2026-07-19T15:18:03.606+0000] {processor.py:914} INFO - Processing file /opt/airflow/dags/sanity_checks.py for tasks to queue
[2026-07-19T15:18:03.610+0000] {logging_mixin.py:190} INFO - [2026-07-19T15:18:03.610+0000] {dagbag.py:587} INFO - Filling up the DagBag from /opt/airflow/dags/sanity_checks.py
[2026-07-19T15:18:03.625+0000] {processor.py:925} INFO - DAG(s) 'airflow_sanity_check' retrieved from /opt/airflow/dags/sanity_checks.py
[2026-07-19T15:18:03.670+0000] {logging_mixin.py:190} INFO - [2026-07-19T15:18:03.670+0000] {dag.py:3211} INFO - Sync 1 DAGs
[2026-07-19T15:18:03.692+0000] {logging_mixin.py:190} INFO - [2026-07-19T15:18:03.692+0000] {dag.py:4138} INFO - Setting next_dagrun for airflow_sanity_check to None, run_after=None
[2026-07-19T15:18:03.720+0000] {processor.py:208} INFO - Processing /opt/airflow/dags/sanity_checks.py took 0.125 seconds
[2026-07-19T15:18:34.051+0000] {processor.py:186} INFO - Started process (PID=31868) to work on /opt/airflow/dags/sanity_checks.py
[2026-07-19T15:18:34.053+0000] {processor.py:914} INFO - Processing file /opt/airflow/dags/sanity_checks.py for tasks to queue
[2026-07-19T15:18:34.057+0000] {logging_mixin.py:190} INFO - [2026-07-19T15:18:34.057+0000] {dagbag.py:587} INFO - Filling up the DagBag from /opt/airflow/dags/sanity_checks.py
[2026-07-19T15:18:34.077+0000] {processor.py:925} INFO - DAG(s) 'airflow_sanity_check' retrieved from /opt/airflow/dags/sanity_checks.py
[2026-07-19T15:18:34.126+0000] {logging_mixin.py:190} INFO - [2026-07-19T15:18:34.126+0000] {dag.py:3211} INFO - Sync 1 DAGs
[2026-07-19T15:18:34.150+0000] {logging_mixin.py:190} INFO - [2026-07-19T15:18:34.150+0000] {dag.py:4138} INFO - Setting next_dagrun for airflow_sanity_check to None, run_after=None
[2026-07-19T15:18:34.177+0000] {processor.py:208} INFO - Processing /opt/airflow/dags/sanity_checks.py took 0.136 seconds
[2026-07-19T15:19:04.551+0000] {processor.py:186} INFO - Started process (PID=31878) to work on /opt/airflow/dags/sanity_checks.py
[2026-07-19T15:19:04.560+0000] {processor.py:914} INFO - Processing file /opt/airflow/dags/sanity_checks.py for tasks to queue
[2026-07-19T15:19:04.568+0000] {logging_mixin.py:190} INFO - [2026-07-19T15:19:04.567+0000] {dagbag.py:587} INFO - Filling up the DagBag from /opt/airflow/dags/sanity_checks.py
[2026-07-19T15:19:04.585+0000] {processor.py:925} INFO - DAG(s) 'airflow_sanity_check' retrieved from /opt/airflow/dags/sanity_checks.py
[2026-07-19T15:19:04.632+0000] {logging_mixin.py:190} INFO - [2026-07-19T15:19:04.631+0000] {dag.py:3211} INFO - Sync 1 DAGs
[2026-07-19T15:19:04.655+0000] {logging_mixin.py:190} INFO - [2026-07-19T15:19:04.655+0000] {dag.py:4138} INFO - Setting next_dagrun for airflow_sanity_check to None, run_after=None
[2026-07-19T15:19:04.682+0000] {processor.py:208} INFO - Processing /opt/airflow/dags/sanity_checks.py took 0.141 seconds
[2026-07-19T15:19:35.009+0000] {processor.py:186} INFO - Started process (PID=31888) to work on /opt/airflow/dags/sanity_checks.py
[2026-07-19T15:19:35.010+0000] {processor.py:914} INFO - Processing file /opt/airflow/dags/sanity_checks.py for tasks to queue
[2026-07-19T15:19:35.014+0000] {logging_mixin.py:190} INFO - [2026-07-19T15:19:35.013+0000] {dagbag.py:587} INFO - Filling up the DagBag from /opt/airflow/dags/sanity_checks.py
[2026-07-19T15:19:35.029+0000] {processor.py:925} INFO - DAG(s) 'airflow_sanity_check' retrieved from /opt/airflow/dags/sanity_checks.py
[2026-07-19T15:19:35.071+0000] {logging_mixin.py:190} INFO - [2026-07-19T15:19:35.070+0000] {dag.py:3211} INFO - Sync 1 DAGs
[2026-07-19T15:19:35.092+0000] {logging_mixin.py:190} INFO - [2026-07-19T15:19:35.092+0000] {dag.py:4138} INFO - Setting next_dagrun for airflow_sanity_check to None, run_after=None
[2026-07-19T15:19:35.119+0000] {processor.py:208} INFO - Processing /opt/airflow/dags/sanity_checks.py took 0.120 seconds
[2026-07-19T15:20:05.440+0000] {processor.py:186} INFO - Started process (PID=31898) to work on /opt/airflow/dags/sanity_checks.py
[2026-07-19T15:20:05.442+0000] {processor.py:914} INFO - Processing file /opt/airflow/dags/sanity_checks.py for tasks to queue
[2026-07-19T15:20:05.445+0000] {logging_mixin.py:190} INFO - [2026-07-19T15:20:05.445+0000] {dagbag.py:587} INFO - Filling up the DagBag from /opt/airflow/dags/sanity_checks.py
[2026-07-19T15:20:05.460+0000] {processor.py:925} INFO - DAG(s) 'airflow_sanity_check' retrieved from /opt/airflow/dags/sanity_checks.py
[2026-07-19T15:20:05.502+0000] {logging_mixin.py:190} INFO - [2026-07-19T15:20:05.501+0000] {dag.py:3211} INFO - Sync 1 DAGs
[2026-07-19T15:20:05.524+0000] {logging_mixin.py:190} INFO - [2026-07-19T15:20:05.523+0000] {dag.py:4138} INFO - Setting next_dagrun for airflow_sanity_check to None, run_after=None
[2026-07-19T15:20:05.552+0000] {processor.py:208} INFO - Processing /opt/airflow/dags/sanity_checks.py took 0.122 seconds
[2026-07-19T15:20:35.880+0000] {processor.py:186} INFO - Started process (PID=31908) to work on /opt/airflow/dags/sanity_checks.py
[2026-07-19T15:20:35.881+0000] {processor.py:914} INFO - Processing file /opt/airflow/dags/sanity_checks.py for tasks to queue
[2026-07-19T15:20:35.885+0000] {logging_mixin.py:190} INFO - [2026-07-19T15:20:35.884+0000] {dagbag.py:587} INFO - Filling up the DagBag from /opt/airflow/dags/sanity_checks.py
[2026-07-19T15:20:35.901+0000] {processor.py:925} INFO - DAG(s) 'airflow_sanity_check' retrieved from /opt/airflow/dags/sanity_checks.py
[2026-07-19T15:20:35.944+0000] {logging_mixin.py:190} INFO - [2026-07-19T15:20:35.943+0000] {dag.py:3211} INFO - Sync 1 DAGs
[2026-07-19T15:20:35.966+0000] {logging_mixin.py:190} INFO - [2026-07-19T15:20:35.965+0000] {dag.py:4138} INFO - Setting next_dagrun for airflow_sanity_check to None, run_after=None
[2026-07-19T15:20:35.997+0000] {processor.py:208} INFO - Processing /opt/airflow/dags/sanity_checks.py took 0.126 seconds
[2026-07-19T15:21:06.338+0000] {processor.py:186} INFO - Started process (PID=31918) to work on /opt/airflow/dags/sanity_checks.py
[2026-07-19T15:21:06.340+0000] {processor.py:914} INFO - Processing file /opt/airflow/dags/sanity_checks.py for tasks to queue
[2026-07-19T15:21:06.343+0000] {logging_mixin.py:190} INFO - [2026-07-19T15:21:06.343+0000] {dagbag.py:587} INFO - Filling up the DagBag from /opt/airflow/dags/sanity_checks.py
[2026-07-19T15:21:06.359+0000] {processor.py:925} INFO - DAG(s) 'airflow_sanity_check' retrieved from /opt/airflow/dags/sanity_checks.py
[2026-07-19T15:21:06.400+0000] {logging_mixin.py:190} INFO - [2026-07-19T15:21:06.400+0000] {dag.py:3211} INFO - Sync 1 DAGs
[2026-07-19T15:21:06.422+0000] {logging_mixin.py:190} INFO - [2026-07-19T15:21:06.421+0000] {dag.py:4138} INFO - Setting next_dagrun for airflow_sanity_check to None, run_after=None
[2026-07-19T15:21:06.451+0000] {processor.py:208} INFO - Processing /opt/airflow/dags/sanity_checks.py took 0.121 seconds
[2026-07-19T15:21:36.788+0000] {processor.py:186} INFO - Started process (PID=31928) to work on /opt/airflow/dags/sanity_checks.py
[2026-07-19T15:21:36.790+0000] {processor.py:914} INFO - Processing file /opt/airflow/dags/sanity_checks.py for tasks to queue
[2026-07-19T15:21:36.794+0000] {logging_mixin.py:190} INFO - [2026-07-19T15:21:36.793+0000] {dagbag.py:587} INFO - Filling up the DagBag from /opt/airflow/dags/sanity_checks.py
[2026-07-19T15:21:36.811+0000] {processor.py:925} INFO - DAG(s) 'airflow_sanity_check' retrieved from /opt/airflow/dags/sanity_checks.py
[2026-07-19T15:21:36.864+0000] {logging_mixin.py:190} INFO - [2026-07-19T15:21:36.864+0000] {dag.py:3211} INFO - Sync 1 DAGs
[2026-07-19T15:21:36.889+0000] {logging_mixin.py:190} INFO - [2026-07-19T15:21:36.889+0000] {dag.py:4138} INFO - Setting next_dagrun for airflow_sanity_check to None, run_after=None
[2026-07-19T15:21:36.916+0000] {processor.py:208} INFO - Processing /opt/airflow/dags/sanity_checks.py took 0.137 seconds
[2026-07-19T15:22:07.213+0000] {processor.py:186} INFO - Started process (PID=31938) to work on /opt/airflow/dags/sanity_checks.py
[2026-07-19T15:22:07.214+0000] {processor.py:914} INFO - Processing file /opt/airflow/dags/sanity_checks.py for tasks to queue
[2026-07-19T15:22:07.219+0000] {logging_mixin.py:190} INFO - [2026-07-19T15:22:07.219+0000] {dagbag.py:587} INFO - Filling up the DagBag from /opt/airflow/dags/sanity_checks.py
[2026-07-19T15:22:07.234+0000] {processor.py:925} INFO - DAG(s) 'airflow_sanity_check' retrieved from /opt/airflow/dags/sanity_checks.py
[2026-07-19T15:22:07.276+0000] {logging_mixin.py:190} INFO - [2026-07-19T15:22:07.276+0000] {dag.py:3211} INFO - Sync 1 DAGs
[2026-07-19T15:22:07.297+0000] {logging_mixin.py:190} INFO - [2026-07-19T15:22:07.297+0000] {dag.py:4138} INFO - Setting next_dagrun for airflow_sanity_check to None, run_after=None
[2026-07-19T15:22:07.324+0000] {processor.py:208} INFO - Processing /opt/airflow/dags/sanity_checks.py took 0.120 seconds
[2026-07-19T15:22:37.645+0000] {processor.py:186} INFO - Started process (PID=31948) to work on /opt/airflow/dags/sanity_checks.py
[2026-07-19T15:22:37.647+0000] {processor.py:914} INFO - Processing file /opt/airflow/dags/sanity_checks.py for tasks to queue
[2026-07-19T15:22:37.651+0000] {logging_mixin.py:190} INFO - [2026-07-19T15:22:37.650+0000] {dagbag.py:587} INFO - Filling up the DagBag from /opt/airflow/dags/sanity_checks.py
[2026-07-19T15:22:37.666+0000] {processor.py:925} INFO - DAG(s) 'airflow_sanity_check' retrieved from /opt/airflow/dags/sanity_checks.py
[2026-07-19T15:22:37.708+0000] {logging_mixin.py:190} INFO - [2026-07-19T15:22:37.708+0000] {dag.py:3211} INFO - Sync 1 DAGs
[2026-07-19T15:22:37.739+0000] {logging_mixin.py:190} INFO - [2026-07-19T15:22:37.738+0000] {dag.py:4138} INFO - Setting next_dagrun for airflow_sanity_check to None, run_after=None
[2026-07-19T15:22:37.764+0000] {processor.py:208} INFO - Processing /opt/airflow/dags/sanity_checks.py took 0.129 seconds
[2026-07-19T15:23:08.098+0000] {processor.py:186} INFO - Started process (PID=31958) to work on /opt/airflow/dags/sanity_checks.py
[2026-07-19T15:23:08.099+0000] {processor.py:914} INFO - Processing file /opt/airflow/dags/sanity_checks.py for tasks to queue
[2026-07-19T15:23:08.102+0000] {logging_mixin.py:190} INFO - [2026-07-19T15:23:08.102+0000] {dagbag.py:587} INFO - Filling up the DagBag from /opt/airflow/dags/sanity_checks.py
[2026-07-19T15:23:08.118+0000] {processor.py:925} INFO - DAG(s) 'airflow_sanity_check' retrieved from /opt/airflow/dags/sanity_checks.py
[2026-07-19T15:23:08.160+0000] {logging_mixin.py:190} INFO - [2026-07-19T15:23:08.159+0000] {dag.py:3211} INFO - Sync 1 DAGs
[2026-07-19T15:23:08.181+0000] {logging_mixin.py:190} INFO - [2026-07-19T15:23:08.181+0000] {dag.py:4138} INFO - Setting next_dagrun for airflow_sanity_check to None, run_after=None
[2026-07-19T15:23:08.210+0000] {processor.py:208} INFO - Processing /opt/airflow/dags/sanity_checks.py took 0.121 seconds
[2026-07-19T15:23:38.540+0000] {processor.py:186} INFO - Started process (PID=31968) to work on /opt/airflow/dags/sanity_checks.py
[2026-07-19T15:23:38.543+0000] {processor.py:914} INFO - Processing file /opt/airflow/dags/sanity_checks.py for tasks to queue
[2026-07-19T15:23:38.548+0000] {logging_mixin.py:190} INFO - [2026-07-19T15:23:38.547+0000] {dagbag.py:587} INFO - Filling up the DagBag from /opt/airflow/dags/sanity_checks.py
[2026-07-19T15:23:38.565+0000] {processor.py:925} INFO - DAG(s) 'airflow_sanity_check' retrieved from /opt/airflow/dags/sanity_checks.py
[2026-07-19T15:23:38.609+0000] {logging_mixin.py:190} INFO - [2026-07-19T15:23:38.608+0000] {dag.py:3211} INFO - Sync 1 DAGs
[2026-07-19T15:23:38.632+0000] {logging_mixin.py:190} INFO - [2026-07-19T15:23:38.631+0000] {dag.py:4138} INFO - Setting next_dagrun for airflow_sanity_check to None, run_after=None
[2026-07-19T15:23:38.657+0000] {processor.py:208} INFO - Processing /opt/airflow/dags/sanity_checks.py took 0.133 seconds
[2026-07-19T15:24:08.968+0000] {processor.py:186} INFO - Started process (PID=31978) to work on /opt/airflow/dags/sanity_checks.py
[2026-07-19T15:24:08.970+0000] {processor.py:914} INFO - Processing file /opt/airflow/dags/sanity_checks.py for tasks to queue
[2026-07-19T15:24:08.973+0000] {logging_mixin.py:190} INFO - [2026-07-19T15:24:08.973+0000] {dagbag.py:587} INFO - Filling up the DagBag from /opt/airflow/dags/sanity_checks.py
[2026-07-19T15:24:08.989+0000] {processor.py:925} INFO - DAG(s) 'airflow_sanity_check' retrieved from /opt/airflow/dags/sanity_checks.py
[2026-07-19T15:24:09.031+0000] {logging_mixin.py:190} INFO - [2026-07-19T15:24:09.031+0000] {dag.py:3211} INFO - Sync 1 DAGs
[2026-07-19T15:24:09.054+0000] {logging_mixin.py:190} INFO - [2026-07-19T15:24:09.054+0000] {dag.py:4138} INFO - Setting next_dagrun for airflow_sanity_check to None, run_after=None
[2026-07-19T15:24:09.079+0000] {processor.py:208} INFO - Processing /opt/airflow/dags/sanity_checks.py took 0.120 seconds
[2026-07-19T15:24:39.400+0000] {processor.py:186} INFO - Started process (PID=31988) to work on /opt/airflow/dags/sanity_checks.py
[2026-07-19T15:24:39.401+0000] {processor.py:914} INFO - Processing file /opt/airflow/dags/sanity_checks.py for tasks to queue
[2026-07-19T15:24:39.406+0000] {logging_mixin.py:190} INFO - [2026-07-19T15:24:39.405+0000] {dagbag.py:587} INFO - Filling up the DagBag from /opt/airflow/dags/sanity_checks.py
[2026-07-19T15:24:39.422+0000] {processor.py:925} INFO - DAG(s) 'airflow_sanity_check' retrieved from /opt/airflow/dags/sanity_checks.py
[2026-07-19T15:24:39.464+0000] {logging_mixin.py:190} INFO - [2026-07-19T15:24:39.463+0000] {dag.py:3211} INFO - Sync 1 DAGs
[2026-07-19T15:24:39.486+0000] {logging_mixin.py:190} INFO - [2026-07-19T15:24:39.485+0000] {dag.py:4138} INFO - Setting next_dagrun for airflow_sanity_check to None, run_after=None
[2026-07-19T15:24:39.514+0000] {processor.py:208} INFO - Processing /opt/airflow/dags/sanity_checks.py took 0.124 seconds
[2026-07-19T15:25:09.853+0000] {processor.py:186} INFO - Started process (PID=31998) to work on /opt/airflow/dags/sanity_checks.py
[2026-07-19T15:25:09.857+0000] {processor.py:914} INFO - Processing file /opt/airflow/dags/sanity_checks.py for tasks to queue
[2026-07-19T15:25:09.864+0000] {logging_mixin.py:190} INFO - [2026-07-19T15:25:09.864+0000] {dagbag.py:587} INFO - Filling up the DagBag from /opt/airflow/dags/sanity_checks.py
[2026-07-19T15:25:10.036+0000] {processor.py:925} INFO - DAG(s) 'airflow_sanity_check' retrieved from /opt/airflow/dags/sanity_checks.py
[2026-07-19T15:25:10.378+0000] {logging_mixin.py:190} INFO - [2026-07-19T15:25:10.378+0000] {dag.py:3211} INFO - Sync 1 DAGs
[2026-07-19T15:25:10.408+0000] {logging_mixin.py:190} INFO - [2026-07-19T15:25:10.408+0000] {dag.py:4138} INFO - Setting next_dagrun for airflow_sanity_check to None, run_after=None
[2026-07-19T15:25:10.438+0000] {processor.py:208} INFO - Processing /opt/airflow/dags/sanity_checks.py took 0.605 seconds
[2026-07-19T15:25:40.792+0000] {processor.py:186} INFO - Started process (PID=32008) to work on /opt/airflow/dags/sanity_checks.py
[2026-07-19T15:25:40.793+0000] {processor.py:914} INFO - Processing file /opt/airflow/dags/sanity_checks.py for tasks to queue
[2026-07-19T15:25:40.797+0000] {logging_mixin.py:190} INFO - [2026-07-19T15:25:40.796+0000] {dagbag.py:587} INFO - Filling up the DagBag from /opt/airflow/dags/sanity_checks.py
[2026-07-19T15:25:40.812+0000] {processor.py:925} INFO - DAG(s) 'airflow_sanity_check' retrieved from /opt/airflow/dags/sanity_checks.py
[2026-07-19T15:25:40.854+0000] {logging_mixin.py:190} INFO - [2026-07-19T15:25:40.853+0000] {dag.py:3211} INFO - Sync 1 DAGs
[2026-07-19T15:25:40.875+0000] {logging_mixin.py:190} INFO - [2026-07-19T15:25:40.875+0000] {dag.py:4138} INFO - Setting next_dagrun for airflow_sanity_check to None, run_after=None
[2026-07-19T15:25:40.903+0000] {processor.py:208} INFO - Processing /opt/airflow/dags/sanity_checks.py took 0.121 seconds
[2026-07-19T15:26:11.309+0000] {processor.py:186} INFO - Started process (PID=32018) to work on /opt/airflow/dags/sanity_checks.py
[2026-07-19T15:26:11.310+0000] {processor.py:914} INFO - Processing file /opt/airflow/dags/sanity_checks.py for tasks to queue
[2026-07-19T15:26:11.314+0000] {logging_mixin.py:190} INFO - [2026-07-19T15:26:11.313+0000] {dagbag.py:587} INFO - Filling up the DagBag from /opt/airflow/dags/sanity_checks.py
[2026-07-19T15:26:11.329+0000] {processor.py:925} INFO - DAG(s) 'airflow_sanity_check' retrieved from /opt/airflow/dags/sanity_checks.py
[2026-07-19T15:26:11.370+0000] {logging_mixin.py:190} INFO - [2026-07-19T15:26:11.370+0000] {dag.py:3211} INFO - Sync 1 DAGs
[2026-07-19T15:26:11.392+0000] {logging_mixin.py:190} INFO - [2026-07-19T15:26:11.392+0000] {dag.py:4138} INFO - Setting next_dagrun for airflow_sanity_check to None, run_after=None
[2026-07-19T15:26:11.418+0000] {processor.py:208} INFO - Processing /opt/airflow/dags/sanity_checks.py took 0.119 seconds
[2026-07-19T15:26:41.753+0000] {processor.py:186} INFO - Started process (PID=32028) to work on /opt/airflow/dags/sanity_checks.py
[2026-07-19T15:26:41.755+0000] {processor.py:914} INFO - Processing file /opt/airflow/dags/sanity_checks.py for tasks to queue
[2026-07-19T15:26:41.758+0000] {logging_mixin.py:190} INFO - [2026-07-19T15:26:41.758+0000] {dagbag.py:587} INFO - Filling up the DagBag from /opt/airflow/dags/sanity_checks.py
[2026-07-19T15:26:41.775+0000] {processor.py:925} INFO - DAG(s) 'airflow_sanity_check' retrieved from /opt/airflow/dags/sanity_checks.py
[2026-07-19T15:26:41.822+0000] {logging_mixin.py:190} INFO - [2026-07-19T15:26:41.822+0000] {dag.py:3211} INFO - Sync 1 DAGs
[2026-07-19T15:26:41.845+0000] {logging_mixin.py:190} INFO - [2026-07-19T15:26:41.845+0000] {dag.py:4138} INFO - Setting next_dagrun for airflow_sanity_check to None, run_after=None
[2026-07-19T15:26:41.873+0000] {processor.py:208} INFO - Processing /opt/airflow/dags/sanity_checks.py took 0.131 seconds
[2026-07-19T15:27:12.205+0000] {processor.py:186} INFO - Started process (PID=32038) to work on /opt/airflow/dags/sanity_checks.py
[2026-07-19T15:27:12.207+0000] {processor.py:914} INFO - Processing file /opt/airflow/dags/sanity_checks.py for tasks to queue
[2026-07-19T15:27:12.210+0000] {logging_mixin.py:190} INFO - [2026-07-19T15:27:12.210+0000] {dagbag.py:587} INFO - Filling up the DagBag from /opt/airflow/dags/sanity_checks.py
[2026-07-19T15:27:12.226+0000] {processor.py:925} INFO - DAG(s) 'airflow_sanity_check' retrieved from /opt/airflow/dags/sanity_checks.py
[2026-07-19T15:27:12.267+0000] {logging_mixin.py:190} INFO - [2026-07-19T15:27:12.267+0000] {dag.py:3211} INFO - Sync 1 DAGs
[2026-07-19T15:27:12.290+0000] {logging_mixin.py:190} INFO - [2026-07-19T15:27:12.290+0000] {dag.py:4138} INFO - Setting next_dagrun for airflow_sanity_check to None, run_after=None
[2026-07-19T15:27:12.315+0000] {processor.py:208} INFO - Processing /opt/airflow/dags/sanity_checks.py took 0.119 seconds
[2026-07-19T15:27:42.633+0000] {processor.py:186} INFO - Started process (PID=32048) to work on /opt/airflow/dags/sanity_checks.py
[2026-07-19T15:27:42.634+0000] {processor.py:914} INFO - Processing file /opt/airflow/dags/sanity_checks.py for tasks to queue
[2026-07-19T15:27:42.638+0000] {logging_mixin.py:190} INFO - [2026-07-19T15:27:42.637+0000] {dagbag.py:587} INFO - Filling up the DagBag from /opt/airflow/dags/sanity_checks.py
[2026-07-19T15:27:42.653+0000] {processor.py:925} INFO - DAG(s) 'airflow_sanity_check' retrieved from /opt/airflow/dags/sanity_checks.py
[2026-07-19T15:27:42.696+0000] {logging_mixin.py:190} INFO - [2026-07-19T15:27:42.696+0000] {dag.py:3211} INFO - Sync 1 DAGs
[2026-07-19T15:27:42.718+0000] {logging_mixin.py:190} INFO - [2026-07-19T15:27:42.717+0000] {dag.py:4138} INFO - Setting next_dagrun for airflow_sanity_check to None, run_after=None
[2026-07-19T15:27:42.743+0000] {processor.py:208} INFO - Processing /opt/airflow/dags/sanity_checks.py took 0.120 seconds
[2026-07-19T15:28:13.105+0000] {processor.py:186} INFO - Started process (PID=32058) to work on /opt/airflow/dags/sanity_checks.py
[2026-07-19T15:28:13.106+0000] {processor.py:914} INFO - Processing file /opt/airflow/dags/sanity_checks.py for tasks to queue
[2026-07-19T15:28:13.112+0000] {logging_mixin.py:190} INFO - [2026-07-19T15:28:13.111+0000] {dagbag.py:587} INFO - Filling up the DagBag from /opt/airflow/dags/sanity_checks.py
[2026-07-19T15:28:13.133+0000] {processor.py:925} INFO - DAG(s) 'airflow_sanity_check' retrieved from /opt/airflow/dags/sanity_checks.py
[2026-07-19T15:28:13.184+0000] {logging_mixin.py:190} INFO - [2026-07-19T15:28:13.183+0000] {dag.py:3211} INFO - Sync 1 DAGs
[2026-07-19T15:28:13.231+0000] {logging_mixin.py:190} INFO - [2026-07-19T15:28:13.231+0000] {dag.py:4138} INFO - Setting next_dagrun for airflow_sanity_check to None, run_after=None
[2026-07-19T15:28:13.390+0000] {processor.py:208} INFO - Processing /opt/airflow/dags/sanity_checks.py took 0.297 seconds
[2026-07-19T15:28:43.738+0000] {processor.py:186} INFO - Started process (PID=32068) to work on /opt/airflow/dags/sanity_checks.py
[2026-07-19T15:28:43.740+0000] {processor.py:914} INFO - Processing file /opt/airflow/dags/sanity_checks.py for tasks to queue
[2026-07-19T15:28:43.743+0000] {logging_mixin.py:190} INFO - [2026-07-19T15:28:43.743+0000] {dagbag.py:587} INFO - Filling up the DagBag from /opt/airflow/dags/sanity_checks.py
[2026-07-19T15:28:43.759+0000] {processor.py:925} INFO - DAG(s) 'airflow_sanity_check' retrieved from /opt/airflow/dags/sanity_checks.py
[2026-07-19T15:28:43.800+0000] {logging_mixin.py:190} INFO - [2026-07-19T15:28:43.800+0000] {dag.py:3211} INFO - Sync 1 DAGs
[2026-07-19T15:28:43.826+0000] {logging_mixin.py:190} INFO - [2026-07-19T15:28:43.826+0000] {dag.py:4138} INFO - Setting next_dagrun for airflow_sanity_check to None, run_after=None
[2026-07-19T15:28:43.889+0000] {processor.py:208} INFO - Processing /opt/airflow/dags/sanity_checks.py took 0.162 seconds
[2026-07-19T15:29:14.221+0000] {processor.py:186} INFO - Started process (PID=32078) to work on /opt/airflow/dags/sanity_checks.py
[2026-07-19T15:29:14.223+0000] {processor.py:914} INFO - Processing file /opt/airflow/dags/sanity_checks.py for tasks to queue
[2026-07-19T15:29:14.227+0000] {logging_mixin.py:190} INFO - [2026-07-19T15:29:14.226+0000] {dagbag.py:587} INFO - Filling up the DagBag from /opt/airflow/dags/sanity_checks.py
[2026-07-19T15:29:14.242+0000] {processor.py:925} INFO - DAG(s) 'airflow_sanity_check' retrieved from /opt/airflow/dags/sanity_checks.py
[2026-07-19T15:29:14.282+0000] {logging_mixin.py:190} INFO - [2026-07-19T15:29:14.282+0000] {dag.py:3211} INFO - Sync 1 DAGs
[2026-07-19T15:29:14.304+0000] {logging_mixin.py:190} INFO - [2026-07-19T15:29:14.303+0000] {dag.py:4138} INFO - Setting next_dagrun for airflow_sanity_check to None, run_after=None
[2026-07-19T15:29:14.333+0000] {processor.py:208} INFO - Processing /opt/airflow/dags/sanity_checks.py took 0.121 seconds
[2026-07-19T15:29:44.660+0000] {processor.py:186} INFO - Started process (PID=32088) to work on /opt/airflow/dags/sanity_checks.py
[2026-07-19T15:29:44.661+0000] {processor.py:914} INFO - Processing file /opt/airflow/dags/sanity_checks.py for tasks to queue
[2026-07-19T15:29:44.666+0000] {logging_mixin.py:190} INFO - [2026-07-19T15:29:44.665+0000] {dagbag.py:587} INFO - Filling up the DagBag from /opt/airflow/dags/sanity_checks.py
[2026-07-19T15:29:44.681+0000] {processor.py:925} INFO - DAG(s) 'airflow_sanity_check' retrieved from /opt/airflow/dags/sanity_checks.py
[2026-07-19T15:29:44.723+0000] {logging_mixin.py:190} INFO - [2026-07-19T15:29:44.723+0000] {dag.py:3211} INFO - Sync 1 DAGs
[2026-07-19T15:29:44.745+0000] {logging_mixin.py:190} INFO - [2026-07-19T15:29:44.745+0000] {dag.py:4138} INFO - Setting next_dagrun for airflow_sanity_check to None, run_after=None
[2026-07-19T15:29:44.772+0000] {processor.py:208} INFO - Processing /opt/airflow/dags/sanity_checks.py took 0.121 seconds
[2026-07-19T15:30:15.090+0000] {processor.py:186} INFO - Started process (PID=32098) to work on /opt/airflow/dags/sanity_checks.py
[2026-07-19T15:30:15.092+0000] {processor.py:914} INFO - Processing file /opt/airflow/dags/sanity_checks.py for tasks to queue
[2026-07-19T15:30:15.095+0000] {logging_mixin.py:190} INFO - [2026-07-19T15:30:15.095+0000] {dagbag.py:587} INFO - Filling up the DagBag from /opt/airflow/dags/sanity_checks.py
[2026-07-19T15:30:15.115+0000] {processor.py:925} INFO - DAG(s) 'airflow_sanity_check' retrieved from /opt/airflow/dags/sanity_checks.py
[2026-07-19T15:30:15.158+0000] {logging_mixin.py:190} INFO - [2026-07-19T15:30:15.158+0000] {dag.py:3211} INFO - Sync 1 DAGs
[2026-07-19T15:30:15.183+0000] {logging_mixin.py:190} INFO - [2026-07-19T15:30:15.183+0000] {dag.py:4138} INFO - Setting next_dagrun for airflow_sanity_check to None, run_after=None
[2026-07-19T15:30:15.212+0000] {processor.py:208} INFO - Processing /opt/airflow/dags/sanity_checks.py took 0.131 seconds
[2026-07-19T15:30:45.533+0000] {processor.py:186} INFO - Started process (PID=32108) to work on /opt/airflow/dags/sanity_checks.py
[2026-07-19T15:30:45.535+0000] {processor.py:914} INFO - Processing file /opt/airflow/dags/sanity_checks.py for tasks to queue
[2026-07-19T15:30:45.538+0000] {logging_mixin.py:190} INFO - [2026-07-19T15:30:45.538+0000] {dagbag.py:587} INFO - Filling up the DagBag from /opt/airflow/dags/sanity_checks.py
[2026-07-19T15:30:45.554+0000] {processor.py:925} INFO - DAG(s) 'airflow_sanity_check' retrieved from /opt/airflow/dags/sanity_checks.py
[2026-07-19T15:30:45.598+0000] {logging_mixin.py:190} INFO - [2026-07-19T15:30:45.598+0000] {dag.py:3211} INFO - Sync 1 DAGs
[2026-07-19T15:30:45.620+0000] {logging_mixin.py:190} INFO - [2026-07-19T15:30:45.620+0000] {dag.py:4138} INFO - Setting next_dagrun for airflow_sanity_check to None, run_after=None
[2026-07-19T15:30:45.648+0000] {processor.py:208} INFO - Processing /opt/airflow/dags/sanity_checks.py took 0.125 seconds
[2026-07-19T15:31:16.034+0000] {processor.py:186} INFO - Started process (PID=32118) to work on /opt/airflow/dags/sanity_checks.py
[2026-07-19T15:31:16.037+0000] {processor.py:914} INFO - Processing file /opt/airflow/dags/sanity_checks.py for tasks to queue
[2026-07-19T15:31:16.042+0000] {logging_mixin.py:190} INFO - [2026-07-19T15:31:16.041+0000] {dagbag.py:587} INFO - Filling up the DagBag from /opt/airflow/dags/sanity_checks.py
[2026-07-19T15:31:16.059+0000] {processor.py:925} INFO - DAG(s) 'airflow_sanity_check' retrieved from /opt/airflow/dags/sanity_checks.py
[2026-07-19T15:31:16.102+0000] {logging_mixin.py:190} INFO - [2026-07-19T15:31:16.101+0000] {dag.py:3211} INFO - Sync 1 DAGs
[2026-07-19T15:31:16.123+0000] {logging_mixin.py:190} INFO - [2026-07-19T15:31:16.123+0000] {dag.py:4138} INFO - Setting next_dagrun for airflow_sanity_check to None, run_after=None
[2026-07-19T15:31:16.153+0000] {processor.py:208} INFO - Processing /opt/airflow/dags/sanity_checks.py took 0.136 seconds
[2026-07-19T15:31:46.487+0000] {processor.py:186} INFO - Started process (PID=32128) to work on /opt/airflow/dags/sanity_checks.py
[2026-07-19T15:31:46.488+0000] {processor.py:914} INFO - Processing file /opt/airflow/dags/sanity_checks.py for tasks to queue
[2026-07-19T15:31:46.493+0000] {logging_mixin.py:190} INFO - [2026-07-19T15:31:46.493+0000] {dagbag.py:587} INFO - Filling up the DagBag from /opt/airflow/dags/sanity_checks.py
[2026-07-19T15:31:46.509+0000] {processor.py:925} INFO - DAG(s) 'airflow_sanity_check' retrieved from /opt/airflow/dags/sanity_checks.py
[2026-07-19T15:31:46.553+0000] {logging_mixin.py:190} INFO - [2026-07-19T15:31:46.553+0000] {dag.py:3211} INFO - Sync 1 DAGs
[2026-07-19T15:31:46.576+0000] {logging_mixin.py:190} INFO - [2026-07-19T15:31:46.575+0000] {dag.py:4138} INFO - Setting next_dagrun for airflow_sanity_check to None, run_after=None
[2026-07-19T15:31:46.606+0000] {processor.py:208} INFO - Processing /opt/airflow/dags/sanity_checks.py took 0.128 seconds
[2026-07-19T15:32:16.938+0000] {processor.py:186} INFO - Started process (PID=32138) to work on /opt/airflow/dags/sanity_checks.py
[2026-07-19T15:32:16.940+0000] {processor.py:914} INFO - Processing file /opt/airflow/dags/sanity_checks.py for tasks to queue
[2026-07-19T15:32:16.943+0000] {logging_mixin.py:190} INFO - [2026-07-19T15:32:16.943+0000] {dagbag.py:587} INFO - Filling up the DagBag from /opt/airflow/dags/sanity_checks.py
[2026-07-19T15:32:16.958+0000] {processor.py:925} INFO - DAG(s) 'airflow_sanity_check' retrieved from /opt/airflow/dags/sanity_checks.py
[2026-07-19T15:32:16.999+0000] {logging_mixin.py:190} INFO - [2026-07-19T15:32:16.998+0000] {dag.py:3211} INFO - Sync 1 DAGs
[2026-07-19T15:32:17.020+0000] {logging_mixin.py:190} INFO - [2026-07-19T15:32:17.020+0000] {dag.py:4138} INFO - Setting next_dagrun for airflow_sanity_check to None, run_after=None
[2026-07-19T15:32:17.051+0000] {processor.py:208} INFO - Processing /opt/airflow/dags/sanity_checks.py took 0.122 seconds
[2026-07-19T15:32:47.392+0000] {processor.py:186} INFO - Started process (PID=32148) to work on /opt/airflow/dags/sanity_checks.py
[2026-07-19T15:32:47.393+0000] {processor.py:914} INFO - Processing file /opt/airflow/dags/sanity_checks.py for tasks to queue
[2026-07-19T15:32:47.397+0000] {logging_mixin.py:190} INFO - [2026-07-19T15:32:47.397+0000] {dagbag.py:587} INFO - Filling up the DagBag from /opt/airflow/dags/sanity_checks.py
[2026-07-19T15:32:47.413+0000] {processor.py:925} INFO - DAG(s) 'airflow_sanity_check' retrieved from /opt/airflow/dags/sanity_checks.py
[2026-07-19T15:32:47.458+0000] {logging_mixin.py:190} INFO - [2026-07-19T15:32:47.458+0000] {dag.py:3211} INFO - Sync 1 DAGs
[2026-07-19T15:32:47.481+0000] {logging_mixin.py:190} INFO - [2026-07-19T15:32:47.481+0000] {dag.py:4138} INFO - Setting next_dagrun for airflow_sanity_check to None, run_after=None
[2026-07-19T15:32:47.509+0000] {processor.py:208} INFO - Processing /opt/airflow/dags/sanity_checks.py took 0.126 seconds
[2026-07-19T15:33:17.827+0000] {processor.py:186} INFO - Started process (PID=32158) to work on /opt/airflow/dags/sanity_checks.py
[2026-07-19T15:33:17.829+0000] {processor.py:914} INFO - Processing file /opt/airflow/dags/sanity_checks.py for tasks to queue
[2026-07-19T15:33:17.833+0000] {logging_mixin.py:190} INFO - [2026-07-19T15:33:17.832+0000] {dagbag.py:587} INFO - Filling up the DagBag from /opt/airflow/dags/sanity_checks.py
[2026-07-19T15:33:17.851+0000] {processor.py:925} INFO - DAG(s) 'airflow_sanity_check' retrieved from /opt/airflow/dags/sanity_checks.py
[2026-07-19T15:33:17.897+0000] {logging_mixin.py:190} INFO - [2026-07-19T15:33:17.897+0000] {dag.py:3211} INFO - Sync 1 DAGs
[2026-07-19T15:33:17.920+0000] {logging_mixin.py:190} INFO - [2026-07-19T15:33:17.920+0000] {dag.py:4138} INFO - Setting next_dagrun for airflow_sanity_check to None, run_after=None
[2026-07-19T15:33:17.947+0000] {processor.py:208} INFO - Processing /opt/airflow/dags/sanity_checks.py took 0.130 seconds
[2026-07-19T15:33:48.269+0000] {processor.py:186} INFO - Started process (PID=32168) to work on /opt/airflow/dags/sanity_checks.py
[2026-07-19T15:33:48.271+0000] {processor.py:914} INFO - Processing file /opt/airflow/dags/sanity_checks.py for tasks to queue
[2026-07-19T15:33:48.275+0000] {logging_mixin.py:190} INFO - [2026-07-19T15:33:48.275+0000] {dagbag.py:587} INFO - Filling up the DagBag from /opt/airflow/dags/sanity_checks.py
[2026-07-19T15:33:48.291+0000] {processor.py:925} INFO - DAG(s) 'airflow_sanity_check' retrieved from /opt/airflow/dags/sanity_checks.py
[2026-07-19T15:33:48.334+0000] {logging_mixin.py:190} INFO - [2026-07-19T15:33:48.334+0000] {dag.py:3211} INFO - Sync 1 DAGs
[2026-07-19T15:33:48.355+0000] {logging_mixin.py:190} INFO - [2026-07-19T15:33:48.355+0000] {dag.py:4138} INFO - Setting next_dagrun for airflow_sanity_check to None, run_after=None
[2026-07-19T15:33:48.384+0000] {processor.py:208} INFO - Processing /opt/airflow/dags/sanity_checks.py took 0.125 seconds
[2026-07-19T15:34:18.854+0000] {processor.py:186} INFO - Started process (PID=32178) to work on /opt/airflow/dags/sanity_checks.py
[2026-07-19T15:34:18.855+0000] {processor.py:914} INFO - Processing file /opt/airflow/dags/sanity_checks.py for tasks to queue
[2026-07-19T15:34:18.860+0000] {logging_mixin.py:190} INFO - [2026-07-19T15:34:18.860+0000] {dagbag.py:587} INFO - Filling up the DagBag from /opt/airflow/dags/sanity_checks.py
[2026-07-19T15:34:18.875+0000] {processor.py:925} INFO - DAG(s) 'airflow_sanity_check' retrieved from /opt/airflow/dags/sanity_checks.py
[2026-07-19T15:34:18.916+0000] {logging_mixin.py:190} INFO - [2026-07-19T15:34:18.916+0000] {dag.py:3211} INFO - Sync 1 DAGs
[2026-07-19T15:34:18.939+0000] {logging_mixin.py:190} INFO - [2026-07-19T15:34:18.939+0000] {dag.py:4138} INFO - Setting next_dagrun for airflow_sanity_check to None, run_after=None
[2026-07-19T15:34:18.967+0000] {processor.py:208} INFO - Processing /opt/airflow/dags/sanity_checks.py took 0.122 seconds
[2026-07-19T15:34:49.437+0000] {processor.py:186} INFO - Started process (PID=32188) to work on /opt/airflow/dags/sanity_checks.py
[2026-07-19T15:34:49.439+0000] {processor.py:914} INFO - Processing file /opt/airflow/dags/sanity_checks.py for tasks to queue
[2026-07-19T15:34:49.443+0000] {logging_mixin.py:190} INFO - [2026-07-19T15:34:49.442+0000] {dagbag.py:587} INFO - Filling up the DagBag from /opt/airflow/dags/sanity_checks.py
[2026-07-19T15:34:49.459+0000] {processor.py:925} INFO - DAG(s) 'airflow_sanity_check' retrieved from /opt/airflow/dags/sanity_checks.py
[2026-07-19T15:34:49.506+0000] {logging_mixin.py:190} INFO - [2026-07-19T15:34:49.506+0000] {dag.py:3211} INFO - Sync 1 DAGs
[2026-07-19T15:34:49.529+0000] {logging_mixin.py:190} INFO - [2026-07-19T15:34:49.529+0000] {dag.py:4138} INFO - Setting next_dagrun for airflow_sanity_check to None, run_after=None
[2026-07-19T15:34:49.559+0000] {processor.py:208} INFO - Processing /opt/airflow/dags/sanity_checks.py took 0.132 seconds
[2026-07-19T15:35:19.905+0000] {processor.py:186} INFO - Started process (PID=32198) to work on /opt/airflow/dags/sanity_checks.py
[2026-07-19T15:35:19.906+0000] {processor.py:914} INFO - Processing file /opt/airflow/dags/sanity_checks.py for tasks to queue
[2026-07-19T15:35:19.910+0000] {logging_mixin.py:190} INFO - [2026-07-19T15:35:19.909+0000] {dagbag.py:587} INFO - Filling up the DagBag from /opt/airflow/dags/sanity_checks.py
[2026-07-19T15:35:19.925+0000] {processor.py:925} INFO - DAG(s) 'airflow_sanity_check' retrieved from /opt/airflow/dags/sanity_checks.py
[2026-07-19T15:35:19.966+0000] {logging_mixin.py:190} INFO - [2026-07-19T15:35:19.966+0000] {dag.py:3211} INFO - Sync 1 DAGs
[2026-07-19T15:35:19.987+0000] {logging_mixin.py:190} INFO - [2026-07-19T15:35:19.987+0000] {dag.py:4138} INFO - Setting next_dagrun for airflow_sanity_check to None, run_after=None
[2026-07-19T15:35:20.019+0000] {processor.py:208} INFO - Processing /opt/airflow/dags/sanity_checks.py took 0.125 seconds
[2026-07-19T15:35:50.329+0000] {processor.py:186} INFO - Started process (PID=32208) to work on /opt/airflow/dags/sanity_checks.py
[2026-07-19T15:35:50.331+0000] {processor.py:914} INFO - Processing file /opt/airflow/dags/sanity_checks.py for tasks to queue
[2026-07-19T15:35:50.335+0000] {logging_mixin.py:190} INFO - [2026-07-19T15:35:50.334+0000] {dagbag.py:587} INFO - Filling up the DagBag from /opt/airflow/dags/sanity_checks.py
[2026-07-19T15:35:50.352+0000] {processor.py:925} INFO - DAG(s) 'airflow_sanity_check' retrieved from /opt/airflow/dags/sanity_checks.py
[2026-07-19T15:35:50.393+0000] {logging_mixin.py:190} INFO - [2026-07-19T15:35:50.393+0000] {dag.py:3211} INFO - Sync 1 DAGs
[2026-07-19T15:35:50.416+0000] {logging_mixin.py:190} INFO - [2026-07-19T15:35:50.415+0000] {dag.py:4138} INFO - Setting next_dagrun for airflow_sanity_check to None, run_after=None
[2026-07-19T15:35:50.442+0000] {processor.py:208} INFO - Processing /opt/airflow/dags/sanity_checks.py took 0.122 seconds
[2026-07-19T15:36:20.753+0000] {processor.py:186} INFO - Started process (PID=32218) to work on /opt/airflow/dags/sanity_checks.py
[2026-07-19T15:36:20.754+0000] {processor.py:914} INFO - Processing file /opt/airflow/dags/sanity_checks.py for tasks to queue
[2026-07-19T15:36:20.757+0000] {logging_mixin.py:190} INFO - [2026-07-19T15:36:20.757+0000] {dagbag.py:587} INFO - Filling up the DagBag from /opt/airflow/dags/sanity_checks.py
[2026-07-19T15:36:20.773+0000] {processor.py:925} INFO - DAG(s) 'airflow_sanity_check' retrieved from /opt/airflow/dags/sanity_checks.py
[2026-07-19T15:36:20.815+0000] {logging_mixin.py:190} INFO - [2026-07-19T15:36:20.815+0000] {dag.py:3211} INFO - Sync 1 DAGs
[2026-07-19T15:36:20.837+0000] {logging_mixin.py:190} INFO - [2026-07-19T15:36:20.837+0000] {dag.py:4138} INFO - Setting next_dagrun for airflow_sanity_check to None, run_after=None
[2026-07-19T15:36:20.865+0000] {processor.py:208} INFO - Processing /opt/airflow/dags/sanity_checks.py took 0.121 seconds
[2026-07-19T15:36:51.206+0000] {processor.py:186} INFO - Started process (PID=32228) to work on /opt/airflow/dags/sanity_checks.py
[2026-07-19T15:36:51.208+0000] {processor.py:914} INFO - Processing file /opt/airflow/dags/sanity_checks.py for tasks to queue
[2026-07-19T15:36:51.211+0000] {logging_mixin.py:190} INFO - [2026-07-19T15:36:51.211+0000] {dagbag.py:587} INFO - Filling up the DagBag from /opt/airflow/dags/sanity_checks.py
[2026-07-19T15:36:51.227+0000] {processor.py:925} INFO - DAG(s) 'airflow_sanity_check' retrieved from /opt/airflow/dags/sanity_checks.py
[2026-07-19T15:36:51.269+0000] {logging_mixin.py:190} INFO - [2026-07-19T15:36:51.268+0000] {dag.py:3211} INFO - Sync 1 DAGs
[2026-07-19T15:36:51.291+0000] {logging_mixin.py:190} INFO - [2026-07-19T15:36:51.290+0000] {dag.py:4138} INFO - Setting next_dagrun for airflow_sanity_check to None, run_after=None
[2026-07-19T15:36:51.319+0000] {processor.py:208} INFO - Processing /opt/airflow/dags/sanity_checks.py took 0.122 seconds
[2026-07-19T15:37:21.660+0000] {processor.py:186} INFO - Started process (PID=32238) to work on /opt/airflow/dags/sanity_checks.py
[2026-07-19T15:37:21.662+0000] {processor.py:914} INFO - Processing file /opt/airflow/dags/sanity_checks.py for tasks to queue
[2026-07-19T15:37:21.666+0000] {logging_mixin.py:190} INFO - [2026-07-19T15:37:21.665+0000] {dagbag.py:587} INFO - Filling up the DagBag from /opt/airflow/dags/sanity_checks.py
[2026-07-19T15:37:21.680+0000] {processor.py:925} INFO - DAG(s) 'airflow_sanity_check' retrieved from /opt/airflow/dags/sanity_checks.py
[2026-07-19T15:37:21.722+0000] {logging_mixin.py:190} INFO - [2026-07-19T15:37:21.722+0000] {dag.py:3211} INFO - Sync 1 DAGs
[2026-07-19T15:37:21.743+0000] {logging_mixin.py:190} INFO - [2026-07-19T15:37:21.743+0000] {dag.py:4138} INFO - Setting next_dagrun for airflow_sanity_check to None, run_after=None
[2026-07-19T15:37:21.768+0000] {processor.py:208} INFO - Processing /opt/airflow/dags/sanity_checks.py took 0.117 seconds
[2026-07-19T15:37:52.108+0000] {processor.py:186} INFO - Started process (PID=32248) to work on /opt/airflow/dags/sanity_checks.py
[2026-07-19T15:37:52.110+0000] {processor.py:914} INFO - Processing file /opt/airflow/dags/sanity_checks.py for tasks to queue
[2026-07-19T15:37:52.113+0000] {logging_mixin.py:190} INFO - [2026-07-19T15:37:52.113+0000] {dagbag.py:587} INFO - Filling up the DagBag from /opt/airflow/dags/sanity_checks.py
[2026-07-19T15:37:52.128+0000] {processor.py:925} INFO - DAG(s) 'airflow_sanity_check' retrieved from /opt/airflow/dags/sanity_checks.py
[2026-07-19T15:37:52.169+0000] {logging_mixin.py:190} INFO - [2026-07-19T15:37:52.169+0000] {dag.py:3211} INFO - Sync 1 DAGs
[2026-07-19T15:37:52.191+0000] {logging_mixin.py:190} INFO - [2026-07-19T15:37:52.191+0000] {dag.py:4138} INFO - Setting next_dagrun for airflow_sanity_check to None, run_after=None
[2026-07-19T15:37:52.219+0000] {processor.py:208} INFO - Processing /opt/airflow/dags/sanity_checks.py took 0.121 seconds
[2026-07-19T15:38:22.512+0000] {processor.py:186} INFO - Started process (PID=32258) to work on /opt/airflow/dags/sanity_checks.py
[2026-07-19T15:38:22.514+0000] {processor.py:914} INFO - Processing file /opt/airflow/dags/sanity_checks.py for tasks to queue
[2026-07-19T15:38:22.517+0000] {logging_mixin.py:190} INFO - [2026-07-19T15:38:22.516+0000] {dagbag.py:587} INFO - Filling up the DagBag from /opt/airflow/dags/sanity_checks.py
[2026-07-19T15:38:22.532+0000] {processor.py:925} INFO - DAG(s) 'airflow_sanity_check' retrieved from /opt/airflow/dags/sanity_checks.py
[2026-07-19T15:38:22.573+0000] {logging_mixin.py:190} INFO - [2026-07-19T15:38:22.573+0000] {dag.py:3211} INFO - Sync 1 DAGs
[2026-07-19T15:38:22.596+0000] {logging_mixin.py:190} INFO - [2026-07-19T15:38:22.596+0000] {dag.py:4138} INFO - Setting next_dagrun for airflow_sanity_check to None, run_after=None
[2026-07-19T15:38:22.622+0000] {processor.py:208} INFO - Processing /opt/airflow/dags/sanity_checks.py took 0.120 seconds
[2026-07-19T15:38:52.935+0000] {processor.py:186} INFO - Started process (PID=32268) to work on /opt/airflow/dags/sanity_checks.py
[2026-07-19T15:38:52.937+0000] {processor.py:914} INFO - Processing file /opt/airflow/dags/sanity_checks.py for tasks to queue
[2026-07-19T15:38:52.940+0000] {logging_mixin.py:190} INFO - [2026-07-19T15:38:52.940+0000] {dagbag.py:587} INFO - Filling up the DagBag from /opt/airflow/dags/sanity_checks.py
[2026-07-19T15:38:52.956+0000] {processor.py:925} INFO - DAG(s) 'airflow_sanity_check' retrieved from /opt/airflow/dags/sanity_checks.py
[2026-07-19T15:38:52.998+0000] {logging_mixin.py:190} INFO - [2026-07-19T15:38:52.997+0000] {dag.py:3211} INFO - Sync 1 DAGs
[2026-07-19T15:38:53.019+0000] {logging_mixin.py:190} INFO - [2026-07-19T15:38:53.019+0000] {dag.py:4138} INFO - Setting next_dagrun for airflow_sanity_check to None, run_after=None
[2026-07-19T15:38:53.047+0000] {processor.py:208} INFO - Processing /opt/airflow/dags/sanity_checks.py took 0.120 seconds
[2026-07-19T15:39:23.359+0000] {processor.py:186} INFO - Started process (PID=32278) to work on /opt/airflow/dags/sanity_checks.py
[2026-07-19T15:39:23.360+0000] {processor.py:914} INFO - Processing file /opt/airflow/dags/sanity_checks.py for tasks to queue
[2026-07-19T15:39:23.364+0000] {logging_mixin.py:190} INFO - [2026-07-19T15:39:23.364+0000] {dagbag.py:587} INFO - Filling up the DagBag from /opt/airflow/dags/sanity_checks.py
[2026-07-19T15:39:23.382+0000] {processor.py:925} INFO - DAG(s) 'airflow_sanity_check' retrieved from /opt/airflow/dags/sanity_checks.py
[2026-07-19T15:39:23.427+0000] {logging_mixin.py:190} INFO - [2026-07-19T15:39:23.426+0000] {dag.py:3211} INFO - Sync 1 DAGs
[2026-07-19T15:39:23.455+0000] {logging_mixin.py:190} INFO - [2026-07-19T15:39:23.454+0000] {dag.py:4138} INFO - Setting next_dagrun for airflow_sanity_check to None, run_after=None
[2026-07-19T15:39:23.483+0000] {processor.py:208} INFO - Processing /opt/airflow/dags/sanity_checks.py took 0.135 seconds
[2026-07-19T15:39:53.817+0000] {processor.py:186} INFO - Started process (PID=32288) to work on /opt/airflow/dags/sanity_checks.py
[2026-07-19T15:39:53.819+0000] {processor.py:914} INFO - Processing file /opt/airflow/dags/sanity_checks.py for tasks to queue
[2026-07-19T15:39:53.823+0000] {logging_mixin.py:190} INFO - [2026-07-19T15:39:53.822+0000] {dagbag.py:587} INFO - Filling up the DagBag from /opt/airflow/dags/sanity_checks.py
[2026-07-19T15:39:53.840+0000] {processor.py:925} INFO - DAG(s) 'airflow_sanity_check' retrieved from /opt/airflow/dags/sanity_checks.py
[2026-07-19T15:39:53.883+0000] {logging_mixin.py:190} INFO - [2026-07-19T15:39:53.883+0000] {dag.py:3211} INFO - Sync 1 DAGs
[2026-07-19T15:39:53.906+0000] {logging_mixin.py:190} INFO - [2026-07-19T15:39:53.906+0000] {dag.py:4138} INFO - Setting next_dagrun for airflow_sanity_check to None, run_after=None
[2026-07-19T15:39:53.934+0000] {processor.py:208} INFO - Processing /opt/airflow/dags/sanity_checks.py took 0.126 seconds
[2026-07-19T15:40:24.250+0000] {processor.py:186} INFO - Started process (PID=32298) to work on /opt/airflow/dags/sanity_checks.py
[2026-07-19T15:40:24.251+0000] {processor.py:914} INFO - Processing file /opt/airflow/dags/sanity_checks.py for tasks to queue
[2026-07-19T15:40:24.256+0000] {logging_mixin.py:190} INFO - [2026-07-19T15:40:24.255+0000] {dagbag.py:587} INFO - Filling up the DagBag from /opt/airflow/dags/sanity_checks.py
[2026-07-19T15:40:24.270+0000] {processor.py:925} INFO - DAG(s) 'airflow_sanity_check' retrieved from /opt/airflow/dags/sanity_checks.py
[2026-07-19T15:40:24.313+0000] {logging_mixin.py:190} INFO - [2026-07-19T15:40:24.312+0000] {dag.py:3211} INFO - Sync 1 DAGs
[2026-07-19T15:40:24.337+0000] {logging_mixin.py:190} INFO - [2026-07-19T15:40:24.336+0000] {dag.py:4138} INFO - Setting next_dagrun for airflow_sanity_check to None, run_after=None
[2026-07-19T15:40:24.369+0000] {processor.py:208} INFO - Processing /opt/airflow/dags/sanity_checks.py took 0.128 seconds
[2026-07-19T15:40:54.700+0000] {processor.py:186} INFO - Started process (PID=32308) to work on /opt/airflow/dags/sanity_checks.py
[2026-07-19T15:40:54.701+0000] {processor.py:914} INFO - Processing file /opt/airflow/dags/sanity_checks.py for tasks to queue
[2026-07-19T15:40:54.706+0000] {logging_mixin.py:190} INFO - [2026-07-19T15:40:54.705+0000] {dagbag.py:587} INFO - Filling up the DagBag from /opt/airflow/dags/sanity_checks.py
[2026-07-19T15:40:54.721+0000] {processor.py:925} INFO - DAG(s) 'airflow_sanity_check' retrieved from /opt/airflow/dags/sanity_checks.py
[2026-07-19T15:40:54.765+0000] {logging_mixin.py:190} INFO - [2026-07-19T15:40:54.764+0000] {dag.py:3211} INFO - Sync 1 DAGs
[2026-07-19T15:40:54.786+0000] {logging_mixin.py:190} INFO - [2026-07-19T15:40:54.786+0000] {dag.py:4138} INFO - Setting next_dagrun for airflow_sanity_check to None, run_after=None
[2026-07-19T15:40:54.814+0000] {processor.py:208} INFO - Processing /opt/airflow/dags/sanity_checks.py took 0.123 seconds
[2026-07-19T15:41:25.147+0000] {processor.py:186} INFO - Started process (PID=32318) to work on /opt/airflow/dags/sanity_checks.py
[2026-07-19T15:41:25.149+0000] {processor.py:914} INFO - Processing file /opt/airflow/dags/sanity_checks.py for tasks to queue
[2026-07-19T15:41:25.152+0000] {logging_mixin.py:190} INFO - [2026-07-19T15:41:25.151+0000] {dagbag.py:587} INFO - Filling up the DagBag from /opt/airflow/dags/sanity_checks.py
[2026-07-19T15:41:25.167+0000] {processor.py:925} INFO - DAG(s) 'airflow_sanity_check' retrieved from /opt/airflow/dags/sanity_checks.py
[2026-07-19T15:41:25.209+0000] {logging_mixin.py:190} INFO - [2026-07-19T15:41:25.208+0000] {dag.py:3211} INFO - Sync 1 DAGs
[2026-07-19T15:41:25.231+0000] {logging_mixin.py:190} INFO - [2026-07-19T15:41:25.231+0000] {dag.py:4138} INFO - Setting next_dagrun for airflow_sanity_check to None, run_after=None
[2026-07-19T15:41:25.257+0000] {processor.py:208} INFO - Processing /opt/airflow/dags/sanity_checks.py took 0.119 seconds
[2026-07-19T15:41:55.575+0000] {processor.py:186} INFO - Started process (PID=32328) to work on /opt/airflow/dags/sanity_checks.py
[2026-07-19T15:41:55.577+0000] {processor.py:914} INFO - Processing file /opt/airflow/dags/sanity_checks.py for tasks to queue
[2026-07-19T15:41:55.580+0000] {logging_mixin.py:190} INFO - [2026-07-19T15:41:55.580+0000] {dagbag.py:587} INFO - Filling up the DagBag from /opt/airflow/dags/sanity_checks.py
[2026-07-19T15:41:55.595+0000] {processor.py:925} INFO - DAG(s) 'airflow_sanity_check' retrieved from /opt/airflow/dags/sanity_checks.py
[2026-07-19T15:41:55.636+0000] {logging_mixin.py:190} INFO - [2026-07-19T15:41:55.636+0000] {dag.py:3211} INFO - Sync 1 DAGs
[2026-07-19T15:41:55.658+0000] {logging_mixin.py:190} INFO - [2026-07-19T15:41:55.658+0000] {dag.py:4138} INFO - Setting next_dagrun for airflow_sanity_check to None, run_after=None
[2026-07-19T15:41:55.687+0000] {processor.py:208} INFO - Processing /opt/airflow/dags/sanity_checks.py took 0.122 seconds
[2026-07-19T15:42:26.026+0000] {processor.py:186} INFO - Started process (PID=32338) to work on /opt/airflow/dags/sanity_checks.py
[2026-07-19T15:42:26.027+0000] {processor.py:914} INFO - Processing file /opt/airflow/dags/sanity_checks.py for tasks to queue
[2026-07-19T15:42:26.031+0000] {logging_mixin.py:190} INFO - [2026-07-19T15:42:26.030+0000] {dagbag.py:587} INFO - Filling up the DagBag from /opt/airflow/dags/sanity_checks.py
[2026-07-19T15:42:26.049+0000] {processor.py:925} INFO - DAG(s) 'airflow_sanity_check' retrieved from /opt/airflow/dags/sanity_checks.py
[2026-07-19T15:42:26.099+0000] {logging_mixin.py:190} INFO - [2026-07-19T15:42:26.096+0000] {dag.py:3211} INFO - Sync 1 DAGs
[2026-07-19T15:42:26.123+0000] {logging_mixin.py:190} INFO - [2026-07-19T15:42:26.123+0000] {dag.py:4138} INFO - Setting next_dagrun for airflow_sanity_check to None, run_after=None
[2026-07-19T15:42:26.155+0000] {processor.py:208} INFO - Processing /opt/airflow/dags/sanity_checks.py took 0.137 seconds
[2026-07-19T15:42:56.508+0000] {processor.py:186} INFO - Started process (PID=32348) to work on /opt/airflow/dags/sanity_checks.py
[2026-07-19T15:42:56.510+0000] {processor.py:914} INFO - Processing file /opt/airflow/dags/sanity_checks.py for tasks to queue
[2026-07-19T15:42:56.514+0000] {logging_mixin.py:190} INFO - [2026-07-19T15:42:56.514+0000] {dagbag.py:587} INFO - Filling up the DagBag from /opt/airflow/dags/sanity_checks.py
[2026-07-19T15:42:56.531+0000] {processor.py:925} INFO - DAG(s) 'airflow_sanity_check' retrieved from /opt/airflow/dags/sanity_checks.py
[2026-07-19T15:42:56.573+0000] {logging_mixin.py:190} INFO - [2026-07-19T15:42:56.573+0000] {dag.py:3211} INFO - Sync 1 DAGs
[2026-07-19T15:42:56.594+0000] {logging_mixin.py:190} INFO - [2026-07-19T15:42:56.594+0000] {dag.py:4138} INFO - Setting next_dagrun for airflow_sanity_check to None, run_after=None
[2026-07-19T15:42:56.621+0000] {processor.py:208} INFO - Processing /opt/airflow/dags/sanity_checks.py took 0.125 seconds
[2026-07-19T15:43:26.953+0000] {processor.py:186} INFO - Started process (PID=32358) to work on /opt/airflow/dags/sanity_checks.py
[2026-07-19T15:43:26.955+0000] {processor.py:914} INFO - Processing file /opt/airflow/dags/sanity_checks.py for tasks to queue
[2026-07-19T15:43:26.960+0000] {logging_mixin.py:190} INFO - [2026-07-19T15:43:26.959+0000] {dagbag.py:587} INFO - Filling up the DagBag from /opt/airflow/dags/sanity_checks.py
[2026-07-19T15:43:26.975+0000] {processor.py:925} INFO - DAG(s) 'airflow_sanity_check' retrieved from /opt/airflow/dags/sanity_checks.py
[2026-07-19T15:43:27.017+0000] {logging_mixin.py:190} INFO - [2026-07-19T15:43:27.017+0000] {dag.py:3211} INFO - Sync 1 DAGs
[2026-07-19T15:43:27.039+0000] {logging_mixin.py:190} INFO - [2026-07-19T15:43:27.038+0000] {dag.py:4138} INFO - Setting next_dagrun for airflow_sanity_check to None, run_after=None
[2026-07-19T15:43:27.067+0000] {processor.py:208} INFO - Processing /opt/airflow/dags/sanity_checks.py took 0.123 seconds
[2026-07-19T15:43:57.386+0000] {processor.py:186} INFO - Started process (PID=32368) to work on /opt/airflow/dags/sanity_checks.py
[2026-07-19T15:43:57.388+0000] {processor.py:914} INFO - Processing file /opt/airflow/dags/sanity_checks.py for tasks to queue
[2026-07-19T15:43:57.393+0000] {logging_mixin.py:190} INFO - [2026-07-19T15:43:57.392+0000] {dagbag.py:587} INFO - Filling up the DagBag from /opt/airflow/dags/sanity_checks.py
[2026-07-19T15:43:57.411+0000] {processor.py:925} INFO - DAG(s) 'airflow_sanity_check' retrieved from /opt/airflow/dags/sanity_checks.py
[2026-07-19T15:43:57.455+0000] {logging_mixin.py:190} INFO - [2026-07-19T15:43:57.454+0000] {dag.py:3211} INFO - Sync 1 DAGs
[2026-07-19T15:43:57.477+0000] {logging_mixin.py:190} INFO - [2026-07-19T15:43:57.476+0000] {dag.py:4138} INFO - Setting next_dagrun for airflow_sanity_check to None, run_after=None
[2026-07-19T15:43:57.503+0000] {processor.py:208} INFO - Processing /opt/airflow/dags/sanity_checks.py took 0.128 seconds
[2026-07-19T15:44:27.819+0000] {processor.py:186} INFO - Started process (PID=32378) to work on /opt/airflow/dags/sanity_checks.py
[2026-07-19T15:44:27.820+0000] {processor.py:914} INFO - Processing file /opt/airflow/dags/sanity_checks.py for tasks to queue
[2026-07-19T15:44:27.824+0000] {logging_mixin.py:190} INFO - [2026-07-19T15:44:27.823+0000] {dagbag.py:587} INFO - Filling up the DagBag from /opt/airflow/dags/sanity_checks.py
[2026-07-19T15:44:27.841+0000] {processor.py:925} INFO - DAG(s) 'airflow_sanity_check' retrieved from /opt/airflow/dags/sanity_checks.py
[2026-07-19T15:44:27.883+0000] {logging_mixin.py:190} INFO - [2026-07-19T15:44:27.883+0000] {dag.py:3211} INFO - Sync 1 DAGs
[2026-07-19T15:44:27.905+0000] {logging_mixin.py:190} INFO - [2026-07-19T15:44:27.905+0000] {dag.py:4138} INFO - Setting next_dagrun for airflow_sanity_check to None, run_after=None
[2026-07-19T15:44:27.931+0000] {processor.py:208} INFO - Processing /opt/airflow/dags/sanity_checks.py took 0.125 seconds
[2026-07-19T15:44:58.265+0000] {processor.py:186} INFO - Started process (PID=32388) to work on /opt/airflow/dags/sanity_checks.py
[2026-07-19T15:44:58.266+0000] {processor.py:914} INFO - Processing file /opt/airflow/dags/sanity_checks.py for tasks to queue
[2026-07-19T15:44:58.270+0000] {logging_mixin.py:190} INFO - [2026-07-19T15:44:58.269+0000] {dagbag.py:587} INFO - Filling up the DagBag from /opt/airflow/dags/sanity_checks.py
[2026-07-19T15:44:58.285+0000] {processor.py:925} INFO - DAG(s) 'airflow_sanity_check' retrieved from /opt/airflow/dags/sanity_checks.py
[2026-07-19T15:44:58.329+0000] {logging_mixin.py:190} INFO - [2026-07-19T15:44:58.329+0000] {dag.py:3211} INFO - Sync 1 DAGs
[2026-07-19T15:44:58.350+0000] {logging_mixin.py:190} INFO - [2026-07-19T15:44:58.350+0000] {dag.py:4138} INFO - Setting next_dagrun for airflow_sanity_check to None, run_after=None
[2026-07-19T15:44:58.377+0000] {processor.py:208} INFO - Processing /opt/airflow/dags/sanity_checks.py took 0.121 seconds
[2026-07-19T15:45:28.715+0000] {processor.py:186} INFO - Started process (PID=32398) to work on /opt/airflow/dags/sanity_checks.py
[2026-07-19T15:45:28.717+0000] {processor.py:914} INFO - Processing file /opt/airflow/dags/sanity_checks.py for tasks to queue
[2026-07-19T15:45:28.721+0000] {logging_mixin.py:190} INFO - [2026-07-19T15:45:28.721+0000] {dagbag.py:587} INFO - Filling up the DagBag from /opt/airflow/dags/sanity_checks.py
[2026-07-19T15:45:28.737+0000] {processor.py:925} INFO - DAG(s) 'airflow_sanity_check' retrieved from /opt/airflow/dags/sanity_checks.py
[2026-07-19T15:45:28.782+0000] {logging_mixin.py:190} INFO - [2026-07-19T15:45:28.781+0000] {dag.py:3211} INFO - Sync 1 DAGs
[2026-07-19T15:45:28.803+0000] {logging_mixin.py:190} INFO - [2026-07-19T15:45:28.803+0000] {dag.py:4138} INFO - Setting next_dagrun for airflow_sanity_check to None, run_after=None
[2026-07-19T15:45:28.833+0000] {processor.py:208} INFO - Processing /opt/airflow/dags/sanity_checks.py took 0.134 seconds
[2026-07-19T15:45:59.160+0000] {processor.py:186} INFO - Started process (PID=32408) to work on /opt/airflow/dags/sanity_checks.py
[2026-07-19T15:45:59.162+0000] {processor.py:914} INFO - Processing file /opt/airflow/dags/sanity_checks.py for tasks to queue
[2026-07-19T15:45:59.165+0000] {logging_mixin.py:190} INFO - [2026-07-19T15:45:59.165+0000] {dagbag.py:587} INFO - Filling up the DagBag from /opt/airflow/dags/sanity_checks.py
[2026-07-19T15:45:59.181+0000] {processor.py:925} INFO - DAG(s) 'airflow_sanity_check' retrieved from /opt/airflow/dags/sanity_checks.py
[2026-07-19T15:45:59.223+0000] {logging_mixin.py:190} INFO - [2026-07-19T15:45:59.222+0000] {dag.py:3211} INFO - Sync 1 DAGs
[2026-07-19T15:45:59.245+0000] {logging_mixin.py:190} INFO - [2026-07-19T15:45:59.245+0000] {dag.py:4138} INFO - Setting next_dagrun for airflow_sanity_check to None, run_after=None
[2026-07-19T15:45:59.271+0000] {processor.py:208} INFO - Processing /opt/airflow/dags/sanity_checks.py took 0.120 seconds
[2026-07-19T15:46:29.602+0000] {processor.py:186} INFO - Started process (PID=32418) to work on /opt/airflow/dags/sanity_checks.py
[2026-07-19T15:46:29.604+0000] {processor.py:914} INFO - Processing file /opt/airflow/dags/sanity_checks.py for tasks to queue
[2026-07-19T15:46:29.608+0000] {logging_mixin.py:190} INFO - [2026-07-19T15:46:29.608+0000] {dagbag.py:587} INFO - Filling up the DagBag from /opt/airflow/dags/sanity_checks.py
[2026-07-19T15:46:29.623+0000] {processor.py:925} INFO - DAG(s) 'airflow_sanity_check' retrieved from /opt/airflow/dags/sanity_checks.py
[2026-07-19T15:46:29.663+0000] {logging_mixin.py:190} INFO - [2026-07-19T15:46:29.663+0000] {dag.py:3211} INFO - Sync 1 DAGs
[2026-07-19T15:46:29.686+0000] {logging_mixin.py:190} INFO - [2026-07-19T15:46:29.685+0000] {dag.py:4138} INFO - Setting next_dagrun for airflow_sanity_check to None, run_after=None
[2026-07-19T15:46:29.715+0000] {processor.py:208} INFO - Processing /opt/airflow/dags/sanity_checks.py took 0.122 seconds
[2026-07-19T15:47:00.038+0000] {processor.py:186} INFO - Started process (PID=32428) to work on /opt/airflow/dags/sanity_checks.py
[2026-07-19T15:47:00.040+0000] {processor.py:914} INFO - Processing file /opt/airflow/dags/sanity_checks.py for tasks to queue
[2026-07-19T15:47:00.044+0000] {logging_mixin.py:190} INFO - [2026-07-19T15:47:00.043+0000] {dagbag.py:587} INFO - Filling up the DagBag from /opt/airflow/dags/sanity_checks.py
[2026-07-19T15:47:00.059+0000] {processor.py:925} INFO - DAG(s) 'airflow_sanity_check' retrieved from /opt/airflow/dags/sanity_checks.py
[2026-07-19T15:47:00.105+0000] {logging_mixin.py:190} INFO - [2026-07-19T15:47:00.104+0000] {dag.py:3211} INFO - Sync 1 DAGs
[2026-07-19T15:47:00.127+0000] {logging_mixin.py:190} INFO - [2026-07-19T15:47:00.126+0000] {dag.py:4138} INFO - Setting next_dagrun for airflow_sanity_check to None, run_after=None
[2026-07-19T15:47:00.156+0000] {processor.py:208} INFO - Processing /opt/airflow/dags/sanity_checks.py took 0.126 seconds
[2026-07-19T15:47:30.479+0000] {processor.py:186} INFO - Started process (PID=32438) to work on /opt/airflow/dags/sanity_checks.py
[2026-07-19T15:47:30.480+0000] {processor.py:914} INFO - Processing file /opt/airflow/dags/sanity_checks.py for tasks to queue
[2026-07-19T15:47:30.484+0000] {logging_mixin.py:190} INFO - [2026-07-19T15:47:30.483+0000] {dagbag.py:587} INFO - Filling up the DagBag from /opt/airflow/dags/sanity_checks.py
[2026-07-19T15:47:30.499+0000] {processor.py:925} INFO - DAG(s) 'airflow_sanity_check' retrieved from /opt/airflow/dags/sanity_checks.py
[2026-07-19T15:47:30.541+0000] {logging_mixin.py:190} INFO - [2026-07-19T15:47:30.541+0000] {dag.py:3211} INFO - Sync 1 DAGs
[2026-07-19T15:47:30.563+0000] {logging_mixin.py:190} INFO - [2026-07-19T15:47:30.563+0000] {dag.py:4138} INFO - Setting next_dagrun for airflow_sanity_check to None, run_after=None
[2026-07-19T15:47:30.590+0000] {processor.py:208} INFO - Processing /opt/airflow/dags/sanity_checks.py took 0.122 seconds
[2026-07-19T15:48:00.952+0000] {processor.py:186} INFO - Started process (PID=32448) to work on /opt/airflow/dags/sanity_checks.py
[2026-07-19T15:48:00.954+0000] {processor.py:914} INFO - Processing file /opt/airflow/dags/sanity_checks.py for tasks to queue
[2026-07-19T15:48:00.957+0000] {logging_mixin.py:190} INFO - [2026-07-19T15:48:00.957+0000] {dagbag.py:587} INFO - Filling up the DagBag from /opt/airflow/dags/sanity_checks.py
[2026-07-19T15:48:00.974+0000] {processor.py:925} INFO - DAG(s) 'airflow_sanity_check' retrieved from /opt/airflow/dags/sanity_checks.py
[2026-07-19T15:48:01.022+0000] {logging_mixin.py:190} INFO - [2026-07-19T15:48:01.022+0000] {dag.py:3211} INFO - Sync 1 DAGs
[2026-07-19T15:48:01.043+0000] {logging_mixin.py:190} INFO - [2026-07-19T15:48:01.043+0000] {dag.py:4138} INFO - Setting next_dagrun for airflow_sanity_check to None, run_after=None
[2026-07-19T15:48:01.072+0000] {processor.py:208} INFO - Processing /opt/airflow/dags/sanity_checks.py took 0.128 seconds
[2026-07-19T15:48:31.398+0000] {processor.py:186} INFO - Started process (PID=32458) to work on /opt/airflow/dags/sanity_checks.py
[2026-07-19T15:48:31.400+0000] {processor.py:914} INFO - Processing file /opt/airflow/dags/sanity_checks.py for tasks to queue
[2026-07-19T15:48:31.404+0000] {logging_mixin.py:190} INFO - [2026-07-19T15:48:31.403+0000] {dagbag.py:587} INFO - Filling up the DagBag from /opt/airflow/dags/sanity_checks.py
[2026-07-19T15:48:31.420+0000] {processor.py:925} INFO - DAG(s) 'airflow_sanity_check' retrieved from /opt/airflow/dags/sanity_checks.py
[2026-07-19T15:48:31.461+0000] {logging_mixin.py:190} INFO - [2026-07-19T15:48:31.460+0000] {dag.py:3211} INFO - Sync 1 DAGs
[2026-07-19T15:48:31.482+0000] {logging_mixin.py:190} INFO - [2026-07-19T15:48:31.482+0000] {dag.py:4138} INFO - Setting next_dagrun for airflow_sanity_check to None, run_after=None
[2026-07-19T15:48:31.508+0000] {processor.py:208} INFO - Processing /opt/airflow/dags/sanity_checks.py took 0.119 seconds
[2026-07-19T15:49:01.838+0000] {processor.py:186} INFO - Started process (PID=32468) to work on /opt/airflow/dags/sanity_checks.py
[2026-07-19T15:49:01.839+0000] {processor.py:914} INFO - Processing file /opt/airflow/dags/sanity_checks.py for tasks to queue
[2026-07-19T15:49:01.843+0000] {logging_mixin.py:190} INFO - [2026-07-19T15:49:01.843+0000] {dagbag.py:587} INFO - Filling up the DagBag from /opt/airflow/dags/sanity_checks.py
[2026-07-19T15:49:01.859+0000] {processor.py:925} INFO - DAG(s) 'airflow_sanity_check' retrieved from /opt/airflow/dags/sanity_checks.py
[2026-07-19T15:49:01.901+0000] {logging_mixin.py:190} INFO - [2026-07-19T15:49:01.900+0000] {dag.py:3211} INFO - Sync 1 DAGs
[2026-07-19T15:49:01.922+0000] {logging_mixin.py:190} INFO - [2026-07-19T15:49:01.922+0000] {dag.py:4138} INFO - Setting next_dagrun for airflow_sanity_check to None, run_after=None
[2026-07-19T15:49:01.949+0000] {processor.py:208} INFO - Processing /opt/airflow/dags/sanity_checks.py took 0.122 seconds
[2026-07-19T15:49:32.294+0000] {processor.py:186} INFO - Started process (PID=32478) to work on /opt/airflow/dags/sanity_checks.py
[2026-07-19T15:49:32.296+0000] {processor.py:914} INFO - Processing file /opt/airflow/dags/sanity_checks.py for tasks to queue
[2026-07-19T15:49:32.300+0000] {logging_mixin.py:190} INFO - [2026-07-19T15:49:32.300+0000] {dagbag.py:587} INFO - Filling up the DagBag from /opt/airflow/dags/sanity_checks.py
[2026-07-19T15:49:32.316+0000] {processor.py:925} INFO - DAG(s) 'airflow_sanity_check' retrieved from /opt/airflow/dags/sanity_checks.py
[2026-07-19T15:49:32.357+0000] {logging_mixin.py:190} INFO - [2026-07-19T15:49:32.357+0000] {dag.py:3211} INFO - Sync 1 DAGs
[2026-07-19T15:49:32.380+0000] {logging_mixin.py:190} INFO - [2026-07-19T15:49:32.380+0000] {dag.py:4138} INFO - Setting next_dagrun for airflow_sanity_check to None, run_after=None
[2026-07-19T15:49:32.408+0000] {processor.py:208} INFO - Processing /opt/airflow/dags/sanity_checks.py took 0.122 seconds
[2026-07-19T15:50:02.723+0000] {processor.py:186} INFO - Started process (PID=32488) to work on /opt/airflow/dags/sanity_checks.py
[2026-07-19T15:50:02.725+0000] {processor.py:914} INFO - Processing file /opt/airflow/dags/sanity_checks.py for tasks to queue
[2026-07-19T15:50:02.730+0000] {logging_mixin.py:190} INFO - [2026-07-19T15:50:02.729+0000] {dagbag.py:587} INFO - Filling up the DagBag from /opt/airflow/dags/sanity_checks.py
[2026-07-19T15:50:02.748+0000] {processor.py:925} INFO - DAG(s) 'airflow_sanity_check' retrieved from /opt/airflow/dags/sanity_checks.py
[2026-07-19T15:50:02.799+0000] {logging_mixin.py:190} INFO - [2026-07-19T15:50:02.798+0000] {dag.py:3211} INFO - Sync 1 DAGs
[2026-07-19T15:50:02.827+0000] {logging_mixin.py:190} INFO - [2026-07-19T15:50:02.827+0000] {dag.py:4138} INFO - Setting next_dagrun for airflow_sanity_check to None, run_after=None
[2026-07-19T15:50:02.862+0000] {processor.py:208} INFO - Processing /opt/airflow/dags/sanity_checks.py took 0.150 seconds
[2026-07-19T15:50:33.215+0000] {processor.py:186} INFO - Started process (PID=32498) to work on /opt/airflow/dags/sanity_checks.py
[2026-07-19T15:50:33.216+0000] {processor.py:914} INFO - Processing file /opt/airflow/dags/sanity_checks.py for tasks to queue
[2026-07-19T15:50:33.221+0000] {logging_mixin.py:190} INFO - [2026-07-19T15:50:33.220+0000] {dagbag.py:587} INFO - Filling up the DagBag from /opt/airflow/dags/sanity_checks.py
[2026-07-19T15:50:33.240+0000] {processor.py:925} INFO - DAG(s) 'airflow_sanity_check' retrieved from /opt/airflow/dags/sanity_checks.py
[2026-07-19T15:50:33.290+0000] {logging_mixin.py:190} INFO - [2026-07-19T15:50:33.290+0000] {dag.py:3211} INFO - Sync 1 DAGs
[2026-07-19T15:50:33.315+0000] {logging_mixin.py:190} INFO - [2026-07-19T15:50:33.315+0000] {dag.py:4138} INFO - Setting next_dagrun for airflow_sanity_check to None, run_after=None
[2026-07-19T15:50:33.344+0000] {processor.py:208} INFO - Processing /opt/airflow/dags/sanity_checks.py took 0.143 seconds
[2026-07-19T15:51:03.688+0000] {processor.py:186} INFO - Started process (PID=32508) to work on /opt/airflow/dags/sanity_checks.py
[2026-07-19T15:51:03.689+0000] {processor.py:914} INFO - Processing file /opt/airflow/dags/sanity_checks.py for tasks to queue
[2026-07-19T15:51:03.693+0000] {logging_mixin.py:190} INFO - [2026-07-19T15:51:03.693+0000] {dagbag.py:587} INFO - Filling up the DagBag from /opt/airflow/dags/sanity_checks.py
[2026-07-19T15:51:03.710+0000] {processor.py:925} INFO - DAG(s) 'airflow_sanity_check' retrieved from /opt/airflow/dags/sanity_checks.py
[2026-07-19T15:51:03.759+0000] {logging_mixin.py:190} INFO - [2026-07-19T15:51:03.758+0000] {dag.py:3211} INFO - Sync 1 DAGs
[2026-07-19T15:51:03.782+0000] {logging_mixin.py:190} INFO - [2026-07-19T15:51:03.782+0000] {dag.py:4138} INFO - Setting next_dagrun for airflow_sanity_check to None, run_after=None
[2026-07-19T15:51:03.814+0000] {processor.py:208} INFO - Processing /opt/airflow/dags/sanity_checks.py took 0.137 seconds
[2026-07-19T15:51:34.194+0000] {processor.py:186} INFO - Started process (PID=32518) to work on /opt/airflow/dags/sanity_checks.py
[2026-07-19T15:51:34.198+0000] {processor.py:914} INFO - Processing file /opt/airflow/dags/sanity_checks.py for tasks to queue
[2026-07-19T15:51:34.206+0000] {logging_mixin.py:190} INFO - [2026-07-19T15:51:34.205+0000] {dagbag.py:587} INFO - Filling up the DagBag from /opt/airflow/dags/sanity_checks.py
[2026-07-19T15:51:34.229+0000] {processor.py:925} INFO - DAG(s) 'airflow_sanity_check' retrieved from /opt/airflow/dags/sanity_checks.py
[2026-07-19T15:51:34.285+0000] {logging_mixin.py:190} INFO - [2026-07-19T15:51:34.284+0000] {dag.py:3211} INFO - Sync 1 DAGs
[2026-07-19T15:51:34.319+0000] {logging_mixin.py:190} INFO - [2026-07-19T15:51:34.319+0000] {dag.py:4138} INFO - Setting next_dagrun for airflow_sanity_check to None, run_after=None
[2026-07-19T15:51:34.351+0000] {processor.py:208} INFO - Processing /opt/airflow/dags/sanity_checks.py took 0.208 seconds
[2026-07-19T15:52:04.734+0000] {processor.py:186} INFO - Started process (PID=32528) to work on /opt/airflow/dags/sanity_checks.py
[2026-07-19T15:52:04.736+0000] {processor.py:914} INFO - Processing file /opt/airflow/dags/sanity_checks.py for tasks to queue
[2026-07-19T15:52:04.740+0000] {logging_mixin.py:190} INFO - [2026-07-19T15:52:04.740+0000] {dagbag.py:587} INFO - Filling up the DagBag from /opt/airflow/dags/sanity_checks.py
[2026-07-19T15:52:04.757+0000] {processor.py:925} INFO - DAG(s) 'airflow_sanity_check' retrieved from /opt/airflow/dags/sanity_checks.py
[2026-07-19T15:52:04.802+0000] {logging_mixin.py:190} INFO - [2026-07-19T15:52:04.801+0000] {dag.py:3211} INFO - Sync 1 DAGs
[2026-07-19T15:52:04.823+0000] {logging_mixin.py:190} INFO - [2026-07-19T15:52:04.823+0000] {dag.py:4138} INFO - Setting next_dagrun for airflow_sanity_check to None, run_after=None
[2026-07-19T15:52:04.853+0000] {processor.py:208} INFO - Processing /opt/airflow/dags/sanity_checks.py took 0.129 seconds
[2026-07-19T15:52:35.174+0000] {processor.py:186} INFO - Started process (PID=32538) to work on /opt/airflow/dags/sanity_checks.py
[2026-07-19T15:52:35.177+0000] {processor.py:914} INFO - Processing file /opt/airflow/dags/sanity_checks.py for tasks to queue
[2026-07-19T15:52:35.181+0000] {logging_mixin.py:190} INFO - [2026-07-19T15:52:35.180+0000] {dagbag.py:587} INFO - Filling up the DagBag from /opt/airflow/dags/sanity_checks.py
[2026-07-19T15:52:35.200+0000] {processor.py:925} INFO - DAG(s) 'airflow_sanity_check' retrieved from /opt/airflow/dags/sanity_checks.py
[2026-07-19T15:52:35.253+0000] {logging_mixin.py:190} INFO - [2026-07-19T15:52:35.253+0000] {dag.py:3211} INFO - Sync 1 DAGs
[2026-07-19T15:52:35.280+0000] {logging_mixin.py:190} INFO - [2026-07-19T15:52:35.280+0000] {dag.py:4138} INFO - Setting next_dagrun for airflow_sanity_check to None, run_after=None
[2026-07-19T15:52:35.315+0000] {processor.py:208} INFO - Processing /opt/airflow/dags/sanity_checks.py took 0.154 seconds
[2026-07-19T15:53:05.694+0000] {processor.py:186} INFO - Started process (PID=32548) to work on /opt/airflow/dags/sanity_checks.py
[2026-07-19T15:53:05.696+0000] {processor.py:914} INFO - Processing file /opt/airflow/dags/sanity_checks.py for tasks to queue
[2026-07-19T15:53:05.700+0000] {logging_mixin.py:190} INFO - [2026-07-19T15:53:05.700+0000] {dagbag.py:587} INFO - Filling up the DagBag from /opt/airflow/dags/sanity_checks.py
[2026-07-19T15:53:05.715+0000] {processor.py:925} INFO - DAG(s) 'airflow_sanity_check' retrieved from /opt/airflow/dags/sanity_checks.py
[2026-07-19T15:53:05.759+0000] {logging_mixin.py:190} INFO - [2026-07-19T15:53:05.758+0000] {dag.py:3211} INFO - Sync 1 DAGs
[2026-07-19T15:53:05.780+0000] {logging_mixin.py:190} INFO - [2026-07-19T15:53:05.780+0000] {dag.py:4138} INFO - Setting next_dagrun for airflow_sanity_check to None, run_after=None
[2026-07-19T15:53:05.806+0000] {processor.py:208} INFO - Processing /opt/airflow/dags/sanity_checks.py took 0.121 seconds
[2026-07-19T15:53:36.125+0000] {processor.py:186} INFO - Started process (PID=32558) to work on /opt/airflow/dags/sanity_checks.py
[2026-07-19T15:53:36.126+0000] {processor.py:914} INFO - Processing file /opt/airflow/dags/sanity_checks.py for tasks to queue
[2026-07-19T15:53:36.130+0000] {logging_mixin.py:190} INFO - [2026-07-19T15:53:36.130+0000] {dagbag.py:587} INFO - Filling up the DagBag from /opt/airflow/dags/sanity_checks.py
[2026-07-19T15:53:36.145+0000] {processor.py:925} INFO - DAG(s) 'airflow_sanity_check' retrieved from /opt/airflow/dags/sanity_checks.py
[2026-07-19T15:53:36.188+0000] {logging_mixin.py:190} INFO - [2026-07-19T15:53:36.187+0000] {dag.py:3211} INFO - Sync 1 DAGs
[2026-07-19T15:53:36.211+0000] {logging_mixin.py:190} INFO - [2026-07-19T15:53:36.211+0000] {dag.py:4138} INFO - Setting next_dagrun for airflow_sanity_check to None, run_after=None
[2026-07-19T15:53:36.240+0000] {processor.py:208} INFO - Processing /opt/airflow/dags/sanity_checks.py took 0.125 seconds
[2026-07-19T15:54:06.614+0000] {processor.py:186} INFO - Started process (PID=32568) to work on /opt/airflow/dags/sanity_checks.py
[2026-07-19T15:54:06.615+0000] {processor.py:914} INFO - Processing file /opt/airflow/dags/sanity_checks.py for tasks to queue
[2026-07-19T15:54:06.619+0000] {logging_mixin.py:190} INFO - [2026-07-19T15:54:06.619+0000] {dagbag.py:587} INFO - Filling up the DagBag from /opt/airflow/dags/sanity_checks.py
[2026-07-19T15:54:06.635+0000] {processor.py:925} INFO - DAG(s) 'airflow_sanity_check' retrieved from /opt/airflow/dags/sanity_checks.py
[2026-07-19T15:54:06.679+0000] {logging_mixin.py:190} INFO - [2026-07-19T15:54:06.678+0000] {dag.py:3211} INFO - Sync 1 DAGs
[2026-07-19T15:54:06.701+0000] {logging_mixin.py:190} INFO - [2026-07-19T15:54:06.701+0000] {dag.py:4138} INFO - Setting next_dagrun for airflow_sanity_check to None, run_after=None
[2026-07-19T15:54:06.731+0000] {processor.py:208} INFO - Processing /opt/airflow/dags/sanity_checks.py took 0.130 seconds
[2026-07-19T15:54:37.100+0000] {processor.py:186} INFO - Started process (PID=32578) to work on /opt/airflow/dags/sanity_checks.py
[2026-07-19T15:54:37.102+0000] {processor.py:914} INFO - Processing file /opt/airflow/dags/sanity_checks.py for tasks to queue
[2026-07-19T15:54:37.116+0000] {logging_mixin.py:190} INFO - [2026-07-19T15:54:37.115+0000] {dagbag.py:587} INFO - Filling up the DagBag from /opt/airflow/dags/sanity_checks.py
[2026-07-19T15:54:37.136+0000] {processor.py:925} INFO - DAG(s) 'airflow_sanity_check' retrieved from /opt/airflow/dags/sanity_checks.py
[2026-07-19T15:54:37.193+0000] {logging_mixin.py:190} INFO - [2026-07-19T15:54:37.193+0000] {dag.py:3211} INFO - Sync 1 DAGs
[2026-07-19T15:54:37.217+0000] {logging_mixin.py:190} INFO - [2026-07-19T15:54:37.217+0000] {dag.py:4138} INFO - Setting next_dagrun for airflow_sanity_check to None, run_after=None
[2026-07-19T15:54:37.245+0000] {processor.py:208} INFO - Processing /opt/airflow/dags/sanity_checks.py took 0.160 seconds
[2026-07-19T15:55:07.579+0000] {processor.py:186} INFO - Started process (PID=32588) to work on /opt/airflow/dags/sanity_checks.py
[2026-07-19T15:55:07.581+0000] {processor.py:914} INFO - Processing file /opt/airflow/dags/sanity_checks.py for tasks to queue
[2026-07-19T15:55:07.585+0000] {logging_mixin.py:190} INFO - [2026-07-19T15:55:07.585+0000] {dagbag.py:587} INFO - Filling up the DagBag from /opt/airflow/dags/sanity_checks.py
[2026-07-19T15:55:07.603+0000] {processor.py:925} INFO - DAG(s) 'airflow_sanity_check' retrieved from /opt/airflow/dags/sanity_checks.py
[2026-07-19T15:55:07.653+0000] {logging_mixin.py:190} INFO - [2026-07-19T15:55:07.652+0000] {dag.py:3211} INFO - Sync 1 DAGs
[2026-07-19T15:55:07.688+0000] {logging_mixin.py:190} INFO - [2026-07-19T15:55:07.687+0000] {dag.py:4138} INFO - Setting next_dagrun for airflow_sanity_check to None, run_after=None
[2026-07-19T15:55:07.721+0000] {processor.py:208} INFO - Processing /opt/airflow/dags/sanity_checks.py took 0.151 seconds
[2026-07-19T15:55:38.103+0000] {processor.py:186} INFO - Started process (PID=32598) to work on /opt/airflow/dags/sanity_checks.py
[2026-07-19T15:55:38.104+0000] {processor.py:914} INFO - Processing file /opt/airflow/dags/sanity_checks.py for tasks to queue
[2026-07-19T15:55:38.108+0000] {logging_mixin.py:190} INFO - [2026-07-19T15:55:38.107+0000] {dagbag.py:587} INFO - Filling up the DagBag from /opt/airflow/dags/sanity_checks.py
[2026-07-19T15:55:38.124+0000] {processor.py:925} INFO - DAG(s) 'airflow_sanity_check' retrieved from /opt/airflow/dags/sanity_checks.py
[2026-07-19T15:55:38.166+0000] {logging_mixin.py:190} INFO - [2026-07-19T15:55:38.166+0000] {dag.py:3211} INFO - Sync 1 DAGs
[2026-07-19T15:55:38.190+0000] {logging_mixin.py:190} INFO - [2026-07-19T15:55:38.190+0000] {dag.py:4138} INFO - Setting next_dagrun for airflow_sanity_check to None, run_after=None
[2026-07-19T15:55:38.219+0000] {processor.py:208} INFO - Processing /opt/airflow/dags/sanity_checks.py took 0.125 seconds
[2026-07-19T15:56:08.540+0000] {processor.py:186} INFO - Started process (PID=32608) to work on /opt/airflow/dags/sanity_checks.py
[2026-07-19T15:56:08.543+0000] {processor.py:914} INFO - Processing file /opt/airflow/dags/sanity_checks.py for tasks to queue
[2026-07-19T15:56:08.551+0000] {logging_mixin.py:190} INFO - [2026-07-19T15:56:08.550+0000] {dagbag.py:587} INFO - Filling up the DagBag from /opt/airflow/dags/sanity_checks.py
[2026-07-19T15:56:08.567+0000] {processor.py:925} INFO - DAG(s) 'airflow_sanity_check' retrieved from /opt/airflow/dags/sanity_checks.py
[2026-07-19T15:56:08.609+0000] {logging_mixin.py:190} INFO - [2026-07-19T15:56:08.609+0000] {dag.py:3211} INFO - Sync 1 DAGs
[2026-07-19T15:56:08.631+0000] {logging_mixin.py:190} INFO - [2026-07-19T15:56:08.630+0000] {dag.py:4138} INFO - Setting next_dagrun for airflow_sanity_check to None, run_after=None
[2026-07-19T15:56:08.659+0000] {processor.py:208} INFO - Processing /opt/airflow/dags/sanity_checks.py took 0.129 seconds
[2026-07-19T15:56:39.015+0000] {processor.py:186} INFO - Started process (PID=32618) to work on /opt/airflow/dags/sanity_checks.py
[2026-07-19T15:56:39.016+0000] {processor.py:914} INFO - Processing file /opt/airflow/dags/sanity_checks.py for tasks to queue
[2026-07-19T15:56:39.020+0000] {logging_mixin.py:190} INFO - [2026-07-19T15:56:39.020+0000] {dagbag.py:587} INFO - Filling up the DagBag from /opt/airflow/dags/sanity_checks.py
[2026-07-19T15:56:39.036+0000] {processor.py:925} INFO - DAG(s) 'airflow_sanity_check' retrieved from /opt/airflow/dags/sanity_checks.py
[2026-07-19T15:56:39.084+0000] {logging_mixin.py:190} INFO - [2026-07-19T15:56:39.084+0000] {dag.py:3211} INFO - Sync 1 DAGs
[2026-07-19T15:56:39.109+0000] {logging_mixin.py:190} INFO - [2026-07-19T15:56:39.109+0000] {dag.py:4138} INFO - Setting next_dagrun for airflow_sanity_check to None, run_after=None
[2026-07-19T15:56:39.143+0000] {processor.py:208} INFO - Processing /opt/airflow/dags/sanity_checks.py took 0.139 seconds
[2026-07-19T15:57:09.459+0000] {processor.py:186} INFO - Started process (PID=32628) to work on /opt/airflow/dags/sanity_checks.py
[2026-07-19T15:57:09.461+0000] {processor.py:914} INFO - Processing file /opt/airflow/dags/sanity_checks.py for tasks to queue
[2026-07-19T15:57:09.465+0000] {logging_mixin.py:190} INFO - [2026-07-19T15:57:09.464+0000] {dagbag.py:587} INFO - Filling up the DagBag from /opt/airflow/dags/sanity_checks.py
[2026-07-19T15:57:09.479+0000] {processor.py:925} INFO - DAG(s) 'airflow_sanity_check' retrieved from /opt/airflow/dags/sanity_checks.py
[2026-07-19T15:57:09.523+0000] {logging_mixin.py:190} INFO - [2026-07-19T15:57:09.522+0000] {dag.py:3211} INFO - Sync 1 DAGs
[2026-07-19T15:57:09.545+0000] {logging_mixin.py:190} INFO - [2026-07-19T15:57:09.545+0000] {dag.py:4138} INFO - Setting next_dagrun for airflow_sanity_check to None, run_after=None
[2026-07-19T15:57:09.575+0000] {processor.py:208} INFO - Processing /opt/airflow/dags/sanity_checks.py took 0.126 seconds
[2026-07-19T15:57:39.903+0000] {processor.py:186} INFO - Started process (PID=32638) to work on /opt/airflow/dags/sanity_checks.py
[2026-07-19T15:57:39.905+0000] {processor.py:914} INFO - Processing file /opt/airflow/dags/sanity_checks.py for tasks to queue
[2026-07-19T15:57:39.910+0000] {logging_mixin.py:190} INFO - [2026-07-19T15:57:39.910+0000] {dagbag.py:587} INFO - Filling up the DagBag from /opt/airflow/dags/sanity_checks.py
[2026-07-19T15:57:39.927+0000] {processor.py:925} INFO - DAG(s) 'airflow_sanity_check' retrieved from /opt/airflow/dags/sanity_checks.py
[2026-07-19T15:57:39.971+0000] {logging_mixin.py:190} INFO - [2026-07-19T15:57:39.971+0000] {dag.py:3211} INFO - Sync 1 DAGs
[2026-07-19T15:57:39.993+0000] {logging_mixin.py:190} INFO - [2026-07-19T15:57:39.992+0000] {dag.py:4138} INFO - Setting next_dagrun for airflow_sanity_check to None, run_after=None
[2026-07-19T15:57:40.023+0000] {processor.py:208} INFO - Processing /opt/airflow/dags/sanity_checks.py took 0.135 seconds
[2026-07-19T15:58:10.450+0000] {processor.py:186} INFO - Started process (PID=32648) to work on /opt/airflow/dags/sanity_checks.py
[2026-07-19T15:58:10.452+0000] {processor.py:914} INFO - Processing file /opt/airflow/dags/sanity_checks.py for tasks to queue
[2026-07-19T15:58:10.455+0000] {logging_mixin.py:190} INFO - [2026-07-19T15:58:10.455+0000] {dagbag.py:587} INFO - Filling up the DagBag from /opt/airflow/dags/sanity_checks.py
[2026-07-19T15:58:10.471+0000] {processor.py:925} INFO - DAG(s) 'airflow_sanity_check' retrieved from /opt/airflow/dags/sanity_checks.py
[2026-07-19T15:58:10.512+0000] {logging_mixin.py:190} INFO - [2026-07-19T15:58:10.512+0000] {dag.py:3211} INFO - Sync 1 DAGs
[2026-07-19T15:58:10.536+0000] {logging_mixin.py:190} INFO - [2026-07-19T15:58:10.535+0000] {dag.py:4138} INFO - Setting next_dagrun for airflow_sanity_check to None, run_after=None
[2026-07-19T15:58:10.564+0000] {processor.py:208} INFO - Processing /opt/airflow/dags/sanity_checks.py took 0.122 seconds
[2026-07-19T15:58:40.904+0000] {processor.py:186} INFO - Started process (PID=32658) to work on /opt/airflow/dags/sanity_checks.py
[2026-07-19T15:58:40.906+0000] {processor.py:914} INFO - Processing file /opt/airflow/dags/sanity_checks.py for tasks to queue
[2026-07-19T15:58:40.911+0000] {logging_mixin.py:190} INFO - [2026-07-19T15:58:40.911+0000] {dagbag.py:587} INFO - Filling up the DagBag from /opt/airflow/dags/sanity_checks.py
[2026-07-19T15:58:40.926+0000] {processor.py:925} INFO - DAG(s) 'airflow_sanity_check' retrieved from /opt/airflow/dags/sanity_checks.py
[2026-07-19T15:58:40.977+0000] {logging_mixin.py:190} INFO - [2026-07-19T15:58:40.977+0000] {dag.py:3211} INFO - Sync 1 DAGs
[2026-07-19T15:58:41.002+0000] {logging_mixin.py:190} INFO - [2026-07-19T15:58:41.002+0000] {dag.py:4138} INFO - Setting next_dagrun for airflow_sanity_check to None, run_after=None
[2026-07-19T15:58:41.034+0000] {processor.py:208} INFO - Processing /opt/airflow/dags/sanity_checks.py took 0.140 seconds
[2026-07-19T15:59:11.363+0000] {processor.py:186} INFO - Started process (PID=32668) to work on /opt/airflow/dags/sanity_checks.py
[2026-07-19T15:59:11.365+0000] {processor.py:914} INFO - Processing file /opt/airflow/dags/sanity_checks.py for tasks to queue
[2026-07-19T15:59:11.370+0000] {logging_mixin.py:190} INFO - [2026-07-19T15:59:11.369+0000] {dagbag.py:587} INFO - Filling up the DagBag from /opt/airflow/dags/sanity_checks.py
[2026-07-19T15:59:11.387+0000] {processor.py:925} INFO - DAG(s) 'airflow_sanity_check' retrieved from /opt/airflow/dags/sanity_checks.py
[2026-07-19T15:59:11.434+0000] {logging_mixin.py:190} INFO - [2026-07-19T15:59:11.434+0000] {dag.py:3211} INFO - Sync 1 DAGs
[2026-07-19T15:59:11.459+0000] {logging_mixin.py:190} INFO - [2026-07-19T15:59:11.459+0000] {dag.py:4138} INFO - Setting next_dagrun for airflow_sanity_check to None, run_after=None
[2026-07-19T15:59:11.492+0000] {processor.py:208} INFO - Processing /opt/airflow/dags/sanity_checks.py took 0.142 seconds
[2026-07-19T15:59:41.895+0000] {processor.py:186} INFO - Started process (PID=32678) to work on /opt/airflow/dags/sanity_checks.py
[2026-07-19T15:59:41.897+0000] {processor.py:914} INFO - Processing file /opt/airflow/dags/sanity_checks.py for tasks to queue
[2026-07-19T15:59:41.901+0000] {logging_mixin.py:190} INFO - [2026-07-19T15:59:41.901+0000] {dagbag.py:587} INFO - Filling up the DagBag from /opt/airflow/dags/sanity_checks.py
[2026-07-19T15:59:41.917+0000] {processor.py:925} INFO - DAG(s) 'airflow_sanity_check' retrieved from /opt/airflow/dags/sanity_checks.py
[2026-07-19T15:59:41.957+0000] {logging_mixin.py:190} INFO - [2026-07-19T15:59:41.957+0000] {dag.py:3211} INFO - Sync 1 DAGs
[2026-07-19T15:59:41.979+0000] {logging_mixin.py:190} INFO - [2026-07-19T15:59:41.979+0000] {dag.py:4138} INFO - Setting next_dagrun for airflow_sanity_check to None, run_after=None
[2026-07-19T15:59:42.004+0000] {processor.py:208} INFO - Processing /opt/airflow/dags/sanity_checks.py took 0.118 seconds
[2026-07-19T16:00:12.327+0000] {processor.py:186} INFO - Started process (PID=32688) to work on /opt/airflow/dags/sanity_checks.py
[2026-07-19T16:00:12.328+0000] {processor.py:914} INFO - Processing file /opt/airflow/dags/sanity_checks.py for tasks to queue
[2026-07-19T16:00:12.332+0000] {logging_mixin.py:190} INFO - [2026-07-19T16:00:12.331+0000] {dagbag.py:587} INFO - Filling up the DagBag from /opt/airflow/dags/sanity_checks.py
[2026-07-19T16:00:12.348+0000] {processor.py:925} INFO - DAG(s) 'airflow_sanity_check' retrieved from /opt/airflow/dags/sanity_checks.py
[2026-07-19T16:00:12.396+0000] {logging_mixin.py:190} INFO - [2026-07-19T16:00:12.396+0000] {dag.py:3211} INFO - Sync 1 DAGs
[2026-07-19T16:00:12.419+0000] {logging_mixin.py:190} INFO - [2026-07-19T16:00:12.418+0000] {dag.py:4138} INFO - Setting next_dagrun for airflow_sanity_check to None, run_after=None
[2026-07-19T16:00:12.449+0000] {processor.py:208} INFO - Processing /opt/airflow/dags/sanity_checks.py took 0.134 seconds
[2026-07-19T16:00:42.774+0000] {processor.py:186} INFO - Started process (PID=32698) to work on /opt/airflow/dags/sanity_checks.py
[2026-07-19T16:00:42.776+0000] {processor.py:914} INFO - Processing file /opt/airflow/dags/sanity_checks.py for tasks to queue
[2026-07-19T16:00:42.780+0000] {logging_mixin.py:190} INFO - [2026-07-19T16:00:42.780+0000] {dagbag.py:587} INFO - Filling up the DagBag from /opt/airflow/dags/sanity_checks.py
[2026-07-19T16:00:42.797+0000] {processor.py:925} INFO - DAG(s) 'airflow_sanity_check' retrieved from /opt/airflow/dags/sanity_checks.py
[2026-07-19T16:00:42.844+0000] {logging_mixin.py:190} INFO - [2026-07-19T16:00:42.843+0000] {dag.py:3211} INFO - Sync 1 DAGs
[2026-07-19T16:00:42.866+0000] {logging_mixin.py:190} INFO - [2026-07-19T16:00:42.866+0000] {dag.py:4138} INFO - Setting next_dagrun for airflow_sanity_check to None, run_after=None
[2026-07-19T16:00:42.898+0000] {processor.py:208} INFO - Processing /opt/airflow/dags/sanity_checks.py took 0.136 seconds
[2026-07-19T16:01:13.236+0000] {processor.py:186} INFO - Started process (PID=32708) to work on /opt/airflow/dags/sanity_checks.py
[2026-07-19T16:01:13.237+0000] {processor.py:914} INFO - Processing file /opt/airflow/dags/sanity_checks.py for tasks to queue
[2026-07-19T16:01:13.241+0000] {logging_mixin.py:190} INFO - [2026-07-19T16:01:13.240+0000] {dagbag.py:587} INFO - Filling up the DagBag from /opt/airflow/dags/sanity_checks.py
[2026-07-19T16:01:13.256+0000] {processor.py:925} INFO - DAG(s) 'airflow_sanity_check' retrieved from /opt/airflow/dags/sanity_checks.py
[2026-07-19T16:01:13.298+0000] {logging_mixin.py:190} INFO - [2026-07-19T16:01:13.298+0000] {dag.py:3211} INFO - Sync 1 DAGs
[2026-07-19T16:01:13.325+0000] {logging_mixin.py:190} INFO - [2026-07-19T16:01:13.324+0000] {dag.py:4138} INFO - Setting next_dagrun for airflow_sanity_check to None, run_after=None
[2026-07-19T16:01:13.353+0000] {processor.py:208} INFO - Processing /opt/airflow/dags/sanity_checks.py took 0.126 seconds
[2026-07-19T16:01:43.672+0000] {processor.py:186} INFO - Started process (PID=32718) to work on /opt/airflow/dags/sanity_checks.py
[2026-07-19T16:01:43.673+0000] {processor.py:914} INFO - Processing file /opt/airflow/dags/sanity_checks.py for tasks to queue
[2026-07-19T16:01:43.678+0000] {logging_mixin.py:190} INFO - [2026-07-19T16:01:43.677+0000] {dagbag.py:587} INFO - Filling up the DagBag from /opt/airflow/dags/sanity_checks.py
[2026-07-19T16:01:43.696+0000] {processor.py:925} INFO - DAG(s) 'airflow_sanity_check' retrieved from /opt/airflow/dags/sanity_checks.py
[2026-07-19T16:01:43.745+0000] {logging_mixin.py:190} INFO - [2026-07-19T16:01:43.744+0000] {dag.py:3211} INFO - Sync 1 DAGs
[2026-07-19T16:01:43.771+0000] {logging_mixin.py:190} INFO - [2026-07-19T16:01:43.771+0000] {dag.py:4138} INFO - Setting next_dagrun for airflow_sanity_check to None, run_after=None
[2026-07-19T16:01:43.803+0000] {processor.py:208} INFO - Processing /opt/airflow/dags/sanity_checks.py took 0.143 seconds
[2026-07-19T16:02:14.205+0000] {processor.py:186} INFO - Started process (PID=32728) to work on /opt/airflow/dags/sanity_checks.py
[2026-07-19T16:02:14.206+0000] {processor.py:914} INFO - Processing file /opt/airflow/dags/sanity_checks.py for tasks to queue
[2026-07-19T16:02:14.210+0000] {logging_mixin.py:190} INFO - [2026-07-19T16:02:14.209+0000] {dagbag.py:587} INFO - Filling up the DagBag from /opt/airflow/dags/sanity_checks.py
[2026-07-19T16:02:14.226+0000] {processor.py:925} INFO - DAG(s) 'airflow_sanity_check' retrieved from /opt/airflow/dags/sanity_checks.py
[2026-07-19T16:02:14.273+0000] {logging_mixin.py:190} INFO - [2026-07-19T16:02:14.272+0000] {dag.py:3211} INFO - Sync 1 DAGs
[2026-07-19T16:02:14.312+0000] {logging_mixin.py:190} INFO - [2026-07-19T16:02:14.312+0000] {dag.py:4138} INFO - Setting next_dagrun for airflow_sanity_check to None, run_after=None
[2026-07-19T16:02:14.340+0000] {processor.py:208} INFO - Processing /opt/airflow/dags/sanity_checks.py took 0.145 seconds
[2026-07-19T16:02:44.667+0000] {processor.py:186} INFO - Started process (PID=32738) to work on /opt/airflow/dags/sanity_checks.py
[2026-07-19T16:02:44.669+0000] {processor.py:914} INFO - Processing file /opt/airflow/dags/sanity_checks.py for tasks to queue
[2026-07-19T16:02:44.675+0000] {logging_mixin.py:190} INFO - [2026-07-19T16:02:44.675+0000] {dagbag.py:587} INFO - Filling up the DagBag from /opt/airflow/dags/sanity_checks.py
[2026-07-19T16:02:44.694+0000] {processor.py:925} INFO - DAG(s) 'airflow_sanity_check' retrieved from /opt/airflow/dags/sanity_checks.py
[2026-07-19T16:02:44.744+0000] {logging_mixin.py:190} INFO - [2026-07-19T16:02:44.743+0000] {dag.py:3211} INFO - Sync 1 DAGs
[2026-07-19T16:02:44.769+0000] {logging_mixin.py:190} INFO - [2026-07-19T16:02:44.769+0000] {dag.py:4138} INFO - Setting next_dagrun for airflow_sanity_check to None, run_after=None
[2026-07-19T16:02:44.799+0000] {processor.py:208} INFO - Processing /opt/airflow/dags/sanity_checks.py took 0.143 seconds
[2026-07-19T16:03:15.189+0000] {processor.py:186} INFO - Started process (PID=32748) to work on /opt/airflow/dags/sanity_checks.py
[2026-07-19T16:03:15.191+0000] {processor.py:914} INFO - Processing file /opt/airflow/dags/sanity_checks.py for tasks to queue
[2026-07-19T16:03:15.195+0000] {logging_mixin.py:190} INFO - [2026-07-19T16:03:15.194+0000] {dagbag.py:587} INFO - Filling up the DagBag from /opt/airflow/dags/sanity_checks.py
[2026-07-19T16:03:15.211+0000] {processor.py:925} INFO - DAG(s) 'airflow_sanity_check' retrieved from /opt/airflow/dags/sanity_checks.py
[2026-07-19T16:03:15.253+0000] {logging_mixin.py:190} INFO - [2026-07-19T16:03:15.253+0000] {dag.py:3211} INFO - Sync 1 DAGs
[2026-07-19T16:03:15.276+0000] {logging_mixin.py:190} INFO - [2026-07-19T16:03:15.275+0000] {dag.py:4138} INFO - Setting next_dagrun for airflow_sanity_check to None, run_after=None
[2026-07-19T16:03:15.307+0000] {processor.py:208} INFO - Processing /opt/airflow/dags/sanity_checks.py took 0.128 seconds
[2026-07-19T16:03:45.644+0000] {processor.py:186} INFO - Started process (PID=32758) to work on /opt/airflow/dags/sanity_checks.py
[2026-07-19T16:03:45.645+0000] {processor.py:914} INFO - Processing file /opt/airflow/dags/sanity_checks.py for tasks to queue
[2026-07-19T16:03:45.649+0000] {logging_mixin.py:190} INFO - [2026-07-19T16:03:45.648+0000] {dagbag.py:587} INFO - Filling up the DagBag from /opt/airflow/dags/sanity_checks.py
[2026-07-19T16:03:45.664+0000] {processor.py:925} INFO - DAG(s) 'airflow_sanity_check' retrieved from /opt/airflow/dags/sanity_checks.py
[2026-07-19T16:03:45.706+0000] {logging_mixin.py:190} INFO - [2026-07-19T16:03:45.705+0000] {dag.py:3211} INFO - Sync 1 DAGs
[2026-07-19T16:03:45.728+0000] {logging_mixin.py:190} INFO - [2026-07-19T16:03:45.728+0000] {dag.py:4138} INFO - Setting next_dagrun for airflow_sanity_check to None, run_after=None
[2026-07-19T16:03:45.756+0000] {processor.py:208} INFO - Processing /opt/airflow/dags/sanity_checks.py took 0.121 seconds
[2026-07-19T16:04:16.094+0000] {processor.py:186} INFO - Started process (PID=32768) to work on /opt/airflow/dags/sanity_checks.py
[2026-07-19T16:04:16.095+0000] {processor.py:914} INFO - Processing file /opt/airflow/dags/sanity_checks.py for tasks to queue
[2026-07-19T16:04:16.098+0000] {logging_mixin.py:190} INFO - [2026-07-19T16:04:16.098+0000] {dagbag.py:587} INFO - Filling up the DagBag from /opt/airflow/dags/sanity_checks.py
[2026-07-19T16:04:16.114+0000] {processor.py:925} INFO - DAG(s) 'airflow_sanity_check' retrieved from /opt/airflow/dags/sanity_checks.py
[2026-07-19T16:04:16.157+0000] {logging_mixin.py:190} INFO - [2026-07-19T16:04:16.156+0000] {dag.py:3211} INFO - Sync 1 DAGs
[2026-07-19T16:04:16.178+0000] {logging_mixin.py:190} INFO - [2026-07-19T16:04:16.178+0000] {dag.py:4138} INFO - Setting next_dagrun for airflow_sanity_check to None, run_after=None
[2026-07-19T16:04:16.206+0000] {processor.py:208} INFO - Processing /opt/airflow/dags/sanity_checks.py took 0.121 seconds
[2026-07-19T16:04:46.567+0000] {processor.py:186} INFO - Started process (PID=32778) to work on /opt/airflow/dags/sanity_checks.py
[2026-07-19T16:04:46.568+0000] {processor.py:914} INFO - Processing file /opt/airflow/dags/sanity_checks.py for tasks to queue
[2026-07-19T16:04:46.572+0000] {logging_mixin.py:190} INFO - [2026-07-19T16:04:46.572+0000] {dagbag.py:587} INFO - Filling up the DagBag from /opt/airflow/dags/sanity_checks.py
[2026-07-19T16:04:46.588+0000] {processor.py:925} INFO - DAG(s) 'airflow_sanity_check' retrieved from /opt/airflow/dags/sanity_checks.py
[2026-07-19T16:04:46.640+0000] {logging_mixin.py:190} INFO - [2026-07-19T16:04:46.640+0000] {dag.py:3211} INFO - Sync 1 DAGs
[2026-07-19T16:04:46.672+0000] {logging_mixin.py:190} INFO - [2026-07-19T16:04:46.671+0000] {dag.py:4138} INFO - Setting next_dagrun for airflow_sanity_check to None, run_after=None
[2026-07-19T16:04:46.733+0000] {processor.py:208} INFO - Processing /opt/airflow/dags/sanity_checks.py took 0.175 seconds
[2026-07-19T16:05:17.073+0000] {processor.py:186} INFO - Started process (PID=32788) to work on /opt/airflow/dags/sanity_checks.py
[2026-07-19T16:05:17.075+0000] {processor.py:914} INFO - Processing file /opt/airflow/dags/sanity_checks.py for tasks to queue
[2026-07-19T16:05:17.079+0000] {logging_mixin.py:190} INFO - [2026-07-19T16:05:17.079+0000] {dagbag.py:587} INFO - Filling up the DagBag from /opt/airflow/dags/sanity_checks.py
[2026-07-19T16:05:17.098+0000] {processor.py:925} INFO - DAG(s) 'airflow_sanity_check' retrieved from /opt/airflow/dags/sanity_checks.py
[2026-07-19T16:05:17.141+0000] {logging_mixin.py:190} INFO - [2026-07-19T16:05:17.141+0000] {dag.py:3211} INFO - Sync 1 DAGs
[2026-07-19T16:05:17.163+0000] {logging_mixin.py:190} INFO - [2026-07-19T16:05:17.163+0000] {dag.py:4138} INFO - Setting next_dagrun for airflow_sanity_check to None, run_after=None
[2026-07-19T16:05:17.192+0000] {processor.py:208} INFO - Processing /opt/airflow/dags/sanity_checks.py took 0.132 seconds
[2026-07-19T16:05:47.523+0000] {processor.py:186} INFO - Started process (PID=32798) to work on /opt/airflow/dags/sanity_checks.py
[2026-07-19T16:05:47.525+0000] {processor.py:914} INFO - Processing file /opt/airflow/dags/sanity_checks.py for tasks to queue
[2026-07-19T16:05:47.530+0000] {logging_mixin.py:190} INFO - [2026-07-19T16:05:47.529+0000] {dagbag.py:587} INFO - Filling up the DagBag from /opt/airflow/dags/sanity_checks.py
[2026-07-19T16:05:47.547+0000] {processor.py:925} INFO - DAG(s) 'airflow_sanity_check' retrieved from /opt/airflow/dags/sanity_checks.py
[2026-07-19T16:05:47.605+0000] {logging_mixin.py:190} INFO - [2026-07-19T16:05:47.604+0000] {dag.py:3211} INFO - Sync 1 DAGs
[2026-07-19T16:05:47.630+0000] {logging_mixin.py:190} INFO - [2026-07-19T16:05:47.630+0000] {dag.py:4138} INFO - Setting next_dagrun for airflow_sanity_check to None, run_after=None
[2026-07-19T16:05:47.657+0000] {processor.py:208} INFO - Processing /opt/airflow/dags/sanity_checks.py took 0.146 seconds
[2026-07-19T16:06:17.955+0000] {processor.py:186} INFO - Started process (PID=32808) to work on /opt/airflow/dags/sanity_checks.py
[2026-07-19T16:06:17.957+0000] {processor.py:914} INFO - Processing file /opt/airflow/dags/sanity_checks.py for tasks to queue
[2026-07-19T16:06:17.962+0000] {logging_mixin.py:190} INFO - [2026-07-19T16:06:17.962+0000] {dagbag.py:587} INFO - Filling up the DagBag from /opt/airflow/dags/sanity_checks.py
[2026-07-19T16:06:17.977+0000] {processor.py:925} INFO - DAG(s) 'airflow_sanity_check' retrieved from /opt/airflow/dags/sanity_checks.py
[2026-07-19T16:06:18.019+0000] {logging_mixin.py:190} INFO - [2026-07-19T16:06:18.018+0000] {dag.py:3211} INFO - Sync 1 DAGs
[2026-07-19T16:06:18.041+0000] {logging_mixin.py:190} INFO - [2026-07-19T16:06:18.041+0000] {dag.py:4138} INFO - Setting next_dagrun for airflow_sanity_check to None, run_after=None
[2026-07-19T16:06:18.069+0000] {processor.py:208} INFO - Processing /opt/airflow/dags/sanity_checks.py took 0.124 seconds
[2026-07-19T16:06:48.377+0000] {processor.py:186} INFO - Started process (PID=32818) to work on /opt/airflow/dags/sanity_checks.py
[2026-07-19T16:06:48.379+0000] {processor.py:914} INFO - Processing file /opt/airflow/dags/sanity_checks.py for tasks to queue
[2026-07-19T16:06:48.384+0000] {logging_mixin.py:190} INFO - [2026-07-19T16:06:48.383+0000] {dagbag.py:587} INFO - Filling up the DagBag from /opt/airflow/dags/sanity_checks.py
[2026-07-19T16:06:48.399+0000] {processor.py:925} INFO - DAG(s) 'airflow_sanity_check' retrieved from /opt/airflow/dags/sanity_checks.py
[2026-07-19T16:06:48.441+0000] {logging_mixin.py:190} INFO - [2026-07-19T16:06:48.440+0000] {dag.py:3211} INFO - Sync 1 DAGs
[2026-07-19T16:06:48.463+0000] {logging_mixin.py:190} INFO - [2026-07-19T16:06:48.463+0000] {dag.py:4138} INFO - Setting next_dagrun for airflow_sanity_check to None, run_after=None
[2026-07-19T16:06:48.489+0000] {processor.py:208} INFO - Processing /opt/airflow/dags/sanity_checks.py took 0.121 seconds
[2026-07-19T16:07:18.789+0000] {processor.py:186} INFO - Started process (PID=32828) to work on /opt/airflow/dags/sanity_checks.py
[2026-07-19T16:07:18.791+0000] {processor.py:914} INFO - Processing file /opt/airflow/dags/sanity_checks.py for tasks to queue
[2026-07-19T16:07:18.794+0000] {logging_mixin.py:190} INFO - [2026-07-19T16:07:18.794+0000] {dagbag.py:587} INFO - Filling up the DagBag from /opt/airflow/dags/sanity_checks.py
[2026-07-19T16:07:18.809+0000] {processor.py:925} INFO - DAG(s) 'airflow_sanity_check' retrieved from /opt/airflow/dags/sanity_checks.py
[2026-07-19T16:07:18.850+0000] {logging_mixin.py:190} INFO - [2026-07-19T16:07:18.850+0000] {dag.py:3211} INFO - Sync 1 DAGs
[2026-07-19T16:07:18.872+0000] {logging_mixin.py:190} INFO - [2026-07-19T16:07:18.872+0000] {dag.py:4138} INFO - Setting next_dagrun for airflow_sanity_check to None, run_after=None
[2026-07-19T16:07:18.899+0000] {processor.py:208} INFO - Processing /opt/airflow/dags/sanity_checks.py took 0.119 seconds
[2026-07-19T16:07:49.250+0000] {processor.py:186} INFO - Started process (PID=32838) to work on /opt/airflow/dags/sanity_checks.py
[2026-07-19T16:07:49.252+0000] {processor.py:914} INFO - Processing file /opt/airflow/dags/sanity_checks.py for tasks to queue
[2026-07-19T16:07:49.257+0000] {logging_mixin.py:190} INFO - [2026-07-19T16:07:49.257+0000] {dagbag.py:587} INFO - Filling up the DagBag from /opt/airflow/dags/sanity_checks.py
[2026-07-19T16:07:49.279+0000] {processor.py:925} INFO - DAG(s) 'airflow_sanity_check' retrieved from /opt/airflow/dags/sanity_checks.py
[2026-07-19T16:07:49.343+0000] {logging_mixin.py:190} INFO - [2026-07-19T16:07:49.343+0000] {dag.py:3211} INFO - Sync 1 DAGs
[2026-07-19T16:07:49.366+0000] {logging_mixin.py:190} INFO - [2026-07-19T16:07:49.366+0000] {dag.py:4138} INFO - Setting next_dagrun for airflow_sanity_check to None, run_after=None
[2026-07-19T16:07:49.392+0000] {processor.py:208} INFO - Processing /opt/airflow/dags/sanity_checks.py took 0.153 seconds
[2026-07-19T16:08:19.886+0000] {processor.py:186} INFO - Started process (PID=32848) to work on /opt/airflow/dags/sanity_checks.py
[2026-07-19T16:08:19.888+0000] {processor.py:914} INFO - Processing file /opt/airflow/dags/sanity_checks.py for tasks to queue
[2026-07-19T16:08:19.893+0000] {logging_mixin.py:190} INFO - [2026-07-19T16:08:19.892+0000] {dagbag.py:587} INFO - Filling up the DagBag from /opt/airflow/dags/sanity_checks.py
[2026-07-19T16:08:19.910+0000] {processor.py:925} INFO - DAG(s) 'airflow_sanity_check' retrieved from /opt/airflow/dags/sanity_checks.py
[2026-07-19T16:08:19.953+0000] {logging_mixin.py:190} INFO - [2026-07-19T16:08:19.953+0000] {dag.py:3211} INFO - Sync 1 DAGs
[2026-07-19T16:08:19.976+0000] {logging_mixin.py:190} INFO - [2026-07-19T16:08:19.975+0000] {dag.py:4138} INFO - Setting next_dagrun for airflow_sanity_check to None, run_after=None
[2026-07-19T16:08:20.006+0000] {processor.py:208} INFO - Processing /opt/airflow/dags/sanity_checks.py took 0.129 seconds
[2026-07-19T16:08:50.328+0000] {processor.py:186} INFO - Started process (PID=32858) to work on /opt/airflow/dags/sanity_checks.py
[2026-07-19T16:08:50.330+0000] {processor.py:914} INFO - Processing file /opt/airflow/dags/sanity_checks.py for tasks to queue
[2026-07-19T16:08:50.335+0000] {logging_mixin.py:190} INFO - [2026-07-19T16:08:50.335+0000] {dagbag.py:587} INFO - Filling up the DagBag from /opt/airflow/dags/sanity_checks.py
[2026-07-19T16:08:50.355+0000] {processor.py:925} INFO - DAG(s) 'airflow_sanity_check' retrieved from /opt/airflow/dags/sanity_checks.py
[2026-07-19T16:08:50.407+0000] {logging_mixin.py:190} INFO - [2026-07-19T16:08:50.407+0000] {dag.py:3211} INFO - Sync 1 DAGs
[2026-07-19T16:08:50.455+0000] {logging_mixin.py:190} INFO - [2026-07-19T16:08:50.455+0000] {dag.py:4138} INFO - Setting next_dagrun for airflow_sanity_check to None, run_after=None
[2026-07-19T16:08:50.506+0000] {processor.py:208} INFO - Processing /opt/airflow/dags/sanity_checks.py took 0.190 seconds
[2026-07-19T16:09:22.416+0000] {processor.py:186} INFO - Started process (PID=32868) to work on /opt/airflow/dags/sanity_checks.py
[2026-07-19T16:09:22.577+0000] {processor.py:914} INFO - Processing file /opt/airflow/dags/sanity_checks.py for tasks to queue
[2026-07-19T16:09:22.859+0000] {logging_mixin.py:190} INFO - [2026-07-19T16:09:22.815+0000] {dagbag.py:587} INFO - Filling up the DagBag from /opt/airflow/dags/sanity_checks.py
[2026-07-19T16:09:23.721+0000] {processor.py:925} INFO - DAG(s) 'airflow_sanity_check' retrieved from /opt/airflow/dags/sanity_checks.py
[2026-07-19T16:09:25.083+0000] {logging_mixin.py:190} INFO - [2026-07-19T16:09:25.082+0000] {dag.py:3211} INFO - Sync 1 DAGs
[2026-07-19T16:09:25.311+0000] {logging_mixin.py:190} INFO - [2026-07-19T16:09:25.309+0000] {dag.py:4138} INFO - Setting next_dagrun for airflow_sanity_check to None, run_after=None
[2026-07-19T16:09:25.535+0000] {processor.py:208} INFO - Processing /opt/airflow/dags/sanity_checks.py took 4.313 seconds
[2026-07-19T16:09:55.940+0000] {processor.py:186} INFO - Started process (PID=32878) to work on /opt/airflow/dags/sanity_checks.py
[2026-07-19T16:09:55.942+0000] {processor.py:914} INFO - Processing file /opt/airflow/dags/sanity_checks.py for tasks to queue
[2026-07-19T16:09:55.966+0000] {logging_mixin.py:190} INFO - [2026-07-19T16:09:55.956+0000] {dagbag.py:587} INFO - Filling up the DagBag from /opt/airflow/dags/sanity_checks.py
[2026-07-19T16:09:56.075+0000] {processor.py:925} INFO - DAG(s) 'airflow_sanity_check' retrieved from /opt/airflow/dags/sanity_checks.py
[2026-07-19T16:09:56.253+0000] {logging_mixin.py:190} INFO - [2026-07-19T16:09:56.252+0000] {dag.py:3211} INFO - Sync 1 DAGs
[2026-07-19T16:09:56.356+0000] {logging_mixin.py:190} INFO - [2026-07-19T16:09:56.356+0000] {dag.py:4138} INFO - Setting next_dagrun for airflow_sanity_check to None, run_after=None
[2026-07-19T16:09:56.450+0000] {processor.py:208} INFO - Processing /opt/airflow/dags/sanity_checks.py took 0.520 seconds
[2026-07-19T16:10:26.805+0000] {processor.py:186} INFO - Started process (PID=32888) to work on /opt/airflow/dags/sanity_checks.py
[2026-07-19T16:10:26.811+0000] {processor.py:914} INFO - Processing file /opt/airflow/dags/sanity_checks.py for tasks to queue
[2026-07-19T16:10:26.835+0000] {logging_mixin.py:190} INFO - [2026-07-19T16:10:26.833+0000] {dagbag.py:587} INFO - Filling up the DagBag from /opt/airflow/dags/sanity_checks.py
[2026-07-19T16:10:26.892+0000] {processor.py:925} INFO - DAG(s) 'airflow_sanity_check' retrieved from /opt/airflow/dags/sanity_checks.py
[2026-07-19T16:10:26.984+0000] {logging_mixin.py:190} INFO - [2026-07-19T16:10:26.984+0000] {dag.py:3211} INFO - Sync 1 DAGs
[2026-07-19T16:10:27.035+0000] {logging_mixin.py:190} INFO - [2026-07-19T16:10:27.034+0000] {dag.py:4138} INFO - Setting next_dagrun for airflow_sanity_check to None, run_after=None
[2026-07-19T16:10:27.087+0000] {processor.py:208} INFO - Processing /opt/airflow/dags/sanity_checks.py took 0.316 seconds
[2026-07-19T16:10:58.626+0000] {processor.py:186} INFO - Started process (PID=32898) to work on /opt/airflow/dags/sanity_checks.py
[2026-07-19T16:10:58.635+0000] {processor.py:914} INFO - Processing file /opt/airflow/dags/sanity_checks.py for tasks to queue
[2026-07-19T16:10:58.665+0000] {logging_mixin.py:190} INFO - [2026-07-19T16:10:58.664+0000] {dagbag.py:587} INFO - Filling up the DagBag from /opt/airflow/dags/sanity_checks.py
[2026-07-19T16:10:58.813+0000] {processor.py:925} INFO - DAG(s) 'airflow_sanity_check' retrieved from /opt/airflow/dags/sanity_checks.py
[2026-07-19T16:10:58.949+0000] {logging_mixin.py:190} INFO - [2026-07-19T16:10:58.948+0000] {dag.py:3211} INFO - Sync 1 DAGs
[2026-07-19T16:10:59.027+0000] {logging_mixin.py:190} INFO - [2026-07-19T16:10:59.027+0000] {dag.py:4138} INFO - Setting next_dagrun for airflow_sanity_check to None, run_after=None
[2026-07-19T16:10:59.562+0000] {processor.py:208} INFO - Processing /opt/airflow/dags/sanity_checks.py took 0.989 seconds
[2026-07-19T16:11:30.321+0000] {processor.py:186} INFO - Started process (PID=32908) to work on /opt/airflow/dags/sanity_checks.py
[2026-07-19T16:11:30.340+0000] {processor.py:914} INFO - Processing file /opt/airflow/dags/sanity_checks.py for tasks to queue
[2026-07-19T16:11:30.446+0000] {logging_mixin.py:190} INFO - [2026-07-19T16:11:30.443+0000] {dagbag.py:587} INFO - Filling up the DagBag from /opt/airflow/dags/sanity_checks.py
[2026-07-19T16:11:30.683+0000] {processor.py:925} INFO - DAG(s) 'airflow_sanity_check' retrieved from /opt/airflow/dags/sanity_checks.py
[2026-07-19T16:11:31.216+0000] {logging_mixin.py:190} INFO - [2026-07-19T16:11:31.215+0000] {dag.py:3211} INFO - Sync 1 DAGs
[2026-07-19T16:11:31.599+0000] {logging_mixin.py:190} INFO - [2026-07-19T16:11:31.598+0000] {dag.py:4138} INFO - Setting next_dagrun for airflow_sanity_check to None, run_after=None
[2026-07-19T16:11:31.726+0000] {processor.py:208} INFO - Processing /opt/airflow/dags/sanity_checks.py took 1.522 seconds
[2026-07-19T16:12:03.740+0000] {processor.py:186} INFO - Started process (PID=32918) to work on /opt/airflow/dags/sanity_checks.py
[2026-07-19T16:12:03.748+0000] {processor.py:914} INFO - Processing file /opt/airflow/dags/sanity_checks.py for tasks to queue
[2026-07-19T16:12:03.762+0000] {logging_mixin.py:190} INFO - [2026-07-19T16:12:03.760+0000] {dagbag.py:587} INFO - Filling up the DagBag from /opt/airflow/dags/sanity_checks.py
[2026-07-19T16:12:03.838+0000] {processor.py:925} INFO - DAG(s) 'airflow_sanity_check' retrieved from /opt/airflow/dags/sanity_checks.py
[2026-07-19T16:12:03.999+0000] {logging_mixin.py:190} INFO - [2026-07-19T16:12:03.998+0000] {dag.py:3211} INFO - Sync 1 DAGs
[2026-07-19T16:12:04.050+0000] {logging_mixin.py:190} INFO - [2026-07-19T16:12:04.050+0000] {dag.py:4138} INFO - Setting next_dagrun for airflow_sanity_check to None, run_after=None
[2026-07-19T16:12:04.102+0000] {processor.py:208} INFO - Processing /opt/airflow/dags/sanity_checks.py took 0.422 seconds
[2026-07-19T16:12:35.122+0000] {processor.py:186} INFO - Started process (PID=32928) to work on /opt/airflow/dags/sanity_checks.py
[2026-07-19T16:12:35.162+0000] {processor.py:914} INFO - Processing file /opt/airflow/dags/sanity_checks.py for tasks to queue
[2026-07-19T16:12:35.319+0000] {logging_mixin.py:190} INFO - [2026-07-19T16:12:35.292+0000] {dagbag.py:587} INFO - Filling up the DagBag from /opt/airflow/dags/sanity_checks.py
[2026-07-19T16:12:35.756+0000] {processor.py:925} INFO - DAG(s) 'airflow_sanity_check' retrieved from /opt/airflow/dags/sanity_checks.py
[2026-07-19T16:12:36.022+0000] {logging_mixin.py:190} INFO - [2026-07-19T16:12:36.021+0000] {dag.py:3211} INFO - Sync 1 DAGs
[2026-07-19T16:12:36.108+0000] {logging_mixin.py:190} INFO - [2026-07-19T16:12:36.105+0000] {dag.py:4138} INFO - Setting next_dagrun for airflow_sanity_check to None, run_after=None
[2026-07-19T16:12:36.214+0000] {processor.py:208} INFO - Processing /opt/airflow/dags/sanity_checks.py took 1.193 seconds
[2026-07-19T16:13:06.909+0000] {processor.py:186} INFO - Started process (PID=32938) to work on /opt/airflow/dags/sanity_checks.py
[2026-07-19T16:13:06.914+0000] {processor.py:914} INFO - Processing file /opt/airflow/dags/sanity_checks.py for tasks to queue
[2026-07-19T16:13:06.922+0000] {logging_mixin.py:190} INFO - [2026-07-19T16:13:06.921+0000] {dagbag.py:587} INFO - Filling up the DagBag from /opt/airflow/dags/sanity_checks.py
[2026-07-19T16:13:06.966+0000] {processor.py:925} INFO - DAG(s) 'airflow_sanity_check' retrieved from /opt/airflow/dags/sanity_checks.py
[2026-07-19T16:13:07.117+0000] {logging_mixin.py:190} INFO - [2026-07-19T16:13:07.116+0000] {dag.py:3211} INFO - Sync 1 DAGs
[2026-07-19T16:13:07.249+0000] {logging_mixin.py:190} INFO - [2026-07-19T16:13:07.249+0000] {dag.py:4138} INFO - Setting next_dagrun for airflow_sanity_check to None, run_after=None
[2026-07-19T16:13:07.357+0000] {processor.py:208} INFO - Processing /opt/airflow/dags/sanity_checks.py took 0.507 seconds
[2026-07-19T16:13:37.921+0000] {processor.py:186} INFO - Started process (PID=32948) to work on /opt/airflow/dags/sanity_checks.py
[2026-07-19T16:13:37.927+0000] {processor.py:914} INFO - Processing file /opt/airflow/dags/sanity_checks.py for tasks to queue
[2026-07-19T16:13:37.936+0000] {logging_mixin.py:190} INFO - [2026-07-19T16:13:37.935+0000] {dagbag.py:587} INFO - Filling up the DagBag from /opt/airflow/dags/sanity_checks.py
[2026-07-19T16:13:37.966+0000] {processor.py:925} INFO - DAG(s) 'airflow_sanity_check' retrieved from /opt/airflow/dags/sanity_checks.py
[2026-07-19T16:13:38.050+0000] {logging_mixin.py:190} INFO - [2026-07-19T16:13:38.050+0000] {dag.py:3211} INFO - Sync 1 DAGs
[2026-07-19T16:13:38.082+0000] {logging_mixin.py:190} INFO - [2026-07-19T16:13:38.082+0000] {dag.py:4138} INFO - Setting next_dagrun for airflow_sanity_check to None, run_after=None
[2026-07-19T16:13:38.123+0000] {processor.py:208} INFO - Processing /opt/airflow/dags/sanity_checks.py took 0.227 seconds
[2026-07-19T16:14:08.533+0000] {processor.py:186} INFO - Started process (PID=32958) to work on /opt/airflow/dags/sanity_checks.py
[2026-07-19T16:14:08.535+0000] {processor.py:914} INFO - Processing file /opt/airflow/dags/sanity_checks.py for tasks to queue
[2026-07-19T16:14:08.538+0000] {logging_mixin.py:190} INFO - [2026-07-19T16:14:08.537+0000] {dagbag.py:587} INFO - Filling up the DagBag from /opt/airflow/dags/sanity_checks.py
[2026-07-19T16:14:08.560+0000] {processor.py:925} INFO - DAG(s) 'airflow_sanity_check' retrieved from /opt/airflow/dags/sanity_checks.py
[2026-07-19T16:14:08.680+0000] {logging_mixin.py:190} INFO - [2026-07-19T16:14:08.680+0000] {dag.py:3211} INFO - Sync 1 DAGs
[2026-07-19T16:14:08.707+0000] {logging_mixin.py:190} INFO - [2026-07-19T16:14:08.707+0000] {dag.py:4138} INFO - Setting next_dagrun for airflow_sanity_check to None, run_after=None
[2026-07-19T16:14:08.736+0000] {processor.py:208} INFO - Processing /opt/airflow/dags/sanity_checks.py took 0.214 seconds
[2026-07-19T16:14:39.062+0000] {processor.py:186} INFO - Started process (PID=32968) to work on /opt/airflow/dags/sanity_checks.py
[2026-07-19T16:14:39.063+0000] {processor.py:914} INFO - Processing file /opt/airflow/dags/sanity_checks.py for tasks to queue
[2026-07-19T16:14:39.067+0000] {logging_mixin.py:190} INFO - [2026-07-19T16:14:39.066+0000] {dagbag.py:587} INFO - Filling up the DagBag from /opt/airflow/dags/sanity_checks.py
[2026-07-19T16:14:39.082+0000] {processor.py:925} INFO - DAG(s) 'airflow_sanity_check' retrieved from /opt/airflow/dags/sanity_checks.py
[2026-07-19T16:14:39.132+0000] {logging_mixin.py:190} INFO - [2026-07-19T16:14:39.132+0000] {dag.py:3211} INFO - Sync 1 DAGs
[2026-07-19T16:14:39.155+0000] {logging_mixin.py:190} INFO - [2026-07-19T16:14:39.155+0000] {dag.py:4138} INFO - Setting next_dagrun for airflow_sanity_check to None, run_after=None
[2026-07-19T16:14:39.184+0000] {processor.py:208} INFO - Processing /opt/airflow/dags/sanity_checks.py took 0.131 seconds
[2026-07-19T16:15:09.508+0000] {processor.py:186} INFO - Started process (PID=32978) to work on /opt/airflow/dags/sanity_checks.py
[2026-07-19T16:15:09.510+0000] {processor.py:914} INFO - Processing file /opt/airflow/dags/sanity_checks.py for tasks to queue
[2026-07-19T16:15:09.513+0000] {logging_mixin.py:190} INFO - [2026-07-19T16:15:09.513+0000] {dagbag.py:587} INFO - Filling up the DagBag from /opt/airflow/dags/sanity_checks.py
[2026-07-19T16:15:09.535+0000] {processor.py:925} INFO - DAG(s) 'airflow_sanity_check' retrieved from /opt/airflow/dags/sanity_checks.py
[2026-07-19T16:15:09.591+0000] {logging_mixin.py:190} INFO - [2026-07-19T16:15:09.591+0000] {dag.py:3211} INFO - Sync 1 DAGs
[2026-07-19T16:15:09.632+0000] {logging_mixin.py:190} INFO - [2026-07-19T16:15:09.632+0000] {dag.py:4138} INFO - Setting next_dagrun for airflow_sanity_check to None, run_after=None
[2026-07-19T16:15:09.661+0000] {processor.py:208} INFO - Processing /opt/airflow/dags/sanity_checks.py took 0.162 seconds
[2026-07-19T16:15:40.002+0000] {processor.py:186} INFO - Started process (PID=32988) to work on /opt/airflow/dags/sanity_checks.py
[2026-07-19T16:15:40.003+0000] {processor.py:914} INFO - Processing file /opt/airflow/dags/sanity_checks.py for tasks to queue
[2026-07-19T16:15:40.007+0000] {logging_mixin.py:190} INFO - [2026-07-19T16:15:40.007+0000] {dagbag.py:587} INFO - Filling up the DagBag from /opt/airflow/dags/sanity_checks.py
[2026-07-19T16:15:40.023+0000] {processor.py:925} INFO - DAG(s) 'airflow_sanity_check' retrieved from /opt/airflow/dags/sanity_checks.py
[2026-07-19T16:15:40.065+0000] {logging_mixin.py:190} INFO - [2026-07-19T16:15:40.064+0000] {dag.py:3211} INFO - Sync 1 DAGs
[2026-07-19T16:15:40.089+0000] {logging_mixin.py:190} INFO - [2026-07-19T16:15:40.088+0000] {dag.py:4138} INFO - Setting next_dagrun for airflow_sanity_check to None, run_after=None
[2026-07-19T16:15:40.126+0000] {processor.py:208} INFO - Processing /opt/airflow/dags/sanity_checks.py took 0.133 seconds
[2026-07-19T16:16:10.485+0000] {processor.py:186} INFO - Started process (PID=32998) to work on /opt/airflow/dags/sanity_checks.py
[2026-07-19T16:16:10.486+0000] {processor.py:914} INFO - Processing file /opt/airflow/dags/sanity_checks.py for tasks to queue
[2026-07-19T16:16:10.490+0000] {logging_mixin.py:190} INFO - [2026-07-19T16:16:10.490+0000] {dagbag.py:587} INFO - Filling up the DagBag from /opt/airflow/dags/sanity_checks.py
[2026-07-19T16:16:10.506+0000] {processor.py:925} INFO - DAG(s) 'airflow_sanity_check' retrieved from /opt/airflow/dags/sanity_checks.py
[2026-07-19T16:16:10.568+0000] {logging_mixin.py:190} INFO - [2026-07-19T16:16:10.568+0000] {dag.py:3211} INFO - Sync 1 DAGs
[2026-07-19T16:16:10.593+0000] {logging_mixin.py:190} INFO - [2026-07-19T16:16:10.592+0000] {dag.py:4138} INFO - Setting next_dagrun for airflow_sanity_check to None, run_after=None
[2026-07-19T16:16:10.620+0000] {processor.py:208} INFO - Processing /opt/airflow/dags/sanity_checks.py took 0.144 seconds
[2026-07-19T16:16:41.182+0000] {processor.py:186} INFO - Started process (PID=33008) to work on /opt/airflow/dags/sanity_checks.py
[2026-07-19T16:16:41.183+0000] {processor.py:914} INFO - Processing file /opt/airflow/dags/sanity_checks.py for tasks to queue
[2026-07-19T16:16:41.207+0000] {logging_mixin.py:190} INFO - [2026-07-19T16:16:41.206+0000] {dagbag.py:587} INFO - Filling up the DagBag from /opt/airflow/dags/sanity_checks.py
[2026-07-19T16:16:41.225+0000] {processor.py:925} INFO - DAG(s) 'airflow_sanity_check' retrieved from /opt/airflow/dags/sanity_checks.py
[2026-07-19T16:16:41.269+0000] {logging_mixin.py:190} INFO - [2026-07-19T16:16:41.269+0000] {dag.py:3211} INFO - Sync 1 DAGs
[2026-07-19T16:16:41.291+0000] {logging_mixin.py:190} INFO - [2026-07-19T16:16:41.291+0000] {dag.py:4138} INFO - Setting next_dagrun for airflow_sanity_check to None, run_after=None
[2026-07-19T16:16:41.319+0000] {processor.py:208} INFO - Processing /opt/airflow/dags/sanity_checks.py took 0.146 seconds
[2026-07-19T16:17:11.665+0000] {processor.py:186} INFO - Started process (PID=33018) to work on /opt/airflow/dags/sanity_checks.py
[2026-07-19T16:17:11.668+0000] {processor.py:914} INFO - Processing file /opt/airflow/dags/sanity_checks.py for tasks to queue
[2026-07-19T16:17:11.674+0000] {logging_mixin.py:190} INFO - [2026-07-19T16:17:11.673+0000] {dagbag.py:587} INFO - Filling up the DagBag from /opt/airflow/dags/sanity_checks.py
[2026-07-19T16:17:11.719+0000] {processor.py:925} INFO - DAG(s) 'airflow_sanity_check' retrieved from /opt/airflow/dags/sanity_checks.py
[2026-07-19T16:17:11.867+0000] {logging_mixin.py:190} INFO - [2026-07-19T16:17:11.867+0000] {dag.py:3211} INFO - Sync 1 DAGs
[2026-07-19T16:17:11.899+0000] {logging_mixin.py:190} INFO - [2026-07-19T16:17:11.899+0000] {dag.py:4138} INFO - Setting next_dagrun for airflow_sanity_check to None, run_after=None
[2026-07-19T16:17:11.935+0000] {processor.py:208} INFO - Processing /opt/airflow/dags/sanity_checks.py took 0.290 seconds
[2026-07-19T16:17:42.379+0000] {processor.py:186} INFO - Started process (PID=33028) to work on /opt/airflow/dags/sanity_checks.py
[2026-07-19T16:17:42.381+0000] {processor.py:914} INFO - Processing file /opt/airflow/dags/sanity_checks.py for tasks to queue
[2026-07-19T16:17:42.385+0000] {logging_mixin.py:190} INFO - [2026-07-19T16:17:42.384+0000] {dagbag.py:587} INFO - Filling up the DagBag from /opt/airflow/dags/sanity_checks.py
[2026-07-19T16:17:42.401+0000] {processor.py:925} INFO - DAG(s) 'airflow_sanity_check' retrieved from /opt/airflow/dags/sanity_checks.py
[2026-07-19T16:17:42.445+0000] {logging_mixin.py:190} INFO - [2026-07-19T16:17:42.445+0000] {dag.py:3211} INFO - Sync 1 DAGs
[2026-07-19T16:17:42.467+0000] {logging_mixin.py:190} INFO - [2026-07-19T16:17:42.467+0000] {dag.py:4138} INFO - Setting next_dagrun for airflow_sanity_check to None, run_after=None
[2026-07-19T16:17:42.499+0000] {processor.py:208} INFO - Processing /opt/airflow/dags/sanity_checks.py took 0.132 seconds
[2026-07-19T16:18:12.891+0000] {processor.py:186} INFO - Started process (PID=33038) to work on /opt/airflow/dags/sanity_checks.py
[2026-07-19T16:18:12.894+0000] {processor.py:914} INFO - Processing file /opt/airflow/dags/sanity_checks.py for tasks to queue
[2026-07-19T16:18:12.899+0000] {logging_mixin.py:190} INFO - [2026-07-19T16:18:12.898+0000] {dagbag.py:587} INFO - Filling up the DagBag from /opt/airflow/dags/sanity_checks.py
[2026-07-19T16:18:12.918+0000] {processor.py:925} INFO - DAG(s) 'airflow_sanity_check' retrieved from /opt/airflow/dags/sanity_checks.py
[2026-07-19T16:18:12.980+0000] {logging_mixin.py:190} INFO - [2026-07-19T16:18:12.980+0000] {dag.py:3211} INFO - Sync 1 DAGs
[2026-07-19T16:18:13.005+0000] {logging_mixin.py:190} INFO - [2026-07-19T16:18:13.005+0000] {dag.py:4138} INFO - Setting next_dagrun for airflow_sanity_check to None, run_after=None
[2026-07-19T16:18:13.031+0000] {processor.py:208} INFO - Processing /opt/airflow/dags/sanity_checks.py took 0.155 seconds
[2026-07-19T16:18:43.398+0000] {processor.py:186} INFO - Started process (PID=33048) to work on /opt/airflow/dags/sanity_checks.py
[2026-07-19T16:18:43.400+0000] {processor.py:914} INFO - Processing file /opt/airflow/dags/sanity_checks.py for tasks to queue
[2026-07-19T16:18:43.404+0000] {logging_mixin.py:190} INFO - [2026-07-19T16:18:43.403+0000] {dagbag.py:587} INFO - Filling up the DagBag from /opt/airflow/dags/sanity_checks.py
[2026-07-19T16:18:43.421+0000] {processor.py:925} INFO - DAG(s) 'airflow_sanity_check' retrieved from /opt/airflow/dags/sanity_checks.py
[2026-07-19T16:18:43.468+0000] {logging_mixin.py:190} INFO - [2026-07-19T16:18:43.468+0000] {dag.py:3211} INFO - Sync 1 DAGs
[2026-07-19T16:18:43.491+0000] {logging_mixin.py:190} INFO - [2026-07-19T16:18:43.491+0000] {dag.py:4138} INFO - Setting next_dagrun for airflow_sanity_check to None, run_after=None
[2026-07-19T16:18:43.520+0000] {processor.py:208} INFO - Processing /opt/airflow/dags/sanity_checks.py took 0.130 seconds
[2026-07-19T16:19:13.850+0000] {processor.py:186} INFO - Started process (PID=33058) to work on /opt/airflow/dags/sanity_checks.py
[2026-07-19T16:19:13.852+0000] {processor.py:914} INFO - Processing file /opt/airflow/dags/sanity_checks.py for tasks to queue
[2026-07-19T16:19:13.857+0000] {logging_mixin.py:190} INFO - [2026-07-19T16:19:13.856+0000] {dagbag.py:587} INFO - Filling up the DagBag from /opt/airflow/dags/sanity_checks.py
[2026-07-19T16:19:13.872+0000] {processor.py:925} INFO - DAG(s) 'airflow_sanity_check' retrieved from /opt/airflow/dags/sanity_checks.py
[2026-07-19T16:19:13.917+0000] {logging_mixin.py:190} INFO - [2026-07-19T16:19:13.917+0000] {dag.py:3211} INFO - Sync 1 DAGs
[2026-07-19T16:19:13.939+0000] {logging_mixin.py:190} INFO - [2026-07-19T16:19:13.939+0000] {dag.py:4138} INFO - Setting next_dagrun for airflow_sanity_check to None, run_after=None
[2026-07-19T16:19:13.972+0000] {processor.py:208} INFO - Processing /opt/airflow/dags/sanity_checks.py took 0.130 seconds
[2026-07-19T16:19:44.326+0000] {processor.py:186} INFO - Started process (PID=33068) to work on /opt/airflow/dags/sanity_checks.py
[2026-07-19T16:19:44.328+0000] {processor.py:914} INFO - Processing file /opt/airflow/dags/sanity_checks.py for tasks to queue
[2026-07-19T16:19:44.335+0000] {logging_mixin.py:190} INFO - [2026-07-19T16:19:44.335+0000] {dagbag.py:587} INFO - Filling up the DagBag from /opt/airflow/dags/sanity_checks.py
[2026-07-19T16:19:44.358+0000] {processor.py:925} INFO - DAG(s) 'airflow_sanity_check' retrieved from /opt/airflow/dags/sanity_checks.py
[2026-07-19T16:19:44.409+0000] {logging_mixin.py:190} INFO - [2026-07-19T16:19:44.409+0000] {dag.py:3211} INFO - Sync 1 DAGs
[2026-07-19T16:19:44.431+0000] {logging_mixin.py:190} INFO - [2026-07-19T16:19:44.431+0000] {dag.py:4138} INFO - Setting next_dagrun for airflow_sanity_check to None, run_after=None
[2026-07-19T16:19:44.461+0000] {processor.py:208} INFO - Processing /opt/airflow/dags/sanity_checks.py took 0.147 seconds
[2026-07-19T16:20:14.793+0000] {processor.py:186} INFO - Started process (PID=33078) to work on /opt/airflow/dags/sanity_checks.py
[2026-07-19T16:20:14.795+0000] {processor.py:914} INFO - Processing file /opt/airflow/dags/sanity_checks.py for tasks to queue
[2026-07-19T16:20:14.801+0000] {logging_mixin.py:190} INFO - [2026-07-19T16:20:14.800+0000] {dagbag.py:587} INFO - Filling up the DagBag from /opt/airflow/dags/sanity_checks.py
[2026-07-19T16:20:14.820+0000] {processor.py:925} INFO - DAG(s) 'airflow_sanity_check' retrieved from /opt/airflow/dags/sanity_checks.py
[2026-07-19T16:20:14.885+0000] {logging_mixin.py:190} INFO - [2026-07-19T16:20:14.885+0000] {dag.py:3211} INFO - Sync 1 DAGs
[2026-07-19T16:20:14.915+0000] {logging_mixin.py:190} INFO - [2026-07-19T16:20:14.914+0000] {dag.py:4138} INFO - Setting next_dagrun for airflow_sanity_check to None, run_after=None
[2026-07-19T16:20:14.945+0000] {processor.py:208} INFO - Processing /opt/airflow/dags/sanity_checks.py took 0.169 seconds
[2026-07-19T16:20:45.280+0000] {processor.py:186} INFO - Started process (PID=33088) to work on /opt/airflow/dags/sanity_checks.py
[2026-07-19T16:20:45.282+0000] {processor.py:914} INFO - Processing file /opt/airflow/dags/sanity_checks.py for tasks to queue
[2026-07-19T16:20:45.290+0000] {logging_mixin.py:190} INFO - [2026-07-19T16:20:45.289+0000] {dagbag.py:587} INFO - Filling up the DagBag from /opt/airflow/dags/sanity_checks.py
[2026-07-19T16:20:45.306+0000] {processor.py:925} INFO - DAG(s) 'airflow_sanity_check' retrieved from /opt/airflow/dags/sanity_checks.py
[2026-07-19T16:20:45.351+0000] {logging_mixin.py:190} INFO - [2026-07-19T16:20:45.350+0000] {dag.py:3211} INFO - Sync 1 DAGs
[2026-07-19T16:20:45.376+0000] {logging_mixin.py:190} INFO - [2026-07-19T16:20:45.376+0000] {dag.py:4138} INFO - Setting next_dagrun for airflow_sanity_check to None, run_after=None
[2026-07-19T16:20:45.405+0000] {processor.py:208} INFO - Processing /opt/airflow/dags/sanity_checks.py took 0.136 seconds
[2026-07-19T16:21:15.736+0000] {processor.py:186} INFO - Started process (PID=33098) to work on /opt/airflow/dags/sanity_checks.py
[2026-07-19T16:21:15.739+0000] {processor.py:914} INFO - Processing file /opt/airflow/dags/sanity_checks.py for tasks to queue
[2026-07-19T16:21:15.743+0000] {logging_mixin.py:190} INFO - [2026-07-19T16:21:15.743+0000] {dagbag.py:587} INFO - Filling up the DagBag from /opt/airflow/dags/sanity_checks.py
[2026-07-19T16:21:15.770+0000] {processor.py:925} INFO - DAG(s) 'airflow_sanity_check' retrieved from /opt/airflow/dags/sanity_checks.py
[2026-07-19T16:21:15.832+0000] {logging_mixin.py:190} INFO - [2026-07-19T16:21:15.832+0000] {dag.py:3211} INFO - Sync 1 DAGs
[2026-07-19T16:21:15.858+0000] {logging_mixin.py:190} INFO - [2026-07-19T16:21:15.857+0000] {dag.py:4138} INFO - Setting next_dagrun for airflow_sanity_check to None, run_after=None
[2026-07-19T16:21:15.887+0000] {processor.py:208} INFO - Processing /opt/airflow/dags/sanity_checks.py took 0.163 seconds
[2026-07-19T16:21:46.209+0000] {processor.py:186} INFO - Started process (PID=33108) to work on /opt/airflow/dags/sanity_checks.py
[2026-07-19T16:21:46.210+0000] {processor.py:914} INFO - Processing file /opt/airflow/dags/sanity_checks.py for tasks to queue
[2026-07-19T16:21:46.213+0000] {logging_mixin.py:190} INFO - [2026-07-19T16:21:46.213+0000] {dagbag.py:587} INFO - Filling up the DagBag from /opt/airflow/dags/sanity_checks.py
[2026-07-19T16:21:46.230+0000] {processor.py:925} INFO - DAG(s) 'airflow_sanity_check' retrieved from /opt/airflow/dags/sanity_checks.py
[2026-07-19T16:21:46.277+0000] {logging_mixin.py:190} INFO - [2026-07-19T16:21:46.277+0000] {dag.py:3211} INFO - Sync 1 DAGs
[2026-07-19T16:21:46.299+0000] {logging_mixin.py:190} INFO - [2026-07-19T16:21:46.299+0000] {dag.py:4138} INFO - Setting next_dagrun for airflow_sanity_check to None, run_after=None
[2026-07-19T16:21:46.330+0000] {processor.py:208} INFO - Processing /opt/airflow/dags/sanity_checks.py took 0.130 seconds
[2026-07-19T16:22:16.717+0000] {processor.py:186} INFO - Started process (PID=33118) to work on /opt/airflow/dags/sanity_checks.py
[2026-07-19T16:22:16.718+0000] {processor.py:914} INFO - Processing file /opt/airflow/dags/sanity_checks.py for tasks to queue
[2026-07-19T16:22:16.722+0000] {logging_mixin.py:190} INFO - [2026-07-19T16:22:16.721+0000] {dagbag.py:587} INFO - Filling up the DagBag from /opt/airflow/dags/sanity_checks.py
[2026-07-19T16:22:16.739+0000] {processor.py:925} INFO - DAG(s) 'airflow_sanity_check' retrieved from /opt/airflow/dags/sanity_checks.py
[2026-07-19T16:22:16.786+0000] {logging_mixin.py:190} INFO - [2026-07-19T16:22:16.785+0000] {dag.py:3211} INFO - Sync 1 DAGs
[2026-07-19T16:22:16.809+0000] {logging_mixin.py:190} INFO - [2026-07-19T16:22:16.809+0000] {dag.py:4138} INFO - Setting next_dagrun for airflow_sanity_check to None, run_after=None
[2026-07-19T16:22:16.838+0000] {processor.py:208} INFO - Processing /opt/airflow/dags/sanity_checks.py took 0.132 seconds
[2026-07-19T16:22:47.170+0000] {processor.py:186} INFO - Started process (PID=33128) to work on /opt/airflow/dags/sanity_checks.py
[2026-07-19T16:22:47.172+0000] {processor.py:914} INFO - Processing file /opt/airflow/dags/sanity_checks.py for tasks to queue
[2026-07-19T16:22:47.177+0000] {logging_mixin.py:190} INFO - [2026-07-19T16:22:47.176+0000] {dagbag.py:587} INFO - Filling up the DagBag from /opt/airflow/dags/sanity_checks.py
[2026-07-19T16:22:47.194+0000] {processor.py:925} INFO - DAG(s) 'airflow_sanity_check' retrieved from /opt/airflow/dags/sanity_checks.py
[2026-07-19T16:22:47.248+0000] {logging_mixin.py:190} INFO - [2026-07-19T16:22:47.248+0000] {dag.py:3211} INFO - Sync 1 DAGs
[2026-07-19T16:22:47.273+0000] {logging_mixin.py:190} INFO - [2026-07-19T16:22:47.273+0000] {dag.py:4138} INFO - Setting next_dagrun for airflow_sanity_check to None, run_after=None
[2026-07-19T16:22:47.305+0000] {processor.py:208} INFO - Processing /opt/airflow/dags/sanity_checks.py took 0.147 seconds
[2026-07-19T16:23:17.703+0000] {processor.py:186} INFO - Started process (PID=33138) to work on /opt/airflow/dags/sanity_checks.py
[2026-07-19T16:23:17.705+0000] {processor.py:914} INFO - Processing file /opt/airflow/dags/sanity_checks.py for tasks to queue
[2026-07-19T16:23:17.709+0000] {logging_mixin.py:190} INFO - [2026-07-19T16:23:17.708+0000] {dagbag.py:587} INFO - Filling up the DagBag from /opt/airflow/dags/sanity_checks.py
[2026-07-19T16:23:17.726+0000] {processor.py:925} INFO - DAG(s) 'airflow_sanity_check' retrieved from /opt/airflow/dags/sanity_checks.py
[2026-07-19T16:23:17.778+0000] {logging_mixin.py:190} INFO - [2026-07-19T16:23:17.778+0000] {dag.py:3211} INFO - Sync 1 DAGs
[2026-07-19T16:23:17.806+0000] {logging_mixin.py:190} INFO - [2026-07-19T16:23:17.805+0000] {dag.py:4138} INFO - Setting next_dagrun for airflow_sanity_check to None, run_after=None
[2026-07-19T16:23:17.834+0000] {processor.py:208} INFO - Processing /opt/airflow/dags/sanity_checks.py took 0.142 seconds
[2026-07-19T16:23:48.317+0000] {processor.py:186} INFO - Started process (PID=33148) to work on /opt/airflow/dags/sanity_checks.py
[2026-07-19T16:23:48.319+0000] {processor.py:914} INFO - Processing file /opt/airflow/dags/sanity_checks.py for tasks to queue
[2026-07-19T16:23:48.322+0000] {logging_mixin.py:190} INFO - [2026-07-19T16:23:48.322+0000] {dagbag.py:587} INFO - Filling up the DagBag from /opt/airflow/dags/sanity_checks.py
[2026-07-19T16:23:48.339+0000] {processor.py:925} INFO - DAG(s) 'airflow_sanity_check' retrieved from /opt/airflow/dags/sanity_checks.py
[2026-07-19T16:23:48.386+0000] {logging_mixin.py:190} INFO - [2026-07-19T16:23:48.386+0000] {dag.py:3211} INFO - Sync 1 DAGs
[2026-07-19T16:23:48.413+0000] {logging_mixin.py:190} INFO - [2026-07-19T16:23:48.413+0000] {dag.py:4138} INFO - Setting next_dagrun for airflow_sanity_check to None, run_after=None
[2026-07-19T16:23:48.438+0000] {processor.py:208} INFO - Processing /opt/airflow/dags/sanity_checks.py took 0.130 seconds
[2026-07-19T16:24:18.769+0000] {processor.py:186} INFO - Started process (PID=33158) to work on /opt/airflow/dags/sanity_checks.py
[2026-07-19T16:24:18.770+0000] {processor.py:914} INFO - Processing file /opt/airflow/dags/sanity_checks.py for tasks to queue
[2026-07-19T16:24:18.774+0000] {logging_mixin.py:190} INFO - [2026-07-19T16:24:18.773+0000] {dagbag.py:587} INFO - Filling up the DagBag from /opt/airflow/dags/sanity_checks.py
[2026-07-19T16:24:18.790+0000] {processor.py:925} INFO - DAG(s) 'airflow_sanity_check' retrieved from /opt/airflow/dags/sanity_checks.py
[2026-07-19T16:24:18.834+0000] {logging_mixin.py:190} INFO - [2026-07-19T16:24:18.833+0000] {dag.py:3211} INFO - Sync 1 DAGs
[2026-07-19T16:24:18.855+0000] {logging_mixin.py:190} INFO - [2026-07-19T16:24:18.855+0000] {dag.py:4138} INFO - Setting next_dagrun for airflow_sanity_check to None, run_after=None
[2026-07-19T16:24:18.884+0000] {processor.py:208} INFO - Processing /opt/airflow/dags/sanity_checks.py took 0.124 seconds
[2026-07-19T16:24:49.359+0000] {processor.py:186} INFO - Started process (PID=33168) to work on /opt/airflow/dags/sanity_checks.py
[2026-07-19T16:24:49.361+0000] {processor.py:914} INFO - Processing file /opt/airflow/dags/sanity_checks.py for tasks to queue
[2026-07-19T16:24:49.364+0000] {logging_mixin.py:190} INFO - [2026-07-19T16:24:49.364+0000] {dagbag.py:587} INFO - Filling up the DagBag from /opt/airflow/dags/sanity_checks.py
[2026-07-19T16:24:49.380+0000] {processor.py:925} INFO - DAG(s) 'airflow_sanity_check' retrieved from /opt/airflow/dags/sanity_checks.py
[2026-07-19T16:24:49.423+0000] {logging_mixin.py:190} INFO - [2026-07-19T16:24:49.423+0000] {dag.py:3211} INFO - Sync 1 DAGs
[2026-07-19T16:24:49.445+0000] {logging_mixin.py:190} INFO - [2026-07-19T16:24:49.445+0000] {dag.py:4138} INFO - Setting next_dagrun for airflow_sanity_check to None, run_after=None
[2026-07-19T16:24:49.476+0000] {processor.py:208} INFO - Processing /opt/airflow/dags/sanity_checks.py took 0.133 seconds
[2026-07-19T16:25:19.815+0000] {processor.py:186} INFO - Started process (PID=33178) to work on /opt/airflow/dags/sanity_checks.py
[2026-07-19T16:25:19.817+0000] {processor.py:914} INFO - Processing file /opt/airflow/dags/sanity_checks.py for tasks to queue
[2026-07-19T16:25:19.821+0000] {logging_mixin.py:190} INFO - [2026-07-19T16:25:19.821+0000] {dagbag.py:587} INFO - Filling up the DagBag from /opt/airflow/dags/sanity_checks.py
[2026-07-19T16:25:19.838+0000] {processor.py:925} INFO - DAG(s) 'airflow_sanity_check' retrieved from /opt/airflow/dags/sanity_checks.py
[2026-07-19T16:25:19.886+0000] {logging_mixin.py:190} INFO - [2026-07-19T16:25:19.885+0000] {dag.py:3211} INFO - Sync 1 DAGs
[2026-07-19T16:25:19.913+0000] {logging_mixin.py:190} INFO - [2026-07-19T16:25:19.913+0000] {dag.py:4138} INFO - Setting next_dagrun for airflow_sanity_check to None, run_after=None
[2026-07-19T16:25:19.942+0000] {processor.py:208} INFO - Processing /opt/airflow/dags/sanity_checks.py took 0.138 seconds
[2026-07-19T16:25:50.272+0000] {processor.py:186} INFO - Started process (PID=33188) to work on /opt/airflow/dags/sanity_checks.py
[2026-07-19T16:25:50.273+0000] {processor.py:914} INFO - Processing file /opt/airflow/dags/sanity_checks.py for tasks to queue
[2026-07-19T16:25:50.278+0000] {logging_mixin.py:190} INFO - [2026-07-19T16:25:50.277+0000] {dagbag.py:587} INFO - Filling up the DagBag from /opt/airflow/dags/sanity_checks.py
[2026-07-19T16:25:50.301+0000] {processor.py:925} INFO - DAG(s) 'airflow_sanity_check' retrieved from /opt/airflow/dags/sanity_checks.py
[2026-07-19T16:25:50.346+0000] {logging_mixin.py:190} INFO - [2026-07-19T16:25:50.346+0000] {dag.py:3211} INFO - Sync 1 DAGs
[2026-07-19T16:25:50.368+0000] {logging_mixin.py:190} INFO - [2026-07-19T16:25:50.368+0000] {dag.py:4138} INFO - Setting next_dagrun for airflow_sanity_check to None, run_after=None
[2026-07-19T16:25:50.395+0000] {processor.py:208} INFO - Processing /opt/airflow/dags/sanity_checks.py took 0.134 seconds
[2026-07-19T16:26:20.731+0000] {processor.py:186} INFO - Started process (PID=33198) to work on /opt/airflow/dags/sanity_checks.py
[2026-07-19T16:26:20.733+0000] {processor.py:914} INFO - Processing file /opt/airflow/dags/sanity_checks.py for tasks to queue
[2026-07-19T16:26:20.736+0000] {logging_mixin.py:190} INFO - [2026-07-19T16:26:20.736+0000] {dagbag.py:587} INFO - Filling up the DagBag from /opt/airflow/dags/sanity_checks.py
[2026-07-19T16:26:20.751+0000] {processor.py:925} INFO - DAG(s) 'airflow_sanity_check' retrieved from /opt/airflow/dags/sanity_checks.py
[2026-07-19T16:26:20.796+0000] {logging_mixin.py:190} INFO - [2026-07-19T16:26:20.795+0000] {dag.py:3211} INFO - Sync 1 DAGs
[2026-07-19T16:26:20.822+0000] {logging_mixin.py:190} INFO - [2026-07-19T16:26:20.822+0000] {dag.py:4138} INFO - Setting next_dagrun for airflow_sanity_check to None, run_after=None
[2026-07-19T16:26:20.849+0000] {processor.py:208} INFO - Processing /opt/airflow/dags/sanity_checks.py took 0.128 seconds
[2026-07-19T16:26:51.180+0000] {processor.py:186} INFO - Started process (PID=33208) to work on /opt/airflow/dags/sanity_checks.py
[2026-07-19T16:26:51.181+0000] {processor.py:914} INFO - Processing file /opt/airflow/dags/sanity_checks.py for tasks to queue
[2026-07-19T16:26:51.185+0000] {logging_mixin.py:190} INFO - [2026-07-19T16:26:51.184+0000] {dagbag.py:587} INFO - Filling up the DagBag from /opt/airflow/dags/sanity_checks.py
[2026-07-19T16:26:51.202+0000] {processor.py:925} INFO - DAG(s) 'airflow_sanity_check' retrieved from /opt/airflow/dags/sanity_checks.py
[2026-07-19T16:26:51.247+0000] {logging_mixin.py:190} INFO - [2026-07-19T16:26:51.246+0000] {dag.py:3211} INFO - Sync 1 DAGs
[2026-07-19T16:26:51.269+0000] {logging_mixin.py:190} INFO - [2026-07-19T16:26:51.269+0000] {dag.py:4138} INFO - Setting next_dagrun for airflow_sanity_check to None, run_after=None
[2026-07-19T16:26:51.298+0000] {processor.py:208} INFO - Processing /opt/airflow/dags/sanity_checks.py took 0.130 seconds
[2026-07-19T16:27:21.654+0000] {processor.py:186} INFO - Started process (PID=33218) to work on /opt/airflow/dags/sanity_checks.py
[2026-07-19T16:27:21.656+0000] {processor.py:914} INFO - Processing file /opt/airflow/dags/sanity_checks.py for tasks to queue
[2026-07-19T16:27:21.660+0000] {logging_mixin.py:190} INFO - [2026-07-19T16:27:21.659+0000] {dagbag.py:587} INFO - Filling up the DagBag from /opt/airflow/dags/sanity_checks.py
[2026-07-19T16:27:21.676+0000] {processor.py:925} INFO - DAG(s) 'airflow_sanity_check' retrieved from /opt/airflow/dags/sanity_checks.py
[2026-07-19T16:27:21.721+0000] {logging_mixin.py:190} INFO - [2026-07-19T16:27:21.721+0000] {dag.py:3211} INFO - Sync 1 DAGs
[2026-07-19T16:27:21.743+0000] {logging_mixin.py:190} INFO - [2026-07-19T16:27:21.743+0000] {dag.py:4138} INFO - Setting next_dagrun for airflow_sanity_check to None, run_after=None
[2026-07-19T16:27:21.789+0000] {processor.py:208} INFO - Processing /opt/airflow/dags/sanity_checks.py took 0.144 seconds
[2026-07-19T16:27:52.148+0000] {processor.py:186} INFO - Started process (PID=33228) to work on /opt/airflow/dags/sanity_checks.py
[2026-07-19T16:27:52.150+0000] {processor.py:914} INFO - Processing file /opt/airflow/dags/sanity_checks.py for tasks to queue
[2026-07-19T16:27:52.155+0000] {logging_mixin.py:190} INFO - [2026-07-19T16:27:52.154+0000] {dagbag.py:587} INFO - Filling up the DagBag from /opt/airflow/dags/sanity_checks.py
[2026-07-19T16:27:52.179+0000] {processor.py:925} INFO - DAG(s) 'airflow_sanity_check' retrieved from /opt/airflow/dags/sanity_checks.py
[2026-07-19T16:27:52.238+0000] {logging_mixin.py:190} INFO - [2026-07-19T16:27:52.238+0000] {dag.py:3211} INFO - Sync 1 DAGs
[2026-07-19T16:27:52.267+0000] {logging_mixin.py:190} INFO - [2026-07-19T16:27:52.267+0000] {dag.py:4138} INFO - Setting next_dagrun for airflow_sanity_check to None, run_after=None
[2026-07-19T16:27:52.305+0000] {processor.py:208} INFO - Processing /opt/airflow/dags/sanity_checks.py took 0.169 seconds
[2026-07-19T16:28:22.649+0000] {processor.py:186} INFO - Started process (PID=33238) to work on /opt/airflow/dags/sanity_checks.py
[2026-07-19T16:28:22.651+0000] {processor.py:914} INFO - Processing file /opt/airflow/dags/sanity_checks.py for tasks to queue
[2026-07-19T16:28:22.656+0000] {logging_mixin.py:190} INFO - [2026-07-19T16:28:22.655+0000] {dagbag.py:587} INFO - Filling up the DagBag from /opt/airflow/dags/sanity_checks.py
[2026-07-19T16:28:22.672+0000] {processor.py:925} INFO - DAG(s) 'airflow_sanity_check' retrieved from /opt/airflow/dags/sanity_checks.py
[2026-07-19T16:28:22.715+0000] {logging_mixin.py:190} INFO - [2026-07-19T16:28:22.715+0000] {dag.py:3211} INFO - Sync 1 DAGs
[2026-07-19T16:28:22.743+0000] {logging_mixin.py:190} INFO - [2026-07-19T16:28:22.743+0000] {dag.py:4138} INFO - Setting next_dagrun for airflow_sanity_check to None, run_after=None
[2026-07-19T16:28:22.770+0000] {processor.py:208} INFO - Processing /opt/airflow/dags/sanity_checks.py took 0.129 seconds
[2026-07-19T16:28:53.124+0000] {processor.py:186} INFO - Started process (PID=33248) to work on /opt/airflow/dags/sanity_checks.py
[2026-07-19T16:28:53.126+0000] {processor.py:914} INFO - Processing file /opt/airflow/dags/sanity_checks.py for tasks to queue
[2026-07-19T16:28:53.130+0000] {logging_mixin.py:190} INFO - [2026-07-19T16:28:53.130+0000] {dagbag.py:587} INFO - Filling up the DagBag from /opt/airflow/dags/sanity_checks.py
[2026-07-19T16:28:53.146+0000] {processor.py:925} INFO - DAG(s) 'airflow_sanity_check' retrieved from /opt/airflow/dags/sanity_checks.py
[2026-07-19T16:28:53.199+0000] {logging_mixin.py:190} INFO - [2026-07-19T16:28:53.198+0000] {dag.py:3211} INFO - Sync 1 DAGs
[2026-07-19T16:28:53.228+0000] {logging_mixin.py:190} INFO - [2026-07-19T16:28:53.228+0000] {dag.py:4138} INFO - Setting next_dagrun for airflow_sanity_check to None, run_after=None
[2026-07-19T16:28:53.259+0000] {processor.py:208} INFO - Processing /opt/airflow/dags/sanity_checks.py took 0.144 seconds
[2026-07-19T16:29:23.584+0000] {processor.py:186} INFO - Started process (PID=33258) to work on /opt/airflow/dags/sanity_checks.py
[2026-07-19T16:29:23.586+0000] {processor.py:914} INFO - Processing file /opt/airflow/dags/sanity_checks.py for tasks to queue
[2026-07-19T16:29:23.589+0000] {logging_mixin.py:190} INFO - [2026-07-19T16:29:23.589+0000] {dagbag.py:587} INFO - Filling up the DagBag from /opt/airflow/dags/sanity_checks.py
[2026-07-19T16:29:23.605+0000] {processor.py:925} INFO - DAG(s) 'airflow_sanity_check' retrieved from /opt/airflow/dags/sanity_checks.py
[2026-07-19T16:29:23.650+0000] {logging_mixin.py:190} INFO - [2026-07-19T16:29:23.650+0000] {dag.py:3211} INFO - Sync 1 DAGs
[2026-07-19T16:29:23.675+0000] {logging_mixin.py:190} INFO - [2026-07-19T16:29:23.674+0000] {dag.py:4138} INFO - Setting next_dagrun for airflow_sanity_check to None, run_after=None
[2026-07-19T16:29:23.702+0000] {processor.py:208} INFO - Processing /opt/airflow/dags/sanity_checks.py took 0.129 seconds
[2026-07-19T16:29:54.037+0000] {processor.py:186} INFO - Started process (PID=33268) to work on /opt/airflow/dags/sanity_checks.py
[2026-07-19T16:29:54.039+0000] {processor.py:914} INFO - Processing file /opt/airflow/dags/sanity_checks.py for tasks to queue
[2026-07-19T16:29:54.042+0000] {logging_mixin.py:190} INFO - [2026-07-19T16:29:54.042+0000] {dagbag.py:587} INFO - Filling up the DagBag from /opt/airflow/dags/sanity_checks.py
[2026-07-19T16:29:54.058+0000] {processor.py:925} INFO - DAG(s) 'airflow_sanity_check' retrieved from /opt/airflow/dags/sanity_checks.py
[2026-07-19T16:29:54.102+0000] {logging_mixin.py:190} INFO - [2026-07-19T16:29:54.101+0000] {dag.py:3211} INFO - Sync 1 DAGs
[2026-07-19T16:29:54.123+0000] {logging_mixin.py:190} INFO - [2026-07-19T16:29:54.123+0000] {dag.py:4138} INFO - Setting next_dagrun for airflow_sanity_check to None, run_after=None
[2026-07-19T16:29:54.150+0000] {processor.py:208} INFO - Processing /opt/airflow/dags/sanity_checks.py took 0.123 seconds
[2026-07-19T16:30:24.476+0000] {processor.py:186} INFO - Started process (PID=33278) to work on /opt/airflow/dags/sanity_checks.py
[2026-07-19T16:30:24.478+0000] {processor.py:914} INFO - Processing file /opt/airflow/dags/sanity_checks.py for tasks to queue
[2026-07-19T16:30:24.482+0000] {logging_mixin.py:190} INFO - [2026-07-19T16:30:24.481+0000] {dagbag.py:587} INFO - Filling up the DagBag from /opt/airflow/dags/sanity_checks.py
[2026-07-19T16:30:24.499+0000] {processor.py:925} INFO - DAG(s) 'airflow_sanity_check' retrieved from /opt/airflow/dags/sanity_checks.py
[2026-07-19T16:30:24.542+0000] {logging_mixin.py:190} INFO - [2026-07-19T16:30:24.542+0000] {dag.py:3211} INFO - Sync 1 DAGs
[2026-07-19T16:30:24.564+0000] {logging_mixin.py:190} INFO - [2026-07-19T16:30:24.564+0000] {dag.py:4138} INFO - Setting next_dagrun for airflow_sanity_check to None, run_after=None
[2026-07-19T16:30:24.593+0000] {processor.py:208} INFO - Processing /opt/airflow/dags/sanity_checks.py took 0.125 seconds
[2026-07-19T16:30:54.928+0000] {processor.py:186} INFO - Started process (PID=33288) to work on /opt/airflow/dags/sanity_checks.py
[2026-07-19T16:30:54.930+0000] {processor.py:914} INFO - Processing file /opt/airflow/dags/sanity_checks.py for tasks to queue
[2026-07-19T16:30:54.934+0000] {logging_mixin.py:190} INFO - [2026-07-19T16:30:54.934+0000] {dagbag.py:587} INFO - Filling up the DagBag from /opt/airflow/dags/sanity_checks.py
[2026-07-19T16:30:54.950+0000] {processor.py:925} INFO - DAG(s) 'airflow_sanity_check' retrieved from /opt/airflow/dags/sanity_checks.py
[2026-07-19T16:30:55.009+0000] {logging_mixin.py:190} INFO - [2026-07-19T16:30:55.006+0000] {dag.py:3211} INFO - Sync 1 DAGs
[2026-07-19T16:30:55.035+0000] {logging_mixin.py:190} INFO - [2026-07-19T16:30:55.034+0000] {dag.py:4138} INFO - Setting next_dagrun for airflow_sanity_check to None, run_after=None
[2026-07-19T16:30:55.066+0000] {processor.py:208} INFO - Processing /opt/airflow/dags/sanity_checks.py took 0.147 seconds
[2026-07-19T16:31:25.418+0000] {processor.py:186} INFO - Started process (PID=33298) to work on /opt/airflow/dags/sanity_checks.py
[2026-07-19T16:31:25.420+0000] {processor.py:914} INFO - Processing file /opt/airflow/dags/sanity_checks.py for tasks to queue
[2026-07-19T16:31:25.424+0000] {logging_mixin.py:190} INFO - [2026-07-19T16:31:25.423+0000] {dagbag.py:587} INFO - Filling up the DagBag from /opt/airflow/dags/sanity_checks.py
[2026-07-19T16:31:25.444+0000] {processor.py:925} INFO - DAG(s) 'airflow_sanity_check' retrieved from /opt/airflow/dags/sanity_checks.py
[2026-07-19T16:31:25.499+0000] {logging_mixin.py:190} INFO - [2026-07-19T16:31:25.499+0000] {dag.py:3211} INFO - Sync 1 DAGs
[2026-07-19T16:31:25.524+0000] {logging_mixin.py:190} INFO - [2026-07-19T16:31:25.524+0000] {dag.py:4138} INFO - Setting next_dagrun for airflow_sanity_check to None, run_after=None
[2026-07-19T16:31:25.553+0000] {processor.py:208} INFO - Processing /opt/airflow/dags/sanity_checks.py took 0.149 seconds
[2026-07-19T16:31:55.886+0000] {processor.py:186} INFO - Started process (PID=33308) to work on /opt/airflow/dags/sanity_checks.py
[2026-07-19T16:31:55.888+0000] {processor.py:914} INFO - Processing file /opt/airflow/dags/sanity_checks.py for tasks to queue
[2026-07-19T16:31:55.892+0000] {logging_mixin.py:190} INFO - [2026-07-19T16:31:55.892+0000] {dagbag.py:587} INFO - Filling up the DagBag from /opt/airflow/dags/sanity_checks.py
[2026-07-19T16:31:55.911+0000] {processor.py:925} INFO - DAG(s) 'airflow_sanity_check' retrieved from /opt/airflow/dags/sanity_checks.py
[2026-07-19T16:31:55.958+0000] {logging_mixin.py:190} INFO - [2026-07-19T16:31:55.958+0000] {dag.py:3211} INFO - Sync 1 DAGs
[2026-07-19T16:31:55.980+0000] {logging_mixin.py:190} INFO - [2026-07-19T16:31:55.980+0000] {dag.py:4138} INFO - Setting next_dagrun for airflow_sanity_check to None, run_after=None
[2026-07-19T16:31:56.011+0000] {processor.py:208} INFO - Processing /opt/airflow/dags/sanity_checks.py took 0.138 seconds
[2026-07-19T16:32:26.369+0000] {processor.py:186} INFO - Started process (PID=33318) to work on /opt/airflow/dags/sanity_checks.py
[2026-07-19T16:32:26.371+0000] {processor.py:914} INFO - Processing file /opt/airflow/dags/sanity_checks.py for tasks to queue
[2026-07-19T16:32:26.375+0000] {logging_mixin.py:190} INFO - [2026-07-19T16:32:26.375+0000] {dagbag.py:587} INFO - Filling up the DagBag from /opt/airflow/dags/sanity_checks.py
[2026-07-19T16:32:26.390+0000] {processor.py:925} INFO - DAG(s) 'airflow_sanity_check' retrieved from /opt/airflow/dags/sanity_checks.py
[2026-07-19T16:32:26.432+0000] {logging_mixin.py:190} INFO - [2026-07-19T16:32:26.431+0000] {dag.py:3211} INFO - Sync 1 DAGs
[2026-07-19T16:32:26.455+0000] {logging_mixin.py:190} INFO - [2026-07-19T16:32:26.455+0000] {dag.py:4138} INFO - Setting next_dagrun for airflow_sanity_check to None, run_after=None
[2026-07-19T16:32:26.484+0000] {processor.py:208} INFO - Processing /opt/airflow/dags/sanity_checks.py took 0.123 seconds
[2026-07-19T16:32:56.839+0000] {processor.py:186} INFO - Started process (PID=33328) to work on /opt/airflow/dags/sanity_checks.py
[2026-07-19T16:32:56.842+0000] {processor.py:914} INFO - Processing file /opt/airflow/dags/sanity_checks.py for tasks to queue
[2026-07-19T16:32:56.846+0000] {logging_mixin.py:190} INFO - [2026-07-19T16:32:56.846+0000] {dagbag.py:587} INFO - Filling up the DagBag from /opt/airflow/dags/sanity_checks.py
[2026-07-19T16:32:56.865+0000] {processor.py:925} INFO - DAG(s) 'airflow_sanity_check' retrieved from /opt/airflow/dags/sanity_checks.py
[2026-07-19T16:32:56.915+0000] {logging_mixin.py:190} INFO - [2026-07-19T16:32:56.914+0000] {dag.py:3211} INFO - Sync 1 DAGs
[2026-07-19T16:32:56.939+0000] {logging_mixin.py:190} INFO - [2026-07-19T16:32:56.939+0000] {dag.py:4138} INFO - Setting next_dagrun for airflow_sanity_check to None, run_after=None
[2026-07-19T16:32:56.966+0000] {processor.py:208} INFO - Processing /opt/airflow/dags/sanity_checks.py took 0.139 seconds
[2026-07-19T16:33:27.302+0000] {processor.py:186} INFO - Started process (PID=33338) to work on /opt/airflow/dags/sanity_checks.py
[2026-07-19T16:33:27.303+0000] {processor.py:914} INFO - Processing file /opt/airflow/dags/sanity_checks.py for tasks to queue
[2026-07-19T16:33:27.307+0000] {logging_mixin.py:190} INFO - [2026-07-19T16:33:27.306+0000] {dagbag.py:587} INFO - Filling up the DagBag from /opt/airflow/dags/sanity_checks.py
[2026-07-19T16:33:27.323+0000] {processor.py:925} INFO - DAG(s) 'airflow_sanity_check' retrieved from /opt/airflow/dags/sanity_checks.py
[2026-07-19T16:33:27.366+0000] {logging_mixin.py:190} INFO - [2026-07-19T16:33:27.366+0000] {dag.py:3211} INFO - Sync 1 DAGs
[2026-07-19T16:33:27.390+0000] {logging_mixin.py:190} INFO - [2026-07-19T16:33:27.390+0000] {dag.py:4138} INFO - Setting next_dagrun for airflow_sanity_check to None, run_after=None
[2026-07-19T16:33:27.421+0000] {processor.py:208} INFO - Processing /opt/airflow/dags/sanity_checks.py took 0.130 seconds
[2026-07-19T16:33:57.773+0000] {processor.py:186} INFO - Started process (PID=33348) to work on /opt/airflow/dags/sanity_checks.py
[2026-07-19T16:33:57.774+0000] {processor.py:914} INFO - Processing file /opt/airflow/dags/sanity_checks.py for tasks to queue
[2026-07-19T16:33:57.778+0000] {logging_mixin.py:190} INFO - [2026-07-19T16:33:57.777+0000] {dagbag.py:587} INFO - Filling up the DagBag from /opt/airflow/dags/sanity_checks.py
[2026-07-19T16:33:57.794+0000] {processor.py:925} INFO - DAG(s) 'airflow_sanity_check' retrieved from /opt/airflow/dags/sanity_checks.py
[2026-07-19T16:33:57.837+0000] {logging_mixin.py:190} INFO - [2026-07-19T16:33:57.837+0000] {dag.py:3211} INFO - Sync 1 DAGs
[2026-07-19T16:33:57.859+0000] {logging_mixin.py:190} INFO - [2026-07-19T16:33:57.859+0000] {dag.py:4138} INFO - Setting next_dagrun for airflow_sanity_check to None, run_after=None
[2026-07-19T16:33:57.888+0000] {processor.py:208} INFO - Processing /opt/airflow/dags/sanity_checks.py took 0.124 seconds
[2026-07-19T16:34:28.217+0000] {processor.py:186} INFO - Started process (PID=33358) to work on /opt/airflow/dags/sanity_checks.py
[2026-07-19T16:34:28.219+0000] {processor.py:914} INFO - Processing file /opt/airflow/dags/sanity_checks.py for tasks to queue
[2026-07-19T16:34:28.224+0000] {logging_mixin.py:190} INFO - [2026-07-19T16:34:28.224+0000] {dagbag.py:587} INFO - Filling up the DagBag from /opt/airflow/dags/sanity_checks.py
[2026-07-19T16:34:28.241+0000] {processor.py:925} INFO - DAG(s) 'airflow_sanity_check' retrieved from /opt/airflow/dags/sanity_checks.py
[2026-07-19T16:34:28.285+0000] {logging_mixin.py:190} INFO - [2026-07-19T16:34:28.285+0000] {dag.py:3211} INFO - Sync 1 DAGs
[2026-07-19T16:34:28.309+0000] {logging_mixin.py:190} INFO - [2026-07-19T16:34:28.309+0000] {dag.py:4138} INFO - Setting next_dagrun for airflow_sanity_check to None, run_after=None
[2026-07-19T16:34:28.336+0000] {processor.py:208} INFO - Processing /opt/airflow/dags/sanity_checks.py took 0.131 seconds
[2026-07-19T16:34:58.667+0000] {processor.py:186} INFO - Started process (PID=33368) to work on /opt/airflow/dags/sanity_checks.py
[2026-07-19T16:34:58.669+0000] {processor.py:914} INFO - Processing file /opt/airflow/dags/sanity_checks.py for tasks to queue
[2026-07-19T16:34:58.675+0000] {logging_mixin.py:190} INFO - [2026-07-19T16:34:58.674+0000] {dagbag.py:587} INFO - Filling up the DagBag from /opt/airflow/dags/sanity_checks.py
[2026-07-19T16:34:58.694+0000] {processor.py:925} INFO - DAG(s) 'airflow_sanity_check' retrieved from /opt/airflow/dags/sanity_checks.py
[2026-07-19T16:34:58.754+0000] {logging_mixin.py:190} INFO - [2026-07-19T16:34:58.753+0000] {dag.py:3211} INFO - Sync 1 DAGs
[2026-07-19T16:34:58.784+0000] {logging_mixin.py:190} INFO - [2026-07-19T16:34:58.783+0000] {dag.py:4138} INFO - Setting next_dagrun for airflow_sanity_check to None, run_after=None
[2026-07-19T16:34:58.824+0000] {processor.py:208} INFO - Processing /opt/airflow/dags/sanity_checks.py took 0.170 seconds
[2026-07-19T16:35:29.207+0000] {processor.py:186} INFO - Started process (PID=33378) to work on /opt/airflow/dags/sanity_checks.py
[2026-07-19T16:35:29.208+0000] {processor.py:914} INFO - Processing file /opt/airflow/dags/sanity_checks.py for tasks to queue
[2026-07-19T16:35:29.212+0000] {logging_mixin.py:190} INFO - [2026-07-19T16:35:29.211+0000] {dagbag.py:587} INFO - Filling up the DagBag from /opt/airflow/dags/sanity_checks.py
[2026-07-19T16:35:29.228+0000] {processor.py:925} INFO - DAG(s) 'airflow_sanity_check' retrieved from /opt/airflow/dags/sanity_checks.py
[2026-07-19T16:35:29.276+0000] {logging_mixin.py:190} INFO - [2026-07-19T16:35:29.276+0000] {dag.py:3211} INFO - Sync 1 DAGs
[2026-07-19T16:35:29.311+0000] {logging_mixin.py:190} INFO - [2026-07-19T16:35:29.310+0000] {dag.py:4138} INFO - Setting next_dagrun for airflow_sanity_check to None, run_after=None
[2026-07-19T16:35:29.349+0000] {processor.py:208} INFO - Processing /opt/airflow/dags/sanity_checks.py took 0.154 seconds
[2026-07-19T16:35:59.679+0000] {processor.py:186} INFO - Started process (PID=33388) to work on /opt/airflow/dags/sanity_checks.py
[2026-07-19T16:35:59.681+0000] {processor.py:914} INFO - Processing file /opt/airflow/dags/sanity_checks.py for tasks to queue
[2026-07-19T16:35:59.685+0000] {logging_mixin.py:190} INFO - [2026-07-19T16:35:59.684+0000] {dagbag.py:587} INFO - Filling up the DagBag from /opt/airflow/dags/sanity_checks.py
[2026-07-19T16:35:59.704+0000] {processor.py:925} INFO - DAG(s) 'airflow_sanity_check' retrieved from /opt/airflow/dags/sanity_checks.py
[2026-07-19T16:35:59.759+0000] {logging_mixin.py:190} INFO - [2026-07-19T16:35:59.759+0000] {dag.py:3211} INFO - Sync 1 DAGs
[2026-07-19T16:35:59.789+0000] {logging_mixin.py:190} INFO - [2026-07-19T16:35:59.789+0000] {dag.py:4138} INFO - Setting next_dagrun for airflow_sanity_check to None, run_after=None
[2026-07-19T16:35:59.823+0000] {processor.py:208} INFO - Processing /opt/airflow/dags/sanity_checks.py took 0.158 seconds
[2026-07-19T16:36:30.093+0000] {processor.py:186} INFO - Started process (PID=33398) to work on /opt/airflow/dags/sanity_checks.py
[2026-07-19T16:36:30.095+0000] {processor.py:914} INFO - Processing file /opt/airflow/dags/sanity_checks.py for tasks to queue
[2026-07-19T16:36:30.098+0000] {logging_mixin.py:190} INFO - [2026-07-19T16:36:30.098+0000] {dagbag.py:587} INFO - Filling up the DagBag from /opt/airflow/dags/sanity_checks.py
[2026-07-19T16:36:30.114+0000] {processor.py:925} INFO - DAG(s) 'airflow_sanity_check' retrieved from /opt/airflow/dags/sanity_checks.py
[2026-07-19T16:36:30.156+0000] {logging_mixin.py:190} INFO - [2026-07-19T16:36:30.156+0000] {dag.py:3211} INFO - Sync 1 DAGs
[2026-07-19T16:36:30.178+0000] {logging_mixin.py:190} INFO - [2026-07-19T16:36:30.178+0000] {dag.py:4138} INFO - Setting next_dagrun for airflow_sanity_check to None, run_after=None
[2026-07-19T16:36:30.206+0000] {processor.py:208} INFO - Processing /opt/airflow/dags/sanity_checks.py took 0.123 seconds
[2026-07-19T16:37:00.599+0000] {processor.py:186} INFO - Started process (PID=33408) to work on /opt/airflow/dags/sanity_checks.py
[2026-07-19T16:37:00.601+0000] {processor.py:914} INFO - Processing file /opt/airflow/dags/sanity_checks.py for tasks to queue
[2026-07-19T16:37:00.605+0000] {logging_mixin.py:190} INFO - [2026-07-19T16:37:00.604+0000] {dagbag.py:587} INFO - Filling up the DagBag from /opt/airflow/dags/sanity_checks.py
[2026-07-19T16:37:00.622+0000] {processor.py:925} INFO - DAG(s) 'airflow_sanity_check' retrieved from /opt/airflow/dags/sanity_checks.py
[2026-07-19T16:37:00.666+0000] {logging_mixin.py:190} INFO - [2026-07-19T16:37:00.666+0000] {dag.py:3211} INFO - Sync 1 DAGs
[2026-07-19T16:37:00.690+0000] {logging_mixin.py:190} INFO - [2026-07-19T16:37:00.689+0000] {dag.py:4138} INFO - Setting next_dagrun for airflow_sanity_check to None, run_after=None
[2026-07-19T16:37:00.718+0000] {processor.py:208} INFO - Processing /opt/airflow/dags/sanity_checks.py took 0.129 seconds
[2026-07-19T16:37:31.065+0000] {processor.py:186} INFO - Started process (PID=33418) to work on /opt/airflow/dags/sanity_checks.py
[2026-07-19T16:37:31.067+0000] {processor.py:914} INFO - Processing file /opt/airflow/dags/sanity_checks.py for tasks to queue
[2026-07-19T16:37:31.070+0000] {logging_mixin.py:190} INFO - [2026-07-19T16:37:31.070+0000] {dagbag.py:587} INFO - Filling up the DagBag from /opt/airflow/dags/sanity_checks.py
[2026-07-19T16:37:31.089+0000] {processor.py:925} INFO - DAG(s) 'airflow_sanity_check' retrieved from /opt/airflow/dags/sanity_checks.py
[2026-07-19T16:37:31.134+0000] {logging_mixin.py:190} INFO - [2026-07-19T16:37:31.133+0000] {dag.py:3211} INFO - Sync 1 DAGs
[2026-07-19T16:37:31.157+0000] {logging_mixin.py:190} INFO - [2026-07-19T16:37:31.157+0000] {dag.py:4138} INFO - Setting next_dagrun for airflow_sanity_check to None, run_after=None
[2026-07-19T16:37:31.188+0000] {processor.py:208} INFO - Processing /opt/airflow/dags/sanity_checks.py took 0.134 seconds
[2026-07-19T16:38:01.687+0000] {processor.py:186} INFO - Started process (PID=33428) to work on /opt/airflow/dags/sanity_checks.py
[2026-07-19T16:38:01.689+0000] {processor.py:914} INFO - Processing file /opt/airflow/dags/sanity_checks.py for tasks to queue
[2026-07-19T16:38:01.693+0000] {logging_mixin.py:190} INFO - [2026-07-19T16:38:01.693+0000] {dagbag.py:587} INFO - Filling up the DagBag from /opt/airflow/dags/sanity_checks.py
[2026-07-19T16:38:01.709+0000] {processor.py:925} INFO - DAG(s) 'airflow_sanity_check' retrieved from /opt/airflow/dags/sanity_checks.py
[2026-07-19T16:38:01.754+0000] {logging_mixin.py:190} INFO - [2026-07-19T16:38:01.753+0000] {dag.py:3211} INFO - Sync 1 DAGs
[2026-07-19T16:38:01.776+0000] {logging_mixin.py:190} INFO - [2026-07-19T16:38:01.776+0000] {dag.py:4138} INFO - Setting next_dagrun for airflow_sanity_check to None, run_after=None
[2026-07-19T16:38:01.805+0000] {processor.py:208} INFO - Processing /opt/airflow/dags/sanity_checks.py took 0.127 seconds
[2026-07-19T16:38:32.131+0000] {processor.py:186} INFO - Started process (PID=33438) to work on /opt/airflow/dags/sanity_checks.py
[2026-07-19T16:38:32.133+0000] {processor.py:914} INFO - Processing file /opt/airflow/dags/sanity_checks.py for tasks to queue
[2026-07-19T16:38:32.137+0000] {logging_mixin.py:190} INFO - [2026-07-19T16:38:32.136+0000] {dagbag.py:587} INFO - Filling up the DagBag from /opt/airflow/dags/sanity_checks.py
[2026-07-19T16:38:32.154+0000] {processor.py:925} INFO - DAG(s) 'airflow_sanity_check' retrieved from /opt/airflow/dags/sanity_checks.py
[2026-07-19T16:38:32.201+0000] {logging_mixin.py:190} INFO - [2026-07-19T16:38:32.201+0000] {dag.py:3211} INFO - Sync 1 DAGs
[2026-07-19T16:38:32.226+0000] {logging_mixin.py:190} INFO - [2026-07-19T16:38:32.226+0000] {dag.py:4138} INFO - Setting next_dagrun for airflow_sanity_check to None, run_after=None
[2026-07-19T16:38:32.259+0000] {processor.py:208} INFO - Processing /opt/airflow/dags/sanity_checks.py took 0.137 seconds
[2026-07-19T16:39:02.593+0000] {processor.py:186} INFO - Started process (PID=33448) to work on /opt/airflow/dags/sanity_checks.py
[2026-07-19T16:39:02.595+0000] {processor.py:914} INFO - Processing file /opt/airflow/dags/sanity_checks.py for tasks to queue
[2026-07-19T16:39:02.598+0000] {logging_mixin.py:190} INFO - [2026-07-19T16:39:02.598+0000] {dagbag.py:587} INFO - Filling up the DagBag from /opt/airflow/dags/sanity_checks.py
[2026-07-19T16:39:02.615+0000] {processor.py:925} INFO - DAG(s) 'airflow_sanity_check' retrieved from /opt/airflow/dags/sanity_checks.py
[2026-07-19T16:39:02.658+0000] {logging_mixin.py:190} INFO - [2026-07-19T16:39:02.658+0000] {dag.py:3211} INFO - Sync 1 DAGs
[2026-07-19T16:39:02.680+0000] {logging_mixin.py:190} INFO - [2026-07-19T16:39:02.680+0000] {dag.py:4138} INFO - Setting next_dagrun for airflow_sanity_check to None, run_after=None
[2026-07-19T16:39:02.708+0000] {processor.py:208} INFO - Processing /opt/airflow/dags/sanity_checks.py took 0.125 seconds
[2026-07-19T16:39:33.119+0000] {processor.py:186} INFO - Started process (PID=33458) to work on /opt/airflow/dags/sanity_checks.py
[2026-07-19T16:39:33.121+0000] {processor.py:914} INFO - Processing file /opt/airflow/dags/sanity_checks.py for tasks to queue
[2026-07-19T16:39:33.124+0000] {logging_mixin.py:190} INFO - [2026-07-19T16:39:33.124+0000] {dagbag.py:587} INFO - Filling up the DagBag from /opt/airflow/dags/sanity_checks.py
[2026-07-19T16:39:33.140+0000] {processor.py:925} INFO - DAG(s) 'airflow_sanity_check' retrieved from /opt/airflow/dags/sanity_checks.py
[2026-07-19T16:39:33.182+0000] {logging_mixin.py:190} INFO - [2026-07-19T16:39:33.182+0000] {dag.py:3211} INFO - Sync 1 DAGs
[2026-07-19T16:39:33.208+0000] {logging_mixin.py:190} INFO - [2026-07-19T16:39:33.208+0000] {dag.py:4138} INFO - Setting next_dagrun for airflow_sanity_check to None, run_after=None
[2026-07-19T16:39:33.243+0000] {processor.py:208} INFO - Processing /opt/airflow/dags/sanity_checks.py took 0.133 seconds
[2026-07-19T16:40:03.565+0000] {processor.py:186} INFO - Started process (PID=33468) to work on /opt/airflow/dags/sanity_checks.py
[2026-07-19T16:40:03.566+0000] {processor.py:914} INFO - Processing file /opt/airflow/dags/sanity_checks.py for tasks to queue
[2026-07-19T16:40:03.570+0000] {logging_mixin.py:190} INFO - [2026-07-19T16:40:03.569+0000] {dagbag.py:587} INFO - Filling up the DagBag from /opt/airflow/dags/sanity_checks.py
[2026-07-19T16:40:03.585+0000] {processor.py:925} INFO - DAG(s) 'airflow_sanity_check' retrieved from /opt/airflow/dags/sanity_checks.py
[2026-07-19T16:40:03.628+0000] {logging_mixin.py:190} INFO - [2026-07-19T16:40:03.628+0000] {dag.py:3211} INFO - Sync 1 DAGs
[2026-07-19T16:40:03.650+0000] {logging_mixin.py:190} INFO - [2026-07-19T16:40:03.650+0000] {dag.py:4138} INFO - Setting next_dagrun for airflow_sanity_check to None, run_after=None
[2026-07-19T16:40:03.676+0000] {processor.py:208} INFO - Processing /opt/airflow/dags/sanity_checks.py took 0.120 seconds
[2026-07-19T16:40:34.000+0000] {processor.py:186} INFO - Started process (PID=33478) to work on /opt/airflow/dags/sanity_checks.py
[2026-07-19T16:40:34.001+0000] {processor.py:914} INFO - Processing file /opt/airflow/dags/sanity_checks.py for tasks to queue
[2026-07-19T16:40:34.005+0000] {logging_mixin.py:190} INFO - [2026-07-19T16:40:34.004+0000] {dagbag.py:587} INFO - Filling up the DagBag from /opt/airflow/dags/sanity_checks.py
[2026-07-19T16:40:34.022+0000] {processor.py:925} INFO - DAG(s) 'airflow_sanity_check' retrieved from /opt/airflow/dags/sanity_checks.py
[2026-07-19T16:40:34.066+0000] {logging_mixin.py:190} INFO - [2026-07-19T16:40:34.065+0000] {dag.py:3211} INFO - Sync 1 DAGs
[2026-07-19T16:40:34.089+0000] {logging_mixin.py:190} INFO - [2026-07-19T16:40:34.088+0000] {dag.py:4138} INFO - Setting next_dagrun for airflow_sanity_check to None, run_after=None
[2026-07-19T16:40:34.119+0000] {processor.py:208} INFO - Processing /opt/airflow/dags/sanity_checks.py took 0.128 seconds
[2026-07-19T16:41:04.435+0000] {processor.py:186} INFO - Started process (PID=33488) to work on /opt/airflow/dags/sanity_checks.py
[2026-07-19T16:41:04.436+0000] {processor.py:914} INFO - Processing file /opt/airflow/dags/sanity_checks.py for tasks to queue
[2026-07-19T16:41:04.441+0000] {logging_mixin.py:190} INFO - [2026-07-19T16:41:04.440+0000] {dagbag.py:587} INFO - Filling up the DagBag from /opt/airflow/dags/sanity_checks.py
[2026-07-19T16:41:04.459+0000] {processor.py:925} INFO - DAG(s) 'airflow_sanity_check' retrieved from /opt/airflow/dags/sanity_checks.py
[2026-07-19T16:41:04.504+0000] {logging_mixin.py:190} INFO - [2026-07-19T16:41:04.503+0000] {dag.py:3211} INFO - Sync 1 DAGs
[2026-07-19T16:41:04.527+0000] {logging_mixin.py:190} INFO - [2026-07-19T16:41:04.526+0000] {dag.py:4138} INFO - Setting next_dagrun for airflow_sanity_check to None, run_after=None
[2026-07-19T16:41:04.555+0000] {processor.py:208} INFO - Processing /opt/airflow/dags/sanity_checks.py took 0.129 seconds
[2026-07-19T16:41:34.897+0000] {processor.py:186} INFO - Started process (PID=33498) to work on /opt/airflow/dags/sanity_checks.py
[2026-07-19T16:41:34.899+0000] {processor.py:914} INFO - Processing file /opt/airflow/dags/sanity_checks.py for tasks to queue
[2026-07-19T16:41:34.903+0000] {logging_mixin.py:190} INFO - [2026-07-19T16:41:34.903+0000] {dagbag.py:587} INFO - Filling up the DagBag from /opt/airflow/dags/sanity_checks.py
[2026-07-19T16:41:34.919+0000] {processor.py:925} INFO - DAG(s) 'airflow_sanity_check' retrieved from /opt/airflow/dags/sanity_checks.py
[2026-07-19T16:41:34.974+0000] {logging_mixin.py:190} INFO - [2026-07-19T16:41:34.974+0000] {dag.py:3211} INFO - Sync 1 DAGs
[2026-07-19T16:41:35.000+0000] {logging_mixin.py:190} INFO - [2026-07-19T16:41:35.000+0000] {dag.py:4138} INFO - Setting next_dagrun for airflow_sanity_check to None, run_after=None
[2026-07-19T16:41:35.030+0000] {processor.py:208} INFO - Processing /opt/airflow/dags/sanity_checks.py took 0.143 seconds
[2026-07-19T16:42:05.361+0000] {processor.py:186} INFO - Started process (PID=33508) to work on /opt/airflow/dags/sanity_checks.py
[2026-07-19T16:42:05.363+0000] {processor.py:914} INFO - Processing file /opt/airflow/dags/sanity_checks.py for tasks to queue
[2026-07-19T16:42:05.366+0000] {logging_mixin.py:190} INFO - [2026-07-19T16:42:05.366+0000] {dagbag.py:587} INFO - Filling up the DagBag from /opt/airflow/dags/sanity_checks.py
[2026-07-19T16:42:05.382+0000] {processor.py:925} INFO - DAG(s) 'airflow_sanity_check' retrieved from /opt/airflow/dags/sanity_checks.py
[2026-07-19T16:42:05.424+0000] {logging_mixin.py:190} INFO - [2026-07-19T16:42:05.423+0000] {dag.py:3211} INFO - Sync 1 DAGs
[2026-07-19T16:42:05.446+0000] {logging_mixin.py:190} INFO - [2026-07-19T16:42:05.446+0000] {dag.py:4138} INFO - Setting next_dagrun for airflow_sanity_check to None, run_after=None
[2026-07-19T16:42:05.474+0000] {processor.py:208} INFO - Processing /opt/airflow/dags/sanity_checks.py took 0.122 seconds
[2026-07-19T16:42:35.825+0000] {processor.py:186} INFO - Started process (PID=33518) to work on /opt/airflow/dags/sanity_checks.py
[2026-07-19T16:42:35.827+0000] {processor.py:914} INFO - Processing file /opt/airflow/dags/sanity_checks.py for tasks to queue
[2026-07-19T16:42:35.830+0000] {logging_mixin.py:190} INFO - [2026-07-19T16:42:35.830+0000] {dagbag.py:587} INFO - Filling up the DagBag from /opt/airflow/dags/sanity_checks.py
[2026-07-19T16:42:35.847+0000] {processor.py:925} INFO - DAG(s) 'airflow_sanity_check' retrieved from /opt/airflow/dags/sanity_checks.py
[2026-07-19T16:42:35.893+0000] {logging_mixin.py:190} INFO - [2026-07-19T16:42:35.893+0000] {dag.py:3211} INFO - Sync 1 DAGs
[2026-07-19T16:42:35.918+0000] {logging_mixin.py:190} INFO - [2026-07-19T16:42:35.917+0000] {dag.py:4138} INFO - Setting next_dagrun for airflow_sanity_check to None, run_after=None
[2026-07-19T16:42:35.950+0000] {processor.py:208} INFO - Processing /opt/airflow/dags/sanity_checks.py took 0.137 seconds
[2026-07-19T16:43:06.451+0000] {processor.py:186} INFO - Started process (PID=33528) to work on /opt/airflow/dags/sanity_checks.py
[2026-07-19T16:43:06.453+0000] {processor.py:914} INFO - Processing file /opt/airflow/dags/sanity_checks.py for tasks to queue
[2026-07-19T16:43:06.456+0000] {logging_mixin.py:190} INFO - [2026-07-19T16:43:06.456+0000] {dagbag.py:587} INFO - Filling up the DagBag from /opt/airflow/dags/sanity_checks.py
[2026-07-19T16:43:06.472+0000] {processor.py:925} INFO - DAG(s) 'airflow_sanity_check' retrieved from /opt/airflow/dags/sanity_checks.py
[2026-07-19T16:43:06.515+0000] {logging_mixin.py:190} INFO - [2026-07-19T16:43:06.515+0000] {dag.py:3211} INFO - Sync 1 DAGs
[2026-07-19T16:43:06.536+0000] {logging_mixin.py:190} INFO - [2026-07-19T16:43:06.536+0000] {dag.py:4138} INFO - Setting next_dagrun for airflow_sanity_check to None, run_after=None
[2026-07-19T16:43:06.567+0000] {processor.py:208} INFO - Processing /opt/airflow/dags/sanity_checks.py took 0.124 seconds
[2026-07-19T16:43:36.886+0000] {processor.py:186} INFO - Started process (PID=33538) to work on /opt/airflow/dags/sanity_checks.py
[2026-07-19T16:43:36.888+0000] {processor.py:914} INFO - Processing file /opt/airflow/dags/sanity_checks.py for tasks to queue
[2026-07-19T16:43:36.892+0000] {logging_mixin.py:190} INFO - [2026-07-19T16:43:36.892+0000] {dagbag.py:587} INFO - Filling up the DagBag from /opt/airflow/dags/sanity_checks.py
[2026-07-19T16:43:36.908+0000] {processor.py:925} INFO - DAG(s) 'airflow_sanity_check' retrieved from /opt/airflow/dags/sanity_checks.py
[2026-07-19T16:43:36.976+0000] {logging_mixin.py:190} INFO - [2026-07-19T16:43:36.976+0000] {dag.py:3211} INFO - Sync 1 DAGs
[2026-07-19T16:43:37.013+0000] {logging_mixin.py:190} INFO - [2026-07-19T16:43:37.013+0000] {dag.py:4138} INFO - Setting next_dagrun for airflow_sanity_check to None, run_after=None
[2026-07-19T16:43:37.053+0000] {processor.py:208} INFO - Processing /opt/airflow/dags/sanity_checks.py took 0.176 seconds
[2026-07-19T16:44:07.595+0000] {processor.py:186} INFO - Started process (PID=33548) to work on /opt/airflow/dags/sanity_checks.py
[2026-07-19T16:44:07.597+0000] {processor.py:914} INFO - Processing file /opt/airflow/dags/sanity_checks.py for tasks to queue
[2026-07-19T16:44:07.602+0000] {logging_mixin.py:190} INFO - [2026-07-19T16:44:07.601+0000] {dagbag.py:587} INFO - Filling up the DagBag from /opt/airflow/dags/sanity_checks.py
[2026-07-19T16:44:07.621+0000] {processor.py:925} INFO - DAG(s) 'airflow_sanity_check' retrieved from /opt/airflow/dags/sanity_checks.py
[2026-07-19T16:44:07.671+0000] {logging_mixin.py:190} INFO - [2026-07-19T16:44:07.670+0000] {dag.py:3211} INFO - Sync 1 DAGs
[2026-07-19T16:44:07.696+0000] {logging_mixin.py:190} INFO - [2026-07-19T16:44:07.696+0000] {dag.py:4138} INFO - Setting next_dagrun for airflow_sanity_check to None, run_after=None
[2026-07-19T16:44:07.728+0000] {processor.py:208} INFO - Processing /opt/airflow/dags/sanity_checks.py took 0.145 seconds
[2026-07-19T16:44:38.156+0000] {processor.py:186} INFO - Started process (PID=33558) to work on /opt/airflow/dags/sanity_checks.py
[2026-07-19T16:44:38.158+0000] {processor.py:914} INFO - Processing file /opt/airflow/dags/sanity_checks.py for tasks to queue
[2026-07-19T16:44:38.162+0000] {logging_mixin.py:190} INFO - [2026-07-19T16:44:38.161+0000] {dagbag.py:587} INFO - Filling up the DagBag from /opt/airflow/dags/sanity_checks.py
[2026-07-19T16:44:38.178+0000] {processor.py:925} INFO - DAG(s) 'airflow_sanity_check' retrieved from /opt/airflow/dags/sanity_checks.py
[2026-07-19T16:44:38.229+0000] {logging_mixin.py:190} INFO - [2026-07-19T16:44:38.228+0000] {dag.py:3211} INFO - Sync 1 DAGs
[2026-07-19T16:44:38.257+0000] {logging_mixin.py:190} INFO - [2026-07-19T16:44:38.256+0000] {dag.py:4138} INFO - Setting next_dagrun for airflow_sanity_check to None, run_after=None
[2026-07-19T16:44:38.285+0000] {processor.py:208} INFO - Processing /opt/airflow/dags/sanity_checks.py took 0.141 seconds
[2026-07-19T16:45:08.633+0000] {processor.py:186} INFO - Started process (PID=33568) to work on /opt/airflow/dags/sanity_checks.py
[2026-07-19T16:45:08.634+0000] {processor.py:914} INFO - Processing file /opt/airflow/dags/sanity_checks.py for tasks to queue
[2026-07-19T16:45:08.638+0000] {logging_mixin.py:190} INFO - [2026-07-19T16:45:08.637+0000] {dagbag.py:587} INFO - Filling up the DagBag from /opt/airflow/dags/sanity_checks.py
[2026-07-19T16:45:08.654+0000] {processor.py:925} INFO - DAG(s) 'airflow_sanity_check' retrieved from /opt/airflow/dags/sanity_checks.py
[2026-07-19T16:45:08.699+0000] {logging_mixin.py:190} INFO - [2026-07-19T16:45:08.699+0000] {dag.py:3211} INFO - Sync 1 DAGs
[2026-07-19T16:45:08.721+0000] {logging_mixin.py:190} INFO - [2026-07-19T16:45:08.721+0000] {dag.py:4138} INFO - Setting next_dagrun for airflow_sanity_check to None, run_after=None
[2026-07-19T16:45:08.754+0000] {processor.py:208} INFO - Processing /opt/airflow/dags/sanity_checks.py took 0.134 seconds
[2026-07-19T16:45:39.132+0000] {processor.py:186} INFO - Started process (PID=33578) to work on /opt/airflow/dags/sanity_checks.py
[2026-07-19T16:45:39.136+0000] {processor.py:914} INFO - Processing file /opt/airflow/dags/sanity_checks.py for tasks to queue
[2026-07-19T16:45:39.141+0000] {logging_mixin.py:190} INFO - [2026-07-19T16:45:39.140+0000] {dagbag.py:587} INFO - Filling up the DagBag from /opt/airflow/dags/sanity_checks.py
[2026-07-19T16:45:39.164+0000] {processor.py:925} INFO - DAG(s) 'airflow_sanity_check' retrieved from /opt/airflow/dags/sanity_checks.py
[2026-07-19T16:45:39.214+0000] {logging_mixin.py:190} INFO - [2026-07-19T16:45:39.214+0000] {dag.py:3211} INFO - Sync 1 DAGs
[2026-07-19T16:45:39.238+0000] {logging_mixin.py:190} INFO - [2026-07-19T16:45:39.238+0000] {dag.py:4138} INFO - Setting next_dagrun for airflow_sanity_check to None, run_after=None
[2026-07-19T16:45:39.277+0000] {processor.py:208} INFO - Processing /opt/airflow/dags/sanity_checks.py took 0.155 seconds
[2026-07-19T16:46:09.608+0000] {processor.py:186} INFO - Started process (PID=33588) to work on /opt/airflow/dags/sanity_checks.py
[2026-07-19T16:46:09.610+0000] {processor.py:914} INFO - Processing file /opt/airflow/dags/sanity_checks.py for tasks to queue
[2026-07-19T16:46:09.614+0000] {logging_mixin.py:190} INFO - [2026-07-19T16:46:09.613+0000] {dagbag.py:587} INFO - Filling up the DagBag from /opt/airflow/dags/sanity_checks.py
[2026-07-19T16:46:09.631+0000] {processor.py:925} INFO - DAG(s) 'airflow_sanity_check' retrieved from /opt/airflow/dags/sanity_checks.py
[2026-07-19T16:46:09.680+0000] {logging_mixin.py:190} INFO - [2026-07-19T16:46:09.680+0000] {dag.py:3211} INFO - Sync 1 DAGs
[2026-07-19T16:46:09.707+0000] {logging_mixin.py:190} INFO - [2026-07-19T16:46:09.707+0000] {dag.py:4138} INFO - Setting next_dagrun for airflow_sanity_check to None, run_after=None
[2026-07-19T16:46:09.736+0000] {processor.py:208} INFO - Processing /opt/airflow/dags/sanity_checks.py took 0.139 seconds
[2026-07-19T16:46:40.075+0000] {processor.py:186} INFO - Started process (PID=33598) to work on /opt/airflow/dags/sanity_checks.py
[2026-07-19T16:46:40.076+0000] {processor.py:914} INFO - Processing file /opt/airflow/dags/sanity_checks.py for tasks to queue
[2026-07-19T16:46:40.081+0000] {logging_mixin.py:190} INFO - [2026-07-19T16:46:40.080+0000] {dagbag.py:587} INFO - Filling up the DagBag from /opt/airflow/dags/sanity_checks.py
[2026-07-19T16:46:40.097+0000] {processor.py:925} INFO - DAG(s) 'airflow_sanity_check' retrieved from /opt/airflow/dags/sanity_checks.py
[2026-07-19T16:46:40.142+0000] {logging_mixin.py:190} INFO - [2026-07-19T16:46:40.142+0000] {dag.py:3211} INFO - Sync 1 DAGs
[2026-07-19T16:46:40.169+0000] {logging_mixin.py:190} INFO - [2026-07-19T16:46:40.168+0000] {dag.py:4138} INFO - Setting next_dagrun for airflow_sanity_check to None, run_after=None
[2026-07-19T16:46:40.196+0000] {processor.py:208} INFO - Processing /opt/airflow/dags/sanity_checks.py took 0.131 seconds
[2026-07-19T16:47:10.526+0000] {processor.py:186} INFO - Started process (PID=33608) to work on /opt/airflow/dags/sanity_checks.py
[2026-07-19T16:47:10.528+0000] {processor.py:914} INFO - Processing file /opt/airflow/dags/sanity_checks.py for tasks to queue
[2026-07-19T16:47:10.533+0000] {logging_mixin.py:190} INFO - [2026-07-19T16:47:10.533+0000] {dagbag.py:587} INFO - Filling up the DagBag from /opt/airflow/dags/sanity_checks.py
[2026-07-19T16:47:10.550+0000] {processor.py:925} INFO - DAG(s) 'airflow_sanity_check' retrieved from /opt/airflow/dags/sanity_checks.py
[2026-07-19T16:47:10.600+0000] {logging_mixin.py:190} INFO - [2026-07-19T16:47:10.599+0000] {dag.py:3211} INFO - Sync 1 DAGs
[2026-07-19T16:47:10.637+0000] {logging_mixin.py:190} INFO - [2026-07-19T16:47:10.636+0000] {dag.py:4138} INFO - Setting next_dagrun for airflow_sanity_check to None, run_after=None
[2026-07-19T16:47:10.670+0000] {processor.py:208} INFO - Processing /opt/airflow/dags/sanity_checks.py took 0.153 seconds
[2026-07-19T16:47:41.050+0000] {processor.py:186} INFO - Started process (PID=33618) to work on /opt/airflow/dags/sanity_checks.py
[2026-07-19T16:47:41.056+0000] {processor.py:914} INFO - Processing file /opt/airflow/dags/sanity_checks.py for tasks to queue
[2026-07-19T16:47:41.063+0000] {logging_mixin.py:190} INFO - [2026-07-19T16:47:41.063+0000] {dagbag.py:587} INFO - Filling up the DagBag from /opt/airflow/dags/sanity_checks.py
[2026-07-19T16:47:41.094+0000] {processor.py:925} INFO - DAG(s) 'airflow_sanity_check' retrieved from /opt/airflow/dags/sanity_checks.py
[2026-07-19T16:47:41.174+0000] {logging_mixin.py:190} INFO - [2026-07-19T16:47:41.174+0000] {dag.py:3211} INFO - Sync 1 DAGs
[2026-07-19T16:47:41.200+0000] {logging_mixin.py:190} INFO - [2026-07-19T16:47:41.199+0000] {dag.py:4138} INFO - Setting next_dagrun for airflow_sanity_check to None, run_after=None
[2026-07-19T16:47:41.235+0000] {processor.py:208} INFO - Processing /opt/airflow/dags/sanity_checks.py took 0.198 seconds
[2026-07-19T16:48:11.613+0000] {processor.py:186} INFO - Started process (PID=33628) to work on /opt/airflow/dags/sanity_checks.py
[2026-07-19T16:48:11.614+0000] {processor.py:914} INFO - Processing file /opt/airflow/dags/sanity_checks.py for tasks to queue
[2026-07-19T16:48:11.618+0000] {logging_mixin.py:190} INFO - [2026-07-19T16:48:11.617+0000] {dagbag.py:587} INFO - Filling up the DagBag from /opt/airflow/dags/sanity_checks.py
[2026-07-19T16:48:11.633+0000] {processor.py:925} INFO - DAG(s) 'airflow_sanity_check' retrieved from /opt/airflow/dags/sanity_checks.py
[2026-07-19T16:48:11.675+0000] {logging_mixin.py:190} INFO - [2026-07-19T16:48:11.674+0000] {dag.py:3211} INFO - Sync 1 DAGs
[2026-07-19T16:48:11.697+0000] {logging_mixin.py:190} INFO - [2026-07-19T16:48:11.697+0000] {dag.py:4138} INFO - Setting next_dagrun for airflow_sanity_check to None, run_after=None
[2026-07-19T16:48:11.724+0000] {processor.py:208} INFO - Processing /opt/airflow/dags/sanity_checks.py took 0.121 seconds
[2026-07-19T16:48:42.112+0000] {processor.py:186} INFO - Started process (PID=33638) to work on /opt/airflow/dags/sanity_checks.py
[2026-07-19T16:48:42.114+0000] {processor.py:914} INFO - Processing file /opt/airflow/dags/sanity_checks.py for tasks to queue
[2026-07-19T16:48:42.118+0000] {logging_mixin.py:190} INFO - [2026-07-19T16:48:42.117+0000] {dagbag.py:587} INFO - Filling up the DagBag from /opt/airflow/dags/sanity_checks.py
[2026-07-19T16:48:42.134+0000] {processor.py:925} INFO - DAG(s) 'airflow_sanity_check' retrieved from /opt/airflow/dags/sanity_checks.py
[2026-07-19T16:48:42.185+0000] {logging_mixin.py:190} INFO - [2026-07-19T16:48:42.184+0000] {dag.py:3211} INFO - Sync 1 DAGs
[2026-07-19T16:48:42.211+0000] {logging_mixin.py:190} INFO - [2026-07-19T16:48:42.211+0000] {dag.py:4138} INFO - Setting next_dagrun for airflow_sanity_check to None, run_after=None
[2026-07-19T16:48:42.239+0000] {processor.py:208} INFO - Processing /opt/airflow/dags/sanity_checks.py took 0.136 seconds
[2026-07-19T16:49:12.574+0000] {processor.py:186} INFO - Started process (PID=33648) to work on /opt/airflow/dags/sanity_checks.py
[2026-07-19T16:49:12.576+0000] {processor.py:914} INFO - Processing file /opt/airflow/dags/sanity_checks.py for tasks to queue
[2026-07-19T16:49:12.579+0000] {logging_mixin.py:190} INFO - [2026-07-19T16:49:12.579+0000] {dagbag.py:587} INFO - Filling up the DagBag from /opt/airflow/dags/sanity_checks.py
[2026-07-19T16:49:12.595+0000] {processor.py:925} INFO - DAG(s) 'airflow_sanity_check' retrieved from /opt/airflow/dags/sanity_checks.py
[2026-07-19T16:49:12.639+0000] {logging_mixin.py:190} INFO - [2026-07-19T16:49:12.638+0000] {dag.py:3211} INFO - Sync 1 DAGs
[2026-07-19T16:49:12.661+0000] {logging_mixin.py:190} INFO - [2026-07-19T16:49:12.661+0000] {dag.py:4138} INFO - Setting next_dagrun for airflow_sanity_check to None, run_after=None
[2026-07-19T16:49:12.691+0000] {processor.py:208} INFO - Processing /opt/airflow/dags/sanity_checks.py took 0.127 seconds
[2026-07-19T16:49:43.117+0000] {processor.py:186} INFO - Started process (PID=33658) to work on /opt/airflow/dags/sanity_checks.py
[2026-07-19T16:49:43.119+0000] {processor.py:914} INFO - Processing file /opt/airflow/dags/sanity_checks.py for tasks to queue
[2026-07-19T16:49:43.125+0000] {logging_mixin.py:190} INFO - [2026-07-19T16:49:43.124+0000] {dagbag.py:587} INFO - Filling up the DagBag from /opt/airflow/dags/sanity_checks.py
[2026-07-19T16:49:43.151+0000] {processor.py:925} INFO - DAG(s) 'airflow_sanity_check' retrieved from /opt/airflow/dags/sanity_checks.py
[2026-07-19T16:49:43.202+0000] {logging_mixin.py:190} INFO - [2026-07-19T16:49:43.202+0000] {dag.py:3211} INFO - Sync 1 DAGs
[2026-07-19T16:49:43.227+0000] {logging_mixin.py:190} INFO - [2026-07-19T16:49:43.227+0000] {dag.py:4138} INFO - Setting next_dagrun for airflow_sanity_check to None, run_after=None
[2026-07-19T16:49:43.256+0000] {processor.py:208} INFO - Processing /opt/airflow/dags/sanity_checks.py took 0.155 seconds
[2026-07-19T16:50:13.605+0000] {processor.py:186} INFO - Started process (PID=33668) to work on /opt/airflow/dags/sanity_checks.py
[2026-07-19T16:50:13.607+0000] {processor.py:914} INFO - Processing file /opt/airflow/dags/sanity_checks.py for tasks to queue
[2026-07-19T16:50:13.612+0000] {logging_mixin.py:190} INFO - [2026-07-19T16:50:13.612+0000] {dagbag.py:587} INFO - Filling up the DagBag from /opt/airflow/dags/sanity_checks.py
[2026-07-19T16:50:13.629+0000] {processor.py:925} INFO - DAG(s) 'airflow_sanity_check' retrieved from /opt/airflow/dags/sanity_checks.py
[2026-07-19T16:50:13.687+0000] {logging_mixin.py:190} INFO - [2026-07-19T16:50:13.686+0000] {dag.py:3211} INFO - Sync 1 DAGs
[2026-07-19T16:50:13.717+0000] {logging_mixin.py:190} INFO - [2026-07-19T16:50:13.717+0000] {dag.py:4138} INFO - Setting next_dagrun for airflow_sanity_check to None, run_after=None
[2026-07-19T16:50:13.754+0000] {processor.py:208} INFO - Processing /opt/airflow/dags/sanity_checks.py took 0.159 seconds
[2026-07-19T16:50:44.187+0000] {processor.py:186} INFO - Started process (PID=33678) to work on /opt/airflow/dags/sanity_checks.py
[2026-07-19T16:50:44.189+0000] {processor.py:914} INFO - Processing file /opt/airflow/dags/sanity_checks.py for tasks to queue
[2026-07-19T16:50:44.193+0000] {logging_mixin.py:190} INFO - [2026-07-19T16:50:44.193+0000] {dagbag.py:587} INFO - Filling up the DagBag from /opt/airflow/dags/sanity_checks.py
[2026-07-19T16:50:44.211+0000] {processor.py:925} INFO - DAG(s) 'airflow_sanity_check' retrieved from /opt/airflow/dags/sanity_checks.py
[2026-07-19T16:50:44.257+0000] {logging_mixin.py:190} INFO - [2026-07-19T16:50:44.256+0000] {dag.py:3211} INFO - Sync 1 DAGs
[2026-07-19T16:50:44.280+0000] {logging_mixin.py:190} INFO - [2026-07-19T16:50:44.280+0000] {dag.py:4138} INFO - Setting next_dagrun for airflow_sanity_check to None, run_after=None
[2026-07-19T16:50:44.309+0000] {processor.py:208} INFO - Processing /opt/airflow/dags/sanity_checks.py took 0.131 seconds
[2026-07-19T16:51:15.354+0000] {processor.py:186} INFO - Started process (PID=33688) to work on /opt/airflow/dags/sanity_checks.py
[2026-07-19T16:51:15.373+0000] {processor.py:914} INFO - Processing file /opt/airflow/dags/sanity_checks.py for tasks to queue
[2026-07-19T16:51:15.424+0000] {logging_mixin.py:190} INFO - [2026-07-19T16:51:15.423+0000] {dagbag.py:587} INFO - Filling up the DagBag from /opt/airflow/dags/sanity_checks.py
[2026-07-19T16:51:15.447+0000] {processor.py:925} INFO - DAG(s) 'airflow_sanity_check' retrieved from /opt/airflow/dags/sanity_checks.py
[2026-07-19T16:51:15.578+0000] {logging_mixin.py:190} INFO - [2026-07-19T16:51:15.577+0000] {dag.py:3211} INFO - Sync 1 DAGs
[2026-07-19T16:51:15.636+0000] {logging_mixin.py:190} INFO - [2026-07-19T16:51:15.636+0000] {dag.py:4138} INFO - Setting next_dagrun for airflow_sanity_check to None, run_after=None
[2026-07-19T16:51:15.762+0000] {processor.py:208} INFO - Processing /opt/airflow/dags/sanity_checks.py took 0.451 seconds
[2026-07-19T16:51:45.891+0000] {processor.py:186} INFO - Started process (PID=33698) to work on /opt/airflow/dags/sanity_checks.py
[2026-07-19T16:51:45.893+0000] {processor.py:914} INFO - Processing file /opt/airflow/dags/sanity_checks.py for tasks to queue
[2026-07-19T16:51:45.896+0000] {logging_mixin.py:190} INFO - [2026-07-19T16:51:45.896+0000] {dagbag.py:587} INFO - Filling up the DagBag from /opt/airflow/dags/sanity_checks.py
[2026-07-19T16:51:45.912+0000] {processor.py:925} INFO - DAG(s) 'airflow_sanity_check' retrieved from /opt/airflow/dags/sanity_checks.py
[2026-07-19T16:51:45.964+0000] {logging_mixin.py:190} INFO - [2026-07-19T16:51:45.964+0000] {dag.py:3211} INFO - Sync 1 DAGs
[2026-07-19T16:51:46.017+0000] {logging_mixin.py:190} INFO - [2026-07-19T16:51:46.016+0000] {dag.py:4138} INFO - Setting next_dagrun for airflow_sanity_check to None, run_after=None
[2026-07-19T16:51:46.047+0000] {processor.py:208} INFO - Processing /opt/airflow/dags/sanity_checks.py took 0.168 seconds
[2026-07-19T16:52:58.193+0000] {processor.py:186} INFO - Started process (PID=33708) to work on /opt/airflow/dags/sanity_checks.py
[2026-07-19T16:52:58.195+0000] {processor.py:914} INFO - Processing file /opt/airflow/dags/sanity_checks.py for tasks to queue
[2026-07-19T16:52:58.199+0000] {logging_mixin.py:190} INFO - [2026-07-19T16:52:58.199+0000] {dagbag.py:587} INFO - Filling up the DagBag from /opt/airflow/dags/sanity_checks.py
[2026-07-19T16:52:58.240+0000] {processor.py:925} INFO - DAG(s) 'airflow_sanity_check' retrieved from /opt/airflow/dags/sanity_checks.py
[2026-07-19T16:52:58.282+0000] {logging_mixin.py:190} INFO - [2026-07-19T16:52:58.282+0000] {dag.py:3211} INFO - Sync 1 DAGs
[2026-07-19T16:52:58.316+0000] {logging_mixin.py:190} INFO - [2026-07-19T16:52:58.316+0000] {dag.py:4138} INFO - Setting next_dagrun for airflow_sanity_check to None, run_after=None
[2026-07-19T16:52:58.363+0000] {processor.py:208} INFO - Processing /opt/airflow/dags/sanity_checks.py took 0.179 seconds
