[2026-07-19T00:21:35.150+0000] {processor.py:186} INFO - Started process (PID=30165) to work on /opt/airflow/dags/tmdb_incremental_sync.py
[2026-07-19T00:21:35.150+0000] {processor.py:914} INFO - Processing file /opt/airflow/dags/tmdb_incremental_sync.py for tasks to queue
[2026-07-19T00:21:35.150+0000] {logging_mixin.py:190} INFO - [2026-07-19T00:21:35.150+0000] {dagbag.py:587} INFO - Filling up the DagBag from /opt/airflow/dags/tmdb_incremental_sync.py
[2026-07-19T00:21:35.150+0000] {processor.py:925} INFO - DAG(s) 'tmdb_incremental_sync' retrieved from /opt/airflow/dags/tmdb_incremental_sync.py
[2026-07-19T00:21:35.150+0000] {logging_mixin.py:190} INFO - [2026-07-19T00:21:35.150+0000] {dag.py:3211} INFO - Sync 1 DAGs
[2026-07-19T00:21:35.150+0000] {logging_mixin.py:190} INFO - [2026-07-19T00:21:35.150+0000] {dag.py:4138} INFO - Setting next_dagrun for tmdb_incremental_sync to 2026-07-19 00:00:00+00:00, run_after=2026-07-20 00:00:00+00:00
[2026-07-19T00:21:35.150+0000] {processor.py:208} INFO - Processing /opt/airflow/dags/tmdb_incremental_sync.py took 0.000 seconds
[2026-07-19T03:21:28.735+0000] {processor.py:186} INFO - Started process (PID=30178) to work on /opt/airflow/dags/tmdb_incremental_sync.py
[2026-07-19T03:21:28.887+0000] {processor.py:914} INFO - Processing file /opt/airflow/dags/tmdb_incremental_sync.py for tasks to queue
[2026-07-19T03:21:29.151+0000] {logging_mixin.py:190} INFO - [2026-07-19T03:21:29.138+0000] {dagbag.py:587} INFO - Filling up the DagBag from /opt/airflow/dags/tmdb_incremental_sync.py
[2026-07-19T03:21:30.994+0000] {processor.py:925} INFO - DAG(s) 'tmdb_incremental_sync' retrieved from /opt/airflow/dags/tmdb_incremental_sync.py
[2026-07-19T03:21:33.358+0000] {logging_mixin.py:190} INFO - [2026-07-19T03:21:33.326+0000] {dag.py:3211} INFO - Sync 1 DAGs
[2026-07-19T03:21:35.421+0000] {logging_mixin.py:190} INFO - [2026-07-19T03:21:35.419+0000] {dag.py:4138} INFO - Setting next_dagrun for tmdb_incremental_sync to 2026-07-19 00:00:00+00:00, run_after=2026-07-20 00:00:00+00:00
[2026-07-19T03:21:36.415+0000] {processor.py:208} INFO - Processing /opt/airflow/dags/tmdb_incremental_sync.py took 8.064 seconds
[2026-07-19T11:24:21.675+0000] {processor.py:186} INFO - Started process (PID=30198) to work on /opt/airflow/dags/tmdb_incremental_sync.py
[2026-07-19T11:24:21.680+0000] {processor.py:914} INFO - Processing file /opt/airflow/dags/tmdb_incremental_sync.py for tasks to queue
[2026-07-19T11:24:21.711+0000] {logging_mixin.py:190} INFO - [2026-07-19T11:24:21.708+0000] {dagbag.py:587} INFO - Filling up the DagBag from /opt/airflow/dags/tmdb_incremental_sync.py
[2026-07-19T11:24:21.881+0000] {processor.py:925} INFO - DAG(s) 'tmdb_incremental_sync' retrieved from /opt/airflow/dags/tmdb_incremental_sync.py
[2026-07-19T11:24:22.006+0000] {logging_mixin.py:190} INFO - [2026-07-19T11:24:22.006+0000] {dag.py:3211} INFO - Sync 1 DAGs
[2026-07-19T11:24:22.119+0000] {logging_mixin.py:190} INFO - [2026-07-19T11:24:22.118+0000] {dag.py:4138} INFO - Setting next_dagrun for tmdb_incremental_sync to 2026-07-19 00:00:00+00:00, run_after=2026-07-20 00:00:00+00:00
[2026-07-19T11:24:22.178+0000] {processor.py:208} INFO - Processing /opt/airflow/dags/tmdb_incremental_sync.py took 0.532 seconds
[2026-07-19T11:24:52.783+0000] {processor.py:186} INFO - Started process (PID=30208) to work on /opt/airflow/dags/tmdb_incremental_sync.py
[2026-07-19T11:24:52.784+0000] {processor.py:914} INFO - Processing file /opt/airflow/dags/tmdb_incremental_sync.py for tasks to queue
[2026-07-19T11:24:52.790+0000] {logging_mixin.py:190} INFO - [2026-07-19T11:24:52.789+0000] {dagbag.py:587} INFO - Filling up the DagBag from /opt/airflow/dags/tmdb_incremental_sync.py
[2026-07-19T11:24:52.841+0000] {processor.py:925} INFO - DAG(s) 'tmdb_incremental_sync' retrieved from /opt/airflow/dags/tmdb_incremental_sync.py
[2026-07-19T11:24:52.911+0000] {logging_mixin.py:190} INFO - [2026-07-19T11:24:52.911+0000] {dag.py:3211} INFO - Sync 1 DAGs
[2026-07-19T11:24:53.035+0000] {logging_mixin.py:190} INFO - [2026-07-19T11:24:53.035+0000] {dag.py:4138} INFO - Setting next_dagrun for tmdb_incremental_sync to 2026-07-19 00:00:00+00:00, run_after=2026-07-20 00:00:00+00:00
[2026-07-19T11:24:53.093+0000] {processor.py:208} INFO - Processing /opt/airflow/dags/tmdb_incremental_sync.py took 0.322 seconds
[2026-07-19T11:25:23.558+0000] {processor.py:186} INFO - Started process (PID=30218) to work on /opt/airflow/dags/tmdb_incremental_sync.py
[2026-07-19T11:25:23.561+0000] {processor.py:914} INFO - Processing file /opt/airflow/dags/tmdb_incremental_sync.py for tasks to queue
[2026-07-19T11:25:23.569+0000] {logging_mixin.py:190} INFO - [2026-07-19T11:25:23.569+0000] {dagbag.py:587} INFO - Filling up the DagBag from /opt/airflow/dags/tmdb_incremental_sync.py
[2026-07-19T11:25:23.625+0000] {processor.py:925} INFO - DAG(s) 'tmdb_incremental_sync' retrieved from /opt/airflow/dags/tmdb_incremental_sync.py
[2026-07-19T11:25:23.680+0000] {logging_mixin.py:190} INFO - [2026-07-19T11:25:23.679+0000] {dag.py:3211} INFO - Sync 1 DAGs
[2026-07-19T11:25:23.730+0000] {logging_mixin.py:190} INFO - [2026-07-19T11:25:23.730+0000] {dag.py:4138} INFO - Setting next_dagrun for tmdb_incremental_sync to 2026-07-19 00:00:00+00:00, run_after=2026-07-20 00:00:00+00:00
[2026-07-19T11:25:23.761+0000] {processor.py:208} INFO - Processing /opt/airflow/dags/tmdb_incremental_sync.py took 0.217 seconds
[2026-07-19T11:25:54.445+0000] {processor.py:186} INFO - Started process (PID=30228) to work on /opt/airflow/dags/tmdb_incremental_sync.py
[2026-07-19T11:25:54.535+0000] {processor.py:914} INFO - Processing file /opt/airflow/dags/tmdb_incremental_sync.py for tasks to queue
[2026-07-19T11:25:54.596+0000] {logging_mixin.py:190} INFO - [2026-07-19T11:25:54.589+0000] {dagbag.py:587} INFO - Filling up the DagBag from /opt/airflow/dags/tmdb_incremental_sync.py
[2026-07-19T11:25:54.881+0000] {processor.py:925} INFO - DAG(s) 'tmdb_incremental_sync' retrieved from /opt/airflow/dags/tmdb_incremental_sync.py
[2026-07-19T11:25:55.324+0000] {logging_mixin.py:190} INFO - [2026-07-19T11:25:55.319+0000] {dag.py:3211} INFO - Sync 1 DAGs
[2026-07-19T11:25:55.767+0000] {logging_mixin.py:190} INFO - [2026-07-19T11:25:55.763+0000] {dag.py:4138} INFO - Setting next_dagrun for tmdb_incremental_sync to 2026-07-19 00:00:00+00:00, run_after=2026-07-20 00:00:00+00:00
[2026-07-19T11:25:55.994+0000] {processor.py:208} INFO - Processing /opt/airflow/dags/tmdb_incremental_sync.py took 1.633 seconds
[2026-07-19T11:27:23.832+0000] {processor.py:186} INFO - Started process (PID=30238) to work on /opt/airflow/dags/tmdb_incremental_sync.py
[2026-07-19T11:27:23.833+0000] {processor.py:914} INFO - Processing file /opt/airflow/dags/tmdb_incremental_sync.py for tasks to queue
[2026-07-19T11:27:23.836+0000] {logging_mixin.py:190} INFO - [2026-07-19T11:27:23.836+0000] {dagbag.py:587} INFO - Filling up the DagBag from /opt/airflow/dags/tmdb_incremental_sync.py
[2026-07-19T11:27:23.868+0000] {processor.py:925} INFO - DAG(s) 'tmdb_incremental_sync' retrieved from /opt/airflow/dags/tmdb_incremental_sync.py
[2026-07-19T11:27:23.914+0000] {logging_mixin.py:190} INFO - [2026-07-19T11:27:23.914+0000] {dag.py:3211} INFO - Sync 1 DAGs
[2026-07-19T11:27:23.970+0000] {logging_mixin.py:190} INFO - [2026-07-19T11:27:23.970+0000] {dag.py:4138} INFO - Setting next_dagrun for tmdb_incremental_sync to 2026-07-19 00:00:00+00:00, run_after=2026-07-20 00:00:00+00:00
[2026-07-19T11:27:23.999+0000] {processor.py:208} INFO - Processing /opt/airflow/dags/tmdb_incremental_sync.py took 0.175 seconds
[2026-07-19T11:27:54.262+0000] {processor.py:186} INFO - Started process (PID=30248) to work on /opt/airflow/dags/tmdb_incremental_sync.py
[2026-07-19T11:27:54.263+0000] {processor.py:914} INFO - Processing file /opt/airflow/dags/tmdb_incremental_sync.py for tasks to queue
[2026-07-19T11:27:54.268+0000] {logging_mixin.py:190} INFO - [2026-07-19T11:27:54.268+0000] {dagbag.py:587} INFO - Filling up the DagBag from /opt/airflow/dags/tmdb_incremental_sync.py
[2026-07-19T11:27:54.301+0000] {processor.py:925} INFO - DAG(s) 'tmdb_incremental_sync' retrieved from /opt/airflow/dags/tmdb_incremental_sync.py
[2026-07-19T11:27:54.341+0000] {logging_mixin.py:190} INFO - [2026-07-19T11:27:54.340+0000] {dag.py:3211} INFO - Sync 1 DAGs
[2026-07-19T11:27:54.378+0000] {logging_mixin.py:190} INFO - [2026-07-19T11:27:54.377+0000] {dag.py:4138} INFO - Setting next_dagrun for tmdb_incremental_sync to 2026-07-19 00:00:00+00:00, run_after=2026-07-20 00:00:00+00:00
[2026-07-19T11:27:54.414+0000] {processor.py:208} INFO - Processing /opt/airflow/dags/tmdb_incremental_sync.py took 0.163 seconds
[2026-07-19T11:28:24.661+0000] {processor.py:186} INFO - Started process (PID=30258) to work on /opt/airflow/dags/tmdb_incremental_sync.py
[2026-07-19T11:28:24.662+0000] {processor.py:914} INFO - Processing file /opt/airflow/dags/tmdb_incremental_sync.py for tasks to queue
[2026-07-19T11:28:24.666+0000] {logging_mixin.py:190} INFO - [2026-07-19T11:28:24.666+0000] {dagbag.py:587} INFO - Filling up the DagBag from /opt/airflow/dags/tmdb_incremental_sync.py
[2026-07-19T11:28:24.701+0000] {processor.py:925} INFO - DAG(s) 'tmdb_incremental_sync' retrieved from /opt/airflow/dags/tmdb_incremental_sync.py
[2026-07-19T11:28:24.750+0000] {logging_mixin.py:190} INFO - [2026-07-19T11:28:24.749+0000] {dag.py:3211} INFO - Sync 1 DAGs
[2026-07-19T11:28:24.794+0000] {logging_mixin.py:190} INFO - [2026-07-19T11:28:24.793+0000] {dag.py:4138} INFO - Setting next_dagrun for tmdb_incremental_sync to 2026-07-19 00:00:00+00:00, run_after=2026-07-20 00:00:00+00:00
[2026-07-19T11:28:24.819+0000] {processor.py:208} INFO - Processing /opt/airflow/dags/tmdb_incremental_sync.py took 0.167 seconds
[2026-07-19T11:28:55.132+0000] {processor.py:186} INFO - Started process (PID=30268) to work on /opt/airflow/dags/tmdb_incremental_sync.py
[2026-07-19T11:28:55.134+0000] {processor.py:914} INFO - Processing file /opt/airflow/dags/tmdb_incremental_sync.py for tasks to queue
[2026-07-19T11:28:55.137+0000] {logging_mixin.py:190} INFO - [2026-07-19T11:28:55.136+0000] {dagbag.py:587} INFO - Filling up the DagBag from /opt/airflow/dags/tmdb_incremental_sync.py
[2026-07-19T11:28:55.166+0000] {processor.py:925} INFO - DAG(s) 'tmdb_incremental_sync' retrieved from /opt/airflow/dags/tmdb_incremental_sync.py
[2026-07-19T11:28:55.206+0000] {logging_mixin.py:190} INFO - [2026-07-19T11:28:55.206+0000] {dag.py:3211} INFO - Sync 1 DAGs
[2026-07-19T11:28:55.251+0000] {logging_mixin.py:190} INFO - [2026-07-19T11:28:55.251+0000] {dag.py:4138} INFO - Setting next_dagrun for tmdb_incremental_sync to 2026-07-19 00:00:00+00:00, run_after=2026-07-20 00:00:00+00:00
[2026-07-19T11:28:55.278+0000] {processor.py:208} INFO - Processing /opt/airflow/dags/tmdb_incremental_sync.py took 0.155 seconds
[2026-07-19T11:29:52.416+0000] {processor.py:186} INFO - Started process (PID=30288) to work on /opt/airflow/dags/tmdb_incremental_sync.py
[2026-07-19T11:29:52.417+0000] {processor.py:914} INFO - Processing file /opt/airflow/dags/tmdb_incremental_sync.py for tasks to queue
[2026-07-19T11:29:52.420+0000] {logging_mixin.py:190} INFO - [2026-07-19T11:29:52.420+0000] {dagbag.py:587} INFO - Filling up the DagBag from /opt/airflow/dags/tmdb_incremental_sync.py
[2026-07-19T11:29:52.449+0000] {processor.py:925} INFO - DAG(s) 'tmdb_incremental_sync' retrieved from /opt/airflow/dags/tmdb_incremental_sync.py
[2026-07-19T11:29:52.492+0000] {logging_mixin.py:190} INFO - [2026-07-19T11:29:52.491+0000] {dag.py:3211} INFO - Sync 1 DAGs
[2026-07-19T11:29:52.578+0000] {logging_mixin.py:190} INFO - [2026-07-19T11:29:52.577+0000] {dag.py:4138} INFO - Setting next_dagrun for tmdb_incremental_sync to 2026-07-19 00:00:00+00:00, run_after=2026-07-20 00:00:00+00:00
[2026-07-19T11:29:52.614+0000] {processor.py:208} INFO - Processing /opt/airflow/dags/tmdb_incremental_sync.py took 0.207 seconds
[2026-07-19T12:00:46.307+0000] {processor.py:186} INFO - Started process (PID=30298) to work on /opt/airflow/dags/tmdb_incremental_sync.py
[2026-07-19T12:00:46.354+0000] {processor.py:914} INFO - Processing file /opt/airflow/dags/tmdb_incremental_sync.py for tasks to queue
[2026-07-19T12:00:46.406+0000] {logging_mixin.py:190} INFO - [2026-07-19T12:00:46.400+0000] {dagbag.py:587} INFO - Filling up the DagBag from /opt/airflow/dags/tmdb_incremental_sync.py
[2026-07-19T12:00:47.256+0000] {processor.py:925} INFO - DAG(s) 'tmdb_incremental_sync' retrieved from /opt/airflow/dags/tmdb_incremental_sync.py
[2026-07-19T12:00:48.093+0000] {logging_mixin.py:190} INFO - [2026-07-19T12:00:48.090+0000] {dag.py:3211} INFO - Sync 1 DAGs
[2026-07-19T12:00:48.809+0000] {logging_mixin.py:190} INFO - [2026-07-19T12:00:48.802+0000] {dag.py:4138} INFO - Setting next_dagrun for tmdb_incremental_sync to 2026-07-19 00:00:00+00:00, run_after=2026-07-20 00:00:00+00:00
[2026-07-19T12:00:49.132+0000] {processor.py:208} INFO - Processing /opt/airflow/dags/tmdb_incremental_sync.py took 2.975 seconds
[2026-07-19T12:01:20.340+0000] {processor.py:186} INFO - Started process (PID=30308) to work on /opt/airflow/dags/tmdb_incremental_sync.py
[2026-07-19T12:01:20.353+0000] {processor.py:914} INFO - Processing file /opt/airflow/dags/tmdb_incremental_sync.py for tasks to queue
[2026-07-19T12:01:20.419+0000] {logging_mixin.py:190} INFO - [2026-07-19T12:01:20.408+0000] {dagbag.py:587} INFO - Filling up the DagBag from /opt/airflow/dags/tmdb_incremental_sync.py
[2026-07-19T12:01:20.750+0000] {processor.py:925} INFO - DAG(s) 'tmdb_incremental_sync' retrieved from /opt/airflow/dags/tmdb_incremental_sync.py
[2026-07-19T12:01:21.243+0000] {logging_mixin.py:190} INFO - [2026-07-19T12:01:21.240+0000] {taskinstance.py:3303} ERROR - {'DAG Id': 'tmdb_incremental_sync', 'Task Id': 'incremental_sync_pipeline', 'Run Id': 'scheduled__2026-07-18T00:00:00+00:00', 'Hostname': 'd8c53ec118ae'}
[2026-07-19T12:01:21.789+0000] {logging_mixin.py:190} INFO - [2026-07-19T12:01:21.786+0000] {taskinstance.py:1225} INFO - Marking task as UP_FOR_RETRY. dag_id=tmdb_incremental_sync, task_id=incremental_sync_pipeline, run_id=scheduled__2026-07-18T00:00:00+00:00, execution_date=20260718T000000, start_date=20260719T002135, end_date=20260719T120121
[2026-07-19T12:01:22.092+0000] {logging_mixin.py:190} INFO - [2026-07-19T12:01:22.090+0000] {processor.py:876} INFO - Executed callback for <TaskInstance: tmdb_incremental_sync.incremental_sync_pipeline scheduled__2026-07-18T00:00:00+00:00 [up_for_retry]> in state up_for_retry
[2026-07-19T12:01:22.346+0000] {logging_mixin.py:190} INFO - [2026-07-19T12:01:22.345+0000] {dag.py:3211} INFO - Sync 1 DAGs
[2026-07-19T12:01:22.728+0000] {logging_mixin.py:190} INFO - [2026-07-19T12:01:22.725+0000] {dag.py:4138} INFO - Setting next_dagrun for tmdb_incremental_sync to 2026-07-19 00:00:00+00:00, run_after=2026-07-20 00:00:00+00:00
[2026-07-19T12:01:22.974+0000] {processor.py:208} INFO - Processing /opt/airflow/dags/tmdb_incremental_sync.py took 2.728 seconds
[2026-07-19T12:01:53.420+0000] {processor.py:186} INFO - Started process (PID=30320) to work on /opt/airflow/dags/tmdb_incremental_sync.py
[2026-07-19T12:01:53.426+0000] {processor.py:914} INFO - Processing file /opt/airflow/dags/tmdb_incremental_sync.py for tasks to queue
[2026-07-19T12:01:53.444+0000] {logging_mixin.py:190} INFO - [2026-07-19T12:01:53.442+0000] {dagbag.py:587} INFO - Filling up the DagBag from /opt/airflow/dags/tmdb_incremental_sync.py
[2026-07-19T12:01:53.609+0000] {processor.py:925} INFO - DAG(s) 'tmdb_incremental_sync' retrieved from /opt/airflow/dags/tmdb_incremental_sync.py
[2026-07-19T12:01:53.828+0000] {logging_mixin.py:190} INFO - [2026-07-19T12:01:53.827+0000] {dag.py:3211} INFO - Sync 1 DAGs
[2026-07-19T12:01:54.031+0000] {logging_mixin.py:190} INFO - [2026-07-19T12:01:54.029+0000] {dag.py:4138} INFO - Setting next_dagrun for tmdb_incremental_sync to 2026-07-19 00:00:00+00:00, run_after=2026-07-20 00:00:00+00:00
[2026-07-19T12:01:54.150+0000] {processor.py:208} INFO - Processing /opt/airflow/dags/tmdb_incremental_sync.py took 0.774 seconds
[2026-07-19T12:02:24.265+0000] {processor.py:186} INFO - Started process (PID=30330) to work on /opt/airflow/dags/tmdb_incremental_sync.py
[2026-07-19T12:02:24.268+0000] {processor.py:914} INFO - Processing file /opt/airflow/dags/tmdb_incremental_sync.py for tasks to queue
[2026-07-19T12:02:24.275+0000] {logging_mixin.py:190} INFO - [2026-07-19T12:02:24.274+0000] {dagbag.py:587} INFO - Filling up the DagBag from /opt/airflow/dags/tmdb_incremental_sync.py
[2026-07-19T12:02:24.338+0000] {processor.py:925} INFO - DAG(s) 'tmdb_incremental_sync' retrieved from /opt/airflow/dags/tmdb_incremental_sync.py
[2026-07-19T12:02:24.423+0000] {logging_mixin.py:190} INFO - [2026-07-19T12:02:24.423+0000] {dag.py:3211} INFO - Sync 1 DAGs
[2026-07-19T12:02:24.499+0000] {logging_mixin.py:190} INFO - [2026-07-19T12:02:24.499+0000] {dag.py:4138} INFO - Setting next_dagrun for tmdb_incremental_sync to 2026-07-19 00:00:00+00:00, run_after=2026-07-20 00:00:00+00:00
[2026-07-19T12:02:24.550+0000] {processor.py:208} INFO - Processing /opt/airflow/dags/tmdb_incremental_sync.py took 0.306 seconds
[2026-07-19T12:02:54.830+0000] {processor.py:186} INFO - Started process (PID=30340) to work on /opt/airflow/dags/tmdb_incremental_sync.py
[2026-07-19T12:02:54.832+0000] {processor.py:914} INFO - Processing file /opt/airflow/dags/tmdb_incremental_sync.py for tasks to queue
[2026-07-19T12:02:54.838+0000] {logging_mixin.py:190} INFO - [2026-07-19T12:02:54.837+0000] {dagbag.py:587} INFO - Filling up the DagBag from /opt/airflow/dags/tmdb_incremental_sync.py
[2026-07-19T12:02:54.887+0000] {processor.py:925} INFO - DAG(s) 'tmdb_incremental_sync' retrieved from /opt/airflow/dags/tmdb_incremental_sync.py
[2026-07-19T12:02:54.957+0000] {logging_mixin.py:190} INFO - [2026-07-19T12:02:54.956+0000] {dag.py:3211} INFO - Sync 1 DAGs
[2026-07-19T12:02:55.017+0000] {logging_mixin.py:190} INFO - [2026-07-19T12:02:55.016+0000] {dag.py:4138} INFO - Setting next_dagrun for tmdb_incremental_sync to 2026-07-19 00:00:00+00:00, run_after=2026-07-20 00:00:00+00:00
[2026-07-19T12:02:55.064+0000] {processor.py:208} INFO - Processing /opt/airflow/dags/tmdb_incremental_sync.py took 0.251 seconds
[2026-07-19T12:03:25.616+0000] {processor.py:186} INFO - Started process (PID=30350) to work on /opt/airflow/dags/tmdb_incremental_sync.py
[2026-07-19T12:03:25.626+0000] {processor.py:914} INFO - Processing file /opt/airflow/dags/tmdb_incremental_sync.py for tasks to queue
[2026-07-19T12:03:25.642+0000] {logging_mixin.py:190} INFO - [2026-07-19T12:03:25.640+0000] {dagbag.py:587} INFO - Filling up the DagBag from /opt/airflow/dags/tmdb_incremental_sync.py
[2026-07-19T12:03:25.815+0000] {processor.py:925} INFO - DAG(s) 'tmdb_incremental_sync' retrieved from /opt/airflow/dags/tmdb_incremental_sync.py
[2026-07-19T12:03:25.937+0000] {logging_mixin.py:190} INFO - [2026-07-19T12:03:25.936+0000] {dag.py:3211} INFO - Sync 1 DAGs
[2026-07-19T12:03:26.055+0000] {logging_mixin.py:190} INFO - [2026-07-19T12:03:26.054+0000] {dag.py:4138} INFO - Setting next_dagrun for tmdb_incremental_sync to 2026-07-19 00:00:00+00:00, run_after=2026-07-20 00:00:00+00:00
[2026-07-19T12:03:26.149+0000] {processor.py:208} INFO - Processing /opt/airflow/dags/tmdb_incremental_sync.py took 0.595 seconds
[2026-07-19T12:03:56.314+0000] {processor.py:186} INFO - Started process (PID=30360) to work on /opt/airflow/dags/tmdb_incremental_sync.py
[2026-07-19T12:03:56.319+0000] {processor.py:914} INFO - Processing file /opt/airflow/dags/tmdb_incremental_sync.py for tasks to queue
[2026-07-19T12:03:56.329+0000] {logging_mixin.py:190} INFO - [2026-07-19T12:03:56.327+0000] {dagbag.py:587} INFO - Filling up the DagBag from /opt/airflow/dags/tmdb_incremental_sync.py
[2026-07-19T12:03:56.421+0000] {processor.py:925} INFO - DAG(s) 'tmdb_incremental_sync' retrieved from /opt/airflow/dags/tmdb_incremental_sync.py
[2026-07-19T12:03:56.541+0000] {logging_mixin.py:190} INFO - [2026-07-19T12:03:56.540+0000] {dag.py:3211} INFO - Sync 1 DAGs
[2026-07-19T12:03:56.649+0000] {logging_mixin.py:190} INFO - [2026-07-19T12:03:56.648+0000] {dag.py:4138} INFO - Setting next_dagrun for tmdb_incremental_sync to 2026-07-19 00:00:00+00:00, run_after=2026-07-20 00:00:00+00:00
[2026-07-19T12:03:56.773+0000] {processor.py:208} INFO - Processing /opt/airflow/dags/tmdb_incremental_sync.py took 0.486 seconds
[2026-07-19T12:04:26.895+0000] {processor.py:186} INFO - Started process (PID=30370) to work on /opt/airflow/dags/tmdb_incremental_sync.py
[2026-07-19T12:04:26.898+0000] {processor.py:914} INFO - Processing file /opt/airflow/dags/tmdb_incremental_sync.py for tasks to queue
[2026-07-19T12:04:26.906+0000] {logging_mixin.py:190} INFO - [2026-07-19T12:04:26.905+0000] {dagbag.py:587} INFO - Filling up the DagBag from /opt/airflow/dags/tmdb_incremental_sync.py
[2026-07-19T12:04:26.973+0000] {processor.py:925} INFO - DAG(s) 'tmdb_incremental_sync' retrieved from /opt/airflow/dags/tmdb_incremental_sync.py
[2026-07-19T12:04:27.060+0000] {logging_mixin.py:190} INFO - [2026-07-19T12:04:27.059+0000] {dag.py:3211} INFO - Sync 1 DAGs
[2026-07-19T12:04:27.144+0000] {logging_mixin.py:190} INFO - [2026-07-19T12:04:27.144+0000] {dag.py:4138} INFO - Setting next_dagrun for tmdb_incremental_sync to 2026-07-19 00:00:00+00:00, run_after=2026-07-20 00:00:00+00:00
[2026-07-19T12:04:27.218+0000] {processor.py:208} INFO - Processing /opt/airflow/dags/tmdb_incremental_sync.py took 0.342 seconds
[2026-07-19T12:04:57.669+0000] {processor.py:186} INFO - Started process (PID=30380) to work on /opt/airflow/dags/tmdb_incremental_sync.py
[2026-07-19T12:04:57.672+0000] {processor.py:914} INFO - Processing file /opt/airflow/dags/tmdb_incremental_sync.py for tasks to queue
[2026-07-19T12:04:57.678+0000] {logging_mixin.py:190} INFO - [2026-07-19T12:04:57.677+0000] {dagbag.py:587} INFO - Filling up the DagBag from /opt/airflow/dags/tmdb_incremental_sync.py
[2026-07-19T12:04:57.733+0000] {processor.py:925} INFO - DAG(s) 'tmdb_incremental_sync' retrieved from /opt/airflow/dags/tmdb_incremental_sync.py
[2026-07-19T12:04:57.804+0000] {logging_mixin.py:190} INFO - [2026-07-19T12:04:57.803+0000] {dag.py:3211} INFO - Sync 1 DAGs
[2026-07-19T12:04:57.868+0000] {logging_mixin.py:190} INFO - [2026-07-19T12:04:57.868+0000] {dag.py:4138} INFO - Setting next_dagrun for tmdb_incremental_sync to 2026-07-19 00:00:00+00:00, run_after=2026-07-20 00:00:00+00:00
[2026-07-19T12:04:57.911+0000] {processor.py:208} INFO - Processing /opt/airflow/dags/tmdb_incremental_sync.py took 0.257 seconds
[2026-07-19T12:18:52.717+0000] {processor.py:186} INFO - Started process (PID=30388) to work on /opt/airflow/dags/tmdb_incremental_sync.py
[2026-07-19T12:18:52.723+0000] {processor.py:914} INFO - Processing file /opt/airflow/dags/tmdb_incremental_sync.py for tasks to queue
[2026-07-19T12:18:52.742+0000] {logging_mixin.py:190} INFO - [2026-07-19T12:18:52.740+0000] {dagbag.py:587} INFO - Filling up the DagBag from /opt/airflow/dags/tmdb_incremental_sync.py
[2026-07-19T12:18:52.872+0000] {processor.py:925} INFO - DAG(s) 'tmdb_incremental_sync' retrieved from /opt/airflow/dags/tmdb_incremental_sync.py
[2026-07-19T12:18:53.266+0000] {logging_mixin.py:190} INFO - [2026-07-19T12:18:53.262+0000] {dag.py:3211} INFO - Sync 1 DAGs
[2026-07-19T12:18:53.603+0000] {logging_mixin.py:190} INFO - [2026-07-19T12:18:53.602+0000] {dag.py:4138} INFO - Setting next_dagrun for tmdb_incremental_sync to 2026-07-19 00:00:00+00:00, run_after=2026-07-20 00:00:00+00:00
[2026-07-19T12:18:53.741+0000] {processor.py:208} INFO - Processing /opt/airflow/dags/tmdb_incremental_sync.py took 1.062 seconds
[2026-07-19T12:36:39.510+0000] {processor.py:186} INFO - Started process (PID=30411) to work on /opt/airflow/dags/tmdb_incremental_sync.py
[2026-07-19T12:36:39.538+0000] {processor.py:914} INFO - Processing file /opt/airflow/dags/tmdb_incremental_sync.py for tasks to queue
[2026-07-19T12:36:39.581+0000] {logging_mixin.py:190} INFO - [2026-07-19T12:36:39.576+0000] {dagbag.py:587} INFO - Filling up the DagBag from /opt/airflow/dags/tmdb_incremental_sync.py
[2026-07-19T12:36:40.092+0000] {processor.py:925} INFO - DAG(s) 'tmdb_incremental_sync' retrieved from /opt/airflow/dags/tmdb_incremental_sync.py
[2026-07-19T12:36:40.737+0000] {logging_mixin.py:190} INFO - [2026-07-19T12:36:40.734+0000] {dag.py:3211} INFO - Sync 1 DAGs
[2026-07-19T12:36:41.553+0000] {logging_mixin.py:190} INFO - [2026-07-19T12:36:41.552+0000] {dag.py:4138} INFO - Setting next_dagrun for tmdb_incremental_sync to 2026-07-19 00:00:00+00:00, run_after=2026-07-20 00:00:00+00:00
[2026-07-19T12:36:42.056+0000] {processor.py:208} INFO - Processing /opt/airflow/dags/tmdb_incremental_sync.py took 2.682 seconds
[2026-07-19T12:37:13.117+0000] {processor.py:186} INFO - Started process (PID=30421) to work on /opt/airflow/dags/tmdb_incremental_sync.py
[2026-07-19T12:37:13.145+0000] {processor.py:914} INFO - Processing file /opt/airflow/dags/tmdb_incremental_sync.py for tasks to queue
[2026-07-19T12:37:13.192+0000] {logging_mixin.py:190} INFO - [2026-07-19T12:37:13.187+0000] {dagbag.py:587} INFO - Filling up the DagBag from /opt/airflow/dags/tmdb_incremental_sync.py
[2026-07-19T12:37:13.962+0000] {processor.py:925} INFO - DAG(s) 'tmdb_incremental_sync' retrieved from /opt/airflow/dags/tmdb_incremental_sync.py
[2026-07-19T12:37:14.478+0000] {logging_mixin.py:190} INFO - [2026-07-19T12:37:14.475+0000] {dag.py:3211} INFO - Sync 1 DAGs
[2026-07-19T12:37:15.141+0000] {logging_mixin.py:190} INFO - [2026-07-19T12:37:15.138+0000] {dag.py:4138} INFO - Setting next_dagrun for tmdb_incremental_sync to 2026-07-19 00:00:00+00:00, run_after=2026-07-20 00:00:00+00:00
[2026-07-19T12:37:15.447+0000] {processor.py:208} INFO - Processing /opt/airflow/dags/tmdb_incremental_sync.py took 2.431 seconds
[2026-07-19T12:37:46.210+0000] {processor.py:186} INFO - Started process (PID=30431) to work on /opt/airflow/dags/tmdb_incremental_sync.py
[2026-07-19T12:37:46.252+0000] {processor.py:914} INFO - Processing file /opt/airflow/dags/tmdb_incremental_sync.py for tasks to queue
[2026-07-19T12:37:46.387+0000] {logging_mixin.py:190} INFO - [2026-07-19T12:37:46.376+0000] {dagbag.py:587} INFO - Filling up the DagBag from /opt/airflow/dags/tmdb_incremental_sync.py
[2026-07-19T12:37:47.266+0000] {processor.py:925} INFO - DAG(s) 'tmdb_incremental_sync' retrieved from /opt/airflow/dags/tmdb_incremental_sync.py
[2026-07-19T12:37:47.754+0000] {logging_mixin.py:190} INFO - [2026-07-19T12:37:47.750+0000] {dag.py:3211} INFO - Sync 1 DAGs
[2026-07-19T12:37:48.264+0000] {logging_mixin.py:190} INFO - [2026-07-19T12:37:48.261+0000] {dag.py:4138} INFO - Setting next_dagrun for tmdb_incremental_sync to 2026-07-19 00:00:00+00:00, run_after=2026-07-20 00:00:00+00:00
[2026-07-19T12:37:48.624+0000] {processor.py:208} INFO - Processing /opt/airflow/dags/tmdb_incremental_sync.py took 2.606 seconds
[2026-07-19T12:38:19.479+0000] {processor.py:186} INFO - Started process (PID=30441) to work on /opt/airflow/dags/tmdb_incremental_sync.py
[2026-07-19T12:38:19.493+0000] {processor.py:914} INFO - Processing file /opt/airflow/dags/tmdb_incremental_sync.py for tasks to queue
[2026-07-19T12:38:19.553+0000] {logging_mixin.py:190} INFO - [2026-07-19T12:38:19.542+0000] {dagbag.py:587} INFO - Filling up the DagBag from /opt/airflow/dags/tmdb_incremental_sync.py
[2026-07-19T12:38:19.994+0000] {processor.py:925} INFO - DAG(s) 'tmdb_incremental_sync' retrieved from /opt/airflow/dags/tmdb_incremental_sync.py
[2026-07-19T12:38:20.579+0000] {logging_mixin.py:190} INFO - [2026-07-19T12:38:20.575+0000] {dag.py:3211} INFO - Sync 1 DAGs
[2026-07-19T12:38:21.160+0000] {logging_mixin.py:190} INFO - [2026-07-19T12:38:21.157+0000] {dag.py:4138} INFO - Setting next_dagrun for tmdb_incremental_sync to 2026-07-19 00:00:00+00:00, run_after=2026-07-20 00:00:00+00:00
[2026-07-19T12:38:21.461+0000] {processor.py:208} INFO - Processing /opt/airflow/dags/tmdb_incremental_sync.py took 2.148 seconds
[2026-07-19T12:38:52.207+0000] {processor.py:186} INFO - Started process (PID=30451) to work on /opt/airflow/dags/tmdb_incremental_sync.py
[2026-07-19T12:38:52.225+0000] {processor.py:914} INFO - Processing file /opt/airflow/dags/tmdb_incremental_sync.py for tasks to queue
[2026-07-19T12:38:52.272+0000] {logging_mixin.py:190} INFO - [2026-07-19T12:38:52.267+0000] {dagbag.py:587} INFO - Filling up the DagBag from /opt/airflow/dags/tmdb_incremental_sync.py
[2026-07-19T12:38:52.733+0000] {processor.py:925} INFO - DAG(s) 'tmdb_incremental_sync' retrieved from /opt/airflow/dags/tmdb_incremental_sync.py
[2026-07-19T12:38:53.251+0000] {logging_mixin.py:190} INFO - [2026-07-19T12:38:53.241+0000] {dag.py:3211} INFO - Sync 1 DAGs
[2026-07-19T12:38:53.800+0000] {logging_mixin.py:190} INFO - [2026-07-19T12:38:53.798+0000] {dag.py:4138} INFO - Setting next_dagrun for tmdb_incremental_sync to 2026-07-19 00:00:00+00:00, run_after=2026-07-20 00:00:00+00:00
[2026-07-19T12:38:54.162+0000] {processor.py:208} INFO - Processing /opt/airflow/dags/tmdb_incremental_sync.py took 2.116 seconds
[2026-07-19T12:39:25.008+0000] {processor.py:186} INFO - Started process (PID=30461) to work on /opt/airflow/dags/tmdb_incremental_sync.py
[2026-07-19T12:39:25.033+0000] {processor.py:914} INFO - Processing file /opt/airflow/dags/tmdb_incremental_sync.py for tasks to queue
[2026-07-19T12:39:25.099+0000] {logging_mixin.py:190} INFO - [2026-07-19T12:39:25.095+0000] {dagbag.py:587} INFO - Filling up the DagBag from /opt/airflow/dags/tmdb_incremental_sync.py
[2026-07-19T12:39:25.880+0000] {processor.py:925} INFO - DAG(s) 'tmdb_incremental_sync' retrieved from /opt/airflow/dags/tmdb_incremental_sync.py
[2026-07-19T12:39:26.489+0000] {logging_mixin.py:190} INFO - [2026-07-19T12:39:26.478+0000] {dag.py:3211} INFO - Sync 1 DAGs
[2026-07-19T12:39:27.237+0000] {logging_mixin.py:190} INFO - [2026-07-19T12:39:27.235+0000] {dag.py:4138} INFO - Setting next_dagrun for tmdb_incremental_sync to 2026-07-19 00:00:00+00:00, run_after=2026-07-20 00:00:00+00:00
[2026-07-19T12:39:27.602+0000] {processor.py:208} INFO - Processing /opt/airflow/dags/tmdb_incremental_sync.py took 2.708 seconds
[2026-07-19T12:39:58.275+0000] {processor.py:186} INFO - Started process (PID=30473) to work on /opt/airflow/dags/tmdb_incremental_sync.py
[2026-07-19T12:39:58.297+0000] {processor.py:914} INFO - Processing file /opt/airflow/dags/tmdb_incremental_sync.py for tasks to queue
[2026-07-19T12:39:58.346+0000] {logging_mixin.py:190} INFO - [2026-07-19T12:39:58.337+0000] {dagbag.py:587} INFO - Filling up the DagBag from /opt/airflow/dags/tmdb_incremental_sync.py
[2026-07-19T12:39:58.800+0000] {processor.py:925} INFO - DAG(s) 'tmdb_incremental_sync' retrieved from /opt/airflow/dags/tmdb_incremental_sync.py
[2026-07-19T12:39:59.251+0000] {logging_mixin.py:190} INFO - [2026-07-19T12:39:59.248+0000] {dag.py:3211} INFO - Sync 1 DAGs
[2026-07-19T12:39:59.798+0000] {logging_mixin.py:190} INFO - [2026-07-19T12:39:59.789+0000] {dag.py:4138} INFO - Setting next_dagrun for tmdb_incremental_sync to 2026-07-19 00:00:00+00:00, run_after=2026-07-20 00:00:00+00:00
[2026-07-19T12:40:00.135+0000] {processor.py:208} INFO - Processing /opt/airflow/dags/tmdb_incremental_sync.py took 2.013 seconds
[2026-07-19T12:40:32.146+0000] {processor.py:186} INFO - Started process (PID=30481) to work on /opt/airflow/dags/tmdb_incremental_sync.py
[2026-07-19T12:40:32.221+0000] {processor.py:914} INFO - Processing file /opt/airflow/dags/tmdb_incremental_sync.py for tasks to queue
[2026-07-19T12:40:32.354+0000] {logging_mixin.py:190} INFO - [2026-07-19T12:40:32.351+0000] {dagbag.py:587} INFO - Filling up the DagBag from /opt/airflow/dags/tmdb_incremental_sync.py
[2026-07-19T12:40:33.668+0000] {processor.py:925} INFO - DAG(s) 'tmdb_incremental_sync' retrieved from /opt/airflow/dags/tmdb_incremental_sync.py
[2026-07-19T12:40:34.509+0000] {logging_mixin.py:190} INFO - [2026-07-19T12:40:34.507+0000] {dag.py:3211} INFO - Sync 1 DAGs
[2026-07-19T12:40:35.245+0000] {logging_mixin.py:190} INFO - [2026-07-19T12:40:35.243+0000] {dag.py:4138} INFO - Setting next_dagrun for tmdb_incremental_sync to 2026-07-19 00:00:00+00:00, run_after=2026-07-20 00:00:00+00:00
[2026-07-19T12:40:35.705+0000] {processor.py:208} INFO - Processing /opt/airflow/dags/tmdb_incremental_sync.py took 3.966 seconds
[2026-07-19T13:11:01.259+0000] {processor.py:186} INFO - Started process (PID=30491) to work on /opt/airflow/dags/tmdb_incremental_sync.py
[2026-07-19T13:11:01.274+0000] {processor.py:914} INFO - Processing file /opt/airflow/dags/tmdb_incremental_sync.py for tasks to queue
[2026-07-19T13:11:01.341+0000] {logging_mixin.py:190} INFO - [2026-07-19T13:11:01.331+0000] {dagbag.py:587} INFO - Filling up the DagBag from /opt/airflow/dags/tmdb_incremental_sync.py
[2026-07-19T13:11:01.808+0000] {processor.py:925} INFO - DAG(s) 'tmdb_incremental_sync' retrieved from /opt/airflow/dags/tmdb_incremental_sync.py
[2026-07-19T13:11:02.549+0000] {logging_mixin.py:190} INFO - [2026-07-19T13:11:02.547+0000] {dag.py:3211} INFO - Sync 1 DAGs
[2026-07-19T13:11:03.212+0000] {logging_mixin.py:190} INFO - [2026-07-19T13:11:03.208+0000] {dag.py:4138} INFO - Setting next_dagrun for tmdb_incremental_sync to 2026-07-19 00:00:00+00:00, run_after=2026-07-20 00:00:00+00:00
[2026-07-19T13:11:03.462+0000] {processor.py:208} INFO - Processing /opt/airflow/dags/tmdb_incremental_sync.py took 2.286 seconds
[2026-07-19T13:11:34.133+0000] {processor.py:186} INFO - Started process (PID=30501) to work on /opt/airflow/dags/tmdb_incremental_sync.py
[2026-07-19T13:11:34.154+0000] {processor.py:914} INFO - Processing file /opt/airflow/dags/tmdb_incremental_sync.py for tasks to queue
[2026-07-19T13:11:34.198+0000] {logging_mixin.py:190} INFO - [2026-07-19T13:11:34.195+0000] {dagbag.py:587} INFO - Filling up the DagBag from /opt/airflow/dags/tmdb_incremental_sync.py
[2026-07-19T13:11:34.637+0000] {processor.py:925} INFO - DAG(s) 'tmdb_incremental_sync' retrieved from /opt/airflow/dags/tmdb_incremental_sync.py
[2026-07-19T13:11:35.148+0000] {logging_mixin.py:190} INFO - [2026-07-19T13:11:35.145+0000] {dag.py:3211} INFO - Sync 1 DAGs
[2026-07-19T13:11:35.617+0000] {logging_mixin.py:190} INFO - [2026-07-19T13:11:35.615+0000] {dag.py:4138} INFO - Setting next_dagrun for tmdb_incremental_sync to 2026-07-19 00:00:00+00:00, run_after=2026-07-20 00:00:00+00:00
[2026-07-19T13:11:35.982+0000] {processor.py:208} INFO - Processing /opt/airflow/dags/tmdb_incremental_sync.py took 1.955 seconds
[2026-07-19T13:12:06.819+0000] {processor.py:186} INFO - Started process (PID=30511) to work on /opt/airflow/dags/tmdb_incremental_sync.py
[2026-07-19T13:12:06.828+0000] {processor.py:914} INFO - Processing file /opt/airflow/dags/tmdb_incremental_sync.py for tasks to queue
[2026-07-19T13:12:06.867+0000] {logging_mixin.py:190} INFO - [2026-07-19T13:12:06.864+0000] {dagbag.py:587} INFO - Filling up the DagBag from /opt/airflow/dags/tmdb_incremental_sync.py
[2026-07-19T13:12:07.281+0000] {processor.py:925} INFO - DAG(s) 'tmdb_incremental_sync' retrieved from /opt/airflow/dags/tmdb_incremental_sync.py
[2026-07-19T13:12:07.708+0000] {logging_mixin.py:190} INFO - [2026-07-19T13:12:07.701+0000] {dag.py:3211} INFO - Sync 1 DAGs
[2026-07-19T13:12:08.230+0000] {logging_mixin.py:190} INFO - [2026-07-19T13:12:08.229+0000] {dag.py:4138} INFO - Setting next_dagrun for tmdb_incremental_sync to 2026-07-19 00:00:00+00:00, run_after=2026-07-20 00:00:00+00:00
[2026-07-19T13:12:08.576+0000] {processor.py:208} INFO - Processing /opt/airflow/dags/tmdb_incremental_sync.py took 1.892 seconds
[2026-07-19T13:12:39.875+0000] {processor.py:186} INFO - Started process (PID=30531) to work on /opt/airflow/dags/tmdb_incremental_sync.py
[2026-07-19T13:12:39.909+0000] {processor.py:914} INFO - Processing file /opt/airflow/dags/tmdb_incremental_sync.py for tasks to queue
[2026-07-19T13:12:39.954+0000] {logging_mixin.py:190} INFO - [2026-07-19T13:12:39.949+0000] {dagbag.py:587} INFO - Filling up the DagBag from /opt/airflow/dags/tmdb_incremental_sync.py
[2026-07-19T13:12:40.495+0000] {processor.py:925} INFO - DAG(s) 'tmdb_incremental_sync' retrieved from /opt/airflow/dags/tmdb_incremental_sync.py
[2026-07-19T13:12:41.068+0000] {logging_mixin.py:190} INFO - [2026-07-19T13:12:41.066+0000] {dag.py:3211} INFO - Sync 1 DAGs
[2026-07-19T13:12:41.503+0000] {logging_mixin.py:190} INFO - [2026-07-19T13:12:41.502+0000] {dag.py:4138} INFO - Setting next_dagrun for tmdb_incremental_sync to 2026-07-19 00:00:00+00:00, run_after=2026-07-20 00:00:00+00:00
[2026-07-19T13:12:41.752+0000] {processor.py:208} INFO - Processing /opt/airflow/dags/tmdb_incremental_sync.py took 2.089 seconds
[2026-07-19T13:13:12.685+0000] {processor.py:186} INFO - Started process (PID=30541) to work on /opt/airflow/dags/tmdb_incremental_sync.py
[2026-07-19T13:13:12.714+0000] {processor.py:914} INFO - Processing file /opt/airflow/dags/tmdb_incremental_sync.py for tasks to queue
[2026-07-19T13:13:12.778+0000] {logging_mixin.py:190} INFO - [2026-07-19T13:13:12.770+0000] {dagbag.py:587} INFO - Filling up the DagBag from /opt/airflow/dags/tmdb_incremental_sync.py
[2026-07-19T13:13:13.248+0000] {processor.py:925} INFO - DAG(s) 'tmdb_incremental_sync' retrieved from /opt/airflow/dags/tmdb_incremental_sync.py
[2026-07-19T13:13:14.113+0000] {logging_mixin.py:190} INFO - [2026-07-19T13:13:14.112+0000] {dag.py:3211} INFO - Sync 1 DAGs
[2026-07-19T13:13:14.953+0000] {logging_mixin.py:190} INFO - [2026-07-19T13:13:14.951+0000] {dag.py:4138} INFO - Setting next_dagrun for tmdb_incremental_sync to 2026-07-19 00:00:00+00:00, run_after=2026-07-20 00:00:00+00:00
[2026-07-19T13:13:15.209+0000] {processor.py:208} INFO - Processing /opt/airflow/dags/tmdb_incremental_sync.py took 2.671 seconds
[2026-07-19T13:13:45.856+0000] {processor.py:186} INFO - Started process (PID=30551) to work on /opt/airflow/dags/tmdb_incremental_sync.py
[2026-07-19T13:13:45.881+0000] {processor.py:914} INFO - Processing file /opt/airflow/dags/tmdb_incremental_sync.py for tasks to queue
[2026-07-19T13:13:45.955+0000] {logging_mixin.py:190} INFO - [2026-07-19T13:13:45.938+0000] {dagbag.py:587} INFO - Filling up the DagBag from /opt/airflow/dags/tmdb_incremental_sync.py
[2026-07-19T13:13:46.413+0000] {processor.py:925} INFO - DAG(s) 'tmdb_incremental_sync' retrieved from /opt/airflow/dags/tmdb_incremental_sync.py
[2026-07-19T13:13:46.826+0000] {logging_mixin.py:190} INFO - [2026-07-19T13:13:46.822+0000] {dag.py:3211} INFO - Sync 1 DAGs
[2026-07-19T13:13:47.201+0000] {logging_mixin.py:190} INFO - [2026-07-19T13:13:47.198+0000] {dag.py:4138} INFO - Setting next_dagrun for tmdb_incremental_sync to 2026-07-19 00:00:00+00:00, run_after=2026-07-20 00:00:00+00:00
[2026-07-19T13:13:47.411+0000] {processor.py:208} INFO - Processing /opt/airflow/dags/tmdb_incremental_sync.py took 1.639 seconds
[2026-07-19T13:14:18.537+0000] {processor.py:186} INFO - Started process (PID=30561) to work on /opt/airflow/dags/tmdb_incremental_sync.py
[2026-07-19T13:14:18.557+0000] {processor.py:914} INFO - Processing file /opt/airflow/dags/tmdb_incremental_sync.py for tasks to queue
[2026-07-19T13:14:18.617+0000] {logging_mixin.py:190} INFO - [2026-07-19T13:14:18.606+0000] {dagbag.py:587} INFO - Filling up the DagBag from /opt/airflow/dags/tmdb_incremental_sync.py
[2026-07-19T13:14:19.079+0000] {processor.py:925} INFO - DAG(s) 'tmdb_incremental_sync' retrieved from /opt/airflow/dags/tmdb_incremental_sync.py
[2026-07-19T13:14:19.515+0000] {logging_mixin.py:190} INFO - [2026-07-19T13:14:19.513+0000] {dag.py:3211} INFO - Sync 1 DAGs
[2026-07-19T13:14:19.978+0000] {logging_mixin.py:190} INFO - [2026-07-19T13:14:19.976+0000] {dag.py:4138} INFO - Setting next_dagrun for tmdb_incremental_sync to 2026-07-19 00:00:00+00:00, run_after=2026-07-20 00:00:00+00:00
[2026-07-19T13:14:20.281+0000] {processor.py:208} INFO - Processing /opt/airflow/dags/tmdb_incremental_sync.py took 1.858 seconds
[2026-07-19T13:14:51.185+0000] {processor.py:186} INFO - Started process (PID=30573) to work on /opt/airflow/dags/tmdb_incremental_sync.py
[2026-07-19T13:14:51.196+0000] {processor.py:914} INFO - Processing file /opt/airflow/dags/tmdb_incremental_sync.py for tasks to queue
[2026-07-19T13:14:51.228+0000] {logging_mixin.py:190} INFO - [2026-07-19T13:14:51.223+0000] {dagbag.py:587} INFO - Filling up the DagBag from /opt/airflow/dags/tmdb_incremental_sync.py
[2026-07-19T13:14:51.563+0000] {processor.py:925} INFO - DAG(s) 'tmdb_incremental_sync' retrieved from /opt/airflow/dags/tmdb_incremental_sync.py
[2026-07-19T13:14:51.941+0000] {logging_mixin.py:190} INFO - [2026-07-19T13:14:51.939+0000] {dag.py:3211} INFO - Sync 1 DAGs
[2026-07-19T13:14:52.353+0000] {logging_mixin.py:190} INFO - [2026-07-19T13:14:52.351+0000] {dag.py:4138} INFO - Setting next_dagrun for tmdb_incremental_sync to 2026-07-19 00:00:00+00:00, run_after=2026-07-20 00:00:00+00:00
[2026-07-19T13:14:52.595+0000] {processor.py:208} INFO - Processing /opt/airflow/dags/tmdb_incremental_sync.py took 1.500 seconds
[2026-07-19T13:45:23.077+0000] {processor.py:186} INFO - Started process (PID=30581) to work on /opt/airflow/dags/tmdb_incremental_sync.py
[2026-07-19T13:45:23.089+0000] {processor.py:914} INFO - Processing file /opt/airflow/dags/tmdb_incremental_sync.py for tasks to queue
[2026-07-19T13:45:23.120+0000] {logging_mixin.py:190} INFO - [2026-07-19T13:45:23.117+0000] {dagbag.py:587} INFO - Filling up the DagBag from /opt/airflow/dags/tmdb_incremental_sync.py
[2026-07-19T13:45:23.584+0000] {processor.py:925} INFO - DAG(s) 'tmdb_incremental_sync' retrieved from /opt/airflow/dags/tmdb_incremental_sync.py
[2026-07-19T13:45:24.175+0000] {logging_mixin.py:190} INFO - [2026-07-19T13:45:24.171+0000] {dag.py:3211} INFO - Sync 1 DAGs
[2026-07-19T13:45:24.891+0000] {logging_mixin.py:190} INFO - [2026-07-19T13:45:24.883+0000] {dag.py:4138} INFO - Setting next_dagrun for tmdb_incremental_sync to 2026-07-19 00:00:00+00:00, run_after=2026-07-20 00:00:00+00:00
[2026-07-19T13:45:25.150+0000] {processor.py:208} INFO - Processing /opt/airflow/dags/tmdb_incremental_sync.py took 2.159 seconds
[2026-07-19T13:45:56.085+0000] {processor.py:186} INFO - Started process (PID=30591) to work on /opt/airflow/dags/tmdb_incremental_sync.py
[2026-07-19T13:45:56.095+0000] {processor.py:914} INFO - Processing file /opt/airflow/dags/tmdb_incremental_sync.py for tasks to queue
[2026-07-19T13:45:56.143+0000] {logging_mixin.py:190} INFO - [2026-07-19T13:45:56.138+0000] {dagbag.py:587} INFO - Filling up the DagBag from /opt/airflow/dags/tmdb_incremental_sync.py
[2026-07-19T13:45:56.795+0000] {processor.py:925} INFO - DAG(s) 'tmdb_incremental_sync' retrieved from /opt/airflow/dags/tmdb_incremental_sync.py
[2026-07-19T13:45:57.336+0000] {logging_mixin.py:190} INFO - [2026-07-19T13:45:57.333+0000] {dag.py:3211} INFO - Sync 1 DAGs
[2026-07-19T13:45:58.021+0000] {logging_mixin.py:190} INFO - [2026-07-19T13:45:58.017+0000] {dag.py:4138} INFO - Setting next_dagrun for tmdb_incremental_sync to 2026-07-19 00:00:00+00:00, run_after=2026-07-20 00:00:00+00:00
[2026-07-19T13:45:58.310+0000] {processor.py:208} INFO - Processing /opt/airflow/dags/tmdb_incremental_sync.py took 2.306 seconds
[2026-07-19T13:46:28.565+0000] {processor.py:186} INFO - Started process (PID=30603) to work on /opt/airflow/dags/tmdb_incremental_sync.py
[2026-07-19T13:46:28.572+0000] {processor.py:914} INFO - Processing file /opt/airflow/dags/tmdb_incremental_sync.py for tasks to queue
[2026-07-19T13:46:28.589+0000] {logging_mixin.py:190} INFO - [2026-07-19T13:46:28.587+0000] {dagbag.py:587} INFO - Filling up the DagBag from /opt/airflow/dags/tmdb_incremental_sync.py
[2026-07-19T13:46:28.744+0000] {processor.py:925} INFO - DAG(s) 'tmdb_incremental_sync' retrieved from /opt/airflow/dags/tmdb_incremental_sync.py
[2026-07-19T13:46:28.999+0000] {logging_mixin.py:190} INFO - [2026-07-19T13:46:28.998+0000] {dag.py:3211} INFO - Sync 1 DAGs
[2026-07-19T13:46:29.221+0000] {logging_mixin.py:190} INFO - [2026-07-19T13:46:29.219+0000] {dag.py:4138} INFO - Setting next_dagrun for tmdb_incremental_sync to 2026-07-19 00:00:00+00:00, run_after=2026-07-20 00:00:00+00:00
[2026-07-19T13:46:29.346+0000] {processor.py:208} INFO - Processing /opt/airflow/dags/tmdb_incremental_sync.py took 0.820 seconds
[2026-07-19T13:46:59.643+0000] {processor.py:186} INFO - Started process (PID=30613) to work on /opt/airflow/dags/tmdb_incremental_sync.py
[2026-07-19T13:46:59.649+0000] {processor.py:914} INFO - Processing file /opt/airflow/dags/tmdb_incremental_sync.py for tasks to queue
[2026-07-19T13:46:59.657+0000] {logging_mixin.py:190} INFO - [2026-07-19T13:46:59.656+0000] {dagbag.py:587} INFO - Filling up the DagBag from /opt/airflow/dags/tmdb_incremental_sync.py
[2026-07-19T13:46:59.787+0000] {processor.py:925} INFO - DAG(s) 'tmdb_incremental_sync' retrieved from /opt/airflow/dags/tmdb_incremental_sync.py
[2026-07-19T13:46:59.899+0000] {logging_mixin.py:190} INFO - [2026-07-19T13:46:59.898+0000] {dag.py:3211} INFO - Sync 1 DAGs
[2026-07-19T13:46:59.986+0000] {logging_mixin.py:190} INFO - [2026-07-19T13:46:59.986+0000] {dag.py:4138} INFO - Setting next_dagrun for tmdb_incremental_sync to 2026-07-19 00:00:00+00:00, run_after=2026-07-20 00:00:00+00:00
[2026-07-19T13:47:00.052+0000] {processor.py:208} INFO - Processing /opt/airflow/dags/tmdb_incremental_sync.py took 0.444 seconds
[2026-07-19T13:47:30.687+0000] {processor.py:186} INFO - Started process (PID=30623) to work on /opt/airflow/dags/tmdb_incremental_sync.py
[2026-07-19T13:47:30.690+0000] {processor.py:914} INFO - Processing file /opt/airflow/dags/tmdb_incremental_sync.py for tasks to queue
[2026-07-19T13:47:30.698+0000] {logging_mixin.py:190} INFO - [2026-07-19T13:47:30.697+0000] {dagbag.py:587} INFO - Filling up the DagBag from /opt/airflow/dags/tmdb_incremental_sync.py
[2026-07-19T13:47:30.773+0000] {processor.py:925} INFO - DAG(s) 'tmdb_incremental_sync' retrieved from /opt/airflow/dags/tmdb_incremental_sync.py
[2026-07-19T13:47:30.890+0000] {logging_mixin.py:190} INFO - [2026-07-19T13:47:30.889+0000] {dag.py:3211} INFO - Sync 1 DAGs
[2026-07-19T13:47:30.997+0000] {logging_mixin.py:190} INFO - [2026-07-19T13:47:30.996+0000] {dag.py:4138} INFO - Setting next_dagrun for tmdb_incremental_sync to 2026-07-19 00:00:00+00:00, run_after=2026-07-20 00:00:00+00:00
[2026-07-19T13:47:31.082+0000] {processor.py:208} INFO - Processing /opt/airflow/dags/tmdb_incremental_sync.py took 0.420 seconds
[2026-07-19T13:48:01.505+0000] {processor.py:186} INFO - Started process (PID=30633) to work on /opt/airflow/dags/tmdb_incremental_sync.py
[2026-07-19T13:48:01.507+0000] {processor.py:914} INFO - Processing file /opt/airflow/dags/tmdb_incremental_sync.py for tasks to queue
[2026-07-19T13:48:01.513+0000] {logging_mixin.py:190} INFO - [2026-07-19T13:48:01.512+0000] {dagbag.py:587} INFO - Filling up the DagBag from /opt/airflow/dags/tmdb_incremental_sync.py
[2026-07-19T13:48:01.559+0000] {processor.py:925} INFO - DAG(s) 'tmdb_incremental_sync' retrieved from /opt/airflow/dags/tmdb_incremental_sync.py
[2026-07-19T13:48:01.626+0000] {logging_mixin.py:190} INFO - [2026-07-19T13:48:01.625+0000] {dag.py:3211} INFO - Sync 1 DAGs
[2026-07-19T13:48:01.700+0000] {logging_mixin.py:190} INFO - [2026-07-19T13:48:01.699+0000] {dag.py:4138} INFO - Setting next_dagrun for tmdb_incremental_sync to 2026-07-19 00:00:00+00:00, run_after=2026-07-20 00:00:00+00:00
[2026-07-19T13:48:01.772+0000] {processor.py:208} INFO - Processing /opt/airflow/dags/tmdb_incremental_sync.py took 0.282 seconds
[2026-07-19T13:48:32.115+0000] {processor.py:186} INFO - Started process (PID=30643) to work on /opt/airflow/dags/tmdb_incremental_sync.py
[2026-07-19T13:48:32.117+0000] {processor.py:914} INFO - Processing file /opt/airflow/dags/tmdb_incremental_sync.py for tasks to queue
[2026-07-19T13:48:32.121+0000] {logging_mixin.py:190} INFO - [2026-07-19T13:48:32.121+0000] {dagbag.py:587} INFO - Filling up the DagBag from /opt/airflow/dags/tmdb_incremental_sync.py
[2026-07-19T13:48:32.162+0000] {processor.py:925} INFO - DAG(s) 'tmdb_incremental_sync' retrieved from /opt/airflow/dags/tmdb_incremental_sync.py
[2026-07-19T13:48:32.220+0000] {logging_mixin.py:190} INFO - [2026-07-19T13:48:32.219+0000] {dag.py:3211} INFO - Sync 1 DAGs
[2026-07-19T13:48:32.278+0000] {logging_mixin.py:190} INFO - [2026-07-19T13:48:32.278+0000] {dag.py:4138} INFO - Setting next_dagrun for tmdb_incremental_sync to 2026-07-19 00:00:00+00:00, run_after=2026-07-20 00:00:00+00:00
[2026-07-19T13:48:32.351+0000] {processor.py:208} INFO - Processing /opt/airflow/dags/tmdb_incremental_sync.py took 0.248 seconds
[2026-07-19T13:49:02.712+0000] {processor.py:186} INFO - Started process (PID=30653) to work on /opt/airflow/dags/tmdb_incremental_sync.py
[2026-07-19T13:49:02.717+0000] {processor.py:914} INFO - Processing file /opt/airflow/dags/tmdb_incremental_sync.py for tasks to queue
[2026-07-19T13:49:02.725+0000] {logging_mixin.py:190} INFO - [2026-07-19T13:49:02.724+0000] {dagbag.py:587} INFO - Filling up the DagBag from /opt/airflow/dags/tmdb_incremental_sync.py
[2026-07-19T13:49:02.798+0000] {processor.py:925} INFO - DAG(s) 'tmdb_incremental_sync' retrieved from /opt/airflow/dags/tmdb_incremental_sync.py
[2026-07-19T13:49:02.899+0000] {logging_mixin.py:190} INFO - [2026-07-19T13:49:02.898+0000] {dag.py:3211} INFO - Sync 1 DAGs
[2026-07-19T13:49:02.983+0000] {logging_mixin.py:190} INFO - [2026-07-19T13:49:02.983+0000] {dag.py:4138} INFO - Setting next_dagrun for tmdb_incremental_sync to 2026-07-19 00:00:00+00:00, run_after=2026-07-20 00:00:00+00:00
[2026-07-19T13:49:03.040+0000] {processor.py:208} INFO - Processing /opt/airflow/dags/tmdb_incremental_sync.py took 0.350 seconds
[2026-07-19T13:55:50.380+0000] {processor.py:186} INFO - Started process (PID=30661) to work on /opt/airflow/dags/tmdb_incremental_sync.py
[2026-07-19T13:55:50.390+0000] {processor.py:914} INFO - Processing file /opt/airflow/dags/tmdb_incremental_sync.py for tasks to queue
[2026-07-19T13:55:50.424+0000] {logging_mixin.py:190} INFO - [2026-07-19T13:55:50.421+0000] {dagbag.py:587} INFO - Filling up the DagBag from /opt/airflow/dags/tmdb_incremental_sync.py
[2026-07-19T13:55:50.652+0000] {processor.py:925} INFO - DAG(s) 'tmdb_incremental_sync' retrieved from /opt/airflow/dags/tmdb_incremental_sync.py
[2026-07-19T13:55:50.955+0000] {logging_mixin.py:190} INFO - [2026-07-19T13:55:50.952+0000] {dag.py:3211} INFO - Sync 1 DAGs
[2026-07-19T13:55:51.256+0000] {logging_mixin.py:190} INFO - [2026-07-19T13:55:51.255+0000] {dag.py:4138} INFO - Setting next_dagrun for tmdb_incremental_sync to 2026-07-19 00:00:00+00:00, run_after=2026-07-20 00:00:00+00:00
[2026-07-19T13:55:51.412+0000] {processor.py:208} INFO - Processing /opt/airflow/dags/tmdb_incremental_sync.py took 1.127 seconds
[2026-07-19T14:17:34.987+0000] {processor.py:186} INFO - Started process (PID=30671) to work on /opt/airflow/dags/tmdb_incremental_sync.py
[2026-07-19T14:17:34.992+0000] {processor.py:914} INFO - Processing file /opt/airflow/dags/tmdb_incremental_sync.py for tasks to queue
[2026-07-19T14:17:35.001+0000] {logging_mixin.py:190} INFO - [2026-07-19T14:17:35.000+0000] {dagbag.py:587} INFO - Filling up the DagBag from /opt/airflow/dags/tmdb_incremental_sync.py
[2026-07-19T14:17:35.069+0000] {processor.py:925} INFO - DAG(s) 'tmdb_incremental_sync' retrieved from /opt/airflow/dags/tmdb_incremental_sync.py
[2026-07-19T14:17:35.176+0000] {logging_mixin.py:190} INFO - [2026-07-19T14:17:35.176+0000] {dag.py:3211} INFO - Sync 1 DAGs
[2026-07-19T14:17:35.337+0000] {logging_mixin.py:190} INFO - [2026-07-19T14:17:35.330+0000] {dag.py:4138} INFO - Setting next_dagrun for tmdb_incremental_sync to 2026-07-19 00:00:00+00:00, run_after=2026-07-20 00:00:00+00:00
[2026-07-19T14:17:35.412+0000] {processor.py:208} INFO - Processing /opt/airflow/dags/tmdb_incremental_sync.py took 0.449 seconds
[2026-07-19T14:18:05.729+0000] {processor.py:186} INFO - Started process (PID=30681) to work on /opt/airflow/dags/tmdb_incremental_sync.py
[2026-07-19T14:18:05.730+0000] {processor.py:914} INFO - Processing file /opt/airflow/dags/tmdb_incremental_sync.py for tasks to queue
[2026-07-19T14:18:05.734+0000] {logging_mixin.py:190} INFO - [2026-07-19T14:18:05.733+0000] {dagbag.py:587} INFO - Filling up the DagBag from /opt/airflow/dags/tmdb_incremental_sync.py
[2026-07-19T14:18:05.765+0000] {processor.py:925} INFO - DAG(s) 'tmdb_incremental_sync' retrieved from /opt/airflow/dags/tmdb_incremental_sync.py
[2026-07-19T14:18:05.813+0000] {logging_mixin.py:190} INFO - [2026-07-19T14:18:05.812+0000] {dag.py:3211} INFO - Sync 1 DAGs
[2026-07-19T14:18:05.852+0000] {logging_mixin.py:190} INFO - [2026-07-19T14:18:05.852+0000] {dag.py:4138} INFO - Setting next_dagrun for tmdb_incremental_sync to 2026-07-19 00:00:00+00:00, run_after=2026-07-20 00:00:00+00:00
[2026-07-19T14:18:05.880+0000] {processor.py:208} INFO - Processing /opt/airflow/dags/tmdb_incremental_sync.py took 0.159 seconds
[2026-07-19T14:18:36.166+0000] {processor.py:186} INFO - Started process (PID=30691) to work on /opt/airflow/dags/tmdb_incremental_sync.py
[2026-07-19T14:18:36.167+0000] {processor.py:914} INFO - Processing file /opt/airflow/dags/tmdb_incremental_sync.py for tasks to queue
[2026-07-19T14:18:36.170+0000] {logging_mixin.py:190} INFO - [2026-07-19T14:18:36.170+0000] {dagbag.py:587} INFO - Filling up the DagBag from /opt/airflow/dags/tmdb_incremental_sync.py
[2026-07-19T14:18:36.203+0000] {processor.py:925} INFO - DAG(s) 'tmdb_incremental_sync' retrieved from /opt/airflow/dags/tmdb_incremental_sync.py
[2026-07-19T14:18:36.244+0000] {logging_mixin.py:190} INFO - [2026-07-19T14:18:36.244+0000] {dag.py:3211} INFO - Sync 1 DAGs
[2026-07-19T14:18:36.283+0000] {logging_mixin.py:190} INFO - [2026-07-19T14:18:36.283+0000] {dag.py:4138} INFO - Setting next_dagrun for tmdb_incremental_sync to 2026-07-19 00:00:00+00:00, run_after=2026-07-20 00:00:00+00:00
[2026-07-19T14:18:36.311+0000] {processor.py:208} INFO - Processing /opt/airflow/dags/tmdb_incremental_sync.py took 0.154 seconds
[2026-07-19T14:19:06.598+0000] {processor.py:186} INFO - Started process (PID=30701) to work on /opt/airflow/dags/tmdb_incremental_sync.py
[2026-07-19T14:19:06.599+0000] {processor.py:914} INFO - Processing file /opt/airflow/dags/tmdb_incremental_sync.py for tasks to queue
[2026-07-19T14:19:06.603+0000] {logging_mixin.py:190} INFO - [2026-07-19T14:19:06.603+0000] {dagbag.py:587} INFO - Filling up the DagBag from /opt/airflow/dags/tmdb_incremental_sync.py
[2026-07-19T14:19:06.631+0000] {processor.py:925} INFO - DAG(s) 'tmdb_incremental_sync' retrieved from /opt/airflow/dags/tmdb_incremental_sync.py
[2026-07-19T14:19:06.673+0000] {logging_mixin.py:190} INFO - [2026-07-19T14:19:06.673+0000] {dag.py:3211} INFO - Sync 1 DAGs
[2026-07-19T14:19:06.713+0000] {logging_mixin.py:190} INFO - [2026-07-19T14:19:06.713+0000] {dag.py:4138} INFO - Setting next_dagrun for tmdb_incremental_sync to 2026-07-19 00:00:00+00:00, run_after=2026-07-20 00:00:00+00:00
[2026-07-19T14:19:06.738+0000] {processor.py:208} INFO - Processing /opt/airflow/dags/tmdb_incremental_sync.py took 0.147 seconds
[2026-07-19T14:19:37.036+0000] {processor.py:186} INFO - Started process (PID=30711) to work on /opt/airflow/dags/tmdb_incremental_sync.py
[2026-07-19T14:19:37.037+0000] {processor.py:914} INFO - Processing file /opt/airflow/dags/tmdb_incremental_sync.py for tasks to queue
[2026-07-19T14:19:37.042+0000] {logging_mixin.py:190} INFO - [2026-07-19T14:19:37.041+0000] {dagbag.py:587} INFO - Filling up the DagBag from /opt/airflow/dags/tmdb_incremental_sync.py
[2026-07-19T14:19:37.071+0000] {processor.py:925} INFO - DAG(s) 'tmdb_incremental_sync' retrieved from /opt/airflow/dags/tmdb_incremental_sync.py
[2026-07-19T14:19:37.111+0000] {logging_mixin.py:190} INFO - [2026-07-19T14:19:37.111+0000] {dag.py:3211} INFO - Sync 1 DAGs
[2026-07-19T14:19:37.149+0000] {logging_mixin.py:190} INFO - [2026-07-19T14:19:37.149+0000] {dag.py:4138} INFO - Setting next_dagrun for tmdb_incremental_sync to 2026-07-19 00:00:00+00:00, run_after=2026-07-20 00:00:00+00:00
[2026-07-19T14:19:37.175+0000] {processor.py:208} INFO - Processing /opt/airflow/dags/tmdb_incremental_sync.py took 0.147 seconds
[2026-07-19T14:20:07.475+0000] {processor.py:186} INFO - Started process (PID=30721) to work on /opt/airflow/dags/tmdb_incremental_sync.py
[2026-07-19T14:20:07.476+0000] {processor.py:914} INFO - Processing file /opt/airflow/dags/tmdb_incremental_sync.py for tasks to queue
[2026-07-19T14:20:07.481+0000] {logging_mixin.py:190} INFO - [2026-07-19T14:20:07.480+0000] {dagbag.py:587} INFO - Filling up the DagBag from /opt/airflow/dags/tmdb_incremental_sync.py
[2026-07-19T14:20:07.513+0000] {processor.py:925} INFO - DAG(s) 'tmdb_incremental_sync' retrieved from /opt/airflow/dags/tmdb_incremental_sync.py
[2026-07-19T14:20:07.564+0000] {logging_mixin.py:190} INFO - [2026-07-19T14:20:07.563+0000] {dag.py:3211} INFO - Sync 1 DAGs
[2026-07-19T14:20:07.617+0000] {logging_mixin.py:190} INFO - [2026-07-19T14:20:07.616+0000] {dag.py:4138} INFO - Setting next_dagrun for tmdb_incremental_sync to 2026-07-19 00:00:00+00:00, run_after=2026-07-20 00:00:00+00:00
[2026-07-19T14:20:07.644+0000] {processor.py:208} INFO - Processing /opt/airflow/dags/tmdb_incremental_sync.py took 0.178 seconds
[2026-07-19T14:20:37.947+0000] {processor.py:186} INFO - Started process (PID=30731) to work on /opt/airflow/dags/tmdb_incremental_sync.py
[2026-07-19T14:20:37.949+0000] {processor.py:914} INFO - Processing file /opt/airflow/dags/tmdb_incremental_sync.py for tasks to queue
[2026-07-19T14:20:37.952+0000] {logging_mixin.py:190} INFO - [2026-07-19T14:20:37.952+0000] {dagbag.py:587} INFO - Filling up the DagBag from /opt/airflow/dags/tmdb_incremental_sync.py
[2026-07-19T14:20:37.983+0000] {processor.py:925} INFO - DAG(s) 'tmdb_incremental_sync' retrieved from /opt/airflow/dags/tmdb_incremental_sync.py
[2026-07-19T14:20:38.024+0000] {logging_mixin.py:190} INFO - [2026-07-19T14:20:38.024+0000] {dag.py:3211} INFO - Sync 1 DAGs
[2026-07-19T14:20:38.062+0000] {logging_mixin.py:190} INFO - [2026-07-19T14:20:38.062+0000] {dag.py:4138} INFO - Setting next_dagrun for tmdb_incremental_sync to 2026-07-19 00:00:00+00:00, run_after=2026-07-20 00:00:00+00:00
[2026-07-19T14:20:38.087+0000] {processor.py:208} INFO - Processing /opt/airflow/dags/tmdb_incremental_sync.py took 0.148 seconds
[2026-07-19T14:21:08.524+0000] {processor.py:186} INFO - Started process (PID=30741) to work on /opt/airflow/dags/tmdb_incremental_sync.py
[2026-07-19T14:21:08.526+0000] {processor.py:914} INFO - Processing file /opt/airflow/dags/tmdb_incremental_sync.py for tasks to queue
[2026-07-19T14:21:08.531+0000] {logging_mixin.py:190} INFO - [2026-07-19T14:21:08.531+0000] {dagbag.py:587} INFO - Filling up the DagBag from /opt/airflow/dags/tmdb_incremental_sync.py
[2026-07-19T14:21:08.567+0000] {processor.py:925} INFO - DAG(s) 'tmdb_incremental_sync' retrieved from /opt/airflow/dags/tmdb_incremental_sync.py
[2026-07-19T14:21:08.616+0000] {logging_mixin.py:190} INFO - [2026-07-19T14:21:08.616+0000] {dag.py:3211} INFO - Sync 1 DAGs
[2026-07-19T14:21:08.658+0000] {logging_mixin.py:190} INFO - [2026-07-19T14:21:08.658+0000] {dag.py:4138} INFO - Setting next_dagrun for tmdb_incremental_sync to 2026-07-19 00:00:00+00:00, run_after=2026-07-20 00:00:00+00:00
[2026-07-19T14:21:08.684+0000] {processor.py:208} INFO - Processing /opt/airflow/dags/tmdb_incremental_sync.py took 0.170 seconds
[2026-07-19T14:21:38.983+0000] {processor.py:186} INFO - Started process (PID=30751) to work on /opt/airflow/dags/tmdb_incremental_sync.py
[2026-07-19T14:21:38.984+0000] {processor.py:914} INFO - Processing file /opt/airflow/dags/tmdb_incremental_sync.py for tasks to queue
[2026-07-19T14:21:38.987+0000] {logging_mixin.py:190} INFO - [2026-07-19T14:21:38.987+0000] {dagbag.py:587} INFO - Filling up the DagBag from /opt/airflow/dags/tmdb_incremental_sync.py
[2026-07-19T14:21:39.019+0000] {processor.py:925} INFO - DAG(s) 'tmdb_incremental_sync' retrieved from /opt/airflow/dags/tmdb_incremental_sync.py
[2026-07-19T14:21:39.067+0000] {logging_mixin.py:190} INFO - [2026-07-19T14:21:39.066+0000] {dag.py:3211} INFO - Sync 1 DAGs
[2026-07-19T14:21:39.107+0000] {logging_mixin.py:190} INFO - [2026-07-19T14:21:39.107+0000] {dag.py:4138} INFO - Setting next_dagrun for tmdb_incremental_sync to 2026-07-19 00:00:00+00:00, run_after=2026-07-20 00:00:00+00:00
[2026-07-19T14:21:39.170+0000] {processor.py:208} INFO - Processing /opt/airflow/dags/tmdb_incremental_sync.py took 0.195 seconds
[2026-07-19T14:22:09.639+0000] {processor.py:186} INFO - Started process (PID=30761) to work on /opt/airflow/dags/tmdb_incremental_sync.py
[2026-07-19T14:22:09.640+0000] {processor.py:914} INFO - Processing file /opt/airflow/dags/tmdb_incremental_sync.py for tasks to queue
[2026-07-19T14:22:09.643+0000] {logging_mixin.py:190} INFO - [2026-07-19T14:22:09.643+0000] {dagbag.py:587} INFO - Filling up the DagBag from /opt/airflow/dags/tmdb_incremental_sync.py
[2026-07-19T14:22:09.675+0000] {processor.py:925} INFO - DAG(s) 'tmdb_incremental_sync' retrieved from /opt/airflow/dags/tmdb_incremental_sync.py
[2026-07-19T14:22:09.716+0000] {logging_mixin.py:190} INFO - [2026-07-19T14:22:09.716+0000] {dag.py:3211} INFO - Sync 1 DAGs
[2026-07-19T14:22:09.754+0000] {logging_mixin.py:190} INFO - [2026-07-19T14:22:09.754+0000] {dag.py:4138} INFO - Setting next_dagrun for tmdb_incremental_sync to 2026-07-19 00:00:00+00:00, run_after=2026-07-20 00:00:00+00:00
[2026-07-19T14:22:09.782+0000] {processor.py:208} INFO - Processing /opt/airflow/dags/tmdb_incremental_sync.py took 0.153 seconds
[2026-07-19T14:22:40.250+0000] {processor.py:186} INFO - Started process (PID=30771) to work on /opt/airflow/dags/tmdb_incremental_sync.py
[2026-07-19T14:22:40.251+0000] {processor.py:914} INFO - Processing file /opt/airflow/dags/tmdb_incremental_sync.py for tasks to queue
[2026-07-19T14:22:40.255+0000] {logging_mixin.py:190} INFO - [2026-07-19T14:22:40.255+0000] {dagbag.py:587} INFO - Filling up the DagBag from /opt/airflow/dags/tmdb_incremental_sync.py
[2026-07-19T14:22:40.284+0000] {processor.py:925} INFO - DAG(s) 'tmdb_incremental_sync' retrieved from /opt/airflow/dags/tmdb_incremental_sync.py
[2026-07-19T14:22:40.332+0000] {logging_mixin.py:190} INFO - [2026-07-19T14:22:40.332+0000] {dag.py:3211} INFO - Sync 1 DAGs
[2026-07-19T14:22:40.368+0000] {logging_mixin.py:190} INFO - [2026-07-19T14:22:40.368+0000] {dag.py:4138} INFO - Setting next_dagrun for tmdb_incremental_sync to 2026-07-19 00:00:00+00:00, run_after=2026-07-20 00:00:00+00:00
[2026-07-19T14:22:40.397+0000] {processor.py:208} INFO - Processing /opt/airflow/dags/tmdb_incremental_sync.py took 0.155 seconds
[2026-07-19T14:23:10.692+0000] {processor.py:186} INFO - Started process (PID=30781) to work on /opt/airflow/dags/tmdb_incremental_sync.py
[2026-07-19T14:23:10.693+0000] {processor.py:914} INFO - Processing file /opt/airflow/dags/tmdb_incremental_sync.py for tasks to queue
[2026-07-19T14:23:10.697+0000] {logging_mixin.py:190} INFO - [2026-07-19T14:23:10.696+0000] {dagbag.py:587} INFO - Filling up the DagBag from /opt/airflow/dags/tmdb_incremental_sync.py
[2026-07-19T14:23:10.726+0000] {processor.py:925} INFO - DAG(s) 'tmdb_incremental_sync' retrieved from /opt/airflow/dags/tmdb_incremental_sync.py
[2026-07-19T14:23:10.769+0000] {logging_mixin.py:190} INFO - [2026-07-19T14:23:10.768+0000] {dag.py:3211} INFO - Sync 1 DAGs
[2026-07-19T14:23:10.805+0000] {logging_mixin.py:190} INFO - [2026-07-19T14:23:10.804+0000] {dag.py:4138} INFO - Setting next_dagrun for tmdb_incremental_sync to 2026-07-19 00:00:00+00:00, run_after=2026-07-20 00:00:00+00:00
[2026-07-19T14:23:10.830+0000] {processor.py:208} INFO - Processing /opt/airflow/dags/tmdb_incremental_sync.py took 0.146 seconds
[2026-07-19T14:23:41.150+0000] {processor.py:186} INFO - Started process (PID=30791) to work on /opt/airflow/dags/tmdb_incremental_sync.py
[2026-07-19T14:23:41.171+0000] {processor.py:914} INFO - Processing file /opt/airflow/dags/tmdb_incremental_sync.py for tasks to queue
[2026-07-19T14:23:41.176+0000] {logging_mixin.py:190} INFO - [2026-07-19T14:23:41.175+0000] {dagbag.py:587} INFO - Filling up the DagBag from /opt/airflow/dags/tmdb_incremental_sync.py
[2026-07-19T14:23:41.273+0000] {processor.py:925} INFO - DAG(s) 'tmdb_incremental_sync' retrieved from /opt/airflow/dags/tmdb_incremental_sync.py
[2026-07-19T14:23:41.365+0000] {logging_mixin.py:190} INFO - [2026-07-19T14:23:41.364+0000] {dag.py:3211} INFO - Sync 1 DAGs
[2026-07-19T14:23:41.424+0000] {logging_mixin.py:190} INFO - [2026-07-19T14:23:41.424+0000] {dag.py:4138} INFO - Setting next_dagrun for tmdb_incremental_sync to 2026-07-19 00:00:00+00:00, run_after=2026-07-20 00:00:00+00:00
[2026-07-19T14:23:41.453+0000] {processor.py:208} INFO - Processing /opt/airflow/dags/tmdb_incremental_sync.py took 0.326 seconds
[2026-07-19T14:24:11.735+0000] {processor.py:186} INFO - Started process (PID=30801) to work on /opt/airflow/dags/tmdb_incremental_sync.py
[2026-07-19T14:24:11.736+0000] {processor.py:914} INFO - Processing file /opt/airflow/dags/tmdb_incremental_sync.py for tasks to queue
[2026-07-19T14:24:11.740+0000] {logging_mixin.py:190} INFO - [2026-07-19T14:24:11.739+0000] {dagbag.py:587} INFO - Filling up the DagBag from /opt/airflow/dags/tmdb_incremental_sync.py
[2026-07-19T14:24:11.772+0000] {processor.py:925} INFO - DAG(s) 'tmdb_incremental_sync' retrieved from /opt/airflow/dags/tmdb_incremental_sync.py
[2026-07-19T14:24:11.821+0000] {logging_mixin.py:190} INFO - [2026-07-19T14:24:11.821+0000] {dag.py:3211} INFO - Sync 1 DAGs
[2026-07-19T14:24:11.863+0000] {logging_mixin.py:190} INFO - [2026-07-19T14:24:11.863+0000] {dag.py:4138} INFO - Setting next_dagrun for tmdb_incremental_sync to 2026-07-19 00:00:00+00:00, run_after=2026-07-20 00:00:00+00:00
[2026-07-19T14:24:11.894+0000] {processor.py:208} INFO - Processing /opt/airflow/dags/tmdb_incremental_sync.py took 0.168 seconds
[2026-07-19T14:24:42.207+0000] {processor.py:186} INFO - Started process (PID=30811) to work on /opt/airflow/dags/tmdb_incremental_sync.py
[2026-07-19T14:24:42.209+0000] {processor.py:914} INFO - Processing file /opt/airflow/dags/tmdb_incremental_sync.py for tasks to queue
[2026-07-19T14:24:42.214+0000] {logging_mixin.py:190} INFO - [2026-07-19T14:24:42.213+0000] {dagbag.py:587} INFO - Filling up the DagBag from /opt/airflow/dags/tmdb_incremental_sync.py
[2026-07-19T14:24:42.254+0000] {processor.py:925} INFO - DAG(s) 'tmdb_incremental_sync' retrieved from /opt/airflow/dags/tmdb_incremental_sync.py
[2026-07-19T14:24:42.302+0000] {logging_mixin.py:190} INFO - [2026-07-19T14:24:42.302+0000] {dag.py:3211} INFO - Sync 1 DAGs
[2026-07-19T14:24:42.340+0000] {logging_mixin.py:190} INFO - [2026-07-19T14:24:42.340+0000] {dag.py:4138} INFO - Setting next_dagrun for tmdb_incremental_sync to 2026-07-19 00:00:00+00:00, run_after=2026-07-20 00:00:00+00:00
[2026-07-19T14:24:42.379+0000] {processor.py:208} INFO - Processing /opt/airflow/dags/tmdb_incremental_sync.py took 0.187 seconds
[2026-07-19T14:25:12.688+0000] {processor.py:186} INFO - Started process (PID=30821) to work on /opt/airflow/dags/tmdb_incremental_sync.py
[2026-07-19T14:25:12.689+0000] {processor.py:914} INFO - Processing file /opt/airflow/dags/tmdb_incremental_sync.py for tasks to queue
[2026-07-19T14:25:12.694+0000] {logging_mixin.py:190} INFO - [2026-07-19T14:25:12.693+0000] {dagbag.py:587} INFO - Filling up the DagBag from /opt/airflow/dags/tmdb_incremental_sync.py
[2026-07-19T14:25:12.727+0000] {processor.py:925} INFO - DAG(s) 'tmdb_incremental_sync' retrieved from /opt/airflow/dags/tmdb_incremental_sync.py
[2026-07-19T14:25:12.768+0000] {logging_mixin.py:190} INFO - [2026-07-19T14:25:12.768+0000] {dag.py:3211} INFO - Sync 1 DAGs
[2026-07-19T14:25:12.806+0000] {logging_mixin.py:190} INFO - [2026-07-19T14:25:12.805+0000] {dag.py:4138} INFO - Setting next_dagrun for tmdb_incremental_sync to 2026-07-19 00:00:00+00:00, run_after=2026-07-20 00:00:00+00:00
[2026-07-19T14:25:12.834+0000] {processor.py:208} INFO - Processing /opt/airflow/dags/tmdb_incremental_sync.py took 0.155 seconds
[2026-07-19T14:25:43.132+0000] {processor.py:186} INFO - Started process (PID=30831) to work on /opt/airflow/dags/tmdb_incremental_sync.py
[2026-07-19T14:25:43.133+0000] {processor.py:914} INFO - Processing file /opt/airflow/dags/tmdb_incremental_sync.py for tasks to queue
[2026-07-19T14:25:43.137+0000] {logging_mixin.py:190} INFO - [2026-07-19T14:25:43.136+0000] {dagbag.py:587} INFO - Filling up the DagBag from /opt/airflow/dags/tmdb_incremental_sync.py
[2026-07-19T14:25:43.165+0000] {processor.py:925} INFO - DAG(s) 'tmdb_incremental_sync' retrieved from /opt/airflow/dags/tmdb_incremental_sync.py
[2026-07-19T14:25:43.205+0000] {logging_mixin.py:190} INFO - [2026-07-19T14:25:43.205+0000] {dag.py:3211} INFO - Sync 1 DAGs
[2026-07-19T14:25:43.241+0000] {logging_mixin.py:190} INFO - [2026-07-19T14:25:43.241+0000] {dag.py:4138} INFO - Setting next_dagrun for tmdb_incremental_sync to 2026-07-19 00:00:00+00:00, run_after=2026-07-20 00:00:00+00:00
[2026-07-19T14:25:43.268+0000] {processor.py:208} INFO - Processing /opt/airflow/dags/tmdb_incremental_sync.py took 0.144 seconds
[2026-07-19T14:26:13.552+0000] {processor.py:186} INFO - Started process (PID=30841) to work on /opt/airflow/dags/tmdb_incremental_sync.py
[2026-07-19T14:26:13.553+0000] {processor.py:914} INFO - Processing file /opt/airflow/dags/tmdb_incremental_sync.py for tasks to queue
[2026-07-19T14:26:13.557+0000] {logging_mixin.py:190} INFO - [2026-07-19T14:26:13.557+0000] {dagbag.py:587} INFO - Filling up the DagBag from /opt/airflow/dags/tmdb_incremental_sync.py
[2026-07-19T14:26:13.586+0000] {processor.py:925} INFO - DAG(s) 'tmdb_incremental_sync' retrieved from /opt/airflow/dags/tmdb_incremental_sync.py
[2026-07-19T14:26:13.626+0000] {logging_mixin.py:190} INFO - [2026-07-19T14:26:13.626+0000] {dag.py:3211} INFO - Sync 1 DAGs
[2026-07-19T14:26:13.662+0000] {logging_mixin.py:190} INFO - [2026-07-19T14:26:13.661+0000] {dag.py:4138} INFO - Setting next_dagrun for tmdb_incremental_sync to 2026-07-19 00:00:00+00:00, run_after=2026-07-20 00:00:00+00:00
[2026-07-19T14:26:13.686+0000] {processor.py:208} INFO - Processing /opt/airflow/dags/tmdb_incremental_sync.py took 0.143 seconds
[2026-07-19T14:26:43.984+0000] {processor.py:186} INFO - Started process (PID=30851) to work on /opt/airflow/dags/tmdb_incremental_sync.py
[2026-07-19T14:26:43.986+0000] {processor.py:914} INFO - Processing file /opt/airflow/dags/tmdb_incremental_sync.py for tasks to queue
[2026-07-19T14:26:43.992+0000] {logging_mixin.py:190} INFO - [2026-07-19T14:26:43.991+0000] {dagbag.py:587} INFO - Filling up the DagBag from /opt/airflow/dags/tmdb_incremental_sync.py
[2026-07-19T14:26:44.031+0000] {processor.py:925} INFO - DAG(s) 'tmdb_incremental_sync' retrieved from /opt/airflow/dags/tmdb_incremental_sync.py
[2026-07-19T14:26:44.075+0000] {logging_mixin.py:190} INFO - [2026-07-19T14:26:44.075+0000] {dag.py:3211} INFO - Sync 1 DAGs
[2026-07-19T14:26:44.115+0000] {logging_mixin.py:190} INFO - [2026-07-19T14:26:44.115+0000] {dag.py:4138} INFO - Setting next_dagrun for tmdb_incremental_sync to 2026-07-19 00:00:00+00:00, run_after=2026-07-20 00:00:00+00:00
[2026-07-19T14:26:44.142+0000] {processor.py:208} INFO - Processing /opt/airflow/dags/tmdb_incremental_sync.py took 0.168 seconds
[2026-07-19T14:27:14.451+0000] {processor.py:186} INFO - Started process (PID=30861) to work on /opt/airflow/dags/tmdb_incremental_sync.py
[2026-07-19T14:27:14.452+0000] {processor.py:914} INFO - Processing file /opt/airflow/dags/tmdb_incremental_sync.py for tasks to queue
[2026-07-19T14:27:14.455+0000] {logging_mixin.py:190} INFO - [2026-07-19T14:27:14.455+0000] {dagbag.py:587} INFO - Filling up the DagBag from /opt/airflow/dags/tmdb_incremental_sync.py
[2026-07-19T14:27:14.485+0000] {processor.py:925} INFO - DAG(s) 'tmdb_incremental_sync' retrieved from /opt/airflow/dags/tmdb_incremental_sync.py
[2026-07-19T14:27:14.529+0000] {logging_mixin.py:190} INFO - [2026-07-19T14:27:14.529+0000] {dag.py:3211} INFO - Sync 1 DAGs
[2026-07-19T14:27:14.590+0000] {logging_mixin.py:190} INFO - [2026-07-19T14:27:14.589+0000] {dag.py:4138} INFO - Setting next_dagrun for tmdb_incremental_sync to 2026-07-19 00:00:00+00:00, run_after=2026-07-20 00:00:00+00:00
[2026-07-19T14:27:14.621+0000] {processor.py:208} INFO - Processing /opt/airflow/dags/tmdb_incremental_sync.py took 0.179 seconds
[2026-07-19T14:27:44.925+0000] {processor.py:186} INFO - Started process (PID=30871) to work on /opt/airflow/dags/tmdb_incremental_sync.py
[2026-07-19T14:27:44.926+0000] {processor.py:914} INFO - Processing file /opt/airflow/dags/tmdb_incremental_sync.py for tasks to queue
[2026-07-19T14:27:44.929+0000] {logging_mixin.py:190} INFO - [2026-07-19T14:27:44.929+0000] {dagbag.py:587} INFO - Filling up the DagBag from /opt/airflow/dags/tmdb_incremental_sync.py
[2026-07-19T14:27:44.958+0000] {processor.py:925} INFO - DAG(s) 'tmdb_incremental_sync' retrieved from /opt/airflow/dags/tmdb_incremental_sync.py
[2026-07-19T14:27:44.998+0000] {logging_mixin.py:190} INFO - [2026-07-19T14:27:44.998+0000] {dag.py:3211} INFO - Sync 1 DAGs
[2026-07-19T14:27:45.038+0000] {logging_mixin.py:190} INFO - [2026-07-19T14:27:45.037+0000] {dag.py:4138} INFO - Setting next_dagrun for tmdb_incremental_sync to 2026-07-19 00:00:00+00:00, run_after=2026-07-20 00:00:00+00:00
[2026-07-19T14:27:45.066+0000] {processor.py:208} INFO - Processing /opt/airflow/dags/tmdb_incremental_sync.py took 0.148 seconds
[2026-07-19T14:28:15.432+0000] {processor.py:186} INFO - Started process (PID=30881) to work on /opt/airflow/dags/tmdb_incremental_sync.py
[2026-07-19T14:28:15.433+0000] {processor.py:914} INFO - Processing file /opt/airflow/dags/tmdb_incremental_sync.py for tasks to queue
[2026-07-19T14:28:15.438+0000] {logging_mixin.py:190} INFO - [2026-07-19T14:28:15.437+0000] {dagbag.py:587} INFO - Filling up the DagBag from /opt/airflow/dags/tmdb_incremental_sync.py
[2026-07-19T14:28:15.471+0000] {processor.py:925} INFO - DAG(s) 'tmdb_incremental_sync' retrieved from /opt/airflow/dags/tmdb_incremental_sync.py
[2026-07-19T14:28:15.516+0000] {logging_mixin.py:190} INFO - [2026-07-19T14:28:15.516+0000] {dag.py:3211} INFO - Sync 1 DAGs
[2026-07-19T14:28:15.559+0000] {logging_mixin.py:190} INFO - [2026-07-19T14:28:15.559+0000] {dag.py:4138} INFO - Setting next_dagrun for tmdb_incremental_sync to 2026-07-19 00:00:00+00:00, run_after=2026-07-20 00:00:00+00:00
[2026-07-19T14:28:15.587+0000] {processor.py:208} INFO - Processing /opt/airflow/dags/tmdb_incremental_sync.py took 0.167 seconds
[2026-07-19T14:28:46.020+0000] {processor.py:186} INFO - Started process (PID=30891) to work on /opt/airflow/dags/tmdb_incremental_sync.py
[2026-07-19T14:28:46.021+0000] {processor.py:914} INFO - Processing file /opt/airflow/dags/tmdb_incremental_sync.py for tasks to queue
[2026-07-19T14:28:46.025+0000] {logging_mixin.py:190} INFO - [2026-07-19T14:28:46.024+0000] {dagbag.py:587} INFO - Filling up the DagBag from /opt/airflow/dags/tmdb_incremental_sync.py
[2026-07-19T14:28:46.055+0000] {processor.py:925} INFO - DAG(s) 'tmdb_incremental_sync' retrieved from /opt/airflow/dags/tmdb_incremental_sync.py
[2026-07-19T14:28:46.096+0000] {logging_mixin.py:190} INFO - [2026-07-19T14:28:46.095+0000] {dag.py:3211} INFO - Sync 1 DAGs
[2026-07-19T14:28:46.132+0000] {logging_mixin.py:190} INFO - [2026-07-19T14:28:46.132+0000] {dag.py:4138} INFO - Setting next_dagrun for tmdb_incremental_sync to 2026-07-19 00:00:00+00:00, run_after=2026-07-20 00:00:00+00:00
[2026-07-19T14:28:46.157+0000] {processor.py:208} INFO - Processing /opt/airflow/dags/tmdb_incremental_sync.py took 0.145 seconds
[2026-07-19T14:29:16.460+0000] {processor.py:186} INFO - Started process (PID=30901) to work on /opt/airflow/dags/tmdb_incremental_sync.py
[2026-07-19T14:29:16.461+0000] {processor.py:914} INFO - Processing file /opt/airflow/dags/tmdb_incremental_sync.py for tasks to queue
[2026-07-19T14:29:16.464+0000] {logging_mixin.py:190} INFO - [2026-07-19T14:29:16.464+0000] {dagbag.py:587} INFO - Filling up the DagBag from /opt/airflow/dags/tmdb_incremental_sync.py
[2026-07-19T14:29:16.496+0000] {processor.py:925} INFO - DAG(s) 'tmdb_incremental_sync' retrieved from /opt/airflow/dags/tmdb_incremental_sync.py
[2026-07-19T14:29:16.537+0000] {logging_mixin.py:190} INFO - [2026-07-19T14:29:16.537+0000] {dag.py:3211} INFO - Sync 1 DAGs
[2026-07-19T14:29:16.573+0000] {logging_mixin.py:190} INFO - [2026-07-19T14:29:16.573+0000] {dag.py:4138} INFO - Setting next_dagrun for tmdb_incremental_sync to 2026-07-19 00:00:00+00:00, run_after=2026-07-20 00:00:00+00:00
[2026-07-19T14:29:16.598+0000] {processor.py:208} INFO - Processing /opt/airflow/dags/tmdb_incremental_sync.py took 0.148 seconds
[2026-07-19T14:29:46.904+0000] {processor.py:186} INFO - Started process (PID=30911) to work on /opt/airflow/dags/tmdb_incremental_sync.py
[2026-07-19T14:29:46.905+0000] {processor.py:914} INFO - Processing file /opt/airflow/dags/tmdb_incremental_sync.py for tasks to queue
[2026-07-19T14:29:46.908+0000] {logging_mixin.py:190} INFO - [2026-07-19T14:29:46.907+0000] {dagbag.py:587} INFO - Filling up the DagBag from /opt/airflow/dags/tmdb_incremental_sync.py
[2026-07-19T14:29:46.935+0000] {processor.py:925} INFO - DAG(s) 'tmdb_incremental_sync' retrieved from /opt/airflow/dags/tmdb_incremental_sync.py
[2026-07-19T14:29:46.976+0000] {logging_mixin.py:190} INFO - [2026-07-19T14:29:46.975+0000] {dag.py:3211} INFO - Sync 1 DAGs
[2026-07-19T14:29:47.012+0000] {logging_mixin.py:190} INFO - [2026-07-19T14:29:47.012+0000] {dag.py:4138} INFO - Setting next_dagrun for tmdb_incremental_sync to 2026-07-19 00:00:00+00:00, run_after=2026-07-20 00:00:00+00:00
[2026-07-19T14:29:47.038+0000] {processor.py:208} INFO - Processing /opt/airflow/dags/tmdb_incremental_sync.py took 0.143 seconds
[2026-07-19T14:30:17.356+0000] {processor.py:186} INFO - Started process (PID=30921) to work on /opt/airflow/dags/tmdb_incremental_sync.py
[2026-07-19T14:30:17.359+0000] {processor.py:914} INFO - Processing file /opt/airflow/dags/tmdb_incremental_sync.py for tasks to queue
[2026-07-19T14:30:17.364+0000] {logging_mixin.py:190} INFO - [2026-07-19T14:30:17.363+0000] {dagbag.py:587} INFO - Filling up the DagBag from /opt/airflow/dags/tmdb_incremental_sync.py
[2026-07-19T14:30:17.397+0000] {processor.py:925} INFO - DAG(s) 'tmdb_incremental_sync' retrieved from /opt/airflow/dags/tmdb_incremental_sync.py
[2026-07-19T14:30:17.437+0000] {logging_mixin.py:190} INFO - [2026-07-19T14:30:17.437+0000] {dag.py:3211} INFO - Sync 1 DAGs
[2026-07-19T14:30:17.475+0000] {logging_mixin.py:190} INFO - [2026-07-19T14:30:17.474+0000] {dag.py:4138} INFO - Setting next_dagrun for tmdb_incremental_sync to 2026-07-19 00:00:00+00:00, run_after=2026-07-20 00:00:00+00:00
[2026-07-19T14:30:17.501+0000] {processor.py:208} INFO - Processing /opt/airflow/dags/tmdb_incremental_sync.py took 0.154 seconds
[2026-07-19T14:30:47.935+0000] {processor.py:186} INFO - Started process (PID=30931) to work on /opt/airflow/dags/tmdb_incremental_sync.py
[2026-07-19T14:30:47.936+0000] {processor.py:914} INFO - Processing file /opt/airflow/dags/tmdb_incremental_sync.py for tasks to queue
[2026-07-19T14:30:47.940+0000] {logging_mixin.py:190} INFO - [2026-07-19T14:30:47.940+0000] {dagbag.py:587} INFO - Filling up the DagBag from /opt/airflow/dags/tmdb_incremental_sync.py
[2026-07-19T14:30:47.970+0000] {processor.py:925} INFO - DAG(s) 'tmdb_incremental_sync' retrieved from /opt/airflow/dags/tmdb_incremental_sync.py
[2026-07-19T14:30:48.015+0000] {logging_mixin.py:190} INFO - [2026-07-19T14:30:48.015+0000] {dag.py:3211} INFO - Sync 1 DAGs
[2026-07-19T14:30:48.055+0000] {logging_mixin.py:190} INFO - [2026-07-19T14:30:48.054+0000] {dag.py:4138} INFO - Setting next_dagrun for tmdb_incremental_sync to 2026-07-19 00:00:00+00:00, run_after=2026-07-20 00:00:00+00:00
[2026-07-19T14:30:48.082+0000] {processor.py:208} INFO - Processing /opt/airflow/dags/tmdb_incremental_sync.py took 0.157 seconds
[2026-07-19T14:31:18.442+0000] {processor.py:186} INFO - Started process (PID=30941) to work on /opt/airflow/dags/tmdb_incremental_sync.py
[2026-07-19T14:31:18.444+0000] {processor.py:914} INFO - Processing file /opt/airflow/dags/tmdb_incremental_sync.py for tasks to queue
[2026-07-19T14:31:18.447+0000] {logging_mixin.py:190} INFO - [2026-07-19T14:31:18.446+0000] {dagbag.py:587} INFO - Filling up the DagBag from /opt/airflow/dags/tmdb_incremental_sync.py
[2026-07-19T14:31:18.480+0000] {processor.py:925} INFO - DAG(s) 'tmdb_incremental_sync' retrieved from /opt/airflow/dags/tmdb_incremental_sync.py
[2026-07-19T14:31:18.525+0000] {logging_mixin.py:190} INFO - [2026-07-19T14:31:18.525+0000] {dag.py:3211} INFO - Sync 1 DAGs
[2026-07-19T14:31:18.563+0000] {logging_mixin.py:190} INFO - [2026-07-19T14:31:18.563+0000] {dag.py:4138} INFO - Setting next_dagrun for tmdb_incremental_sync to 2026-07-19 00:00:00+00:00, run_after=2026-07-20 00:00:00+00:00
[2026-07-19T14:31:18.590+0000] {processor.py:208} INFO - Processing /opt/airflow/dags/tmdb_incremental_sync.py took 0.157 seconds
[2026-07-19T14:31:48.896+0000] {processor.py:186} INFO - Started process (PID=30951) to work on /opt/airflow/dags/tmdb_incremental_sync.py
[2026-07-19T14:31:48.897+0000] {processor.py:914} INFO - Processing file /opt/airflow/dags/tmdb_incremental_sync.py for tasks to queue
[2026-07-19T14:31:48.901+0000] {logging_mixin.py:190} INFO - [2026-07-19T14:31:48.901+0000] {dagbag.py:587} INFO - Filling up the DagBag from /opt/airflow/dags/tmdb_incremental_sync.py
[2026-07-19T14:31:48.930+0000] {processor.py:925} INFO - DAG(s) 'tmdb_incremental_sync' retrieved from /opt/airflow/dags/tmdb_incremental_sync.py
[2026-07-19T14:31:48.970+0000] {logging_mixin.py:190} INFO - [2026-07-19T14:31:48.969+0000] {dag.py:3211} INFO - Sync 1 DAGs
[2026-07-19T14:31:49.007+0000] {logging_mixin.py:190} INFO - [2026-07-19T14:31:49.007+0000] {dag.py:4138} INFO - Setting next_dagrun for tmdb_incremental_sync to 2026-07-19 00:00:00+00:00, run_after=2026-07-20 00:00:00+00:00
[2026-07-19T14:31:49.032+0000] {processor.py:208} INFO - Processing /opt/airflow/dags/tmdb_incremental_sync.py took 0.144 seconds
[2026-07-19T14:32:19.332+0000] {processor.py:186} INFO - Started process (PID=30961) to work on /opt/airflow/dags/tmdb_incremental_sync.py
[2026-07-19T14:32:19.333+0000] {processor.py:914} INFO - Processing file /opt/airflow/dags/tmdb_incremental_sync.py for tasks to queue
[2026-07-19T14:32:19.338+0000] {logging_mixin.py:190} INFO - [2026-07-19T14:32:19.337+0000] {dagbag.py:587} INFO - Filling up the DagBag from /opt/airflow/dags/tmdb_incremental_sync.py
[2026-07-19T14:32:19.372+0000] {processor.py:925} INFO - DAG(s) 'tmdb_incremental_sync' retrieved from /opt/airflow/dags/tmdb_incremental_sync.py
[2026-07-19T14:32:19.415+0000] {logging_mixin.py:190} INFO - [2026-07-19T14:32:19.415+0000] {dag.py:3211} INFO - Sync 1 DAGs
[2026-07-19T14:32:19.454+0000] {logging_mixin.py:190} INFO - [2026-07-19T14:32:19.454+0000] {dag.py:4138} INFO - Setting next_dagrun for tmdb_incremental_sync to 2026-07-19 00:00:00+00:00, run_after=2026-07-20 00:00:00+00:00
[2026-07-19T14:32:19.482+0000] {processor.py:208} INFO - Processing /opt/airflow/dags/tmdb_incremental_sync.py took 0.159 seconds
[2026-07-19T14:32:49.902+0000] {processor.py:186} INFO - Started process (PID=30971) to work on /opt/airflow/dags/tmdb_incremental_sync.py
[2026-07-19T14:32:49.903+0000] {processor.py:914} INFO - Processing file /opt/airflow/dags/tmdb_incremental_sync.py for tasks to queue
[2026-07-19T14:32:49.906+0000] {logging_mixin.py:190} INFO - [2026-07-19T14:32:49.906+0000] {dagbag.py:587} INFO - Filling up the DagBag from /opt/airflow/dags/tmdb_incremental_sync.py
[2026-07-19T14:32:49.935+0000] {processor.py:925} INFO - DAG(s) 'tmdb_incremental_sync' retrieved from /opt/airflow/dags/tmdb_incremental_sync.py
[2026-07-19T14:32:49.975+0000] {logging_mixin.py:190} INFO - [2026-07-19T14:32:49.975+0000] {dag.py:3211} INFO - Sync 1 DAGs
[2026-07-19T14:32:50.013+0000] {logging_mixin.py:190} INFO - [2026-07-19T14:32:50.013+0000] {dag.py:4138} INFO - Setting next_dagrun for tmdb_incremental_sync to 2026-07-19 00:00:00+00:00, run_after=2026-07-20 00:00:00+00:00
[2026-07-19T14:32:50.042+0000] {processor.py:208} INFO - Processing /opt/airflow/dags/tmdb_incremental_sync.py took 0.149 seconds
[2026-07-19T14:33:20.339+0000] {processor.py:186} INFO - Started process (PID=30981) to work on /opt/airflow/dags/tmdb_incremental_sync.py
[2026-07-19T14:33:20.341+0000] {processor.py:914} INFO - Processing file /opt/airflow/dags/tmdb_incremental_sync.py for tasks to queue
[2026-07-19T14:33:20.344+0000] {logging_mixin.py:190} INFO - [2026-07-19T14:33:20.344+0000] {dagbag.py:587} INFO - Filling up the DagBag from /opt/airflow/dags/tmdb_incremental_sync.py
[2026-07-19T14:33:20.374+0000] {processor.py:925} INFO - DAG(s) 'tmdb_incremental_sync' retrieved from /opt/airflow/dags/tmdb_incremental_sync.py
[2026-07-19T14:33:20.416+0000] {logging_mixin.py:190} INFO - [2026-07-19T14:33:20.416+0000] {dag.py:3211} INFO - Sync 1 DAGs
[2026-07-19T14:33:20.455+0000] {logging_mixin.py:190} INFO - [2026-07-19T14:33:20.455+0000] {dag.py:4138} INFO - Setting next_dagrun for tmdb_incremental_sync to 2026-07-19 00:00:00+00:00, run_after=2026-07-20 00:00:00+00:00
[2026-07-19T14:33:20.480+0000] {processor.py:208} INFO - Processing /opt/airflow/dags/tmdb_incremental_sync.py took 0.150 seconds
[2026-07-19T14:33:50.871+0000] {processor.py:186} INFO - Started process (PID=30991) to work on /opt/airflow/dags/tmdb_incremental_sync.py
[2026-07-19T14:33:50.873+0000] {processor.py:914} INFO - Processing file /opt/airflow/dags/tmdb_incremental_sync.py for tasks to queue
[2026-07-19T14:33:50.876+0000] {logging_mixin.py:190} INFO - [2026-07-19T14:33:50.876+0000] {dagbag.py:587} INFO - Filling up the DagBag from /opt/airflow/dags/tmdb_incremental_sync.py
[2026-07-19T14:33:50.907+0000] {processor.py:925} INFO - DAG(s) 'tmdb_incremental_sync' retrieved from /opt/airflow/dags/tmdb_incremental_sync.py
[2026-07-19T14:33:50.950+0000] {logging_mixin.py:190} INFO - [2026-07-19T14:33:50.950+0000] {dag.py:3211} INFO - Sync 1 DAGs
[2026-07-19T14:33:50.986+0000] {logging_mixin.py:190} INFO - [2026-07-19T14:33:50.986+0000] {dag.py:4138} INFO - Setting next_dagrun for tmdb_incremental_sync to 2026-07-19 00:00:00+00:00, run_after=2026-07-20 00:00:00+00:00
[2026-07-19T14:33:51.014+0000] {processor.py:208} INFO - Processing /opt/airflow/dags/tmdb_incremental_sync.py took 0.152 seconds
[2026-07-19T14:34:21.235+0000] {processor.py:186} INFO - Started process (PID=31001) to work on /opt/airflow/dags/tmdb_incremental_sync.py
[2026-07-19T14:34:21.237+0000] {processor.py:914} INFO - Processing file /opt/airflow/dags/tmdb_incremental_sync.py for tasks to queue
[2026-07-19T14:34:21.241+0000] {logging_mixin.py:190} INFO - [2026-07-19T14:34:21.240+0000] {dagbag.py:587} INFO - Filling up the DagBag from /opt/airflow/dags/tmdb_incremental_sync.py
[2026-07-19T14:34:21.279+0000] {processor.py:925} INFO - DAG(s) 'tmdb_incremental_sync' retrieved from /opt/airflow/dags/tmdb_incremental_sync.py
[2026-07-19T14:34:21.321+0000] {logging_mixin.py:190} INFO - [2026-07-19T14:34:21.320+0000] {dag.py:3211} INFO - Sync 1 DAGs
[2026-07-19T14:34:21.362+0000] {logging_mixin.py:190} INFO - [2026-07-19T14:34:21.362+0000] {dag.py:4138} INFO - Setting next_dagrun for tmdb_incremental_sync to 2026-07-19 00:00:00+00:00, run_after=2026-07-20 00:00:00+00:00
[2026-07-19T14:34:21.386+0000] {processor.py:208} INFO - Processing /opt/airflow/dags/tmdb_incremental_sync.py took 0.159 seconds
[2026-07-19T14:34:51.691+0000] {processor.py:186} INFO - Started process (PID=31011) to work on /opt/airflow/dags/tmdb_incremental_sync.py
[2026-07-19T14:34:51.692+0000] {processor.py:914} INFO - Processing file /opt/airflow/dags/tmdb_incremental_sync.py for tasks to queue
[2026-07-19T14:34:51.697+0000] {logging_mixin.py:190} INFO - [2026-07-19T14:34:51.696+0000] {dagbag.py:587} INFO - Filling up the DagBag from /opt/airflow/dags/tmdb_incremental_sync.py
[2026-07-19T14:34:51.726+0000] {processor.py:925} INFO - DAG(s) 'tmdb_incremental_sync' retrieved from /opt/airflow/dags/tmdb_incremental_sync.py
[2026-07-19T14:34:51.766+0000] {logging_mixin.py:190} INFO - [2026-07-19T14:34:51.766+0000] {dag.py:3211} INFO - Sync 1 DAGs
[2026-07-19T14:34:51.804+0000] {logging_mixin.py:190} INFO - [2026-07-19T14:34:51.804+0000] {dag.py:4138} INFO - Setting next_dagrun for tmdb_incremental_sync to 2026-07-19 00:00:00+00:00, run_after=2026-07-20 00:00:00+00:00
[2026-07-19T14:34:51.829+0000] {processor.py:208} INFO - Processing /opt/airflow/dags/tmdb_incremental_sync.py took 0.146 seconds
[2026-07-19T14:35:22.168+0000] {processor.py:186} INFO - Started process (PID=31021) to work on /opt/airflow/dags/tmdb_incremental_sync.py
[2026-07-19T14:35:22.169+0000] {processor.py:914} INFO - Processing file /opt/airflow/dags/tmdb_incremental_sync.py for tasks to queue
[2026-07-19T14:35:22.173+0000] {logging_mixin.py:190} INFO - [2026-07-19T14:35:22.173+0000] {dagbag.py:587} INFO - Filling up the DagBag from /opt/airflow/dags/tmdb_incremental_sync.py
[2026-07-19T14:35:22.202+0000] {processor.py:925} INFO - DAG(s) 'tmdb_incremental_sync' retrieved from /opt/airflow/dags/tmdb_incremental_sync.py
[2026-07-19T14:35:22.244+0000] {logging_mixin.py:190} INFO - [2026-07-19T14:35:22.243+0000] {dag.py:3211} INFO - Sync 1 DAGs
[2026-07-19T14:35:22.281+0000] {logging_mixin.py:190} INFO - [2026-07-19T14:35:22.280+0000] {dag.py:4138} INFO - Setting next_dagrun for tmdb_incremental_sync to 2026-07-19 00:00:00+00:00, run_after=2026-07-20 00:00:00+00:00
[2026-07-19T14:35:22.306+0000] {processor.py:208} INFO - Processing /opt/airflow/dags/tmdb_incremental_sync.py took 0.147 seconds
[2026-07-19T14:35:52.613+0000] {processor.py:186} INFO - Started process (PID=31031) to work on /opt/airflow/dags/tmdb_incremental_sync.py
[2026-07-19T14:35:52.614+0000] {processor.py:914} INFO - Processing file /opt/airflow/dags/tmdb_incremental_sync.py for tasks to queue
[2026-07-19T14:35:52.618+0000] {logging_mixin.py:190} INFO - [2026-07-19T14:35:52.617+0000] {dagbag.py:587} INFO - Filling up the DagBag from /opt/airflow/dags/tmdb_incremental_sync.py
[2026-07-19T14:35:52.648+0000] {processor.py:925} INFO - DAG(s) 'tmdb_incremental_sync' retrieved from /opt/airflow/dags/tmdb_incremental_sync.py
[2026-07-19T14:35:52.688+0000] {logging_mixin.py:190} INFO - [2026-07-19T14:35:52.688+0000] {dag.py:3211} INFO - Sync 1 DAGs
[2026-07-19T14:35:52.725+0000] {logging_mixin.py:190} INFO - [2026-07-19T14:35:52.725+0000] {dag.py:4138} INFO - Setting next_dagrun for tmdb_incremental_sync to 2026-07-19 00:00:00+00:00, run_after=2026-07-20 00:00:00+00:00
[2026-07-19T14:35:52.750+0000] {processor.py:208} INFO - Processing /opt/airflow/dags/tmdb_incremental_sync.py took 0.146 seconds
[2026-07-19T14:36:23.140+0000] {processor.py:186} INFO - Started process (PID=31041) to work on /opt/airflow/dags/tmdb_incremental_sync.py
[2026-07-19T14:36:23.141+0000] {processor.py:914} INFO - Processing file /opt/airflow/dags/tmdb_incremental_sync.py for tasks to queue
[2026-07-19T14:36:23.144+0000] {logging_mixin.py:190} INFO - [2026-07-19T14:36:23.144+0000] {dagbag.py:587} INFO - Filling up the DagBag from /opt/airflow/dags/tmdb_incremental_sync.py
[2026-07-19T14:36:23.174+0000] {processor.py:925} INFO - DAG(s) 'tmdb_incremental_sync' retrieved from /opt/airflow/dags/tmdb_incremental_sync.py
[2026-07-19T14:36:23.214+0000] {logging_mixin.py:190} INFO - [2026-07-19T14:36:23.214+0000] {dag.py:3211} INFO - Sync 1 DAGs
[2026-07-19T14:36:23.253+0000] {logging_mixin.py:190} INFO - [2026-07-19T14:36:23.252+0000] {dag.py:4138} INFO - Setting next_dagrun for tmdb_incremental_sync to 2026-07-19 00:00:00+00:00, run_after=2026-07-20 00:00:00+00:00
[2026-07-19T14:36:23.278+0000] {processor.py:208} INFO - Processing /opt/airflow/dags/tmdb_incremental_sync.py took 0.148 seconds
[2026-07-19T14:36:53.633+0000] {processor.py:186} INFO - Started process (PID=31051) to work on /opt/airflow/dags/tmdb_incremental_sync.py
[2026-07-19T14:36:53.635+0000] {processor.py:914} INFO - Processing file /opt/airflow/dags/tmdb_incremental_sync.py for tasks to queue
[2026-07-19T14:36:53.639+0000] {logging_mixin.py:190} INFO - [2026-07-19T14:36:53.638+0000] {dagbag.py:587} INFO - Filling up the DagBag from /opt/airflow/dags/tmdb_incremental_sync.py
[2026-07-19T14:36:53.674+0000] {processor.py:925} INFO - DAG(s) 'tmdb_incremental_sync' retrieved from /opt/airflow/dags/tmdb_incremental_sync.py
[2026-07-19T14:36:53.728+0000] {logging_mixin.py:190} INFO - [2026-07-19T14:36:53.728+0000] {dag.py:3211} INFO - Sync 1 DAGs
[2026-07-19T14:36:53.779+0000] {logging_mixin.py:190} INFO - [2026-07-19T14:36:53.778+0000] {dag.py:4138} INFO - Setting next_dagrun for tmdb_incremental_sync to 2026-07-19 00:00:00+00:00, run_after=2026-07-20 00:00:00+00:00
[2026-07-19T14:36:53.811+0000] {processor.py:208} INFO - Processing /opt/airflow/dags/tmdb_incremental_sync.py took 0.187 seconds
[2026-07-19T14:37:24.109+0000] {processor.py:186} INFO - Started process (PID=31061) to work on /opt/airflow/dags/tmdb_incremental_sync.py
[2026-07-19T14:37:24.110+0000] {processor.py:914} INFO - Processing file /opt/airflow/dags/tmdb_incremental_sync.py for tasks to queue
[2026-07-19T14:37:24.114+0000] {logging_mixin.py:190} INFO - [2026-07-19T14:37:24.114+0000] {dagbag.py:587} INFO - Filling up the DagBag from /opt/airflow/dags/tmdb_incremental_sync.py
[2026-07-19T14:37:24.145+0000] {processor.py:925} INFO - DAG(s) 'tmdb_incremental_sync' retrieved from /opt/airflow/dags/tmdb_incremental_sync.py
[2026-07-19T14:37:24.184+0000] {logging_mixin.py:190} INFO - [2026-07-19T14:37:24.184+0000] {dag.py:3211} INFO - Sync 1 DAGs
[2026-07-19T14:37:24.222+0000] {logging_mixin.py:190} INFO - [2026-07-19T14:37:24.221+0000] {dag.py:4138} INFO - Setting next_dagrun for tmdb_incremental_sync to 2026-07-19 00:00:00+00:00, run_after=2026-07-20 00:00:00+00:00
[2026-07-19T14:37:24.247+0000] {processor.py:208} INFO - Processing /opt/airflow/dags/tmdb_incremental_sync.py took 0.146 seconds
[2026-07-19T14:37:54.731+0000] {processor.py:186} INFO - Started process (PID=31071) to work on /opt/airflow/dags/tmdb_incremental_sync.py
[2026-07-19T14:37:54.733+0000] {processor.py:914} INFO - Processing file /opt/airflow/dags/tmdb_incremental_sync.py for tasks to queue
[2026-07-19T14:37:54.738+0000] {logging_mixin.py:190} INFO - [2026-07-19T14:37:54.737+0000] {dagbag.py:587} INFO - Filling up the DagBag from /opt/airflow/dags/tmdb_incremental_sync.py
[2026-07-19T14:37:54.787+0000] {processor.py:925} INFO - DAG(s) 'tmdb_incremental_sync' retrieved from /opt/airflow/dags/tmdb_incremental_sync.py
[2026-07-19T14:37:54.855+0000] {logging_mixin.py:190} INFO - [2026-07-19T14:37:54.855+0000] {dag.py:3211} INFO - Sync 1 DAGs
[2026-07-19T14:37:54.905+0000] {logging_mixin.py:190} INFO - [2026-07-19T14:37:54.905+0000] {dag.py:4138} INFO - Setting next_dagrun for tmdb_incremental_sync to 2026-07-19 00:00:00+00:00, run_after=2026-07-20 00:00:00+00:00
[2026-07-19T14:37:54.935+0000] {processor.py:208} INFO - Processing /opt/airflow/dags/tmdb_incremental_sync.py took 0.222 seconds
[2026-07-19T14:38:25.239+0000] {processor.py:186} INFO - Started process (PID=31081) to work on /opt/airflow/dags/tmdb_incremental_sync.py
[2026-07-19T14:38:25.241+0000] {processor.py:914} INFO - Processing file /opt/airflow/dags/tmdb_incremental_sync.py for tasks to queue
[2026-07-19T14:38:25.246+0000] {logging_mixin.py:190} INFO - [2026-07-19T14:38:25.246+0000] {dagbag.py:587} INFO - Filling up the DagBag from /opt/airflow/dags/tmdb_incremental_sync.py
[2026-07-19T14:38:25.303+0000] {processor.py:925} INFO - DAG(s) 'tmdb_incremental_sync' retrieved from /opt/airflow/dags/tmdb_incremental_sync.py
[2026-07-19T14:38:25.346+0000] {logging_mixin.py:190} INFO - [2026-07-19T14:38:25.345+0000] {dag.py:3211} INFO - Sync 1 DAGs
[2026-07-19T14:38:25.391+0000] {logging_mixin.py:190} INFO - [2026-07-19T14:38:25.390+0000] {dag.py:4138} INFO - Setting next_dagrun for tmdb_incremental_sync to 2026-07-19 00:00:00+00:00, run_after=2026-07-20 00:00:00+00:00
[2026-07-19T14:38:25.421+0000] {processor.py:208} INFO - Processing /opt/airflow/dags/tmdb_incremental_sync.py took 0.194 seconds
[2026-07-19T14:38:55.724+0000] {processor.py:186} INFO - Started process (PID=31091) to work on /opt/airflow/dags/tmdb_incremental_sync.py
[2026-07-19T14:38:55.725+0000] {processor.py:914} INFO - Processing file /opt/airflow/dags/tmdb_incremental_sync.py for tasks to queue
[2026-07-19T14:38:55.728+0000] {logging_mixin.py:190} INFO - [2026-07-19T14:38:55.728+0000] {dagbag.py:587} INFO - Filling up the DagBag from /opt/airflow/dags/tmdb_incremental_sync.py
[2026-07-19T14:38:55.761+0000] {processor.py:925} INFO - DAG(s) 'tmdb_incremental_sync' retrieved from /opt/airflow/dags/tmdb_incremental_sync.py
[2026-07-19T14:38:55.802+0000] {logging_mixin.py:190} INFO - [2026-07-19T14:38:55.802+0000] {dag.py:3211} INFO - Sync 1 DAGs
[2026-07-19T14:38:55.842+0000] {logging_mixin.py:190} INFO - [2026-07-19T14:38:55.841+0000] {dag.py:4138} INFO - Setting next_dagrun for tmdb_incremental_sync to 2026-07-19 00:00:00+00:00, run_after=2026-07-20 00:00:00+00:00
[2026-07-19T14:38:55.871+0000] {processor.py:208} INFO - Processing /opt/airflow/dags/tmdb_incremental_sync.py took 0.157 seconds
[2026-07-19T14:39:26.170+0000] {processor.py:186} INFO - Started process (PID=31101) to work on /opt/airflow/dags/tmdb_incremental_sync.py
[2026-07-19T14:39:26.171+0000] {processor.py:914} INFO - Processing file /opt/airflow/dags/tmdb_incremental_sync.py for tasks to queue
[2026-07-19T14:39:26.174+0000] {logging_mixin.py:190} INFO - [2026-07-19T14:39:26.173+0000] {dagbag.py:587} INFO - Filling up the DagBag from /opt/airflow/dags/tmdb_incremental_sync.py
[2026-07-19T14:39:26.202+0000] {processor.py:925} INFO - DAG(s) 'tmdb_incremental_sync' retrieved from /opt/airflow/dags/tmdb_incremental_sync.py
[2026-07-19T14:39:26.242+0000] {logging_mixin.py:190} INFO - [2026-07-19T14:39:26.241+0000] {dag.py:3211} INFO - Sync 1 DAGs
[2026-07-19T14:39:26.278+0000] {logging_mixin.py:190} INFO - [2026-07-19T14:39:26.278+0000] {dag.py:4138} INFO - Setting next_dagrun for tmdb_incremental_sync to 2026-07-19 00:00:00+00:00, run_after=2026-07-20 00:00:00+00:00
[2026-07-19T14:39:26.304+0000] {processor.py:208} INFO - Processing /opt/airflow/dags/tmdb_incremental_sync.py took 0.143 seconds
[2026-07-19T14:39:56.600+0000] {processor.py:186} INFO - Started process (PID=31111) to work on /opt/airflow/dags/tmdb_incremental_sync.py
[2026-07-19T14:39:56.601+0000] {processor.py:914} INFO - Processing file /opt/airflow/dags/tmdb_incremental_sync.py for tasks to queue
[2026-07-19T14:39:56.604+0000] {logging_mixin.py:190} INFO - [2026-07-19T14:39:56.604+0000] {dagbag.py:587} INFO - Filling up the DagBag from /opt/airflow/dags/tmdb_incremental_sync.py
[2026-07-19T14:39:56.632+0000] {processor.py:925} INFO - DAG(s) 'tmdb_incremental_sync' retrieved from /opt/airflow/dags/tmdb_incremental_sync.py
[2026-07-19T14:39:56.673+0000] {logging_mixin.py:190} INFO - [2026-07-19T14:39:56.672+0000] {dag.py:3211} INFO - Sync 1 DAGs
[2026-07-19T14:39:56.710+0000] {logging_mixin.py:190} INFO - [2026-07-19T14:39:56.709+0000] {dag.py:4138} INFO - Setting next_dagrun for tmdb_incremental_sync to 2026-07-19 00:00:00+00:00, run_after=2026-07-20 00:00:00+00:00
[2026-07-19T14:39:56.734+0000] {processor.py:208} INFO - Processing /opt/airflow/dags/tmdb_incremental_sync.py took 0.142 seconds
[2026-07-19T14:40:27.051+0000] {processor.py:186} INFO - Started process (PID=31121) to work on /opt/airflow/dags/tmdb_incremental_sync.py
[2026-07-19T14:40:27.052+0000] {processor.py:914} INFO - Processing file /opt/airflow/dags/tmdb_incremental_sync.py for tasks to queue
[2026-07-19T14:40:27.055+0000] {logging_mixin.py:190} INFO - [2026-07-19T14:40:27.055+0000] {dagbag.py:587} INFO - Filling up the DagBag from /opt/airflow/dags/tmdb_incremental_sync.py
[2026-07-19T14:40:27.086+0000] {processor.py:925} INFO - DAG(s) 'tmdb_incremental_sync' retrieved from /opt/airflow/dags/tmdb_incremental_sync.py
[2026-07-19T14:40:27.128+0000] {logging_mixin.py:190} INFO - [2026-07-19T14:40:27.128+0000] {dag.py:3211} INFO - Sync 1 DAGs
[2026-07-19T14:40:27.170+0000] {logging_mixin.py:190} INFO - [2026-07-19T14:40:27.170+0000] {dag.py:4138} INFO - Setting next_dagrun for tmdb_incremental_sync to 2026-07-19 00:00:00+00:00, run_after=2026-07-20 00:00:00+00:00
[2026-07-19T14:40:27.195+0000] {processor.py:208} INFO - Processing /opt/airflow/dags/tmdb_incremental_sync.py took 0.153 seconds
[2026-07-19T14:40:57.495+0000] {processor.py:186} INFO - Started process (PID=31131) to work on /opt/airflow/dags/tmdb_incremental_sync.py
[2026-07-19T14:40:57.496+0000] {processor.py:914} INFO - Processing file /opt/airflow/dags/tmdb_incremental_sync.py for tasks to queue
[2026-07-19T14:40:57.500+0000] {logging_mixin.py:190} INFO - [2026-07-19T14:40:57.499+0000] {dagbag.py:587} INFO - Filling up the DagBag from /opt/airflow/dags/tmdb_incremental_sync.py
[2026-07-19T14:40:57.538+0000] {processor.py:925} INFO - DAG(s) 'tmdb_incremental_sync' retrieved from /opt/airflow/dags/tmdb_incremental_sync.py
[2026-07-19T14:40:57.619+0000] {logging_mixin.py:190} INFO - [2026-07-19T14:40:57.619+0000] {dag.py:3211} INFO - Sync 1 DAGs
[2026-07-19T14:40:57.676+0000] {logging_mixin.py:190} INFO - [2026-07-19T14:40:57.676+0000] {dag.py:4138} INFO - Setting next_dagrun for tmdb_incremental_sync to 2026-07-19 00:00:00+00:00, run_after=2026-07-20 00:00:00+00:00
[2026-07-19T14:40:57.710+0000] {processor.py:208} INFO - Processing /opt/airflow/dags/tmdb_incremental_sync.py took 0.229 seconds
[2026-07-19T14:41:28.181+0000] {processor.py:186} INFO - Started process (PID=31141) to work on /opt/airflow/dags/tmdb_incremental_sync.py
[2026-07-19T14:41:28.182+0000] {processor.py:914} INFO - Processing file /opt/airflow/dags/tmdb_incremental_sync.py for tasks to queue
[2026-07-19T14:41:28.186+0000] {logging_mixin.py:190} INFO - [2026-07-19T14:41:28.186+0000] {dagbag.py:587} INFO - Filling up the DagBag from /opt/airflow/dags/tmdb_incremental_sync.py
[2026-07-19T14:41:28.215+0000] {processor.py:925} INFO - DAG(s) 'tmdb_incremental_sync' retrieved from /opt/airflow/dags/tmdb_incremental_sync.py
[2026-07-19T14:41:28.254+0000] {logging_mixin.py:190} INFO - [2026-07-19T14:41:28.254+0000] {dag.py:3211} INFO - Sync 1 DAGs
[2026-07-19T14:41:28.293+0000] {logging_mixin.py:190} INFO - [2026-07-19T14:41:28.292+0000] {dag.py:4138} INFO - Setting next_dagrun for tmdb_incremental_sync to 2026-07-19 00:00:00+00:00, run_after=2026-07-20 00:00:00+00:00
[2026-07-19T14:41:28.318+0000] {processor.py:208} INFO - Processing /opt/airflow/dags/tmdb_incremental_sync.py took 0.145 seconds
[2026-07-19T14:41:58.613+0000] {processor.py:186} INFO - Started process (PID=31151) to work on /opt/airflow/dags/tmdb_incremental_sync.py
[2026-07-19T14:41:58.614+0000] {processor.py:914} INFO - Processing file /opt/airflow/dags/tmdb_incremental_sync.py for tasks to queue
[2026-07-19T14:41:58.618+0000] {logging_mixin.py:190} INFO - [2026-07-19T14:41:58.618+0000] {dagbag.py:587} INFO - Filling up the DagBag from /opt/airflow/dags/tmdb_incremental_sync.py
[2026-07-19T14:41:58.647+0000] {processor.py:925} INFO - DAG(s) 'tmdb_incremental_sync' retrieved from /opt/airflow/dags/tmdb_incremental_sync.py
[2026-07-19T14:41:58.686+0000] {logging_mixin.py:190} INFO - [2026-07-19T14:41:58.686+0000] {dag.py:3211} INFO - Sync 1 DAGs
[2026-07-19T14:41:58.723+0000] {logging_mixin.py:190} INFO - [2026-07-19T14:41:58.723+0000] {dag.py:4138} INFO - Setting next_dagrun for tmdb_incremental_sync to 2026-07-19 00:00:00+00:00, run_after=2026-07-20 00:00:00+00:00
[2026-07-19T14:41:58.750+0000] {processor.py:208} INFO - Processing /opt/airflow/dags/tmdb_incremental_sync.py took 0.145 seconds
[2026-07-19T14:42:29.053+0000] {processor.py:186} INFO - Started process (PID=31161) to work on /opt/airflow/dags/tmdb_incremental_sync.py
[2026-07-19T14:42:29.055+0000] {processor.py:914} INFO - Processing file /opt/airflow/dags/tmdb_incremental_sync.py for tasks to queue
[2026-07-19T14:42:29.058+0000] {logging_mixin.py:190} INFO - [2026-07-19T14:42:29.057+0000] {dagbag.py:587} INFO - Filling up the DagBag from /opt/airflow/dags/tmdb_incremental_sync.py
[2026-07-19T14:42:29.087+0000] {processor.py:925} INFO - DAG(s) 'tmdb_incremental_sync' retrieved from /opt/airflow/dags/tmdb_incremental_sync.py
[2026-07-19T14:42:29.127+0000] {logging_mixin.py:190} INFO - [2026-07-19T14:42:29.127+0000] {dag.py:3211} INFO - Sync 1 DAGs
[2026-07-19T14:42:29.162+0000] {logging_mixin.py:190} INFO - [2026-07-19T14:42:29.162+0000] {dag.py:4138} INFO - Setting next_dagrun for tmdb_incremental_sync to 2026-07-19 00:00:00+00:00, run_after=2026-07-20 00:00:00+00:00
[2026-07-19T14:42:29.187+0000] {processor.py:208} INFO - Processing /opt/airflow/dags/tmdb_incremental_sync.py took 0.144 seconds
[2026-07-19T14:42:59.703+0000] {processor.py:186} INFO - Started process (PID=31171) to work on /opt/airflow/dags/tmdb_incremental_sync.py
[2026-07-19T14:42:59.705+0000] {processor.py:914} INFO - Processing file /opt/airflow/dags/tmdb_incremental_sync.py for tasks to queue
[2026-07-19T14:42:59.709+0000] {logging_mixin.py:190} INFO - [2026-07-19T14:42:59.708+0000] {dagbag.py:587} INFO - Filling up the DagBag from /opt/airflow/dags/tmdb_incremental_sync.py
[2026-07-19T14:42:59.747+0000] {processor.py:925} INFO - DAG(s) 'tmdb_incremental_sync' retrieved from /opt/airflow/dags/tmdb_incremental_sync.py
[2026-07-19T14:42:59.793+0000] {logging_mixin.py:190} INFO - [2026-07-19T14:42:59.793+0000] {dag.py:3211} INFO - Sync 1 DAGs
[2026-07-19T14:42:59.835+0000] {logging_mixin.py:190} INFO - [2026-07-19T14:42:59.834+0000] {dag.py:4138} INFO - Setting next_dagrun for tmdb_incremental_sync to 2026-07-19 00:00:00+00:00, run_after=2026-07-20 00:00:00+00:00
[2026-07-19T14:42:59.862+0000] {processor.py:208} INFO - Processing /opt/airflow/dags/tmdb_incremental_sync.py took 0.168 seconds
[2026-07-19T14:43:30.246+0000] {processor.py:186} INFO - Started process (PID=31181) to work on /opt/airflow/dags/tmdb_incremental_sync.py
[2026-07-19T14:43:30.247+0000] {processor.py:914} INFO - Processing file /opt/airflow/dags/tmdb_incremental_sync.py for tasks to queue
[2026-07-19T14:43:30.251+0000] {logging_mixin.py:190} INFO - [2026-07-19T14:43:30.250+0000] {dagbag.py:587} INFO - Filling up the DagBag from /opt/airflow/dags/tmdb_incremental_sync.py
[2026-07-19T14:43:30.281+0000] {processor.py:925} INFO - DAG(s) 'tmdb_incremental_sync' retrieved from /opt/airflow/dags/tmdb_incremental_sync.py
[2026-07-19T14:43:30.322+0000] {logging_mixin.py:190} INFO - [2026-07-19T14:43:30.322+0000] {dag.py:3211} INFO - Sync 1 DAGs
[2026-07-19T14:43:30.360+0000] {logging_mixin.py:190} INFO - [2026-07-19T14:43:30.359+0000] {dag.py:4138} INFO - Setting next_dagrun for tmdb_incremental_sync to 2026-07-19 00:00:00+00:00, run_after=2026-07-20 00:00:00+00:00
[2026-07-19T14:43:30.386+0000] {processor.py:208} INFO - Processing /opt/airflow/dags/tmdb_incremental_sync.py took 0.149 seconds
[2026-07-19T14:44:00.683+0000] {processor.py:186} INFO - Started process (PID=31191) to work on /opt/airflow/dags/tmdb_incremental_sync.py
[2026-07-19T14:44:00.684+0000] {processor.py:914} INFO - Processing file /opt/airflow/dags/tmdb_incremental_sync.py for tasks to queue
[2026-07-19T14:44:00.688+0000] {logging_mixin.py:190} INFO - [2026-07-19T14:44:00.688+0000] {dagbag.py:587} INFO - Filling up the DagBag from /opt/airflow/dags/tmdb_incremental_sync.py
[2026-07-19T14:44:00.717+0000] {processor.py:925} INFO - DAG(s) 'tmdb_incremental_sync' retrieved from /opt/airflow/dags/tmdb_incremental_sync.py
[2026-07-19T14:44:00.758+0000] {logging_mixin.py:190} INFO - [2026-07-19T14:44:00.757+0000] {dag.py:3211} INFO - Sync 1 DAGs
[2026-07-19T14:44:00.795+0000] {logging_mixin.py:190} INFO - [2026-07-19T14:44:00.794+0000] {dag.py:4138} INFO - Setting next_dagrun for tmdb_incremental_sync to 2026-07-19 00:00:00+00:00, run_after=2026-07-20 00:00:00+00:00
[2026-07-19T14:44:00.825+0000] {processor.py:208} INFO - Processing /opt/airflow/dags/tmdb_incremental_sync.py took 0.149 seconds
[2026-07-19T14:44:31.139+0000] {processor.py:186} INFO - Started process (PID=31201) to work on /opt/airflow/dags/tmdb_incremental_sync.py
[2026-07-19T14:44:31.140+0000] {processor.py:914} INFO - Processing file /opt/airflow/dags/tmdb_incremental_sync.py for tasks to queue
[2026-07-19T14:44:31.144+0000] {logging_mixin.py:190} INFO - [2026-07-19T14:44:31.144+0000] {dagbag.py:587} INFO - Filling up the DagBag from /opt/airflow/dags/tmdb_incremental_sync.py
[2026-07-19T14:44:31.175+0000] {processor.py:925} INFO - DAG(s) 'tmdb_incremental_sync' retrieved from /opt/airflow/dags/tmdb_incremental_sync.py
[2026-07-19T14:44:31.216+0000] {logging_mixin.py:190} INFO - [2026-07-19T14:44:31.216+0000] {dag.py:3211} INFO - Sync 1 DAGs
[2026-07-19T14:44:31.255+0000] {logging_mixin.py:190} INFO - [2026-07-19T14:44:31.255+0000] {dag.py:4138} INFO - Setting next_dagrun for tmdb_incremental_sync to 2026-07-19 00:00:00+00:00, run_after=2026-07-20 00:00:00+00:00
[2026-07-19T14:44:31.285+0000] {processor.py:208} INFO - Processing /opt/airflow/dags/tmdb_incremental_sync.py took 0.155 seconds
[2026-07-19T14:45:01.573+0000] {processor.py:186} INFO - Started process (PID=31211) to work on /opt/airflow/dags/tmdb_incremental_sync.py
[2026-07-19T14:45:01.575+0000] {processor.py:914} INFO - Processing file /opt/airflow/dags/tmdb_incremental_sync.py for tasks to queue
[2026-07-19T14:45:01.580+0000] {logging_mixin.py:190} INFO - [2026-07-19T14:45:01.579+0000] {dagbag.py:587} INFO - Filling up the DagBag from /opt/airflow/dags/tmdb_incremental_sync.py
[2026-07-19T14:45:01.614+0000] {processor.py:925} INFO - DAG(s) 'tmdb_incremental_sync' retrieved from /opt/airflow/dags/tmdb_incremental_sync.py
[2026-07-19T14:45:01.661+0000] {logging_mixin.py:190} INFO - [2026-07-19T14:45:01.660+0000] {dag.py:3211} INFO - Sync 1 DAGs
[2026-07-19T14:45:01.703+0000] {logging_mixin.py:190} INFO - [2026-07-19T14:45:01.702+0000] {dag.py:4138} INFO - Setting next_dagrun for tmdb_incremental_sync to 2026-07-19 00:00:00+00:00, run_after=2026-07-20 00:00:00+00:00
[2026-07-19T14:45:01.732+0000] {processor.py:208} INFO - Processing /opt/airflow/dags/tmdb_incremental_sync.py took 0.170 seconds
[2026-07-19T14:45:32.021+0000] {processor.py:186} INFO - Started process (PID=31221) to work on /opt/airflow/dags/tmdb_incremental_sync.py
[2026-07-19T14:45:32.023+0000] {processor.py:914} INFO - Processing file /opt/airflow/dags/tmdb_incremental_sync.py for tasks to queue
[2026-07-19T14:45:32.027+0000] {logging_mixin.py:190} INFO - [2026-07-19T14:45:32.026+0000] {dagbag.py:587} INFO - Filling up the DagBag from /opt/airflow/dags/tmdb_incremental_sync.py
[2026-07-19T14:45:32.066+0000] {processor.py:925} INFO - DAG(s) 'tmdb_incremental_sync' retrieved from /opt/airflow/dags/tmdb_incremental_sync.py
[2026-07-19T14:45:32.119+0000] {logging_mixin.py:190} INFO - [2026-07-19T14:45:32.119+0000] {dag.py:3211} INFO - Sync 1 DAGs
[2026-07-19T14:45:32.167+0000] {logging_mixin.py:190} INFO - [2026-07-19T14:45:32.167+0000] {dag.py:4138} INFO - Setting next_dagrun for tmdb_incremental_sync to 2026-07-19 00:00:00+00:00, run_after=2026-07-20 00:00:00+00:00
[2026-07-19T14:45:32.209+0000] {processor.py:208} INFO - Processing /opt/airflow/dags/tmdb_incremental_sync.py took 0.200 seconds
[2026-07-19T14:46:02.553+0000] {processor.py:186} INFO - Started process (PID=31231) to work on /opt/airflow/dags/tmdb_incremental_sync.py
[2026-07-19T14:46:02.555+0000] {processor.py:914} INFO - Processing file /opt/airflow/dags/tmdb_incremental_sync.py for tasks to queue
[2026-07-19T14:46:02.563+0000] {logging_mixin.py:190} INFO - [2026-07-19T14:46:02.562+0000] {dagbag.py:587} INFO - Filling up the DagBag from /opt/airflow/dags/tmdb_incremental_sync.py
[2026-07-19T14:46:02.649+0000] {processor.py:925} INFO - DAG(s) 'tmdb_incremental_sync' retrieved from /opt/airflow/dags/tmdb_incremental_sync.py
[2026-07-19T14:46:02.720+0000] {logging_mixin.py:190} INFO - [2026-07-19T14:46:02.720+0000] {dag.py:3211} INFO - Sync 1 DAGs
[2026-07-19T14:46:02.818+0000] {logging_mixin.py:190} INFO - [2026-07-19T14:46:02.817+0000] {dag.py:4138} INFO - Setting next_dagrun for tmdb_incremental_sync to 2026-07-19 00:00:00+00:00, run_after=2026-07-20 00:00:00+00:00
[2026-07-19T14:46:02.870+0000] {processor.py:208} INFO - Processing /opt/airflow/dags/tmdb_incremental_sync.py took 0.335 seconds
[2026-07-19T14:46:33.340+0000] {processor.py:186} INFO - Started process (PID=31241) to work on /opt/airflow/dags/tmdb_incremental_sync.py
[2026-07-19T14:46:33.341+0000] {processor.py:914} INFO - Processing file /opt/airflow/dags/tmdb_incremental_sync.py for tasks to queue
[2026-07-19T14:46:33.345+0000] {logging_mixin.py:190} INFO - [2026-07-19T14:46:33.344+0000] {dagbag.py:587} INFO - Filling up the DagBag from /opt/airflow/dags/tmdb_incremental_sync.py
[2026-07-19T14:46:33.376+0000] {processor.py:925} INFO - DAG(s) 'tmdb_incremental_sync' retrieved from /opt/airflow/dags/tmdb_incremental_sync.py
[2026-07-19T14:46:33.419+0000] {logging_mixin.py:190} INFO - [2026-07-19T14:46:33.419+0000] {dag.py:3211} INFO - Sync 1 DAGs
[2026-07-19T14:46:33.471+0000] {logging_mixin.py:190} INFO - [2026-07-19T14:46:33.471+0000] {dag.py:4138} INFO - Setting next_dagrun for tmdb_incremental_sync to 2026-07-19 00:00:00+00:00, run_after=2026-07-20 00:00:00+00:00
[2026-07-19T14:46:33.501+0000] {processor.py:208} INFO - Processing /opt/airflow/dags/tmdb_incremental_sync.py took 0.169 seconds
[2026-07-19T14:47:04.180+0000] {processor.py:186} INFO - Started process (PID=31251) to work on /opt/airflow/dags/tmdb_incremental_sync.py
[2026-07-19T14:47:04.195+0000] {processor.py:914} INFO - Processing file /opt/airflow/dags/tmdb_incremental_sync.py for tasks to queue
[2026-07-19T14:47:04.208+0000] {logging_mixin.py:190} INFO - [2026-07-19T14:47:04.207+0000] {dagbag.py:587} INFO - Filling up the DagBag from /opt/airflow/dags/tmdb_incremental_sync.py
[2026-07-19T14:47:04.338+0000] {processor.py:925} INFO - DAG(s) 'tmdb_incremental_sync' retrieved from /opt/airflow/dags/tmdb_incremental_sync.py
[2026-07-19T14:47:04.414+0000] {logging_mixin.py:190} INFO - [2026-07-19T14:47:04.413+0000] {dag.py:3211} INFO - Sync 1 DAGs
[2026-07-19T14:47:04.467+0000] {logging_mixin.py:190} INFO - [2026-07-19T14:47:04.466+0000] {dag.py:4138} INFO - Setting next_dagrun for tmdb_incremental_sync to 2026-07-19 00:00:00+00:00, run_after=2026-07-20 00:00:00+00:00
[2026-07-19T14:47:04.522+0000] {processor.py:208} INFO - Processing /opt/airflow/dags/tmdb_incremental_sync.py took 0.361 seconds
[2026-07-19T14:47:34.986+0000] {processor.py:186} INFO - Started process (PID=31261) to work on /opt/airflow/dags/tmdb_incremental_sync.py
[2026-07-19T14:47:34.988+0000] {processor.py:914} INFO - Processing file /opt/airflow/dags/tmdb_incremental_sync.py for tasks to queue
[2026-07-19T14:47:34.996+0000] {logging_mixin.py:190} INFO - [2026-07-19T14:47:34.995+0000] {dagbag.py:587} INFO - Filling up the DagBag from /opt/airflow/dags/tmdb_incremental_sync.py
[2026-07-19T14:47:35.043+0000] {processor.py:925} INFO - DAG(s) 'tmdb_incremental_sync' retrieved from /opt/airflow/dags/tmdb_incremental_sync.py
[2026-07-19T14:47:35.106+0000] {logging_mixin.py:190} INFO - [2026-07-19T14:47:35.105+0000] {dag.py:3211} INFO - Sync 1 DAGs
[2026-07-19T14:47:35.144+0000] {logging_mixin.py:190} INFO - [2026-07-19T14:47:35.144+0000] {dag.py:4138} INFO - Setting next_dagrun for tmdb_incremental_sync to 2026-07-19 00:00:00+00:00, run_after=2026-07-20 00:00:00+00:00
[2026-07-19T14:47:35.176+0000] {processor.py:208} INFO - Processing /opt/airflow/dags/tmdb_incremental_sync.py took 0.205 seconds
[2026-07-19T14:48:05.536+0000] {processor.py:186} INFO - Started process (PID=31271) to work on /opt/airflow/dags/tmdb_incremental_sync.py
[2026-07-19T14:48:05.537+0000] {processor.py:914} INFO - Processing file /opt/airflow/dags/tmdb_incremental_sync.py for tasks to queue
[2026-07-19T14:48:05.540+0000] {logging_mixin.py:190} INFO - [2026-07-19T14:48:05.540+0000] {dagbag.py:587} INFO - Filling up the DagBag from /opt/airflow/dags/tmdb_incremental_sync.py
[2026-07-19T14:48:05.570+0000] {processor.py:925} INFO - DAG(s) 'tmdb_incremental_sync' retrieved from /opt/airflow/dags/tmdb_incremental_sync.py
[2026-07-19T14:48:05.619+0000] {logging_mixin.py:190} INFO - [2026-07-19T14:48:05.618+0000] {dag.py:3211} INFO - Sync 1 DAGs
[2026-07-19T14:48:05.673+0000] {logging_mixin.py:190} INFO - [2026-07-19T14:48:05.673+0000] {dag.py:4138} INFO - Setting next_dagrun for tmdb_incremental_sync to 2026-07-19 00:00:00+00:00, run_after=2026-07-20 00:00:00+00:00
[2026-07-19T14:48:05.715+0000] {processor.py:208} INFO - Processing /opt/airflow/dags/tmdb_incremental_sync.py took 0.189 seconds
[2026-07-19T14:48:36.031+0000] {processor.py:186} INFO - Started process (PID=31281) to work on /opt/airflow/dags/tmdb_incremental_sync.py
[2026-07-19T14:48:36.033+0000] {processor.py:914} INFO - Processing file /opt/airflow/dags/tmdb_incremental_sync.py for tasks to queue
[2026-07-19T14:48:36.038+0000] {logging_mixin.py:190} INFO - [2026-07-19T14:48:36.038+0000] {dagbag.py:587} INFO - Filling up the DagBag from /opt/airflow/dags/tmdb_incremental_sync.py
[2026-07-19T14:48:36.088+0000] {processor.py:925} INFO - DAG(s) 'tmdb_incremental_sync' retrieved from /opt/airflow/dags/tmdb_incremental_sync.py
[2026-07-19T14:48:36.143+0000] {logging_mixin.py:190} INFO - [2026-07-19T14:48:36.143+0000] {dag.py:3211} INFO - Sync 1 DAGs
[2026-07-19T14:48:36.193+0000] {logging_mixin.py:190} INFO - [2026-07-19T14:48:36.193+0000] {dag.py:4138} INFO - Setting next_dagrun for tmdb_incremental_sync to 2026-07-19 00:00:00+00:00, run_after=2026-07-20 00:00:00+00:00
[2026-07-19T14:48:36.224+0000] {processor.py:208} INFO - Processing /opt/airflow/dags/tmdb_incremental_sync.py took 0.205 seconds
[2026-07-19T14:49:06.544+0000] {processor.py:186} INFO - Started process (PID=31291) to work on /opt/airflow/dags/tmdb_incremental_sync.py
[2026-07-19T14:49:06.545+0000] {processor.py:914} INFO - Processing file /opt/airflow/dags/tmdb_incremental_sync.py for tasks to queue
[2026-07-19T14:49:06.548+0000] {logging_mixin.py:190} INFO - [2026-07-19T14:49:06.548+0000] {dagbag.py:587} INFO - Filling up the DagBag from /opt/airflow/dags/tmdb_incremental_sync.py
[2026-07-19T14:49:06.579+0000] {processor.py:925} INFO - DAG(s) 'tmdb_incremental_sync' retrieved from /opt/airflow/dags/tmdb_incremental_sync.py
[2026-07-19T14:49:06.618+0000] {logging_mixin.py:190} INFO - [2026-07-19T14:49:06.618+0000] {dag.py:3211} INFO - Sync 1 DAGs
[2026-07-19T14:49:06.656+0000] {logging_mixin.py:190} INFO - [2026-07-19T14:49:06.655+0000] {dag.py:4138} INFO - Setting next_dagrun for tmdb_incremental_sync to 2026-07-19 00:00:00+00:00, run_after=2026-07-20 00:00:00+00:00
[2026-07-19T14:49:06.682+0000] {processor.py:208} INFO - Processing /opt/airflow/dags/tmdb_incremental_sync.py took 0.146 seconds
[2026-07-19T14:49:36.974+0000] {processor.py:186} INFO - Started process (PID=31301) to work on /opt/airflow/dags/tmdb_incremental_sync.py
[2026-07-19T14:49:36.975+0000] {processor.py:914} INFO - Processing file /opt/airflow/dags/tmdb_incremental_sync.py for tasks to queue
[2026-07-19T14:49:36.979+0000] {logging_mixin.py:190} INFO - [2026-07-19T14:49:36.979+0000] {dagbag.py:587} INFO - Filling up the DagBag from /opt/airflow/dags/tmdb_incremental_sync.py
[2026-07-19T14:49:37.013+0000] {processor.py:925} INFO - DAG(s) 'tmdb_incremental_sync' retrieved from /opt/airflow/dags/tmdb_incremental_sync.py
[2026-07-19T14:49:37.063+0000] {logging_mixin.py:190} INFO - [2026-07-19T14:49:37.063+0000] {dag.py:3211} INFO - Sync 1 DAGs
[2026-07-19T14:49:37.103+0000] {logging_mixin.py:190} INFO - [2026-07-19T14:49:37.103+0000] {dag.py:4138} INFO - Setting next_dagrun for tmdb_incremental_sync to 2026-07-19 00:00:00+00:00, run_after=2026-07-20 00:00:00+00:00
[2026-07-19T14:49:37.132+0000] {processor.py:208} INFO - Processing /opt/airflow/dags/tmdb_incremental_sync.py took 0.166 seconds
[2026-07-19T14:50:07.637+0000] {processor.py:186} INFO - Started process (PID=31311) to work on /opt/airflow/dags/tmdb_incremental_sync.py
[2026-07-19T14:50:07.638+0000] {processor.py:914} INFO - Processing file /opt/airflow/dags/tmdb_incremental_sync.py for tasks to queue
[2026-07-19T14:50:07.642+0000] {logging_mixin.py:190} INFO - [2026-07-19T14:50:07.641+0000] {dagbag.py:587} INFO - Filling up the DagBag from /opt/airflow/dags/tmdb_incremental_sync.py
[2026-07-19T14:50:07.672+0000] {processor.py:925} INFO - DAG(s) 'tmdb_incremental_sync' retrieved from /opt/airflow/dags/tmdb_incremental_sync.py
[2026-07-19T14:50:07.712+0000] {logging_mixin.py:190} INFO - [2026-07-19T14:50:07.712+0000] {dag.py:3211} INFO - Sync 1 DAGs
[2026-07-19T14:50:07.751+0000] {logging_mixin.py:190} INFO - [2026-07-19T14:50:07.751+0000] {dag.py:4138} INFO - Setting next_dagrun for tmdb_incremental_sync to 2026-07-19 00:00:00+00:00, run_after=2026-07-20 00:00:00+00:00
[2026-07-19T14:50:07.779+0000] {processor.py:208} INFO - Processing /opt/airflow/dags/tmdb_incremental_sync.py took 0.150 seconds
[2026-07-19T14:50:38.124+0000] {processor.py:186} INFO - Started process (PID=31321) to work on /opt/airflow/dags/tmdb_incremental_sync.py
[2026-07-19T14:50:38.125+0000] {processor.py:914} INFO - Processing file /opt/airflow/dags/tmdb_incremental_sync.py for tasks to queue
[2026-07-19T14:50:38.129+0000] {logging_mixin.py:190} INFO - [2026-07-19T14:50:38.129+0000] {dagbag.py:587} INFO - Filling up the DagBag from /opt/airflow/dags/tmdb_incremental_sync.py
[2026-07-19T14:50:38.158+0000] {processor.py:925} INFO - DAG(s) 'tmdb_incremental_sync' retrieved from /opt/airflow/dags/tmdb_incremental_sync.py
[2026-07-19T14:50:38.203+0000] {logging_mixin.py:190} INFO - [2026-07-19T14:50:38.203+0000] {dag.py:3211} INFO - Sync 1 DAGs
[2026-07-19T14:50:38.244+0000] {logging_mixin.py:190} INFO - [2026-07-19T14:50:38.244+0000] {dag.py:4138} INFO - Setting next_dagrun for tmdb_incremental_sync to 2026-07-19 00:00:00+00:00, run_after=2026-07-20 00:00:00+00:00
[2026-07-19T14:50:38.271+0000] {processor.py:208} INFO - Processing /opt/airflow/dags/tmdb_incremental_sync.py took 0.155 seconds
[2026-07-19T14:51:08.664+0000] {processor.py:186} INFO - Started process (PID=31331) to work on /opt/airflow/dags/tmdb_incremental_sync.py
[2026-07-19T14:51:08.665+0000] {processor.py:914} INFO - Processing file /opt/airflow/dags/tmdb_incremental_sync.py for tasks to queue
[2026-07-19T14:51:08.670+0000] {logging_mixin.py:190} INFO - [2026-07-19T14:51:08.669+0000] {dagbag.py:587} INFO - Filling up the DagBag from /opt/airflow/dags/tmdb_incremental_sync.py
[2026-07-19T14:51:08.698+0000] {processor.py:925} INFO - DAG(s) 'tmdb_incremental_sync' retrieved from /opt/airflow/dags/tmdb_incremental_sync.py
[2026-07-19T14:51:08.738+0000] {logging_mixin.py:190} INFO - [2026-07-19T14:51:08.738+0000] {dag.py:3211} INFO - Sync 1 DAGs
[2026-07-19T14:51:08.774+0000] {logging_mixin.py:190} INFO - [2026-07-19T14:51:08.774+0000] {dag.py:4138} INFO - Setting next_dagrun for tmdb_incremental_sync to 2026-07-19 00:00:00+00:00, run_after=2026-07-20 00:00:00+00:00
[2026-07-19T14:51:08.799+0000] {processor.py:208} INFO - Processing /opt/airflow/dags/tmdb_incremental_sync.py took 0.143 seconds
[2026-07-19T14:51:39.126+0000] {processor.py:186} INFO - Started process (PID=31341) to work on /opt/airflow/dags/tmdb_incremental_sync.py
[2026-07-19T14:51:39.128+0000] {processor.py:914} INFO - Processing file /opt/airflow/dags/tmdb_incremental_sync.py for tasks to queue
[2026-07-19T14:51:39.131+0000] {logging_mixin.py:190} INFO - [2026-07-19T14:51:39.131+0000] {dagbag.py:587} INFO - Filling up the DagBag from /opt/airflow/dags/tmdb_incremental_sync.py
[2026-07-19T14:51:39.162+0000] {processor.py:925} INFO - DAG(s) 'tmdb_incremental_sync' retrieved from /opt/airflow/dags/tmdb_incremental_sync.py
[2026-07-19T14:51:39.207+0000] {logging_mixin.py:190} INFO - [2026-07-19T14:51:39.206+0000] {dag.py:3211} INFO - Sync 1 DAGs
[2026-07-19T14:51:39.244+0000] {logging_mixin.py:190} INFO - [2026-07-19T14:51:39.244+0000] {dag.py:4138} INFO - Setting next_dagrun for tmdb_incremental_sync to 2026-07-19 00:00:00+00:00, run_after=2026-07-20 00:00:00+00:00
[2026-07-19T14:51:39.280+0000] {processor.py:208} INFO - Processing /opt/airflow/dags/tmdb_incremental_sync.py took 0.162 seconds
[2026-07-19T14:52:09.612+0000] {processor.py:186} INFO - Started process (PID=31351) to work on /opt/airflow/dags/tmdb_incremental_sync.py
[2026-07-19T14:52:09.613+0000] {processor.py:914} INFO - Processing file /opt/airflow/dags/tmdb_incremental_sync.py for tasks to queue
[2026-07-19T14:52:09.616+0000] {logging_mixin.py:190} INFO - [2026-07-19T14:52:09.615+0000] {dagbag.py:587} INFO - Filling up the DagBag from /opt/airflow/dags/tmdb_incremental_sync.py
[2026-07-19T14:52:09.647+0000] {processor.py:925} INFO - DAG(s) 'tmdb_incremental_sync' retrieved from /opt/airflow/dags/tmdb_incremental_sync.py
[2026-07-19T14:52:09.691+0000] {logging_mixin.py:190} INFO - [2026-07-19T14:52:09.690+0000] {dag.py:3211} INFO - Sync 1 DAGs
[2026-07-19T14:52:09.728+0000] {logging_mixin.py:190} INFO - [2026-07-19T14:52:09.728+0000] {dag.py:4138} INFO - Setting next_dagrun for tmdb_incremental_sync to 2026-07-19 00:00:00+00:00, run_after=2026-07-20 00:00:00+00:00
[2026-07-19T14:52:09.761+0000] {processor.py:208} INFO - Processing /opt/airflow/dags/tmdb_incremental_sync.py took 0.159 seconds
[2026-07-19T14:52:40.083+0000] {processor.py:186} INFO - Started process (PID=31361) to work on /opt/airflow/dags/tmdb_incremental_sync.py
[2026-07-19T14:52:40.097+0000] {processor.py:914} INFO - Processing file /opt/airflow/dags/tmdb_incremental_sync.py for tasks to queue
[2026-07-19T14:52:40.101+0000] {logging_mixin.py:190} INFO - [2026-07-19T14:52:40.100+0000] {dagbag.py:587} INFO - Filling up the DagBag from /opt/airflow/dags/tmdb_incremental_sync.py
[2026-07-19T14:52:40.134+0000] {processor.py:925} INFO - DAG(s) 'tmdb_incremental_sync' retrieved from /opt/airflow/dags/tmdb_incremental_sync.py
[2026-07-19T14:52:40.176+0000] {logging_mixin.py:190} INFO - [2026-07-19T14:52:40.175+0000] {dag.py:3211} INFO - Sync 1 DAGs
[2026-07-19T14:52:40.235+0000] {logging_mixin.py:190} INFO - [2026-07-19T14:52:40.235+0000] {dag.py:4138} INFO - Setting next_dagrun for tmdb_incremental_sync to 2026-07-19 00:00:00+00:00, run_after=2026-07-20 00:00:00+00:00
[2026-07-19T14:52:40.283+0000] {processor.py:208} INFO - Processing /opt/airflow/dags/tmdb_incremental_sync.py took 0.210 seconds
[2026-07-19T14:53:10.540+0000] {processor.py:186} INFO - Started process (PID=31371) to work on /opt/airflow/dags/tmdb_incremental_sync.py
[2026-07-19T14:53:10.541+0000] {processor.py:914} INFO - Processing file /opt/airflow/dags/tmdb_incremental_sync.py for tasks to queue
[2026-07-19T14:53:10.545+0000] {logging_mixin.py:190} INFO - [2026-07-19T14:53:10.545+0000] {dagbag.py:587} INFO - Filling up the DagBag from /opt/airflow/dags/tmdb_incremental_sync.py
[2026-07-19T14:53:10.574+0000] {processor.py:925} INFO - DAG(s) 'tmdb_incremental_sync' retrieved from /opt/airflow/dags/tmdb_incremental_sync.py
[2026-07-19T14:53:10.616+0000] {logging_mixin.py:190} INFO - [2026-07-19T14:53:10.616+0000] {dag.py:3211} INFO - Sync 1 DAGs
[2026-07-19T14:53:10.654+0000] {logging_mixin.py:190} INFO - [2026-07-19T14:53:10.654+0000] {dag.py:4138} INFO - Setting next_dagrun for tmdb_incremental_sync to 2026-07-19 00:00:00+00:00, run_after=2026-07-20 00:00:00+00:00
[2026-07-19T14:53:10.678+0000] {processor.py:208} INFO - Processing /opt/airflow/dags/tmdb_incremental_sync.py took 0.146 seconds
[2026-07-19T14:53:41.047+0000] {processor.py:186} INFO - Started process (PID=31381) to work on /opt/airflow/dags/tmdb_incremental_sync.py
[2026-07-19T14:53:41.048+0000] {processor.py:914} INFO - Processing file /opt/airflow/dags/tmdb_incremental_sync.py for tasks to queue
[2026-07-19T14:53:41.052+0000] {logging_mixin.py:190} INFO - [2026-07-19T14:53:41.052+0000] {dagbag.py:587} INFO - Filling up the DagBag from /opt/airflow/dags/tmdb_incremental_sync.py
[2026-07-19T14:53:41.080+0000] {processor.py:925} INFO - DAG(s) 'tmdb_incremental_sync' retrieved from /opt/airflow/dags/tmdb_incremental_sync.py
[2026-07-19T14:53:41.121+0000] {logging_mixin.py:190} INFO - [2026-07-19T14:53:41.121+0000] {dag.py:3211} INFO - Sync 1 DAGs
[2026-07-19T14:53:41.157+0000] {logging_mixin.py:190} INFO - [2026-07-19T14:53:41.157+0000] {dag.py:4138} INFO - Setting next_dagrun for tmdb_incremental_sync to 2026-07-19 00:00:00+00:00, run_after=2026-07-20 00:00:00+00:00
[2026-07-19T14:53:41.183+0000] {processor.py:208} INFO - Processing /opt/airflow/dags/tmdb_incremental_sync.py took 0.144 seconds
[2026-07-19T14:54:11.545+0000] {processor.py:186} INFO - Started process (PID=31391) to work on /opt/airflow/dags/tmdb_incremental_sync.py
[2026-07-19T14:54:11.547+0000] {processor.py:914} INFO - Processing file /opt/airflow/dags/tmdb_incremental_sync.py for tasks to queue
[2026-07-19T14:54:11.550+0000] {logging_mixin.py:190} INFO - [2026-07-19T14:54:11.550+0000] {dagbag.py:587} INFO - Filling up the DagBag from /opt/airflow/dags/tmdb_incremental_sync.py
[2026-07-19T14:54:11.584+0000] {processor.py:925} INFO - DAG(s) 'tmdb_incremental_sync' retrieved from /opt/airflow/dags/tmdb_incremental_sync.py
[2026-07-19T14:54:11.625+0000] {logging_mixin.py:190} INFO - [2026-07-19T14:54:11.625+0000] {dag.py:3211} INFO - Sync 1 DAGs
[2026-07-19T14:54:11.662+0000] {logging_mixin.py:190} INFO - [2026-07-19T14:54:11.661+0000] {dag.py:4138} INFO - Setting next_dagrun for tmdb_incremental_sync to 2026-07-19 00:00:00+00:00, run_after=2026-07-20 00:00:00+00:00
[2026-07-19T14:54:11.686+0000] {processor.py:208} INFO - Processing /opt/airflow/dags/tmdb_incremental_sync.py took 0.150 seconds
[2026-07-19T14:54:41.984+0000] {processor.py:186} INFO - Started process (PID=31401) to work on /opt/airflow/dags/tmdb_incremental_sync.py
[2026-07-19T14:54:41.985+0000] {processor.py:914} INFO - Processing file /opt/airflow/dags/tmdb_incremental_sync.py for tasks to queue
[2026-07-19T14:54:41.988+0000] {logging_mixin.py:190} INFO - [2026-07-19T14:54:41.988+0000] {dagbag.py:587} INFO - Filling up the DagBag from /opt/airflow/dags/tmdb_incremental_sync.py
[2026-07-19T14:54:42.022+0000] {processor.py:925} INFO - DAG(s) 'tmdb_incremental_sync' retrieved from /opt/airflow/dags/tmdb_incremental_sync.py
[2026-07-19T14:54:42.063+0000] {logging_mixin.py:190} INFO - [2026-07-19T14:54:42.063+0000] {dag.py:3211} INFO - Sync 1 DAGs
[2026-07-19T14:54:42.099+0000] {logging_mixin.py:190} INFO - [2026-07-19T14:54:42.099+0000] {dag.py:4138} INFO - Setting next_dagrun for tmdb_incremental_sync to 2026-07-19 00:00:00+00:00, run_after=2026-07-20 00:00:00+00:00
[2026-07-19T14:54:42.128+0000] {processor.py:208} INFO - Processing /opt/airflow/dags/tmdb_incremental_sync.py took 0.153 seconds
[2026-07-19T14:55:12.421+0000] {processor.py:186} INFO - Started process (PID=31411) to work on /opt/airflow/dags/tmdb_incremental_sync.py
[2026-07-19T14:55:12.422+0000] {processor.py:914} INFO - Processing file /opt/airflow/dags/tmdb_incremental_sync.py for tasks to queue
[2026-07-19T14:55:12.425+0000] {logging_mixin.py:190} INFO - [2026-07-19T14:55:12.425+0000] {dagbag.py:587} INFO - Filling up the DagBag from /opt/airflow/dags/tmdb_incremental_sync.py
[2026-07-19T14:55:12.455+0000] {processor.py:925} INFO - DAG(s) 'tmdb_incremental_sync' retrieved from /opt/airflow/dags/tmdb_incremental_sync.py
[2026-07-19T14:55:12.743+0000] {logging_mixin.py:190} INFO - [2026-07-19T14:55:12.743+0000] {dag.py:3211} INFO - Sync 1 DAGs
[2026-07-19T14:55:12.779+0000] {logging_mixin.py:190} INFO - [2026-07-19T14:55:12.778+0000] {dag.py:4138} INFO - Setting next_dagrun for tmdb_incremental_sync to 2026-07-19 00:00:00+00:00, run_after=2026-07-20 00:00:00+00:00
[2026-07-19T14:55:12.809+0000] {processor.py:208} INFO - Processing /opt/airflow/dags/tmdb_incremental_sync.py took 0.396 seconds
[2026-07-19T14:55:42.887+0000] {processor.py:186} INFO - Started process (PID=31421) to work on /opt/airflow/dags/tmdb_incremental_sync.py
[2026-07-19T14:55:42.888+0000] {processor.py:914} INFO - Processing file /opt/airflow/dags/tmdb_incremental_sync.py for tasks to queue
[2026-07-19T14:55:42.891+0000] {logging_mixin.py:190} INFO - [2026-07-19T14:55:42.891+0000] {dagbag.py:587} INFO - Filling up the DagBag from /opt/airflow/dags/tmdb_incremental_sync.py
[2026-07-19T14:55:42.922+0000] {processor.py:925} INFO - DAG(s) 'tmdb_incremental_sync' retrieved from /opt/airflow/dags/tmdb_incremental_sync.py
[2026-07-19T14:55:42.968+0000] {logging_mixin.py:190} INFO - [2026-07-19T14:55:42.967+0000] {dag.py:3211} INFO - Sync 1 DAGs
[2026-07-19T14:55:43.008+0000] {logging_mixin.py:190} INFO - [2026-07-19T14:55:43.008+0000] {dag.py:4138} INFO - Setting next_dagrun for tmdb_incremental_sync to 2026-07-19 00:00:00+00:00, run_after=2026-07-20 00:00:00+00:00
[2026-07-19T14:55:43.036+0000] {processor.py:208} INFO - Processing /opt/airflow/dags/tmdb_incremental_sync.py took 0.158 seconds
[2026-07-19T14:56:13.345+0000] {processor.py:186} INFO - Started process (PID=31431) to work on /opt/airflow/dags/tmdb_incremental_sync.py
[2026-07-19T14:56:13.346+0000] {processor.py:914} INFO - Processing file /opt/airflow/dags/tmdb_incremental_sync.py for tasks to queue
[2026-07-19T14:56:13.349+0000] {logging_mixin.py:190} INFO - [2026-07-19T14:56:13.349+0000] {dagbag.py:587} INFO - Filling up the DagBag from /opt/airflow/dags/tmdb_incremental_sync.py
[2026-07-19T14:56:13.380+0000] {processor.py:925} INFO - DAG(s) 'tmdb_incremental_sync' retrieved from /opt/airflow/dags/tmdb_incremental_sync.py
[2026-07-19T14:56:13.420+0000] {logging_mixin.py:190} INFO - [2026-07-19T14:56:13.420+0000] {dag.py:3211} INFO - Sync 1 DAGs
[2026-07-19T14:56:13.458+0000] {logging_mixin.py:190} INFO - [2026-07-19T14:56:13.457+0000] {dag.py:4138} INFO - Setting next_dagrun for tmdb_incremental_sync to 2026-07-19 00:00:00+00:00, run_after=2026-07-20 00:00:00+00:00
[2026-07-19T14:56:13.483+0000] {processor.py:208} INFO - Processing /opt/airflow/dags/tmdb_incremental_sync.py took 0.146 seconds
[2026-07-19T14:56:43.859+0000] {processor.py:186} INFO - Started process (PID=31441) to work on /opt/airflow/dags/tmdb_incremental_sync.py
[2026-07-19T14:56:43.860+0000] {processor.py:914} INFO - Processing file /opt/airflow/dags/tmdb_incremental_sync.py for tasks to queue
[2026-07-19T14:56:43.863+0000] {logging_mixin.py:190} INFO - [2026-07-19T14:56:43.863+0000] {dagbag.py:587} INFO - Filling up the DagBag from /opt/airflow/dags/tmdb_incremental_sync.py
[2026-07-19T14:56:43.893+0000] {processor.py:925} INFO - DAG(s) 'tmdb_incremental_sync' retrieved from /opt/airflow/dags/tmdb_incremental_sync.py
[2026-07-19T14:56:43.933+0000] {logging_mixin.py:190} INFO - [2026-07-19T14:56:43.933+0000] {dag.py:3211} INFO - Sync 1 DAGs
[2026-07-19T14:56:43.969+0000] {logging_mixin.py:190} INFO - [2026-07-19T14:56:43.969+0000] {dag.py:4138} INFO - Setting next_dagrun for tmdb_incremental_sync to 2026-07-19 00:00:00+00:00, run_after=2026-07-20 00:00:00+00:00
[2026-07-19T14:56:43.996+0000] {processor.py:208} INFO - Processing /opt/airflow/dags/tmdb_incremental_sync.py took 0.146 seconds
[2026-07-19T14:57:14.329+0000] {processor.py:186} INFO - Started process (PID=31451) to work on /opt/airflow/dags/tmdb_incremental_sync.py
[2026-07-19T14:57:14.330+0000] {processor.py:914} INFO - Processing file /opt/airflow/dags/tmdb_incremental_sync.py for tasks to queue
[2026-07-19T14:57:14.334+0000] {logging_mixin.py:190} INFO - [2026-07-19T14:57:14.333+0000] {dagbag.py:587} INFO - Filling up the DagBag from /opt/airflow/dags/tmdb_incremental_sync.py
[2026-07-19T14:57:14.362+0000] {processor.py:925} INFO - DAG(s) 'tmdb_incremental_sync' retrieved from /opt/airflow/dags/tmdb_incremental_sync.py
[2026-07-19T14:57:14.403+0000] {logging_mixin.py:190} INFO - [2026-07-19T14:57:14.402+0000] {dag.py:3211} INFO - Sync 1 DAGs
[2026-07-19T14:57:14.440+0000] {logging_mixin.py:190} INFO - [2026-07-19T14:57:14.439+0000] {dag.py:4138} INFO - Setting next_dagrun for tmdb_incremental_sync to 2026-07-19 00:00:00+00:00, run_after=2026-07-20 00:00:00+00:00
[2026-07-19T14:57:14.464+0000] {processor.py:208} INFO - Processing /opt/airflow/dags/tmdb_incremental_sync.py took 0.144 seconds
[2026-07-19T14:57:44.800+0000] {processor.py:186} INFO - Started process (PID=31461) to work on /opt/airflow/dags/tmdb_incremental_sync.py
[2026-07-19T14:57:44.801+0000] {processor.py:914} INFO - Processing file /opt/airflow/dags/tmdb_incremental_sync.py for tasks to queue
[2026-07-19T14:57:44.805+0000] {logging_mixin.py:190} INFO - [2026-07-19T14:57:44.804+0000] {dagbag.py:587} INFO - Filling up the DagBag from /opt/airflow/dags/tmdb_incremental_sync.py
[2026-07-19T14:57:44.834+0000] {processor.py:925} INFO - DAG(s) 'tmdb_incremental_sync' retrieved from /opt/airflow/dags/tmdb_incremental_sync.py
[2026-07-19T14:57:44.873+0000] {logging_mixin.py:190} INFO - [2026-07-19T14:57:44.873+0000] {dag.py:3211} INFO - Sync 1 DAGs
[2026-07-19T14:57:44.911+0000] {logging_mixin.py:190} INFO - [2026-07-19T14:57:44.910+0000] {dag.py:4138} INFO - Setting next_dagrun for tmdb_incremental_sync to 2026-07-19 00:00:00+00:00, run_after=2026-07-20 00:00:00+00:00
[2026-07-19T14:57:44.940+0000] {processor.py:208} INFO - Processing /opt/airflow/dags/tmdb_incremental_sync.py took 0.149 seconds
[2026-07-19T14:58:15.233+0000] {processor.py:186} INFO - Started process (PID=31471) to work on /opt/airflow/dags/tmdb_incremental_sync.py
[2026-07-19T14:58:15.234+0000] {processor.py:914} INFO - Processing file /opt/airflow/dags/tmdb_incremental_sync.py for tasks to queue
[2026-07-19T14:58:15.237+0000] {logging_mixin.py:190} INFO - [2026-07-19T14:58:15.236+0000] {dagbag.py:587} INFO - Filling up the DagBag from /opt/airflow/dags/tmdb_incremental_sync.py
[2026-07-19T14:58:15.268+0000] {processor.py:925} INFO - DAG(s) 'tmdb_incremental_sync' retrieved from /opt/airflow/dags/tmdb_incremental_sync.py
[2026-07-19T14:58:15.311+0000] {logging_mixin.py:190} INFO - [2026-07-19T14:58:15.311+0000] {dag.py:3211} INFO - Sync 1 DAGs
[2026-07-19T14:58:15.356+0000] {logging_mixin.py:190} INFO - [2026-07-19T14:58:15.355+0000] {dag.py:4138} INFO - Setting next_dagrun for tmdb_incremental_sync to 2026-07-19 00:00:00+00:00, run_after=2026-07-20 00:00:00+00:00
[2026-07-19T14:58:15.406+0000] {processor.py:208} INFO - Processing /opt/airflow/dags/tmdb_incremental_sync.py took 0.183 seconds
[2026-07-19T14:58:45.753+0000] {processor.py:186} INFO - Started process (PID=31481) to work on /opt/airflow/dags/tmdb_incremental_sync.py
[2026-07-19T14:58:45.754+0000] {processor.py:914} INFO - Processing file /opt/airflow/dags/tmdb_incremental_sync.py for tasks to queue
[2026-07-19T14:58:45.758+0000] {logging_mixin.py:190} INFO - [2026-07-19T14:58:45.757+0000] {dagbag.py:587} INFO - Filling up the DagBag from /opt/airflow/dags/tmdb_incremental_sync.py
[2026-07-19T14:58:45.786+0000] {processor.py:925} INFO - DAG(s) 'tmdb_incremental_sync' retrieved from /opt/airflow/dags/tmdb_incremental_sync.py
[2026-07-19T14:58:45.826+0000] {logging_mixin.py:190} INFO - [2026-07-19T14:58:45.826+0000] {dag.py:3211} INFO - Sync 1 DAGs
[2026-07-19T14:58:45.864+0000] {logging_mixin.py:190} INFO - [2026-07-19T14:58:45.863+0000] {dag.py:4138} INFO - Setting next_dagrun for tmdb_incremental_sync to 2026-07-19 00:00:00+00:00, run_after=2026-07-20 00:00:00+00:00
[2026-07-19T14:58:45.889+0000] {processor.py:208} INFO - Processing /opt/airflow/dags/tmdb_incremental_sync.py took 0.144 seconds
[2026-07-19T14:59:16.211+0000] {processor.py:186} INFO - Started process (PID=31491) to work on /opt/airflow/dags/tmdb_incremental_sync.py
[2026-07-19T14:59:16.212+0000] {processor.py:914} INFO - Processing file /opt/airflow/dags/tmdb_incremental_sync.py for tasks to queue
[2026-07-19T14:59:16.215+0000] {logging_mixin.py:190} INFO - [2026-07-19T14:59:16.215+0000] {dagbag.py:587} INFO - Filling up the DagBag from /opt/airflow/dags/tmdb_incremental_sync.py
[2026-07-19T14:59:16.245+0000] {processor.py:925} INFO - DAG(s) 'tmdb_incremental_sync' retrieved from /opt/airflow/dags/tmdb_incremental_sync.py
[2026-07-19T14:59:16.285+0000] {logging_mixin.py:190} INFO - [2026-07-19T14:59:16.285+0000] {dag.py:3211} INFO - Sync 1 DAGs
[2026-07-19T14:59:16.323+0000] {logging_mixin.py:190} INFO - [2026-07-19T14:59:16.322+0000] {dag.py:4138} INFO - Setting next_dagrun for tmdb_incremental_sync to 2026-07-19 00:00:00+00:00, run_after=2026-07-20 00:00:00+00:00
[2026-07-19T14:59:16.350+0000] {processor.py:208} INFO - Processing /opt/airflow/dags/tmdb_incremental_sync.py took 0.147 seconds
[2026-07-19T14:59:46.641+0000] {processor.py:186} INFO - Started process (PID=31501) to work on /opt/airflow/dags/tmdb_incremental_sync.py
[2026-07-19T14:59:46.643+0000] {processor.py:914} INFO - Processing file /opt/airflow/dags/tmdb_incremental_sync.py for tasks to queue
[2026-07-19T14:59:46.646+0000] {logging_mixin.py:190} INFO - [2026-07-19T14:59:46.646+0000] {dagbag.py:587} INFO - Filling up the DagBag from /opt/airflow/dags/tmdb_incremental_sync.py
[2026-07-19T14:59:46.675+0000] {processor.py:925} INFO - DAG(s) 'tmdb_incremental_sync' retrieved from /opt/airflow/dags/tmdb_incremental_sync.py
[2026-07-19T14:59:46.716+0000] {logging_mixin.py:190} INFO - [2026-07-19T14:59:46.715+0000] {dag.py:3211} INFO - Sync 1 DAGs
[2026-07-19T14:59:46.754+0000] {logging_mixin.py:190} INFO - [2026-07-19T14:59:46.754+0000] {dag.py:4138} INFO - Setting next_dagrun for tmdb_incremental_sync to 2026-07-19 00:00:00+00:00, run_after=2026-07-20 00:00:00+00:00
[2026-07-19T14:59:46.778+0000] {processor.py:208} INFO - Processing /opt/airflow/dags/tmdb_incremental_sync.py took 0.145 seconds
[2026-07-19T15:00:17.071+0000] {processor.py:186} INFO - Started process (PID=31511) to work on /opt/airflow/dags/tmdb_incremental_sync.py
[2026-07-19T15:00:17.072+0000] {processor.py:914} INFO - Processing file /opt/airflow/dags/tmdb_incremental_sync.py for tasks to queue
[2026-07-19T15:00:17.076+0000] {logging_mixin.py:190} INFO - [2026-07-19T15:00:17.076+0000] {dagbag.py:587} INFO - Filling up the DagBag from /opt/airflow/dags/tmdb_incremental_sync.py
[2026-07-19T15:00:17.105+0000] {processor.py:925} INFO - DAG(s) 'tmdb_incremental_sync' retrieved from /opt/airflow/dags/tmdb_incremental_sync.py
[2026-07-19T15:00:17.146+0000] {logging_mixin.py:190} INFO - [2026-07-19T15:00:17.146+0000] {dag.py:3211} INFO - Sync 1 DAGs
[2026-07-19T15:00:17.182+0000] {logging_mixin.py:190} INFO - [2026-07-19T15:00:17.182+0000] {dag.py:4138} INFO - Setting next_dagrun for tmdb_incremental_sync to 2026-07-19 00:00:00+00:00, run_after=2026-07-20 00:00:00+00:00
[2026-07-19T15:00:17.207+0000] {processor.py:208} INFO - Processing /opt/airflow/dags/tmdb_incremental_sync.py took 0.144 seconds
[2026-07-19T15:00:47.490+0000] {processor.py:186} INFO - Started process (PID=31521) to work on /opt/airflow/dags/tmdb_incremental_sync.py
[2026-07-19T15:00:47.491+0000] {processor.py:914} INFO - Processing file /opt/airflow/dags/tmdb_incremental_sync.py for tasks to queue
[2026-07-19T15:00:47.494+0000] {logging_mixin.py:190} INFO - [2026-07-19T15:00:47.494+0000] {dagbag.py:587} INFO - Filling up the DagBag from /opt/airflow/dags/tmdb_incremental_sync.py
[2026-07-19T15:00:47.526+0000] {processor.py:925} INFO - DAG(s) 'tmdb_incremental_sync' retrieved from /opt/airflow/dags/tmdb_incremental_sync.py
[2026-07-19T15:00:47.568+0000] {logging_mixin.py:190} INFO - [2026-07-19T15:00:47.568+0000] {dag.py:3211} INFO - Sync 1 DAGs
[2026-07-19T15:00:47.610+0000] {logging_mixin.py:190} INFO - [2026-07-19T15:00:47.610+0000] {dag.py:4138} INFO - Setting next_dagrun for tmdb_incremental_sync to 2026-07-19 00:00:00+00:00, run_after=2026-07-20 00:00:00+00:00
[2026-07-19T15:00:47.638+0000] {processor.py:208} INFO - Processing /opt/airflow/dags/tmdb_incremental_sync.py took 0.159 seconds
[2026-07-19T15:01:17.917+0000] {processor.py:186} INFO - Started process (PID=31531) to work on /opt/airflow/dags/tmdb_incremental_sync.py
[2026-07-19T15:01:17.918+0000] {processor.py:914} INFO - Processing file /opt/airflow/dags/tmdb_incremental_sync.py for tasks to queue
[2026-07-19T15:01:17.922+0000] {logging_mixin.py:190} INFO - [2026-07-19T15:01:17.921+0000] {dagbag.py:587} INFO - Filling up the DagBag from /opt/airflow/dags/tmdb_incremental_sync.py
[2026-07-19T15:01:17.961+0000] {processor.py:925} INFO - DAG(s) 'tmdb_incremental_sync' retrieved from /opt/airflow/dags/tmdb_incremental_sync.py
[2026-07-19T15:01:18.017+0000] {logging_mixin.py:190} INFO - [2026-07-19T15:01:18.017+0000] {dag.py:3211} INFO - Sync 1 DAGs
[2026-07-19T15:01:18.071+0000] {logging_mixin.py:190} INFO - [2026-07-19T15:01:18.070+0000] {dag.py:4138} INFO - Setting next_dagrun for tmdb_incremental_sync to 2026-07-19 00:00:00+00:00, run_after=2026-07-20 00:00:00+00:00
[2026-07-19T15:01:18.141+0000] {processor.py:208} INFO - Processing /opt/airflow/dags/tmdb_incremental_sync.py took 0.235 seconds
[2026-07-19T15:01:48.380+0000] {processor.py:186} INFO - Started process (PID=31541) to work on /opt/airflow/dags/tmdb_incremental_sync.py
[2026-07-19T15:01:48.381+0000] {processor.py:914} INFO - Processing file /opt/airflow/dags/tmdb_incremental_sync.py for tasks to queue
[2026-07-19T15:01:48.385+0000] {logging_mixin.py:190} INFO - [2026-07-19T15:01:48.384+0000] {dagbag.py:587} INFO - Filling up the DagBag from /opt/airflow/dags/tmdb_incremental_sync.py
[2026-07-19T15:01:48.416+0000] {processor.py:925} INFO - DAG(s) 'tmdb_incremental_sync' retrieved from /opt/airflow/dags/tmdb_incremental_sync.py
[2026-07-19T15:01:48.457+0000] {logging_mixin.py:190} INFO - [2026-07-19T15:01:48.456+0000] {dag.py:3211} INFO - Sync 1 DAGs
[2026-07-19T15:01:48.494+0000] {logging_mixin.py:190} INFO - [2026-07-19T15:01:48.493+0000] {dag.py:4138} INFO - Setting next_dagrun for tmdb_incremental_sync to 2026-07-19 00:00:00+00:00, run_after=2026-07-20 00:00:00+00:00
[2026-07-19T15:01:48.518+0000] {processor.py:208} INFO - Processing /opt/airflow/dags/tmdb_incremental_sync.py took 0.147 seconds
[2026-07-19T15:02:18.816+0000] {processor.py:186} INFO - Started process (PID=31551) to work on /opt/airflow/dags/tmdb_incremental_sync.py
[2026-07-19T15:02:18.817+0000] {processor.py:914} INFO - Processing file /opt/airflow/dags/tmdb_incremental_sync.py for tasks to queue
[2026-07-19T15:02:18.820+0000] {logging_mixin.py:190} INFO - [2026-07-19T15:02:18.820+0000] {dagbag.py:587} INFO - Filling up the DagBag from /opt/airflow/dags/tmdb_incremental_sync.py
[2026-07-19T15:02:18.849+0000] {processor.py:925} INFO - DAG(s) 'tmdb_incremental_sync' retrieved from /opt/airflow/dags/tmdb_incremental_sync.py
[2026-07-19T15:02:18.889+0000] {logging_mixin.py:190} INFO - [2026-07-19T15:02:18.889+0000] {dag.py:3211} INFO - Sync 1 DAGs
[2026-07-19T15:02:18.926+0000] {logging_mixin.py:190} INFO - [2026-07-19T15:02:18.925+0000] {dag.py:4138} INFO - Setting next_dagrun for tmdb_incremental_sync to 2026-07-19 00:00:00+00:00, run_after=2026-07-20 00:00:00+00:00
[2026-07-19T15:02:18.951+0000] {processor.py:208} INFO - Processing /opt/airflow/dags/tmdb_incremental_sync.py took 0.144 seconds
[2026-07-19T15:02:49.273+0000] {processor.py:186} INFO - Started process (PID=31561) to work on /opt/airflow/dags/tmdb_incremental_sync.py
[2026-07-19T15:02:49.275+0000] {processor.py:914} INFO - Processing file /opt/airflow/dags/tmdb_incremental_sync.py for tasks to queue
[2026-07-19T15:02:49.279+0000] {logging_mixin.py:190} INFO - [2026-07-19T15:02:49.279+0000] {dagbag.py:587} INFO - Filling up the DagBag from /opt/airflow/dags/tmdb_incremental_sync.py
[2026-07-19T15:02:49.312+0000] {processor.py:925} INFO - DAG(s) 'tmdb_incremental_sync' retrieved from /opt/airflow/dags/tmdb_incremental_sync.py
[2026-07-19T15:02:49.354+0000] {logging_mixin.py:190} INFO - [2026-07-19T15:02:49.353+0000] {dag.py:3211} INFO - Sync 1 DAGs
[2026-07-19T15:02:49.393+0000] {logging_mixin.py:190} INFO - [2026-07-19T15:02:49.392+0000] {dag.py:4138} INFO - Setting next_dagrun for tmdb_incremental_sync to 2026-07-19 00:00:00+00:00, run_after=2026-07-20 00:00:00+00:00
[2026-07-19T15:02:49.419+0000] {processor.py:208} INFO - Processing /opt/airflow/dags/tmdb_incremental_sync.py took 0.154 seconds
[2026-07-19T15:03:19.746+0000] {processor.py:186} INFO - Started process (PID=31571) to work on /opt/airflow/dags/tmdb_incremental_sync.py
[2026-07-19T15:03:19.748+0000] {processor.py:914} INFO - Processing file /opt/airflow/dags/tmdb_incremental_sync.py for tasks to queue
[2026-07-19T15:03:19.758+0000] {logging_mixin.py:190} INFO - [2026-07-19T15:03:19.757+0000] {dagbag.py:587} INFO - Filling up the DagBag from /opt/airflow/dags/tmdb_incremental_sync.py
[2026-07-19T15:03:19.803+0000] {processor.py:925} INFO - DAG(s) 'tmdb_incremental_sync' retrieved from /opt/airflow/dags/tmdb_incremental_sync.py
[2026-07-19T15:03:19.852+0000] {logging_mixin.py:190} INFO - [2026-07-19T15:03:19.851+0000] {dag.py:3211} INFO - Sync 1 DAGs
[2026-07-19T15:03:19.890+0000] {logging_mixin.py:190} INFO - [2026-07-19T15:03:19.890+0000] {dag.py:4138} INFO - Setting next_dagrun for tmdb_incremental_sync to 2026-07-19 00:00:00+00:00, run_after=2026-07-20 00:00:00+00:00
[2026-07-19T15:03:19.917+0000] {processor.py:208} INFO - Processing /opt/airflow/dags/tmdb_incremental_sync.py took 0.184 seconds
[2026-07-19T15:03:50.211+0000] {processor.py:186} INFO - Started process (PID=31581) to work on /opt/airflow/dags/tmdb_incremental_sync.py
[2026-07-19T15:03:50.212+0000] {processor.py:914} INFO - Processing file /opt/airflow/dags/tmdb_incremental_sync.py for tasks to queue
[2026-07-19T15:03:50.216+0000] {logging_mixin.py:190} INFO - [2026-07-19T15:03:50.216+0000] {dagbag.py:587} INFO - Filling up the DagBag from /opt/airflow/dags/tmdb_incremental_sync.py
[2026-07-19T15:03:50.250+0000] {processor.py:925} INFO - DAG(s) 'tmdb_incremental_sync' retrieved from /opt/airflow/dags/tmdb_incremental_sync.py
[2026-07-19T15:03:50.318+0000] {logging_mixin.py:190} INFO - [2026-07-19T15:03:50.317+0000] {dag.py:3211} INFO - Sync 1 DAGs
[2026-07-19T15:03:50.357+0000] {logging_mixin.py:190} INFO - [2026-07-19T15:03:50.357+0000] {dag.py:4138} INFO - Setting next_dagrun for tmdb_incremental_sync to 2026-07-19 00:00:00+00:00, run_after=2026-07-20 00:00:00+00:00
[2026-07-19T15:03:50.388+0000] {processor.py:208} INFO - Processing /opt/airflow/dags/tmdb_incremental_sync.py took 0.187 seconds
[2026-07-19T15:04:20.777+0000] {processor.py:186} INFO - Started process (PID=31591) to work on /opt/airflow/dags/tmdb_incremental_sync.py
[2026-07-19T15:04:20.778+0000] {processor.py:914} INFO - Processing file /opt/airflow/dags/tmdb_incremental_sync.py for tasks to queue
[2026-07-19T15:04:20.783+0000] {logging_mixin.py:190} INFO - [2026-07-19T15:04:20.782+0000] {dagbag.py:587} INFO - Filling up the DagBag from /opt/airflow/dags/tmdb_incremental_sync.py
[2026-07-19T15:04:20.819+0000] {processor.py:925} INFO - DAG(s) 'tmdb_incremental_sync' retrieved from /opt/airflow/dags/tmdb_incremental_sync.py
[2026-07-19T15:04:20.864+0000] {logging_mixin.py:190} INFO - [2026-07-19T15:04:20.864+0000] {dag.py:3211} INFO - Sync 1 DAGs
[2026-07-19T15:04:20.907+0000] {logging_mixin.py:190} INFO - [2026-07-19T15:04:20.907+0000] {dag.py:4138} INFO - Setting next_dagrun for tmdb_incremental_sync to 2026-07-19 00:00:00+00:00, run_after=2026-07-20 00:00:00+00:00
[2026-07-19T15:04:20.939+0000] {processor.py:208} INFO - Processing /opt/airflow/dags/tmdb_incremental_sync.py took 0.174 seconds
[2026-07-19T15:04:51.230+0000] {processor.py:186} INFO - Started process (PID=31601) to work on /opt/airflow/dags/tmdb_incremental_sync.py
[2026-07-19T15:04:51.232+0000] {processor.py:914} INFO - Processing file /opt/airflow/dags/tmdb_incremental_sync.py for tasks to queue
[2026-07-19T15:04:51.236+0000] {logging_mixin.py:190} INFO - [2026-07-19T15:04:51.235+0000] {dagbag.py:587} INFO - Filling up the DagBag from /opt/airflow/dags/tmdb_incremental_sync.py
[2026-07-19T15:04:51.268+0000] {processor.py:925} INFO - DAG(s) 'tmdb_incremental_sync' retrieved from /opt/airflow/dags/tmdb_incremental_sync.py
[2026-07-19T15:04:51.310+0000] {logging_mixin.py:190} INFO - [2026-07-19T15:04:51.310+0000] {dag.py:3211} INFO - Sync 1 DAGs
[2026-07-19T15:04:51.348+0000] {logging_mixin.py:190} INFO - [2026-07-19T15:04:51.347+0000] {dag.py:4138} INFO - Setting next_dagrun for tmdb_incremental_sync to 2026-07-19 00:00:00+00:00, run_after=2026-07-20 00:00:00+00:00
[2026-07-19T15:04:51.374+0000] {processor.py:208} INFO - Processing /opt/airflow/dags/tmdb_incremental_sync.py took 0.154 seconds
[2026-07-19T15:05:21.680+0000] {processor.py:186} INFO - Started process (PID=31611) to work on /opt/airflow/dags/tmdb_incremental_sync.py
[2026-07-19T15:05:21.681+0000] {processor.py:914} INFO - Processing file /opt/airflow/dags/tmdb_incremental_sync.py for tasks to queue
[2026-07-19T15:05:21.684+0000] {logging_mixin.py:190} INFO - [2026-07-19T15:05:21.684+0000] {dagbag.py:587} INFO - Filling up the DagBag from /opt/airflow/dags/tmdb_incremental_sync.py
[2026-07-19T15:05:21.721+0000] {processor.py:925} INFO - DAG(s) 'tmdb_incremental_sync' retrieved from /opt/airflow/dags/tmdb_incremental_sync.py
[2026-07-19T15:05:21.762+0000] {logging_mixin.py:190} INFO - [2026-07-19T15:05:21.762+0000] {dag.py:3211} INFO - Sync 1 DAGs
[2026-07-19T15:05:21.799+0000] {logging_mixin.py:190} INFO - [2026-07-19T15:05:21.799+0000] {dag.py:4138} INFO - Setting next_dagrun for tmdb_incremental_sync to 2026-07-19 00:00:00+00:00, run_after=2026-07-20 00:00:00+00:00
[2026-07-19T15:05:21.824+0000] {processor.py:208} INFO - Processing /opt/airflow/dags/tmdb_incremental_sync.py took 0.153 seconds
[2026-07-19T15:05:52.154+0000] {processor.py:186} INFO - Started process (PID=31621) to work on /opt/airflow/dags/tmdb_incremental_sync.py
[2026-07-19T15:05:52.155+0000] {processor.py:914} INFO - Processing file /opt/airflow/dags/tmdb_incremental_sync.py for tasks to queue
[2026-07-19T15:05:52.159+0000] {logging_mixin.py:190} INFO - [2026-07-19T15:05:52.158+0000] {dagbag.py:587} INFO - Filling up the DagBag from /opt/airflow/dags/tmdb_incremental_sync.py
[2026-07-19T15:05:52.191+0000] {processor.py:925} INFO - DAG(s) 'tmdb_incremental_sync' retrieved from /opt/airflow/dags/tmdb_incremental_sync.py
[2026-07-19T15:05:52.231+0000] {logging_mixin.py:190} INFO - [2026-07-19T15:05:52.231+0000] {dag.py:3211} INFO - Sync 1 DAGs
[2026-07-19T15:05:52.267+0000] {logging_mixin.py:190} INFO - [2026-07-19T15:05:52.267+0000] {dag.py:4138} INFO - Setting next_dagrun for tmdb_incremental_sync to 2026-07-19 00:00:00+00:00, run_after=2026-07-20 00:00:00+00:00
[2026-07-19T15:05:52.293+0000] {processor.py:208} INFO - Processing /opt/airflow/dags/tmdb_incremental_sync.py took 0.147 seconds
[2026-07-19T15:06:22.591+0000] {processor.py:186} INFO - Started process (PID=31631) to work on /opt/airflow/dags/tmdb_incremental_sync.py
[2026-07-19T15:06:22.592+0000] {processor.py:914} INFO - Processing file /opt/airflow/dags/tmdb_incremental_sync.py for tasks to queue
[2026-07-19T15:06:22.596+0000] {logging_mixin.py:190} INFO - [2026-07-19T15:06:22.595+0000] {dagbag.py:587} INFO - Filling up the DagBag from /opt/airflow/dags/tmdb_incremental_sync.py
[2026-07-19T15:06:22.625+0000] {processor.py:925} INFO - DAG(s) 'tmdb_incremental_sync' retrieved from /opt/airflow/dags/tmdb_incremental_sync.py
[2026-07-19T15:06:22.665+0000] {logging_mixin.py:190} INFO - [2026-07-19T15:06:22.664+0000] {dag.py:3211} INFO - Sync 1 DAGs
[2026-07-19T15:06:22.702+0000] {logging_mixin.py:190} INFO - [2026-07-19T15:06:22.702+0000] {dag.py:4138} INFO - Setting next_dagrun for tmdb_incremental_sync to 2026-07-19 00:00:00+00:00, run_after=2026-07-20 00:00:00+00:00
[2026-07-19T15:06:22.727+0000] {processor.py:208} INFO - Processing /opt/airflow/dags/tmdb_incremental_sync.py took 0.145 seconds
[2026-07-19T15:06:53.063+0000] {processor.py:186} INFO - Started process (PID=31641) to work on /opt/airflow/dags/tmdb_incremental_sync.py
[2026-07-19T15:06:53.064+0000] {processor.py:914} INFO - Processing file /opt/airflow/dags/tmdb_incremental_sync.py for tasks to queue
[2026-07-19T15:06:53.069+0000] {logging_mixin.py:190} INFO - [2026-07-19T15:06:53.068+0000] {dagbag.py:587} INFO - Filling up the DagBag from /opt/airflow/dags/tmdb_incremental_sync.py
[2026-07-19T15:06:53.097+0000] {processor.py:925} INFO - DAG(s) 'tmdb_incremental_sync' retrieved from /opt/airflow/dags/tmdb_incremental_sync.py
[2026-07-19T15:06:53.137+0000] {logging_mixin.py:190} INFO - [2026-07-19T15:06:53.136+0000] {dag.py:3211} INFO - Sync 1 DAGs
[2026-07-19T15:06:53.175+0000] {logging_mixin.py:190} INFO - [2026-07-19T15:06:53.174+0000] {dag.py:4138} INFO - Setting next_dagrun for tmdb_incremental_sync to 2026-07-19 00:00:00+00:00, run_after=2026-07-20 00:00:00+00:00
[2026-07-19T15:06:53.200+0000] {processor.py:208} INFO - Processing /opt/airflow/dags/tmdb_incremental_sync.py took 0.144 seconds
[2026-07-19T15:07:23.598+0000] {processor.py:186} INFO - Started process (PID=31651) to work on /opt/airflow/dags/tmdb_incremental_sync.py
[2026-07-19T15:07:23.599+0000] {processor.py:914} INFO - Processing file /opt/airflow/dags/tmdb_incremental_sync.py for tasks to queue
[2026-07-19T15:07:23.602+0000] {logging_mixin.py:190} INFO - [2026-07-19T15:07:23.602+0000] {dagbag.py:587} INFO - Filling up the DagBag from /opt/airflow/dags/tmdb_incremental_sync.py
[2026-07-19T15:07:23.637+0000] {processor.py:925} INFO - DAG(s) 'tmdb_incremental_sync' retrieved from /opt/airflow/dags/tmdb_incremental_sync.py
[2026-07-19T15:07:23.680+0000] {logging_mixin.py:190} INFO - [2026-07-19T15:07:23.680+0000] {dag.py:3211} INFO - Sync 1 DAGs
[2026-07-19T15:07:23.720+0000] {logging_mixin.py:190} INFO - [2026-07-19T15:07:23.719+0000] {dag.py:4138} INFO - Setting next_dagrun for tmdb_incremental_sync to 2026-07-19 00:00:00+00:00, run_after=2026-07-20 00:00:00+00:00
[2026-07-19T15:07:23.748+0000] {processor.py:208} INFO - Processing /opt/airflow/dags/tmdb_incremental_sync.py took 0.160 seconds
[2026-07-19T15:07:54.054+0000] {processor.py:186} INFO - Started process (PID=31661) to work on /opt/airflow/dags/tmdb_incremental_sync.py
[2026-07-19T15:07:54.055+0000] {processor.py:914} INFO - Processing file /opt/airflow/dags/tmdb_incremental_sync.py for tasks to queue
[2026-07-19T15:07:54.058+0000] {logging_mixin.py:190} INFO - [2026-07-19T15:07:54.058+0000] {dagbag.py:587} INFO - Filling up the DagBag from /opt/airflow/dags/tmdb_incremental_sync.py
[2026-07-19T15:07:54.089+0000] {processor.py:925} INFO - DAG(s) 'tmdb_incremental_sync' retrieved from /opt/airflow/dags/tmdb_incremental_sync.py
[2026-07-19T15:07:54.129+0000] {logging_mixin.py:190} INFO - [2026-07-19T15:07:54.129+0000] {dag.py:3211} INFO - Sync 1 DAGs
[2026-07-19T15:07:54.166+0000] {logging_mixin.py:190} INFO - [2026-07-19T15:07:54.166+0000] {dag.py:4138} INFO - Setting next_dagrun for tmdb_incremental_sync to 2026-07-19 00:00:00+00:00, run_after=2026-07-20 00:00:00+00:00
[2026-07-19T15:07:54.190+0000] {processor.py:208} INFO - Processing /opt/airflow/dags/tmdb_incremental_sync.py took 0.145 seconds
[2026-07-19T15:08:24.528+0000] {processor.py:186} INFO - Started process (PID=31671) to work on /opt/airflow/dags/tmdb_incremental_sync.py
[2026-07-19T15:08:24.529+0000] {processor.py:914} INFO - Processing file /opt/airflow/dags/tmdb_incremental_sync.py for tasks to queue
[2026-07-19T15:08:24.532+0000] {logging_mixin.py:190} INFO - [2026-07-19T15:08:24.532+0000] {dagbag.py:587} INFO - Filling up the DagBag from /opt/airflow/dags/tmdb_incremental_sync.py
[2026-07-19T15:08:24.562+0000] {processor.py:925} INFO - DAG(s) 'tmdb_incremental_sync' retrieved from /opt/airflow/dags/tmdb_incremental_sync.py
[2026-07-19T15:08:24.602+0000] {logging_mixin.py:190} INFO - [2026-07-19T15:08:24.601+0000] {dag.py:3211} INFO - Sync 1 DAGs
[2026-07-19T15:08:24.639+0000] {logging_mixin.py:190} INFO - [2026-07-19T15:08:24.639+0000] {dag.py:4138} INFO - Setting next_dagrun for tmdb_incremental_sync to 2026-07-19 00:00:00+00:00, run_after=2026-07-20 00:00:00+00:00
[2026-07-19T15:08:24.663+0000] {processor.py:208} INFO - Processing /opt/airflow/dags/tmdb_incremental_sync.py took 0.144 seconds
[2026-07-19T15:08:54.958+0000] {processor.py:186} INFO - Started process (PID=31681) to work on /opt/airflow/dags/tmdb_incremental_sync.py
[2026-07-19T15:08:54.959+0000] {processor.py:914} INFO - Processing file /opt/airflow/dags/tmdb_incremental_sync.py for tasks to queue
[2026-07-19T15:08:54.963+0000] {logging_mixin.py:190} INFO - [2026-07-19T15:08:54.963+0000] {dagbag.py:587} INFO - Filling up the DagBag from /opt/airflow/dags/tmdb_incremental_sync.py
[2026-07-19T15:08:54.992+0000] {processor.py:925} INFO - DAG(s) 'tmdb_incremental_sync' retrieved from /opt/airflow/dags/tmdb_incremental_sync.py
[2026-07-19T15:08:55.036+0000] {logging_mixin.py:190} INFO - [2026-07-19T15:08:55.035+0000] {dag.py:3211} INFO - Sync 1 DAGs
[2026-07-19T15:08:55.080+0000] {logging_mixin.py:190} INFO - [2026-07-19T15:08:55.080+0000] {dag.py:4138} INFO - Setting next_dagrun for tmdb_incremental_sync to 2026-07-19 00:00:00+00:00, run_after=2026-07-20 00:00:00+00:00
[2026-07-19T15:08:55.111+0000] {processor.py:208} INFO - Processing /opt/airflow/dags/tmdb_incremental_sync.py took 0.161 seconds
[2026-07-19T15:09:25.423+0000] {processor.py:186} INFO - Started process (PID=31691) to work on /opt/airflow/dags/tmdb_incremental_sync.py
[2026-07-19T15:09:25.424+0000] {processor.py:914} INFO - Processing file /opt/airflow/dags/tmdb_incremental_sync.py for tasks to queue
[2026-07-19T15:09:25.428+0000] {logging_mixin.py:190} INFO - [2026-07-19T15:09:25.428+0000] {dagbag.py:587} INFO - Filling up the DagBag from /opt/airflow/dags/tmdb_incremental_sync.py
[2026-07-19T15:09:25.457+0000] {processor.py:925} INFO - DAG(s) 'tmdb_incremental_sync' retrieved from /opt/airflow/dags/tmdb_incremental_sync.py
[2026-07-19T15:09:25.498+0000] {logging_mixin.py:190} INFO - [2026-07-19T15:09:25.497+0000] {dag.py:3211} INFO - Sync 1 DAGs
[2026-07-19T15:09:25.535+0000] {logging_mixin.py:190} INFO - [2026-07-19T15:09:25.535+0000] {dag.py:4138} INFO - Setting next_dagrun for tmdb_incremental_sync to 2026-07-19 00:00:00+00:00, run_after=2026-07-20 00:00:00+00:00
[2026-07-19T15:09:25.568+0000] {processor.py:208} INFO - Processing /opt/airflow/dags/tmdb_incremental_sync.py took 0.153 seconds
[2026-07-19T15:09:55.849+0000] {processor.py:186} INFO - Started process (PID=31701) to work on /opt/airflow/dags/tmdb_incremental_sync.py
[2026-07-19T15:09:55.850+0000] {processor.py:914} INFO - Processing file /opt/airflow/dags/tmdb_incremental_sync.py for tasks to queue
[2026-07-19T15:09:55.854+0000] {logging_mixin.py:190} INFO - [2026-07-19T15:09:55.853+0000] {dagbag.py:587} INFO - Filling up the DagBag from /opt/airflow/dags/tmdb_incremental_sync.py
[2026-07-19T15:09:55.884+0000] {processor.py:925} INFO - DAG(s) 'tmdb_incremental_sync' retrieved from /opt/airflow/dags/tmdb_incremental_sync.py
[2026-07-19T15:09:55.927+0000] {logging_mixin.py:190} INFO - [2026-07-19T15:09:55.926+0000] {dag.py:3211} INFO - Sync 1 DAGs
[2026-07-19T15:09:55.967+0000] {logging_mixin.py:190} INFO - [2026-07-19T15:09:55.967+0000] {dag.py:4138} INFO - Setting next_dagrun for tmdb_incremental_sync to 2026-07-19 00:00:00+00:00, run_after=2026-07-20 00:00:00+00:00
[2026-07-19T15:09:56.000+0000] {processor.py:208} INFO - Processing /opt/airflow/dags/tmdb_incremental_sync.py took 0.160 seconds
[2026-07-19T15:10:26.304+0000] {processor.py:186} INFO - Started process (PID=31711) to work on /opt/airflow/dags/tmdb_incremental_sync.py
[2026-07-19T15:10:26.305+0000] {processor.py:914} INFO - Processing file /opt/airflow/dags/tmdb_incremental_sync.py for tasks to queue
[2026-07-19T15:10:26.308+0000] {logging_mixin.py:190} INFO - [2026-07-19T15:10:26.308+0000] {dagbag.py:587} INFO - Filling up the DagBag from /opt/airflow/dags/tmdb_incremental_sync.py
[2026-07-19T15:10:26.337+0000] {processor.py:925} INFO - DAG(s) 'tmdb_incremental_sync' retrieved from /opt/airflow/dags/tmdb_incremental_sync.py
[2026-07-19T15:10:26.376+0000] {logging_mixin.py:190} INFO - [2026-07-19T15:10:26.376+0000] {dag.py:3211} INFO - Sync 1 DAGs
[2026-07-19T15:10:26.415+0000] {logging_mixin.py:190} INFO - [2026-07-19T15:10:26.414+0000] {dag.py:4138} INFO - Setting next_dagrun for tmdb_incremental_sync to 2026-07-19 00:00:00+00:00, run_after=2026-07-20 00:00:00+00:00
[2026-07-19T15:10:26.441+0000] {processor.py:208} INFO - Processing /opt/airflow/dags/tmdb_incremental_sync.py took 0.147 seconds
[2026-07-19T15:10:56.764+0000] {processor.py:186} INFO - Started process (PID=31721) to work on /opt/airflow/dags/tmdb_incremental_sync.py
[2026-07-19T15:10:56.765+0000] {processor.py:914} INFO - Processing file /opt/airflow/dags/tmdb_incremental_sync.py for tasks to queue
[2026-07-19T15:10:56.768+0000] {logging_mixin.py:190} INFO - [2026-07-19T15:10:56.767+0000] {dagbag.py:587} INFO - Filling up the DagBag from /opt/airflow/dags/tmdb_incremental_sync.py
[2026-07-19T15:10:56.797+0000] {processor.py:925} INFO - DAG(s) 'tmdb_incremental_sync' retrieved from /opt/airflow/dags/tmdb_incremental_sync.py
[2026-07-19T15:10:56.837+0000] {logging_mixin.py:190} INFO - [2026-07-19T15:10:56.837+0000] {dag.py:3211} INFO - Sync 1 DAGs
[2026-07-19T15:10:56.875+0000] {logging_mixin.py:190} INFO - [2026-07-19T15:10:56.874+0000] {dag.py:4138} INFO - Setting next_dagrun for tmdb_incremental_sync to 2026-07-19 00:00:00+00:00, run_after=2026-07-20 00:00:00+00:00
[2026-07-19T15:10:56.900+0000] {processor.py:208} INFO - Processing /opt/airflow/dags/tmdb_incremental_sync.py took 0.145 seconds
[2026-07-19T15:11:27.208+0000] {processor.py:186} INFO - Started process (PID=31731) to work on /opt/airflow/dags/tmdb_incremental_sync.py
[2026-07-19T15:11:27.209+0000] {processor.py:914} INFO - Processing file /opt/airflow/dags/tmdb_incremental_sync.py for tasks to queue
[2026-07-19T15:11:27.212+0000] {logging_mixin.py:190} INFO - [2026-07-19T15:11:27.212+0000] {dagbag.py:587} INFO - Filling up the DagBag from /opt/airflow/dags/tmdb_incremental_sync.py
[2026-07-19T15:11:27.242+0000] {processor.py:925} INFO - DAG(s) 'tmdb_incremental_sync' retrieved from /opt/airflow/dags/tmdb_incremental_sync.py
[2026-07-19T15:11:27.282+0000] {logging_mixin.py:190} INFO - [2026-07-19T15:11:27.282+0000] {dag.py:3211} INFO - Sync 1 DAGs
[2026-07-19T15:11:27.317+0000] {logging_mixin.py:190} INFO - [2026-07-19T15:11:27.317+0000] {dag.py:4138} INFO - Setting next_dagrun for tmdb_incremental_sync to 2026-07-19 00:00:00+00:00, run_after=2026-07-20 00:00:00+00:00
[2026-07-19T15:11:27.344+0000] {processor.py:208} INFO - Processing /opt/airflow/dags/tmdb_incremental_sync.py took 0.144 seconds
[2026-07-19T15:11:57.750+0000] {processor.py:186} INFO - Started process (PID=31741) to work on /opt/airflow/dags/tmdb_incremental_sync.py
[2026-07-19T15:11:57.751+0000] {processor.py:914} INFO - Processing file /opt/airflow/dags/tmdb_incremental_sync.py for tasks to queue
[2026-07-19T15:11:57.754+0000] {logging_mixin.py:190} INFO - [2026-07-19T15:11:57.754+0000] {dagbag.py:587} INFO - Filling up the DagBag from /opt/airflow/dags/tmdb_incremental_sync.py
[2026-07-19T15:11:57.786+0000] {processor.py:925} INFO - DAG(s) 'tmdb_incremental_sync' retrieved from /opt/airflow/dags/tmdb_incremental_sync.py
[2026-07-19T15:11:57.830+0000] {logging_mixin.py:190} INFO - [2026-07-19T15:11:57.830+0000] {dag.py:3211} INFO - Sync 1 DAGs
[2026-07-19T15:11:57.868+0000] {logging_mixin.py:190} INFO - [2026-07-19T15:11:57.868+0000] {dag.py:4138} INFO - Setting next_dagrun for tmdb_incremental_sync to 2026-07-19 00:00:00+00:00, run_after=2026-07-20 00:00:00+00:00
[2026-07-19T15:11:57.897+0000] {processor.py:208} INFO - Processing /opt/airflow/dags/tmdb_incremental_sync.py took 0.156 seconds
[2026-07-19T15:12:28.228+0000] {processor.py:186} INFO - Started process (PID=31751) to work on /opt/airflow/dags/tmdb_incremental_sync.py
[2026-07-19T15:12:28.229+0000] {processor.py:914} INFO - Processing file /opt/airflow/dags/tmdb_incremental_sync.py for tasks to queue
[2026-07-19T15:12:28.234+0000] {logging_mixin.py:190} INFO - [2026-07-19T15:12:28.234+0000] {dagbag.py:587} INFO - Filling up the DagBag from /opt/airflow/dags/tmdb_incremental_sync.py
[2026-07-19T15:12:28.266+0000] {processor.py:925} INFO - DAG(s) 'tmdb_incremental_sync' retrieved from /opt/airflow/dags/tmdb_incremental_sync.py
[2026-07-19T15:12:28.310+0000] {logging_mixin.py:190} INFO - [2026-07-19T15:12:28.309+0000] {dag.py:3211} INFO - Sync 1 DAGs
[2026-07-19T15:12:28.383+0000] {logging_mixin.py:190} INFO - [2026-07-19T15:12:28.383+0000] {dag.py:4138} INFO - Setting next_dagrun for tmdb_incremental_sync to 2026-07-19 00:00:00+00:00, run_after=2026-07-20 00:00:00+00:00
[2026-07-19T15:12:28.408+0000] {processor.py:208} INFO - Processing /opt/airflow/dags/tmdb_incremental_sync.py took 0.189 seconds
[2026-07-19T15:12:58.734+0000] {processor.py:186} INFO - Started process (PID=31761) to work on /opt/airflow/dags/tmdb_incremental_sync.py
[2026-07-19T15:12:58.735+0000] {processor.py:914} INFO - Processing file /opt/airflow/dags/tmdb_incremental_sync.py for tasks to queue
[2026-07-19T15:12:58.739+0000] {logging_mixin.py:190} INFO - [2026-07-19T15:12:58.738+0000] {dagbag.py:587} INFO - Filling up the DagBag from /opt/airflow/dags/tmdb_incremental_sync.py
[2026-07-19T15:12:58.768+0000] {processor.py:925} INFO - DAG(s) 'tmdb_incremental_sync' retrieved from /opt/airflow/dags/tmdb_incremental_sync.py
[2026-07-19T15:12:58.808+0000] {logging_mixin.py:190} INFO - [2026-07-19T15:12:58.807+0000] {dag.py:3211} INFO - Sync 1 DAGs
[2026-07-19T15:12:58.846+0000] {logging_mixin.py:190} INFO - [2026-07-19T15:12:58.845+0000] {dag.py:4138} INFO - Setting next_dagrun for tmdb_incremental_sync to 2026-07-19 00:00:00+00:00, run_after=2026-07-20 00:00:00+00:00
[2026-07-19T15:12:58.870+0000] {processor.py:208} INFO - Processing /opt/airflow/dags/tmdb_incremental_sync.py took 0.145 seconds
[2026-07-19T15:13:29.176+0000] {processor.py:186} INFO - Started process (PID=31771) to work on /opt/airflow/dags/tmdb_incremental_sync.py
[2026-07-19T15:13:29.177+0000] {processor.py:914} INFO - Processing file /opt/airflow/dags/tmdb_incremental_sync.py for tasks to queue
[2026-07-19T15:13:29.180+0000] {logging_mixin.py:190} INFO - [2026-07-19T15:13:29.180+0000] {dagbag.py:587} INFO - Filling up the DagBag from /opt/airflow/dags/tmdb_incremental_sync.py
[2026-07-19T15:13:29.209+0000] {processor.py:925} INFO - DAG(s) 'tmdb_incremental_sync' retrieved from /opt/airflow/dags/tmdb_incremental_sync.py
[2026-07-19T15:13:29.377+0000] {logging_mixin.py:190} INFO - [2026-07-19T15:13:29.377+0000] {dag.py:3211} INFO - Sync 1 DAGs
[2026-07-19T15:13:29.416+0000] {logging_mixin.py:190} INFO - [2026-07-19T15:13:29.416+0000] {dag.py:4138} INFO - Setting next_dagrun for tmdb_incremental_sync to 2026-07-19 00:00:00+00:00, run_after=2026-07-20 00:00:00+00:00
[2026-07-19T15:13:29.446+0000] {processor.py:208} INFO - Processing /opt/airflow/dags/tmdb_incremental_sync.py took 0.280 seconds
[2026-07-19T15:13:59.736+0000] {processor.py:186} INFO - Started process (PID=31781) to work on /opt/airflow/dags/tmdb_incremental_sync.py
[2026-07-19T15:13:59.737+0000] {processor.py:914} INFO - Processing file /opt/airflow/dags/tmdb_incremental_sync.py for tasks to queue
[2026-07-19T15:13:59.740+0000] {logging_mixin.py:190} INFO - [2026-07-19T15:13:59.740+0000] {dagbag.py:587} INFO - Filling up the DagBag from /opt/airflow/dags/tmdb_incremental_sync.py
[2026-07-19T15:13:59.769+0000] {processor.py:925} INFO - DAG(s) 'tmdb_incremental_sync' retrieved from /opt/airflow/dags/tmdb_incremental_sync.py
[2026-07-19T15:13:59.809+0000] {logging_mixin.py:190} INFO - [2026-07-19T15:13:59.809+0000] {dag.py:3211} INFO - Sync 1 DAGs
[2026-07-19T15:13:59.846+0000] {logging_mixin.py:190} INFO - [2026-07-19T15:13:59.845+0000] {dag.py:4138} INFO - Setting next_dagrun for tmdb_incremental_sync to 2026-07-19 00:00:00+00:00, run_after=2026-07-20 00:00:00+00:00
[2026-07-19T15:13:59.872+0000] {processor.py:208} INFO - Processing /opt/airflow/dags/tmdb_incremental_sync.py took 0.145 seconds
[2026-07-19T15:14:30.277+0000] {processor.py:186} INFO - Started process (PID=31791) to work on /opt/airflow/dags/tmdb_incremental_sync.py
[2026-07-19T15:14:30.278+0000] {processor.py:914} INFO - Processing file /opt/airflow/dags/tmdb_incremental_sync.py for tasks to queue
[2026-07-19T15:14:30.281+0000] {logging_mixin.py:190} INFO - [2026-07-19T15:14:30.281+0000] {dagbag.py:587} INFO - Filling up the DagBag from /opt/airflow/dags/tmdb_incremental_sync.py
[2026-07-19T15:14:30.312+0000] {processor.py:925} INFO - DAG(s) 'tmdb_incremental_sync' retrieved from /opt/airflow/dags/tmdb_incremental_sync.py
[2026-07-19T15:14:30.357+0000] {logging_mixin.py:190} INFO - [2026-07-19T15:14:30.356+0000] {dag.py:3211} INFO - Sync 1 DAGs
[2026-07-19T15:14:30.393+0000] {logging_mixin.py:190} INFO - [2026-07-19T15:14:30.393+0000] {dag.py:4138} INFO - Setting next_dagrun for tmdb_incremental_sync to 2026-07-19 00:00:00+00:00, run_after=2026-07-20 00:00:00+00:00
[2026-07-19T15:14:30.418+0000] {processor.py:208} INFO - Processing /opt/airflow/dags/tmdb_incremental_sync.py took 0.150 seconds
[2026-07-19T15:15:00.713+0000] {processor.py:186} INFO - Started process (PID=31801) to work on /opt/airflow/dags/tmdb_incremental_sync.py
[2026-07-19T15:15:00.714+0000] {processor.py:914} INFO - Processing file /opt/airflow/dags/tmdb_incremental_sync.py for tasks to queue
[2026-07-19T15:15:00.718+0000] {logging_mixin.py:190} INFO - [2026-07-19T15:15:00.717+0000] {dagbag.py:587} INFO - Filling up the DagBag from /opt/airflow/dags/tmdb_incremental_sync.py
[2026-07-19T15:15:00.748+0000] {processor.py:925} INFO - DAG(s) 'tmdb_incremental_sync' retrieved from /opt/airflow/dags/tmdb_incremental_sync.py
[2026-07-19T15:15:00.787+0000] {logging_mixin.py:190} INFO - [2026-07-19T15:15:00.786+0000] {dag.py:3211} INFO - Sync 1 DAGs
[2026-07-19T15:15:00.823+0000] {logging_mixin.py:190} INFO - [2026-07-19T15:15:00.823+0000] {dag.py:4138} INFO - Setting next_dagrun for tmdb_incremental_sync to 2026-07-19 00:00:00+00:00, run_after=2026-07-20 00:00:00+00:00
[2026-07-19T15:15:00.849+0000] {processor.py:208} INFO - Processing /opt/airflow/dags/tmdb_incremental_sync.py took 0.144 seconds
[2026-07-19T15:15:31.165+0000] {processor.py:186} INFO - Started process (PID=31811) to work on /opt/airflow/dags/tmdb_incremental_sync.py
[2026-07-19T15:15:31.166+0000] {processor.py:914} INFO - Processing file /opt/airflow/dags/tmdb_incremental_sync.py for tasks to queue
[2026-07-19T15:15:31.170+0000] {logging_mixin.py:190} INFO - [2026-07-19T15:15:31.170+0000] {dagbag.py:587} INFO - Filling up the DagBag from /opt/airflow/dags/tmdb_incremental_sync.py
[2026-07-19T15:15:31.206+0000] {processor.py:925} INFO - DAG(s) 'tmdb_incremental_sync' retrieved from /opt/airflow/dags/tmdb_incremental_sync.py
[2026-07-19T15:15:31.250+0000] {logging_mixin.py:190} INFO - [2026-07-19T15:15:31.250+0000] {dag.py:3211} INFO - Sync 1 DAGs
[2026-07-19T15:15:31.288+0000] {logging_mixin.py:190} INFO - [2026-07-19T15:15:31.288+0000] {dag.py:4138} INFO - Setting next_dagrun for tmdb_incremental_sync to 2026-07-19 00:00:00+00:00, run_after=2026-07-20 00:00:00+00:00
[2026-07-19T15:15:31.313+0000] {processor.py:208} INFO - Processing /opt/airflow/dags/tmdb_incremental_sync.py took 0.160 seconds
[2026-07-19T15:16:01.676+0000] {processor.py:186} INFO - Started process (PID=31821) to work on /opt/airflow/dags/tmdb_incremental_sync.py
[2026-07-19T15:16:01.677+0000] {processor.py:914} INFO - Processing file /opt/airflow/dags/tmdb_incremental_sync.py for tasks to queue
[2026-07-19T15:16:01.681+0000] {logging_mixin.py:190} INFO - [2026-07-19T15:16:01.680+0000] {dagbag.py:587} INFO - Filling up the DagBag from /opt/airflow/dags/tmdb_incremental_sync.py
[2026-07-19T15:16:01.709+0000] {processor.py:925} INFO - DAG(s) 'tmdb_incremental_sync' retrieved from /opt/airflow/dags/tmdb_incremental_sync.py
[2026-07-19T15:16:01.749+0000] {logging_mixin.py:190} INFO - [2026-07-19T15:16:01.749+0000] {dag.py:3211} INFO - Sync 1 DAGs
[2026-07-19T15:16:01.787+0000] {logging_mixin.py:190} INFO - [2026-07-19T15:16:01.787+0000] {dag.py:4138} INFO - Setting next_dagrun for tmdb_incremental_sync to 2026-07-19 00:00:00+00:00, run_after=2026-07-20 00:00:00+00:00
[2026-07-19T15:16:01.812+0000] {processor.py:208} INFO - Processing /opt/airflow/dags/tmdb_incremental_sync.py took 0.144 seconds
[2026-07-19T15:16:32.110+0000] {processor.py:186} INFO - Started process (PID=31831) to work on /opt/airflow/dags/tmdb_incremental_sync.py
[2026-07-19T15:16:32.111+0000] {processor.py:914} INFO - Processing file /opt/airflow/dags/tmdb_incremental_sync.py for tasks to queue
[2026-07-19T15:16:32.115+0000] {logging_mixin.py:190} INFO - [2026-07-19T15:16:32.114+0000] {dagbag.py:587} INFO - Filling up the DagBag from /opt/airflow/dags/tmdb_incremental_sync.py
[2026-07-19T15:16:32.143+0000] {processor.py:925} INFO - DAG(s) 'tmdb_incremental_sync' retrieved from /opt/airflow/dags/tmdb_incremental_sync.py
[2026-07-19T15:16:32.358+0000] {logging_mixin.py:190} INFO - [2026-07-19T15:16:32.358+0000] {dag.py:3211} INFO - Sync 1 DAGs
[2026-07-19T15:16:32.393+0000] {logging_mixin.py:190} INFO - [2026-07-19T15:16:32.392+0000] {dag.py:4138} INFO - Setting next_dagrun for tmdb_incremental_sync to 2026-07-19 00:00:00+00:00, run_after=2026-07-20 00:00:00+00:00
[2026-07-19T15:16:32.420+0000] {processor.py:208} INFO - Processing /opt/airflow/dags/tmdb_incremental_sync.py took 0.318 seconds
[2026-07-19T15:17:02.597+0000] {processor.py:186} INFO - Started process (PID=31841) to work on /opt/airflow/dags/tmdb_incremental_sync.py
[2026-07-19T15:17:02.599+0000] {processor.py:914} INFO - Processing file /opt/airflow/dags/tmdb_incremental_sync.py for tasks to queue
[2026-07-19T15:17:02.602+0000] {logging_mixin.py:190} INFO - [2026-07-19T15:17:02.601+0000] {dagbag.py:587} INFO - Filling up the DagBag from /opt/airflow/dags/tmdb_incremental_sync.py
[2026-07-19T15:17:02.631+0000] {processor.py:925} INFO - DAG(s) 'tmdb_incremental_sync' retrieved from /opt/airflow/dags/tmdb_incremental_sync.py
[2026-07-19T15:17:02.673+0000] {logging_mixin.py:190} INFO - [2026-07-19T15:17:02.673+0000] {dag.py:3211} INFO - Sync 1 DAGs
[2026-07-19T15:17:02.710+0000] {logging_mixin.py:190} INFO - [2026-07-19T15:17:02.710+0000] {dag.py:4138} INFO - Setting next_dagrun for tmdb_incremental_sync to 2026-07-19 00:00:00+00:00, run_after=2026-07-20 00:00:00+00:00
[2026-07-19T15:17:02.736+0000] {processor.py:208} INFO - Processing /opt/airflow/dags/tmdb_incremental_sync.py took 0.148 seconds
[2026-07-19T15:17:33.054+0000] {processor.py:186} INFO - Started process (PID=31851) to work on /opt/airflow/dags/tmdb_incremental_sync.py
[2026-07-19T15:17:33.055+0000] {processor.py:914} INFO - Processing file /opt/airflow/dags/tmdb_incremental_sync.py for tasks to queue
[2026-07-19T15:17:33.058+0000] {logging_mixin.py:190} INFO - [2026-07-19T15:17:33.058+0000] {dagbag.py:587} INFO - Filling up the DagBag from /opt/airflow/dags/tmdb_incremental_sync.py
[2026-07-19T15:17:33.087+0000] {processor.py:925} INFO - DAG(s) 'tmdb_incremental_sync' retrieved from /opt/airflow/dags/tmdb_incremental_sync.py
[2026-07-19T15:17:33.128+0000] {logging_mixin.py:190} INFO - [2026-07-19T15:17:33.127+0000] {dag.py:3211} INFO - Sync 1 DAGs
[2026-07-19T15:17:33.163+0000] {logging_mixin.py:190} INFO - [2026-07-19T15:17:33.163+0000] {dag.py:4138} INFO - Setting next_dagrun for tmdb_incremental_sync to 2026-07-19 00:00:00+00:00, run_after=2026-07-20 00:00:00+00:00
[2026-07-19T15:17:33.188+0000] {processor.py:208} INFO - Processing /opt/airflow/dags/tmdb_incremental_sync.py took 0.143 seconds
[2026-07-19T15:18:03.612+0000] {processor.py:186} INFO - Started process (PID=31861) to work on /opt/airflow/dags/tmdb_incremental_sync.py
[2026-07-19T15:18:03.613+0000] {processor.py:914} INFO - Processing file /opt/airflow/dags/tmdb_incremental_sync.py for tasks to queue
[2026-07-19T15:18:03.616+0000] {logging_mixin.py:190} INFO - [2026-07-19T15:18:03.616+0000] {dagbag.py:587} INFO - Filling up the DagBag from /opt/airflow/dags/tmdb_incremental_sync.py
[2026-07-19T15:18:03.647+0000] {processor.py:925} INFO - DAG(s) 'tmdb_incremental_sync' retrieved from /opt/airflow/dags/tmdb_incremental_sync.py
[2026-07-19T15:18:03.687+0000] {logging_mixin.py:190} INFO - [2026-07-19T15:18:03.687+0000] {dag.py:3211} INFO - Sync 1 DAGs
[2026-07-19T15:18:03.725+0000] {logging_mixin.py:190} INFO - [2026-07-19T15:18:03.724+0000] {dag.py:4138} INFO - Setting next_dagrun for tmdb_incremental_sync to 2026-07-19 00:00:00+00:00, run_after=2026-07-20 00:00:00+00:00
[2026-07-19T15:18:03.749+0000] {processor.py:208} INFO - Processing /opt/airflow/dags/tmdb_incremental_sync.py took 0.145 seconds
[2026-07-19T15:18:34.061+0000] {processor.py:186} INFO - Started process (PID=31871) to work on /opt/airflow/dags/tmdb_incremental_sync.py
[2026-07-19T15:18:34.063+0000] {processor.py:914} INFO - Processing file /opt/airflow/dags/tmdb_incremental_sync.py for tasks to queue
[2026-07-19T15:18:34.067+0000] {logging_mixin.py:190} INFO - [2026-07-19T15:18:34.066+0000] {dagbag.py:587} INFO - Filling up the DagBag from /opt/airflow/dags/tmdb_incremental_sync.py
[2026-07-19T15:18:34.102+0000] {processor.py:925} INFO - DAG(s) 'tmdb_incremental_sync' retrieved from /opt/airflow/dags/tmdb_incremental_sync.py
[2026-07-19T15:18:34.145+0000] {logging_mixin.py:190} INFO - [2026-07-19T15:18:34.145+0000] {dag.py:3211} INFO - Sync 1 DAGs
[2026-07-19T15:18:34.184+0000] {logging_mixin.py:190} INFO - [2026-07-19T15:18:34.184+0000] {dag.py:4138} INFO - Setting next_dagrun for tmdb_incremental_sync to 2026-07-19 00:00:00+00:00, run_after=2026-07-20 00:00:00+00:00
[2026-07-19T15:18:34.211+0000] {processor.py:208} INFO - Processing /opt/airflow/dags/tmdb_incremental_sync.py took 0.158 seconds
[2026-07-19T15:19:04.577+0000] {processor.py:186} INFO - Started process (PID=31881) to work on /opt/airflow/dags/tmdb_incremental_sync.py
[2026-07-19T15:19:04.578+0000] {processor.py:914} INFO - Processing file /opt/airflow/dags/tmdb_incremental_sync.py for tasks to queue
[2026-07-19T15:19:04.583+0000] {logging_mixin.py:190} INFO - [2026-07-19T15:19:04.582+0000] {dagbag.py:587} INFO - Filling up the DagBag from /opt/airflow/dags/tmdb_incremental_sync.py
[2026-07-19T15:19:04.614+0000] {processor.py:925} INFO - DAG(s) 'tmdb_incremental_sync' retrieved from /opt/airflow/dags/tmdb_incremental_sync.py
[2026-07-19T15:19:04.657+0000] {logging_mixin.py:190} INFO - [2026-07-19T15:19:04.657+0000] {dag.py:3211} INFO - Sync 1 DAGs
[2026-07-19T15:19:04.697+0000] {logging_mixin.py:190} INFO - [2026-07-19T15:19:04.696+0000] {dag.py:4138} INFO - Setting next_dagrun for tmdb_incremental_sync to 2026-07-19 00:00:00+00:00, run_after=2026-07-20 00:00:00+00:00
[2026-07-19T15:19:04.722+0000] {processor.py:208} INFO - Processing /opt/airflow/dags/tmdb_incremental_sync.py took 0.157 seconds
[2026-07-19T15:19:35.016+0000] {processor.py:186} INFO - Started process (PID=31891) to work on /opt/airflow/dags/tmdb_incremental_sync.py
[2026-07-19T15:19:35.017+0000] {processor.py:914} INFO - Processing file /opt/airflow/dags/tmdb_incremental_sync.py for tasks to queue
[2026-07-19T15:19:35.021+0000] {logging_mixin.py:190} INFO - [2026-07-19T15:19:35.020+0000] {dagbag.py:587} INFO - Filling up the DagBag from /opt/airflow/dags/tmdb_incremental_sync.py
[2026-07-19T15:19:35.049+0000] {processor.py:925} INFO - DAG(s) 'tmdb_incremental_sync' retrieved from /opt/airflow/dags/tmdb_incremental_sync.py
[2026-07-19T15:19:35.090+0000] {logging_mixin.py:190} INFO - [2026-07-19T15:19:35.090+0000] {dag.py:3211} INFO - Sync 1 DAGs
[2026-07-19T15:19:35.126+0000] {logging_mixin.py:190} INFO - [2026-07-19T15:19:35.126+0000] {dag.py:4138} INFO - Setting next_dagrun for tmdb_incremental_sync to 2026-07-19 00:00:00+00:00, run_after=2026-07-20 00:00:00+00:00
[2026-07-19T15:19:35.151+0000] {processor.py:208} INFO - Processing /opt/airflow/dags/tmdb_incremental_sync.py took 0.144 seconds
[2026-07-19T15:20:05.448+0000] {processor.py:186} INFO - Started process (PID=31901) to work on /opt/airflow/dags/tmdb_incremental_sync.py
[2026-07-19T15:20:05.449+0000] {processor.py:914} INFO - Processing file /opt/airflow/dags/tmdb_incremental_sync.py for tasks to queue
[2026-07-19T15:20:05.452+0000] {logging_mixin.py:190} INFO - [2026-07-19T15:20:05.452+0000] {dagbag.py:587} INFO - Filling up the DagBag from /opt/airflow/dags/tmdb_incremental_sync.py
[2026-07-19T15:20:05.480+0000] {processor.py:925} INFO - DAG(s) 'tmdb_incremental_sync' retrieved from /opt/airflow/dags/tmdb_incremental_sync.py
[2026-07-19T15:20:05.521+0000] {logging_mixin.py:190} INFO - [2026-07-19T15:20:05.520+0000] {dag.py:3211} INFO - Sync 1 DAGs
[2026-07-19T15:20:05.559+0000] {logging_mixin.py:190} INFO - [2026-07-19T15:20:05.558+0000] {dag.py:4138} INFO - Setting next_dagrun for tmdb_incremental_sync to 2026-07-19 00:00:00+00:00, run_after=2026-07-20 00:00:00+00:00
[2026-07-19T15:20:05.585+0000] {processor.py:208} INFO - Processing /opt/airflow/dags/tmdb_incremental_sync.py took 0.146 seconds
[2026-07-19T15:20:35.887+0000] {processor.py:186} INFO - Started process (PID=31911) to work on /opt/airflow/dags/tmdb_incremental_sync.py
[2026-07-19T15:20:35.888+0000] {processor.py:914} INFO - Processing file /opt/airflow/dags/tmdb_incremental_sync.py for tasks to queue
[2026-07-19T15:20:35.893+0000] {logging_mixin.py:190} INFO - [2026-07-19T15:20:35.892+0000] {dagbag.py:587} INFO - Filling up the DagBag from /opt/airflow/dags/tmdb_incremental_sync.py
[2026-07-19T15:20:35.923+0000] {processor.py:925} INFO - DAG(s) 'tmdb_incremental_sync' retrieved from /opt/airflow/dags/tmdb_incremental_sync.py
[2026-07-19T15:20:35.963+0000] {logging_mixin.py:190} INFO - [2026-07-19T15:20:35.962+0000] {dag.py:3211} INFO - Sync 1 DAGs
[2026-07-19T15:20:36.003+0000] {logging_mixin.py:190} INFO - [2026-07-19T15:20:36.002+0000] {dag.py:4138} INFO - Setting next_dagrun for tmdb_incremental_sync to 2026-07-19 00:00:00+00:00, run_after=2026-07-20 00:00:00+00:00
[2026-07-19T15:20:36.029+0000] {processor.py:208} INFO - Processing /opt/airflow/dags/tmdb_incremental_sync.py took 0.149 seconds
[2026-07-19T15:21:06.346+0000] {processor.py:186} INFO - Started process (PID=31921) to work on /opt/airflow/dags/tmdb_incremental_sync.py
[2026-07-19T15:21:06.348+0000] {processor.py:914} INFO - Processing file /opt/airflow/dags/tmdb_incremental_sync.py for tasks to queue
[2026-07-19T15:21:06.351+0000] {logging_mixin.py:190} INFO - [2026-07-19T15:21:06.350+0000] {dagbag.py:587} INFO - Filling up the DagBag from /opt/airflow/dags/tmdb_incremental_sync.py
[2026-07-19T15:21:06.380+0000] {processor.py:925} INFO - DAG(s) 'tmdb_incremental_sync' retrieved from /opt/airflow/dags/tmdb_incremental_sync.py
[2026-07-19T15:21:06.420+0000] {logging_mixin.py:190} INFO - [2026-07-19T15:21:06.419+0000] {dag.py:3211} INFO - Sync 1 DAGs
[2026-07-19T15:21:06.458+0000] {logging_mixin.py:190} INFO - [2026-07-19T15:21:06.458+0000] {dag.py:4138} INFO - Setting next_dagrun for tmdb_incremental_sync to 2026-07-19 00:00:00+00:00, run_after=2026-07-20 00:00:00+00:00
[2026-07-19T15:21:06.484+0000] {processor.py:208} INFO - Processing /opt/airflow/dags/tmdb_incremental_sync.py took 0.145 seconds
[2026-07-19T15:21:36.796+0000] {processor.py:186} INFO - Started process (PID=31931) to work on /opt/airflow/dags/tmdb_incremental_sync.py
[2026-07-19T15:21:36.797+0000] {processor.py:914} INFO - Processing file /opt/airflow/dags/tmdb_incremental_sync.py for tasks to queue
[2026-07-19T15:21:36.801+0000] {logging_mixin.py:190} INFO - [2026-07-19T15:21:36.800+0000] {dagbag.py:587} INFO - Filling up the DagBag from /opt/airflow/dags/tmdb_incremental_sync.py
[2026-07-19T15:21:36.833+0000] {processor.py:925} INFO - DAG(s) 'tmdb_incremental_sync' retrieved from /opt/airflow/dags/tmdb_incremental_sync.py
[2026-07-19T15:21:36.882+0000] {logging_mixin.py:190} INFO - [2026-07-19T15:21:36.882+0000] {dag.py:3211} INFO - Sync 1 DAGs
[2026-07-19T15:21:36.920+0000] {logging_mixin.py:190} INFO - [2026-07-19T15:21:36.920+0000] {dag.py:4138} INFO - Setting next_dagrun for tmdb_incremental_sync to 2026-07-19 00:00:00+00:00, run_after=2026-07-20 00:00:00+00:00
[2026-07-19T15:21:36.947+0000] {processor.py:208} INFO - Processing /opt/airflow/dags/tmdb_incremental_sync.py took 0.159 seconds
[2026-07-19T15:22:07.222+0000] {processor.py:186} INFO - Started process (PID=31941) to work on /opt/airflow/dags/tmdb_incremental_sync.py
[2026-07-19T15:22:07.223+0000] {processor.py:914} INFO - Processing file /opt/airflow/dags/tmdb_incremental_sync.py for tasks to queue
[2026-07-19T15:22:07.227+0000] {logging_mixin.py:190} INFO - [2026-07-19T15:22:07.226+0000] {dagbag.py:587} INFO - Filling up the DagBag from /opt/airflow/dags/tmdb_incremental_sync.py
[2026-07-19T15:22:07.255+0000] {processor.py:925} INFO - DAG(s) 'tmdb_incremental_sync' retrieved from /opt/airflow/dags/tmdb_incremental_sync.py
[2026-07-19T15:22:07.296+0000] {logging_mixin.py:190} INFO - [2026-07-19T15:22:07.296+0000] {dag.py:3211} INFO - Sync 1 DAGs
[2026-07-19T15:22:07.332+0000] {logging_mixin.py:190} INFO - [2026-07-19T15:22:07.332+0000] {dag.py:4138} INFO - Setting next_dagrun for tmdb_incremental_sync to 2026-07-19 00:00:00+00:00, run_after=2026-07-20 00:00:00+00:00
[2026-07-19T15:22:07.358+0000] {processor.py:208} INFO - Processing /opt/airflow/dags/tmdb_incremental_sync.py took 0.145 seconds
[2026-07-19T15:22:37.652+0000] {processor.py:186} INFO - Started process (PID=31951) to work on /opt/airflow/dags/tmdb_incremental_sync.py
[2026-07-19T15:22:37.653+0000] {processor.py:914} INFO - Processing file /opt/airflow/dags/tmdb_incremental_sync.py for tasks to queue
[2026-07-19T15:22:37.658+0000] {logging_mixin.py:190} INFO - [2026-07-19T15:22:37.657+0000] {dagbag.py:587} INFO - Filling up the DagBag from /opt/airflow/dags/tmdb_incremental_sync.py
[2026-07-19T15:22:37.688+0000] {processor.py:925} INFO - DAG(s) 'tmdb_incremental_sync' retrieved from /opt/airflow/dags/tmdb_incremental_sync.py
[2026-07-19T15:22:37.736+0000] {logging_mixin.py:190} INFO - [2026-07-19T15:22:37.735+0000] {dag.py:3211} INFO - Sync 1 DAGs
[2026-07-19T15:22:37.772+0000] {logging_mixin.py:190} INFO - [2026-07-19T15:22:37.771+0000] {dag.py:4138} INFO - Setting next_dagrun for tmdb_incremental_sync to 2026-07-19 00:00:00+00:00, run_after=2026-07-20 00:00:00+00:00
[2026-07-19T15:22:37.797+0000] {processor.py:208} INFO - Processing /opt/airflow/dags/tmdb_incremental_sync.py took 0.153 seconds
[2026-07-19T15:23:08.106+0000] {processor.py:186} INFO - Started process (PID=31961) to work on /opt/airflow/dags/tmdb_incremental_sync.py
[2026-07-19T15:23:08.107+0000] {processor.py:914} INFO - Processing file /opt/airflow/dags/tmdb_incremental_sync.py for tasks to queue
[2026-07-19T15:23:08.110+0000] {logging_mixin.py:190} INFO - [2026-07-19T15:23:08.110+0000] {dagbag.py:587} INFO - Filling up the DagBag from /opt/airflow/dags/tmdb_incremental_sync.py
[2026-07-19T15:23:08.140+0000] {processor.py:925} INFO - DAG(s) 'tmdb_incremental_sync' retrieved from /opt/airflow/dags/tmdb_incremental_sync.py
[2026-07-19T15:23:08.181+0000] {logging_mixin.py:190} INFO - [2026-07-19T15:23:08.180+0000] {dag.py:3211} INFO - Sync 1 DAGs
[2026-07-19T15:23:08.218+0000] {logging_mixin.py:190} INFO - [2026-07-19T15:23:08.217+0000] {dag.py:4138} INFO - Setting next_dagrun for tmdb_incremental_sync to 2026-07-19 00:00:00+00:00, run_after=2026-07-20 00:00:00+00:00
[2026-07-19T15:23:08.245+0000] {processor.py:208} INFO - Processing /opt/airflow/dags/tmdb_incremental_sync.py took 0.147 seconds
[2026-07-19T15:23:38.555+0000] {processor.py:186} INFO - Started process (PID=31971) to work on /opt/airflow/dags/tmdb_incremental_sync.py
[2026-07-19T15:23:38.556+0000] {processor.py:914} INFO - Processing file /opt/airflow/dags/tmdb_incremental_sync.py for tasks to queue
[2026-07-19T15:23:38.559+0000] {logging_mixin.py:190} INFO - [2026-07-19T15:23:38.559+0000] {dagbag.py:587} INFO - Filling up the DagBag from /opt/airflow/dags/tmdb_incremental_sync.py
[2026-07-19T15:23:38.591+0000] {processor.py:925} INFO - DAG(s) 'tmdb_incremental_sync' retrieved from /opt/airflow/dags/tmdb_incremental_sync.py
[2026-07-19T15:23:38.635+0000] {logging_mixin.py:190} INFO - [2026-07-19T15:23:38.634+0000] {dag.py:3211} INFO - Sync 1 DAGs
[2026-07-19T15:23:38.671+0000] {logging_mixin.py:190} INFO - [2026-07-19T15:23:38.671+0000] {dag.py:4138} INFO - Setting next_dagrun for tmdb_incremental_sync to 2026-07-19 00:00:00+00:00, run_after=2026-07-20 00:00:00+00:00
[2026-07-19T15:23:38.699+0000] {processor.py:208} INFO - Processing /opt/airflow/dags/tmdb_incremental_sync.py took 0.155 seconds
[2026-07-19T15:24:08.976+0000] {processor.py:186} INFO - Started process (PID=31981) to work on /opt/airflow/dags/tmdb_incremental_sync.py
[2026-07-19T15:24:08.977+0000] {processor.py:914} INFO - Processing file /opt/airflow/dags/tmdb_incremental_sync.py for tasks to queue
[2026-07-19T15:24:08.981+0000] {logging_mixin.py:190} INFO - [2026-07-19T15:24:08.980+0000] {dagbag.py:587} INFO - Filling up the DagBag from /opt/airflow/dags/tmdb_incremental_sync.py
[2026-07-19T15:24:09.010+0000] {processor.py:925} INFO - DAG(s) 'tmdb_incremental_sync' retrieved from /opt/airflow/dags/tmdb_incremental_sync.py
[2026-07-19T15:24:09.050+0000] {logging_mixin.py:190} INFO - [2026-07-19T15:24:09.050+0000] {dag.py:3211} INFO - Sync 1 DAGs
[2026-07-19T15:24:09.086+0000] {logging_mixin.py:190} INFO - [2026-07-19T15:24:09.086+0000] {dag.py:4138} INFO - Setting next_dagrun for tmdb_incremental_sync to 2026-07-19 00:00:00+00:00, run_after=2026-07-20 00:00:00+00:00
[2026-07-19T15:24:09.113+0000] {processor.py:208} INFO - Processing /opt/airflow/dags/tmdb_incremental_sync.py took 0.144 seconds
[2026-07-19T15:24:39.407+0000] {processor.py:186} INFO - Started process (PID=31991) to work on /opt/airflow/dags/tmdb_incremental_sync.py
[2026-07-19T15:24:39.408+0000] {processor.py:914} INFO - Processing file /opt/airflow/dags/tmdb_incremental_sync.py for tasks to queue
[2026-07-19T15:24:39.412+0000] {logging_mixin.py:190} INFO - [2026-07-19T15:24:39.412+0000] {dagbag.py:587} INFO - Filling up the DagBag from /opt/airflow/dags/tmdb_incremental_sync.py
[2026-07-19T15:24:39.441+0000] {processor.py:925} INFO - DAG(s) 'tmdb_incremental_sync' retrieved from /opt/airflow/dags/tmdb_incremental_sync.py
[2026-07-19T15:24:39.482+0000] {logging_mixin.py:190} INFO - [2026-07-19T15:24:39.481+0000] {dag.py:3211} INFO - Sync 1 DAGs
[2026-07-19T15:24:39.517+0000] {logging_mixin.py:190} INFO - [2026-07-19T15:24:39.517+0000] {dag.py:4138} INFO - Setting next_dagrun for tmdb_incremental_sync to 2026-07-19 00:00:00+00:00, run_after=2026-07-20 00:00:00+00:00
[2026-07-19T15:24:39.542+0000] {processor.py:208} INFO - Processing /opt/airflow/dags/tmdb_incremental_sync.py took 0.144 seconds
[2026-07-19T15:25:09.861+0000] {processor.py:186} INFO - Started process (PID=32001) to work on /opt/airflow/dags/tmdb_incremental_sync.py
[2026-07-19T15:25:09.862+0000] {processor.py:914} INFO - Processing file /opt/airflow/dags/tmdb_incremental_sync.py for tasks to queue
[2026-07-19T15:25:09.913+0000] {logging_mixin.py:190} INFO - [2026-07-19T15:25:09.905+0000] {dagbag.py:587} INFO - Filling up the DagBag from /opt/airflow/dags/tmdb_incremental_sync.py
[2026-07-19T15:25:10.284+0000] {processor.py:925} INFO - DAG(s) 'tmdb_incremental_sync' retrieved from /opt/airflow/dags/tmdb_incremental_sync.py
[2026-07-19T15:25:10.417+0000] {logging_mixin.py:190} INFO - [2026-07-19T15:25:10.416+0000] {dag.py:3211} INFO - Sync 1 DAGs
[2026-07-19T15:25:10.456+0000] {logging_mixin.py:190} INFO - [2026-07-19T15:25:10.456+0000] {dag.py:4138} INFO - Setting next_dagrun for tmdb_incremental_sync to 2026-07-19 00:00:00+00:00, run_after=2026-07-20 00:00:00+00:00
[2026-07-19T15:25:10.483+0000] {processor.py:208} INFO - Processing /opt/airflow/dags/tmdb_incremental_sync.py took 0.639 seconds
[2026-07-19T15:25:40.799+0000] {processor.py:186} INFO - Started process (PID=32011) to work on /opt/airflow/dags/tmdb_incremental_sync.py
[2026-07-19T15:25:40.800+0000] {processor.py:914} INFO - Processing file /opt/airflow/dags/tmdb_incremental_sync.py for tasks to queue
[2026-07-19T15:25:40.803+0000] {logging_mixin.py:190} INFO - [2026-07-19T15:25:40.803+0000] {dagbag.py:587} INFO - Filling up the DagBag from /opt/airflow/dags/tmdb_incremental_sync.py
[2026-07-19T15:25:40.833+0000] {processor.py:925} INFO - DAG(s) 'tmdb_incremental_sync' retrieved from /opt/airflow/dags/tmdb_incremental_sync.py
[2026-07-19T15:25:40.873+0000] {logging_mixin.py:190} INFO - [2026-07-19T15:25:40.873+0000] {dag.py:3211} INFO - Sync 1 DAGs
[2026-07-19T15:25:40.910+0000] {logging_mixin.py:190} INFO - [2026-07-19T15:25:40.910+0000] {dag.py:4138} INFO - Setting next_dagrun for tmdb_incremental_sync to 2026-07-19 00:00:00+00:00, run_after=2026-07-20 00:00:00+00:00
[2026-07-19T15:25:40.935+0000] {processor.py:208} INFO - Processing /opt/airflow/dags/tmdb_incremental_sync.py took 0.145 seconds
[2026-07-19T15:26:11.317+0000] {processor.py:186} INFO - Started process (PID=32021) to work on /opt/airflow/dags/tmdb_incremental_sync.py
[2026-07-19T15:26:11.318+0000] {processor.py:914} INFO - Processing file /opt/airflow/dags/tmdb_incremental_sync.py for tasks to queue
[2026-07-19T15:26:11.321+0000] {logging_mixin.py:190} INFO - [2026-07-19T15:26:11.321+0000] {dagbag.py:587} INFO - Filling up the DagBag from /opt/airflow/dags/tmdb_incremental_sync.py
[2026-07-19T15:26:11.351+0000] {processor.py:925} INFO - DAG(s) 'tmdb_incremental_sync' retrieved from /opt/airflow/dags/tmdb_incremental_sync.py
[2026-07-19T15:26:11.392+0000] {logging_mixin.py:190} INFO - [2026-07-19T15:26:11.392+0000] {dag.py:3211} INFO - Sync 1 DAGs
[2026-07-19T15:26:11.429+0000] {logging_mixin.py:190} INFO - [2026-07-19T15:26:11.429+0000] {dag.py:4138} INFO - Setting next_dagrun for tmdb_incremental_sync to 2026-07-19 00:00:00+00:00, run_after=2026-07-20 00:00:00+00:00
[2026-07-19T15:26:11.454+0000] {processor.py:208} INFO - Processing /opt/airflow/dags/tmdb_incremental_sync.py took 0.147 seconds
[2026-07-19T15:26:41.760+0000] {processor.py:186} INFO - Started process (PID=32031) to work on /opt/airflow/dags/tmdb_incremental_sync.py
[2026-07-19T15:26:41.761+0000] {processor.py:914} INFO - Processing file /opt/airflow/dags/tmdb_incremental_sync.py for tasks to queue
[2026-07-19T15:26:41.765+0000] {logging_mixin.py:190} INFO - [2026-07-19T15:26:41.765+0000] {dagbag.py:587} INFO - Filling up the DagBag from /opt/airflow/dags/tmdb_incremental_sync.py
[2026-07-19T15:26:41.799+0000] {processor.py:925} INFO - DAG(s) 'tmdb_incremental_sync' retrieved from /opt/airflow/dags/tmdb_incremental_sync.py
[2026-07-19T15:26:41.841+0000] {logging_mixin.py:190} INFO - [2026-07-19T15:26:41.841+0000] {dag.py:3211} INFO - Sync 1 DAGs
[2026-07-19T15:26:41.881+0000] {logging_mixin.py:190} INFO - [2026-07-19T15:26:41.880+0000] {dag.py:4138} INFO - Setting next_dagrun for tmdb_incremental_sync to 2026-07-19 00:00:00+00:00, run_after=2026-07-20 00:00:00+00:00
[2026-07-19T15:26:41.913+0000] {processor.py:208} INFO - Processing /opt/airflow/dags/tmdb_incremental_sync.py took 0.161 seconds
[2026-07-19T15:27:12.213+0000] {processor.py:186} INFO - Started process (PID=32041) to work on /opt/airflow/dags/tmdb_incremental_sync.py
[2026-07-19T15:27:12.214+0000] {processor.py:914} INFO - Processing file /opt/airflow/dags/tmdb_incremental_sync.py for tasks to queue
[2026-07-19T15:27:12.218+0000] {logging_mixin.py:190} INFO - [2026-07-19T15:27:12.217+0000] {dagbag.py:587} INFO - Filling up the DagBag from /opt/airflow/dags/tmdb_incremental_sync.py
[2026-07-19T15:27:12.248+0000] {processor.py:925} INFO - DAG(s) 'tmdb_incremental_sync' retrieved from /opt/airflow/dags/tmdb_incremental_sync.py
[2026-07-19T15:27:12.288+0000] {logging_mixin.py:190} INFO - [2026-07-19T15:27:12.287+0000] {dag.py:3211} INFO - Sync 1 DAGs
[2026-07-19T15:27:12.324+0000] {logging_mixin.py:190} INFO - [2026-07-19T15:27:12.324+0000] {dag.py:4138} INFO - Setting next_dagrun for tmdb_incremental_sync to 2026-07-19 00:00:00+00:00, run_after=2026-07-20 00:00:00+00:00
[2026-07-19T15:27:12.349+0000] {processor.py:208} INFO - Processing /opt/airflow/dags/tmdb_incremental_sync.py took 0.144 seconds
[2026-07-19T15:27:42.641+0000] {processor.py:186} INFO - Started process (PID=32051) to work on /opt/airflow/dags/tmdb_incremental_sync.py
[2026-07-19T15:27:42.643+0000] {processor.py:914} INFO - Processing file /opt/airflow/dags/tmdb_incremental_sync.py for tasks to queue
[2026-07-19T15:27:42.646+0000] {logging_mixin.py:190} INFO - [2026-07-19T15:27:42.646+0000] {dagbag.py:587} INFO - Filling up the DagBag from /opt/airflow/dags/tmdb_incremental_sync.py
[2026-07-19T15:27:42.676+0000] {processor.py:925} INFO - DAG(s) 'tmdb_incremental_sync' retrieved from /opt/airflow/dags/tmdb_incremental_sync.py
[2026-07-19T15:27:42.718+0000] {logging_mixin.py:190} INFO - [2026-07-19T15:27:42.717+0000] {dag.py:3211} INFO - Sync 1 DAGs
[2026-07-19T15:27:42.754+0000] {logging_mixin.py:190} INFO - [2026-07-19T15:27:42.754+0000] {dag.py:4138} INFO - Setting next_dagrun for tmdb_incremental_sync to 2026-07-19 00:00:00+00:00, run_after=2026-07-20 00:00:00+00:00
[2026-07-19T15:27:42.778+0000] {processor.py:208} INFO - Processing /opt/airflow/dags/tmdb_incremental_sync.py took 0.145 seconds
[2026-07-19T15:28:13.113+0000] {processor.py:186} INFO - Started process (PID=32061) to work on /opt/airflow/dags/tmdb_incremental_sync.py
[2026-07-19T15:28:13.115+0000] {processor.py:914} INFO - Processing file /opt/airflow/dags/tmdb_incremental_sync.py for tasks to queue
[2026-07-19T15:28:13.121+0000] {logging_mixin.py:190} INFO - [2026-07-19T15:28:13.120+0000] {dagbag.py:587} INFO - Filling up the DagBag from /opt/airflow/dags/tmdb_incremental_sync.py
[2026-07-19T15:28:13.156+0000] {processor.py:925} INFO - DAG(s) 'tmdb_incremental_sync' retrieved from /opt/airflow/dags/tmdb_incremental_sync.py
[2026-07-19T15:28:13.231+0000] {logging_mixin.py:190} INFO - [2026-07-19T15:28:13.229+0000] {dag.py:3211} INFO - Sync 1 DAGs
[2026-07-19T15:28:13.410+0000] {logging_mixin.py:190} INFO - [2026-07-19T15:28:13.410+0000] {dag.py:4138} INFO - Setting next_dagrun for tmdb_incremental_sync to 2026-07-19 00:00:00+00:00, run_after=2026-07-20 00:00:00+00:00
[2026-07-19T15:28:13.437+0000] {processor.py:208} INFO - Processing /opt/airflow/dags/tmdb_incremental_sync.py took 0.334 seconds
[2026-07-19T15:28:43.744+0000] {processor.py:186} INFO - Started process (PID=32071) to work on /opt/airflow/dags/tmdb_incremental_sync.py
[2026-07-19T15:28:43.745+0000] {processor.py:914} INFO - Processing file /opt/airflow/dags/tmdb_incremental_sync.py for tasks to queue
[2026-07-19T15:28:43.748+0000] {logging_mixin.py:190} INFO - [2026-07-19T15:28:43.747+0000] {dagbag.py:587} INFO - Filling up the DagBag from /opt/airflow/dags/tmdb_incremental_sync.py
[2026-07-19T15:28:43.777+0000] {processor.py:925} INFO - DAG(s) 'tmdb_incremental_sync' retrieved from /opt/airflow/dags/tmdb_incremental_sync.py
[2026-07-19T15:28:43.820+0000] {logging_mixin.py:190} INFO - [2026-07-19T15:28:43.820+0000] {dag.py:3211} INFO - Sync 1 DAGs
[2026-07-19T15:28:43.880+0000] {logging_mixin.py:190} INFO - [2026-07-19T15:28:43.879+0000] {dag.py:4138} INFO - Setting next_dagrun for tmdb_incremental_sync to 2026-07-19 00:00:00+00:00, run_after=2026-07-20 00:00:00+00:00
[2026-07-19T15:28:43.908+0000] {processor.py:208} INFO - Processing /opt/airflow/dags/tmdb_incremental_sync.py took 0.174 seconds
[2026-07-19T15:29:14.229+0000] {processor.py:186} INFO - Started process (PID=32081) to work on /opt/airflow/dags/tmdb_incremental_sync.py
[2026-07-19T15:29:14.230+0000] {processor.py:914} INFO - Processing file /opt/airflow/dags/tmdb_incremental_sync.py for tasks to queue
[2026-07-19T15:29:14.233+0000] {logging_mixin.py:190} INFO - [2026-07-19T15:29:14.233+0000] {dagbag.py:587} INFO - Filling up the DagBag from /opt/airflow/dags/tmdb_incremental_sync.py
[2026-07-19T15:29:14.262+0000] {processor.py:925} INFO - DAG(s) 'tmdb_incremental_sync' retrieved from /opt/airflow/dags/tmdb_incremental_sync.py
[2026-07-19T15:29:14.303+0000] {logging_mixin.py:190} INFO - [2026-07-19T15:29:14.303+0000] {dag.py:3211} INFO - Sync 1 DAGs
[2026-07-19T15:29:14.340+0000] {logging_mixin.py:190} INFO - [2026-07-19T15:29:14.340+0000] {dag.py:4138} INFO - Setting next_dagrun for tmdb_incremental_sync to 2026-07-19 00:00:00+00:00, run_after=2026-07-20 00:00:00+00:00
[2026-07-19T15:29:14.368+0000] {processor.py:208} INFO - Processing /opt/airflow/dags/tmdb_incremental_sync.py took 0.148 seconds
[2026-07-19T15:29:44.667+0000] {processor.py:186} INFO - Started process (PID=32091) to work on /opt/airflow/dags/tmdb_incremental_sync.py
[2026-07-19T15:29:44.668+0000] {processor.py:914} INFO - Processing file /opt/airflow/dags/tmdb_incremental_sync.py for tasks to queue
[2026-07-19T15:29:44.672+0000] {logging_mixin.py:190} INFO - [2026-07-19T15:29:44.671+0000] {dagbag.py:587} INFO - Filling up the DagBag from /opt/airflow/dags/tmdb_incremental_sync.py
[2026-07-19T15:29:44.700+0000] {processor.py:925} INFO - DAG(s) 'tmdb_incremental_sync' retrieved from /opt/airflow/dags/tmdb_incremental_sync.py
[2026-07-19T15:29:44.740+0000] {logging_mixin.py:190} INFO - [2026-07-19T15:29:44.740+0000] {dag.py:3211} INFO - Sync 1 DAGs
[2026-07-19T15:29:44.777+0000] {logging_mixin.py:190} INFO - [2026-07-19T15:29:44.777+0000] {dag.py:4138} INFO - Setting next_dagrun for tmdb_incremental_sync to 2026-07-19 00:00:00+00:00, run_after=2026-07-20 00:00:00+00:00
[2026-07-19T15:29:44.802+0000] {processor.py:208} INFO - Processing /opt/airflow/dags/tmdb_incremental_sync.py took 0.143 seconds
[2026-07-19T15:30:15.098+0000] {processor.py:186} INFO - Started process (PID=32101) to work on /opt/airflow/dags/tmdb_incremental_sync.py
[2026-07-19T15:30:15.100+0000] {processor.py:914} INFO - Processing file /opt/airflow/dags/tmdb_incremental_sync.py for tasks to queue
[2026-07-19T15:30:15.107+0000] {logging_mixin.py:190} INFO - [2026-07-19T15:30:15.106+0000] {dagbag.py:587} INFO - Filling up the DagBag from /opt/airflow/dags/tmdb_incremental_sync.py
[2026-07-19T15:30:15.138+0000] {processor.py:925} INFO - DAG(s) 'tmdb_incremental_sync' retrieved from /opt/airflow/dags/tmdb_incremental_sync.py
[2026-07-19T15:30:15.179+0000] {logging_mixin.py:190} INFO - [2026-07-19T15:30:15.179+0000] {dag.py:3211} INFO - Sync 1 DAGs
[2026-07-19T15:30:15.215+0000] {logging_mixin.py:190} INFO - [2026-07-19T15:30:15.214+0000] {dag.py:4138} INFO - Setting next_dagrun for tmdb_incremental_sync to 2026-07-19 00:00:00+00:00, run_after=2026-07-20 00:00:00+00:00
[2026-07-19T15:30:15.241+0000] {processor.py:208} INFO - Processing /opt/airflow/dags/tmdb_incremental_sync.py took 0.151 seconds
[2026-07-19T15:30:45.540+0000] {processor.py:186} INFO - Started process (PID=32111) to work on /opt/airflow/dags/tmdb_incremental_sync.py
[2026-07-19T15:30:45.541+0000] {processor.py:914} INFO - Processing file /opt/airflow/dags/tmdb_incremental_sync.py for tasks to queue
[2026-07-19T15:30:45.545+0000] {logging_mixin.py:190} INFO - [2026-07-19T15:30:45.544+0000] {dagbag.py:587} INFO - Filling up the DagBag from /opt/airflow/dags/tmdb_incremental_sync.py
[2026-07-19T15:30:45.575+0000] {processor.py:925} INFO - DAG(s) 'tmdb_incremental_sync' retrieved from /opt/airflow/dags/tmdb_incremental_sync.py
[2026-07-19T15:30:45.616+0000] {logging_mixin.py:190} INFO - [2026-07-19T15:30:45.616+0000] {dag.py:3211} INFO - Sync 1 DAGs
[2026-07-19T15:30:45.655+0000] {logging_mixin.py:190} INFO - [2026-07-19T15:30:45.654+0000] {dag.py:4138} INFO - Setting next_dagrun for tmdb_incremental_sync to 2026-07-19 00:00:00+00:00, run_after=2026-07-20 00:00:00+00:00
[2026-07-19T15:30:45.681+0000] {processor.py:208} INFO - Processing /opt/airflow/dags/tmdb_incremental_sync.py took 0.150 seconds
[2026-07-19T15:31:16.042+0000] {processor.py:186} INFO - Started process (PID=32121) to work on /opt/airflow/dags/tmdb_incremental_sync.py
[2026-07-19T15:31:16.043+0000] {processor.py:914} INFO - Processing file /opt/airflow/dags/tmdb_incremental_sync.py for tasks to queue
[2026-07-19T15:31:16.047+0000] {logging_mixin.py:190} INFO - [2026-07-19T15:31:16.047+0000] {dagbag.py:587} INFO - Filling up the DagBag from /opt/airflow/dags/tmdb_incremental_sync.py
[2026-07-19T15:31:16.078+0000] {processor.py:925} INFO - DAG(s) 'tmdb_incremental_sync' retrieved from /opt/airflow/dags/tmdb_incremental_sync.py
[2026-07-19T15:31:16.119+0000] {logging_mixin.py:190} INFO - [2026-07-19T15:31:16.118+0000] {dag.py:3211} INFO - Sync 1 DAGs
[2026-07-19T15:31:16.158+0000] {logging_mixin.py:190} INFO - [2026-07-19T15:31:16.157+0000] {dag.py:4138} INFO - Setting next_dagrun for tmdb_incremental_sync to 2026-07-19 00:00:00+00:00, run_after=2026-07-20 00:00:00+00:00
[2026-07-19T15:31:16.185+0000] {processor.py:208} INFO - Processing /opt/airflow/dags/tmdb_incremental_sync.py took 0.158 seconds
[2026-07-19T15:31:46.494+0000] {processor.py:186} INFO - Started process (PID=32131) to work on /opt/airflow/dags/tmdb_incremental_sync.py
[2026-07-19T15:31:46.495+0000] {processor.py:914} INFO - Processing file /opt/airflow/dags/tmdb_incremental_sync.py for tasks to queue
[2026-07-19T15:31:46.499+0000] {logging_mixin.py:190} INFO - [2026-07-19T15:31:46.498+0000] {dagbag.py:587} INFO - Filling up the DagBag from /opt/airflow/dags/tmdb_incremental_sync.py
[2026-07-19T15:31:46.530+0000] {processor.py:925} INFO - DAG(s) 'tmdb_incremental_sync' retrieved from /opt/airflow/dags/tmdb_incremental_sync.py
[2026-07-19T15:31:46.574+0000] {logging_mixin.py:190} INFO - [2026-07-19T15:31:46.574+0000] {dag.py:3211} INFO - Sync 1 DAGs
[2026-07-19T15:31:46.613+0000] {logging_mixin.py:190} INFO - [2026-07-19T15:31:46.613+0000] {dag.py:4138} INFO - Setting next_dagrun for tmdb_incremental_sync to 2026-07-19 00:00:00+00:00, run_after=2026-07-20 00:00:00+00:00
[2026-07-19T15:31:46.641+0000] {processor.py:208} INFO - Processing /opt/airflow/dags/tmdb_incremental_sync.py took 0.155 seconds
[2026-07-19T15:32:16.946+0000] {processor.py:186} INFO - Started process (PID=32141) to work on /opt/airflow/dags/tmdb_incremental_sync.py
[2026-07-19T15:32:16.947+0000] {processor.py:914} INFO - Processing file /opt/airflow/dags/tmdb_incremental_sync.py for tasks to queue
[2026-07-19T15:32:16.950+0000] {logging_mixin.py:190} INFO - [2026-07-19T15:32:16.950+0000] {dagbag.py:587} INFO - Filling up the DagBag from /opt/airflow/dags/tmdb_incremental_sync.py
[2026-07-19T15:32:16.980+0000] {processor.py:925} INFO - DAG(s) 'tmdb_incremental_sync' retrieved from /opt/airflow/dags/tmdb_incremental_sync.py
[2026-07-19T15:32:17.019+0000] {logging_mixin.py:190} INFO - [2026-07-19T15:32:17.019+0000] {dag.py:3211} INFO - Sync 1 DAGs
[2026-07-19T15:32:17.061+0000] {logging_mixin.py:190} INFO - [2026-07-19T15:32:17.061+0000] {dag.py:4138} INFO - Setting next_dagrun for tmdb_incremental_sync to 2026-07-19 00:00:00+00:00, run_after=2026-07-20 00:00:00+00:00
[2026-07-19T15:32:17.086+0000] {processor.py:208} INFO - Processing /opt/airflow/dags/tmdb_incremental_sync.py took 0.150 seconds
[2026-07-19T15:32:47.400+0000] {processor.py:186} INFO - Started process (PID=32151) to work on /opt/airflow/dags/tmdb_incremental_sync.py
[2026-07-19T15:32:47.401+0000] {processor.py:914} INFO - Processing file /opt/airflow/dags/tmdb_incremental_sync.py for tasks to queue
[2026-07-19T15:32:47.405+0000] {logging_mixin.py:190} INFO - [2026-07-19T15:32:47.404+0000] {dagbag.py:587} INFO - Filling up the DagBag from /opt/airflow/dags/tmdb_incremental_sync.py
[2026-07-19T15:32:47.435+0000] {processor.py:925} INFO - DAG(s) 'tmdb_incremental_sync' retrieved from /opt/airflow/dags/tmdb_incremental_sync.py
[2026-07-19T15:32:47.479+0000] {logging_mixin.py:190} INFO - [2026-07-19T15:32:47.479+0000] {dag.py:3211} INFO - Sync 1 DAGs
[2026-07-19T15:32:47.516+0000] {logging_mixin.py:190} INFO - [2026-07-19T15:32:47.516+0000] {dag.py:4138} INFO - Setting next_dagrun for tmdb_incremental_sync to 2026-07-19 00:00:00+00:00, run_after=2026-07-20 00:00:00+00:00
[2026-07-19T15:32:47.541+0000] {processor.py:208} INFO - Processing /opt/airflow/dags/tmdb_incremental_sync.py took 0.149 seconds
[2026-07-19T15:33:17.836+0000] {processor.py:186} INFO - Started process (PID=32161) to work on /opt/airflow/dags/tmdb_incremental_sync.py
[2026-07-19T15:33:17.837+0000] {processor.py:914} INFO - Processing file /opt/airflow/dags/tmdb_incremental_sync.py for tasks to queue
[2026-07-19T15:33:17.840+0000] {logging_mixin.py:190} INFO - [2026-07-19T15:33:17.840+0000] {dagbag.py:587} INFO - Filling up the DagBag from /opt/airflow/dags/tmdb_incremental_sync.py
[2026-07-19T15:33:17.874+0000] {processor.py:925} INFO - DAG(s) 'tmdb_incremental_sync' retrieved from /opt/airflow/dags/tmdb_incremental_sync.py
[2026-07-19T15:33:17.918+0000] {logging_mixin.py:190} INFO - [2026-07-19T15:33:17.917+0000] {dag.py:3211} INFO - Sync 1 DAGs
[2026-07-19T15:33:17.954+0000] {logging_mixin.py:190} INFO - [2026-07-19T15:33:17.954+0000] {dag.py:4138} INFO - Setting next_dagrun for tmdb_incremental_sync to 2026-07-19 00:00:00+00:00, run_after=2026-07-20 00:00:00+00:00
[2026-07-19T15:33:17.980+0000] {processor.py:208} INFO - Processing /opt/airflow/dags/tmdb_incremental_sync.py took 0.154 seconds
[2026-07-19T15:33:48.277+0000] {processor.py:186} INFO - Started process (PID=32171) to work on /opt/airflow/dags/tmdb_incremental_sync.py
[2026-07-19T15:33:48.278+0000] {processor.py:914} INFO - Processing file /opt/airflow/dags/tmdb_incremental_sync.py for tasks to queue
[2026-07-19T15:33:48.282+0000] {logging_mixin.py:190} INFO - [2026-07-19T15:33:48.282+0000] {dagbag.py:587} INFO - Filling up the DagBag from /opt/airflow/dags/tmdb_incremental_sync.py
[2026-07-19T15:33:48.313+0000] {processor.py:925} INFO - DAG(s) 'tmdb_incremental_sync' retrieved from /opt/airflow/dags/tmdb_incremental_sync.py
[2026-07-19T15:33:48.354+0000] {logging_mixin.py:190} INFO - [2026-07-19T15:33:48.353+0000] {dag.py:3211} INFO - Sync 1 DAGs
[2026-07-19T15:33:48.390+0000] {logging_mixin.py:190} INFO - [2026-07-19T15:33:48.390+0000] {dag.py:4138} INFO - Setting next_dagrun for tmdb_incremental_sync to 2026-07-19 00:00:00+00:00, run_after=2026-07-20 00:00:00+00:00
[2026-07-19T15:33:48.524+0000] {processor.py:208} INFO - Processing /opt/airflow/dags/tmdb_incremental_sync.py took 0.255 seconds
[2026-07-19T15:34:18.862+0000] {processor.py:186} INFO - Started process (PID=32181) to work on /opt/airflow/dags/tmdb_incremental_sync.py
[2026-07-19T15:34:18.863+0000] {processor.py:914} INFO - Processing file /opt/airflow/dags/tmdb_incremental_sync.py for tasks to queue
[2026-07-19T15:34:18.867+0000] {logging_mixin.py:190} INFO - [2026-07-19T15:34:18.867+0000] {dagbag.py:587} INFO - Filling up the DagBag from /opt/airflow/dags/tmdb_incremental_sync.py
[2026-07-19T15:34:18.896+0000] {processor.py:925} INFO - DAG(s) 'tmdb_incremental_sync' retrieved from /opt/airflow/dags/tmdb_incremental_sync.py
[2026-07-19T15:34:18.937+0000] {logging_mixin.py:190} INFO - [2026-07-19T15:34:18.937+0000] {dag.py:3211} INFO - Sync 1 DAGs
[2026-07-19T15:34:18.975+0000] {logging_mixin.py:190} INFO - [2026-07-19T15:34:18.974+0000] {dag.py:4138} INFO - Setting next_dagrun for tmdb_incremental_sync to 2026-07-19 00:00:00+00:00, run_after=2026-07-20 00:00:00+00:00
[2026-07-19T15:34:18.999+0000] {processor.py:208} INFO - Processing /opt/airflow/dags/tmdb_incremental_sync.py took 0.145 seconds
[2026-07-19T15:34:49.445+0000] {processor.py:186} INFO - Started process (PID=32191) to work on /opt/airflow/dags/tmdb_incremental_sync.py
[2026-07-19T15:34:49.446+0000] {processor.py:914} INFO - Processing file /opt/airflow/dags/tmdb_incremental_sync.py for tasks to queue
[2026-07-19T15:34:49.450+0000] {logging_mixin.py:190} INFO - [2026-07-19T15:34:49.449+0000] {dagbag.py:587} INFO - Filling up the DagBag from /opt/airflow/dags/tmdb_incremental_sync.py
[2026-07-19T15:34:49.482+0000] {processor.py:925} INFO - DAG(s) 'tmdb_incremental_sync' retrieved from /opt/airflow/dags/tmdb_incremental_sync.py
[2026-07-19T15:34:49.526+0000] {logging_mixin.py:190} INFO - [2026-07-19T15:34:49.526+0000] {dag.py:3211} INFO - Sync 1 DAGs
[2026-07-19T15:34:49.570+0000] {logging_mixin.py:190} INFO - [2026-07-19T15:34:49.570+0000] {dag.py:4138} INFO - Setting next_dagrun for tmdb_incremental_sync to 2026-07-19 00:00:00+00:00, run_after=2026-07-20 00:00:00+00:00
[2026-07-19T15:34:49.605+0000] {processor.py:208} INFO - Processing /opt/airflow/dags/tmdb_incremental_sync.py took 0.169 seconds
[2026-07-19T15:35:19.913+0000] {processor.py:186} INFO - Started process (PID=32201) to work on /opt/airflow/dags/tmdb_incremental_sync.py
[2026-07-19T15:35:19.914+0000] {processor.py:914} INFO - Processing file /opt/airflow/dags/tmdb_incremental_sync.py for tasks to queue
[2026-07-19T15:35:19.918+0000] {logging_mixin.py:190} INFO - [2026-07-19T15:35:19.917+0000] {dagbag.py:587} INFO - Filling up the DagBag from /opt/airflow/dags/tmdb_incremental_sync.py
[2026-07-19T15:35:19.947+0000] {processor.py:925} INFO - DAG(s) 'tmdb_incremental_sync' retrieved from /opt/airflow/dags/tmdb_incremental_sync.py
[2026-07-19T15:35:19.987+0000] {logging_mixin.py:190} INFO - [2026-07-19T15:35:19.987+0000] {dag.py:3211} INFO - Sync 1 DAGs
[2026-07-19T15:35:20.026+0000] {logging_mixin.py:190} INFO - [2026-07-19T15:35:20.025+0000] {dag.py:4138} INFO - Setting next_dagrun for tmdb_incremental_sync to 2026-07-19 00:00:00+00:00, run_after=2026-07-20 00:00:00+00:00
[2026-07-19T15:35:20.052+0000] {processor.py:208} INFO - Processing /opt/airflow/dags/tmdb_incremental_sync.py took 0.149 seconds
[2026-07-19T15:35:50.338+0000] {processor.py:186} INFO - Started process (PID=32211) to work on /opt/airflow/dags/tmdb_incremental_sync.py
[2026-07-19T15:35:50.339+0000] {processor.py:914} INFO - Processing file /opt/airflow/dags/tmdb_incremental_sync.py for tasks to queue
[2026-07-19T15:35:50.343+0000] {logging_mixin.py:190} INFO - [2026-07-19T15:35:50.342+0000] {dagbag.py:587} INFO - Filling up the DagBag from /opt/airflow/dags/tmdb_incremental_sync.py
[2026-07-19T15:35:50.374+0000] {processor.py:925} INFO - DAG(s) 'tmdb_incremental_sync' retrieved from /opt/airflow/dags/tmdb_incremental_sync.py
[2026-07-19T15:35:50.414+0000] {logging_mixin.py:190} INFO - [2026-07-19T15:35:50.413+0000] {dag.py:3211} INFO - Sync 1 DAGs
[2026-07-19T15:35:50.453+0000] {logging_mixin.py:190} INFO - [2026-07-19T15:35:50.453+0000] {dag.py:4138} INFO - Setting next_dagrun for tmdb_incremental_sync to 2026-07-19 00:00:00+00:00, run_after=2026-07-20 00:00:00+00:00
[2026-07-19T15:35:50.482+0000] {processor.py:208} INFO - Processing /opt/airflow/dags/tmdb_incremental_sync.py took 0.153 seconds
[2026-07-19T15:36:20.760+0000] {processor.py:186} INFO - Started process (PID=32221) to work on /opt/airflow/dags/tmdb_incremental_sync.py
[2026-07-19T15:36:20.761+0000] {processor.py:914} INFO - Processing file /opt/airflow/dags/tmdb_incremental_sync.py for tasks to queue
[2026-07-19T15:36:20.764+0000] {logging_mixin.py:190} INFO - [2026-07-19T15:36:20.764+0000] {dagbag.py:587} INFO - Filling up the DagBag from /opt/airflow/dags/tmdb_incremental_sync.py
[2026-07-19T15:36:20.794+0000] {processor.py:925} INFO - DAG(s) 'tmdb_incremental_sync' retrieved from /opt/airflow/dags/tmdb_incremental_sync.py
[2026-07-19T15:36:20.835+0000] {logging_mixin.py:190} INFO - [2026-07-19T15:36:20.835+0000] {dag.py:3211} INFO - Sync 1 DAGs
[2026-07-19T15:36:20.871+0000] {logging_mixin.py:190} INFO - [2026-07-19T15:36:20.871+0000] {dag.py:4138} INFO - Setting next_dagrun for tmdb_incremental_sync to 2026-07-19 00:00:00+00:00, run_after=2026-07-20 00:00:00+00:00
[2026-07-19T15:36:20.897+0000] {processor.py:208} INFO - Processing /opt/airflow/dags/tmdb_incremental_sync.py took 0.146 seconds
[2026-07-19T15:36:51.213+0000] {processor.py:186} INFO - Started process (PID=32231) to work on /opt/airflow/dags/tmdb_incremental_sync.py
[2026-07-19T15:36:51.215+0000] {processor.py:914} INFO - Processing file /opt/airflow/dags/tmdb_incremental_sync.py for tasks to queue
[2026-07-19T15:36:51.218+0000] {logging_mixin.py:190} INFO - [2026-07-19T15:36:51.217+0000] {dagbag.py:587} INFO - Filling up the DagBag from /opt/airflow/dags/tmdb_incremental_sync.py
[2026-07-19T15:36:51.247+0000] {processor.py:925} INFO - DAG(s) 'tmdb_incremental_sync' retrieved from /opt/airflow/dags/tmdb_incremental_sync.py
[2026-07-19T15:36:51.287+0000] {logging_mixin.py:190} INFO - [2026-07-19T15:36:51.287+0000] {dag.py:3211} INFO - Sync 1 DAGs
[2026-07-19T15:36:51.324+0000] {logging_mixin.py:190} INFO - [2026-07-19T15:36:51.324+0000] {dag.py:4138} INFO - Setting next_dagrun for tmdb_incremental_sync to 2026-07-19 00:00:00+00:00, run_after=2026-07-20 00:00:00+00:00
[2026-07-19T15:36:51.349+0000] {processor.py:208} INFO - Processing /opt/airflow/dags/tmdb_incremental_sync.py took 0.143 seconds
[2026-07-19T15:37:21.667+0000] {processor.py:186} INFO - Started process (PID=32241) to work on /opt/airflow/dags/tmdb_incremental_sync.py
[2026-07-19T15:37:21.668+0000] {processor.py:914} INFO - Processing file /opt/airflow/dags/tmdb_incremental_sync.py for tasks to queue
[2026-07-19T15:37:21.672+0000] {logging_mixin.py:190} INFO - [2026-07-19T15:37:21.672+0000] {dagbag.py:587} INFO - Filling up the DagBag from /opt/airflow/dags/tmdb_incremental_sync.py
[2026-07-19T15:37:21.701+0000] {processor.py:925} INFO - DAG(s) 'tmdb_incremental_sync' retrieved from /opt/airflow/dags/tmdb_incremental_sync.py
[2026-07-19T15:37:21.740+0000] {logging_mixin.py:190} INFO - [2026-07-19T15:37:21.740+0000] {dag.py:3211} INFO - Sync 1 DAGs
[2026-07-19T15:37:21.776+0000] {logging_mixin.py:190} INFO - [2026-07-19T15:37:21.776+0000] {dag.py:4138} INFO - Setting next_dagrun for tmdb_incremental_sync to 2026-07-19 00:00:00+00:00, run_after=2026-07-20 00:00:00+00:00
[2026-07-19T15:37:21.801+0000] {processor.py:208} INFO - Processing /opt/airflow/dags/tmdb_incremental_sync.py took 0.142 seconds
[2026-07-19T15:37:52.116+0000] {processor.py:186} INFO - Started process (PID=32251) to work on /opt/airflow/dags/tmdb_incremental_sync.py
[2026-07-19T15:37:52.117+0000] {processor.py:914} INFO - Processing file /opt/airflow/dags/tmdb_incremental_sync.py for tasks to queue
[2026-07-19T15:37:52.120+0000] {logging_mixin.py:190} INFO - [2026-07-19T15:37:52.120+0000] {dagbag.py:587} INFO - Filling up the DagBag from /opt/airflow/dags/tmdb_incremental_sync.py
[2026-07-19T15:37:52.150+0000] {processor.py:925} INFO - DAG(s) 'tmdb_incremental_sync' retrieved from /opt/airflow/dags/tmdb_incremental_sync.py
[2026-07-19T15:37:52.190+0000] {logging_mixin.py:190} INFO - [2026-07-19T15:37:52.189+0000] {dag.py:3211} INFO - Sync 1 DAGs
[2026-07-19T15:37:52.227+0000] {logging_mixin.py:190} INFO - [2026-07-19T15:37:52.227+0000] {dag.py:4138} INFO - Setting next_dagrun for tmdb_incremental_sync to 2026-07-19 00:00:00+00:00, run_after=2026-07-20 00:00:00+00:00
[2026-07-19T15:37:52.252+0000] {processor.py:208} INFO - Processing /opt/airflow/dags/tmdb_incremental_sync.py took 0.145 seconds
[2026-07-19T15:38:22.519+0000] {processor.py:186} INFO - Started process (PID=32261) to work on /opt/airflow/dags/tmdb_incremental_sync.py
[2026-07-19T15:38:22.521+0000] {processor.py:914} INFO - Processing file /opt/airflow/dags/tmdb_incremental_sync.py for tasks to queue
[2026-07-19T15:38:22.524+0000] {logging_mixin.py:190} INFO - [2026-07-19T15:38:22.523+0000] {dagbag.py:587} INFO - Filling up the DagBag from /opt/airflow/dags/tmdb_incremental_sync.py
[2026-07-19T15:38:22.554+0000] {processor.py:925} INFO - DAG(s) 'tmdb_incremental_sync' retrieved from /opt/airflow/dags/tmdb_incremental_sync.py
[2026-07-19T15:38:22.594+0000] {logging_mixin.py:190} INFO - [2026-07-19T15:38:22.594+0000] {dag.py:3211} INFO - Sync 1 DAGs
[2026-07-19T15:38:22.633+0000] {logging_mixin.py:190} INFO - [2026-07-19T15:38:22.633+0000] {dag.py:4138} INFO - Setting next_dagrun for tmdb_incremental_sync to 2026-07-19 00:00:00+00:00, run_after=2026-07-20 00:00:00+00:00
[2026-07-19T15:38:22.662+0000] {processor.py:208} INFO - Processing /opt/airflow/dags/tmdb_incremental_sync.py took 0.152 seconds
[2026-07-19T15:38:52.943+0000] {processor.py:186} INFO - Started process (PID=32271) to work on /opt/airflow/dags/tmdb_incremental_sync.py
[2026-07-19T15:38:52.944+0000] {processor.py:914} INFO - Processing file /opt/airflow/dags/tmdb_incremental_sync.py for tasks to queue
[2026-07-19T15:38:52.947+0000] {logging_mixin.py:190} INFO - [2026-07-19T15:38:52.947+0000] {dagbag.py:587} INFO - Filling up the DagBag from /opt/airflow/dags/tmdb_incremental_sync.py
[2026-07-19T15:38:52.976+0000] {processor.py:925} INFO - DAG(s) 'tmdb_incremental_sync' retrieved from /opt/airflow/dags/tmdb_incremental_sync.py
[2026-07-19T15:38:53.017+0000] {logging_mixin.py:190} INFO - [2026-07-19T15:38:53.017+0000] {dag.py:3211} INFO - Sync 1 DAGs
[2026-07-19T15:38:53.054+0000] {logging_mixin.py:190} INFO - [2026-07-19T15:38:53.054+0000] {dag.py:4138} INFO - Setting next_dagrun for tmdb_incremental_sync to 2026-07-19 00:00:00+00:00, run_after=2026-07-20 00:00:00+00:00
[2026-07-19T15:38:53.083+0000] {processor.py:208} INFO - Processing /opt/airflow/dags/tmdb_incremental_sync.py took 0.148 seconds
[2026-07-19T15:39:23.366+0000] {processor.py:186} INFO - Started process (PID=32281) to work on /opt/airflow/dags/tmdb_incremental_sync.py
[2026-07-19T15:39:23.368+0000] {processor.py:914} INFO - Processing file /opt/airflow/dags/tmdb_incremental_sync.py for tasks to queue
[2026-07-19T15:39:23.371+0000] {logging_mixin.py:190} INFO - [2026-07-19T15:39:23.371+0000] {dagbag.py:587} INFO - Filling up the DagBag from /opt/airflow/dags/tmdb_incremental_sync.py
[2026-07-19T15:39:23.403+0000] {processor.py:925} INFO - DAG(s) 'tmdb_incremental_sync' retrieved from /opt/airflow/dags/tmdb_incremental_sync.py
[2026-07-19T15:39:23.450+0000] {logging_mixin.py:190} INFO - [2026-07-19T15:39:23.450+0000] {dag.py:3211} INFO - Sync 1 DAGs
[2026-07-19T15:39:23.488+0000] {logging_mixin.py:190} INFO - [2026-07-19T15:39:23.488+0000] {dag.py:4138} INFO - Setting next_dagrun for tmdb_incremental_sync to 2026-07-19 00:00:00+00:00, run_after=2026-07-20 00:00:00+00:00
[2026-07-19T15:39:23.519+0000] {processor.py:208} INFO - Processing /opt/airflow/dags/tmdb_incremental_sync.py took 0.161 seconds
[2026-07-19T15:39:53.825+0000] {processor.py:186} INFO - Started process (PID=32291) to work on /opt/airflow/dags/tmdb_incremental_sync.py
[2026-07-19T15:39:53.827+0000] {processor.py:914} INFO - Processing file /opt/airflow/dags/tmdb_incremental_sync.py for tasks to queue
[2026-07-19T15:39:53.832+0000] {logging_mixin.py:190} INFO - [2026-07-19T15:39:53.830+0000] {dagbag.py:587} INFO - Filling up the DagBag from /opt/airflow/dags/tmdb_incremental_sync.py
[2026-07-19T15:39:53.861+0000] {processor.py:925} INFO - DAG(s) 'tmdb_incremental_sync' retrieved from /opt/airflow/dags/tmdb_incremental_sync.py
[2026-07-19T15:39:53.903+0000] {logging_mixin.py:190} INFO - [2026-07-19T15:39:53.902+0000] {dag.py:3211} INFO - Sync 1 DAGs
[2026-07-19T15:39:53.941+0000] {logging_mixin.py:190} INFO - [2026-07-19T15:39:53.940+0000] {dag.py:4138} INFO - Setting next_dagrun for tmdb_incremental_sync to 2026-07-19 00:00:00+00:00, run_after=2026-07-20 00:00:00+00:00
[2026-07-19T15:39:53.966+0000] {processor.py:208} INFO - Processing /opt/airflow/dags/tmdb_incremental_sync.py took 0.149 seconds
[2026-07-19T15:40:24.257+0000] {processor.py:186} INFO - Started process (PID=32301) to work on /opt/airflow/dags/tmdb_incremental_sync.py
[2026-07-19T15:40:24.258+0000] {processor.py:914} INFO - Processing file /opt/airflow/dags/tmdb_incremental_sync.py for tasks to queue
[2026-07-19T15:40:24.262+0000] {logging_mixin.py:190} INFO - [2026-07-19T15:40:24.262+0000] {dagbag.py:587} INFO - Filling up the DagBag from /opt/airflow/dags/tmdb_incremental_sync.py
[2026-07-19T15:40:24.292+0000] {processor.py:925} INFO - DAG(s) 'tmdb_incremental_sync' retrieved from /opt/airflow/dags/tmdb_incremental_sync.py
[2026-07-19T15:40:24.334+0000] {logging_mixin.py:190} INFO - [2026-07-19T15:40:24.333+0000] {dag.py:3211} INFO - Sync 1 DAGs
[2026-07-19T15:40:24.371+0000] {logging_mixin.py:190} INFO - [2026-07-19T15:40:24.371+0000] {dag.py:4138} INFO - Setting next_dagrun for tmdb_incremental_sync to 2026-07-19 00:00:00+00:00, run_after=2026-07-20 00:00:00+00:00
[2026-07-19T15:40:24.396+0000] {processor.py:208} INFO - Processing /opt/airflow/dags/tmdb_incremental_sync.py took 0.146 seconds
[2026-07-19T15:40:54.708+0000] {processor.py:186} INFO - Started process (PID=32311) to work on /opt/airflow/dags/tmdb_incremental_sync.py
[2026-07-19T15:40:54.709+0000] {processor.py:914} INFO - Processing file /opt/airflow/dags/tmdb_incremental_sync.py for tasks to queue
[2026-07-19T15:40:54.713+0000] {logging_mixin.py:190} INFO - [2026-07-19T15:40:54.712+0000] {dagbag.py:587} INFO - Filling up the DagBag from /opt/airflow/dags/tmdb_incremental_sync.py
[2026-07-19T15:40:54.741+0000] {processor.py:925} INFO - DAG(s) 'tmdb_incremental_sync' retrieved from /opt/airflow/dags/tmdb_incremental_sync.py
[2026-07-19T15:40:54.782+0000] {logging_mixin.py:190} INFO - [2026-07-19T15:40:54.781+0000] {dag.py:3211} INFO - Sync 1 DAGs
[2026-07-19T15:40:54.822+0000] {logging_mixin.py:190} INFO - [2026-07-19T15:40:54.821+0000] {dag.py:4138} INFO - Setting next_dagrun for tmdb_incremental_sync to 2026-07-19 00:00:00+00:00, run_after=2026-07-20 00:00:00+00:00
[2026-07-19T15:40:54.846+0000] {processor.py:208} INFO - Processing /opt/airflow/dags/tmdb_incremental_sync.py took 0.146 seconds
[2026-07-19T15:41:25.155+0000] {processor.py:186} INFO - Started process (PID=32321) to work on /opt/airflow/dags/tmdb_incremental_sync.py
[2026-07-19T15:41:25.156+0000] {processor.py:914} INFO - Processing file /opt/airflow/dags/tmdb_incremental_sync.py for tasks to queue
[2026-07-19T15:41:25.159+0000] {logging_mixin.py:190} INFO - [2026-07-19T15:41:25.159+0000] {dagbag.py:587} INFO - Filling up the DagBag from /opt/airflow/dags/tmdb_incremental_sync.py
[2026-07-19T15:41:25.188+0000] {processor.py:925} INFO - DAG(s) 'tmdb_incremental_sync' retrieved from /opt/airflow/dags/tmdb_incremental_sync.py
[2026-07-19T15:41:25.228+0000] {logging_mixin.py:190} INFO - [2026-07-19T15:41:25.228+0000] {dag.py:3211} INFO - Sync 1 DAGs
[2026-07-19T15:41:25.265+0000] {logging_mixin.py:190} INFO - [2026-07-19T15:41:25.265+0000] {dag.py:4138} INFO - Setting next_dagrun for tmdb_incremental_sync to 2026-07-19 00:00:00+00:00, run_after=2026-07-20 00:00:00+00:00
[2026-07-19T15:41:25.293+0000] {processor.py:208} INFO - Processing /opt/airflow/dags/tmdb_incremental_sync.py took 0.147 seconds
[2026-07-19T15:41:55.582+0000] {processor.py:186} INFO - Started process (PID=32331) to work on /opt/airflow/dags/tmdb_incremental_sync.py
[2026-07-19T15:41:55.583+0000] {processor.py:914} INFO - Processing file /opt/airflow/dags/tmdb_incremental_sync.py for tasks to queue
[2026-07-19T15:41:55.586+0000] {logging_mixin.py:190} INFO - [2026-07-19T15:41:55.586+0000] {dagbag.py:587} INFO - Filling up the DagBag from /opt/airflow/dags/tmdb_incremental_sync.py
[2026-07-19T15:41:55.615+0000] {processor.py:925} INFO - DAG(s) 'tmdb_incremental_sync' retrieved from /opt/airflow/dags/tmdb_incremental_sync.py
[2026-07-19T15:41:55.655+0000] {logging_mixin.py:190} INFO - [2026-07-19T15:41:55.655+0000] {dag.py:3211} INFO - Sync 1 DAGs
[2026-07-19T15:41:55.693+0000] {logging_mixin.py:190} INFO - [2026-07-19T15:41:55.692+0000] {dag.py:4138} INFO - Setting next_dagrun for tmdb_incremental_sync to 2026-07-19 00:00:00+00:00, run_after=2026-07-20 00:00:00+00:00
[2026-07-19T15:41:55.719+0000] {processor.py:208} INFO - Processing /opt/airflow/dags/tmdb_incremental_sync.py took 0.147 seconds
[2026-07-19T15:42:26.034+0000] {processor.py:186} INFO - Started process (PID=32341) to work on /opt/airflow/dags/tmdb_incremental_sync.py
[2026-07-19T15:42:26.035+0000] {processor.py:914} INFO - Processing file /opt/airflow/dags/tmdb_incremental_sync.py for tasks to queue
[2026-07-19T15:42:26.038+0000] {logging_mixin.py:190} INFO - [2026-07-19T15:42:26.038+0000] {dagbag.py:587} INFO - Filling up the DagBag from /opt/airflow/dags/tmdb_incremental_sync.py
[2026-07-19T15:42:26.073+0000] {processor.py:925} INFO - DAG(s) 'tmdb_incremental_sync' retrieved from /opt/airflow/dags/tmdb_incremental_sync.py
[2026-07-19T15:42:26.119+0000] {logging_mixin.py:190} INFO - [2026-07-19T15:42:26.118+0000] {dag.py:3211} INFO - Sync 1 DAGs
[2026-07-19T15:42:26.168+0000] {logging_mixin.py:190} INFO - [2026-07-19T15:42:26.165+0000] {dag.py:4138} INFO - Setting next_dagrun for tmdb_incremental_sync to 2026-07-19 00:00:00+00:00, run_after=2026-07-20 00:00:00+00:00
[2026-07-19T15:42:26.207+0000] {processor.py:208} INFO - Processing /opt/airflow/dags/tmdb_incremental_sync.py took 0.181 seconds
[2026-07-19T15:42:56.515+0000] {processor.py:186} INFO - Started process (PID=32351) to work on /opt/airflow/dags/tmdb_incremental_sync.py
[2026-07-19T15:42:56.516+0000] {processor.py:914} INFO - Processing file /opt/airflow/dags/tmdb_incremental_sync.py for tasks to queue
[2026-07-19T15:42:56.520+0000] {logging_mixin.py:190} INFO - [2026-07-19T15:42:56.520+0000] {dagbag.py:587} INFO - Filling up the DagBag from /opt/airflow/dags/tmdb_incremental_sync.py
[2026-07-19T15:42:56.550+0000] {processor.py:925} INFO - DAG(s) 'tmdb_incremental_sync' retrieved from /opt/airflow/dags/tmdb_incremental_sync.py
[2026-07-19T15:42:56.590+0000] {logging_mixin.py:190} INFO - [2026-07-19T15:42:56.590+0000] {dag.py:3211} INFO - Sync 1 DAGs
[2026-07-19T15:42:56.628+0000] {logging_mixin.py:190} INFO - [2026-07-19T15:42:56.628+0000] {dag.py:4138} INFO - Setting next_dagrun for tmdb_incremental_sync to 2026-07-19 00:00:00+00:00, run_after=2026-07-20 00:00:00+00:00
[2026-07-19T15:42:56.652+0000] {processor.py:208} INFO - Processing /opt/airflow/dags/tmdb_incremental_sync.py took 0.146 seconds
[2026-07-19T15:43:26.960+0000] {processor.py:186} INFO - Started process (PID=32361) to work on /opt/airflow/dags/tmdb_incremental_sync.py
[2026-07-19T15:43:26.961+0000] {processor.py:914} INFO - Processing file /opt/airflow/dags/tmdb_incremental_sync.py for tasks to queue
[2026-07-19T15:43:26.966+0000] {logging_mixin.py:190} INFO - [2026-07-19T15:43:26.965+0000] {dagbag.py:587} INFO - Filling up the DagBag from /opt/airflow/dags/tmdb_incremental_sync.py
[2026-07-19T15:43:26.996+0000] {processor.py:925} INFO - DAG(s) 'tmdb_incremental_sync' retrieved from /opt/airflow/dags/tmdb_incremental_sync.py
[2026-07-19T15:43:27.037+0000] {logging_mixin.py:190} INFO - [2026-07-19T15:43:27.036+0000] {dag.py:3211} INFO - Sync 1 DAGs
[2026-07-19T15:43:27.075+0000] {logging_mixin.py:190} INFO - [2026-07-19T15:43:27.074+0000] {dag.py:4138} INFO - Setting next_dagrun for tmdb_incremental_sync to 2026-07-19 00:00:00+00:00, run_after=2026-07-20 00:00:00+00:00
[2026-07-19T15:43:27.101+0000] {processor.py:208} INFO - Processing /opt/airflow/dags/tmdb_incremental_sync.py took 0.149 seconds
[2026-07-19T15:43:57.397+0000] {processor.py:186} INFO - Started process (PID=32371) to work on /opt/airflow/dags/tmdb_incremental_sync.py
[2026-07-19T15:43:57.398+0000] {processor.py:914} INFO - Processing file /opt/airflow/dags/tmdb_incremental_sync.py for tasks to queue
[2026-07-19T15:43:57.403+0000] {logging_mixin.py:190} INFO - [2026-07-19T15:43:57.402+0000] {dagbag.py:587} INFO - Filling up the DagBag from /opt/airflow/dags/tmdb_incremental_sync.py
[2026-07-19T15:43:57.435+0000] {processor.py:925} INFO - DAG(s) 'tmdb_incremental_sync' retrieved from /opt/airflow/dags/tmdb_incremental_sync.py
[2026-07-19T15:43:57.476+0000] {logging_mixin.py:190} INFO - [2026-07-19T15:43:57.475+0000] {dag.py:3211} INFO - Sync 1 DAGs
[2026-07-19T15:43:57.515+0000] {logging_mixin.py:190} INFO - [2026-07-19T15:43:57.514+0000] {dag.py:4138} INFO - Setting next_dagrun for tmdb_incremental_sync to 2026-07-19 00:00:00+00:00, run_after=2026-07-20 00:00:00+00:00
[2026-07-19T15:43:57.542+0000] {processor.py:208} INFO - Processing /opt/airflow/dags/tmdb_incremental_sync.py took 0.158 seconds
[2026-07-19T15:44:27.825+0000] {processor.py:186} INFO - Started process (PID=32381) to work on /opt/airflow/dags/tmdb_incremental_sync.py
[2026-07-19T15:44:27.826+0000] {processor.py:914} INFO - Processing file /opt/airflow/dags/tmdb_incremental_sync.py for tasks to queue
[2026-07-19T15:44:27.830+0000] {logging_mixin.py:190} INFO - [2026-07-19T15:44:27.829+0000] {dagbag.py:587} INFO - Filling up the DagBag from /opt/airflow/dags/tmdb_incremental_sync.py
[2026-07-19T15:44:27.861+0000] {processor.py:925} INFO - DAG(s) 'tmdb_incremental_sync' retrieved from /opt/airflow/dags/tmdb_incremental_sync.py
[2026-07-19T15:44:27.903+0000] {logging_mixin.py:190} INFO - [2026-07-19T15:44:27.903+0000] {dag.py:3211} INFO - Sync 1 DAGs
[2026-07-19T15:44:27.940+0000] {logging_mixin.py:190} INFO - [2026-07-19T15:44:27.940+0000] {dag.py:4138} INFO - Setting next_dagrun for tmdb_incremental_sync to 2026-07-19 00:00:00+00:00, run_after=2026-07-20 00:00:00+00:00
[2026-07-19T15:44:27.966+0000] {processor.py:208} INFO - Processing /opt/airflow/dags/tmdb_incremental_sync.py took 0.152 seconds
[2026-07-19T15:44:58.271+0000] {processor.py:186} INFO - Started process (PID=32391) to work on /opt/airflow/dags/tmdb_incremental_sync.py
[2026-07-19T15:44:58.272+0000] {processor.py:914} INFO - Processing file /opt/airflow/dags/tmdb_incremental_sync.py for tasks to queue
[2026-07-19T15:44:58.276+0000] {logging_mixin.py:190} INFO - [2026-07-19T15:44:58.275+0000] {dagbag.py:587} INFO - Filling up the DagBag from /opt/airflow/dags/tmdb_incremental_sync.py
[2026-07-19T15:44:58.305+0000] {processor.py:925} INFO - DAG(s) 'tmdb_incremental_sync' retrieved from /opt/airflow/dags/tmdb_incremental_sync.py
[2026-07-19T15:44:58.347+0000] {logging_mixin.py:190} INFO - [2026-07-19T15:44:58.346+0000] {dag.py:3211} INFO - Sync 1 DAGs
[2026-07-19T15:44:58.383+0000] {logging_mixin.py:190} INFO - [2026-07-19T15:44:58.383+0000] {dag.py:4138} INFO - Setting next_dagrun for tmdb_incremental_sync to 2026-07-19 00:00:00+00:00, run_after=2026-07-20 00:00:00+00:00
[2026-07-19T15:44:58.409+0000] {processor.py:208} INFO - Processing /opt/airflow/dags/tmdb_incremental_sync.py took 0.145 seconds
[2026-07-19T15:45:28.723+0000] {processor.py:186} INFO - Started process (PID=32401) to work on /opt/airflow/dags/tmdb_incremental_sync.py
[2026-07-19T15:45:28.724+0000] {processor.py:914} INFO - Processing file /opt/airflow/dags/tmdb_incremental_sync.py for tasks to queue
[2026-07-19T15:45:28.728+0000] {logging_mixin.py:190} INFO - [2026-07-19T15:45:28.728+0000] {dagbag.py:587} INFO - Filling up the DagBag from /opt/airflow/dags/tmdb_incremental_sync.py
[2026-07-19T15:45:28.757+0000] {processor.py:925} INFO - DAG(s) 'tmdb_incremental_sync' retrieved from /opt/airflow/dags/tmdb_incremental_sync.py
[2026-07-19T15:45:28.800+0000] {logging_mixin.py:190} INFO - [2026-07-19T15:45:28.800+0000] {dag.py:3211} INFO - Sync 1 DAGs
[2026-07-19T15:45:28.839+0000] {logging_mixin.py:190} INFO - [2026-07-19T15:45:28.839+0000] {dag.py:4138} INFO - Setting next_dagrun for tmdb_incremental_sync to 2026-07-19 00:00:00+00:00, run_after=2026-07-20 00:00:00+00:00
[2026-07-19T15:45:28.892+0000] {processor.py:208} INFO - Processing /opt/airflow/dags/tmdb_incremental_sync.py took 0.182 seconds
[2026-07-19T15:45:59.168+0000] {processor.py:186} INFO - Started process (PID=32411) to work on /opt/airflow/dags/tmdb_incremental_sync.py
[2026-07-19T15:45:59.169+0000] {processor.py:914} INFO - Processing file /opt/airflow/dags/tmdb_incremental_sync.py for tasks to queue
[2026-07-19T15:45:59.172+0000] {logging_mixin.py:190} INFO - [2026-07-19T15:45:59.172+0000] {dagbag.py:587} INFO - Filling up the DagBag from /opt/airflow/dags/tmdb_incremental_sync.py
[2026-07-19T15:45:59.203+0000] {processor.py:925} INFO - DAG(s) 'tmdb_incremental_sync' retrieved from /opt/airflow/dags/tmdb_incremental_sync.py
[2026-07-19T15:45:59.243+0000] {logging_mixin.py:190} INFO - [2026-07-19T15:45:59.243+0000] {dag.py:3211} INFO - Sync 1 DAGs
[2026-07-19T15:45:59.281+0000] {logging_mixin.py:190} INFO - [2026-07-19T15:45:59.281+0000] {dag.py:4138} INFO - Setting next_dagrun for tmdb_incremental_sync to 2026-07-19 00:00:00+00:00, run_after=2026-07-20 00:00:00+00:00
[2026-07-19T15:45:59.314+0000] {processor.py:208} INFO - Processing /opt/airflow/dags/tmdb_incremental_sync.py took 0.154 seconds
[2026-07-19T15:46:29.611+0000] {processor.py:186} INFO - Started process (PID=32421) to work on /opt/airflow/dags/tmdb_incremental_sync.py
[2026-07-19T15:46:29.612+0000] {processor.py:914} INFO - Processing file /opt/airflow/dags/tmdb_incremental_sync.py for tasks to queue
[2026-07-19T15:46:29.616+0000] {logging_mixin.py:190} INFO - [2026-07-19T15:46:29.615+0000] {dagbag.py:587} INFO - Filling up the DagBag from /opt/airflow/dags/tmdb_incremental_sync.py
[2026-07-19T15:46:29.644+0000] {processor.py:925} INFO - DAG(s) 'tmdb_incremental_sync' retrieved from /opt/airflow/dags/tmdb_incremental_sync.py
[2026-07-19T15:46:29.683+0000] {logging_mixin.py:190} INFO - [2026-07-19T15:46:29.683+0000] {dag.py:3211} INFO - Sync 1 DAGs
[2026-07-19T15:46:29.720+0000] {logging_mixin.py:190} INFO - [2026-07-19T15:46:29.720+0000] {dag.py:4138} INFO - Setting next_dagrun for tmdb_incremental_sync to 2026-07-19 00:00:00+00:00, run_after=2026-07-20 00:00:00+00:00
[2026-07-19T15:46:29.747+0000] {processor.py:208} INFO - Processing /opt/airflow/dags/tmdb_incremental_sync.py took 0.144 seconds
[2026-07-19T15:47:00.046+0000] {processor.py:186} INFO - Started process (PID=32431) to work on /opt/airflow/dags/tmdb_incremental_sync.py
[2026-07-19T15:47:00.047+0000] {processor.py:914} INFO - Processing file /opt/airflow/dags/tmdb_incremental_sync.py for tasks to queue
[2026-07-19T15:47:00.051+0000] {logging_mixin.py:190} INFO - [2026-07-19T15:47:00.051+0000] {dagbag.py:587} INFO - Filling up the DagBag from /opt/airflow/dags/tmdb_incremental_sync.py
[2026-07-19T15:47:00.079+0000] {processor.py:925} INFO - DAG(s) 'tmdb_incremental_sync' retrieved from /opt/airflow/dags/tmdb_incremental_sync.py
[2026-07-19T15:47:00.122+0000] {logging_mixin.py:190} INFO - [2026-07-19T15:47:00.121+0000] {dag.py:3211} INFO - Sync 1 DAGs
[2026-07-19T15:47:00.160+0000] {logging_mixin.py:190} INFO - [2026-07-19T15:47:00.160+0000] {dag.py:4138} INFO - Setting next_dagrun for tmdb_incremental_sync to 2026-07-19 00:00:00+00:00, run_after=2026-07-20 00:00:00+00:00
[2026-07-19T15:47:00.186+0000] {processor.py:208} INFO - Processing /opt/airflow/dags/tmdb_incremental_sync.py took 0.148 seconds
[2026-07-19T15:47:30.486+0000] {processor.py:186} INFO - Started process (PID=32441) to work on /opt/airflow/dags/tmdb_incremental_sync.py
[2026-07-19T15:47:30.487+0000] {processor.py:914} INFO - Processing file /opt/airflow/dags/tmdb_incremental_sync.py for tasks to queue
[2026-07-19T15:47:30.490+0000] {logging_mixin.py:190} INFO - [2026-07-19T15:47:30.490+0000] {dagbag.py:587} INFO - Filling up the DagBag from /opt/airflow/dags/tmdb_incremental_sync.py
[2026-07-19T15:47:30.519+0000] {processor.py:925} INFO - DAG(s) 'tmdb_incremental_sync' retrieved from /opt/airflow/dags/tmdb_incremental_sync.py
[2026-07-19T15:47:30.561+0000] {logging_mixin.py:190} INFO - [2026-07-19T15:47:30.561+0000] {dag.py:3211} INFO - Sync 1 DAGs
[2026-07-19T15:47:30.598+0000] {logging_mixin.py:190} INFO - [2026-07-19T15:47:30.597+0000] {dag.py:4138} INFO - Setting next_dagrun for tmdb_incremental_sync to 2026-07-19 00:00:00+00:00, run_after=2026-07-20 00:00:00+00:00
[2026-07-19T15:47:30.623+0000] {processor.py:208} INFO - Processing /opt/airflow/dags/tmdb_incremental_sync.py took 0.146 seconds
[2026-07-19T15:48:00.962+0000] {processor.py:186} INFO - Started process (PID=32451) to work on /opt/airflow/dags/tmdb_incremental_sync.py
[2026-07-19T15:48:00.963+0000] {processor.py:914} INFO - Processing file /opt/airflow/dags/tmdb_incremental_sync.py for tasks to queue
[2026-07-19T15:48:00.966+0000] {logging_mixin.py:190} INFO - [2026-07-19T15:48:00.966+0000] {dagbag.py:587} INFO - Filling up the DagBag from /opt/airflow/dags/tmdb_incremental_sync.py
[2026-07-19T15:48:00.996+0000] {processor.py:925} INFO - DAG(s) 'tmdb_incremental_sync' retrieved from /opt/airflow/dags/tmdb_incremental_sync.py
[2026-07-19T15:48:01.037+0000] {logging_mixin.py:190} INFO - [2026-07-19T15:48:01.036+0000] {dag.py:3211} INFO - Sync 1 DAGs
[2026-07-19T15:48:01.074+0000] {logging_mixin.py:190} INFO - [2026-07-19T15:48:01.074+0000] {dag.py:4138} INFO - Setting next_dagrun for tmdb_incremental_sync to 2026-07-19 00:00:00+00:00, run_after=2026-07-20 00:00:00+00:00
[2026-07-19T15:48:01.101+0000] {processor.py:208} INFO - Processing /opt/airflow/dags/tmdb_incremental_sync.py took 0.148 seconds
[2026-07-19T15:48:31.406+0000] {processor.py:186} INFO - Started process (PID=32461) to work on /opt/airflow/dags/tmdb_incremental_sync.py
[2026-07-19T15:48:31.407+0000] {processor.py:914} INFO - Processing file /opt/airflow/dags/tmdb_incremental_sync.py for tasks to queue
[2026-07-19T15:48:31.410+0000] {logging_mixin.py:190} INFO - [2026-07-19T15:48:31.410+0000] {dagbag.py:587} INFO - Filling up the DagBag from /opt/airflow/dags/tmdb_incremental_sync.py
[2026-07-19T15:48:31.441+0000] {processor.py:925} INFO - DAG(s) 'tmdb_incremental_sync' retrieved from /opt/airflow/dags/tmdb_incremental_sync.py
[2026-07-19T15:48:31.481+0000] {logging_mixin.py:190} INFO - [2026-07-19T15:48:31.481+0000] {dag.py:3211} INFO - Sync 1 DAGs
[2026-07-19T15:48:31.518+0000] {logging_mixin.py:190} INFO - [2026-07-19T15:48:31.517+0000] {dag.py:4138} INFO - Setting next_dagrun for tmdb_incremental_sync to 2026-07-19 00:00:00+00:00, run_after=2026-07-20 00:00:00+00:00
[2026-07-19T15:48:31.542+0000] {processor.py:208} INFO - Processing /opt/airflow/dags/tmdb_incremental_sync.py took 0.144 seconds
[2026-07-19T15:49:01.846+0000] {processor.py:186} INFO - Started process (PID=32471) to work on /opt/airflow/dags/tmdb_incremental_sync.py
[2026-07-19T15:49:01.847+0000] {processor.py:914} INFO - Processing file /opt/airflow/dags/tmdb_incremental_sync.py for tasks to queue
[2026-07-19T15:49:01.850+0000] {logging_mixin.py:190} INFO - [2026-07-19T15:49:01.850+0000] {dagbag.py:587} INFO - Filling up the DagBag from /opt/airflow/dags/tmdb_incremental_sync.py
[2026-07-19T15:49:01.881+0000] {processor.py:925} INFO - DAG(s) 'tmdb_incremental_sync' retrieved from /opt/airflow/dags/tmdb_incremental_sync.py
[2026-07-19T15:49:01.921+0000] {logging_mixin.py:190} INFO - [2026-07-19T15:49:01.920+0000] {dag.py:3211} INFO - Sync 1 DAGs
[2026-07-19T15:49:01.957+0000] {logging_mixin.py:190} INFO - [2026-07-19T15:49:01.957+0000] {dag.py:4138} INFO - Setting next_dagrun for tmdb_incremental_sync to 2026-07-19 00:00:00+00:00, run_after=2026-07-20 00:00:00+00:00
[2026-07-19T15:49:01.984+0000] {processor.py:208} INFO - Processing /opt/airflow/dags/tmdb_incremental_sync.py took 0.147 seconds
[2026-07-19T15:49:32.302+0000] {processor.py:186} INFO - Started process (PID=32481) to work on /opt/airflow/dags/tmdb_incremental_sync.py
[2026-07-19T15:49:32.303+0000] {processor.py:914} INFO - Processing file /opt/airflow/dags/tmdb_incremental_sync.py for tasks to queue
[2026-07-19T15:49:32.307+0000] {logging_mixin.py:190} INFO - [2026-07-19T15:49:32.306+0000] {dagbag.py:587} INFO - Filling up the DagBag from /opt/airflow/dags/tmdb_incremental_sync.py
[2026-07-19T15:49:32.337+0000] {processor.py:925} INFO - DAG(s) 'tmdb_incremental_sync' retrieved from /opt/airflow/dags/tmdb_incremental_sync.py
[2026-07-19T15:49:32.377+0000] {logging_mixin.py:190} INFO - [2026-07-19T15:49:32.376+0000] {dag.py:3211} INFO - Sync 1 DAGs
[2026-07-19T15:49:32.415+0000] {logging_mixin.py:190} INFO - [2026-07-19T15:49:32.415+0000] {dag.py:4138} INFO - Setting next_dagrun for tmdb_incremental_sync to 2026-07-19 00:00:00+00:00, run_after=2026-07-20 00:00:00+00:00
[2026-07-19T15:49:32.441+0000] {processor.py:208} INFO - Processing /opt/airflow/dags/tmdb_incremental_sync.py took 0.147 seconds
[2026-07-19T15:50:02.733+0000] {processor.py:186} INFO - Started process (PID=32491) to work on /opt/airflow/dags/tmdb_incremental_sync.py
[2026-07-19T15:50:02.734+0000] {processor.py:914} INFO - Processing file /opt/airflow/dags/tmdb_incremental_sync.py for tasks to queue
[2026-07-19T15:50:02.739+0000] {logging_mixin.py:190} INFO - [2026-07-19T15:50:02.739+0000] {dagbag.py:587} INFO - Filling up the DagBag from /opt/airflow/dags/tmdb_incremental_sync.py
[2026-07-19T15:50:02.776+0000] {processor.py:925} INFO - DAG(s) 'tmdb_incremental_sync' retrieved from /opt/airflow/dags/tmdb_incremental_sync.py
[2026-07-19T15:50:02.828+0000] {logging_mixin.py:190} INFO - [2026-07-19T15:50:02.828+0000] {dag.py:3211} INFO - Sync 1 DAGs
[2026-07-19T15:50:02.875+0000] {logging_mixin.py:190} INFO - [2026-07-19T15:50:02.874+0000] {dag.py:4138} INFO - Setting next_dagrun for tmdb_incremental_sync to 2026-07-19 00:00:00+00:00, run_after=2026-07-20 00:00:00+00:00
[2026-07-19T15:50:02.906+0000] {processor.py:208} INFO - Processing /opt/airflow/dags/tmdb_incremental_sync.py took 0.184 seconds
[2026-07-19T15:50:33.224+0000] {processor.py:186} INFO - Started process (PID=32501) to work on /opt/airflow/dags/tmdb_incremental_sync.py
[2026-07-19T15:50:33.225+0000] {processor.py:914} INFO - Processing file /opt/airflow/dags/tmdb_incremental_sync.py for tasks to queue
[2026-07-19T15:50:33.229+0000] {logging_mixin.py:190} INFO - [2026-07-19T15:50:33.228+0000] {dagbag.py:587} INFO - Filling up the DagBag from /opt/airflow/dags/tmdb_incremental_sync.py
[2026-07-19T15:50:33.264+0000] {processor.py:925} INFO - DAG(s) 'tmdb_incremental_sync' retrieved from /opt/airflow/dags/tmdb_incremental_sync.py
[2026-07-19T15:50:33.313+0000] {logging_mixin.py:190} INFO - [2026-07-19T15:50:33.313+0000] {dag.py:3211} INFO - Sync 1 DAGs
[2026-07-19T15:50:33.351+0000] {logging_mixin.py:190} INFO - [2026-07-19T15:50:33.351+0000] {dag.py:4138} INFO - Setting next_dagrun for tmdb_incremental_sync to 2026-07-19 00:00:00+00:00, run_after=2026-07-20 00:00:00+00:00
[2026-07-19T15:50:33.380+0000] {processor.py:208} INFO - Processing /opt/airflow/dags/tmdb_incremental_sync.py took 0.169 seconds
[2026-07-19T15:51:03.696+0000] {processor.py:186} INFO - Started process (PID=32511) to work on /opt/airflow/dags/tmdb_incremental_sync.py
[2026-07-19T15:51:03.697+0000] {processor.py:914} INFO - Processing file /opt/airflow/dags/tmdb_incremental_sync.py for tasks to queue
[2026-07-19T15:51:03.701+0000] {logging_mixin.py:190} INFO - [2026-07-19T15:51:03.700+0000] {dagbag.py:587} INFO - Filling up the DagBag from /opt/airflow/dags/tmdb_incremental_sync.py
[2026-07-19T15:51:03.734+0000] {processor.py:925} INFO - DAG(s) 'tmdb_incremental_sync' retrieved from /opt/airflow/dags/tmdb_incremental_sync.py
[2026-07-19T15:51:03.781+0000] {logging_mixin.py:190} INFO - [2026-07-19T15:51:03.781+0000] {dag.py:3211} INFO - Sync 1 DAGs
[2026-07-19T15:51:03.822+0000] {logging_mixin.py:190} INFO - [2026-07-19T15:51:03.822+0000] {dag.py:4138} INFO - Setting next_dagrun for tmdb_incremental_sync to 2026-07-19 00:00:00+00:00, run_after=2026-07-20 00:00:00+00:00
[2026-07-19T15:51:03.851+0000] {processor.py:208} INFO - Processing /opt/airflow/dags/tmdb_incremental_sync.py took 0.166 seconds
[2026-07-19T15:51:34.202+0000] {processor.py:186} INFO - Started process (PID=32521) to work on /opt/airflow/dags/tmdb_incremental_sync.py
[2026-07-19T15:51:34.205+0000] {processor.py:914} INFO - Processing file /opt/airflow/dags/tmdb_incremental_sync.py for tasks to queue
[2026-07-19T15:51:34.212+0000] {logging_mixin.py:190} INFO - [2026-07-19T15:51:34.212+0000] {dagbag.py:587} INFO - Filling up the DagBag from /opt/airflow/dags/tmdb_incremental_sync.py
[2026-07-19T15:51:34.250+0000] {processor.py:925} INFO - DAG(s) 'tmdb_incremental_sync' retrieved from /opt/airflow/dags/tmdb_incremental_sync.py
[2026-07-19T15:51:34.313+0000] {logging_mixin.py:190} INFO - [2026-07-19T15:51:34.313+0000] {dag.py:3211} INFO - Sync 1 DAGs
[2026-07-19T15:51:34.370+0000] {logging_mixin.py:190} INFO - [2026-07-19T15:51:34.369+0000] {dag.py:4138} INFO - Setting next_dagrun for tmdb_incremental_sync to 2026-07-19 00:00:00+00:00, run_after=2026-07-20 00:00:00+00:00
[2026-07-19T15:51:34.411+0000] {processor.py:208} INFO - Processing /opt/airflow/dags/tmdb_incremental_sync.py took 0.233 seconds
[2026-07-19T15:52:04.743+0000] {processor.py:186} INFO - Started process (PID=32531) to work on /opt/airflow/dags/tmdb_incremental_sync.py
[2026-07-19T15:52:04.744+0000] {processor.py:914} INFO - Processing file /opt/airflow/dags/tmdb_incremental_sync.py for tasks to queue
[2026-07-19T15:52:04.748+0000] {logging_mixin.py:190} INFO - [2026-07-19T15:52:04.747+0000] {dagbag.py:587} INFO - Filling up the DagBag from /opt/airflow/dags/tmdb_incremental_sync.py
[2026-07-19T15:52:04.778+0000] {processor.py:925} INFO - DAG(s) 'tmdb_incremental_sync' retrieved from /opt/airflow/dags/tmdb_incremental_sync.py
[2026-07-19T15:52:04.820+0000] {logging_mixin.py:190} INFO - [2026-07-19T15:52:04.820+0000] {dag.py:3211} INFO - Sync 1 DAGs
[2026-07-19T15:52:04.861+0000] {logging_mixin.py:190} INFO - [2026-07-19T15:52:04.861+0000] {dag.py:4138} INFO - Setting next_dagrun for tmdb_incremental_sync to 2026-07-19 00:00:00+00:00, run_after=2026-07-20 00:00:00+00:00
[2026-07-19T15:52:04.888+0000] {processor.py:208} INFO - Processing /opt/airflow/dags/tmdb_incremental_sync.py took 0.155 seconds
[2026-07-19T15:52:35.183+0000] {processor.py:186} INFO - Started process (PID=32541) to work on /opt/airflow/dags/tmdb_incremental_sync.py
[2026-07-19T15:52:35.184+0000] {processor.py:914} INFO - Processing file /opt/airflow/dags/tmdb_incremental_sync.py for tasks to queue
[2026-07-19T15:52:35.190+0000] {logging_mixin.py:190} INFO - [2026-07-19T15:52:35.189+0000] {dagbag.py:587} INFO - Filling up the DagBag from /opt/airflow/dags/tmdb_incremental_sync.py
[2026-07-19T15:52:35.227+0000] {processor.py:925} INFO - DAG(s) 'tmdb_incremental_sync' retrieved from /opt/airflow/dags/tmdb_incremental_sync.py
[2026-07-19T15:52:35.274+0000] {logging_mixin.py:190} INFO - [2026-07-19T15:52:35.274+0000] {dag.py:3211} INFO - Sync 1 DAGs
[2026-07-19T15:52:35.323+0000] {logging_mixin.py:190} INFO - [2026-07-19T15:52:35.323+0000] {dag.py:4138} INFO - Setting next_dagrun for tmdb_incremental_sync to 2026-07-19 00:00:00+00:00, run_after=2026-07-20 00:00:00+00:00
[2026-07-19T15:52:35.351+0000] {processor.py:208} INFO - Processing /opt/airflow/dags/tmdb_incremental_sync.py took 0.179 seconds
[2026-07-19T15:53:05.702+0000] {processor.py:186} INFO - Started process (PID=32551) to work on /opt/airflow/dags/tmdb_incremental_sync.py
[2026-07-19T15:53:05.703+0000] {processor.py:914} INFO - Processing file /opt/airflow/dags/tmdb_incremental_sync.py for tasks to queue
[2026-07-19T15:53:05.708+0000] {logging_mixin.py:190} INFO - [2026-07-19T15:53:05.708+0000] {dagbag.py:587} INFO - Filling up the DagBag from /opt/airflow/dags/tmdb_incremental_sync.py
[2026-07-19T15:53:05.740+0000] {processor.py:925} INFO - DAG(s) 'tmdb_incremental_sync' retrieved from /opt/airflow/dags/tmdb_incremental_sync.py
[2026-07-19T15:53:05.781+0000] {logging_mixin.py:190} INFO - [2026-07-19T15:53:05.781+0000] {dag.py:3211} INFO - Sync 1 DAGs
[2026-07-19T15:53:05.819+0000] {logging_mixin.py:190} INFO - [2026-07-19T15:53:05.818+0000] {dag.py:4138} INFO - Setting next_dagrun for tmdb_incremental_sync to 2026-07-19 00:00:00+00:00, run_after=2026-07-20 00:00:00+00:00
[2026-07-19T15:53:05.851+0000] {processor.py:208} INFO - Processing /opt/airflow/dags/tmdb_incremental_sync.py took 0.157 seconds
[2026-07-19T15:53:36.133+0000] {processor.py:186} INFO - Started process (PID=32561) to work on /opt/airflow/dags/tmdb_incremental_sync.py
[2026-07-19T15:53:36.134+0000] {processor.py:914} INFO - Processing file /opt/airflow/dags/tmdb_incremental_sync.py for tasks to queue
[2026-07-19T15:53:36.137+0000] {logging_mixin.py:190} INFO - [2026-07-19T15:53:36.137+0000] {dagbag.py:587} INFO - Filling up the DagBag from /opt/airflow/dags/tmdb_incremental_sync.py
[2026-07-19T15:53:36.167+0000] {processor.py:925} INFO - DAG(s) 'tmdb_incremental_sync' retrieved from /opt/airflow/dags/tmdb_incremental_sync.py
[2026-07-19T15:53:36.210+0000] {logging_mixin.py:190} INFO - [2026-07-19T15:53:36.210+0000] {dag.py:3211} INFO - Sync 1 DAGs
[2026-07-19T15:53:36.253+0000] {logging_mixin.py:190} INFO - [2026-07-19T15:53:36.252+0000] {dag.py:4138} INFO - Setting next_dagrun for tmdb_incremental_sync to 2026-07-19 00:00:00+00:00, run_after=2026-07-20 00:00:00+00:00
[2026-07-19T15:53:36.287+0000] {processor.py:208} INFO - Processing /opt/airflow/dags/tmdb_incremental_sync.py took 0.163 seconds
[2026-07-19T15:54:06.622+0000] {processor.py:186} INFO - Started process (PID=32571) to work on /opt/airflow/dags/tmdb_incremental_sync.py
[2026-07-19T15:54:06.623+0000] {processor.py:914} INFO - Processing file /opt/airflow/dags/tmdb_incremental_sync.py for tasks to queue
[2026-07-19T15:54:06.627+0000] {logging_mixin.py:190} INFO - [2026-07-19T15:54:06.627+0000] {dagbag.py:587} INFO - Filling up the DagBag from /opt/airflow/dags/tmdb_incremental_sync.py
[2026-07-19T15:54:06.658+0000] {processor.py:925} INFO - DAG(s) 'tmdb_incremental_sync' retrieved from /opt/airflow/dags/tmdb_incremental_sync.py
[2026-07-19T15:54:06.700+0000] {logging_mixin.py:190} INFO - [2026-07-19T15:54:06.699+0000] {dag.py:3211} INFO - Sync 1 DAGs
[2026-07-19T15:54:06.740+0000] {logging_mixin.py:190} INFO - [2026-07-19T15:54:06.740+0000] {dag.py:4138} INFO - Setting next_dagrun for tmdb_incremental_sync to 2026-07-19 00:00:00+00:00, run_after=2026-07-20 00:00:00+00:00
[2026-07-19T15:54:06.767+0000] {processor.py:208} INFO - Processing /opt/airflow/dags/tmdb_incremental_sync.py took 0.155 seconds
[2026-07-19T15:54:37.110+0000] {processor.py:186} INFO - Started process (PID=32581) to work on /opt/airflow/dags/tmdb_incremental_sync.py
[2026-07-19T15:54:37.118+0000] {processor.py:914} INFO - Processing file /opt/airflow/dags/tmdb_incremental_sync.py for tasks to queue
[2026-07-19T15:54:37.122+0000] {logging_mixin.py:190} INFO - [2026-07-19T15:54:37.122+0000] {dagbag.py:587} INFO - Filling up the DagBag from /opt/airflow/dags/tmdb_incremental_sync.py
[2026-07-19T15:54:37.161+0000] {processor.py:925} INFO - DAG(s) 'tmdb_incremental_sync' retrieved from /opt/airflow/dags/tmdb_incremental_sync.py
[2026-07-19T15:54:37.207+0000] {logging_mixin.py:190} INFO - [2026-07-19T15:54:37.207+0000] {dag.py:3211} INFO - Sync 1 DAGs
[2026-07-19T15:54:37.247+0000] {logging_mixin.py:190} INFO - [2026-07-19T15:54:37.247+0000] {dag.py:4138} INFO - Setting next_dagrun for tmdb_incremental_sync to 2026-07-19 00:00:00+00:00, run_after=2026-07-20 00:00:00+00:00
[2026-07-19T15:54:37.280+0000] {processor.py:208} INFO - Processing /opt/airflow/dags/tmdb_incremental_sync.py took 0.185 seconds
[2026-07-19T15:55:07.588+0000] {processor.py:186} INFO - Started process (PID=32591) to work on /opt/airflow/dags/tmdb_incremental_sync.py
[2026-07-19T15:55:07.589+0000] {processor.py:914} INFO - Processing file /opt/airflow/dags/tmdb_incremental_sync.py for tasks to queue
[2026-07-19T15:55:07.592+0000] {logging_mixin.py:190} INFO - [2026-07-19T15:55:07.592+0000] {dagbag.py:587} INFO - Filling up the DagBag from /opt/airflow/dags/tmdb_incremental_sync.py
[2026-07-19T15:55:07.625+0000] {processor.py:925} INFO - DAG(s) 'tmdb_incremental_sync' retrieved from /opt/airflow/dags/tmdb_incremental_sync.py
[2026-07-19T15:55:07.675+0000] {logging_mixin.py:190} INFO - [2026-07-19T15:55:07.675+0000] {dag.py:3211} INFO - Sync 1 DAGs
[2026-07-19T15:55:07.728+0000] {logging_mixin.py:190} INFO - [2026-07-19T15:55:07.727+0000] {dag.py:4138} INFO - Setting next_dagrun for tmdb_incremental_sync to 2026-07-19 00:00:00+00:00, run_after=2026-07-20 00:00:00+00:00
[2026-07-19T15:55:07.756+0000] {processor.py:208} INFO - Processing /opt/airflow/dags/tmdb_incremental_sync.py took 0.178 seconds
[2026-07-19T15:55:38.110+0000] {processor.py:186} INFO - Started process (PID=32601) to work on /opt/airflow/dags/tmdb_incremental_sync.py
[2026-07-19T15:55:38.111+0000] {processor.py:914} INFO - Processing file /opt/airflow/dags/tmdb_incremental_sync.py for tasks to queue
[2026-07-19T15:55:38.115+0000] {logging_mixin.py:190} INFO - [2026-07-19T15:55:38.114+0000] {dagbag.py:587} INFO - Filling up the DagBag from /opt/airflow/dags/tmdb_incremental_sync.py
[2026-07-19T15:55:38.144+0000] {processor.py:925} INFO - DAG(s) 'tmdb_incremental_sync' retrieved from /opt/airflow/dags/tmdb_incremental_sync.py
[2026-07-19T15:55:38.186+0000] {logging_mixin.py:190} INFO - [2026-07-19T15:55:38.186+0000] {dag.py:3211} INFO - Sync 1 DAGs
[2026-07-19T15:55:38.223+0000] {logging_mixin.py:190} INFO - [2026-07-19T15:55:38.223+0000] {dag.py:4138} INFO - Setting next_dagrun for tmdb_incremental_sync to 2026-07-19 00:00:00+00:00, run_after=2026-07-20 00:00:00+00:00
[2026-07-19T15:55:38.253+0000] {processor.py:208} INFO - Processing /opt/airflow/dags/tmdb_incremental_sync.py took 0.151 seconds
[2026-07-19T15:56:08.554+0000] {processor.py:186} INFO - Started process (PID=32611) to work on /opt/airflow/dags/tmdb_incremental_sync.py
[2026-07-19T15:56:08.555+0000] {processor.py:914} INFO - Processing file /opt/airflow/dags/tmdb_incremental_sync.py for tasks to queue
[2026-07-19T15:56:08.560+0000] {logging_mixin.py:190} INFO - [2026-07-19T15:56:08.559+0000] {dagbag.py:587} INFO - Filling up the DagBag from /opt/airflow/dags/tmdb_incremental_sync.py
[2026-07-19T15:56:08.590+0000] {processor.py:925} INFO - DAG(s) 'tmdb_incremental_sync' retrieved from /opt/airflow/dags/tmdb_incremental_sync.py
[2026-07-19T15:56:08.631+0000] {logging_mixin.py:190} INFO - [2026-07-19T15:56:08.631+0000] {dag.py:3211} INFO - Sync 1 DAGs
[2026-07-19T15:56:08.670+0000] {logging_mixin.py:190} INFO - [2026-07-19T15:56:08.669+0000] {dag.py:4138} INFO - Setting next_dagrun for tmdb_incremental_sync to 2026-07-19 00:00:00+00:00, run_after=2026-07-20 00:00:00+00:00
[2026-07-19T15:56:08.696+0000] {processor.py:208} INFO - Processing /opt/airflow/dags/tmdb_incremental_sync.py took 0.156 seconds
[2026-07-19T15:56:39.022+0000] {processor.py:186} INFO - Started process (PID=32621) to work on /opt/airflow/dags/tmdb_incremental_sync.py
[2026-07-19T15:56:39.023+0000] {processor.py:914} INFO - Processing file /opt/airflow/dags/tmdb_incremental_sync.py for tasks to queue
[2026-07-19T15:56:39.027+0000] {logging_mixin.py:190} INFO - [2026-07-19T15:56:39.027+0000] {dagbag.py:587} INFO - Filling up the DagBag from /opt/airflow/dags/tmdb_incremental_sync.py
[2026-07-19T15:56:39.058+0000] {processor.py:925} INFO - DAG(s) 'tmdb_incremental_sync' retrieved from /opt/airflow/dags/tmdb_incremental_sync.py
[2026-07-19T15:56:39.107+0000] {logging_mixin.py:190} INFO - [2026-07-19T15:56:39.106+0000] {dag.py:3211} INFO - Sync 1 DAGs
[2026-07-19T15:56:39.154+0000] {logging_mixin.py:190} INFO - [2026-07-19T15:56:39.154+0000] {dag.py:4138} INFO - Setting next_dagrun for tmdb_incremental_sync to 2026-07-19 00:00:00+00:00, run_after=2026-07-20 00:00:00+00:00
[2026-07-19T15:56:39.185+0000] {processor.py:208} INFO - Processing /opt/airflow/dags/tmdb_incremental_sync.py took 0.171 seconds
[2026-07-19T15:57:09.467+0000] {processor.py:186} INFO - Started process (PID=32631) to work on /opt/airflow/dags/tmdb_incremental_sync.py
[2026-07-19T15:57:09.468+0000] {processor.py:914} INFO - Processing file /opt/airflow/dags/tmdb_incremental_sync.py for tasks to queue
[2026-07-19T15:57:09.471+0000] {logging_mixin.py:190} INFO - [2026-07-19T15:57:09.471+0000] {dagbag.py:587} INFO - Filling up the DagBag from /opt/airflow/dags/tmdb_incremental_sync.py
[2026-07-19T15:57:09.500+0000] {processor.py:925} INFO - DAG(s) 'tmdb_incremental_sync' retrieved from /opt/airflow/dags/tmdb_incremental_sync.py
[2026-07-19T15:57:09.542+0000] {logging_mixin.py:190} INFO - [2026-07-19T15:57:09.541+0000] {dag.py:3211} INFO - Sync 1 DAGs
[2026-07-19T15:57:09.581+0000] {logging_mixin.py:190} INFO - [2026-07-19T15:57:09.580+0000] {dag.py:4138} INFO - Setting next_dagrun for tmdb_incremental_sync to 2026-07-19 00:00:00+00:00, run_after=2026-07-20 00:00:00+00:00
[2026-07-19T15:57:09.607+0000] {processor.py:208} INFO - Processing /opt/airflow/dags/tmdb_incremental_sync.py took 0.150 seconds
[2026-07-19T15:57:39.911+0000] {processor.py:186} INFO - Started process (PID=32641) to work on /opt/airflow/dags/tmdb_incremental_sync.py
[2026-07-19T15:57:39.912+0000] {processor.py:914} INFO - Processing file /opt/airflow/dags/tmdb_incremental_sync.py for tasks to queue
[2026-07-19T15:57:39.916+0000] {logging_mixin.py:190} INFO - [2026-07-19T15:57:39.915+0000] {dagbag.py:587} INFO - Filling up the DagBag from /opt/airflow/dags/tmdb_incremental_sync.py
[2026-07-19T15:57:39.947+0000] {processor.py:925} INFO - DAG(s) 'tmdb_incremental_sync' retrieved from /opt/airflow/dags/tmdb_incremental_sync.py
[2026-07-19T15:57:39.986+0000] {logging_mixin.py:190} INFO - [2026-07-19T15:57:39.985+0000] {dag.py:3211} INFO - Sync 1 DAGs
[2026-07-19T15:57:40.026+0000] {logging_mixin.py:190} INFO - [2026-07-19T15:57:40.026+0000] {dag.py:4138} INFO - Setting next_dagrun for tmdb_incremental_sync to 2026-07-19 00:00:00+00:00, run_after=2026-07-20 00:00:00+00:00
[2026-07-19T15:57:40.052+0000] {processor.py:208} INFO - Processing /opt/airflow/dags/tmdb_incremental_sync.py took 0.153 seconds
[2026-07-19T15:58:10.459+0000] {processor.py:186} INFO - Started process (PID=32651) to work on /opt/airflow/dags/tmdb_incremental_sync.py
[2026-07-19T15:58:10.460+0000] {processor.py:914} INFO - Processing file /opt/airflow/dags/tmdb_incremental_sync.py for tasks to queue
[2026-07-19T15:58:10.463+0000] {logging_mixin.py:190} INFO - [2026-07-19T15:58:10.463+0000] {dagbag.py:587} INFO - Filling up the DagBag from /opt/airflow/dags/tmdb_incremental_sync.py
[2026-07-19T15:58:10.493+0000] {processor.py:925} INFO - DAG(s) 'tmdb_incremental_sync' retrieved from /opt/airflow/dags/tmdb_incremental_sync.py
[2026-07-19T15:58:10.534+0000] {logging_mixin.py:190} INFO - [2026-07-19T15:58:10.534+0000] {dag.py:3211} INFO - Sync 1 DAGs
[2026-07-19T15:58:10.572+0000] {logging_mixin.py:190} INFO - [2026-07-19T15:58:10.572+0000] {dag.py:4138} INFO - Setting next_dagrun for tmdb_incremental_sync to 2026-07-19 00:00:00+00:00, run_after=2026-07-20 00:00:00+00:00
[2026-07-19T15:58:10.597+0000] {processor.py:208} INFO - Processing /opt/airflow/dags/tmdb_incremental_sync.py took 0.147 seconds
[2026-07-19T15:58:40.913+0000] {processor.py:186} INFO - Started process (PID=32661) to work on /opt/airflow/dags/tmdb_incremental_sync.py
[2026-07-19T15:58:40.914+0000] {processor.py:914} INFO - Processing file /opt/airflow/dags/tmdb_incremental_sync.py for tasks to queue
[2026-07-19T15:58:40.918+0000] {logging_mixin.py:190} INFO - [2026-07-19T15:58:40.917+0000] {dagbag.py:587} INFO - Filling up the DagBag from /opt/airflow/dags/tmdb_incremental_sync.py
[2026-07-19T15:58:40.953+0000] {processor.py:925} INFO - DAG(s) 'tmdb_incremental_sync' retrieved from /opt/airflow/dags/tmdb_incremental_sync.py
[2026-07-19T15:58:40.998+0000] {logging_mixin.py:190} INFO - [2026-07-19T15:58:40.997+0000] {dag.py:3211} INFO - Sync 1 DAGs
[2026-07-19T15:58:41.041+0000] {logging_mixin.py:190} INFO - [2026-07-19T15:58:41.041+0000] {dag.py:4138} INFO - Setting next_dagrun for tmdb_incremental_sync to 2026-07-19 00:00:00+00:00, run_after=2026-07-20 00:00:00+00:00
[2026-07-19T15:58:41.071+0000] {processor.py:208} INFO - Processing /opt/airflow/dags/tmdb_incremental_sync.py took 0.167 seconds
[2026-07-19T15:59:11.372+0000] {processor.py:186} INFO - Started process (PID=32671) to work on /opt/airflow/dags/tmdb_incremental_sync.py
[2026-07-19T15:59:11.373+0000] {processor.py:914} INFO - Processing file /opt/airflow/dags/tmdb_incremental_sync.py for tasks to queue
[2026-07-19T15:59:11.380+0000] {logging_mixin.py:190} INFO - [2026-07-19T15:59:11.379+0000] {dagbag.py:587} INFO - Filling up the DagBag from /opt/airflow/dags/tmdb_incremental_sync.py
[2026-07-19T15:59:11.414+0000] {processor.py:925} INFO - DAG(s) 'tmdb_incremental_sync' retrieved from /opt/airflow/dags/tmdb_incremental_sync.py
[2026-07-19T15:59:11.459+0000] {logging_mixin.py:190} INFO - [2026-07-19T15:59:11.459+0000] {dag.py:3211} INFO - Sync 1 DAGs
[2026-07-19T15:59:11.511+0000] {logging_mixin.py:190} INFO - [2026-07-19T15:59:11.510+0000] {dag.py:4138} INFO - Setting next_dagrun for tmdb_incremental_sync to 2026-07-19 00:00:00+00:00, run_after=2026-07-20 00:00:00+00:00
[2026-07-19T15:59:11.553+0000] {processor.py:208} INFO - Processing /opt/airflow/dags/tmdb_incremental_sync.py took 0.192 seconds
[2026-07-19T15:59:41.903+0000] {processor.py:186} INFO - Started process (PID=32681) to work on /opt/airflow/dags/tmdb_incremental_sync.py
[2026-07-19T15:59:41.904+0000] {processor.py:914} INFO - Processing file /opt/airflow/dags/tmdb_incremental_sync.py for tasks to queue
[2026-07-19T15:59:41.908+0000] {logging_mixin.py:190} INFO - [2026-07-19T15:59:41.908+0000] {dagbag.py:587} INFO - Filling up the DagBag from /opt/airflow/dags/tmdb_incremental_sync.py
[2026-07-19T15:59:41.936+0000] {processor.py:925} INFO - DAG(s) 'tmdb_incremental_sync' retrieved from /opt/airflow/dags/tmdb_incremental_sync.py
[2026-07-19T15:59:41.977+0000] {logging_mixin.py:190} INFO - [2026-07-19T15:59:41.976+0000] {dag.py:3211} INFO - Sync 1 DAGs
[2026-07-19T15:59:42.015+0000] {logging_mixin.py:190} INFO - [2026-07-19T15:59:42.015+0000] {dag.py:4138} INFO - Setting next_dagrun for tmdb_incremental_sync to 2026-07-19 00:00:00+00:00, run_after=2026-07-20 00:00:00+00:00
[2026-07-19T15:59:42.047+0000] {processor.py:208} INFO - Processing /opt/airflow/dags/tmdb_incremental_sync.py took 0.152 seconds
[2026-07-19T16:00:12.333+0000] {processor.py:186} INFO - Started process (PID=32691) to work on /opt/airflow/dags/tmdb_incremental_sync.py
[2026-07-19T16:00:12.334+0000] {processor.py:914} INFO - Processing file /opt/airflow/dags/tmdb_incremental_sync.py for tasks to queue
[2026-07-19T16:00:12.337+0000] {logging_mixin.py:190} INFO - [2026-07-19T16:00:12.337+0000] {dagbag.py:587} INFO - Filling up the DagBag from /opt/airflow/dags/tmdb_incremental_sync.py
[2026-07-19T16:00:12.369+0000] {processor.py:925} INFO - DAG(s) 'tmdb_incremental_sync' retrieved from /opt/airflow/dags/tmdb_incremental_sync.py
[2026-07-19T16:00:12.414+0000] {logging_mixin.py:190} INFO - [2026-07-19T16:00:12.414+0000] {dag.py:3211} INFO - Sync 1 DAGs
[2026-07-19T16:00:12.453+0000] {logging_mixin.py:190} INFO - [2026-07-19T16:00:12.453+0000] {dag.py:4138} INFO - Setting next_dagrun for tmdb_incremental_sync to 2026-07-19 00:00:00+00:00, run_after=2026-07-20 00:00:00+00:00
[2026-07-19T16:00:12.483+0000] {processor.py:208} INFO - Processing /opt/airflow/dags/tmdb_incremental_sync.py took 0.160 seconds
[2026-07-19T16:00:42.781+0000] {processor.py:186} INFO - Started process (PID=32701) to work on /opt/airflow/dags/tmdb_incremental_sync.py
[2026-07-19T16:00:42.782+0000] {processor.py:914} INFO - Processing file /opt/airflow/dags/tmdb_incremental_sync.py for tasks to queue
[2026-07-19T16:00:42.786+0000] {logging_mixin.py:190} INFO - [2026-07-19T16:00:42.785+0000] {dagbag.py:587} INFO - Filling up the DagBag from /opt/airflow/dags/tmdb_incremental_sync.py
[2026-07-19T16:00:42.818+0000] {processor.py:925} INFO - DAG(s) 'tmdb_incremental_sync' retrieved from /opt/airflow/dags/tmdb_incremental_sync.py
[2026-07-19T16:00:42.860+0000] {logging_mixin.py:190} INFO - [2026-07-19T16:00:42.860+0000] {dag.py:3211} INFO - Sync 1 DAGs
[2026-07-19T16:00:42.900+0000] {logging_mixin.py:190} INFO - [2026-07-19T16:00:42.900+0000] {dag.py:4138} INFO - Setting next_dagrun for tmdb_incremental_sync to 2026-07-19 00:00:00+00:00, run_after=2026-07-20 00:00:00+00:00
[2026-07-19T16:00:42.929+0000] {processor.py:208} INFO - Processing /opt/airflow/dags/tmdb_incremental_sync.py took 0.158 seconds
[2026-07-19T16:01:13.243+0000] {processor.py:186} INFO - Started process (PID=32711) to work on /opt/airflow/dags/tmdb_incremental_sync.py
[2026-07-19T16:01:13.244+0000] {processor.py:914} INFO - Processing file /opt/airflow/dags/tmdb_incremental_sync.py for tasks to queue
[2026-07-19T16:01:13.248+0000] {logging_mixin.py:190} INFO - [2026-07-19T16:01:13.247+0000] {dagbag.py:587} INFO - Filling up the DagBag from /opt/airflow/dags/tmdb_incremental_sync.py
[2026-07-19T16:01:13.277+0000] {processor.py:925} INFO - DAG(s) 'tmdb_incremental_sync' retrieved from /opt/airflow/dags/tmdb_incremental_sync.py
[2026-07-19T16:01:13.318+0000] {logging_mixin.py:190} INFO - [2026-07-19T16:01:13.318+0000] {dag.py:3211} INFO - Sync 1 DAGs
[2026-07-19T16:01:13.359+0000] {logging_mixin.py:190} INFO - [2026-07-19T16:01:13.359+0000] {dag.py:4138} INFO - Setting next_dagrun for tmdb_incremental_sync to 2026-07-19 00:00:00+00:00, run_after=2026-07-20 00:00:00+00:00
[2026-07-19T16:01:13.386+0000] {processor.py:208} INFO - Processing /opt/airflow/dags/tmdb_incremental_sync.py took 0.151 seconds
[2026-07-19T16:01:43.680+0000] {processor.py:186} INFO - Started process (PID=32721) to work on /opt/airflow/dags/tmdb_incremental_sync.py
[2026-07-19T16:01:43.681+0000] {processor.py:914} INFO - Processing file /opt/airflow/dags/tmdb_incremental_sync.py for tasks to queue
[2026-07-19T16:01:43.685+0000] {logging_mixin.py:190} INFO - [2026-07-19T16:01:43.684+0000] {dagbag.py:587} INFO - Filling up the DagBag from /opt/airflow/dags/tmdb_incremental_sync.py
[2026-07-19T16:01:43.721+0000] {processor.py:925} INFO - DAG(s) 'tmdb_incremental_sync' retrieved from /opt/airflow/dags/tmdb_incremental_sync.py
[2026-07-19T16:01:43.769+0000] {logging_mixin.py:190} INFO - [2026-07-19T16:01:43.768+0000] {dag.py:3211} INFO - Sync 1 DAGs
[2026-07-19T16:01:43.811+0000] {logging_mixin.py:190} INFO - [2026-07-19T16:01:43.811+0000] {dag.py:4138} INFO - Setting next_dagrun for tmdb_incremental_sync to 2026-07-19 00:00:00+00:00, run_after=2026-07-20 00:00:00+00:00
[2026-07-19T16:01:43.842+0000] {processor.py:208} INFO - Processing /opt/airflow/dags/tmdb_incremental_sync.py took 0.172 seconds
[2026-07-19T16:02:14.213+0000] {processor.py:186} INFO - Started process (PID=32731) to work on /opt/airflow/dags/tmdb_incremental_sync.py
[2026-07-19T16:02:14.215+0000] {processor.py:914} INFO - Processing file /opt/airflow/dags/tmdb_incremental_sync.py for tasks to queue
[2026-07-19T16:02:14.219+0000] {logging_mixin.py:190} INFO - [2026-07-19T16:02:14.218+0000] {dagbag.py:587} INFO - Filling up the DagBag from /opt/airflow/dags/tmdb_incremental_sync.py
[2026-07-19T16:02:14.250+0000] {processor.py:925} INFO - DAG(s) 'tmdb_incremental_sync' retrieved from /opt/airflow/dags/tmdb_incremental_sync.py
[2026-07-19T16:02:14.309+0000] {logging_mixin.py:190} INFO - [2026-07-19T16:02:14.309+0000] {dag.py:3211} INFO - Sync 1 DAGs
[2026-07-19T16:02:14.348+0000] {logging_mixin.py:190} INFO - [2026-07-19T16:02:14.348+0000] {dag.py:4138} INFO - Setting next_dagrun for tmdb_incremental_sync to 2026-07-19 00:00:00+00:00, run_after=2026-07-20 00:00:00+00:00
[2026-07-19T16:02:14.373+0000] {processor.py:208} INFO - Processing /opt/airflow/dags/tmdb_incremental_sync.py took 0.169 seconds
[2026-07-19T16:02:44.675+0000] {processor.py:186} INFO - Started process (PID=32741) to work on /opt/airflow/dags/tmdb_incremental_sync.py
[2026-07-19T16:02:44.677+0000] {processor.py:914} INFO - Processing file /opt/airflow/dags/tmdb_incremental_sync.py for tasks to queue
[2026-07-19T16:02:44.682+0000] {logging_mixin.py:190} INFO - [2026-07-19T16:02:44.681+0000] {dagbag.py:587} INFO - Filling up the DagBag from /opt/airflow/dags/tmdb_incremental_sync.py
[2026-07-19T16:02:44.717+0000] {processor.py:925} INFO - DAG(s) 'tmdb_incremental_sync' retrieved from /opt/airflow/dags/tmdb_incremental_sync.py
[2026-07-19T16:02:44.766+0000] {logging_mixin.py:190} INFO - [2026-07-19T16:02:44.765+0000] {dag.py:3211} INFO - Sync 1 DAGs
[2026-07-19T16:02:44.804+0000] {logging_mixin.py:190} INFO - [2026-07-19T16:02:44.804+0000] {dag.py:4138} INFO - Setting next_dagrun for tmdb_incremental_sync to 2026-07-19 00:00:00+00:00, run_after=2026-07-20 00:00:00+00:00
[2026-07-19T16:02:44.832+0000] {processor.py:208} INFO - Processing /opt/airflow/dags/tmdb_incremental_sync.py took 0.167 seconds
[2026-07-19T16:03:15.197+0000] {processor.py:186} INFO - Started process (PID=32751) to work on /opt/airflow/dags/tmdb_incremental_sync.py
[2026-07-19T16:03:15.198+0000] {processor.py:914} INFO - Processing file /opt/airflow/dags/tmdb_incremental_sync.py for tasks to queue
[2026-07-19T16:03:15.201+0000] {logging_mixin.py:190} INFO - [2026-07-19T16:03:15.201+0000] {dagbag.py:587} INFO - Filling up the DagBag from /opt/airflow/dags/tmdb_incremental_sync.py
[2026-07-19T16:03:15.231+0000] {processor.py:925} INFO - DAG(s) 'tmdb_incremental_sync' retrieved from /opt/airflow/dags/tmdb_incremental_sync.py
[2026-07-19T16:03:15.273+0000] {logging_mixin.py:190} INFO - [2026-07-19T16:03:15.273+0000] {dag.py:3211} INFO - Sync 1 DAGs
[2026-07-19T16:03:15.315+0000] {logging_mixin.py:190} INFO - [2026-07-19T16:03:15.315+0000] {dag.py:4138} INFO - Setting next_dagrun for tmdb_incremental_sync to 2026-07-19 00:00:00+00:00, run_after=2026-07-20 00:00:00+00:00
[2026-07-19T16:03:15.340+0000] {processor.py:208} INFO - Processing /opt/airflow/dags/tmdb_incremental_sync.py took 0.153 seconds
[2026-07-19T16:03:45.652+0000] {processor.py:186} INFO - Started process (PID=32761) to work on /opt/airflow/dags/tmdb_incremental_sync.py
[2026-07-19T16:03:45.653+0000] {processor.py:914} INFO - Processing file /opt/airflow/dags/tmdb_incremental_sync.py for tasks to queue
[2026-07-19T16:03:45.657+0000] {logging_mixin.py:190} INFO - [2026-07-19T16:03:45.656+0000] {dagbag.py:587} INFO - Filling up the DagBag from /opt/airflow/dags/tmdb_incremental_sync.py
[2026-07-19T16:03:45.685+0000] {processor.py:925} INFO - DAG(s) 'tmdb_incremental_sync' retrieved from /opt/airflow/dags/tmdb_incremental_sync.py
[2026-07-19T16:03:45.726+0000] {logging_mixin.py:190} INFO - [2026-07-19T16:03:45.725+0000] {dag.py:3211} INFO - Sync 1 DAGs
[2026-07-19T16:03:45.763+0000] {logging_mixin.py:190} INFO - [2026-07-19T16:03:45.763+0000] {dag.py:4138} INFO - Setting next_dagrun for tmdb_incremental_sync to 2026-07-19 00:00:00+00:00, run_after=2026-07-20 00:00:00+00:00
[2026-07-19T16:03:45.789+0000] {processor.py:208} INFO - Processing /opt/airflow/dags/tmdb_incremental_sync.py took 0.144 seconds
[2026-07-19T16:04:16.101+0000] {processor.py:186} INFO - Started process (PID=32771) to work on /opt/airflow/dags/tmdb_incremental_sync.py
[2026-07-19T16:04:16.102+0000] {processor.py:914} INFO - Processing file /opt/airflow/dags/tmdb_incremental_sync.py for tasks to queue
[2026-07-19T16:04:16.105+0000] {logging_mixin.py:190} INFO - [2026-07-19T16:04:16.105+0000] {dagbag.py:587} INFO - Filling up the DagBag from /opt/airflow/dags/tmdb_incremental_sync.py
[2026-07-19T16:04:16.135+0000] {processor.py:925} INFO - DAG(s) 'tmdb_incremental_sync' retrieved from /opt/airflow/dags/tmdb_incremental_sync.py
[2026-07-19T16:04:16.177+0000] {logging_mixin.py:190} INFO - [2026-07-19T16:04:16.177+0000] {dag.py:3211} INFO - Sync 1 DAGs
[2026-07-19T16:04:16.215+0000] {logging_mixin.py:190} INFO - [2026-07-19T16:04:16.215+0000] {dag.py:4138} INFO - Setting next_dagrun for tmdb_incremental_sync to 2026-07-19 00:00:00+00:00, run_after=2026-07-20 00:00:00+00:00
[2026-07-19T16:04:16.241+0000] {processor.py:208} INFO - Processing /opt/airflow/dags/tmdb_incremental_sync.py took 0.147 seconds
[2026-07-19T16:04:46.576+0000] {processor.py:186} INFO - Started process (PID=32781) to work on /opt/airflow/dags/tmdb_incremental_sync.py
[2026-07-19T16:04:46.577+0000] {processor.py:914} INFO - Processing file /opt/airflow/dags/tmdb_incremental_sync.py for tasks to queue
[2026-07-19T16:04:46.580+0000] {logging_mixin.py:190} INFO - [2026-07-19T16:04:46.579+0000] {dagbag.py:587} INFO - Filling up the DagBag from /opt/airflow/dags/tmdb_incremental_sync.py
[2026-07-19T16:04:46.611+0000] {processor.py:925} INFO - DAG(s) 'tmdb_incremental_sync' retrieved from /opt/airflow/dags/tmdb_incremental_sync.py
[2026-07-19T16:04:46.670+0000] {logging_mixin.py:190} INFO - [2026-07-19T16:04:46.669+0000] {dag.py:3211} INFO - Sync 1 DAGs
[2026-07-19T16:04:46.744+0000] {logging_mixin.py:190} INFO - [2026-07-19T16:04:46.744+0000] {dag.py:4138} INFO - Setting next_dagrun for tmdb_incremental_sync to 2026-07-19 00:00:00+00:00, run_after=2026-07-20 00:00:00+00:00
[2026-07-19T16:04:46.781+0000] {processor.py:208} INFO - Processing /opt/airflow/dags/tmdb_incremental_sync.py took 0.213 seconds
[2026-07-19T16:05:17.083+0000] {processor.py:186} INFO - Started process (PID=32791) to work on /opt/airflow/dags/tmdb_incremental_sync.py
[2026-07-19T16:05:17.084+0000] {processor.py:914} INFO - Processing file /opt/airflow/dags/tmdb_incremental_sync.py for tasks to queue
[2026-07-19T16:05:17.089+0000] {logging_mixin.py:190} INFO - [2026-07-19T16:05:17.088+0000] {dagbag.py:587} INFO - Filling up the DagBag from /opt/airflow/dags/tmdb_incremental_sync.py
[2026-07-19T16:05:17.122+0000] {processor.py:925} INFO - DAG(s) 'tmdb_incremental_sync' retrieved from /opt/airflow/dags/tmdb_incremental_sync.py
[2026-07-19T16:05:17.162+0000] {logging_mixin.py:190} INFO - [2026-07-19T16:05:17.162+0000] {dag.py:3211} INFO - Sync 1 DAGs
[2026-07-19T16:05:17.199+0000] {logging_mixin.py:190} INFO - [2026-07-19T16:05:17.199+0000] {dag.py:4138} INFO - Setting next_dagrun for tmdb_incremental_sync to 2026-07-19 00:00:00+00:00, run_after=2026-07-20 00:00:00+00:00
[2026-07-19T16:05:17.224+0000] {processor.py:208} INFO - Processing /opt/airflow/dags/tmdb_incremental_sync.py took 0.151 seconds
[2026-07-19T16:05:47.533+0000] {processor.py:186} INFO - Started process (PID=32801) to work on /opt/airflow/dags/tmdb_incremental_sync.py
[2026-07-19T16:05:47.534+0000] {processor.py:914} INFO - Processing file /opt/airflow/dags/tmdb_incremental_sync.py for tasks to queue
[2026-07-19T16:05:47.538+0000] {logging_mixin.py:190} INFO - [2026-07-19T16:05:47.537+0000] {dagbag.py:587} INFO - Filling up the DagBag from /opt/airflow/dags/tmdb_incremental_sync.py
[2026-07-19T16:05:47.570+0000] {processor.py:925} INFO - DAG(s) 'tmdb_incremental_sync' retrieved from /opt/airflow/dags/tmdb_incremental_sync.py
[2026-07-19T16:05:47.630+0000] {logging_mixin.py:190} INFO - [2026-07-19T16:05:47.630+0000] {dag.py:3211} INFO - Sync 1 DAGs
[2026-07-19T16:05:47.671+0000] {logging_mixin.py:190} INFO - [2026-07-19T16:05:47.670+0000] {dag.py:4138} INFO - Setting next_dagrun for tmdb_incremental_sync to 2026-07-19 00:00:00+00:00, run_after=2026-07-20 00:00:00+00:00
[2026-07-19T16:05:47.701+0000] {processor.py:208} INFO - Processing /opt/airflow/dags/tmdb_incremental_sync.py took 0.179 seconds
[2026-07-19T16:06:17.963+0000] {processor.py:186} INFO - Started process (PID=32811) to work on /opt/airflow/dags/tmdb_incremental_sync.py
[2026-07-19T16:06:17.964+0000] {processor.py:914} INFO - Processing file /opt/airflow/dags/tmdb_incremental_sync.py for tasks to queue
[2026-07-19T16:06:17.968+0000] {logging_mixin.py:190} INFO - [2026-07-19T16:06:17.968+0000] {dagbag.py:587} INFO - Filling up the DagBag from /opt/airflow/dags/tmdb_incremental_sync.py
[2026-07-19T16:06:17.997+0000] {processor.py:925} INFO - DAG(s) 'tmdb_incremental_sync' retrieved from /opt/airflow/dags/tmdb_incremental_sync.py
[2026-07-19T16:06:18.038+0000] {logging_mixin.py:190} INFO - [2026-07-19T16:06:18.037+0000] {dag.py:3211} INFO - Sync 1 DAGs
[2026-07-19T16:06:18.075+0000] {logging_mixin.py:190} INFO - [2026-07-19T16:06:18.074+0000] {dag.py:4138} INFO - Setting next_dagrun for tmdb_incremental_sync to 2026-07-19 00:00:00+00:00, run_after=2026-07-20 00:00:00+00:00
[2026-07-19T16:06:18.101+0000] {processor.py:208} INFO - Processing /opt/airflow/dags/tmdb_incremental_sync.py took 0.146 seconds
[2026-07-19T16:06:48.388+0000] {processor.py:186} INFO - Started process (PID=32821) to work on /opt/airflow/dags/tmdb_incremental_sync.py
[2026-07-19T16:06:48.389+0000] {processor.py:914} INFO - Processing file /opt/airflow/dags/tmdb_incremental_sync.py for tasks to queue
[2026-07-19T16:06:48.392+0000] {logging_mixin.py:190} INFO - [2026-07-19T16:06:48.392+0000] {dagbag.py:587} INFO - Filling up the DagBag from /opt/airflow/dags/tmdb_incremental_sync.py
[2026-07-19T16:06:48.421+0000] {processor.py:925} INFO - DAG(s) 'tmdb_incremental_sync' retrieved from /opt/airflow/dags/tmdb_incremental_sync.py
[2026-07-19T16:06:48.462+0000] {logging_mixin.py:190} INFO - [2026-07-19T16:06:48.461+0000] {dag.py:3211} INFO - Sync 1 DAGs
[2026-07-19T16:06:48.501+0000] {logging_mixin.py:190} INFO - [2026-07-19T16:06:48.500+0000] {dag.py:4138} INFO - Setting next_dagrun for tmdb_incremental_sync to 2026-07-19 00:00:00+00:00, run_after=2026-07-20 00:00:00+00:00
[2026-07-19T16:06:48.527+0000] {processor.py:208} INFO - Processing /opt/airflow/dags/tmdb_incremental_sync.py took 0.151 seconds
[2026-07-19T16:07:18.797+0000] {processor.py:186} INFO - Started process (PID=32831) to work on /opt/airflow/dags/tmdb_incremental_sync.py
[2026-07-19T16:07:18.798+0000] {processor.py:914} INFO - Processing file /opt/airflow/dags/tmdb_incremental_sync.py for tasks to queue
[2026-07-19T16:07:18.801+0000] {logging_mixin.py:190} INFO - [2026-07-19T16:07:18.801+0000] {dagbag.py:587} INFO - Filling up the DagBag from /opt/airflow/dags/tmdb_incremental_sync.py
[2026-07-19T16:07:18.830+0000] {processor.py:925} INFO - DAG(s) 'tmdb_incremental_sync' retrieved from /opt/airflow/dags/tmdb_incremental_sync.py
[2026-07-19T16:07:18.871+0000] {logging_mixin.py:190} INFO - [2026-07-19T16:07:18.870+0000] {dag.py:3211} INFO - Sync 1 DAGs
[2026-07-19T16:07:18.908+0000] {logging_mixin.py:190} INFO - [2026-07-19T16:07:18.907+0000] {dag.py:4138} INFO - Setting next_dagrun for tmdb_incremental_sync to 2026-07-19 00:00:00+00:00, run_after=2026-07-20 00:00:00+00:00
[2026-07-19T16:07:18.933+0000] {processor.py:208} INFO - Processing /opt/airflow/dags/tmdb_incremental_sync.py took 0.146 seconds
[2026-07-19T16:07:49.258+0000] {processor.py:186} INFO - Started process (PID=32841) to work on /opt/airflow/dags/tmdb_incremental_sync.py
[2026-07-19T16:07:49.259+0000] {processor.py:914} INFO - Processing file /opt/airflow/dags/tmdb_incremental_sync.py for tasks to queue
[2026-07-19T16:07:49.264+0000] {logging_mixin.py:190} INFO - [2026-07-19T16:07:49.263+0000] {dagbag.py:587} INFO - Filling up the DagBag from /opt/airflow/dags/tmdb_incremental_sync.py
[2026-07-19T16:07:49.319+0000] {processor.py:925} INFO - DAG(s) 'tmdb_incremental_sync' retrieved from /opt/airflow/dags/tmdb_incremental_sync.py
[2026-07-19T16:07:49.366+0000] {logging_mixin.py:190} INFO - [2026-07-19T16:07:49.366+0000] {dag.py:3211} INFO - Sync 1 DAGs
[2026-07-19T16:07:49.407+0000] {logging_mixin.py:190} INFO - [2026-07-19T16:07:49.406+0000] {dag.py:4138} INFO - Setting next_dagrun for tmdb_incremental_sync to 2026-07-19 00:00:00+00:00, run_after=2026-07-20 00:00:00+00:00
[2026-07-19T16:07:49.475+0000] {processor.py:208} INFO - Processing /opt/airflow/dags/tmdb_incremental_sync.py took 0.228 seconds
[2026-07-19T16:08:19.894+0000] {processor.py:186} INFO - Started process (PID=32851) to work on /opt/airflow/dags/tmdb_incremental_sync.py
[2026-07-19T16:08:19.895+0000] {processor.py:914} INFO - Processing file /opt/airflow/dags/tmdb_incremental_sync.py for tasks to queue
[2026-07-19T16:08:19.899+0000] {logging_mixin.py:190} INFO - [2026-07-19T16:08:19.898+0000] {dagbag.py:587} INFO - Filling up the DagBag from /opt/airflow/dags/tmdb_incremental_sync.py
[2026-07-19T16:08:19.931+0000] {processor.py:925} INFO - DAG(s) 'tmdb_incremental_sync' retrieved from /opt/airflow/dags/tmdb_incremental_sync.py
[2026-07-19T16:08:19.972+0000] {logging_mixin.py:190} INFO - [2026-07-19T16:08:19.971+0000] {dag.py:3211} INFO - Sync 1 DAGs
[2026-07-19T16:08:20.014+0000] {logging_mixin.py:190} INFO - [2026-07-19T16:08:20.014+0000] {dag.py:4138} INFO - Setting next_dagrun for tmdb_incremental_sync to 2026-07-19 00:00:00+00:00, run_after=2026-07-20 00:00:00+00:00
[2026-07-19T16:08:20.039+0000] {processor.py:208} INFO - Processing /opt/airflow/dags/tmdb_incremental_sync.py took 0.155 seconds
[2026-07-19T16:08:50.336+0000] {processor.py:186} INFO - Started process (PID=32861) to work on /opt/airflow/dags/tmdb_incremental_sync.py
[2026-07-19T16:08:50.337+0000] {processor.py:914} INFO - Processing file /opt/airflow/dags/tmdb_incremental_sync.py for tasks to queue
[2026-07-19T16:08:50.342+0000] {logging_mixin.py:190} INFO - [2026-07-19T16:08:50.341+0000] {dagbag.py:587} INFO - Filling up the DagBag from /opt/airflow/dags/tmdb_incremental_sync.py
[2026-07-19T16:08:50.379+0000] {processor.py:925} INFO - DAG(s) 'tmdb_incremental_sync' retrieved from /opt/airflow/dags/tmdb_incremental_sync.py
[2026-07-19T16:08:50.454+0000] {logging_mixin.py:190} INFO - [2026-07-19T16:08:50.453+0000] {dag.py:3211} INFO - Sync 1 DAGs
[2026-07-19T16:08:50.520+0000] {logging_mixin.py:190} INFO - [2026-07-19T16:08:50.519+0000] {dag.py:4138} INFO - Setting next_dagrun for tmdb_incremental_sync to 2026-07-19 00:00:00+00:00, run_after=2026-07-20 00:00:00+00:00
[2026-07-19T16:08:50.551+0000] {processor.py:208} INFO - Processing /opt/airflow/dags/tmdb_incremental_sync.py took 0.225 seconds
[2026-07-19T16:09:22.775+0000] {processor.py:186} INFO - Started process (PID=32871) to work on /opt/airflow/dags/tmdb_incremental_sync.py
[2026-07-19T16:09:22.789+0000] {processor.py:914} INFO - Processing file /opt/airflow/dags/tmdb_incremental_sync.py for tasks to queue
[2026-07-19T16:09:23.071+0000] {logging_mixin.py:190} INFO - [2026-07-19T16:09:23.054+0000] {dagbag.py:587} INFO - Filling up the DagBag from /opt/airflow/dags/tmdb_incremental_sync.py
[2026-07-19T16:09:24.130+0000] {processor.py:925} INFO - DAG(s) 'tmdb_incremental_sync' retrieved from /opt/airflow/dags/tmdb_incremental_sync.py
[2026-07-19T16:09:25.093+0000] {logging_mixin.py:190} INFO - [2026-07-19T16:09:25.093+0000] {dag.py:3211} INFO - Sync 1 DAGs
[2026-07-19T16:09:25.442+0000] {logging_mixin.py:190} INFO - [2026-07-19T16:09:25.441+0000] {dag.py:4138} INFO - Setting next_dagrun for tmdb_incremental_sync to 2026-07-19 00:00:00+00:00, run_after=2026-07-20 00:00:00+00:00
[2026-07-19T16:09:25.677+0000] {processor.py:208} INFO - Processing /opt/airflow/dags/tmdb_incremental_sync.py took 3.901 seconds
[2026-07-19T16:09:56.010+0000] {processor.py:186} INFO - Started process (PID=32881) to work on /opt/airflow/dags/tmdb_incremental_sync.py
[2026-07-19T16:09:56.031+0000] {processor.py:914} INFO - Processing file /opt/airflow/dags/tmdb_incremental_sync.py for tasks to queue
[2026-07-19T16:09:56.061+0000] {logging_mixin.py:190} INFO - [2026-07-19T16:09:56.059+0000] {dagbag.py:587} INFO - Filling up the DagBag from /opt/airflow/dags/tmdb_incremental_sync.py
[2026-07-19T16:09:56.151+0000] {processor.py:925} INFO - DAG(s) 'tmdb_incremental_sync' retrieved from /opt/airflow/dags/tmdb_incremental_sync.py
[2026-07-19T16:09:56.354+0000] {logging_mixin.py:190} INFO - [2026-07-19T16:09:56.353+0000] {dag.py:3211} INFO - Sync 1 DAGs
[2026-07-19T16:09:56.480+0000] {logging_mixin.py:190} INFO - [2026-07-19T16:09:56.479+0000] {dag.py:4138} INFO - Setting next_dagrun for tmdb_incremental_sync to 2026-07-19 00:00:00+00:00, run_after=2026-07-20 00:00:00+00:00
[2026-07-19T16:09:56.507+0000] {processor.py:208} INFO - Processing /opt/airflow/dags/tmdb_incremental_sync.py took 0.567 seconds
[2026-07-19T16:10:26.837+0000] {processor.py:186} INFO - Started process (PID=32891) to work on /opt/airflow/dags/tmdb_incremental_sync.py
[2026-07-19T16:10:26.855+0000] {processor.py:914} INFO - Processing file /opt/airflow/dags/tmdb_incremental_sync.py for tasks to queue
[2026-07-19T16:10:26.872+0000] {logging_mixin.py:190} INFO - [2026-07-19T16:10:26.870+0000] {dagbag.py:587} INFO - Filling up the DagBag from /opt/airflow/dags/tmdb_incremental_sync.py
[2026-07-19T16:10:26.941+0000] {processor.py:925} INFO - DAG(s) 'tmdb_incremental_sync' retrieved from /opt/airflow/dags/tmdb_incremental_sync.py
[2026-07-19T16:10:27.034+0000] {logging_mixin.py:190} INFO - [2026-07-19T16:10:27.033+0000] {dag.py:3211} INFO - Sync 1 DAGs
[2026-07-19T16:10:27.261+0000] {logging_mixin.py:190} INFO - [2026-07-19T16:10:27.260+0000] {dag.py:4138} INFO - Setting next_dagrun for tmdb_incremental_sync to 2026-07-19 00:00:00+00:00, run_after=2026-07-20 00:00:00+00:00
[2026-07-19T16:10:27.602+0000] {processor.py:208} INFO - Processing /opt/airflow/dags/tmdb_incremental_sync.py took 0.801 seconds
[2026-07-19T16:10:58.625+0000] {processor.py:186} INFO - Started process (PID=32900) to work on /opt/airflow/dags/tmdb_incremental_sync.py
[2026-07-19T16:10:58.635+0000] {processor.py:914} INFO - Processing file /opt/airflow/dags/tmdb_incremental_sync.py for tasks to queue
[2026-07-19T16:10:58.667+0000] {logging_mixin.py:190} INFO - [2026-07-19T16:10:58.653+0000] {dagbag.py:587} INFO - Filling up the DagBag from /opt/airflow/dags/tmdb_incremental_sync.py
[2026-07-19T16:10:58.837+0000] {processor.py:925} INFO - DAG(s) 'tmdb_incremental_sync' retrieved from /opt/airflow/dags/tmdb_incremental_sync.py
[2026-07-19T16:10:58.960+0000] {logging_mixin.py:190} INFO - [2026-07-19T16:10:58.959+0000] {dag.py:3211} INFO - Sync 1 DAGs
[2026-07-19T16:10:59.078+0000] {logging_mixin.py:190} INFO - [2026-07-19T16:10:59.077+0000] {dag.py:4138} INFO - Setting next_dagrun for tmdb_incremental_sync to 2026-07-19 00:00:00+00:00, run_after=2026-07-20 00:00:00+00:00
[2026-07-19T16:10:59.565+0000] {processor.py:208} INFO - Processing /opt/airflow/dags/tmdb_incremental_sync.py took 0.984 seconds
[2026-07-19T16:11:30.322+0000] {processor.py:186} INFO - Started process (PID=32909) to work on /opt/airflow/dags/tmdb_incremental_sync.py
[2026-07-19T16:11:30.332+0000] {processor.py:914} INFO - Processing file /opt/airflow/dags/tmdb_incremental_sync.py for tasks to queue
[2026-07-19T16:11:30.446+0000] {logging_mixin.py:190} INFO - [2026-07-19T16:11:30.436+0000] {dagbag.py:587} INFO - Filling up the DagBag from /opt/airflow/dags/tmdb_incremental_sync.py
[2026-07-19T16:11:30.766+0000] {processor.py:925} INFO - DAG(s) 'tmdb_incremental_sync' retrieved from /opt/airflow/dags/tmdb_incremental_sync.py
[2026-07-19T16:11:31.216+0000] {logging_mixin.py:190} INFO - [2026-07-19T16:11:31.215+0000] {dag.py:3211} INFO - Sync 1 DAGs
[2026-07-19T16:11:31.677+0000] {logging_mixin.py:190} INFO - [2026-07-19T16:11:31.675+0000] {dag.py:4138} INFO - Setting next_dagrun for tmdb_incremental_sync to 2026-07-19 00:00:00+00:00, run_after=2026-07-20 00:00:00+00:00
[2026-07-19T16:11:32.781+0000] {processor.py:208} INFO - Processing /opt/airflow/dags/tmdb_incremental_sync.py took 2.569 seconds
[2026-07-19T16:12:03.788+0000] {processor.py:186} INFO - Started process (PID=32921) to work on /opt/airflow/dags/tmdb_incremental_sync.py
[2026-07-19T16:12:03.793+0000] {processor.py:914} INFO - Processing file /opt/airflow/dags/tmdb_incremental_sync.py for tasks to queue
[2026-07-19T16:12:03.824+0000] {logging_mixin.py:190} INFO - [2026-07-19T16:12:03.821+0000] {dagbag.py:587} INFO - Filling up the DagBag from /opt/airflow/dags/tmdb_incremental_sync.py
[2026-07-19T16:12:03.969+0000] {processor.py:925} INFO - DAG(s) 'tmdb_incremental_sync' retrieved from /opt/airflow/dags/tmdb_incremental_sync.py
[2026-07-19T16:12:04.075+0000] {logging_mixin.py:190} INFO - [2026-07-19T16:12:04.075+0000] {dag.py:3211} INFO - Sync 1 DAGs
[2026-07-19T16:12:04.166+0000] {logging_mixin.py:190} INFO - [2026-07-19T16:12:04.166+0000] {dag.py:4138} INFO - Setting next_dagrun for tmdb_incremental_sync to 2026-07-19 00:00:00+00:00, run_after=2026-07-20 00:00:00+00:00
[2026-07-19T16:12:04.214+0000] {processor.py:208} INFO - Processing /opt/airflow/dags/tmdb_incremental_sync.py took 0.458 seconds
[2026-07-19T16:12:35.119+0000] {processor.py:186} INFO - Started process (PID=32931) to work on /opt/airflow/dags/tmdb_incremental_sync.py
[2026-07-19T16:12:35.139+0000] {processor.py:914} INFO - Processing file /opt/airflow/dags/tmdb_incremental_sync.py for tasks to queue
[2026-07-19T16:12:35.318+0000] {logging_mixin.py:190} INFO - [2026-07-19T16:12:35.289+0000] {dagbag.py:587} INFO - Filling up the DagBag from /opt/airflow/dags/tmdb_incremental_sync.py
[2026-07-19T16:12:35.857+0000] {processor.py:925} INFO - DAG(s) 'tmdb_incremental_sync' retrieved from /opt/airflow/dags/tmdb_incremental_sync.py
[2026-07-19T16:12:36.002+0000] {logging_mixin.py:190} INFO - [2026-07-19T16:12:36.001+0000] {dag.py:3211} INFO - Sync 1 DAGs
[2026-07-19T16:12:36.209+0000] {logging_mixin.py:190} INFO - [2026-07-19T16:12:36.208+0000] {dag.py:4138} INFO - Setting next_dagrun for tmdb_incremental_sync to 2026-07-19 00:00:00+00:00, run_after=2026-07-20 00:00:00+00:00
[2026-07-19T16:12:36.276+0000] {processor.py:208} INFO - Processing /opt/airflow/dags/tmdb_incremental_sync.py took 1.237 seconds
[2026-07-19T16:13:06.907+0000] {processor.py:186} INFO - Started process (PID=32941) to work on /opt/airflow/dags/tmdb_incremental_sync.py
[2026-07-19T16:13:06.914+0000] {processor.py:914} INFO - Processing file /opt/airflow/dags/tmdb_incremental_sync.py for tasks to queue
[2026-07-19T16:13:06.922+0000] {logging_mixin.py:190} INFO - [2026-07-19T16:13:06.921+0000] {dagbag.py:587} INFO - Filling up the DagBag from /opt/airflow/dags/tmdb_incremental_sync.py
[2026-07-19T16:13:07.008+0000] {processor.py:925} INFO - DAG(s) 'tmdb_incremental_sync' retrieved from /opt/airflow/dags/tmdb_incremental_sync.py
[2026-07-19T16:13:07.161+0000] {logging_mixin.py:190} INFO - [2026-07-19T16:13:07.160+0000] {dag.py:3211} INFO - Sync 1 DAGs
[2026-07-19T16:13:07.390+0000] {logging_mixin.py:190} INFO - [2026-07-19T16:13:07.388+0000] {dag.py:4138} INFO - Setting next_dagrun for tmdb_incremental_sync to 2026-07-19 00:00:00+00:00, run_after=2026-07-20 00:00:00+00:00
[2026-07-19T16:13:07.471+0000] {processor.py:208} INFO - Processing /opt/airflow/dags/tmdb_incremental_sync.py took 0.605 seconds
[2026-07-19T16:13:37.941+0000] {processor.py:186} INFO - Started process (PID=32951) to work on /opt/airflow/dags/tmdb_incremental_sync.py
[2026-07-19T16:13:37.944+0000] {processor.py:914} INFO - Processing file /opt/airflow/dags/tmdb_incremental_sync.py for tasks to queue
[2026-07-19T16:13:37.951+0000] {logging_mixin.py:190} INFO - [2026-07-19T16:13:37.950+0000] {dagbag.py:587} INFO - Filling up the DagBag from /opt/airflow/dags/tmdb_incremental_sync.py
[2026-07-19T16:13:38.014+0000] {processor.py:925} INFO - DAG(s) 'tmdb_incremental_sync' retrieved from /opt/airflow/dags/tmdb_incremental_sync.py
[2026-07-19T16:13:38.080+0000] {logging_mixin.py:190} INFO - [2026-07-19T16:13:38.080+0000] {dag.py:3211} INFO - Sync 1 DAGs
[2026-07-19T16:13:38.145+0000] {logging_mixin.py:190} INFO - [2026-07-19T16:13:38.145+0000] {dag.py:4138} INFO - Setting next_dagrun for tmdb_incremental_sync to 2026-07-19 00:00:00+00:00, run_after=2026-07-20 00:00:00+00:00
[2026-07-19T16:13:38.181+0000] {processor.py:208} INFO - Processing /opt/airflow/dags/tmdb_incremental_sync.py took 0.264 seconds
[2026-07-19T16:14:08.536+0000] {processor.py:186} INFO - Started process (PID=32961) to work on /opt/airflow/dags/tmdb_incremental_sync.py
[2026-07-19T16:14:08.538+0000] {processor.py:914} INFO - Processing file /opt/airflow/dags/tmdb_incremental_sync.py for tasks to queue
[2026-07-19T16:14:08.541+0000] {logging_mixin.py:190} INFO - [2026-07-19T16:14:08.541+0000] {dagbag.py:587} INFO - Filling up the DagBag from /opt/airflow/dags/tmdb_incremental_sync.py
[2026-07-19T16:14:08.651+0000] {processor.py:925} INFO - DAG(s) 'tmdb_incremental_sync' retrieved from /opt/airflow/dags/tmdb_incremental_sync.py
[2026-07-19T16:14:08.697+0000] {logging_mixin.py:190} INFO - [2026-07-19T16:14:08.697+0000] {dag.py:3211} INFO - Sync 1 DAGs
[2026-07-19T16:14:08.742+0000] {logging_mixin.py:190} INFO - [2026-07-19T16:14:08.742+0000] {dag.py:4138} INFO - Setting next_dagrun for tmdb_incremental_sync to 2026-07-19 00:00:00+00:00, run_after=2026-07-20 00:00:00+00:00
[2026-07-19T16:14:08.768+0000] {processor.py:208} INFO - Processing /opt/airflow/dags/tmdb_incremental_sync.py took 0.240 seconds
[2026-07-19T16:14:39.072+0000] {processor.py:186} INFO - Started process (PID=32971) to work on /opt/airflow/dags/tmdb_incremental_sync.py
[2026-07-19T16:14:39.073+0000] {processor.py:914} INFO - Processing file /opt/airflow/dags/tmdb_incremental_sync.py for tasks to queue
[2026-07-19T16:14:39.076+0000] {logging_mixin.py:190} INFO - [2026-07-19T16:14:39.076+0000] {dagbag.py:587} INFO - Filling up the DagBag from /opt/airflow/dags/tmdb_incremental_sync.py
[2026-07-19T16:14:39.107+0000] {processor.py:925} INFO - DAG(s) 'tmdb_incremental_sync' retrieved from /opt/airflow/dags/tmdb_incremental_sync.py
[2026-07-19T16:14:39.153+0000] {logging_mixin.py:190} INFO - [2026-07-19T16:14:39.153+0000] {dag.py:3211} INFO - Sync 1 DAGs
[2026-07-19T16:14:39.191+0000] {logging_mixin.py:190} INFO - [2026-07-19T16:14:39.191+0000] {dag.py:4138} INFO - Setting next_dagrun for tmdb_incremental_sync to 2026-07-19 00:00:00+00:00, run_after=2026-07-20 00:00:00+00:00
[2026-07-19T16:14:39.222+0000] {processor.py:208} INFO - Processing /opt/airflow/dags/tmdb_incremental_sync.py took 0.159 seconds
[2026-07-19T16:15:09.516+0000] {processor.py:186} INFO - Started process (PID=32981) to work on /opt/airflow/dags/tmdb_incremental_sync.py
[2026-07-19T16:15:09.517+0000] {processor.py:914} INFO - Processing file /opt/airflow/dags/tmdb_incremental_sync.py for tasks to queue
[2026-07-19T16:15:09.525+0000] {logging_mixin.py:190} INFO - [2026-07-19T16:15:09.524+0000] {dagbag.py:587} INFO - Filling up the DagBag from /opt/airflow/dags/tmdb_incremental_sync.py
[2026-07-19T16:15:09.565+0000] {processor.py:925} INFO - DAG(s) 'tmdb_incremental_sync' retrieved from /opt/airflow/dags/tmdb_incremental_sync.py
[2026-07-19T16:15:09.643+0000] {logging_mixin.py:190} INFO - [2026-07-19T16:15:09.643+0000] {dag.py:3211} INFO - Sync 1 DAGs
[2026-07-19T16:15:09.683+0000] {logging_mixin.py:190} INFO - [2026-07-19T16:15:09.683+0000] {dag.py:4138} INFO - Setting next_dagrun for tmdb_incremental_sync to 2026-07-19 00:00:00+00:00, run_after=2026-07-20 00:00:00+00:00
[2026-07-19T16:15:09.709+0000] {processor.py:208} INFO - Processing /opt/airflow/dags/tmdb_incremental_sync.py took 0.202 seconds
[2026-07-19T16:15:40.012+0000] {processor.py:186} INFO - Started process (PID=32991) to work on /opt/airflow/dags/tmdb_incremental_sync.py
[2026-07-19T16:15:40.014+0000] {processor.py:914} INFO - Processing file /opt/airflow/dags/tmdb_incremental_sync.py for tasks to queue
[2026-07-19T16:15:40.018+0000] {logging_mixin.py:190} INFO - [2026-07-19T16:15:40.017+0000] {dagbag.py:587} INFO - Filling up the DagBag from /opt/airflow/dags/tmdb_incremental_sync.py
[2026-07-19T16:15:40.049+0000] {processor.py:925} INFO - DAG(s) 'tmdb_incremental_sync' retrieved from /opt/airflow/dags/tmdb_incremental_sync.py
[2026-07-19T16:15:40.094+0000] {logging_mixin.py:190} INFO - [2026-07-19T16:15:40.094+0000] {dag.py:3211} INFO - Sync 1 DAGs
[2026-07-19T16:15:40.141+0000] {logging_mixin.py:190} INFO - [2026-07-19T16:15:40.141+0000] {dag.py:4138} INFO - Setting next_dagrun for tmdb_incremental_sync to 2026-07-19 00:00:00+00:00, run_after=2026-07-20 00:00:00+00:00
[2026-07-19T16:15:40.168+0000] {processor.py:208} INFO - Processing /opt/airflow/dags/tmdb_incremental_sync.py took 0.163 seconds
[2026-07-19T16:16:10.493+0000] {processor.py:186} INFO - Started process (PID=33001) to work on /opt/airflow/dags/tmdb_incremental_sync.py
[2026-07-19T16:16:10.494+0000] {processor.py:914} INFO - Processing file /opt/airflow/dags/tmdb_incremental_sync.py for tasks to queue
[2026-07-19T16:16:10.498+0000] {logging_mixin.py:190} INFO - [2026-07-19T16:16:10.498+0000] {dagbag.py:587} INFO - Filling up the DagBag from /opt/airflow/dags/tmdb_incremental_sync.py
[2026-07-19T16:16:10.534+0000] {processor.py:925} INFO - DAG(s) 'tmdb_incremental_sync' retrieved from /opt/airflow/dags/tmdb_incremental_sync.py
[2026-07-19T16:16:10.583+0000] {logging_mixin.py:190} INFO - [2026-07-19T16:16:10.582+0000] {dag.py:3211} INFO - Sync 1 DAGs
[2026-07-19T16:16:10.622+0000] {logging_mixin.py:190} INFO - [2026-07-19T16:16:10.621+0000] {dag.py:4138} INFO - Setting next_dagrun for tmdb_incremental_sync to 2026-07-19 00:00:00+00:00, run_after=2026-07-20 00:00:00+00:00
[2026-07-19T16:16:10.647+0000] {processor.py:208} INFO - Processing /opt/airflow/dags/tmdb_incremental_sync.py took 0.162 seconds
[2026-07-19T16:16:41.190+0000] {processor.py:186} INFO - Started process (PID=33011) to work on /opt/airflow/dags/tmdb_incremental_sync.py
[2026-07-19T16:16:41.191+0000] {processor.py:914} INFO - Processing file /opt/airflow/dags/tmdb_incremental_sync.py for tasks to queue
[2026-07-19T16:16:41.196+0000] {logging_mixin.py:190} INFO - [2026-07-19T16:16:41.195+0000] {dagbag.py:587} INFO - Filling up the DagBag from /opt/airflow/dags/tmdb_incremental_sync.py
[2026-07-19T16:16:41.225+0000] {processor.py:925} INFO - DAG(s) 'tmdb_incremental_sync' retrieved from /opt/airflow/dags/tmdb_incremental_sync.py
[2026-07-19T16:16:41.269+0000] {logging_mixin.py:190} INFO - [2026-07-19T16:16:41.269+0000] {dag.py:3211} INFO - Sync 1 DAGs
[2026-07-19T16:16:41.310+0000] {logging_mixin.py:190} INFO - [2026-07-19T16:16:41.310+0000] {dag.py:4138} INFO - Setting next_dagrun for tmdb_incremental_sync to 2026-07-19 00:00:00+00:00, run_after=2026-07-20 00:00:00+00:00
[2026-07-19T16:16:41.337+0000] {processor.py:208} INFO - Processing /opt/airflow/dags/tmdb_incremental_sync.py took 0.156 seconds
[2026-07-19T16:17:11.678+0000] {processor.py:186} INFO - Started process (PID=33021) to work on /opt/airflow/dags/tmdb_incremental_sync.py
[2026-07-19T16:17:11.681+0000] {processor.py:914} INFO - Processing file /opt/airflow/dags/tmdb_incremental_sync.py for tasks to queue
[2026-07-19T16:17:11.689+0000] {logging_mixin.py:190} INFO - [2026-07-19T16:17:11.688+0000] {dagbag.py:587} INFO - Filling up the DagBag from /opt/airflow/dags/tmdb_incremental_sync.py
[2026-07-19T16:17:11.841+0000] {processor.py:925} INFO - DAG(s) 'tmdb_incremental_sync' retrieved from /opt/airflow/dags/tmdb_incremental_sync.py
[2026-07-19T16:17:11.901+0000] {logging_mixin.py:190} INFO - [2026-07-19T16:17:11.899+0000] {dag.py:3211} INFO - Sync 1 DAGs
[2026-07-19T16:17:12.056+0000] {logging_mixin.py:190} INFO - [2026-07-19T16:17:12.056+0000] {dag.py:4138} INFO - Setting next_dagrun for tmdb_incremental_sync to 2026-07-19 00:00:00+00:00, run_after=2026-07-20 00:00:00+00:00
[2026-07-19T16:17:12.105+0000] {processor.py:208} INFO - Processing /opt/airflow/dags/tmdb_incremental_sync.py took 0.444 seconds
[2026-07-19T16:17:42.387+0000] {processor.py:186} INFO - Started process (PID=33031) to work on /opt/airflow/dags/tmdb_incremental_sync.py
[2026-07-19T16:17:42.389+0000] {processor.py:914} INFO - Processing file /opt/airflow/dags/tmdb_incremental_sync.py for tasks to queue
[2026-07-19T16:17:42.392+0000] {logging_mixin.py:190} INFO - [2026-07-19T16:17:42.391+0000] {dagbag.py:587} INFO - Filling up the DagBag from /opt/airflow/dags/tmdb_incremental_sync.py
[2026-07-19T16:17:42.423+0000] {processor.py:925} INFO - DAG(s) 'tmdb_incremental_sync' retrieved from /opt/airflow/dags/tmdb_incremental_sync.py
[2026-07-19T16:17:42.466+0000] {logging_mixin.py:190} INFO - [2026-07-19T16:17:42.465+0000] {dag.py:3211} INFO - Sync 1 DAGs
[2026-07-19T16:17:42.508+0000] {logging_mixin.py:190} INFO - [2026-07-19T16:17:42.508+0000] {dag.py:4138} INFO - Setting next_dagrun for tmdb_incremental_sync to 2026-07-19 00:00:00+00:00, run_after=2026-07-20 00:00:00+00:00
[2026-07-19T16:17:42.538+0000] {processor.py:208} INFO - Processing /opt/airflow/dags/tmdb_incremental_sync.py took 0.162 seconds
[2026-07-19T16:18:12.904+0000] {processor.py:186} INFO - Started process (PID=33041) to work on /opt/airflow/dags/tmdb_incremental_sync.py
[2026-07-19T16:18:12.905+0000] {processor.py:914} INFO - Processing file /opt/airflow/dags/tmdb_incremental_sync.py for tasks to queue
[2026-07-19T16:18:12.909+0000] {logging_mixin.py:190} INFO - [2026-07-19T16:18:12.908+0000] {dagbag.py:587} INFO - Filling up the DagBag from /opt/airflow/dags/tmdb_incremental_sync.py
[2026-07-19T16:18:12.958+0000] {processor.py:925} INFO - DAG(s) 'tmdb_incremental_sync' retrieved from /opt/airflow/dags/tmdb_incremental_sync.py
[2026-07-19T16:18:13.003+0000] {logging_mixin.py:190} INFO - [2026-07-19T16:18:13.002+0000] {dag.py:3211} INFO - Sync 1 DAGs
[2026-07-19T16:18:13.044+0000] {logging_mixin.py:190} INFO - [2026-07-19T16:18:13.044+0000] {dag.py:4138} INFO - Setting next_dagrun for tmdb_incremental_sync to 2026-07-19 00:00:00+00:00, run_after=2026-07-20 00:00:00+00:00
[2026-07-19T16:18:13.072+0000] {processor.py:208} INFO - Processing /opt/airflow/dags/tmdb_incremental_sync.py took 0.182 seconds
[2026-07-19T16:18:43.375+0000] {processor.py:186} INFO - Started process (PID=33049) to work on /opt/airflow/dags/tmdb_incremental_sync.py
[2026-07-19T16:18:43.377+0000] {processor.py:914} INFO - Processing file /opt/airflow/dags/tmdb_incremental_sync.py for tasks to queue
[2026-07-19T16:18:43.382+0000] {logging_mixin.py:190} INFO - [2026-07-19T16:18:43.381+0000] {dagbag.py:587} INFO - Filling up the DagBag from /opt/airflow/dags/tmdb_incremental_sync.py
[2026-07-19T16:18:43.416+0000] {processor.py:925} INFO - DAG(s) 'tmdb_incremental_sync' retrieved from /opt/airflow/dags/tmdb_incremental_sync.py
[2026-07-19T16:18:43.465+0000] {logging_mixin.py:190} INFO - [2026-07-19T16:18:43.465+0000] {dag.py:3211} INFO - Sync 1 DAGs
[2026-07-19T16:18:43.503+0000] {logging_mixin.py:190} INFO - [2026-07-19T16:18:43.502+0000] {dag.py:4138} INFO - Setting next_dagrun for tmdb_incremental_sync to 2026-07-19 00:00:00+00:00, run_after=2026-07-20 00:00:00+00:00
[2026-07-19T16:18:43.531+0000] {processor.py:208} INFO - Processing /opt/airflow/dags/tmdb_incremental_sync.py took 0.165 seconds
[2026-07-19T16:19:13.863+0000] {processor.py:186} INFO - Started process (PID=33061) to work on /opt/airflow/dags/tmdb_incremental_sync.py
[2026-07-19T16:19:13.864+0000] {processor.py:914} INFO - Processing file /opt/airflow/dags/tmdb_incremental_sync.py for tasks to queue
[2026-07-19T16:19:13.868+0000] {logging_mixin.py:190} INFO - [2026-07-19T16:19:13.868+0000] {dagbag.py:587} INFO - Filling up the DagBag from /opt/airflow/dags/tmdb_incremental_sync.py
[2026-07-19T16:19:13.903+0000] {processor.py:925} INFO - DAG(s) 'tmdb_incremental_sync' retrieved from /opt/airflow/dags/tmdb_incremental_sync.py
[2026-07-19T16:19:13.947+0000] {logging_mixin.py:190} INFO - [2026-07-19T16:19:13.947+0000] {dag.py:3211} INFO - Sync 1 DAGs
[2026-07-19T16:19:13.994+0000] {logging_mixin.py:190} INFO - [2026-07-19T16:19:13.994+0000] {dag.py:4138} INFO - Setting next_dagrun for tmdb_incremental_sync to 2026-07-19 00:00:00+00:00, run_after=2026-07-20 00:00:00+00:00
[2026-07-19T16:19:14.020+0000] {processor.py:208} INFO - Processing /opt/airflow/dags/tmdb_incremental_sync.py took 0.165 seconds
[2026-07-19T16:19:44.336+0000] {processor.py:186} INFO - Started process (PID=33071) to work on /opt/airflow/dags/tmdb_incremental_sync.py
[2026-07-19T16:19:44.337+0000] {processor.py:914} INFO - Processing file /opt/airflow/dags/tmdb_incremental_sync.py for tasks to queue
[2026-07-19T16:19:44.344+0000] {logging_mixin.py:190} INFO - [2026-07-19T16:19:44.343+0000] {dagbag.py:587} INFO - Filling up the DagBag from /opt/airflow/dags/tmdb_incremental_sync.py
[2026-07-19T16:19:44.381+0000] {processor.py:925} INFO - DAG(s) 'tmdb_incremental_sync' retrieved from /opt/airflow/dags/tmdb_incremental_sync.py
[2026-07-19T16:19:44.427+0000] {logging_mixin.py:190} INFO - [2026-07-19T16:19:44.427+0000] {dag.py:3211} INFO - Sync 1 DAGs
[2026-07-19T16:19:44.468+0000] {logging_mixin.py:190} INFO - [2026-07-19T16:19:44.468+0000] {dag.py:4138} INFO - Setting next_dagrun for tmdb_incremental_sync to 2026-07-19 00:00:00+00:00, run_after=2026-07-20 00:00:00+00:00
[2026-07-19T16:19:44.494+0000] {processor.py:208} INFO - Processing /opt/airflow/dags/tmdb_incremental_sync.py took 0.171 seconds
[2026-07-19T16:20:14.803+0000] {processor.py:186} INFO - Started process (PID=33081) to work on /opt/airflow/dags/tmdb_incremental_sync.py
[2026-07-19T16:20:14.805+0000] {processor.py:914} INFO - Processing file /opt/airflow/dags/tmdb_incremental_sync.py for tasks to queue
[2026-07-19T16:20:14.809+0000] {logging_mixin.py:190} INFO - [2026-07-19T16:20:14.809+0000] {dagbag.py:587} INFO - Filling up the DagBag from /opt/airflow/dags/tmdb_incremental_sync.py
[2026-07-19T16:20:14.853+0000] {processor.py:925} INFO - DAG(s) 'tmdb_incremental_sync' retrieved from /opt/airflow/dags/tmdb_incremental_sync.py
[2026-07-19T16:20:14.908+0000] {logging_mixin.py:190} INFO - [2026-07-19T16:20:14.908+0000] {dag.py:3211} INFO - Sync 1 DAGs
[2026-07-19T16:20:14.956+0000] {logging_mixin.py:190} INFO - [2026-07-19T16:20:14.956+0000] {dag.py:4138} INFO - Setting next_dagrun for tmdb_incremental_sync to 2026-07-19 00:00:00+00:00, run_after=2026-07-20 00:00:00+00:00
[2026-07-19T16:20:14.986+0000] {processor.py:208} INFO - Processing /opt/airflow/dags/tmdb_incremental_sync.py took 0.196 seconds
[2026-07-19T16:20:45.292+0000] {processor.py:186} INFO - Started process (PID=33091) to work on /opt/airflow/dags/tmdb_incremental_sync.py
[2026-07-19T16:20:45.293+0000] {processor.py:914} INFO - Processing file /opt/airflow/dags/tmdb_incremental_sync.py for tasks to queue
[2026-07-19T16:20:45.297+0000] {logging_mixin.py:190} INFO - [2026-07-19T16:20:45.297+0000] {dagbag.py:587} INFO - Filling up the DagBag from /opt/airflow/dags/tmdb_incremental_sync.py
[2026-07-19T16:20:45.328+0000] {processor.py:925} INFO - DAG(s) 'tmdb_incremental_sync' retrieved from /opt/airflow/dags/tmdb_incremental_sync.py
[2026-07-19T16:20:45.374+0000] {logging_mixin.py:190} INFO - [2026-07-19T16:20:45.373+0000] {dag.py:3211} INFO - Sync 1 DAGs
[2026-07-19T16:20:45.413+0000] {logging_mixin.py:190} INFO - [2026-07-19T16:20:45.413+0000] {dag.py:4138} INFO - Setting next_dagrun for tmdb_incremental_sync to 2026-07-19 00:00:00+00:00, run_after=2026-07-20 00:00:00+00:00
[2026-07-19T16:20:45.440+0000] {processor.py:208} INFO - Processing /opt/airflow/dags/tmdb_incremental_sync.py took 0.161 seconds
[2026-07-19T16:21:15.744+0000] {processor.py:186} INFO - Started process (PID=33101) to work on /opt/airflow/dags/tmdb_incremental_sync.py
[2026-07-19T16:21:15.746+0000] {processor.py:914} INFO - Processing file /opt/airflow/dags/tmdb_incremental_sync.py for tasks to queue
[2026-07-19T16:21:15.750+0000] {logging_mixin.py:190} INFO - [2026-07-19T16:21:15.749+0000] {dagbag.py:587} INFO - Filling up the DagBag from /opt/airflow/dags/tmdb_incremental_sync.py
[2026-07-19T16:21:15.801+0000] {processor.py:925} INFO - DAG(s) 'tmdb_incremental_sync' retrieved from /opt/airflow/dags/tmdb_incremental_sync.py
[2026-07-19T16:21:15.857+0000] {logging_mixin.py:190} INFO - [2026-07-19T16:21:15.856+0000] {dag.py:3211} INFO - Sync 1 DAGs
[2026-07-19T16:21:15.896+0000] {logging_mixin.py:190} INFO - [2026-07-19T16:21:15.895+0000] {dag.py:4138} INFO - Setting next_dagrun for tmdb_incremental_sync to 2026-07-19 00:00:00+00:00, run_after=2026-07-20 00:00:00+00:00
[2026-07-19T16:21:15.929+0000] {processor.py:208} INFO - Processing /opt/airflow/dags/tmdb_incremental_sync.py took 0.195 seconds
[2026-07-19T16:21:46.217+0000] {processor.py:186} INFO - Started process (PID=33111) to work on /opt/airflow/dags/tmdb_incremental_sync.py
[2026-07-19T16:21:46.218+0000] {processor.py:914} INFO - Processing file /opt/airflow/dags/tmdb_incremental_sync.py for tasks to queue
[2026-07-19T16:21:46.222+0000] {logging_mixin.py:190} INFO - [2026-07-19T16:21:46.221+0000] {dagbag.py:587} INFO - Filling up the DagBag from /opt/airflow/dags/tmdb_incremental_sync.py
[2026-07-19T16:21:46.255+0000] {processor.py:925} INFO - DAG(s) 'tmdb_incremental_sync' retrieved from /opt/airflow/dags/tmdb_incremental_sync.py
[2026-07-19T16:21:46.296+0000] {logging_mixin.py:190} INFO - [2026-07-19T16:21:46.296+0000] {dag.py:3211} INFO - Sync 1 DAGs
[2026-07-19T16:21:46.335+0000] {logging_mixin.py:190} INFO - [2026-07-19T16:21:46.334+0000] {dag.py:4138} INFO - Setting next_dagrun for tmdb_incremental_sync to 2026-07-19 00:00:00+00:00, run_after=2026-07-20 00:00:00+00:00
[2026-07-19T16:21:46.360+0000] {processor.py:208} INFO - Processing /opt/airflow/dags/tmdb_incremental_sync.py took 0.151 seconds
[2026-07-19T16:22:16.724+0000] {processor.py:186} INFO - Started process (PID=33121) to work on /opt/airflow/dags/tmdb_incremental_sync.py
[2026-07-19T16:22:16.726+0000] {processor.py:914} INFO - Processing file /opt/airflow/dags/tmdb_incremental_sync.py for tasks to queue
[2026-07-19T16:22:16.731+0000] {logging_mixin.py:190} INFO - [2026-07-19T16:22:16.729+0000] {dagbag.py:587} INFO - Filling up the DagBag from /opt/airflow/dags/tmdb_incremental_sync.py
[2026-07-19T16:22:16.765+0000] {processor.py:925} INFO - DAG(s) 'tmdb_incremental_sync' retrieved from /opt/airflow/dags/tmdb_incremental_sync.py
[2026-07-19T16:22:16.808+0000] {logging_mixin.py:190} INFO - [2026-07-19T16:22:16.808+0000] {dag.py:3211} INFO - Sync 1 DAGs
[2026-07-19T16:22:16.846+0000] {logging_mixin.py:190} INFO - [2026-07-19T16:22:16.846+0000] {dag.py:4138} INFO - Setting next_dagrun for tmdb_incremental_sync to 2026-07-19 00:00:00+00:00, run_after=2026-07-20 00:00:00+00:00
[2026-07-19T16:22:16.876+0000] {processor.py:208} INFO - Processing /opt/airflow/dags/tmdb_incremental_sync.py took 0.160 seconds
[2026-07-19T16:22:47.179+0000] {processor.py:186} INFO - Started process (PID=33131) to work on /opt/airflow/dags/tmdb_incremental_sync.py
[2026-07-19T16:22:47.181+0000] {processor.py:914} INFO - Processing file /opt/airflow/dags/tmdb_incremental_sync.py for tasks to queue
[2026-07-19T16:22:47.185+0000] {logging_mixin.py:190} INFO - [2026-07-19T16:22:47.184+0000] {dagbag.py:587} INFO - Filling up the DagBag from /opt/airflow/dags/tmdb_incremental_sync.py
[2026-07-19T16:22:47.220+0000] {processor.py:925} INFO - DAG(s) 'tmdb_incremental_sync' retrieved from /opt/airflow/dags/tmdb_incremental_sync.py
[2026-07-19T16:22:47.272+0000] {logging_mixin.py:190} INFO - [2026-07-19T16:22:47.271+0000] {dag.py:3211} INFO - Sync 1 DAGs
[2026-07-19T16:22:47.316+0000] {logging_mixin.py:190} INFO - [2026-07-19T16:22:47.315+0000] {dag.py:4138} INFO - Setting next_dagrun for tmdb_incremental_sync to 2026-07-19 00:00:00+00:00, run_after=2026-07-20 00:00:00+00:00
[2026-07-19T16:22:47.349+0000] {processor.py:208} INFO - Processing /opt/airflow/dags/tmdb_incremental_sync.py took 0.182 seconds
[2026-07-19T16:23:17.710+0000] {processor.py:186} INFO - Started process (PID=33141) to work on /opt/airflow/dags/tmdb_incremental_sync.py
[2026-07-19T16:23:17.711+0000] {processor.py:914} INFO - Processing file /opt/airflow/dags/tmdb_incremental_sync.py for tasks to queue
[2026-07-19T16:23:17.715+0000] {logging_mixin.py:190} INFO - [2026-07-19T16:23:17.715+0000] {dagbag.py:587} INFO - Filling up the DagBag from /opt/airflow/dags/tmdb_incremental_sync.py
[2026-07-19T16:23:17.752+0000] {processor.py:925} INFO - DAG(s) 'tmdb_incremental_sync' retrieved from /opt/airflow/dags/tmdb_incremental_sync.py
[2026-07-19T16:23:17.802+0000] {logging_mixin.py:190} INFO - [2026-07-19T16:23:17.802+0000] {dag.py:3211} INFO - Sync 1 DAGs
[2026-07-19T16:23:17.842+0000] {logging_mixin.py:190} INFO - [2026-07-19T16:23:17.841+0000] {dag.py:4138} INFO - Setting next_dagrun for tmdb_incremental_sync to 2026-07-19 00:00:00+00:00, run_after=2026-07-20 00:00:00+00:00
[2026-07-19T16:23:17.877+0000] {processor.py:208} INFO - Processing /opt/airflow/dags/tmdb_incremental_sync.py took 0.177 seconds
[2026-07-19T16:23:48.326+0000] {processor.py:186} INFO - Started process (PID=33151) to work on /opt/airflow/dags/tmdb_incremental_sync.py
[2026-07-19T16:23:48.327+0000] {processor.py:914} INFO - Processing file /opt/airflow/dags/tmdb_incremental_sync.py for tasks to queue
[2026-07-19T16:23:48.331+0000] {logging_mixin.py:190} INFO - [2026-07-19T16:23:48.330+0000] {dagbag.py:587} INFO - Filling up the DagBag from /opt/airflow/dags/tmdb_incremental_sync.py
[2026-07-19T16:23:48.361+0000] {processor.py:925} INFO - DAG(s) 'tmdb_incremental_sync' retrieved from /opt/airflow/dags/tmdb_incremental_sync.py
[2026-07-19T16:23:48.410+0000] {logging_mixin.py:190} INFO - [2026-07-19T16:23:48.409+0000] {dag.py:3211} INFO - Sync 1 DAGs
[2026-07-19T16:23:48.448+0000] {logging_mixin.py:190} INFO - [2026-07-19T16:23:48.447+0000] {dag.py:4138} INFO - Setting next_dagrun for tmdb_incremental_sync to 2026-07-19 00:00:00+00:00, run_after=2026-07-20 00:00:00+00:00
[2026-07-19T16:23:48.472+0000] {processor.py:208} INFO - Processing /opt/airflow/dags/tmdb_incremental_sync.py took 0.155 seconds
[2026-07-19T16:24:18.777+0000] {processor.py:186} INFO - Started process (PID=33161) to work on /opt/airflow/dags/tmdb_incremental_sync.py
[2026-07-19T16:24:18.779+0000] {processor.py:914} INFO - Processing file /opt/airflow/dags/tmdb_incremental_sync.py for tasks to queue
[2026-07-19T16:24:18.782+0000] {logging_mixin.py:190} INFO - [2026-07-19T16:24:18.781+0000] {dagbag.py:587} INFO - Filling up the DagBag from /opt/airflow/dags/tmdb_incremental_sync.py
[2026-07-19T16:24:18.812+0000] {processor.py:925} INFO - DAG(s) 'tmdb_incremental_sync' retrieved from /opt/airflow/dags/tmdb_incremental_sync.py
[2026-07-19T16:24:18.854+0000] {logging_mixin.py:190} INFO - [2026-07-19T16:24:18.854+0000] {dag.py:3211} INFO - Sync 1 DAGs
[2026-07-19T16:24:18.895+0000] {logging_mixin.py:190} INFO - [2026-07-19T16:24:18.895+0000] {dag.py:4138} INFO - Setting next_dagrun for tmdb_incremental_sync to 2026-07-19 00:00:00+00:00, run_after=2026-07-20 00:00:00+00:00
[2026-07-19T16:24:18.923+0000] {processor.py:208} INFO - Processing /opt/airflow/dags/tmdb_incremental_sync.py took 0.155 seconds
[2026-07-19T16:24:49.360+0000] {processor.py:186} INFO - Started process (PID=33171) to work on /opt/airflow/dags/tmdb_incremental_sync.py
[2026-07-19T16:24:49.361+0000] {processor.py:914} INFO - Processing file /opt/airflow/dags/tmdb_incremental_sync.py for tasks to queue
[2026-07-19T16:24:49.365+0000] {logging_mixin.py:190} INFO - [2026-07-19T16:24:49.364+0000] {dagbag.py:587} INFO - Filling up the DagBag from /opt/airflow/dags/tmdb_incremental_sync.py
[2026-07-19T16:24:49.396+0000] {processor.py:925} INFO - DAG(s) 'tmdb_incremental_sync' retrieved from /opt/airflow/dags/tmdb_incremental_sync.py
[2026-07-19T16:24:49.437+0000] {logging_mixin.py:190} INFO - [2026-07-19T16:24:49.436+0000] {dag.py:3211} INFO - Sync 1 DAGs
[2026-07-19T16:24:49.478+0000] {logging_mixin.py:190} INFO - [2026-07-19T16:24:49.477+0000] {dag.py:4138} INFO - Setting next_dagrun for tmdb_incremental_sync to 2026-07-19 00:00:00+00:00, run_after=2026-07-20 00:00:00+00:00
[2026-07-19T16:24:49.509+0000] {processor.py:208} INFO - Processing /opt/airflow/dags/tmdb_incremental_sync.py took 0.157 seconds
[2026-07-19T16:25:19.822+0000] {processor.py:186} INFO - Started process (PID=33181) to work on /opt/airflow/dags/tmdb_incremental_sync.py
[2026-07-19T16:25:19.824+0000] {processor.py:914} INFO - Processing file /opt/airflow/dags/tmdb_incremental_sync.py for tasks to queue
[2026-07-19T16:25:19.829+0000] {logging_mixin.py:190} INFO - [2026-07-19T16:25:19.828+0000] {dagbag.py:587} INFO - Filling up the DagBag from /opt/airflow/dags/tmdb_incremental_sync.py
[2026-07-19T16:25:19.861+0000] {processor.py:925} INFO - DAG(s) 'tmdb_incremental_sync' retrieved from /opt/airflow/dags/tmdb_incremental_sync.py
[2026-07-19T16:25:19.907+0000] {logging_mixin.py:190} INFO - [2026-07-19T16:25:19.907+0000] {dag.py:3211} INFO - Sync 1 DAGs
[2026-07-19T16:25:19.951+0000] {logging_mixin.py:190} INFO - [2026-07-19T16:25:19.950+0000] {dag.py:4138} INFO - Setting next_dagrun for tmdb_incremental_sync to 2026-07-19 00:00:00+00:00, run_after=2026-07-20 00:00:00+00:00
[2026-07-19T16:25:19.983+0000] {processor.py:208} INFO - Processing /opt/airflow/dags/tmdb_incremental_sync.py took 0.170 seconds
[2026-07-19T16:25:50.279+0000] {processor.py:186} INFO - Started process (PID=33191) to work on /opt/airflow/dags/tmdb_incremental_sync.py
[2026-07-19T16:25:50.280+0000] {processor.py:914} INFO - Processing file /opt/airflow/dags/tmdb_incremental_sync.py for tasks to queue
[2026-07-19T16:25:50.287+0000] {logging_mixin.py:190} INFO - [2026-07-19T16:25:50.286+0000] {dagbag.py:587} INFO - Filling up the DagBag from /opt/airflow/dags/tmdb_incremental_sync.py
[2026-07-19T16:25:50.324+0000] {processor.py:925} INFO - DAG(s) 'tmdb_incremental_sync' retrieved from /opt/airflow/dags/tmdb_incremental_sync.py
[2026-07-19T16:25:50.369+0000] {logging_mixin.py:190} INFO - [2026-07-19T16:25:50.368+0000] {dag.py:3211} INFO - Sync 1 DAGs
[2026-07-19T16:25:50.406+0000] {logging_mixin.py:190} INFO - [2026-07-19T16:25:50.405+0000] {dag.py:4138} INFO - Setting next_dagrun for tmdb_incremental_sync to 2026-07-19 00:00:00+00:00, run_after=2026-07-20 00:00:00+00:00
[2026-07-19T16:25:50.436+0000] {processor.py:208} INFO - Processing /opt/airflow/dags/tmdb_incremental_sync.py took 0.166 seconds
[2026-07-19T16:26:20.738+0000] {processor.py:186} INFO - Started process (PID=33201) to work on /opt/airflow/dags/tmdb_incremental_sync.py
[2026-07-19T16:26:20.740+0000] {processor.py:914} INFO - Processing file /opt/airflow/dags/tmdb_incremental_sync.py for tasks to queue
[2026-07-19T16:26:20.743+0000] {logging_mixin.py:190} INFO - [2026-07-19T16:26:20.742+0000] {dagbag.py:587} INFO - Filling up the DagBag from /opt/airflow/dags/tmdb_incremental_sync.py
[2026-07-19T16:26:20.771+0000] {processor.py:925} INFO - DAG(s) 'tmdb_incremental_sync' retrieved from /opt/airflow/dags/tmdb_incremental_sync.py
[2026-07-19T16:26:20.817+0000] {logging_mixin.py:190} INFO - [2026-07-19T16:26:20.816+0000] {dag.py:3211} INFO - Sync 1 DAGs
[2026-07-19T16:26:20.857+0000] {logging_mixin.py:190} INFO - [2026-07-19T16:26:20.856+0000] {dag.py:4138} INFO - Setting next_dagrun for tmdb_incremental_sync to 2026-07-19 00:00:00+00:00, run_after=2026-07-20 00:00:00+00:00
[2026-07-19T16:26:20.883+0000] {processor.py:208} INFO - Processing /opt/airflow/dags/tmdb_incremental_sync.py took 0.154 seconds
[2026-07-19T16:26:51.186+0000] {processor.py:186} INFO - Started process (PID=33211) to work on /opt/airflow/dags/tmdb_incremental_sync.py
[2026-07-19T16:26:51.188+0000] {processor.py:914} INFO - Processing file /opt/airflow/dags/tmdb_incremental_sync.py for tasks to queue
[2026-07-19T16:26:51.193+0000] {logging_mixin.py:190} INFO - [2026-07-19T16:26:51.192+0000] {dagbag.py:587} INFO - Filling up the DagBag from /opt/airflow/dags/tmdb_incremental_sync.py
[2026-07-19T16:26:51.223+0000] {processor.py:925} INFO - DAG(s) 'tmdb_incremental_sync' retrieved from /opt/airflow/dags/tmdb_incremental_sync.py
[2026-07-19T16:26:51.264+0000] {logging_mixin.py:190} INFO - [2026-07-19T16:26:51.264+0000] {dag.py:3211} INFO - Sync 1 DAGs
[2026-07-19T16:26:51.302+0000] {logging_mixin.py:190} INFO - [2026-07-19T16:26:51.302+0000] {dag.py:4138} INFO - Setting next_dagrun for tmdb_incremental_sync to 2026-07-19 00:00:00+00:00, run_after=2026-07-20 00:00:00+00:00
[2026-07-19T16:26:51.328+0000] {processor.py:208} INFO - Processing /opt/airflow/dags/tmdb_incremental_sync.py took 0.152 seconds
[2026-07-19T16:27:21.661+0000] {processor.py:186} INFO - Started process (PID=33221) to work on /opt/airflow/dags/tmdb_incremental_sync.py
[2026-07-19T16:27:21.663+0000] {processor.py:914} INFO - Processing file /opt/airflow/dags/tmdb_incremental_sync.py for tasks to queue
[2026-07-19T16:27:21.667+0000] {logging_mixin.py:190} INFO - [2026-07-19T16:27:21.666+0000] {dagbag.py:587} INFO - Filling up the DagBag from /opt/airflow/dags/tmdb_incremental_sync.py
[2026-07-19T16:27:21.698+0000] {processor.py:925} INFO - DAG(s) 'tmdb_incremental_sync' retrieved from /opt/airflow/dags/tmdb_incremental_sync.py
[2026-07-19T16:27:21.739+0000] {logging_mixin.py:190} INFO - [2026-07-19T16:27:21.738+0000] {dag.py:3211} INFO - Sync 1 DAGs
[2026-07-19T16:27:21.790+0000] {logging_mixin.py:190} INFO - [2026-07-19T16:27:21.790+0000] {dag.py:4138} INFO - Setting next_dagrun for tmdb_incremental_sync to 2026-07-19 00:00:00+00:00, run_after=2026-07-20 00:00:00+00:00
[2026-07-19T16:27:21.820+0000] {processor.py:208} INFO - Processing /opt/airflow/dags/tmdb_incremental_sync.py took 0.168 seconds
[2026-07-19T16:27:52.157+0000] {processor.py:186} INFO - Started process (PID=33231) to work on /opt/airflow/dags/tmdb_incremental_sync.py
[2026-07-19T16:27:52.159+0000] {processor.py:914} INFO - Processing file /opt/airflow/dags/tmdb_incremental_sync.py for tasks to queue
[2026-07-19T16:27:52.167+0000] {logging_mixin.py:190} INFO - [2026-07-19T16:27:52.164+0000] {dagbag.py:587} INFO - Filling up the DagBag from /opt/airflow/dags/tmdb_incremental_sync.py
[2026-07-19T16:27:52.212+0000] {processor.py:925} INFO - DAG(s) 'tmdb_incremental_sync' retrieved from /opt/airflow/dags/tmdb_incremental_sync.py
[2026-07-19T16:27:52.266+0000] {logging_mixin.py:190} INFO - [2026-07-19T16:27:52.265+0000] {dag.py:3211} INFO - Sync 1 DAGs
[2026-07-19T16:27:52.318+0000] {logging_mixin.py:190} INFO - [2026-07-19T16:27:52.318+0000] {dag.py:4138} INFO - Setting next_dagrun for tmdb_incremental_sync to 2026-07-19 00:00:00+00:00, run_after=2026-07-20 00:00:00+00:00
[2026-07-19T16:27:52.354+0000] {processor.py:208} INFO - Processing /opt/airflow/dags/tmdb_incremental_sync.py took 0.209 seconds
[2026-07-19T16:28:22.658+0000] {processor.py:186} INFO - Started process (PID=33241) to work on /opt/airflow/dags/tmdb_incremental_sync.py
[2026-07-19T16:28:22.659+0000] {processor.py:914} INFO - Processing file /opt/airflow/dags/tmdb_incremental_sync.py for tasks to queue
[2026-07-19T16:28:22.663+0000] {logging_mixin.py:190} INFO - [2026-07-19T16:28:22.662+0000] {dagbag.py:587} INFO - Filling up the DagBag from /opt/airflow/dags/tmdb_incremental_sync.py
[2026-07-19T16:28:22.693+0000] {processor.py:925} INFO - DAG(s) 'tmdb_incremental_sync' retrieved from /opt/airflow/dags/tmdb_incremental_sync.py
[2026-07-19T16:28:22.734+0000] {logging_mixin.py:190} INFO - [2026-07-19T16:28:22.734+0000] {dag.py:3211} INFO - Sync 1 DAGs
[2026-07-19T16:28:22.776+0000] {logging_mixin.py:190} INFO - [2026-07-19T16:28:22.775+0000] {dag.py:4138} INFO - Setting next_dagrun for tmdb_incremental_sync to 2026-07-19 00:00:00+00:00, run_after=2026-07-20 00:00:00+00:00
[2026-07-19T16:28:22.803+0000] {processor.py:208} INFO - Processing /opt/airflow/dags/tmdb_incremental_sync.py took 0.154 seconds
[2026-07-19T16:28:53.131+0000] {processor.py:186} INFO - Started process (PID=33251) to work on /opt/airflow/dags/tmdb_incremental_sync.py
[2026-07-19T16:28:53.133+0000] {processor.py:914} INFO - Processing file /opt/airflow/dags/tmdb_incremental_sync.py for tasks to queue
[2026-07-19T16:28:53.137+0000] {logging_mixin.py:190} INFO - [2026-07-19T16:28:53.136+0000] {dagbag.py:587} INFO - Filling up the DagBag from /opt/airflow/dags/tmdb_incremental_sync.py
[2026-07-19T16:28:53.178+0000] {processor.py:925} INFO - DAG(s) 'tmdb_incremental_sync' retrieved from /opt/airflow/dags/tmdb_incremental_sync.py
[2026-07-19T16:28:53.229+0000] {logging_mixin.py:190} INFO - [2026-07-19T16:28:53.229+0000] {dag.py:3211} INFO - Sync 1 DAGs
[2026-07-19T16:28:53.273+0000] {logging_mixin.py:190} INFO - [2026-07-19T16:28:53.273+0000] {dag.py:4138} INFO - Setting next_dagrun for tmdb_incremental_sync to 2026-07-19 00:00:00+00:00, run_after=2026-07-20 00:00:00+00:00
[2026-07-19T16:28:53.303+0000] {processor.py:208} INFO - Processing /opt/airflow/dags/tmdb_incremental_sync.py took 0.180 seconds
[2026-07-19T16:29:23.591+0000] {processor.py:186} INFO - Started process (PID=33261) to work on /opt/airflow/dags/tmdb_incremental_sync.py
[2026-07-19T16:29:23.593+0000] {processor.py:914} INFO - Processing file /opt/airflow/dags/tmdb_incremental_sync.py for tasks to queue
[2026-07-19T16:29:23.596+0000] {logging_mixin.py:190} INFO - [2026-07-19T16:29:23.596+0000] {dagbag.py:587} INFO - Filling up the DagBag from /opt/airflow/dags/tmdb_incremental_sync.py
[2026-07-19T16:29:23.630+0000] {processor.py:925} INFO - DAG(s) 'tmdb_incremental_sync' retrieved from /opt/airflow/dags/tmdb_incremental_sync.py
[2026-07-19T16:29:23.672+0000] {logging_mixin.py:190} INFO - [2026-07-19T16:29:23.671+0000] {dag.py:3211} INFO - Sync 1 DAGs
[2026-07-19T16:29:23.712+0000] {logging_mixin.py:190} INFO - [2026-07-19T16:29:23.712+0000] {dag.py:4138} INFO - Setting next_dagrun for tmdb_incremental_sync to 2026-07-19 00:00:00+00:00, run_after=2026-07-20 00:00:00+00:00
[2026-07-19T16:29:23.738+0000] {processor.py:208} INFO - Processing /opt/airflow/dags/tmdb_incremental_sync.py took 0.156 seconds
[2026-07-19T16:29:54.044+0000] {processor.py:186} INFO - Started process (PID=33271) to work on /opt/airflow/dags/tmdb_incremental_sync.py
[2026-07-19T16:29:54.045+0000] {processor.py:914} INFO - Processing file /opt/airflow/dags/tmdb_incremental_sync.py for tasks to queue
[2026-07-19T16:29:54.049+0000] {logging_mixin.py:190} INFO - [2026-07-19T16:29:54.048+0000] {dagbag.py:587} INFO - Filling up the DagBag from /opt/airflow/dags/tmdb_incremental_sync.py
[2026-07-19T16:29:54.078+0000] {processor.py:925} INFO - DAG(s) 'tmdb_incremental_sync' retrieved from /opt/airflow/dags/tmdb_incremental_sync.py
[2026-07-19T16:29:54.121+0000] {logging_mixin.py:190} INFO - [2026-07-19T16:29:54.121+0000] {dag.py:3211} INFO - Sync 1 DAGs
[2026-07-19T16:29:54.159+0000] {logging_mixin.py:190} INFO - [2026-07-19T16:29:54.159+0000] {dag.py:4138} INFO - Setting next_dagrun for tmdb_incremental_sync to 2026-07-19 00:00:00+00:00, run_after=2026-07-20 00:00:00+00:00
[2026-07-19T16:29:54.189+0000] {processor.py:208} INFO - Processing /opt/airflow/dags/tmdb_incremental_sync.py took 0.154 seconds
[2026-07-19T16:30:24.484+0000] {processor.py:186} INFO - Started process (PID=33281) to work on /opt/airflow/dags/tmdb_incremental_sync.py
[2026-07-19T16:30:24.486+0000] {processor.py:914} INFO - Processing file /opt/airflow/dags/tmdb_incremental_sync.py for tasks to queue
[2026-07-19T16:30:24.489+0000] {logging_mixin.py:190} INFO - [2026-07-19T16:30:24.488+0000] {dagbag.py:587} INFO - Filling up the DagBag from /opt/airflow/dags/tmdb_incremental_sync.py
[2026-07-19T16:30:24.520+0000] {processor.py:925} INFO - DAG(s) 'tmdb_incremental_sync' retrieved from /opt/airflow/dags/tmdb_incremental_sync.py
[2026-07-19T16:30:24.563+0000] {logging_mixin.py:190} INFO - [2026-07-19T16:30:24.563+0000] {dag.py:3211} INFO - Sync 1 DAGs
[2026-07-19T16:30:24.604+0000] {logging_mixin.py:190} INFO - [2026-07-19T16:30:24.603+0000] {dag.py:4138} INFO - Setting next_dagrun for tmdb_incremental_sync to 2026-07-19 00:00:00+00:00, run_after=2026-07-20 00:00:00+00:00
[2026-07-19T16:30:24.632+0000] {processor.py:208} INFO - Processing /opt/airflow/dags/tmdb_incremental_sync.py took 0.156 seconds
[2026-07-19T16:30:54.934+0000] {processor.py:186} INFO - Started process (PID=33291) to work on /opt/airflow/dags/tmdb_incremental_sync.py
[2026-07-19T16:30:54.935+0000] {processor.py:914} INFO - Processing file /opt/airflow/dags/tmdb_incremental_sync.py for tasks to queue
[2026-07-19T16:30:54.938+0000] {logging_mixin.py:190} INFO - [2026-07-19T16:30:54.938+0000] {dagbag.py:587} INFO - Filling up the DagBag from /opt/airflow/dags/tmdb_incremental_sync.py
[2026-07-19T16:30:54.969+0000] {processor.py:925} INFO - DAG(s) 'tmdb_incremental_sync' retrieved from /opt/airflow/dags/tmdb_incremental_sync.py
[2026-07-19T16:30:55.028+0000] {logging_mixin.py:190} INFO - [2026-07-19T16:30:55.027+0000] {dag.py:3211} INFO - Sync 1 DAGs
[2026-07-19T16:30:55.070+0000] {logging_mixin.py:190} INFO - [2026-07-19T16:30:55.069+0000] {dag.py:4138} INFO - Setting next_dagrun for tmdb_incremental_sync to 2026-07-19 00:00:00+00:00, run_after=2026-07-20 00:00:00+00:00
[2026-07-19T16:30:55.099+0000] {processor.py:208} INFO - Processing /opt/airflow/dags/tmdb_incremental_sync.py took 0.173 seconds
[2026-07-19T16:31:25.427+0000] {processor.py:186} INFO - Started process (PID=33301) to work on /opt/airflow/dags/tmdb_incremental_sync.py
[2026-07-19T16:31:25.429+0000] {processor.py:914} INFO - Processing file /opt/airflow/dags/tmdb_incremental_sync.py for tasks to queue
[2026-07-19T16:31:25.434+0000] {logging_mixin.py:190} INFO - [2026-07-19T16:31:25.433+0000] {dagbag.py:587} INFO - Filling up the DagBag from /opt/airflow/dags/tmdb_incremental_sync.py
[2026-07-19T16:31:25.474+0000] {processor.py:925} INFO - DAG(s) 'tmdb_incremental_sync' retrieved from /opt/airflow/dags/tmdb_incremental_sync.py
[2026-07-19T16:31:25.519+0000] {logging_mixin.py:190} INFO - [2026-07-19T16:31:25.518+0000] {dag.py:3211} INFO - Sync 1 DAGs
[2026-07-19T16:31:25.559+0000] {logging_mixin.py:190} INFO - [2026-07-19T16:31:25.558+0000] {dag.py:4138} INFO - Setting next_dagrun for tmdb_incremental_sync to 2026-07-19 00:00:00+00:00, run_after=2026-07-20 00:00:00+00:00
[2026-07-19T16:31:25.588+0000] {processor.py:208} INFO - Processing /opt/airflow/dags/tmdb_incremental_sync.py took 0.170 seconds
[2026-07-19T16:31:55.895+0000] {processor.py:186} INFO - Started process (PID=33311) to work on /opt/airflow/dags/tmdb_incremental_sync.py
[2026-07-19T16:31:55.897+0000] {processor.py:914} INFO - Processing file /opt/airflow/dags/tmdb_incremental_sync.py for tasks to queue
[2026-07-19T16:31:55.901+0000] {logging_mixin.py:190} INFO - [2026-07-19T16:31:55.900+0000] {dagbag.py:587} INFO - Filling up the DagBag from /opt/airflow/dags/tmdb_incremental_sync.py
[2026-07-19T16:31:55.936+0000] {processor.py:925} INFO - DAG(s) 'tmdb_incremental_sync' retrieved from /opt/airflow/dags/tmdb_incremental_sync.py
[2026-07-19T16:31:55.979+0000] {logging_mixin.py:190} INFO - [2026-07-19T16:31:55.978+0000] {dag.py:3211} INFO - Sync 1 DAGs
[2026-07-19T16:31:56.018+0000] {logging_mixin.py:190} INFO - [2026-07-19T16:31:56.018+0000] {dag.py:4138} INFO - Setting next_dagrun for tmdb_incremental_sync to 2026-07-19 00:00:00+00:00, run_after=2026-07-20 00:00:00+00:00
[2026-07-19T16:31:56.045+0000] {processor.py:208} INFO - Processing /opt/airflow/dags/tmdb_incremental_sync.py took 0.160 seconds
[2026-07-19T16:32:26.378+0000] {processor.py:186} INFO - Started process (PID=33321) to work on /opt/airflow/dags/tmdb_incremental_sync.py
[2026-07-19T16:32:26.379+0000] {processor.py:914} INFO - Processing file /opt/airflow/dags/tmdb_incremental_sync.py for tasks to queue
[2026-07-19T16:32:26.383+0000] {logging_mixin.py:190} INFO - [2026-07-19T16:32:26.383+0000] {dagbag.py:587} INFO - Filling up the DagBag from /opt/airflow/dags/tmdb_incremental_sync.py
[2026-07-19T16:32:26.413+0000] {processor.py:925} INFO - DAG(s) 'tmdb_incremental_sync' retrieved from /opt/airflow/dags/tmdb_incremental_sync.py
[2026-07-19T16:32:26.455+0000] {logging_mixin.py:190} INFO - [2026-07-19T16:32:26.454+0000] {dag.py:3211} INFO - Sync 1 DAGs
[2026-07-19T16:32:26.492+0000] {logging_mixin.py:190} INFO - [2026-07-19T16:32:26.492+0000] {dag.py:4138} INFO - Setting next_dagrun for tmdb_incremental_sync to 2026-07-19 00:00:00+00:00, run_after=2026-07-20 00:00:00+00:00
[2026-07-19T16:32:26.519+0000] {processor.py:208} INFO - Processing /opt/airflow/dags/tmdb_incremental_sync.py took 0.149 seconds
[2026-07-19T16:32:56.848+0000] {processor.py:186} INFO - Started process (PID=33331) to work on /opt/airflow/dags/tmdb_incremental_sync.py
[2026-07-19T16:32:56.851+0000] {processor.py:914} INFO - Processing file /opt/airflow/dags/tmdb_incremental_sync.py for tasks to queue
[2026-07-19T16:32:56.854+0000] {logging_mixin.py:190} INFO - [2026-07-19T16:32:56.854+0000] {dagbag.py:587} INFO - Filling up the DagBag from /opt/airflow/dags/tmdb_incremental_sync.py
[2026-07-19T16:32:56.888+0000] {processor.py:925} INFO - DAG(s) 'tmdb_incremental_sync' retrieved from /opt/airflow/dags/tmdb_incremental_sync.py
[2026-07-19T16:32:56.934+0000] {logging_mixin.py:190} INFO - [2026-07-19T16:32:56.933+0000] {dag.py:3211} INFO - Sync 1 DAGs
[2026-07-19T16:32:56.974+0000] {logging_mixin.py:190} INFO - [2026-07-19T16:32:56.974+0000] {dag.py:4138} INFO - Setting next_dagrun for tmdb_incremental_sync to 2026-07-19 00:00:00+00:00, run_after=2026-07-20 00:00:00+00:00
[2026-07-19T16:32:57.000+0000] {processor.py:208} INFO - Processing /opt/airflow/dags/tmdb_incremental_sync.py took 0.165 seconds
[2026-07-19T16:33:27.309+0000] {processor.py:186} INFO - Started process (PID=33341) to work on /opt/airflow/dags/tmdb_incremental_sync.py
[2026-07-19T16:33:27.311+0000] {processor.py:914} INFO - Processing file /opt/airflow/dags/tmdb_incremental_sync.py for tasks to queue
[2026-07-19T16:33:27.314+0000] {logging_mixin.py:190} INFO - [2026-07-19T16:33:27.314+0000] {dagbag.py:587} INFO - Filling up the DagBag from /opt/airflow/dags/tmdb_incremental_sync.py
[2026-07-19T16:33:27.346+0000] {processor.py:925} INFO - DAG(s) 'tmdb_incremental_sync' retrieved from /opt/airflow/dags/tmdb_incremental_sync.py
[2026-07-19T16:33:27.389+0000] {logging_mixin.py:190} INFO - [2026-07-19T16:33:27.388+0000] {dag.py:3211} INFO - Sync 1 DAGs
[2026-07-19T16:33:27.429+0000] {logging_mixin.py:190} INFO - [2026-07-19T16:33:27.428+0000] {dag.py:4138} INFO - Setting next_dagrun for tmdb_incremental_sync to 2026-07-19 00:00:00+00:00, run_after=2026-07-20 00:00:00+00:00
[2026-07-19T16:33:27.454+0000] {processor.py:208} INFO - Processing /opt/airflow/dags/tmdb_incremental_sync.py took 0.153 seconds
[2026-07-19T16:33:57.780+0000] {processor.py:186} INFO - Started process (PID=33351) to work on /opt/airflow/dags/tmdb_incremental_sync.py
[2026-07-19T16:33:57.782+0000] {processor.py:914} INFO - Processing file /opt/airflow/dags/tmdb_incremental_sync.py for tasks to queue
[2026-07-19T16:33:57.785+0000] {logging_mixin.py:190} INFO - [2026-07-19T16:33:57.785+0000] {dagbag.py:587} INFO - Filling up the DagBag from /opt/airflow/dags/tmdb_incremental_sync.py
[2026-07-19T16:33:57.814+0000] {processor.py:925} INFO - DAG(s) 'tmdb_incremental_sync' retrieved from /opt/airflow/dags/tmdb_incremental_sync.py
[2026-07-19T16:33:57.856+0000] {logging_mixin.py:190} INFO - [2026-07-19T16:33:57.856+0000] {dag.py:3211} INFO - Sync 1 DAGs
[2026-07-19T16:33:57.895+0000] {logging_mixin.py:190} INFO - [2026-07-19T16:33:57.895+0000] {dag.py:4138} INFO - Setting next_dagrun for tmdb_incremental_sync to 2026-07-19 00:00:00+00:00, run_after=2026-07-20 00:00:00+00:00
[2026-07-19T16:33:57.922+0000] {processor.py:208} INFO - Processing /opt/airflow/dags/tmdb_incremental_sync.py took 0.149 seconds
[2026-07-19T16:34:28.224+0000] {processor.py:186} INFO - Started process (PID=33361) to work on /opt/airflow/dags/tmdb_incremental_sync.py
[2026-07-19T16:34:28.226+0000] {processor.py:914} INFO - Processing file /opt/airflow/dags/tmdb_incremental_sync.py for tasks to queue
[2026-07-19T16:34:28.230+0000] {logging_mixin.py:190} INFO - [2026-07-19T16:34:28.230+0000] {dagbag.py:587} INFO - Filling up the DagBag from /opt/airflow/dags/tmdb_incremental_sync.py
[2026-07-19T16:34:28.263+0000] {processor.py:925} INFO - DAG(s) 'tmdb_incremental_sync' retrieved from /opt/airflow/dags/tmdb_incremental_sync.py
[2026-07-19T16:34:28.305+0000] {logging_mixin.py:190} INFO - [2026-07-19T16:34:28.305+0000] {dag.py:3211} INFO - Sync 1 DAGs
[2026-07-19T16:34:28.346+0000] {logging_mixin.py:190} INFO - [2026-07-19T16:34:28.345+0000] {dag.py:4138} INFO - Setting next_dagrun for tmdb_incremental_sync to 2026-07-19 00:00:00+00:00, run_after=2026-07-20 00:00:00+00:00
[2026-07-19T16:34:28.372+0000] {processor.py:208} INFO - Processing /opt/airflow/dags/tmdb_incremental_sync.py took 0.157 seconds
[2026-07-19T16:34:58.675+0000] {processor.py:186} INFO - Started process (PID=33371) to work on /opt/airflow/dags/tmdb_incremental_sync.py
[2026-07-19T16:34:58.677+0000] {processor.py:914} INFO - Processing file /opt/airflow/dags/tmdb_incremental_sync.py for tasks to queue
[2026-07-19T16:34:58.682+0000] {logging_mixin.py:190} INFO - [2026-07-19T16:34:58.682+0000] {dagbag.py:587} INFO - Filling up the DagBag from /opt/airflow/dags/tmdb_incremental_sync.py
[2026-07-19T16:34:58.725+0000] {processor.py:925} INFO - DAG(s) 'tmdb_incremental_sync' retrieved from /opt/airflow/dags/tmdb_incremental_sync.py
[2026-07-19T16:34:58.778+0000] {logging_mixin.py:190} INFO - [2026-07-19T16:34:58.778+0000] {dag.py:3211} INFO - Sync 1 DAGs
[2026-07-19T16:34:58.832+0000] {logging_mixin.py:190} INFO - [2026-07-19T16:34:58.832+0000] {dag.py:4138} INFO - Setting next_dagrun for tmdb_incremental_sync to 2026-07-19 00:00:00+00:00, run_after=2026-07-20 00:00:00+00:00
[2026-07-19T16:34:58.865+0000] {processor.py:208} INFO - Processing /opt/airflow/dags/tmdb_incremental_sync.py took 0.201 seconds
[2026-07-19T16:35:29.214+0000] {processor.py:186} INFO - Started process (PID=33381) to work on /opt/airflow/dags/tmdb_incremental_sync.py
[2026-07-19T16:35:29.216+0000] {processor.py:914} INFO - Processing file /opt/airflow/dags/tmdb_incremental_sync.py for tasks to queue
[2026-07-19T16:35:29.219+0000] {logging_mixin.py:190} INFO - [2026-07-19T16:35:29.218+0000] {dagbag.py:587} INFO - Filling up the DagBag from /opt/airflow/dags/tmdb_incremental_sync.py
[2026-07-19T16:35:29.251+0000] {processor.py:925} INFO - DAG(s) 'tmdb_incremental_sync' retrieved from /opt/airflow/dags/tmdb_incremental_sync.py
[2026-07-19T16:35:29.303+0000] {logging_mixin.py:190} INFO - [2026-07-19T16:35:29.303+0000] {dag.py:3211} INFO - Sync 1 DAGs
[2026-07-19T16:35:29.361+0000] {logging_mixin.py:190} INFO - [2026-07-19T16:35:29.360+0000] {dag.py:4138} INFO - Setting next_dagrun for tmdb_incremental_sync to 2026-07-19 00:00:00+00:00, run_after=2026-07-20 00:00:00+00:00
[2026-07-19T16:35:29.393+0000] {processor.py:208} INFO - Processing /opt/airflow/dags/tmdb_incremental_sync.py took 0.189 seconds
[2026-07-19T16:35:59.689+0000] {processor.py:186} INFO - Started process (PID=33391) to work on /opt/airflow/dags/tmdb_incremental_sync.py
[2026-07-19T16:35:59.690+0000] {processor.py:914} INFO - Processing file /opt/airflow/dags/tmdb_incremental_sync.py for tasks to queue
[2026-07-19T16:35:59.696+0000] {logging_mixin.py:190} INFO - [2026-07-19T16:35:59.695+0000] {dagbag.py:587} INFO - Filling up the DagBag from /opt/airflow/dags/tmdb_incremental_sync.py
[2026-07-19T16:35:59.733+0000] {processor.py:925} INFO - DAG(s) 'tmdb_incremental_sync' retrieved from /opt/airflow/dags/tmdb_incremental_sync.py
[2026-07-19T16:35:59.791+0000] {logging_mixin.py:190} INFO - [2026-07-19T16:35:59.790+0000] {dag.py:3211} INFO - Sync 1 DAGs
[2026-07-19T16:35:59.839+0000] {logging_mixin.py:190} INFO - [2026-07-19T16:35:59.838+0000] {dag.py:4138} INFO - Setting next_dagrun for tmdb_incremental_sync to 2026-07-19 00:00:00+00:00, run_after=2026-07-20 00:00:00+00:00
[2026-07-19T16:35:59.871+0000] {processor.py:208} INFO - Processing /opt/airflow/dags/tmdb_incremental_sync.py took 0.193 seconds
[2026-07-19T16:36:30.102+0000] {processor.py:186} INFO - Started process (PID=33401) to work on /opt/airflow/dags/tmdb_incremental_sync.py
[2026-07-19T16:36:30.103+0000] {processor.py:914} INFO - Processing file /opt/airflow/dags/tmdb_incremental_sync.py for tasks to queue
[2026-07-19T16:36:30.107+0000] {logging_mixin.py:190} INFO - [2026-07-19T16:36:30.106+0000] {dagbag.py:587} INFO - Filling up the DagBag from /opt/airflow/dags/tmdb_incremental_sync.py
[2026-07-19T16:36:30.136+0000] {processor.py:925} INFO - DAG(s) 'tmdb_incremental_sync' retrieved from /opt/airflow/dags/tmdb_incremental_sync.py
[2026-07-19T16:36:30.179+0000] {logging_mixin.py:190} INFO - [2026-07-19T16:36:30.178+0000] {dag.py:3211} INFO - Sync 1 DAGs
[2026-07-19T16:36:30.216+0000] {logging_mixin.py:190} INFO - [2026-07-19T16:36:30.216+0000] {dag.py:4138} INFO - Setting next_dagrun for tmdb_incremental_sync to 2026-07-19 00:00:00+00:00, run_after=2026-07-20 00:00:00+00:00
[2026-07-19T16:36:30.249+0000] {processor.py:208} INFO - Processing /opt/airflow/dags/tmdb_incremental_sync.py took 0.157 seconds
[2026-07-19T16:37:00.607+0000] {processor.py:186} INFO - Started process (PID=33411) to work on /opt/airflow/dags/tmdb_incremental_sync.py
[2026-07-19T16:37:00.608+0000] {processor.py:914} INFO - Processing file /opt/airflow/dags/tmdb_incremental_sync.py for tasks to queue
[2026-07-19T16:37:00.612+0000] {logging_mixin.py:190} INFO - [2026-07-19T16:37:00.611+0000] {dagbag.py:587} INFO - Filling up the DagBag from /opt/airflow/dags/tmdb_incremental_sync.py
[2026-07-19T16:37:00.645+0000] {processor.py:925} INFO - DAG(s) 'tmdb_incremental_sync' retrieved from /opt/airflow/dags/tmdb_incremental_sync.py
[2026-07-19T16:37:00.690+0000] {logging_mixin.py:190} INFO - [2026-07-19T16:37:00.689+0000] {dag.py:3211} INFO - Sync 1 DAGs
[2026-07-19T16:37:00.728+0000] {logging_mixin.py:190} INFO - [2026-07-19T16:37:00.728+0000] {dag.py:4138} INFO - Setting next_dagrun for tmdb_incremental_sync to 2026-07-19 00:00:00+00:00, run_after=2026-07-20 00:00:00+00:00
[2026-07-19T16:37:00.757+0000] {processor.py:208} INFO - Processing /opt/airflow/dags/tmdb_incremental_sync.py took 0.159 seconds
[2026-07-19T16:37:31.072+0000] {processor.py:186} INFO - Started process (PID=33421) to work on /opt/airflow/dags/tmdb_incremental_sync.py
[2026-07-19T16:37:31.074+0000] {processor.py:914} INFO - Processing file /opt/airflow/dags/tmdb_incremental_sync.py for tasks to queue
[2026-07-19T16:37:31.077+0000] {logging_mixin.py:190} INFO - [2026-07-19T16:37:31.076+0000] {dagbag.py:587} INFO - Filling up the DagBag from /opt/airflow/dags/tmdb_incremental_sync.py
[2026-07-19T16:37:31.112+0000] {processor.py:925} INFO - DAG(s) 'tmdb_incremental_sync' retrieved from /opt/airflow/dags/tmdb_incremental_sync.py
[2026-07-19T16:37:31.155+0000] {logging_mixin.py:190} INFO - [2026-07-19T16:37:31.155+0000] {dag.py:3211} INFO - Sync 1 DAGs
[2026-07-19T16:37:31.198+0000] {logging_mixin.py:190} INFO - [2026-07-19T16:37:31.197+0000] {dag.py:4138} INFO - Setting next_dagrun for tmdb_incremental_sync to 2026-07-19 00:00:00+00:00, run_after=2026-07-20 00:00:00+00:00
[2026-07-19T16:37:31.228+0000] {processor.py:208} INFO - Processing /opt/airflow/dags/tmdb_incremental_sync.py took 0.164 seconds
[2026-07-19T16:38:01.696+0000] {processor.py:186} INFO - Started process (PID=33431) to work on /opt/airflow/dags/tmdb_incremental_sync.py
[2026-07-19T16:38:01.697+0000] {processor.py:914} INFO - Processing file /opt/airflow/dags/tmdb_incremental_sync.py for tasks to queue
[2026-07-19T16:38:01.701+0000] {logging_mixin.py:190} INFO - [2026-07-19T16:38:01.701+0000] {dagbag.py:587} INFO - Filling up the DagBag from /opt/airflow/dags/tmdb_incremental_sync.py
[2026-07-19T16:38:01.735+0000] {processor.py:925} INFO - DAG(s) 'tmdb_incremental_sync' retrieved from /opt/airflow/dags/tmdb_incremental_sync.py
[2026-07-19T16:38:01.777+0000] {logging_mixin.py:190} INFO - [2026-07-19T16:38:01.777+0000] {dag.py:3211} INFO - Sync 1 DAGs
[2026-07-19T16:38:01.816+0000] {logging_mixin.py:190} INFO - [2026-07-19T16:38:01.816+0000] {dag.py:4138} INFO - Setting next_dagrun for tmdb_incremental_sync to 2026-07-19 00:00:00+00:00, run_after=2026-07-20 00:00:00+00:00
[2026-07-19T16:38:01.841+0000] {processor.py:208} INFO - Processing /opt/airflow/dags/tmdb_incremental_sync.py took 0.154 seconds
[2026-07-19T16:38:32.139+0000] {processor.py:186} INFO - Started process (PID=33441) to work on /opt/airflow/dags/tmdb_incremental_sync.py
[2026-07-19T16:38:32.140+0000] {processor.py:914} INFO - Processing file /opt/airflow/dags/tmdb_incremental_sync.py for tasks to queue
[2026-07-19T16:38:32.145+0000] {logging_mixin.py:190} INFO - [2026-07-19T16:38:32.144+0000] {dagbag.py:587} INFO - Filling up the DagBag from /opt/airflow/dags/tmdb_incremental_sync.py
[2026-07-19T16:38:32.175+0000] {processor.py:925} INFO - DAG(s) 'tmdb_incremental_sync' retrieved from /opt/airflow/dags/tmdb_incremental_sync.py
[2026-07-19T16:38:32.221+0000] {logging_mixin.py:190} INFO - [2026-07-19T16:38:32.220+0000] {dag.py:3211} INFO - Sync 1 DAGs
[2026-07-19T16:38:32.264+0000] {logging_mixin.py:190} INFO - [2026-07-19T16:38:32.264+0000] {dag.py:4138} INFO - Setting next_dagrun for tmdb_incremental_sync to 2026-07-19 00:00:00+00:00, run_after=2026-07-20 00:00:00+00:00
[2026-07-19T16:38:32.294+0000] {processor.py:208} INFO - Processing /opt/airflow/dags/tmdb_incremental_sync.py took 0.164 seconds
[2026-07-19T16:39:02.601+0000] {processor.py:186} INFO - Started process (PID=33451) to work on /opt/airflow/dags/tmdb_incremental_sync.py
[2026-07-19T16:39:02.602+0000] {processor.py:914} INFO - Processing file /opt/airflow/dags/tmdb_incremental_sync.py for tasks to queue
[2026-07-19T16:39:02.605+0000] {logging_mixin.py:190} INFO - [2026-07-19T16:39:02.605+0000] {dagbag.py:587} INFO - Filling up the DagBag from /opt/airflow/dags/tmdb_incremental_sync.py
[2026-07-19T16:39:02.636+0000] {processor.py:925} INFO - DAG(s) 'tmdb_incremental_sync' retrieved from /opt/airflow/dags/tmdb_incremental_sync.py
[2026-07-19T16:39:02.678+0000] {logging_mixin.py:190} INFO - [2026-07-19T16:39:02.678+0000] {dag.py:3211} INFO - Sync 1 DAGs
[2026-07-19T16:39:02.716+0000] {logging_mixin.py:190} INFO - [2026-07-19T16:39:02.716+0000] {dag.py:4138} INFO - Setting next_dagrun for tmdb_incremental_sync to 2026-07-19 00:00:00+00:00, run_after=2026-07-20 00:00:00+00:00
[2026-07-19T16:39:02.742+0000] {processor.py:208} INFO - Processing /opt/airflow/dags/tmdb_incremental_sync.py took 0.150 seconds
[2026-07-19T16:39:33.128+0000] {processor.py:186} INFO - Started process (PID=33461) to work on /opt/airflow/dags/tmdb_incremental_sync.py
[2026-07-19T16:39:33.130+0000] {processor.py:914} INFO - Processing file /opt/airflow/dags/tmdb_incremental_sync.py for tasks to queue
[2026-07-19T16:39:33.134+0000] {logging_mixin.py:190} INFO - [2026-07-19T16:39:33.133+0000] {dagbag.py:587} INFO - Filling up the DagBag from /opt/airflow/dags/tmdb_incremental_sync.py
[2026-07-19T16:39:33.164+0000] {processor.py:925} INFO - DAG(s) 'tmdb_incremental_sync' retrieved from /opt/airflow/dags/tmdb_incremental_sync.py
[2026-07-19T16:39:33.211+0000] {logging_mixin.py:190} INFO - [2026-07-19T16:39:33.210+0000] {dag.py:3211} INFO - Sync 1 DAGs
[2026-07-19T16:39:33.257+0000] {logging_mixin.py:190} INFO - [2026-07-19T16:39:33.257+0000] {dag.py:4138} INFO - Setting next_dagrun for tmdb_incremental_sync to 2026-07-19 00:00:00+00:00, run_after=2026-07-20 00:00:00+00:00
[2026-07-19T16:39:33.285+0000] {processor.py:208} INFO - Processing /opt/airflow/dags/tmdb_incremental_sync.py took 0.166 seconds
[2026-07-19T16:40:03.573+0000] {processor.py:186} INFO - Started process (PID=33471) to work on /opt/airflow/dags/tmdb_incremental_sync.py
[2026-07-19T16:40:03.574+0000] {processor.py:914} INFO - Processing file /opt/airflow/dags/tmdb_incremental_sync.py for tasks to queue
[2026-07-19T16:40:03.578+0000] {logging_mixin.py:190} INFO - [2026-07-19T16:40:03.577+0000] {dagbag.py:587} INFO - Filling up the DagBag from /opt/airflow/dags/tmdb_incremental_sync.py
[2026-07-19T16:40:03.607+0000] {processor.py:925} INFO - DAG(s) 'tmdb_incremental_sync' retrieved from /opt/airflow/dags/tmdb_incremental_sync.py
[2026-07-19T16:40:03.652+0000] {logging_mixin.py:190} INFO - [2026-07-19T16:40:03.652+0000] {dag.py:3211} INFO - Sync 1 DAGs
[2026-07-19T16:40:03.689+0000] {logging_mixin.py:190} INFO - [2026-07-19T16:40:03.688+0000] {dag.py:4138} INFO - Setting next_dagrun for tmdb_incremental_sync to 2026-07-19 00:00:00+00:00, run_after=2026-07-20 00:00:00+00:00
[2026-07-19T16:40:03.717+0000] {processor.py:208} INFO - Processing /opt/airflow/dags/tmdb_incremental_sync.py took 0.152 seconds
[2026-07-19T16:40:34.006+0000] {processor.py:186} INFO - Started process (PID=33481) to work on /opt/airflow/dags/tmdb_incremental_sync.py
[2026-07-19T16:40:34.008+0000] {processor.py:914} INFO - Processing file /opt/airflow/dags/tmdb_incremental_sync.py for tasks to queue
[2026-07-19T16:40:34.011+0000] {logging_mixin.py:190} INFO - [2026-07-19T16:40:34.010+0000] {dagbag.py:587} INFO - Filling up the DagBag from /opt/airflow/dags/tmdb_incremental_sync.py
[2026-07-19T16:40:34.044+0000] {processor.py:925} INFO - DAG(s) 'tmdb_incremental_sync' retrieved from /opt/airflow/dags/tmdb_incremental_sync.py
[2026-07-19T16:40:34.085+0000] {logging_mixin.py:190} INFO - [2026-07-19T16:40:34.085+0000] {dag.py:3211} INFO - Sync 1 DAGs
[2026-07-19T16:40:34.124+0000] {logging_mixin.py:190} INFO - [2026-07-19T16:40:34.124+0000] {dag.py:4138} INFO - Setting next_dagrun for tmdb_incremental_sync to 2026-07-19 00:00:00+00:00, run_after=2026-07-20 00:00:00+00:00
[2026-07-19T16:40:34.151+0000] {processor.py:208} INFO - Processing /opt/airflow/dags/tmdb_incremental_sync.py took 0.153 seconds
[2026-07-19T16:41:04.443+0000] {processor.py:186} INFO - Started process (PID=33491) to work on /opt/airflow/dags/tmdb_incremental_sync.py
[2026-07-19T16:41:04.447+0000] {processor.py:914} INFO - Processing file /opt/airflow/dags/tmdb_incremental_sync.py for tasks to queue
[2026-07-19T16:41:04.451+0000] {logging_mixin.py:190} INFO - [2026-07-19T16:41:04.451+0000] {dagbag.py:587} INFO - Filling up the DagBag from /opt/airflow/dags/tmdb_incremental_sync.py
[2026-07-19T16:41:04.481+0000] {processor.py:925} INFO - DAG(s) 'tmdb_incremental_sync' retrieved from /opt/airflow/dags/tmdb_incremental_sync.py
[2026-07-19T16:41:04.523+0000] {logging_mixin.py:190} INFO - [2026-07-19T16:41:04.523+0000] {dag.py:3211} INFO - Sync 1 DAGs
[2026-07-19T16:41:04.561+0000] {logging_mixin.py:190} INFO - [2026-07-19T16:41:04.560+0000] {dag.py:4138} INFO - Setting next_dagrun for tmdb_incremental_sync to 2026-07-19 00:00:00+00:00, run_after=2026-07-20 00:00:00+00:00
[2026-07-19T16:41:04.587+0000] {processor.py:208} INFO - Processing /opt/airflow/dags/tmdb_incremental_sync.py took 0.152 seconds
[2026-07-19T16:41:34.904+0000] {processor.py:186} INFO - Started process (PID=33501) to work on /opt/airflow/dags/tmdb_incremental_sync.py
[2026-07-19T16:41:34.905+0000] {processor.py:914} INFO - Processing file /opt/airflow/dags/tmdb_incremental_sync.py for tasks to queue
[2026-07-19T16:41:34.909+0000] {logging_mixin.py:190} INFO - [2026-07-19T16:41:34.908+0000] {dagbag.py:587} INFO - Filling up the DagBag from /opt/airflow/dags/tmdb_incremental_sync.py
[2026-07-19T16:41:34.948+0000] {processor.py:925} INFO - DAG(s) 'tmdb_incremental_sync' retrieved from /opt/airflow/dags/tmdb_incremental_sync.py
[2026-07-19T16:41:34.998+0000] {logging_mixin.py:190} INFO - [2026-07-19T16:41:34.998+0000] {dag.py:3211} INFO - Sync 1 DAGs
[2026-07-19T16:41:35.040+0000] {logging_mixin.py:190} INFO - [2026-07-19T16:41:35.040+0000] {dag.py:4138} INFO - Setting next_dagrun for tmdb_incremental_sync to 2026-07-19 00:00:00+00:00, run_after=2026-07-20 00:00:00+00:00
[2026-07-19T16:41:35.068+0000] {processor.py:208} INFO - Processing /opt/airflow/dags/tmdb_incremental_sync.py took 0.173 seconds
[2026-07-19T16:42:05.369+0000] {processor.py:186} INFO - Started process (PID=33511) to work on /opt/airflow/dags/tmdb_incremental_sync.py
[2026-07-19T16:42:05.370+0000] {processor.py:914} INFO - Processing file /opt/airflow/dags/tmdb_incremental_sync.py for tasks to queue
[2026-07-19T16:42:05.373+0000] {logging_mixin.py:190} INFO - [2026-07-19T16:42:05.373+0000] {dagbag.py:587} INFO - Filling up the DagBag from /opt/airflow/dags/tmdb_incremental_sync.py
[2026-07-19T16:42:05.404+0000] {processor.py:925} INFO - DAG(s) 'tmdb_incremental_sync' retrieved from /opt/airflow/dags/tmdb_incremental_sync.py
[2026-07-19T16:42:05.446+0000] {logging_mixin.py:190} INFO - [2026-07-19T16:42:05.445+0000] {dag.py:3211} INFO - Sync 1 DAGs
[2026-07-19T16:42:05.483+0000] {logging_mixin.py:190} INFO - [2026-07-19T16:42:05.482+0000] {dag.py:4138} INFO - Setting next_dagrun for tmdb_incremental_sync to 2026-07-19 00:00:00+00:00, run_after=2026-07-20 00:00:00+00:00
[2026-07-19T16:42:05.508+0000] {processor.py:208} INFO - Processing /opt/airflow/dags/tmdb_incremental_sync.py took 0.148 seconds
[2026-07-19T16:42:35.832+0000] {processor.py:186} INFO - Started process (PID=33521) to work on /opt/airflow/dags/tmdb_incremental_sync.py
[2026-07-19T16:42:35.833+0000] {processor.py:914} INFO - Processing file /opt/airflow/dags/tmdb_incremental_sync.py for tasks to queue
[2026-07-19T16:42:35.836+0000] {logging_mixin.py:190} INFO - [2026-07-19T16:42:35.836+0000] {dagbag.py:587} INFO - Filling up the DagBag from /opt/airflow/dags/tmdb_incremental_sync.py
[2026-07-19T16:42:35.867+0000] {processor.py:925} INFO - DAG(s) 'tmdb_incremental_sync' retrieved from /opt/airflow/dags/tmdb_incremental_sync.py
[2026-07-19T16:42:35.912+0000] {logging_mixin.py:190} INFO - [2026-07-19T16:42:35.912+0000] {dag.py:3211} INFO - Sync 1 DAGs
[2026-07-19T16:42:35.956+0000] {logging_mixin.py:190} INFO - [2026-07-19T16:42:35.955+0000] {dag.py:4138} INFO - Setting next_dagrun for tmdb_incremental_sync to 2026-07-19 00:00:00+00:00, run_after=2026-07-20 00:00:00+00:00
[2026-07-19T16:42:35.990+0000] {processor.py:208} INFO - Processing /opt/airflow/dags/tmdb_incremental_sync.py took 0.168 seconds
[2026-07-19T16:43:06.458+0000] {processor.py:186} INFO - Started process (PID=33531) to work on /opt/airflow/dags/tmdb_incremental_sync.py
[2026-07-19T16:43:06.460+0000] {processor.py:914} INFO - Processing file /opt/airflow/dags/tmdb_incremental_sync.py for tasks to queue
[2026-07-19T16:43:06.463+0000] {logging_mixin.py:190} INFO - [2026-07-19T16:43:06.463+0000] {dagbag.py:587} INFO - Filling up the DagBag from /opt/airflow/dags/tmdb_incremental_sync.py
[2026-07-19T16:43:06.494+0000] {processor.py:925} INFO - DAG(s) 'tmdb_incremental_sync' retrieved from /opt/airflow/dags/tmdb_incremental_sync.py
[2026-07-19T16:43:06.536+0000] {logging_mixin.py:190} INFO - [2026-07-19T16:43:06.536+0000] {dag.py:3211} INFO - Sync 1 DAGs
[2026-07-19T16:43:06.576+0000] {logging_mixin.py:190} INFO - [2026-07-19T16:43:06.575+0000] {dag.py:4138} INFO - Setting next_dagrun for tmdb_incremental_sync to 2026-07-19 00:00:00+00:00, run_after=2026-07-20 00:00:00+00:00
[2026-07-19T16:43:06.603+0000] {processor.py:208} INFO - Processing /opt/airflow/dags/tmdb_incremental_sync.py took 0.152 seconds
[2026-07-19T16:43:36.893+0000] {processor.py:186} INFO - Started process (PID=33541) to work on /opt/airflow/dags/tmdb_incremental_sync.py
[2026-07-19T16:43:36.895+0000] {processor.py:914} INFO - Processing file /opt/airflow/dags/tmdb_incremental_sync.py for tasks to queue
[2026-07-19T16:43:36.899+0000] {logging_mixin.py:190} INFO - [2026-07-19T16:43:36.898+0000] {dagbag.py:587} INFO - Filling up the DagBag from /opt/airflow/dags/tmdb_incremental_sync.py
[2026-07-19T16:43:36.928+0000] {processor.py:925} INFO - DAG(s) 'tmdb_incremental_sync' retrieved from /opt/airflow/dags/tmdb_incremental_sync.py
[2026-07-19T16:43:37.010+0000] {logging_mixin.py:190} INFO - [2026-07-19T16:43:37.010+0000] {dag.py:3211} INFO - Sync 1 DAGs
[2026-07-19T16:43:37.058+0000] {logging_mixin.py:190} INFO - [2026-07-19T16:43:37.058+0000] {dag.py:4138} INFO - Setting next_dagrun for tmdb_incremental_sync to 2026-07-19 00:00:00+00:00, run_after=2026-07-20 00:00:00+00:00
[2026-07-19T16:43:37.089+0000] {processor.py:208} INFO - Processing /opt/airflow/dags/tmdb_incremental_sync.py took 0.204 seconds
[2026-07-19T16:44:07.604+0000] {processor.py:186} INFO - Started process (PID=33551) to work on /opt/airflow/dags/tmdb_incremental_sync.py
[2026-07-19T16:44:07.606+0000] {processor.py:914} INFO - Processing file /opt/airflow/dags/tmdb_incremental_sync.py for tasks to queue
[2026-07-19T16:44:07.610+0000] {logging_mixin.py:190} INFO - [2026-07-19T16:44:07.609+0000] {dagbag.py:587} INFO - Filling up the DagBag from /opt/airflow/dags/tmdb_incremental_sync.py
[2026-07-19T16:44:07.647+0000] {processor.py:925} INFO - DAG(s) 'tmdb_incremental_sync' retrieved from /opt/airflow/dags/tmdb_incremental_sync.py
[2026-07-19T16:44:07.695+0000] {logging_mixin.py:190} INFO - [2026-07-19T16:44:07.694+0000] {dag.py:3211} INFO - Sync 1 DAGs
[2026-07-19T16:44:07.740+0000] {logging_mixin.py:190} INFO - [2026-07-19T16:44:07.739+0000] {dag.py:4138} INFO - Setting next_dagrun for tmdb_incremental_sync to 2026-07-19 00:00:00+00:00, run_after=2026-07-20 00:00:00+00:00
[2026-07-19T16:44:07.768+0000] {processor.py:208} INFO - Processing /opt/airflow/dags/tmdb_incremental_sync.py took 0.175 seconds
[2026-07-19T16:44:38.164+0000] {processor.py:186} INFO - Started process (PID=33561) to work on /opt/airflow/dags/tmdb_incremental_sync.py
[2026-07-19T16:44:38.165+0000] {processor.py:914} INFO - Processing file /opt/airflow/dags/tmdb_incremental_sync.py for tasks to queue
[2026-07-19T16:44:38.169+0000] {logging_mixin.py:190} INFO - [2026-07-19T16:44:38.169+0000] {dagbag.py:587} INFO - Filling up the DagBag from /opt/airflow/dags/tmdb_incremental_sync.py
[2026-07-19T16:44:38.203+0000] {processor.py:925} INFO - DAG(s) 'tmdb_incremental_sync' retrieved from /opt/airflow/dags/tmdb_incremental_sync.py
[2026-07-19T16:44:38.256+0000] {logging_mixin.py:190} INFO - [2026-07-19T16:44:38.255+0000] {dag.py:3211} INFO - Sync 1 DAGs
[2026-07-19T16:44:38.296+0000] {logging_mixin.py:190} INFO - [2026-07-19T16:44:38.296+0000] {dag.py:4138} INFO - Setting next_dagrun for tmdb_incremental_sync to 2026-07-19 00:00:00+00:00, run_after=2026-07-20 00:00:00+00:00
[2026-07-19T16:44:38.339+0000] {processor.py:208} INFO - Processing /opt/airflow/dags/tmdb_incremental_sync.py took 0.185 seconds
[2026-07-19T16:45:08.641+0000] {processor.py:186} INFO - Started process (PID=33571) to work on /opt/airflow/dags/tmdb_incremental_sync.py
[2026-07-19T16:45:08.643+0000] {processor.py:914} INFO - Processing file /opt/airflow/dags/tmdb_incremental_sync.py for tasks to queue
[2026-07-19T16:45:08.647+0000] {logging_mixin.py:190} INFO - [2026-07-19T16:45:08.646+0000] {dagbag.py:587} INFO - Filling up the DagBag from /opt/airflow/dags/tmdb_incremental_sync.py
[2026-07-19T16:45:08.680+0000] {processor.py:925} INFO - DAG(s) 'tmdb_incremental_sync' retrieved from /opt/airflow/dags/tmdb_incremental_sync.py
[2026-07-19T16:45:08.727+0000] {logging_mixin.py:190} INFO - [2026-07-19T16:45:08.727+0000] {dag.py:3211} INFO - Sync 1 DAGs
[2026-07-19T16:45:08.777+0000] {logging_mixin.py:190} INFO - [2026-07-19T16:45:08.776+0000] {dag.py:4138} INFO - Setting next_dagrun for tmdb_incremental_sync to 2026-07-19 00:00:00+00:00, run_after=2026-07-20 00:00:00+00:00
[2026-07-19T16:45:08.803+0000] {processor.py:208} INFO - Processing /opt/airflow/dags/tmdb_incremental_sync.py took 0.171 seconds
[2026-07-19T16:45:39.145+0000] {processor.py:186} INFO - Started process (PID=33581) to work on /opt/airflow/dags/tmdb_incremental_sync.py
[2026-07-19T16:45:39.146+0000] {processor.py:914} INFO - Processing file /opt/airflow/dags/tmdb_incremental_sync.py for tasks to queue
[2026-07-19T16:45:39.153+0000] {logging_mixin.py:190} INFO - [2026-07-19T16:45:39.152+0000] {dagbag.py:587} INFO - Filling up the DagBag from /opt/airflow/dags/tmdb_incremental_sync.py
[2026-07-19T16:45:39.192+0000] {processor.py:925} INFO - DAG(s) 'tmdb_incremental_sync' retrieved from /opt/airflow/dags/tmdb_incremental_sync.py
[2026-07-19T16:45:39.240+0000] {logging_mixin.py:190} INFO - [2026-07-19T16:45:39.240+0000] {dag.py:3211} INFO - Sync 1 DAGs
[2026-07-19T16:45:39.278+0000] {logging_mixin.py:190} INFO - [2026-07-19T16:45:39.278+0000] {dag.py:4138} INFO - Setting next_dagrun for tmdb_incremental_sync to 2026-07-19 00:00:00+00:00, run_after=2026-07-20 00:00:00+00:00
[2026-07-19T16:45:39.305+0000] {processor.py:208} INFO - Processing /opt/airflow/dags/tmdb_incremental_sync.py took 0.175 seconds
[2026-07-19T16:46:09.616+0000] {processor.py:186} INFO - Started process (PID=33591) to work on /opt/airflow/dags/tmdb_incremental_sync.py
[2026-07-19T16:46:09.618+0000] {processor.py:914} INFO - Processing file /opt/airflow/dags/tmdb_incremental_sync.py for tasks to queue
[2026-07-19T16:46:09.621+0000] {logging_mixin.py:190} INFO - [2026-07-19T16:46:09.621+0000] {dagbag.py:587} INFO - Filling up the DagBag from /opt/airflow/dags/tmdb_incremental_sync.py
[2026-07-19T16:46:09.657+0000] {processor.py:925} INFO - DAG(s) 'tmdb_incremental_sync' retrieved from /opt/airflow/dags/tmdb_incremental_sync.py
[2026-07-19T16:46:09.702+0000] {logging_mixin.py:190} INFO - [2026-07-19T16:46:09.702+0000] {dag.py:3211} INFO - Sync 1 DAGs
[2026-07-19T16:46:09.748+0000] {logging_mixin.py:190} INFO - [2026-07-19T16:46:09.747+0000] {dag.py:4138} INFO - Setting next_dagrun for tmdb_incremental_sync to 2026-07-19 00:00:00+00:00, run_after=2026-07-20 00:00:00+00:00
[2026-07-19T16:46:09.777+0000] {processor.py:208} INFO - Processing /opt/airflow/dags/tmdb_incremental_sync.py took 0.170 seconds
[2026-07-19T16:46:40.083+0000] {processor.py:186} INFO - Started process (PID=33601) to work on /opt/airflow/dags/tmdb_incremental_sync.py
[2026-07-19T16:46:40.084+0000] {processor.py:914} INFO - Processing file /opt/airflow/dags/tmdb_incremental_sync.py for tasks to queue
[2026-07-19T16:46:40.087+0000] {logging_mixin.py:190} INFO - [2026-07-19T16:46:40.087+0000] {dagbag.py:587} INFO - Filling up the DagBag from /opt/airflow/dags/tmdb_incremental_sync.py
[2026-07-19T16:46:40.120+0000] {processor.py:925} INFO - DAG(s) 'tmdb_incremental_sync' retrieved from /opt/airflow/dags/tmdb_incremental_sync.py
[2026-07-19T16:46:40.165+0000] {logging_mixin.py:190} INFO - [2026-07-19T16:46:40.165+0000] {dag.py:3211} INFO - Sync 1 DAGs
[2026-07-19T16:46:40.205+0000] {logging_mixin.py:190} INFO - [2026-07-19T16:46:40.204+0000] {dag.py:4138} INFO - Setting next_dagrun for tmdb_incremental_sync to 2026-07-19 00:00:00+00:00, run_after=2026-07-20 00:00:00+00:00
[2026-07-19T16:46:40.233+0000] {processor.py:208} INFO - Processing /opt/airflow/dags/tmdb_incremental_sync.py took 0.160 seconds
[2026-07-19T16:47:10.536+0000] {processor.py:186} INFO - Started process (PID=33611) to work on /opt/airflow/dags/tmdb_incremental_sync.py
[2026-07-19T16:47:10.537+0000] {processor.py:914} INFO - Processing file /opt/airflow/dags/tmdb_incremental_sync.py for tasks to queue
[2026-07-19T16:47:10.542+0000] {logging_mixin.py:190} INFO - [2026-07-19T16:47:10.541+0000] {dagbag.py:587} INFO - Filling up the DagBag from /opt/airflow/dags/tmdb_incremental_sync.py
[2026-07-19T16:47:10.576+0000] {processor.py:925} INFO - DAG(s) 'tmdb_incremental_sync' retrieved from /opt/airflow/dags/tmdb_incremental_sync.py
[2026-07-19T16:47:10.633+0000] {logging_mixin.py:190} INFO - [2026-07-19T16:47:10.632+0000] {dag.py:3211} INFO - Sync 1 DAGs
[2026-07-19T16:47:10.683+0000] {logging_mixin.py:190} INFO - [2026-07-19T16:47:10.682+0000] {dag.py:4138} INFO - Setting next_dagrun for tmdb_incremental_sync to 2026-07-19 00:00:00+00:00, run_after=2026-07-20 00:00:00+00:00
[2026-07-19T16:47:10.709+0000] {processor.py:208} INFO - Processing /opt/airflow/dags/tmdb_incremental_sync.py took 0.182 seconds
[2026-07-19T16:47:41.064+0000] {processor.py:186} INFO - Started process (PID=33621) to work on /opt/airflow/dags/tmdb_incremental_sync.py
[2026-07-19T16:47:41.066+0000] {processor.py:914} INFO - Processing file /opt/airflow/dags/tmdb_incremental_sync.py for tasks to queue
[2026-07-19T16:47:41.076+0000] {logging_mixin.py:190} INFO - [2026-07-19T16:47:41.075+0000] {dagbag.py:587} INFO - Filling up the DagBag from /opt/airflow/dags/tmdb_incremental_sync.py
[2026-07-19T16:47:41.125+0000] {processor.py:925} INFO - DAG(s) 'tmdb_incremental_sync' retrieved from /opt/airflow/dags/tmdb_incremental_sync.py
[2026-07-19T16:47:41.189+0000] {logging_mixin.py:190} INFO - [2026-07-19T16:47:41.188+0000] {dag.py:3211} INFO - Sync 1 DAGs
[2026-07-19T16:47:41.239+0000] {logging_mixin.py:190} INFO - [2026-07-19T16:47:41.238+0000] {dag.py:4138} INFO - Setting next_dagrun for tmdb_incremental_sync to 2026-07-19 00:00:00+00:00, run_after=2026-07-20 00:00:00+00:00
[2026-07-19T16:47:41.277+0000] {processor.py:208} INFO - Processing /opt/airflow/dags/tmdb_incremental_sync.py took 0.229 seconds
[2026-07-19T16:48:11.619+0000] {processor.py:186} INFO - Started process (PID=33631) to work on /opt/airflow/dags/tmdb_incremental_sync.py
[2026-07-19T16:48:11.621+0000] {processor.py:914} INFO - Processing file /opt/airflow/dags/tmdb_incremental_sync.py for tasks to queue
[2026-07-19T16:48:11.624+0000] {logging_mixin.py:190} INFO - [2026-07-19T16:48:11.624+0000] {dagbag.py:587} INFO - Filling up the DagBag from /opt/airflow/dags/tmdb_incremental_sync.py
[2026-07-19T16:48:11.653+0000] {processor.py:925} INFO - DAG(s) 'tmdb_incremental_sync' retrieved from /opt/airflow/dags/tmdb_incremental_sync.py
[2026-07-19T16:48:11.694+0000] {logging_mixin.py:190} INFO - [2026-07-19T16:48:11.694+0000] {dag.py:3211} INFO - Sync 1 DAGs
[2026-07-19T16:48:11.732+0000] {logging_mixin.py:190} INFO - [2026-07-19T16:48:11.731+0000] {dag.py:4138} INFO - Setting next_dagrun for tmdb_incremental_sync to 2026-07-19 00:00:00+00:00, run_after=2026-07-20 00:00:00+00:00
[2026-07-19T16:48:11.760+0000] {processor.py:208} INFO - Processing /opt/airflow/dags/tmdb_incremental_sync.py took 0.148 seconds
[2026-07-19T16:48:42.120+0000] {processor.py:186} INFO - Started process (PID=33641) to work on /opt/airflow/dags/tmdb_incremental_sync.py
[2026-07-19T16:48:42.122+0000] {processor.py:914} INFO - Processing file /opt/airflow/dags/tmdb_incremental_sync.py for tasks to queue
[2026-07-19T16:48:42.125+0000] {logging_mixin.py:190} INFO - [2026-07-19T16:48:42.125+0000] {dagbag.py:587} INFO - Filling up the DagBag from /opt/airflow/dags/tmdb_incremental_sync.py
[2026-07-19T16:48:42.155+0000] {processor.py:925} INFO - DAG(s) 'tmdb_incremental_sync' retrieved from /opt/airflow/dags/tmdb_incremental_sync.py
[2026-07-19T16:48:42.207+0000] {logging_mixin.py:190} INFO - [2026-07-19T16:48:42.206+0000] {dag.py:3211} INFO - Sync 1 DAGs
[2026-07-19T16:48:42.247+0000] {logging_mixin.py:190} INFO - [2026-07-19T16:48:42.247+0000] {dag.py:4138} INFO - Setting next_dagrun for tmdb_incremental_sync to 2026-07-19 00:00:00+00:00, run_after=2026-07-20 00:00:00+00:00
[2026-07-19T16:48:42.274+0000] {processor.py:208} INFO - Processing /opt/airflow/dags/tmdb_incremental_sync.py took 0.161 seconds
[2026-07-19T16:49:12.581+0000] {processor.py:186} INFO - Started process (PID=33651) to work on /opt/airflow/dags/tmdb_incremental_sync.py
[2026-07-19T16:49:12.583+0000] {processor.py:914} INFO - Processing file /opt/airflow/dags/tmdb_incremental_sync.py for tasks to queue
[2026-07-19T16:49:12.586+0000] {logging_mixin.py:190} INFO - [2026-07-19T16:49:12.586+0000] {dagbag.py:587} INFO - Filling up the DagBag from /opt/airflow/dags/tmdb_incremental_sync.py
[2026-07-19T16:49:12.616+0000] {processor.py:925} INFO - DAG(s) 'tmdb_incremental_sync' retrieved from /opt/airflow/dags/tmdb_incremental_sync.py
[2026-07-19T16:49:12.657+0000] {logging_mixin.py:190} INFO - [2026-07-19T16:49:12.657+0000] {dag.py:3211} INFO - Sync 1 DAGs
[2026-07-19T16:49:12.699+0000] {logging_mixin.py:190} INFO - [2026-07-19T16:49:12.699+0000] {dag.py:4138} INFO - Setting next_dagrun for tmdb_incremental_sync to 2026-07-19 00:00:00+00:00, run_after=2026-07-20 00:00:00+00:00
[2026-07-19T16:49:12.726+0000] {processor.py:208} INFO - Processing /opt/airflow/dags/tmdb_incremental_sync.py took 0.153 seconds
[2026-07-19T16:49:43.127+0000] {processor.py:186} INFO - Started process (PID=33661) to work on /opt/airflow/dags/tmdb_incremental_sync.py
[2026-07-19T16:49:43.129+0000] {processor.py:914} INFO - Processing file /opt/airflow/dags/tmdb_incremental_sync.py for tasks to queue
[2026-07-19T16:49:43.135+0000] {logging_mixin.py:190} INFO - [2026-07-19T16:49:43.133+0000] {dagbag.py:587} INFO - Filling up the DagBag from /opt/airflow/dags/tmdb_incremental_sync.py
[2026-07-19T16:49:43.181+0000] {processor.py:925} INFO - DAG(s) 'tmdb_incremental_sync' retrieved from /opt/airflow/dags/tmdb_incremental_sync.py
[2026-07-19T16:49:43.228+0000] {logging_mixin.py:190} INFO - [2026-07-19T16:49:43.228+0000] {dag.py:3211} INFO - Sync 1 DAGs
[2026-07-19T16:49:43.268+0000] {logging_mixin.py:190} INFO - [2026-07-19T16:49:43.268+0000] {dag.py:4138} INFO - Setting next_dagrun for tmdb_incremental_sync to 2026-07-19 00:00:00+00:00, run_after=2026-07-20 00:00:00+00:00
[2026-07-19T16:49:43.299+0000] {processor.py:208} INFO - Processing /opt/airflow/dags/tmdb_incremental_sync.py took 0.184 seconds
[2026-07-19T16:50:13.615+0000] {processor.py:186} INFO - Started process (PID=33671) to work on /opt/airflow/dags/tmdb_incremental_sync.py
[2026-07-19T16:50:13.617+0000] {processor.py:914} INFO - Processing file /opt/airflow/dags/tmdb_incremental_sync.py for tasks to queue
[2026-07-19T16:50:13.621+0000] {logging_mixin.py:190} INFO - [2026-07-19T16:50:13.620+0000] {dagbag.py:587} INFO - Filling up the DagBag from /opt/airflow/dags/tmdb_incremental_sync.py
[2026-07-19T16:50:13.655+0000] {processor.py:925} INFO - DAG(s) 'tmdb_incremental_sync' retrieved from /opt/airflow/dags/tmdb_incremental_sync.py
[2026-07-19T16:50:13.706+0000] {logging_mixin.py:190} INFO - [2026-07-19T16:50:13.706+0000] {dag.py:3211} INFO - Sync 1 DAGs
[2026-07-19T16:50:13.758+0000] {logging_mixin.py:190} INFO - [2026-07-19T16:50:13.757+0000] {dag.py:4138} INFO - Setting next_dagrun for tmdb_incremental_sync to 2026-07-19 00:00:00+00:00, run_after=2026-07-20 00:00:00+00:00
[2026-07-19T16:50:13.798+0000] {processor.py:208} INFO - Processing /opt/airflow/dags/tmdb_incremental_sync.py took 0.193 seconds
[2026-07-19T16:50:44.193+0000] {processor.py:186} INFO - Started process (PID=33681) to work on /opt/airflow/dags/tmdb_incremental_sync.py
[2026-07-19T16:50:44.195+0000] {processor.py:914} INFO - Processing file /opt/airflow/dags/tmdb_incremental_sync.py for tasks to queue
[2026-07-19T16:50:44.200+0000] {logging_mixin.py:190} INFO - [2026-07-19T16:50:44.200+0000] {dagbag.py:587} INFO - Filling up the DagBag from /opt/airflow/dags/tmdb_incremental_sync.py
[2026-07-19T16:50:44.234+0000] {processor.py:925} INFO - DAG(s) 'tmdb_incremental_sync' retrieved from /opt/airflow/dags/tmdb_incremental_sync.py
[2026-07-19T16:50:44.278+0000] {logging_mixin.py:190} INFO - [2026-07-19T16:50:44.278+0000] {dag.py:3211} INFO - Sync 1 DAGs
[2026-07-19T16:50:44.317+0000] {logging_mixin.py:190} INFO - [2026-07-19T16:50:44.317+0000] {dag.py:4138} INFO - Setting next_dagrun for tmdb_incremental_sync to 2026-07-19 00:00:00+00:00, run_after=2026-07-20 00:00:00+00:00
[2026-07-19T16:50:44.342+0000] {processor.py:208} INFO - Processing /opt/airflow/dags/tmdb_incremental_sync.py took 0.157 seconds
[2026-07-19T16:51:15.377+0000] {processor.py:186} INFO - Started process (PID=33691) to work on /opt/airflow/dags/tmdb_incremental_sync.py
[2026-07-19T16:51:15.395+0000] {processor.py:914} INFO - Processing file /opt/airflow/dags/tmdb_incremental_sync.py for tasks to queue
[2026-07-19T16:51:15.507+0000] {logging_mixin.py:190} INFO - [2026-07-19T16:51:15.505+0000] {dagbag.py:587} INFO - Filling up the DagBag from /opt/airflow/dags/tmdb_incremental_sync.py
[2026-07-19T16:51:15.657+0000] {processor.py:925} INFO - DAG(s) 'tmdb_incremental_sync' retrieved from /opt/airflow/dags/tmdb_incremental_sync.py
[2026-07-19T16:51:15.811+0000] {logging_mixin.py:190} INFO - [2026-07-19T16:51:15.808+0000] {dag.py:3211} INFO - Sync 1 DAGs
[2026-07-19T16:51:15.881+0000] {logging_mixin.py:190} INFO - [2026-07-19T16:51:15.881+0000] {dag.py:4138} INFO - Setting next_dagrun for tmdb_incremental_sync to 2026-07-19 00:00:00+00:00, run_after=2026-07-20 00:00:00+00:00
[2026-07-19T16:51:15.935+0000] {processor.py:208} INFO - Processing /opt/airflow/dags/tmdb_incremental_sync.py took 0.618 seconds
[2026-07-19T16:51:46.021+0000] {processor.py:186} INFO - Started process (PID=33701) to work on /opt/airflow/dags/tmdb_incremental_sync.py
[2026-07-19T16:51:46.023+0000] {processor.py:914} INFO - Processing file /opt/airflow/dags/tmdb_incremental_sync.py for tasks to queue
[2026-07-19T16:51:46.027+0000] {logging_mixin.py:190} INFO - [2026-07-19T16:51:46.026+0000] {dagbag.py:587} INFO - Filling up the DagBag from /opt/airflow/dags/tmdb_incremental_sync.py
[2026-07-19T16:51:46.073+0000] {processor.py:925} INFO - DAG(s) 'tmdb_incremental_sync' retrieved from /opt/airflow/dags/tmdb_incremental_sync.py
[2026-07-19T16:51:46.114+0000] {logging_mixin.py:190} INFO - [2026-07-19T16:51:46.114+0000] {dag.py:3211} INFO - Sync 1 DAGs
[2026-07-19T16:51:46.149+0000] {logging_mixin.py:190} INFO - [2026-07-19T16:51:46.149+0000] {dag.py:4138} INFO - Setting next_dagrun for tmdb_incremental_sync to 2026-07-19 00:00:00+00:00, run_after=2026-07-20 00:00:00+00:00
[2026-07-19T16:51:46.176+0000] {processor.py:208} INFO - Processing /opt/airflow/dags/tmdb_incremental_sync.py took 0.165 seconds
[2026-07-19T16:52:58.202+0000] {processor.py:186} INFO - Started process (PID=33711) to work on /opt/airflow/dags/tmdb_incremental_sync.py
[2026-07-19T16:52:58.205+0000] {processor.py:914} INFO - Processing file /opt/airflow/dags/tmdb_incremental_sync.py for tasks to queue
[2026-07-19T16:52:58.209+0000] {logging_mixin.py:190} INFO - [2026-07-19T16:52:58.209+0000] {dagbag.py:587} INFO - Filling up the DagBag from /opt/airflow/dags/tmdb_incremental_sync.py
[2026-07-19T16:52:58.238+0000] {processor.py:925} INFO - DAG(s) 'tmdb_incremental_sync' retrieved from /opt/airflow/dags/tmdb_incremental_sync.py
[2026-07-19T16:52:58.288+0000] {logging_mixin.py:190} INFO - [2026-07-19T16:52:58.288+0000] {dag.py:3211} INFO - Sync 1 DAGs
[2026-07-19T16:52:58.351+0000] {logging_mixin.py:190} INFO - [2026-07-19T16:52:58.351+0000] {dag.py:4138} INFO - Setting next_dagrun for tmdb_incremental_sync to 2026-07-19 00:00:00+00:00, run_after=2026-07-20 00:00:00+00:00
[2026-07-19T16:52:58.387+0000] {processor.py:208} INFO - Processing /opt/airflow/dags/tmdb_incremental_sync.py took 0.193 seconds
