[2026-07-17T00:55:36.882+0000] {processor.py:186} INFO - Started process (PID=21478) to work on /opt/airflow/dags/sanity_checks.py
[2026-07-17T00:55:36.895+0000] {processor.py:914} INFO - Processing file /opt/airflow/dags/sanity_checks.py for tasks to queue
[2026-07-17T00:55:36.925+0000] {logging_mixin.py:190} INFO - [2026-07-17T00:55:36.921+0000] {dagbag.py:587} INFO - Filling up the DagBag from /opt/airflow/dags/sanity_checks.py
[2026-07-17T00:55:37.038+0000] {processor.py:925} INFO - DAG(s) 'airflow_sanity_check' retrieved from /opt/airflow/dags/sanity_checks.py
[2026-07-17T00:55:37.344+0000] {logging_mixin.py:190} INFO - [2026-07-17T00:55:37.342+0000] {dag.py:3211} INFO - Sync 1 DAGs
[2026-07-17T00:55:37.522+0000] {logging_mixin.py:190} INFO - [2026-07-17T00:55:37.519+0000] {dag.py:4138} INFO - Setting next_dagrun for airflow_sanity_check to None, run_after=None
[2026-07-17T00:55:37.700+0000] {processor.py:208} INFO - Processing /opt/airflow/dags/sanity_checks.py took 0.912 seconds
[2026-07-17T00:56:08.155+0000] {processor.py:186} INFO - Started process (PID=21501) to work on /opt/airflow/dags/sanity_checks.py
[2026-07-17T00:56:08.170+0000] {processor.py:914} INFO - Processing file /opt/airflow/dags/sanity_checks.py for tasks to queue
[2026-07-17T00:56:08.193+0000] {logging_mixin.py:190} INFO - [2026-07-17T00:56:08.191+0000] {dagbag.py:587} INFO - Filling up the DagBag from /opt/airflow/dags/sanity_checks.py
[2026-07-17T00:56:08.271+0000] {processor.py:925} INFO - DAG(s) 'airflow_sanity_check' retrieved from /opt/airflow/dags/sanity_checks.py
[2026-07-17T00:56:08.549+0000] {logging_mixin.py:190} INFO - [2026-07-17T00:56:08.546+0000] {dag.py:3211} INFO - Sync 1 DAGs
[2026-07-17T00:56:09.369+0000] {logging_mixin.py:190} INFO - [2026-07-17T00:56:09.365+0000] {dag.py:4138} INFO - Setting next_dagrun for airflow_sanity_check to None, run_after=None
[2026-07-17T00:56:09.637+0000] {processor.py:208} INFO - Processing /opt/airflow/dags/sanity_checks.py took 1.584 seconds
[2026-07-17T02:56:56.397+0000] {processor.py:186} INFO - Started process (PID=21511) to work on /opt/airflow/dags/sanity_checks.py
[2026-07-17T02:56:56.408+0000] {processor.py:914} INFO - Processing file /opt/airflow/dags/sanity_checks.py for tasks to queue
[2026-07-17T02:56:56.454+0000] {logging_mixin.py:190} INFO - [2026-07-17T02:56:56.450+0000] {dagbag.py:587} INFO - Filling up the DagBag from /opt/airflow/dags/sanity_checks.py
[2026-07-17T02:56:56.590+0000] {processor.py:925} INFO - DAG(s) 'airflow_sanity_check' retrieved from /opt/airflow/dags/sanity_checks.py
[2026-07-17T02:56:56.976+0000] {logging_mixin.py:190} INFO - [2026-07-17T02:56:56.974+0000] {dag.py:3211} INFO - Sync 1 DAGs
[2026-07-17T02:56:57.211+0000] {logging_mixin.py:190} INFO - [2026-07-17T02:56:57.209+0000] {dag.py:4138} INFO - Setting next_dagrun for airflow_sanity_check to None, run_after=None
[2026-07-17T02:56:57.561+0000] {processor.py:208} INFO - Processing /opt/airflow/dags/sanity_checks.py took 1.310 seconds
[2026-07-17T02:57:28.356+0000] {processor.py:186} INFO - Started process (PID=21521) to work on /opt/airflow/dags/sanity_checks.py
[2026-07-17T02:57:28.378+0000] {processor.py:914} INFO - Processing file /opt/airflow/dags/sanity_checks.py for tasks to queue
[2026-07-17T02:57:28.415+0000] {logging_mixin.py:190} INFO - [2026-07-17T02:57:28.410+0000] {dagbag.py:587} INFO - Filling up the DagBag from /opt/airflow/dags/sanity_checks.py
[2026-07-17T02:57:28.564+0000] {processor.py:925} INFO - DAG(s) 'airflow_sanity_check' retrieved from /opt/airflow/dags/sanity_checks.py
[2026-07-17T02:57:29.042+0000] {logging_mixin.py:190} INFO - [2026-07-17T02:57:29.039+0000] {dag.py:3211} INFO - Sync 1 DAGs
[2026-07-17T02:57:29.307+0000] {logging_mixin.py:190} INFO - [2026-07-17T02:57:29.302+0000] {dag.py:4138} INFO - Setting next_dagrun for airflow_sanity_check to None, run_after=None
[2026-07-17T02:57:29.560+0000] {processor.py:208} INFO - Processing /opt/airflow/dags/sanity_checks.py took 1.324 seconds
[2026-07-17T02:58:00.263+0000] {processor.py:186} INFO - Started process (PID=21531) to work on /opt/airflow/dags/sanity_checks.py
[2026-07-17T02:58:00.269+0000] {processor.py:914} INFO - Processing file /opt/airflow/dags/sanity_checks.py for tasks to queue
[2026-07-17T02:58:00.280+0000] {logging_mixin.py:190} INFO - [2026-07-17T02:58:00.279+0000] {dagbag.py:587} INFO - Filling up the DagBag from /opt/airflow/dags/sanity_checks.py
[2026-07-17T02:58:00.376+0000] {processor.py:925} INFO - DAG(s) 'airflow_sanity_check' retrieved from /opt/airflow/dags/sanity_checks.py
[2026-07-17T02:58:00.529+0000] {logging_mixin.py:190} INFO - [2026-07-17T02:58:00.528+0000] {dag.py:3211} INFO - Sync 1 DAGs
[2026-07-17T02:58:00.636+0000] {logging_mixin.py:190} INFO - [2026-07-17T02:58:00.635+0000] {dag.py:4138} INFO - Setting next_dagrun for airflow_sanity_check to None, run_after=None
[2026-07-17T02:58:00.750+0000] {processor.py:208} INFO - Processing /opt/airflow/dags/sanity_checks.py took 0.516 seconds
[2026-07-17T02:58:31.221+0000] {processor.py:186} INFO - Started process (PID=21541) to work on /opt/airflow/dags/sanity_checks.py
[2026-07-17T02:58:31.223+0000] {processor.py:914} INFO - Processing file /opt/airflow/dags/sanity_checks.py for tasks to queue
[2026-07-17T02:58:31.227+0000] {logging_mixin.py:190} INFO - [2026-07-17T02:58:31.226+0000] {dagbag.py:587} INFO - Filling up the DagBag from /opt/airflow/dags/sanity_checks.py
[2026-07-17T02:58:31.244+0000] {processor.py:925} INFO - DAG(s) 'airflow_sanity_check' retrieved from /opt/airflow/dags/sanity_checks.py
[2026-07-17T02:58:31.294+0000] {logging_mixin.py:190} INFO - [2026-07-17T02:58:31.293+0000] {dag.py:3211} INFO - Sync 1 DAGs
[2026-07-17T02:58:31.318+0000] {logging_mixin.py:190} INFO - [2026-07-17T02:58:31.318+0000] {dag.py:4138} INFO - Setting next_dagrun for airflow_sanity_check to None, run_after=None
[2026-07-17T02:58:31.352+0000] {processor.py:208} INFO - Processing /opt/airflow/dags/sanity_checks.py took 0.141 seconds
[2026-07-17T02:59:01.693+0000] {processor.py:186} INFO - Started process (PID=21551) to work on /opt/airflow/dags/sanity_checks.py
[2026-07-17T02:59:01.695+0000] {processor.py:914} INFO - Processing file /opt/airflow/dags/sanity_checks.py for tasks to queue
[2026-07-17T02:59:01.698+0000] {logging_mixin.py:190} INFO - [2026-07-17T02:59:01.698+0000] {dagbag.py:587} INFO - Filling up the DagBag from /opt/airflow/dags/sanity_checks.py
[2026-07-17T02:59:01.721+0000] {processor.py:925} INFO - DAG(s) 'airflow_sanity_check' retrieved from /opt/airflow/dags/sanity_checks.py
[2026-07-17T02:59:01.775+0000] {logging_mixin.py:190} INFO - [2026-07-17T02:59:01.775+0000] {dag.py:3211} INFO - Sync 1 DAGs
[2026-07-17T02:59:01.806+0000] {logging_mixin.py:190} INFO - [2026-07-17T02:59:01.805+0000] {dag.py:4138} INFO - Setting next_dagrun for airflow_sanity_check to None, run_after=None
[2026-07-17T02:59:01.848+0000] {processor.py:208} INFO - Processing /opt/airflow/dags/sanity_checks.py took 0.166 seconds
[2026-07-17T02:59:32.209+0000] {processor.py:186} INFO - Started process (PID=21561) to work on /opt/airflow/dags/sanity_checks.py
[2026-07-17T02:59:32.212+0000] {processor.py:914} INFO - Processing file /opt/airflow/dags/sanity_checks.py for tasks to queue
[2026-07-17T02:59:32.222+0000] {logging_mixin.py:190} INFO - [2026-07-17T02:59:32.221+0000] {dagbag.py:587} INFO - Filling up the DagBag from /opt/airflow/dags/sanity_checks.py
[2026-07-17T02:59:32.252+0000] {processor.py:925} INFO - DAG(s) 'airflow_sanity_check' retrieved from /opt/airflow/dags/sanity_checks.py
[2026-07-17T02:59:32.331+0000] {logging_mixin.py:190} INFO - [2026-07-17T02:59:32.330+0000] {dag.py:3211} INFO - Sync 1 DAGs
[2026-07-17T02:59:32.370+0000] {logging_mixin.py:190} INFO - [2026-07-17T02:59:32.369+0000] {dag.py:4138} INFO - Setting next_dagrun for airflow_sanity_check to None, run_after=None
[2026-07-17T02:59:32.416+0000] {processor.py:208} INFO - Processing /opt/airflow/dags/sanity_checks.py took 0.226 seconds
[2026-07-17T03:00:03.026+0000] {processor.py:186} INFO - Started process (PID=21571) to work on /opt/airflow/dags/sanity_checks.py
[2026-07-17T03:00:03.030+0000] {processor.py:914} INFO - Processing file /opt/airflow/dags/sanity_checks.py for tasks to queue
[2026-07-17T03:00:03.043+0000] {logging_mixin.py:190} INFO - [2026-07-17T03:00:03.042+0000] {dagbag.py:587} INFO - Filling up the DagBag from /opt/airflow/dags/sanity_checks.py
[2026-07-17T03:00:03.090+0000] {processor.py:925} INFO - DAG(s) 'airflow_sanity_check' retrieved from /opt/airflow/dags/sanity_checks.py
[2026-07-17T03:00:03.206+0000] {logging_mixin.py:190} INFO - [2026-07-17T03:00:03.205+0000] {dag.py:3211} INFO - Sync 1 DAGs
[2026-07-17T03:00:03.267+0000] {logging_mixin.py:190} INFO - [2026-07-17T03:00:03.266+0000] {dag.py:4138} INFO - Setting next_dagrun for airflow_sanity_check to None, run_after=None
[2026-07-17T03:00:03.339+0000] {processor.py:208} INFO - Processing /opt/airflow/dags/sanity_checks.py took 0.339 seconds
[2026-07-17T03:00:33.979+0000] {processor.py:186} INFO - Started process (PID=21581) to work on /opt/airflow/dags/sanity_checks.py
[2026-07-17T03:00:33.991+0000] {processor.py:914} INFO - Processing file /opt/airflow/dags/sanity_checks.py for tasks to queue
[2026-07-17T03:00:34.000+0000] {logging_mixin.py:190} INFO - [2026-07-17T03:00:33.998+0000] {dagbag.py:587} INFO - Filling up the DagBag from /opt/airflow/dags/sanity_checks.py
[2026-07-17T03:00:34.043+0000] {processor.py:925} INFO - DAG(s) 'airflow_sanity_check' retrieved from /opt/airflow/dags/sanity_checks.py
[2026-07-17T03:00:34.144+0000] {logging_mixin.py:190} INFO - [2026-07-17T03:00:34.143+0000] {dag.py:3211} INFO - Sync 1 DAGs
[2026-07-17T03:00:34.201+0000] {logging_mixin.py:190} INFO - [2026-07-17T03:00:34.200+0000] {dag.py:4138} INFO - Setting next_dagrun for airflow_sanity_check to None, run_after=None
[2026-07-17T03:00:34.276+0000] {processor.py:208} INFO - Processing /opt/airflow/dags/sanity_checks.py took 0.321 seconds
[2026-07-17T03:01:04.883+0000] {processor.py:186} INFO - Started process (PID=21591) to work on /opt/airflow/dags/sanity_checks.py
[2026-07-17T03:01:04.958+0000] {processor.py:914} INFO - Processing file /opt/airflow/dags/sanity_checks.py for tasks to queue
[2026-07-17T03:01:05.087+0000] {logging_mixin.py:190} INFO - [2026-07-17T03:01:05.083+0000] {dagbag.py:587} INFO - Filling up the DagBag from /opt/airflow/dags/sanity_checks.py
[2026-07-17T03:01:05.200+0000] {processor.py:925} INFO - DAG(s) 'airflow_sanity_check' retrieved from /opt/airflow/dags/sanity_checks.py
[2026-07-17T03:01:05.339+0000] {logging_mixin.py:190} INFO - [2026-07-17T03:01:05.338+0000] {dag.py:3211} INFO - Sync 1 DAGs
[2026-07-17T03:01:05.412+0000] {logging_mixin.py:190} INFO - [2026-07-17T03:01:05.411+0000] {dag.py:4138} INFO - Setting next_dagrun for airflow_sanity_check to None, run_after=None
[2026-07-17T03:01:05.485+0000] {processor.py:208} INFO - Processing /opt/airflow/dags/sanity_checks.py took 0.632 seconds
[2026-07-17T03:01:36.105+0000] {processor.py:186} INFO - Started process (PID=21601) to work on /opt/airflow/dags/sanity_checks.py
[2026-07-17T03:01:36.108+0000] {processor.py:914} INFO - Processing file /opt/airflow/dags/sanity_checks.py for tasks to queue
[2026-07-17T03:01:36.114+0000] {logging_mixin.py:190} INFO - [2026-07-17T03:01:36.113+0000] {dagbag.py:587} INFO - Filling up the DagBag from /opt/airflow/dags/sanity_checks.py
[2026-07-17T03:01:36.143+0000] {processor.py:925} INFO - DAG(s) 'airflow_sanity_check' retrieved from /opt/airflow/dags/sanity_checks.py
[2026-07-17T03:01:36.216+0000] {logging_mixin.py:190} INFO - [2026-07-17T03:01:36.216+0000] {dag.py:3211} INFO - Sync 1 DAGs
[2026-07-17T03:01:36.253+0000] {logging_mixin.py:190} INFO - [2026-07-17T03:01:36.253+0000] {dag.py:4138} INFO - Setting next_dagrun for airflow_sanity_check to None, run_after=None
[2026-07-17T03:01:36.296+0000] {processor.py:208} INFO - Processing /opt/airflow/dags/sanity_checks.py took 0.207 seconds
[2026-07-17T03:02:06.746+0000] {processor.py:186} INFO - Started process (PID=21611) to work on /opt/airflow/dags/sanity_checks.py
[2026-07-17T03:02:06.755+0000] {processor.py:914} INFO - Processing file /opt/airflow/dags/sanity_checks.py for tasks to queue
[2026-07-17T03:02:06.763+0000] {logging_mixin.py:190} INFO - [2026-07-17T03:02:06.762+0000] {dagbag.py:587} INFO - Filling up the DagBag from /opt/airflow/dags/sanity_checks.py
[2026-07-17T03:02:06.797+0000] {processor.py:925} INFO - DAG(s) 'airflow_sanity_check' retrieved from /opt/airflow/dags/sanity_checks.py
[2026-07-17T03:02:06.873+0000] {logging_mixin.py:190} INFO - [2026-07-17T03:02:06.872+0000] {dag.py:3211} INFO - Sync 1 DAGs
[2026-07-17T03:02:06.911+0000] {logging_mixin.py:190} INFO - [2026-07-17T03:02:06.910+0000] {dag.py:4138} INFO - Setting next_dagrun for airflow_sanity_check to None, run_after=None
[2026-07-17T03:02:06.959+0000] {processor.py:208} INFO - Processing /opt/airflow/dags/sanity_checks.py took 0.234 seconds
[2026-07-17T03:02:37.343+0000] {processor.py:186} INFO - Started process (PID=21621) to work on /opt/airflow/dags/sanity_checks.py
[2026-07-17T03:02:37.346+0000] {processor.py:914} INFO - Processing file /opt/airflow/dags/sanity_checks.py for tasks to queue
[2026-07-17T03:02:37.353+0000] {logging_mixin.py:190} INFO - [2026-07-17T03:02:37.352+0000] {dagbag.py:587} INFO - Filling up the DagBag from /opt/airflow/dags/sanity_checks.py
[2026-07-17T03:02:37.379+0000] {processor.py:925} INFO - DAG(s) 'airflow_sanity_check' retrieved from /opt/airflow/dags/sanity_checks.py
[2026-07-17T03:02:37.446+0000] {logging_mixin.py:190} INFO - [2026-07-17T03:02:37.446+0000] {dag.py:3211} INFO - Sync 1 DAGs
[2026-07-17T03:02:37.481+0000] {logging_mixin.py:190} INFO - [2026-07-17T03:02:37.481+0000] {dag.py:4138} INFO - Setting next_dagrun for airflow_sanity_check to None, run_after=None
[2026-07-17T03:02:37.524+0000] {processor.py:208} INFO - Processing /opt/airflow/dags/sanity_checks.py took 0.195 seconds
[2026-07-17T03:03:07.850+0000] {processor.py:186} INFO - Started process (PID=21644) to work on /opt/airflow/dags/sanity_checks.py
[2026-07-17T03:03:07.865+0000] {processor.py:914} INFO - Processing file /opt/airflow/dags/sanity_checks.py for tasks to queue
[2026-07-17T03:03:07.916+0000] {logging_mixin.py:190} INFO - [2026-07-17T03:03:07.913+0000] {dagbag.py:587} INFO - Filling up the DagBag from /opt/airflow/dags/sanity_checks.py
[2026-07-17T03:03:08.047+0000] {processor.py:925} INFO - DAG(s) 'airflow_sanity_check' retrieved from /opt/airflow/dags/sanity_checks.py
[2026-07-17T03:03:08.441+0000] {logging_mixin.py:190} INFO - [2026-07-17T03:03:08.439+0000] {dag.py:3211} INFO - Sync 1 DAGs
[2026-07-17T03:03:08.745+0000] {logging_mixin.py:190} INFO - [2026-07-17T03:03:08.743+0000] {dag.py:4138} INFO - Setting next_dagrun for airflow_sanity_check to None, run_after=None
[2026-07-17T03:03:09.060+0000] {processor.py:208} INFO - Processing /opt/airflow/dags/sanity_checks.py took 1.309 seconds
[2026-07-17T03:03:39.899+0000] {processor.py:186} INFO - Started process (PID=21654) to work on /opt/airflow/dags/sanity_checks.py
[2026-07-17T03:03:39.915+0000] {processor.py:914} INFO - Processing file /opt/airflow/dags/sanity_checks.py for tasks to queue
[2026-07-17T03:03:39.962+0000] {logging_mixin.py:190} INFO - [2026-07-17T03:03:39.952+0000] {dagbag.py:587} INFO - Filling up the DagBag from /opt/airflow/dags/sanity_checks.py
[2026-07-17T03:03:40.161+0000] {processor.py:925} INFO - DAG(s) 'airflow_sanity_check' retrieved from /opt/airflow/dags/sanity_checks.py
[2026-07-17T03:03:40.632+0000] {logging_mixin.py:190} INFO - [2026-07-17T03:03:40.629+0000] {dag.py:3211} INFO - Sync 1 DAGs
[2026-07-17T03:03:40.879+0000] {logging_mixin.py:190} INFO - [2026-07-17T03:03:40.876+0000] {dag.py:4138} INFO - Setting next_dagrun for airflow_sanity_check to None, run_after=None
[2026-07-17T03:03:41.130+0000] {processor.py:208} INFO - Processing /opt/airflow/dags/sanity_checks.py took 1.322 seconds
[2026-07-17T03:04:12.371+0000] {processor.py:186} INFO - Started process (PID=21664) to work on /opt/airflow/dags/sanity_checks.py
[2026-07-17T03:04:12.405+0000] {processor.py:914} INFO - Processing file /opt/airflow/dags/sanity_checks.py for tasks to queue
[2026-07-17T03:04:12.442+0000] {logging_mixin.py:190} INFO - [2026-07-17T03:04:12.434+0000] {dagbag.py:587} INFO - Filling up the DagBag from /opt/airflow/dags/sanity_checks.py
[2026-07-17T03:04:12.683+0000] {processor.py:925} INFO - DAG(s) 'airflow_sanity_check' retrieved from /opt/airflow/dags/sanity_checks.py
[2026-07-17T03:04:13.118+0000] {logging_mixin.py:190} INFO - [2026-07-17T03:04:13.116+0000] {dag.py:3211} INFO - Sync 1 DAGs
[2026-07-17T03:04:13.363+0000] {logging_mixin.py:190} INFO - [2026-07-17T03:04:13.360+0000] {dag.py:4138} INFO - Setting next_dagrun for airflow_sanity_check to None, run_after=None
[2026-07-17T03:04:13.629+0000] {processor.py:208} INFO - Processing /opt/airflow/dags/sanity_checks.py took 1.365 seconds
[2026-07-17T03:04:44.670+0000] {processor.py:186} INFO - Started process (PID=21674) to work on /opt/airflow/dags/sanity_checks.py
[2026-07-17T03:04:44.682+0000] {processor.py:914} INFO - Processing file /opt/airflow/dags/sanity_checks.py for tasks to queue
[2026-07-17T03:04:44.724+0000] {logging_mixin.py:190} INFO - [2026-07-17T03:04:44.718+0000] {dagbag.py:587} INFO - Filling up the DagBag from /opt/airflow/dags/sanity_checks.py
[2026-07-17T03:04:44.917+0000] {processor.py:925} INFO - DAG(s) 'airflow_sanity_check' retrieved from /opt/airflow/dags/sanity_checks.py
[2026-07-17T03:04:45.255+0000] {logging_mixin.py:190} INFO - [2026-07-17T03:04:45.254+0000] {dag.py:3211} INFO - Sync 1 DAGs
[2026-07-17T03:04:45.581+0000] {logging_mixin.py:190} INFO - [2026-07-17T03:04:45.574+0000] {dag.py:4138} INFO - Setting next_dagrun for airflow_sanity_check to None, run_after=None
[2026-07-17T03:04:45.925+0000] {processor.py:208} INFO - Processing /opt/airflow/dags/sanity_checks.py took 1.343 seconds
[2026-07-17T03:05:16.423+0000] {processor.py:186} INFO - Started process (PID=21684) to work on /opt/airflow/dags/sanity_checks.py
[2026-07-17T03:05:16.429+0000] {processor.py:914} INFO - Processing file /opt/airflow/dags/sanity_checks.py for tasks to queue
[2026-07-17T03:05:16.468+0000] {logging_mixin.py:190} INFO - [2026-07-17T03:05:16.465+0000] {dagbag.py:587} INFO - Filling up the DagBag from /opt/airflow/dags/sanity_checks.py
[2026-07-17T03:05:16.628+0000] {processor.py:925} INFO - DAG(s) 'airflow_sanity_check' retrieved from /opt/airflow/dags/sanity_checks.py
[2026-07-17T03:05:16.979+0000] {logging_mixin.py:190} INFO - [2026-07-17T03:05:16.973+0000] {dag.py:3211} INFO - Sync 1 DAGs
[2026-07-17T03:05:17.221+0000] {logging_mixin.py:190} INFO - [2026-07-17T03:05:17.218+0000] {dag.py:4138} INFO - Setting next_dagrun for airflow_sanity_check to None, run_after=None
[2026-07-17T03:05:17.447+0000] {processor.py:208} INFO - Processing /opt/airflow/dags/sanity_checks.py took 1.130 seconds
[2026-07-17T03:05:48.093+0000] {processor.py:186} INFO - Started process (PID=21694) to work on /opt/airflow/dags/sanity_checks.py
[2026-07-17T03:05:48.104+0000] {processor.py:914} INFO - Processing file /opt/airflow/dags/sanity_checks.py for tasks to queue
[2026-07-17T03:05:48.140+0000] {logging_mixin.py:190} INFO - [2026-07-17T03:05:48.135+0000] {dagbag.py:587} INFO - Filling up the DagBag from /opt/airflow/dags/sanity_checks.py
[2026-07-17T03:05:48.263+0000] {processor.py:925} INFO - DAG(s) 'airflow_sanity_check' retrieved from /opt/airflow/dags/sanity_checks.py
[2026-07-17T03:05:48.609+0000] {logging_mixin.py:190} INFO - [2026-07-17T03:05:48.606+0000] {dag.py:3211} INFO - Sync 1 DAGs
[2026-07-17T03:05:48.788+0000] {logging_mixin.py:190} INFO - [2026-07-17T03:05:48.787+0000] {dag.py:4138} INFO - Setting next_dagrun for airflow_sanity_check to None, run_after=None
[2026-07-17T03:05:48.998+0000] {processor.py:208} INFO - Processing /opt/airflow/dags/sanity_checks.py took 0.956 seconds
[2026-07-17T03:06:20.198+0000] {processor.py:186} INFO - Started process (PID=21714) to work on /opt/airflow/dags/sanity_checks.py
[2026-07-17T03:06:20.206+0000] {processor.py:914} INFO - Processing file /opt/airflow/dags/sanity_checks.py for tasks to queue
[2026-07-17T03:06:20.228+0000] {logging_mixin.py:190} INFO - [2026-07-17T03:06:20.224+0000] {dagbag.py:587} INFO - Filling up the DagBag from /opt/airflow/dags/sanity_checks.py
[2026-07-17T03:06:20.377+0000] {processor.py:925} INFO - DAG(s) 'airflow_sanity_check' retrieved from /opt/airflow/dags/sanity_checks.py
[2026-07-17T03:06:20.675+0000] {logging_mixin.py:190} INFO - [2026-07-17T03:06:20.673+0000] {dag.py:3211} INFO - Sync 1 DAGs
[2026-07-17T03:06:20.763+0000] {logging_mixin.py:190} INFO - [2026-07-17T03:06:20.762+0000] {dag.py:4138} INFO - Setting next_dagrun for airflow_sanity_check to None, run_after=None
[2026-07-17T03:06:20.886+0000] {processor.py:208} INFO - Processing /opt/airflow/dags/sanity_checks.py took 0.769 seconds
[2026-07-17T03:06:52.188+0000] {processor.py:186} INFO - Started process (PID=21724) to work on /opt/airflow/dags/sanity_checks.py
[2026-07-17T03:06:52.194+0000] {processor.py:914} INFO - Processing file /opt/airflow/dags/sanity_checks.py for tasks to queue
[2026-07-17T03:06:52.218+0000] {logging_mixin.py:190} INFO - [2026-07-17T03:06:52.215+0000] {dagbag.py:587} INFO - Filling up the DagBag from /opt/airflow/dags/sanity_checks.py
[2026-07-17T03:06:52.362+0000] {processor.py:925} INFO - DAG(s) 'airflow_sanity_check' retrieved from /opt/airflow/dags/sanity_checks.py
[2026-07-17T03:06:52.724+0000] {logging_mixin.py:190} INFO - [2026-07-17T03:06:52.722+0000] {dag.py:3211} INFO - Sync 1 DAGs
[2026-07-17T03:06:52.932+0000] {logging_mixin.py:190} INFO - [2026-07-17T03:06:52.931+0000] {dag.py:4138} INFO - Setting next_dagrun for airflow_sanity_check to None, run_after=None
[2026-07-17T03:06:53.138+0000] {processor.py:208} INFO - Processing /opt/airflow/dags/sanity_checks.py took 1.031 seconds
[2026-07-17T03:07:23.582+0000] {processor.py:186} INFO - Started process (PID=21734) to work on /opt/airflow/dags/sanity_checks.py
[2026-07-17T03:07:23.597+0000] {processor.py:914} INFO - Processing file /opt/airflow/dags/sanity_checks.py for tasks to queue
[2026-07-17T03:07:23.624+0000] {logging_mixin.py:190} INFO - [2026-07-17T03:07:23.622+0000] {dagbag.py:587} INFO - Filling up the DagBag from /opt/airflow/dags/sanity_checks.py
[2026-07-17T03:07:23.757+0000] {processor.py:925} INFO - DAG(s) 'airflow_sanity_check' retrieved from /opt/airflow/dags/sanity_checks.py
[2026-07-17T03:07:24.092+0000] {logging_mixin.py:190} INFO - [2026-07-17T03:07:24.089+0000] {dag.py:3211} INFO - Sync 1 DAGs
[2026-07-17T03:07:24.327+0000] {logging_mixin.py:190} INFO - [2026-07-17T03:07:24.325+0000] {dag.py:4138} INFO - Setting next_dagrun for airflow_sanity_check to None, run_after=None
[2026-07-17T03:07:24.534+0000] {processor.py:208} INFO - Processing /opt/airflow/dags/sanity_checks.py took 1.044 seconds
[2026-07-17T03:07:55.372+0000] {processor.py:186} INFO - Started process (PID=21744) to work on /opt/airflow/dags/sanity_checks.py
[2026-07-17T03:07:55.385+0000] {processor.py:914} INFO - Processing file /opt/airflow/dags/sanity_checks.py for tasks to queue
[2026-07-17T03:07:55.424+0000] {logging_mixin.py:190} INFO - [2026-07-17T03:07:55.421+0000] {dagbag.py:587} INFO - Filling up the DagBag from /opt/airflow/dags/sanity_checks.py
[2026-07-17T03:07:55.561+0000] {processor.py:925} INFO - DAG(s) 'airflow_sanity_check' retrieved from /opt/airflow/dags/sanity_checks.py
[2026-07-17T03:07:55.876+0000] {logging_mixin.py:190} INFO - [2026-07-17T03:07:55.873+0000] {dag.py:3211} INFO - Sync 1 DAGs
[2026-07-17T03:07:56.067+0000] {logging_mixin.py:190} INFO - [2026-07-17T03:07:56.062+0000] {dag.py:4138} INFO - Setting next_dagrun for airflow_sanity_check to None, run_after=None
[2026-07-17T03:07:56.273+0000] {processor.py:208} INFO - Processing /opt/airflow/dags/sanity_checks.py took 0.980 seconds
[2026-07-17T03:08:27.097+0000] {processor.py:186} INFO - Started process (PID=21754) to work on /opt/airflow/dags/sanity_checks.py
[2026-07-17T03:08:27.100+0000] {processor.py:914} INFO - Processing file /opt/airflow/dags/sanity_checks.py for tasks to queue
[2026-07-17T03:08:27.115+0000] {logging_mixin.py:190} INFO - [2026-07-17T03:08:27.113+0000] {dagbag.py:587} INFO - Filling up the DagBag from /opt/airflow/dags/sanity_checks.py
[2026-07-17T03:08:27.151+0000] {processor.py:925} INFO - DAG(s) 'airflow_sanity_check' retrieved from /opt/airflow/dags/sanity_checks.py
[2026-07-17T03:08:27.239+0000] {logging_mixin.py:190} INFO - [2026-07-17T03:08:27.238+0000] {dag.py:3211} INFO - Sync 1 DAGs
[2026-07-17T03:08:27.280+0000] {logging_mixin.py:190} INFO - [2026-07-17T03:08:27.280+0000] {dag.py:4138} INFO - Setting next_dagrun for airflow_sanity_check to None, run_after=None
[2026-07-17T03:08:27.350+0000] {processor.py:208} INFO - Processing /opt/airflow/dags/sanity_checks.py took 0.270 seconds
[2026-07-17T03:08:57.667+0000] {processor.py:186} INFO - Started process (PID=21764) to work on /opt/airflow/dags/sanity_checks.py
[2026-07-17T03:08:57.668+0000] {processor.py:914} INFO - Processing file /opt/airflow/dags/sanity_checks.py for tasks to queue
[2026-07-17T03:08:57.672+0000] {logging_mixin.py:190} INFO - [2026-07-17T03:08:57.671+0000] {dagbag.py:587} INFO - Filling up the DagBag from /opt/airflow/dags/sanity_checks.py
[2026-07-17T03:08:57.687+0000] {processor.py:925} INFO - DAG(s) 'airflow_sanity_check' retrieved from /opt/airflow/dags/sanity_checks.py
[2026-07-17T03:08:57.753+0000] {logging_mixin.py:190} INFO - [2026-07-17T03:08:57.753+0000] {dag.py:3211} INFO - Sync 1 DAGs
[2026-07-17T03:08:57.779+0000] {logging_mixin.py:190} INFO - [2026-07-17T03:08:57.778+0000] {dag.py:4138} INFO - Setting next_dagrun for airflow_sanity_check to None, run_after=None
[2026-07-17T03:08:57.814+0000] {processor.py:208} INFO - Processing /opt/airflow/dags/sanity_checks.py took 0.157 seconds
[2026-07-17T03:09:28.142+0000] {processor.py:186} INFO - Started process (PID=21774) to work on /opt/airflow/dags/sanity_checks.py
[2026-07-17T03:09:28.144+0000] {processor.py:914} INFO - Processing file /opt/airflow/dags/sanity_checks.py for tasks to queue
[2026-07-17T03:09:28.147+0000] {logging_mixin.py:190} INFO - [2026-07-17T03:09:28.147+0000] {dagbag.py:587} INFO - Filling up the DagBag from /opt/airflow/dags/sanity_checks.py
[2026-07-17T03:09:28.163+0000] {processor.py:925} INFO - DAG(s) 'airflow_sanity_check' retrieved from /opt/airflow/dags/sanity_checks.py
[2026-07-17T03:09:28.204+0000] {logging_mixin.py:190} INFO - [2026-07-17T03:09:28.203+0000] {dag.py:3211} INFO - Sync 1 DAGs
[2026-07-17T03:09:28.225+0000] {logging_mixin.py:190} INFO - [2026-07-17T03:09:28.225+0000] {dag.py:4138} INFO - Setting next_dagrun for airflow_sanity_check to None, run_after=None
[2026-07-17T03:09:28.253+0000] {processor.py:208} INFO - Processing /opt/airflow/dags/sanity_checks.py took 0.120 seconds
[2026-07-17T03:09:58.564+0000] {processor.py:186} INFO - Started process (PID=21784) to work on /opt/airflow/dags/sanity_checks.py
[2026-07-17T03:09:58.566+0000] {processor.py:914} INFO - Processing file /opt/airflow/dags/sanity_checks.py for tasks to queue
[2026-07-17T03:09:58.570+0000] {logging_mixin.py:190} INFO - [2026-07-17T03:09:58.570+0000] {dagbag.py:587} INFO - Filling up the DagBag from /opt/airflow/dags/sanity_checks.py
[2026-07-17T03:09:58.588+0000] {processor.py:925} INFO - DAG(s) 'airflow_sanity_check' retrieved from /opt/airflow/dags/sanity_checks.py
[2026-07-17T03:09:58.628+0000] {logging_mixin.py:190} INFO - [2026-07-17T03:09:58.628+0000] {dag.py:3211} INFO - Sync 1 DAGs
[2026-07-17T03:09:58.650+0000] {logging_mixin.py:190} INFO - [2026-07-17T03:09:58.650+0000] {dag.py:4138} INFO - Setting next_dagrun for airflow_sanity_check to None, run_after=None
[2026-07-17T03:09:58.678+0000] {processor.py:208} INFO - Processing /opt/airflow/dags/sanity_checks.py took 0.124 seconds
[2026-07-17T03:10:28.986+0000] {processor.py:186} INFO - Started process (PID=21794) to work on /opt/airflow/dags/sanity_checks.py
[2026-07-17T03:10:28.988+0000] {processor.py:914} INFO - Processing file /opt/airflow/dags/sanity_checks.py for tasks to queue
[2026-07-17T03:10:28.991+0000] {logging_mixin.py:190} INFO - [2026-07-17T03:10:28.991+0000] {dagbag.py:587} INFO - Filling up the DagBag from /opt/airflow/dags/sanity_checks.py
[2026-07-17T03:10:29.008+0000] {processor.py:925} INFO - DAG(s) 'airflow_sanity_check' retrieved from /opt/airflow/dags/sanity_checks.py
[2026-07-17T03:10:29.050+0000] {logging_mixin.py:190} INFO - [2026-07-17T03:10:29.050+0000] {dag.py:3211} INFO - Sync 1 DAGs
[2026-07-17T03:10:29.071+0000] {logging_mixin.py:190} INFO - [2026-07-17T03:10:29.070+0000] {dag.py:4138} INFO - Setting next_dagrun for airflow_sanity_check to None, run_after=None
[2026-07-17T03:10:29.096+0000] {processor.py:208} INFO - Processing /opt/airflow/dags/sanity_checks.py took 0.118 seconds
[2026-07-17T03:10:59.429+0000] {processor.py:186} INFO - Started process (PID=21804) to work on /opt/airflow/dags/sanity_checks.py
[2026-07-17T03:10:59.432+0000] {processor.py:914} INFO - Processing file /opt/airflow/dags/sanity_checks.py for tasks to queue
[2026-07-17T03:10:59.438+0000] {logging_mixin.py:190} INFO - [2026-07-17T03:10:59.437+0000] {dagbag.py:587} INFO - Filling up the DagBag from /opt/airflow/dags/sanity_checks.py
[2026-07-17T03:10:59.467+0000] {processor.py:925} INFO - DAG(s) 'airflow_sanity_check' retrieved from /opt/airflow/dags/sanity_checks.py
[2026-07-17T03:10:59.543+0000] {logging_mixin.py:190} INFO - [2026-07-17T03:10:59.542+0000] {dag.py:3211} INFO - Sync 1 DAGs
[2026-07-17T03:10:59.581+0000] {logging_mixin.py:190} INFO - [2026-07-17T03:10:59.580+0000] {dag.py:4138} INFO - Setting next_dagrun for airflow_sanity_check to None, run_after=None
[2026-07-17T03:10:59.629+0000] {processor.py:208} INFO - Processing /opt/airflow/dags/sanity_checks.py took 0.214 seconds
[2026-07-17T03:11:29.966+0000] {processor.py:186} INFO - Started process (PID=21814) to work on /opt/airflow/dags/sanity_checks.py
[2026-07-17T03:11:29.968+0000] {processor.py:914} INFO - Processing file /opt/airflow/dags/sanity_checks.py for tasks to queue
[2026-07-17T03:11:29.973+0000] {logging_mixin.py:190} INFO - [2026-07-17T03:11:29.972+0000] {dagbag.py:587} INFO - Filling up the DagBag from /opt/airflow/dags/sanity_checks.py
[2026-07-17T03:11:29.991+0000] {processor.py:925} INFO - DAG(s) 'airflow_sanity_check' retrieved from /opt/airflow/dags/sanity_checks.py
[2026-07-17T03:11:30.049+0000] {logging_mixin.py:190} INFO - [2026-07-17T03:11:30.049+0000] {dag.py:3211} INFO - Sync 1 DAGs
[2026-07-17T03:11:30.076+0000] {logging_mixin.py:190} INFO - [2026-07-17T03:11:30.075+0000] {dag.py:4138} INFO - Setting next_dagrun for airflow_sanity_check to None, run_after=None
[2026-07-17T03:11:30.108+0000] {processor.py:208} INFO - Processing /opt/airflow/dags/sanity_checks.py took 0.153 seconds
[2026-07-17T03:12:00.456+0000] {processor.py:186} INFO - Started process (PID=21824) to work on /opt/airflow/dags/sanity_checks.py
[2026-07-17T03:12:00.457+0000] {processor.py:914} INFO - Processing file /opt/airflow/dags/sanity_checks.py for tasks to queue
[2026-07-17T03:12:00.461+0000] {logging_mixin.py:190} INFO - [2026-07-17T03:12:00.461+0000] {dagbag.py:587} INFO - Filling up the DagBag from /opt/airflow/dags/sanity_checks.py
[2026-07-17T03:12:00.478+0000] {processor.py:925} INFO - DAG(s) 'airflow_sanity_check' retrieved from /opt/airflow/dags/sanity_checks.py
[2026-07-17T03:12:00.523+0000] {logging_mixin.py:190} INFO - [2026-07-17T03:12:00.523+0000] {dag.py:3211} INFO - Sync 1 DAGs
[2026-07-17T03:12:00.550+0000] {logging_mixin.py:190} INFO - [2026-07-17T03:12:00.550+0000] {dag.py:4138} INFO - Setting next_dagrun for airflow_sanity_check to None, run_after=None
[2026-07-17T03:12:00.581+0000] {processor.py:208} INFO - Processing /opt/airflow/dags/sanity_checks.py took 0.136 seconds
[2026-07-17T03:12:30.903+0000] {processor.py:186} INFO - Started process (PID=21834) to work on /opt/airflow/dags/sanity_checks.py
[2026-07-17T03:12:30.905+0000] {processor.py:914} INFO - Processing file /opt/airflow/dags/sanity_checks.py for tasks to queue
[2026-07-17T03:12:30.909+0000] {logging_mixin.py:190} INFO - [2026-07-17T03:12:30.908+0000] {dagbag.py:587} INFO - Filling up the DagBag from /opt/airflow/dags/sanity_checks.py
[2026-07-17T03:12:30.925+0000] {processor.py:925} INFO - DAG(s) 'airflow_sanity_check' retrieved from /opt/airflow/dags/sanity_checks.py
[2026-07-17T03:12:30.970+0000] {logging_mixin.py:190} INFO - [2026-07-17T03:12:30.970+0000] {dag.py:3211} INFO - Sync 1 DAGs
[2026-07-17T03:12:30.993+0000] {logging_mixin.py:190} INFO - [2026-07-17T03:12:30.993+0000] {dag.py:4138} INFO - Setting next_dagrun for airflow_sanity_check to None, run_after=None
[2026-07-17T03:12:31.024+0000] {processor.py:208} INFO - Processing /opt/airflow/dags/sanity_checks.py took 0.132 seconds
[2026-07-17T03:13:01.335+0000] {processor.py:186} INFO - Started process (PID=21844) to work on /opt/airflow/dags/sanity_checks.py
[2026-07-17T03:13:01.336+0000] {processor.py:914} INFO - Processing file /opt/airflow/dags/sanity_checks.py for tasks to queue
[2026-07-17T03:13:01.340+0000] {logging_mixin.py:190} INFO - [2026-07-17T03:13:01.340+0000] {dagbag.py:587} INFO - Filling up the DagBag from /opt/airflow/dags/sanity_checks.py
[2026-07-17T03:13:01.357+0000] {processor.py:925} INFO - DAG(s) 'airflow_sanity_check' retrieved from /opt/airflow/dags/sanity_checks.py
[2026-07-17T03:13:01.401+0000] {logging_mixin.py:190} INFO - [2026-07-17T03:13:01.400+0000] {dag.py:3211} INFO - Sync 1 DAGs
[2026-07-17T03:13:01.424+0000] {logging_mixin.py:190} INFO - [2026-07-17T03:13:01.423+0000] {dag.py:4138} INFO - Setting next_dagrun for airflow_sanity_check to None, run_after=None
[2026-07-17T03:13:01.450+0000] {processor.py:208} INFO - Processing /opt/airflow/dags/sanity_checks.py took 0.124 seconds
[2026-07-17T03:13:31.799+0000] {processor.py:186} INFO - Started process (PID=21854) to work on /opt/airflow/dags/sanity_checks.py
[2026-07-17T03:13:31.801+0000] {processor.py:914} INFO - Processing file /opt/airflow/dags/sanity_checks.py for tasks to queue
[2026-07-17T03:13:31.806+0000] {logging_mixin.py:190} INFO - [2026-07-17T03:13:31.805+0000] {dagbag.py:587} INFO - Filling up the DagBag from /opt/airflow/dags/sanity_checks.py
[2026-07-17T03:13:31.828+0000] {processor.py:925} INFO - DAG(s) 'airflow_sanity_check' retrieved from /opt/airflow/dags/sanity_checks.py
[2026-07-17T03:13:31.889+0000] {logging_mixin.py:190} INFO - [2026-07-17T03:13:31.888+0000] {dag.py:3211} INFO - Sync 1 DAGs
[2026-07-17T03:13:31.919+0000] {logging_mixin.py:190} INFO - [2026-07-17T03:13:31.918+0000] {dag.py:4138} INFO - Setting next_dagrun for airflow_sanity_check to None, run_after=None
[2026-07-17T03:13:31.965+0000] {processor.py:208} INFO - Processing /opt/airflow/dags/sanity_checks.py took 0.178 seconds
[2026-07-17T03:14:02.291+0000] {processor.py:186} INFO - Started process (PID=21864) to work on /opt/airflow/dags/sanity_checks.py
[2026-07-17T03:14:02.293+0000] {processor.py:914} INFO - Processing file /opt/airflow/dags/sanity_checks.py for tasks to queue
[2026-07-17T03:14:02.297+0000] {logging_mixin.py:190} INFO - [2026-07-17T03:14:02.297+0000] {dagbag.py:587} INFO - Filling up the DagBag from /opt/airflow/dags/sanity_checks.py
[2026-07-17T03:14:02.315+0000] {processor.py:925} INFO - DAG(s) 'airflow_sanity_check' retrieved from /opt/airflow/dags/sanity_checks.py
[2026-07-17T03:14:02.363+0000] {logging_mixin.py:190} INFO - [2026-07-17T03:14:02.363+0000] {dag.py:3211} INFO - Sync 1 DAGs
[2026-07-17T03:14:02.388+0000] {logging_mixin.py:190} INFO - [2026-07-17T03:14:02.387+0000] {dag.py:4138} INFO - Setting next_dagrun for airflow_sanity_check to None, run_after=None
[2026-07-17T03:14:02.421+0000] {processor.py:208} INFO - Processing /opt/airflow/dags/sanity_checks.py took 0.140 seconds
[2026-07-17T03:14:32.743+0000] {processor.py:186} INFO - Started process (PID=21874) to work on /opt/airflow/dags/sanity_checks.py
[2026-07-17T03:14:32.745+0000] {processor.py:914} INFO - Processing file /opt/airflow/dags/sanity_checks.py for tasks to queue
[2026-07-17T03:14:32.749+0000] {logging_mixin.py:190} INFO - [2026-07-17T03:14:32.749+0000] {dagbag.py:587} INFO - Filling up the DagBag from /opt/airflow/dags/sanity_checks.py
[2026-07-17T03:14:32.766+0000] {processor.py:925} INFO - DAG(s) 'airflow_sanity_check' retrieved from /opt/airflow/dags/sanity_checks.py
[2026-07-17T03:14:32.810+0000] {logging_mixin.py:190} INFO - [2026-07-17T03:14:32.810+0000] {dag.py:3211} INFO - Sync 1 DAGs
[2026-07-17T03:14:32.833+0000] {logging_mixin.py:190} INFO - [2026-07-17T03:14:32.833+0000] {dag.py:4138} INFO - Setting next_dagrun for airflow_sanity_check to None, run_after=None
[2026-07-17T03:14:32.861+0000] {processor.py:208} INFO - Processing /opt/airflow/dags/sanity_checks.py took 0.129 seconds
[2026-07-17T03:15:03.171+0000] {processor.py:186} INFO - Started process (PID=21884) to work on /opt/airflow/dags/sanity_checks.py
[2026-07-17T03:15:03.172+0000] {processor.py:914} INFO - Processing file /opt/airflow/dags/sanity_checks.py for tasks to queue
[2026-07-17T03:15:03.177+0000] {logging_mixin.py:190} INFO - [2026-07-17T03:15:03.176+0000] {dagbag.py:587} INFO - Filling up the DagBag from /opt/airflow/dags/sanity_checks.py
[2026-07-17T03:15:03.193+0000] {processor.py:925} INFO - DAG(s) 'airflow_sanity_check' retrieved from /opt/airflow/dags/sanity_checks.py
[2026-07-17T03:15:03.237+0000] {logging_mixin.py:190} INFO - [2026-07-17T03:15:03.237+0000] {dag.py:3211} INFO - Sync 1 DAGs
[2026-07-17T03:15:03.259+0000] {logging_mixin.py:190} INFO - [2026-07-17T03:15:03.259+0000] {dag.py:4138} INFO - Setting next_dagrun for airflow_sanity_check to None, run_after=None
[2026-07-17T03:15:03.289+0000] {processor.py:208} INFO - Processing /opt/airflow/dags/sanity_checks.py took 0.127 seconds
[2026-07-17T03:15:33.615+0000] {processor.py:186} INFO - Started process (PID=21894) to work on /opt/airflow/dags/sanity_checks.py
[2026-07-17T03:15:33.617+0000] {processor.py:914} INFO - Processing file /opt/airflow/dags/sanity_checks.py for tasks to queue
[2026-07-17T03:15:33.620+0000] {logging_mixin.py:190} INFO - [2026-07-17T03:15:33.620+0000] {dagbag.py:587} INFO - Filling up the DagBag from /opt/airflow/dags/sanity_checks.py
[2026-07-17T03:15:33.636+0000] {processor.py:925} INFO - DAG(s) 'airflow_sanity_check' retrieved from /opt/airflow/dags/sanity_checks.py
[2026-07-17T03:15:33.676+0000] {logging_mixin.py:190} INFO - [2026-07-17T03:15:33.676+0000] {dag.py:3211} INFO - Sync 1 DAGs
[2026-07-17T03:15:33.698+0000] {logging_mixin.py:190} INFO - [2026-07-17T03:15:33.697+0000] {dag.py:4138} INFO - Setting next_dagrun for airflow_sanity_check to None, run_after=None
[2026-07-17T03:15:33.724+0000] {processor.py:208} INFO - Processing /opt/airflow/dags/sanity_checks.py took 0.119 seconds
[2026-07-17T03:16:04.044+0000] {processor.py:186} INFO - Started process (PID=21904) to work on /opt/airflow/dags/sanity_checks.py
[2026-07-17T03:16:04.046+0000] {processor.py:914} INFO - Processing file /opt/airflow/dags/sanity_checks.py for tasks to queue
[2026-07-17T03:16:04.050+0000] {logging_mixin.py:190} INFO - [2026-07-17T03:16:04.049+0000] {dagbag.py:587} INFO - Filling up the DagBag from /opt/airflow/dags/sanity_checks.py
[2026-07-17T03:16:04.067+0000] {processor.py:925} INFO - DAG(s) 'airflow_sanity_check' retrieved from /opt/airflow/dags/sanity_checks.py
[2026-07-17T03:16:04.113+0000] {logging_mixin.py:190} INFO - [2026-07-17T03:16:04.113+0000] {dag.py:3211} INFO - Sync 1 DAGs
[2026-07-17T03:16:04.136+0000] {logging_mixin.py:190} INFO - [2026-07-17T03:16:04.136+0000] {dag.py:4138} INFO - Setting next_dagrun for airflow_sanity_check to None, run_after=None
[2026-07-17T03:16:04.163+0000] {processor.py:208} INFO - Processing /opt/airflow/dags/sanity_checks.py took 0.130 seconds
[2026-07-17T03:16:34.490+0000] {processor.py:186} INFO - Started process (PID=21914) to work on /opt/airflow/dags/sanity_checks.py
[2026-07-17T03:16:34.492+0000] {processor.py:914} INFO - Processing file /opt/airflow/dags/sanity_checks.py for tasks to queue
[2026-07-17T03:16:34.495+0000] {logging_mixin.py:190} INFO - [2026-07-17T03:16:34.495+0000] {dagbag.py:587} INFO - Filling up the DagBag from /opt/airflow/dags/sanity_checks.py
[2026-07-17T03:16:34.512+0000] {processor.py:925} INFO - DAG(s) 'airflow_sanity_check' retrieved from /opt/airflow/dags/sanity_checks.py
[2026-07-17T03:16:34.554+0000] {logging_mixin.py:190} INFO - [2026-07-17T03:16:34.554+0000] {dag.py:3211} INFO - Sync 1 DAGs
[2026-07-17T03:16:34.575+0000] {logging_mixin.py:190} INFO - [2026-07-17T03:16:34.575+0000] {dag.py:4138} INFO - Setting next_dagrun for airflow_sanity_check to None, run_after=None
[2026-07-17T03:16:34.602+0000] {processor.py:208} INFO - Processing /opt/airflow/dags/sanity_checks.py took 0.121 seconds
[2026-07-17T03:17:05.123+0000] {processor.py:186} INFO - Started process (PID=21924) to work on /opt/airflow/dags/sanity_checks.py
[2026-07-17T03:17:05.130+0000] {processor.py:914} INFO - Processing file /opt/airflow/dags/sanity_checks.py for tasks to queue
[2026-07-17T03:17:05.147+0000] {logging_mixin.py:190} INFO - [2026-07-17T03:17:05.144+0000] {dagbag.py:587} INFO - Filling up the DagBag from /opt/airflow/dags/sanity_checks.py
[2026-07-17T03:17:05.224+0000] {processor.py:925} INFO - DAG(s) 'airflow_sanity_check' retrieved from /opt/airflow/dags/sanity_checks.py
[2026-07-17T03:17:05.405+0000] {logging_mixin.py:190} INFO - [2026-07-17T03:17:05.404+0000] {dag.py:3211} INFO - Sync 1 DAGs
[2026-07-17T03:17:05.499+0000] {logging_mixin.py:190} INFO - [2026-07-17T03:17:05.498+0000] {dag.py:4138} INFO - Setting next_dagrun for airflow_sanity_check to None, run_after=None
[2026-07-17T03:17:05.605+0000] {processor.py:208} INFO - Processing /opt/airflow/dags/sanity_checks.py took 0.522 seconds
[2026-07-17T03:17:35.893+0000] {processor.py:186} INFO - Started process (PID=21934) to work on /opt/airflow/dags/sanity_checks.py
[2026-07-17T03:17:35.904+0000] {processor.py:914} INFO - Processing file /opt/airflow/dags/sanity_checks.py for tasks to queue
[2026-07-17T03:17:35.943+0000] {logging_mixin.py:190} INFO - [2026-07-17T03:17:35.939+0000] {dagbag.py:587} INFO - Filling up the DagBag from /opt/airflow/dags/sanity_checks.py
[2026-07-17T03:17:36.047+0000] {processor.py:925} INFO - DAG(s) 'airflow_sanity_check' retrieved from /opt/airflow/dags/sanity_checks.py
[2026-07-17T03:17:36.326+0000] {logging_mixin.py:190} INFO - [2026-07-17T03:17:36.324+0000] {dag.py:3211} INFO - Sync 1 DAGs
[2026-07-17T03:17:36.469+0000] {logging_mixin.py:190} INFO - [2026-07-17T03:17:36.467+0000] {dag.py:4138} INFO - Setting next_dagrun for airflow_sanity_check to None, run_after=None
[2026-07-17T03:17:36.593+0000] {processor.py:208} INFO - Processing /opt/airflow/dags/sanity_checks.py took 0.768 seconds
[2026-07-17T05:18:16.075+0000] {processor.py:186} INFO - Started process (PID=21944) to work on /opt/airflow/dags/sanity_checks.py
[2026-07-17T05:18:16.082+0000] {processor.py:914} INFO - Processing file /opt/airflow/dags/sanity_checks.py for tasks to queue
[2026-07-17T05:18:16.100+0000] {logging_mixin.py:190} INFO - [2026-07-17T05:18:16.098+0000] {dagbag.py:587} INFO - Filling up the DagBag from /opt/airflow/dags/sanity_checks.py
[2026-07-17T05:18:16.186+0000] {processor.py:925} INFO - DAG(s) 'airflow_sanity_check' retrieved from /opt/airflow/dags/sanity_checks.py
[2026-07-17T05:18:16.383+0000] {logging_mixin.py:190} INFO - [2026-07-17T05:18:16.381+0000] {dag.py:3211} INFO - Sync 1 DAGs
[2026-07-17T05:18:16.480+0000] {logging_mixin.py:190} INFO - [2026-07-17T05:18:16.479+0000] {dag.py:4138} INFO - Setting next_dagrun for airflow_sanity_check to None, run_after=None
[2026-07-17T05:18:16.614+0000] {processor.py:208} INFO - Processing /opt/airflow/dags/sanity_checks.py took 0.586 seconds
[2026-07-17T05:18:47.301+0000] {processor.py:186} INFO - Started process (PID=21954) to work on /opt/airflow/dags/sanity_checks.py
[2026-07-17T05:18:47.304+0000] {processor.py:914} INFO - Processing file /opt/airflow/dags/sanity_checks.py for tasks to queue
[2026-07-17T05:18:47.312+0000] {logging_mixin.py:190} INFO - [2026-07-17T05:18:47.310+0000] {dagbag.py:587} INFO - Filling up the DagBag from /opt/airflow/dags/sanity_checks.py
[2026-07-17T05:18:47.353+0000] {processor.py:925} INFO - DAG(s) 'airflow_sanity_check' retrieved from /opt/airflow/dags/sanity_checks.py
[2026-07-17T05:18:47.487+0000] {logging_mixin.py:190} INFO - [2026-07-17T05:18:47.486+0000] {dag.py:3211} INFO - Sync 1 DAGs
[2026-07-17T05:18:47.533+0000] {logging_mixin.py:190} INFO - [2026-07-17T05:18:47.533+0000] {dag.py:4138} INFO - Setting next_dagrun for airflow_sanity_check to None, run_after=None
[2026-07-17T05:18:47.591+0000] {processor.py:208} INFO - Processing /opt/airflow/dags/sanity_checks.py took 0.312 seconds
[2026-07-17T05:19:18.137+0000] {processor.py:186} INFO - Started process (PID=21964) to work on /opt/airflow/dags/sanity_checks.py
[2026-07-17T05:19:18.142+0000] {processor.py:914} INFO - Processing file /opt/airflow/dags/sanity_checks.py for tasks to queue
[2026-07-17T05:19:18.153+0000] {logging_mixin.py:190} INFO - [2026-07-17T05:19:18.152+0000] {dagbag.py:587} INFO - Filling up the DagBag from /opt/airflow/dags/sanity_checks.py
[2026-07-17T05:19:18.194+0000] {processor.py:925} INFO - DAG(s) 'airflow_sanity_check' retrieved from /opt/airflow/dags/sanity_checks.py
[2026-07-17T05:19:18.299+0000] {logging_mixin.py:190} INFO - [2026-07-17T05:19:18.298+0000] {dag.py:3211} INFO - Sync 1 DAGs
[2026-07-17T05:19:18.350+0000] {logging_mixin.py:190} INFO - [2026-07-17T05:19:18.350+0000] {dag.py:4138} INFO - Setting next_dagrun for airflow_sanity_check to None, run_after=None
[2026-07-17T05:19:18.411+0000] {processor.py:208} INFO - Processing /opt/airflow/dags/sanity_checks.py took 0.308 seconds
[2026-07-17T05:19:48.861+0000] {processor.py:186} INFO - Started process (PID=21974) to work on /opt/airflow/dags/sanity_checks.py
[2026-07-17T05:19:48.864+0000] {processor.py:914} INFO - Processing file /opt/airflow/dags/sanity_checks.py for tasks to queue
[2026-07-17T05:19:48.872+0000] {logging_mixin.py:190} INFO - [2026-07-17T05:19:48.871+0000] {dagbag.py:587} INFO - Filling up the DagBag from /opt/airflow/dags/sanity_checks.py
[2026-07-17T05:19:48.902+0000] {processor.py:925} INFO - DAG(s) 'airflow_sanity_check' retrieved from /opt/airflow/dags/sanity_checks.py
[2026-07-17T05:19:48.982+0000] {logging_mixin.py:190} INFO - [2026-07-17T05:19:48.982+0000] {dag.py:3211} INFO - Sync 1 DAGs
[2026-07-17T05:19:49.024+0000] {logging_mixin.py:190} INFO - [2026-07-17T05:19:49.024+0000] {dag.py:4138} INFO - Setting next_dagrun for airflow_sanity_check to None, run_after=None
[2026-07-17T05:19:49.070+0000] {processor.py:208} INFO - Processing /opt/airflow/dags/sanity_checks.py took 0.227 seconds
[2026-07-17T05:20:19.524+0000] {processor.py:186} INFO - Started process (PID=21984) to work on /opt/airflow/dags/sanity_checks.py
[2026-07-17T05:20:19.527+0000] {processor.py:914} INFO - Processing file /opt/airflow/dags/sanity_checks.py for tasks to queue
[2026-07-17T05:20:19.535+0000] {logging_mixin.py:190} INFO - [2026-07-17T05:20:19.534+0000] {dagbag.py:587} INFO - Filling up the DagBag from /opt/airflow/dags/sanity_checks.py
[2026-07-17T05:20:19.562+0000] {processor.py:925} INFO - DAG(s) 'airflow_sanity_check' retrieved from /opt/airflow/dags/sanity_checks.py
[2026-07-17T05:20:19.634+0000] {logging_mixin.py:190} INFO - [2026-07-17T05:20:19.633+0000] {dag.py:3211} INFO - Sync 1 DAGs
[2026-07-17T05:20:19.671+0000] {logging_mixin.py:190} INFO - [2026-07-17T05:20:19.670+0000] {dag.py:4138} INFO - Setting next_dagrun for airflow_sanity_check to None, run_after=None
[2026-07-17T05:20:19.715+0000] {processor.py:208} INFO - Processing /opt/airflow/dags/sanity_checks.py took 0.208 seconds
[2026-07-17T05:20:50.177+0000] {processor.py:186} INFO - Started process (PID=21994) to work on /opt/airflow/dags/sanity_checks.py
[2026-07-17T05:20:50.180+0000] {processor.py:914} INFO - Processing file /opt/airflow/dags/sanity_checks.py for tasks to queue
[2026-07-17T05:20:50.188+0000] {logging_mixin.py:190} INFO - [2026-07-17T05:20:50.187+0000] {dagbag.py:587} INFO - Filling up the DagBag from /opt/airflow/dags/sanity_checks.py
[2026-07-17T05:20:50.220+0000] {processor.py:925} INFO - DAG(s) 'airflow_sanity_check' retrieved from /opt/airflow/dags/sanity_checks.py
[2026-07-17T05:20:50.313+0000] {logging_mixin.py:190} INFO - [2026-07-17T05:20:50.312+0000] {dag.py:3211} INFO - Sync 1 DAGs
[2026-07-17T05:20:50.358+0000] {logging_mixin.py:190} INFO - [2026-07-17T05:20:50.357+0000] {dag.py:4138} INFO - Setting next_dagrun for airflow_sanity_check to None, run_after=None
[2026-07-17T05:20:50.417+0000] {processor.py:208} INFO - Processing /opt/airflow/dags/sanity_checks.py took 0.261 seconds
[2026-07-17T05:21:20.948+0000] {processor.py:186} INFO - Started process (PID=22004) to work on /opt/airflow/dags/sanity_checks.py
[2026-07-17T05:21:20.952+0000] {processor.py:914} INFO - Processing file /opt/airflow/dags/sanity_checks.py for tasks to queue
[2026-07-17T05:21:20.959+0000] {logging_mixin.py:190} INFO - [2026-07-17T05:21:20.958+0000] {dagbag.py:587} INFO - Filling up the DagBag from /opt/airflow/dags/sanity_checks.py
[2026-07-17T05:21:20.994+0000] {processor.py:925} INFO - DAG(s) 'airflow_sanity_check' retrieved from /opt/airflow/dags/sanity_checks.py
[2026-07-17T05:21:21.088+0000] {logging_mixin.py:190} INFO - [2026-07-17T05:21:21.087+0000] {dag.py:3211} INFO - Sync 1 DAGs
[2026-07-17T05:21:21.135+0000] {logging_mixin.py:190} INFO - [2026-07-17T05:21:21.134+0000] {dag.py:4138} INFO - Setting next_dagrun for airflow_sanity_check to None, run_after=None
[2026-07-17T05:21:21.190+0000] {processor.py:208} INFO - Processing /opt/airflow/dags/sanity_checks.py took 0.264 seconds
[2026-07-17T05:21:51.692+0000] {processor.py:186} INFO - Started process (PID=22014) to work on /opt/airflow/dags/sanity_checks.py
[2026-07-17T05:21:51.696+0000] {processor.py:914} INFO - Processing file /opt/airflow/dags/sanity_checks.py for tasks to queue
[2026-07-17T05:21:51.703+0000] {logging_mixin.py:190} INFO - [2026-07-17T05:21:51.702+0000] {dagbag.py:587} INFO - Filling up the DagBag from /opt/airflow/dags/sanity_checks.py
[2026-07-17T05:21:51.736+0000] {processor.py:925} INFO - DAG(s) 'airflow_sanity_check' retrieved from /opt/airflow/dags/sanity_checks.py
[2026-07-17T05:21:51.824+0000] {logging_mixin.py:190} INFO - [2026-07-17T05:21:51.823+0000] {dag.py:3211} INFO - Sync 1 DAGs
[2026-07-17T05:21:51.871+0000] {logging_mixin.py:190} INFO - [2026-07-17T05:21:51.870+0000] {dag.py:4138} INFO - Setting next_dagrun for airflow_sanity_check to None, run_after=None
[2026-07-17T05:21:51.926+0000] {processor.py:208} INFO - Processing /opt/airflow/dags/sanity_checks.py took 0.253 seconds
[2026-07-17T05:22:22.449+0000] {processor.py:186} INFO - Started process (PID=22024) to work on /opt/airflow/dags/sanity_checks.py
[2026-07-17T05:22:22.452+0000] {processor.py:914} INFO - Processing file /opt/airflow/dags/sanity_checks.py for tasks to queue
[2026-07-17T05:22:22.461+0000] {logging_mixin.py:190} INFO - [2026-07-17T05:22:22.459+0000] {dagbag.py:587} INFO - Filling up the DagBag from /opt/airflow/dags/sanity_checks.py
[2026-07-17T05:22:22.498+0000] {processor.py:925} INFO - DAG(s) 'airflow_sanity_check' retrieved from /opt/airflow/dags/sanity_checks.py
[2026-07-17T05:22:22.597+0000] {logging_mixin.py:190} INFO - [2026-07-17T05:22:22.596+0000] {dag.py:3211} INFO - Sync 1 DAGs
[2026-07-17T05:22:22.646+0000] {logging_mixin.py:190} INFO - [2026-07-17T05:22:22.645+0000] {dag.py:4138} INFO - Setting next_dagrun for airflow_sanity_check to None, run_after=None
[2026-07-17T05:22:22.723+0000] {processor.py:208} INFO - Processing /opt/airflow/dags/sanity_checks.py took 0.298 seconds
[2026-07-17T07:23:05.098+0000] {processor.py:186} INFO - Started process (PID=22034) to work on /opt/airflow/dags/sanity_checks.py
[2026-07-17T07:23:05.106+0000] {processor.py:914} INFO - Processing file /opt/airflow/dags/sanity_checks.py for tasks to queue
[2026-07-17T07:23:05.123+0000] {logging_mixin.py:190} INFO - [2026-07-17T07:23:05.120+0000] {dagbag.py:587} INFO - Filling up the DagBag from /opt/airflow/dags/sanity_checks.py
[2026-07-17T07:23:05.216+0000] {processor.py:925} INFO - DAG(s) 'airflow_sanity_check' retrieved from /opt/airflow/dags/sanity_checks.py
[2026-07-17T07:23:05.649+0000] {logging_mixin.py:190} INFO - [2026-07-17T07:23:05.640+0000] {dag.py:3211} INFO - Sync 1 DAGs
[2026-07-17T07:23:05.876+0000] {logging_mixin.py:190} INFO - [2026-07-17T07:23:05.873+0000] {dag.py:4138} INFO - Setting next_dagrun for airflow_sanity_check to None, run_after=None
[2026-07-17T07:23:06.010+0000] {processor.py:208} INFO - Processing /opt/airflow/dags/sanity_checks.py took 0.986 seconds
[2026-07-17T09:23:57.785+0000] {processor.py:186} INFO - Started process (PID=22044) to work on /opt/airflow/dags/sanity_checks.py
[2026-07-17T09:23:57.792+0000] {processor.py:914} INFO - Processing file /opt/airflow/dags/sanity_checks.py for tasks to queue
[2026-07-17T09:23:57.815+0000] {logging_mixin.py:190} INFO - [2026-07-17T09:23:57.812+0000] {dagbag.py:587} INFO - Filling up the DagBag from /opt/airflow/dags/sanity_checks.py
[2026-07-17T09:23:57.921+0000] {processor.py:925} INFO - DAG(s) 'airflow_sanity_check' retrieved from /opt/airflow/dags/sanity_checks.py
[2026-07-17T09:23:58.205+0000] {logging_mixin.py:190} INFO - [2026-07-17T09:23:58.203+0000] {dag.py:3211} INFO - Sync 1 DAGs
[2026-07-17T09:23:58.363+0000] {logging_mixin.py:190} INFO - [2026-07-17T09:23:58.362+0000] {dag.py:4138} INFO - Setting next_dagrun for airflow_sanity_check to None, run_after=None
[2026-07-17T09:23:58.550+0000] {processor.py:208} INFO - Processing /opt/airflow/dags/sanity_checks.py took 0.824 seconds
[2026-07-17T10:57:36.705+0000] {processor.py:186} INFO - Started process (PID=22054) to work on /opt/airflow/dags/sanity_checks.py
[2026-07-17T10:57:36.733+0000] {processor.py:914} INFO - Processing file /opt/airflow/dags/sanity_checks.py for tasks to queue
[2026-07-17T10:57:36.855+0000] {logging_mixin.py:190} INFO - [2026-07-17T10:57:36.852+0000] {dagbag.py:587} INFO - Filling up the DagBag from /opt/airflow/dags/sanity_checks.py
[2026-07-17T10:57:37.003+0000] {processor.py:925} INFO - DAG(s) 'airflow_sanity_check' retrieved from /opt/airflow/dags/sanity_checks.py
[2026-07-17T10:57:37.269+0000] {logging_mixin.py:190} INFO - [2026-07-17T10:57:37.267+0000] {dag.py:3211} INFO - Sync 1 DAGs
[2026-07-17T10:57:37.413+0000] {logging_mixin.py:190} INFO - [2026-07-17T10:57:37.412+0000] {dag.py:4138} INFO - Setting next_dagrun for airflow_sanity_check to None, run_after=None
[2026-07-17T10:57:37.703+0000] {processor.py:208} INFO - Processing /opt/airflow/dags/sanity_checks.py took 1.072 seconds
[2026-07-17T10:58:08.205+0000] {processor.py:186} INFO - Started process (PID=22064) to work on /opt/airflow/dags/sanity_checks.py
[2026-07-17T10:58:08.207+0000] {processor.py:914} INFO - Processing file /opt/airflow/dags/sanity_checks.py for tasks to queue
[2026-07-17T10:58:08.210+0000] {logging_mixin.py:190} INFO - [2026-07-17T10:58:08.209+0000] {dagbag.py:587} INFO - Filling up the DagBag from /opt/airflow/dags/sanity_checks.py
[2026-07-17T10:58:08.225+0000] {processor.py:925} INFO - DAG(s) 'airflow_sanity_check' retrieved from /opt/airflow/dags/sanity_checks.py
[2026-07-17T10:58:08.272+0000] {logging_mixin.py:190} INFO - [2026-07-17T10:58:08.272+0000] {dag.py:3211} INFO - Sync 1 DAGs
[2026-07-17T10:58:08.294+0000] {logging_mixin.py:190} INFO - [2026-07-17T10:58:08.294+0000] {dag.py:4138} INFO - Setting next_dagrun for airflow_sanity_check to None, run_after=None
[2026-07-17T10:58:08.320+0000] {processor.py:208} INFO - Processing /opt/airflow/dags/sanity_checks.py took 0.126 seconds
[2026-07-17T10:58:38.656+0000] {processor.py:186} INFO - Started process (PID=22074) to work on /opt/airflow/dags/sanity_checks.py
[2026-07-17T10:58:38.658+0000] {processor.py:914} INFO - Processing file /opt/airflow/dags/sanity_checks.py for tasks to queue
[2026-07-17T10:58:38.661+0000] {logging_mixin.py:190} INFO - [2026-07-17T10:58:38.661+0000] {dagbag.py:587} INFO - Filling up the DagBag from /opt/airflow/dags/sanity_checks.py
[2026-07-17T10:58:38.676+0000] {processor.py:925} INFO - DAG(s) 'airflow_sanity_check' retrieved from /opt/airflow/dags/sanity_checks.py
[2026-07-17T10:58:38.717+0000] {logging_mixin.py:190} INFO - [2026-07-17T10:58:38.717+0000] {dag.py:3211} INFO - Sync 1 DAGs
[2026-07-17T10:58:38.740+0000] {logging_mixin.py:190} INFO - [2026-07-17T10:58:38.740+0000] {dag.py:4138} INFO - Setting next_dagrun for airflow_sanity_check to None, run_after=None
[2026-07-17T10:58:38.768+0000] {processor.py:208} INFO - Processing /opt/airflow/dags/sanity_checks.py took 0.121 seconds
[2026-07-17T10:59:09.100+0000] {processor.py:186} INFO - Started process (PID=22084) to work on /opt/airflow/dags/sanity_checks.py
[2026-07-17T10:59:09.102+0000] {processor.py:914} INFO - Processing file /opt/airflow/dags/sanity_checks.py for tasks to queue
[2026-07-17T10:59:09.105+0000] {logging_mixin.py:190} INFO - [2026-07-17T10:59:09.105+0000] {dagbag.py:587} INFO - Filling up the DagBag from /opt/airflow/dags/sanity_checks.py
[2026-07-17T10:59:09.121+0000] {processor.py:925} INFO - DAG(s) 'airflow_sanity_check' retrieved from /opt/airflow/dags/sanity_checks.py
[2026-07-17T10:59:09.162+0000] {logging_mixin.py:190} INFO - [2026-07-17T10:59:09.162+0000] {dag.py:3211} INFO - Sync 1 DAGs
[2026-07-17T10:59:09.183+0000] {logging_mixin.py:190} INFO - [2026-07-17T10:59:09.183+0000] {dag.py:4138} INFO - Setting next_dagrun for airflow_sanity_check to None, run_after=None
[2026-07-17T10:59:09.211+0000] {processor.py:208} INFO - Processing /opt/airflow/dags/sanity_checks.py took 0.120 seconds
[2026-07-17T10:59:39.524+0000] {processor.py:186} INFO - Started process (PID=22094) to work on /opt/airflow/dags/sanity_checks.py
[2026-07-17T10:59:39.526+0000] {processor.py:914} INFO - Processing file /opt/airflow/dags/sanity_checks.py for tasks to queue
[2026-07-17T10:59:39.530+0000] {logging_mixin.py:190} INFO - [2026-07-17T10:59:39.529+0000] {dagbag.py:587} INFO - Filling up the DagBag from /opt/airflow/dags/sanity_checks.py
[2026-07-17T10:59:39.548+0000] {processor.py:925} INFO - DAG(s) 'airflow_sanity_check' retrieved from /opt/airflow/dags/sanity_checks.py
[2026-07-17T10:59:39.608+0000] {logging_mixin.py:190} INFO - [2026-07-17T10:59:39.608+0000] {dag.py:3211} INFO - Sync 1 DAGs
[2026-07-17T10:59:39.630+0000] {logging_mixin.py:190} INFO - [2026-07-17T10:59:39.630+0000] {dag.py:4138} INFO - Setting next_dagrun for airflow_sanity_check to None, run_after=None
[2026-07-17T10:59:39.658+0000] {processor.py:208} INFO - Processing /opt/airflow/dags/sanity_checks.py took 0.143 seconds
[2026-07-17T11:00:09.985+0000] {processor.py:186} INFO - Started process (PID=22104) to work on /opt/airflow/dags/sanity_checks.py
[2026-07-17T11:00:09.986+0000] {processor.py:914} INFO - Processing file /opt/airflow/dags/sanity_checks.py for tasks to queue
[2026-07-17T11:00:09.990+0000] {logging_mixin.py:190} INFO - [2026-07-17T11:00:09.989+0000] {dagbag.py:587} INFO - Filling up the DagBag from /opt/airflow/dags/sanity_checks.py
[2026-07-17T11:00:10.005+0000] {processor.py:925} INFO - DAG(s) 'airflow_sanity_check' retrieved from /opt/airflow/dags/sanity_checks.py
[2026-07-17T11:00:10.047+0000] {logging_mixin.py:190} INFO - [2026-07-17T11:00:10.046+0000] {dag.py:3211} INFO - Sync 1 DAGs
[2026-07-17T11:00:10.068+0000] {logging_mixin.py:190} INFO - [2026-07-17T11:00:10.068+0000] {dag.py:4138} INFO - Setting next_dagrun for airflow_sanity_check to None, run_after=None
[2026-07-17T11:00:10.095+0000] {processor.py:208} INFO - Processing /opt/airflow/dags/sanity_checks.py took 0.119 seconds
[2026-07-17T11:00:40.431+0000] {processor.py:186} INFO - Started process (PID=22114) to work on /opt/airflow/dags/sanity_checks.py
[2026-07-17T11:00:40.433+0000] {processor.py:914} INFO - Processing file /opt/airflow/dags/sanity_checks.py for tasks to queue
[2026-07-17T11:00:40.437+0000] {logging_mixin.py:190} INFO - [2026-07-17T11:00:40.436+0000] {dagbag.py:587} INFO - Filling up the DagBag from /opt/airflow/dags/sanity_checks.py
[2026-07-17T11:00:40.453+0000] {processor.py:925} INFO - DAG(s) 'airflow_sanity_check' retrieved from /opt/airflow/dags/sanity_checks.py
[2026-07-17T11:00:40.496+0000] {logging_mixin.py:190} INFO - [2026-07-17T11:00:40.495+0000] {dag.py:3211} INFO - Sync 1 DAGs
[2026-07-17T11:00:40.518+0000] {logging_mixin.py:190} INFO - [2026-07-17T11:00:40.517+0000] {dag.py:4138} INFO - Setting next_dagrun for airflow_sanity_check to None, run_after=None
[2026-07-17T11:00:40.548+0000] {processor.py:208} INFO - Processing /opt/airflow/dags/sanity_checks.py took 0.126 seconds
[2026-07-17T11:01:10.887+0000] {processor.py:186} INFO - Started process (PID=22124) to work on /opt/airflow/dags/sanity_checks.py
[2026-07-17T11:01:10.889+0000] {processor.py:914} INFO - Processing file /opt/airflow/dags/sanity_checks.py for tasks to queue
[2026-07-17T11:01:10.893+0000] {logging_mixin.py:190} INFO - [2026-07-17T11:01:10.892+0000] {dagbag.py:587} INFO - Filling up the DagBag from /opt/airflow/dags/sanity_checks.py
[2026-07-17T11:01:10.908+0000] {processor.py:925} INFO - DAG(s) 'airflow_sanity_check' retrieved from /opt/airflow/dags/sanity_checks.py
[2026-07-17T11:01:10.951+0000] {logging_mixin.py:190} INFO - [2026-07-17T11:01:10.950+0000] {dag.py:3211} INFO - Sync 1 DAGs
[2026-07-17T11:01:10.973+0000] {logging_mixin.py:190} INFO - [2026-07-17T11:01:10.973+0000] {dag.py:4138} INFO - Setting next_dagrun for airflow_sanity_check to None, run_after=None
[2026-07-17T11:01:11.001+0000] {processor.py:208} INFO - Processing /opt/airflow/dags/sanity_checks.py took 0.122 seconds
[2026-07-17T11:01:41.335+0000] {processor.py:186} INFO - Started process (PID=22134) to work on /opt/airflow/dags/sanity_checks.py
[2026-07-17T11:01:41.338+0000] {processor.py:914} INFO - Processing file /opt/airflow/dags/sanity_checks.py for tasks to queue
[2026-07-17T11:01:41.341+0000] {logging_mixin.py:190} INFO - [2026-07-17T11:01:41.341+0000] {dagbag.py:587} INFO - Filling up the DagBag from /opt/airflow/dags/sanity_checks.py
[2026-07-17T11:01:41.357+0000] {processor.py:925} INFO - DAG(s) 'airflow_sanity_check' retrieved from /opt/airflow/dags/sanity_checks.py
[2026-07-17T11:01:41.399+0000] {logging_mixin.py:190} INFO - [2026-07-17T11:01:41.399+0000] {dag.py:3211} INFO - Sync 1 DAGs
[2026-07-17T11:01:41.421+0000] {logging_mixin.py:190} INFO - [2026-07-17T11:01:41.421+0000] {dag.py:4138} INFO - Setting next_dagrun for airflow_sanity_check to None, run_after=None
[2026-07-17T11:01:41.448+0000] {processor.py:208} INFO - Processing /opt/airflow/dags/sanity_checks.py took 0.121 seconds
[2026-07-17T11:02:11.789+0000] {processor.py:186} INFO - Started process (PID=22144) to work on /opt/airflow/dags/sanity_checks.py
[2026-07-17T11:02:11.791+0000] {processor.py:914} INFO - Processing file /opt/airflow/dags/sanity_checks.py for tasks to queue
[2026-07-17T11:02:11.794+0000] {logging_mixin.py:190} INFO - [2026-07-17T11:02:11.794+0000] {dagbag.py:587} INFO - Filling up the DagBag from /opt/airflow/dags/sanity_checks.py
[2026-07-17T11:02:11.810+0000] {processor.py:925} INFO - DAG(s) 'airflow_sanity_check' retrieved from /opt/airflow/dags/sanity_checks.py
[2026-07-17T11:02:11.855+0000] {logging_mixin.py:190} INFO - [2026-07-17T11:02:11.855+0000] {dag.py:3211} INFO - Sync 1 DAGs
[2026-07-17T11:02:11.880+0000] {logging_mixin.py:190} INFO - [2026-07-17T11:02:11.879+0000] {dag.py:4138} INFO - Setting next_dagrun for airflow_sanity_check to None, run_after=None
[2026-07-17T11:02:11.914+0000] {processor.py:208} INFO - Processing /opt/airflow/dags/sanity_checks.py took 0.134 seconds
[2026-07-17T11:02:42.266+0000] {processor.py:186} INFO - Started process (PID=22154) to work on /opt/airflow/dags/sanity_checks.py
[2026-07-17T11:02:42.268+0000] {processor.py:914} INFO - Processing file /opt/airflow/dags/sanity_checks.py for tasks to queue
[2026-07-17T11:02:42.272+0000] {logging_mixin.py:190} INFO - [2026-07-17T11:02:42.271+0000] {dagbag.py:587} INFO - Filling up the DagBag from /opt/airflow/dags/sanity_checks.py
[2026-07-17T11:02:42.289+0000] {processor.py:925} INFO - DAG(s) 'airflow_sanity_check' retrieved from /opt/airflow/dags/sanity_checks.py
[2026-07-17T11:02:42.352+0000] {logging_mixin.py:190} INFO - [2026-07-17T11:02:42.352+0000] {dag.py:3211} INFO - Sync 1 DAGs
[2026-07-17T11:02:42.373+0000] {logging_mixin.py:190} INFO - [2026-07-17T11:02:42.372+0000] {dag.py:4138} INFO - Setting next_dagrun for airflow_sanity_check to None, run_after=None
[2026-07-17T11:02:42.400+0000] {processor.py:208} INFO - Processing /opt/airflow/dags/sanity_checks.py took 0.145 seconds
[2026-07-17T11:03:12.742+0000] {processor.py:186} INFO - Started process (PID=22164) to work on /opt/airflow/dags/sanity_checks.py
[2026-07-17T11:03:12.743+0000] {processor.py:914} INFO - Processing file /opt/airflow/dags/sanity_checks.py for tasks to queue
[2026-07-17T11:03:12.747+0000] {logging_mixin.py:190} INFO - [2026-07-17T11:03:12.746+0000] {dagbag.py:587} INFO - Filling up the DagBag from /opt/airflow/dags/sanity_checks.py
[2026-07-17T11:03:12.762+0000] {processor.py:925} INFO - DAG(s) 'airflow_sanity_check' retrieved from /opt/airflow/dags/sanity_checks.py
[2026-07-17T11:03:12.806+0000] {logging_mixin.py:190} INFO - [2026-07-17T11:03:12.806+0000] {dag.py:3211} INFO - Sync 1 DAGs
[2026-07-17T11:03:12.827+0000] {logging_mixin.py:190} INFO - [2026-07-17T11:03:12.827+0000] {dag.py:4138} INFO - Setting next_dagrun for airflow_sanity_check to None, run_after=None
[2026-07-17T11:03:12.855+0000] {processor.py:208} INFO - Processing /opt/airflow/dags/sanity_checks.py took 0.122 seconds
[2026-07-17T11:03:43.192+0000] {processor.py:186} INFO - Started process (PID=22174) to work on /opt/airflow/dags/sanity_checks.py
[2026-07-17T11:03:43.194+0000] {processor.py:914} INFO - Processing file /opt/airflow/dags/sanity_checks.py for tasks to queue
[2026-07-17T11:03:43.199+0000] {logging_mixin.py:190} INFO - [2026-07-17T11:03:43.198+0000] {dagbag.py:587} INFO - Filling up the DagBag from /opt/airflow/dags/sanity_checks.py
[2026-07-17T11:03:43.217+0000] {processor.py:925} INFO - DAG(s) 'airflow_sanity_check' retrieved from /opt/airflow/dags/sanity_checks.py
[2026-07-17T11:03:43.267+0000] {logging_mixin.py:190} INFO - [2026-07-17T11:03:43.267+0000] {dag.py:3211} INFO - Sync 1 DAGs
[2026-07-17T11:03:43.294+0000] {logging_mixin.py:190} INFO - [2026-07-17T11:03:43.293+0000] {dag.py:4138} INFO - Setting next_dagrun for airflow_sanity_check to None, run_after=None
[2026-07-17T11:03:43.328+0000] {processor.py:208} INFO - Processing /opt/airflow/dags/sanity_checks.py took 0.146 seconds
[2026-07-17T11:04:13.661+0000] {processor.py:186} INFO - Started process (PID=22184) to work on /opt/airflow/dags/sanity_checks.py
[2026-07-17T11:04:13.663+0000] {processor.py:914} INFO - Processing file /opt/airflow/dags/sanity_checks.py for tasks to queue
[2026-07-17T11:04:13.667+0000] {logging_mixin.py:190} INFO - [2026-07-17T11:04:13.666+0000] {dagbag.py:587} INFO - Filling up the DagBag from /opt/airflow/dags/sanity_checks.py
[2026-07-17T11:04:13.682+0000] {processor.py:925} INFO - DAG(s) 'airflow_sanity_check' retrieved from /opt/airflow/dags/sanity_checks.py
[2026-07-17T11:04:13.723+0000] {logging_mixin.py:190} INFO - [2026-07-17T11:04:13.723+0000] {dag.py:3211} INFO - Sync 1 DAGs
[2026-07-17T11:04:13.746+0000] {logging_mixin.py:190} INFO - [2026-07-17T11:04:13.745+0000] {dag.py:4138} INFO - Setting next_dagrun for airflow_sanity_check to None, run_after=None
[2026-07-17T11:04:13.773+0000] {processor.py:208} INFO - Processing /opt/airflow/dags/sanity_checks.py took 0.121 seconds
[2026-07-17T11:04:44.115+0000] {processor.py:186} INFO - Started process (PID=22194) to work on /opt/airflow/dags/sanity_checks.py
[2026-07-17T11:04:44.116+0000] {processor.py:914} INFO - Processing file /opt/airflow/dags/sanity_checks.py for tasks to queue
[2026-07-17T11:04:44.120+0000] {logging_mixin.py:190} INFO - [2026-07-17T11:04:44.119+0000] {dagbag.py:587} INFO - Filling up the DagBag from /opt/airflow/dags/sanity_checks.py
[2026-07-17T11:04:44.136+0000] {processor.py:925} INFO - DAG(s) 'airflow_sanity_check' retrieved from /opt/airflow/dags/sanity_checks.py
[2026-07-17T11:04:44.176+0000] {logging_mixin.py:190} INFO - [2026-07-17T11:04:44.176+0000] {dag.py:3211} INFO - Sync 1 DAGs
[2026-07-17T11:04:44.198+0000] {logging_mixin.py:190} INFO - [2026-07-17T11:04:44.198+0000] {dag.py:4138} INFO - Setting next_dagrun for airflow_sanity_check to None, run_after=None
[2026-07-17T11:04:44.225+0000] {processor.py:208} INFO - Processing /opt/airflow/dags/sanity_checks.py took 0.120 seconds
[2026-07-17T11:05:14.557+0000] {processor.py:186} INFO - Started process (PID=22204) to work on /opt/airflow/dags/sanity_checks.py
[2026-07-17T11:05:14.559+0000] {processor.py:914} INFO - Processing file /opt/airflow/dags/sanity_checks.py for tasks to queue
[2026-07-17T11:05:14.562+0000] {logging_mixin.py:190} INFO - [2026-07-17T11:05:14.562+0000] {dagbag.py:587} INFO - Filling up the DagBag from /opt/airflow/dags/sanity_checks.py
[2026-07-17T11:05:14.577+0000] {processor.py:925} INFO - DAG(s) 'airflow_sanity_check' retrieved from /opt/airflow/dags/sanity_checks.py
[2026-07-17T11:05:14.618+0000] {logging_mixin.py:190} INFO - [2026-07-17T11:05:14.618+0000] {dag.py:3211} INFO - Sync 1 DAGs
[2026-07-17T11:05:14.640+0000] {logging_mixin.py:190} INFO - [2026-07-17T11:05:14.640+0000] {dag.py:4138} INFO - Setting next_dagrun for airflow_sanity_check to None, run_after=None
[2026-07-17T11:05:14.668+0000] {processor.py:208} INFO - Processing /opt/airflow/dags/sanity_checks.py took 0.120 seconds
[2026-07-17T11:05:44.982+0000] {processor.py:186} INFO - Started process (PID=22214) to work on /opt/airflow/dags/sanity_checks.py
[2026-07-17T11:05:44.984+0000] {processor.py:914} INFO - Processing file /opt/airflow/dags/sanity_checks.py for tasks to queue
[2026-07-17T11:05:44.987+0000] {logging_mixin.py:190} INFO - [2026-07-17T11:05:44.987+0000] {dagbag.py:587} INFO - Filling up the DagBag from /opt/airflow/dags/sanity_checks.py
[2026-07-17T11:05:45.003+0000] {processor.py:925} INFO - DAG(s) 'airflow_sanity_check' retrieved from /opt/airflow/dags/sanity_checks.py
[2026-07-17T11:05:45.045+0000] {logging_mixin.py:190} INFO - [2026-07-17T11:05:45.045+0000] {dag.py:3211} INFO - Sync 1 DAGs
[2026-07-17T11:05:45.067+0000] {logging_mixin.py:190} INFO - [2026-07-17T11:05:45.067+0000] {dag.py:4138} INFO - Setting next_dagrun for airflow_sanity_check to None, run_after=None
[2026-07-17T11:05:45.093+0000] {processor.py:208} INFO - Processing /opt/airflow/dags/sanity_checks.py took 0.120 seconds
[2026-07-17T11:06:15.411+0000] {processor.py:186} INFO - Started process (PID=22224) to work on /opt/airflow/dags/sanity_checks.py
[2026-07-17T11:06:15.412+0000] {processor.py:914} INFO - Processing file /opt/airflow/dags/sanity_checks.py for tasks to queue
[2026-07-17T11:06:15.416+0000] {logging_mixin.py:190} INFO - [2026-07-17T11:06:15.415+0000] {dagbag.py:587} INFO - Filling up the DagBag from /opt/airflow/dags/sanity_checks.py
[2026-07-17T11:06:15.431+0000] {processor.py:925} INFO - DAG(s) 'airflow_sanity_check' retrieved from /opt/airflow/dags/sanity_checks.py
[2026-07-17T11:06:15.473+0000] {logging_mixin.py:190} INFO - [2026-07-17T11:06:15.472+0000] {dag.py:3211} INFO - Sync 1 DAGs
[2026-07-17T11:06:15.494+0000] {logging_mixin.py:190} INFO - [2026-07-17T11:06:15.494+0000] {dag.py:4138} INFO - Setting next_dagrun for airflow_sanity_check to None, run_after=None
[2026-07-17T11:06:15.523+0000] {processor.py:208} INFO - Processing /opt/airflow/dags/sanity_checks.py took 0.121 seconds
[2026-07-17T11:06:45.860+0000] {processor.py:186} INFO - Started process (PID=22234) to work on /opt/airflow/dags/sanity_checks.py
[2026-07-17T11:06:45.862+0000] {processor.py:914} INFO - Processing file /opt/airflow/dags/sanity_checks.py for tasks to queue
[2026-07-17T11:06:45.865+0000] {logging_mixin.py:190} INFO - [2026-07-17T11:06:45.865+0000] {dagbag.py:587} INFO - Filling up the DagBag from /opt/airflow/dags/sanity_checks.py
[2026-07-17T11:06:45.881+0000] {processor.py:925} INFO - DAG(s) 'airflow_sanity_check' retrieved from /opt/airflow/dags/sanity_checks.py
[2026-07-17T11:06:45.925+0000] {logging_mixin.py:190} INFO - [2026-07-17T11:06:45.924+0000] {dag.py:3211} INFO - Sync 1 DAGs
[2026-07-17T11:06:45.947+0000] {logging_mixin.py:190} INFO - [2026-07-17T11:06:45.947+0000] {dag.py:4138} INFO - Setting next_dagrun for airflow_sanity_check to None, run_after=None
[2026-07-17T11:06:45.974+0000] {processor.py:208} INFO - Processing /opt/airflow/dags/sanity_checks.py took 0.123 seconds
[2026-07-17T11:07:16.312+0000] {processor.py:186} INFO - Started process (PID=22244) to work on /opt/airflow/dags/sanity_checks.py
[2026-07-17T11:07:16.314+0000] {processor.py:914} INFO - Processing file /opt/airflow/dags/sanity_checks.py for tasks to queue
[2026-07-17T11:07:16.318+0000] {logging_mixin.py:190} INFO - [2026-07-17T11:07:16.317+0000] {dagbag.py:587} INFO - Filling up the DagBag from /opt/airflow/dags/sanity_checks.py
[2026-07-17T11:07:16.333+0000] {processor.py:925} INFO - DAG(s) 'airflow_sanity_check' retrieved from /opt/airflow/dags/sanity_checks.py
[2026-07-17T11:07:16.374+0000] {logging_mixin.py:190} INFO - [2026-07-17T11:07:16.374+0000] {dag.py:3211} INFO - Sync 1 DAGs
[2026-07-17T11:07:16.396+0000] {logging_mixin.py:190} INFO - [2026-07-17T11:07:16.396+0000] {dag.py:4138} INFO - Setting next_dagrun for airflow_sanity_check to None, run_after=None
[2026-07-17T11:07:16.424+0000] {processor.py:208} INFO - Processing /opt/airflow/dags/sanity_checks.py took 0.121 seconds
[2026-07-17T11:07:46.786+0000] {processor.py:186} INFO - Started process (PID=22254) to work on /opt/airflow/dags/sanity_checks.py
[2026-07-17T11:07:46.787+0000] {processor.py:914} INFO - Processing file /opt/airflow/dags/sanity_checks.py for tasks to queue
[2026-07-17T11:07:46.791+0000] {logging_mixin.py:190} INFO - [2026-07-17T11:07:46.790+0000] {dagbag.py:587} INFO - Filling up the DagBag from /opt/airflow/dags/sanity_checks.py
[2026-07-17T11:07:46.807+0000] {processor.py:925} INFO - DAG(s) 'airflow_sanity_check' retrieved from /opt/airflow/dags/sanity_checks.py
[2026-07-17T11:07:46.848+0000] {logging_mixin.py:190} INFO - [2026-07-17T11:07:46.848+0000] {dag.py:3211} INFO - Sync 1 DAGs
[2026-07-17T11:07:46.870+0000] {logging_mixin.py:190} INFO - [2026-07-17T11:07:46.870+0000] {dag.py:4138} INFO - Setting next_dagrun for airflow_sanity_check to None, run_after=None
[2026-07-17T11:07:46.899+0000] {processor.py:208} INFO - Processing /opt/airflow/dags/sanity_checks.py took 0.123 seconds
[2026-07-17T11:08:17.234+0000] {processor.py:186} INFO - Started process (PID=22264) to work on /opt/airflow/dags/sanity_checks.py
[2026-07-17T11:08:17.235+0000] {processor.py:914} INFO - Processing file /opt/airflow/dags/sanity_checks.py for tasks to queue
[2026-07-17T11:08:17.239+0000] {logging_mixin.py:190} INFO - [2026-07-17T11:08:17.238+0000] {dagbag.py:587} INFO - Filling up the DagBag from /opt/airflow/dags/sanity_checks.py
[2026-07-17T11:08:17.255+0000] {processor.py:925} INFO - DAG(s) 'airflow_sanity_check' retrieved from /opt/airflow/dags/sanity_checks.py
[2026-07-17T11:08:17.297+0000] {logging_mixin.py:190} INFO - [2026-07-17T11:08:17.297+0000] {dag.py:3211} INFO - Sync 1 DAGs
[2026-07-17T11:08:17.319+0000] {logging_mixin.py:190} INFO - [2026-07-17T11:08:17.319+0000] {dag.py:4138} INFO - Setting next_dagrun for airflow_sanity_check to None, run_after=None
[2026-07-17T11:08:17.346+0000] {processor.py:208} INFO - Processing /opt/airflow/dags/sanity_checks.py took 0.121 seconds
[2026-07-17T11:08:47.702+0000] {processor.py:186} INFO - Started process (PID=22274) to work on /opt/airflow/dags/sanity_checks.py
[2026-07-17T11:08:47.704+0000] {processor.py:914} INFO - Processing file /opt/airflow/dags/sanity_checks.py for tasks to queue
[2026-07-17T11:08:47.707+0000] {logging_mixin.py:190} INFO - [2026-07-17T11:08:47.707+0000] {dagbag.py:587} INFO - Filling up the DagBag from /opt/airflow/dags/sanity_checks.py
[2026-07-17T11:08:47.723+0000] {processor.py:925} INFO - DAG(s) 'airflow_sanity_check' retrieved from /opt/airflow/dags/sanity_checks.py
[2026-07-17T11:08:47.766+0000] {logging_mixin.py:190} INFO - [2026-07-17T11:08:47.765+0000] {dag.py:3211} INFO - Sync 1 DAGs
[2026-07-17T11:08:47.787+0000] {logging_mixin.py:190} INFO - [2026-07-17T11:08:47.787+0000] {dag.py:4138} INFO - Setting next_dagrun for airflow_sanity_check to None, run_after=None
[2026-07-17T11:08:47.814+0000] {processor.py:208} INFO - Processing /opt/airflow/dags/sanity_checks.py took 0.121 seconds
[2026-07-17T11:09:18.152+0000] {processor.py:186} INFO - Started process (PID=22284) to work on /opt/airflow/dags/sanity_checks.py
[2026-07-17T11:09:18.154+0000] {processor.py:914} INFO - Processing file /opt/airflow/dags/sanity_checks.py for tasks to queue
[2026-07-17T11:09:18.157+0000] {logging_mixin.py:190} INFO - [2026-07-17T11:09:18.157+0000] {dagbag.py:587} INFO - Filling up the DagBag from /opt/airflow/dags/sanity_checks.py
[2026-07-17T11:09:18.176+0000] {processor.py:925} INFO - DAG(s) 'airflow_sanity_check' retrieved from /opt/airflow/dags/sanity_checks.py
[2026-07-17T11:09:18.218+0000] {logging_mixin.py:190} INFO - [2026-07-17T11:09:18.217+0000] {dag.py:3211} INFO - Sync 1 DAGs
[2026-07-17T11:09:18.241+0000] {logging_mixin.py:190} INFO - [2026-07-17T11:09:18.240+0000] {dag.py:4138} INFO - Setting next_dagrun for airflow_sanity_check to None, run_after=None
[2026-07-17T11:09:18.268+0000] {processor.py:208} INFO - Processing /opt/airflow/dags/sanity_checks.py took 0.125 seconds
[2026-07-17T11:09:48.585+0000] {processor.py:186} INFO - Started process (PID=22294) to work on /opt/airflow/dags/sanity_checks.py
[2026-07-17T11:09:48.587+0000] {processor.py:914} INFO - Processing file /opt/airflow/dags/sanity_checks.py for tasks to queue
[2026-07-17T11:09:48.591+0000] {logging_mixin.py:190} INFO - [2026-07-17T11:09:48.591+0000] {dagbag.py:587} INFO - Filling up the DagBag from /opt/airflow/dags/sanity_checks.py
[2026-07-17T11:09:48.606+0000] {processor.py:925} INFO - DAG(s) 'airflow_sanity_check' retrieved from /opt/airflow/dags/sanity_checks.py
[2026-07-17T11:09:48.647+0000] {logging_mixin.py:190} INFO - [2026-07-17T11:09:48.647+0000] {dag.py:3211} INFO - Sync 1 DAGs
[2026-07-17T11:09:48.669+0000] {logging_mixin.py:190} INFO - [2026-07-17T11:09:48.669+0000] {dag.py:4138} INFO - Setting next_dagrun for airflow_sanity_check to None, run_after=None
[2026-07-17T11:09:48.696+0000] {processor.py:208} INFO - Processing /opt/airflow/dags/sanity_checks.py took 0.120 seconds
[2026-07-17T11:10:19.031+0000] {processor.py:186} INFO - Started process (PID=22304) to work on /opt/airflow/dags/sanity_checks.py
[2026-07-17T11:10:19.032+0000] {processor.py:914} INFO - Processing file /opt/airflow/dags/sanity_checks.py for tasks to queue
[2026-07-17T11:10:19.037+0000] {logging_mixin.py:190} INFO - [2026-07-17T11:10:19.036+0000] {dagbag.py:587} INFO - Filling up the DagBag from /opt/airflow/dags/sanity_checks.py
[2026-07-17T11:10:19.052+0000] {processor.py:925} INFO - DAG(s) 'airflow_sanity_check' retrieved from /opt/airflow/dags/sanity_checks.py
[2026-07-17T11:10:19.093+0000] {logging_mixin.py:190} INFO - [2026-07-17T11:10:19.093+0000] {dag.py:3211} INFO - Sync 1 DAGs
[2026-07-17T11:10:19.115+0000] {logging_mixin.py:190} INFO - [2026-07-17T11:10:19.114+0000] {dag.py:4138} INFO - Setting next_dagrun for airflow_sanity_check to None, run_after=None
[2026-07-17T11:10:19.144+0000] {processor.py:208} INFO - Processing /opt/airflow/dags/sanity_checks.py took 0.122 seconds
[2026-07-17T11:10:49.465+0000] {processor.py:186} INFO - Started process (PID=22314) to work on /opt/airflow/dags/sanity_checks.py
[2026-07-17T11:10:49.466+0000] {processor.py:914} INFO - Processing file /opt/airflow/dags/sanity_checks.py for tasks to queue
[2026-07-17T11:10:49.470+0000] {logging_mixin.py:190} INFO - [2026-07-17T11:10:49.469+0000] {dagbag.py:587} INFO - Filling up the DagBag from /opt/airflow/dags/sanity_checks.py
[2026-07-17T11:10:49.485+0000] {processor.py:925} INFO - DAG(s) 'airflow_sanity_check' retrieved from /opt/airflow/dags/sanity_checks.py
[2026-07-17T11:10:49.526+0000] {logging_mixin.py:190} INFO - [2026-07-17T11:10:49.526+0000] {dag.py:3211} INFO - Sync 1 DAGs
[2026-07-17T11:10:49.548+0000] {logging_mixin.py:190} INFO - [2026-07-17T11:10:49.548+0000] {dag.py:4138} INFO - Setting next_dagrun for airflow_sanity_check to None, run_after=None
[2026-07-17T11:10:49.575+0000] {processor.py:208} INFO - Processing /opt/airflow/dags/sanity_checks.py took 0.120 seconds
[2026-07-17T11:11:19.901+0000] {processor.py:186} INFO - Started process (PID=22324) to work on /opt/airflow/dags/sanity_checks.py
[2026-07-17T11:11:19.903+0000] {processor.py:914} INFO - Processing file /opt/airflow/dags/sanity_checks.py for tasks to queue
[2026-07-17T11:11:19.912+0000] {logging_mixin.py:190} INFO - [2026-07-17T11:11:19.911+0000] {dagbag.py:587} INFO - Filling up the DagBag from /opt/airflow/dags/sanity_checks.py
[2026-07-17T11:11:19.934+0000] {processor.py:925} INFO - DAG(s) 'airflow_sanity_check' retrieved from /opt/airflow/dags/sanity_checks.py
[2026-07-17T11:11:19.976+0000] {logging_mixin.py:190} INFO - [2026-07-17T11:11:19.975+0000] {dag.py:3211} INFO - Sync 1 DAGs
[2026-07-17T11:11:19.997+0000] {logging_mixin.py:190} INFO - [2026-07-17T11:11:19.997+0000] {dag.py:4138} INFO - Setting next_dagrun for airflow_sanity_check to None, run_after=None
[2026-07-17T11:11:20.025+0000] {processor.py:208} INFO - Processing /opt/airflow/dags/sanity_checks.py took 0.136 seconds
[2026-07-17T11:11:50.370+0000] {processor.py:186} INFO - Started process (PID=22334) to work on /opt/airflow/dags/sanity_checks.py
[2026-07-17T11:11:50.372+0000] {processor.py:914} INFO - Processing file /opt/airflow/dags/sanity_checks.py for tasks to queue
[2026-07-17T11:11:50.375+0000] {logging_mixin.py:190} INFO - [2026-07-17T11:11:50.375+0000] {dagbag.py:587} INFO - Filling up the DagBag from /opt/airflow/dags/sanity_checks.py
[2026-07-17T11:11:50.390+0000] {processor.py:925} INFO - DAG(s) 'airflow_sanity_check' retrieved from /opt/airflow/dags/sanity_checks.py
[2026-07-17T11:11:50.432+0000] {logging_mixin.py:190} INFO - [2026-07-17T11:11:50.432+0000] {dag.py:3211} INFO - Sync 1 DAGs
[2026-07-17T11:11:50.454+0000] {logging_mixin.py:190} INFO - [2026-07-17T11:11:50.453+0000] {dag.py:4138} INFO - Setting next_dagrun for airflow_sanity_check to None, run_after=None
[2026-07-17T11:11:50.483+0000] {processor.py:208} INFO - Processing /opt/airflow/dags/sanity_checks.py took 0.121 seconds
[2026-07-17T11:12:20.815+0000] {processor.py:186} INFO - Started process (PID=22344) to work on /opt/airflow/dags/sanity_checks.py
[2026-07-17T11:12:20.816+0000] {processor.py:914} INFO - Processing file /opt/airflow/dags/sanity_checks.py for tasks to queue
[2026-07-17T11:12:20.820+0000] {logging_mixin.py:190} INFO - [2026-07-17T11:12:20.819+0000] {dagbag.py:587} INFO - Filling up the DagBag from /opt/airflow/dags/sanity_checks.py
[2026-07-17T11:12:20.835+0000] {processor.py:925} INFO - DAG(s) 'airflow_sanity_check' retrieved from /opt/airflow/dags/sanity_checks.py
[2026-07-17T11:12:20.877+0000] {logging_mixin.py:190} INFO - [2026-07-17T11:12:20.877+0000] {dag.py:3211} INFO - Sync 1 DAGs
[2026-07-17T11:12:20.900+0000] {logging_mixin.py:190} INFO - [2026-07-17T11:12:20.900+0000] {dag.py:4138} INFO - Setting next_dagrun for airflow_sanity_check to None, run_after=None
[2026-07-17T11:12:20.928+0000] {processor.py:208} INFO - Processing /opt/airflow/dags/sanity_checks.py took 0.121 seconds
[2026-07-17T11:12:51.289+0000] {processor.py:186} INFO - Started process (PID=22354) to work on /opt/airflow/dags/sanity_checks.py
[2026-07-17T11:12:51.290+0000] {processor.py:914} INFO - Processing file /opt/airflow/dags/sanity_checks.py for tasks to queue
[2026-07-17T11:12:51.295+0000] {logging_mixin.py:190} INFO - [2026-07-17T11:12:51.294+0000] {dagbag.py:587} INFO - Filling up the DagBag from /opt/airflow/dags/sanity_checks.py
[2026-07-17T11:12:51.311+0000] {processor.py:925} INFO - DAG(s) 'airflow_sanity_check' retrieved from /opt/airflow/dags/sanity_checks.py
[2026-07-17T11:12:51.352+0000] {logging_mixin.py:190} INFO - [2026-07-17T11:12:51.352+0000] {dag.py:3211} INFO - Sync 1 DAGs
[2026-07-17T11:12:51.373+0000] {logging_mixin.py:190} INFO - [2026-07-17T11:12:51.373+0000] {dag.py:4138} INFO - Setting next_dagrun for airflow_sanity_check to None, run_after=None
[2026-07-17T11:12:51.399+0000] {processor.py:208} INFO - Processing /opt/airflow/dags/sanity_checks.py took 0.119 seconds
[2026-07-17T11:13:21.722+0000] {processor.py:186} INFO - Started process (PID=22364) to work on /opt/airflow/dags/sanity_checks.py
[2026-07-17T11:13:21.723+0000] {processor.py:914} INFO - Processing file /opt/airflow/dags/sanity_checks.py for tasks to queue
[2026-07-17T11:13:21.728+0000] {logging_mixin.py:190} INFO - [2026-07-17T11:13:21.727+0000] {dagbag.py:587} INFO - Filling up the DagBag from /opt/airflow/dags/sanity_checks.py
[2026-07-17T11:13:21.743+0000] {processor.py:925} INFO - DAG(s) 'airflow_sanity_check' retrieved from /opt/airflow/dags/sanity_checks.py
[2026-07-17T11:13:21.784+0000] {logging_mixin.py:190} INFO - [2026-07-17T11:13:21.783+0000] {dag.py:3211} INFO - Sync 1 DAGs
[2026-07-17T11:13:21.805+0000] {logging_mixin.py:190} INFO - [2026-07-17T11:13:21.805+0000] {dag.py:4138} INFO - Setting next_dagrun for airflow_sanity_check to None, run_after=None
[2026-07-17T11:13:21.832+0000] {processor.py:208} INFO - Processing /opt/airflow/dags/sanity_checks.py took 0.119 seconds
[2026-07-17T11:13:52.156+0000] {processor.py:186} INFO - Started process (PID=22374) to work on /opt/airflow/dags/sanity_checks.py
[2026-07-17T11:13:52.158+0000] {processor.py:914} INFO - Processing file /opt/airflow/dags/sanity_checks.py for tasks to queue
[2026-07-17T11:13:52.161+0000] {logging_mixin.py:190} INFO - [2026-07-17T11:13:52.161+0000] {dagbag.py:587} INFO - Filling up the DagBag from /opt/airflow/dags/sanity_checks.py
[2026-07-17T11:13:52.177+0000] {processor.py:925} INFO - DAG(s) 'airflow_sanity_check' retrieved from /opt/airflow/dags/sanity_checks.py
[2026-07-17T11:13:52.219+0000] {logging_mixin.py:190} INFO - [2026-07-17T11:13:52.219+0000] {dag.py:3211} INFO - Sync 1 DAGs
[2026-07-17T11:13:52.240+0000] {logging_mixin.py:190} INFO - [2026-07-17T11:13:52.240+0000] {dag.py:4138} INFO - Setting next_dagrun for airflow_sanity_check to None, run_after=None
[2026-07-17T11:13:52.268+0000] {processor.py:208} INFO - Processing /opt/airflow/dags/sanity_checks.py took 0.122 seconds
[2026-07-17T11:14:22.596+0000] {processor.py:186} INFO - Started process (PID=22384) to work on /opt/airflow/dags/sanity_checks.py
[2026-07-17T11:14:22.597+0000] {processor.py:914} INFO - Processing file /opt/airflow/dags/sanity_checks.py for tasks to queue
[2026-07-17T11:14:22.601+0000] {logging_mixin.py:190} INFO - [2026-07-17T11:14:22.600+0000] {dagbag.py:587} INFO - Filling up the DagBag from /opt/airflow/dags/sanity_checks.py
[2026-07-17T11:14:22.616+0000] {processor.py:925} INFO - DAG(s) 'airflow_sanity_check' retrieved from /opt/airflow/dags/sanity_checks.py
[2026-07-17T11:14:22.677+0000] {logging_mixin.py:190} INFO - [2026-07-17T11:14:22.676+0000] {dag.py:3211} INFO - Sync 1 DAGs
[2026-07-17T11:14:22.701+0000] {logging_mixin.py:190} INFO - [2026-07-17T11:14:22.701+0000] {dag.py:4138} INFO - Setting next_dagrun for airflow_sanity_check to None, run_after=None
[2026-07-17T11:14:22.728+0000] {processor.py:208} INFO - Processing /opt/airflow/dags/sanity_checks.py took 0.143 seconds
[2026-07-17T11:14:53.066+0000] {processor.py:186} INFO - Started process (PID=22394) to work on /opt/airflow/dags/sanity_checks.py
[2026-07-17T11:14:53.067+0000] {processor.py:914} INFO - Processing file /opt/airflow/dags/sanity_checks.py for tasks to queue
[2026-07-17T11:14:53.071+0000] {logging_mixin.py:190} INFO - [2026-07-17T11:14:53.070+0000] {dagbag.py:587} INFO - Filling up the DagBag from /opt/airflow/dags/sanity_checks.py
[2026-07-17T11:14:53.086+0000] {processor.py:925} INFO - DAG(s) 'airflow_sanity_check' retrieved from /opt/airflow/dags/sanity_checks.py
[2026-07-17T11:14:53.128+0000] {logging_mixin.py:190} INFO - [2026-07-17T11:14:53.128+0000] {dag.py:3211} INFO - Sync 1 DAGs
[2026-07-17T11:14:53.154+0000] {logging_mixin.py:190} INFO - [2026-07-17T11:14:53.154+0000] {dag.py:4138} INFO - Setting next_dagrun for airflow_sanity_check to None, run_after=None
[2026-07-17T11:14:53.180+0000] {processor.py:208} INFO - Processing /opt/airflow/dags/sanity_checks.py took 0.123 seconds
[2026-07-17T11:15:23.513+0000] {processor.py:186} INFO - Started process (PID=22404) to work on /opt/airflow/dags/sanity_checks.py
[2026-07-17T11:15:23.514+0000] {processor.py:914} INFO - Processing file /opt/airflow/dags/sanity_checks.py for tasks to queue
[2026-07-17T11:15:23.518+0000] {logging_mixin.py:190} INFO - [2026-07-17T11:15:23.517+0000] {dagbag.py:587} INFO - Filling up the DagBag from /opt/airflow/dags/sanity_checks.py
[2026-07-17T11:15:23.534+0000] {processor.py:925} INFO - DAG(s) 'airflow_sanity_check' retrieved from /opt/airflow/dags/sanity_checks.py
[2026-07-17T11:15:23.575+0000] {logging_mixin.py:190} INFO - [2026-07-17T11:15:23.575+0000] {dag.py:3211} INFO - Sync 1 DAGs
[2026-07-17T11:15:23.597+0000] {logging_mixin.py:190} INFO - [2026-07-17T11:15:23.597+0000] {dag.py:4138} INFO - Setting next_dagrun for airflow_sanity_check to None, run_after=None
[2026-07-17T11:15:23.625+0000] {processor.py:208} INFO - Processing /opt/airflow/dags/sanity_checks.py took 0.120 seconds
[2026-07-17T11:15:53.973+0000] {processor.py:186} INFO - Started process (PID=22414) to work on /opt/airflow/dags/sanity_checks.py
[2026-07-17T11:15:53.974+0000] {processor.py:914} INFO - Processing file /opt/airflow/dags/sanity_checks.py for tasks to queue
[2026-07-17T11:15:53.978+0000] {logging_mixin.py:190} INFO - [2026-07-17T11:15:53.977+0000] {dagbag.py:587} INFO - Filling up the DagBag from /opt/airflow/dags/sanity_checks.py
[2026-07-17T11:15:53.995+0000] {processor.py:925} INFO - DAG(s) 'airflow_sanity_check' retrieved from /opt/airflow/dags/sanity_checks.py
[2026-07-17T11:15:54.037+0000] {logging_mixin.py:190} INFO - [2026-07-17T11:15:54.037+0000] {dag.py:3211} INFO - Sync 1 DAGs
[2026-07-17T11:15:54.058+0000] {logging_mixin.py:190} INFO - [2026-07-17T11:15:54.058+0000] {dag.py:4138} INFO - Setting next_dagrun for airflow_sanity_check to None, run_after=None
[2026-07-17T11:15:54.085+0000] {processor.py:208} INFO - Processing /opt/airflow/dags/sanity_checks.py took 0.122 seconds
[2026-07-17T11:16:24.416+0000] {processor.py:186} INFO - Started process (PID=22424) to work on /opt/airflow/dags/sanity_checks.py
[2026-07-17T11:16:24.418+0000] {processor.py:914} INFO - Processing file /opt/airflow/dags/sanity_checks.py for tasks to queue
[2026-07-17T11:16:24.422+0000] {logging_mixin.py:190} INFO - [2026-07-17T11:16:24.421+0000] {dagbag.py:587} INFO - Filling up the DagBag from /opt/airflow/dags/sanity_checks.py
[2026-07-17T11:16:24.436+0000] {processor.py:925} INFO - DAG(s) 'airflow_sanity_check' retrieved from /opt/airflow/dags/sanity_checks.py
[2026-07-17T11:16:24.477+0000] {logging_mixin.py:190} INFO - [2026-07-17T11:16:24.477+0000] {dag.py:3211} INFO - Sync 1 DAGs
[2026-07-17T11:16:24.499+0000] {logging_mixin.py:190} INFO - [2026-07-17T11:16:24.499+0000] {dag.py:4138} INFO - Setting next_dagrun for airflow_sanity_check to None, run_after=None
[2026-07-17T11:16:24.527+0000] {processor.py:208} INFO - Processing /opt/airflow/dags/sanity_checks.py took 0.120 seconds
[2026-07-17T11:16:54.865+0000] {processor.py:186} INFO - Started process (PID=22434) to work on /opt/airflow/dags/sanity_checks.py
[2026-07-17T11:16:54.867+0000] {processor.py:914} INFO - Processing file /opt/airflow/dags/sanity_checks.py for tasks to queue
[2026-07-17T11:16:54.871+0000] {logging_mixin.py:190} INFO - [2026-07-17T11:16:54.870+0000] {dagbag.py:587} INFO - Filling up the DagBag from /opt/airflow/dags/sanity_checks.py
[2026-07-17T11:16:54.886+0000] {processor.py:925} INFO - DAG(s) 'airflow_sanity_check' retrieved from /opt/airflow/dags/sanity_checks.py
[2026-07-17T11:16:54.927+0000] {logging_mixin.py:190} INFO - [2026-07-17T11:16:54.927+0000] {dag.py:3211} INFO - Sync 1 DAGs
[2026-07-17T11:16:54.948+0000] {logging_mixin.py:190} INFO - [2026-07-17T11:16:54.948+0000] {dag.py:4138} INFO - Setting next_dagrun for airflow_sanity_check to None, run_after=None
[2026-07-17T11:16:54.975+0000] {processor.py:208} INFO - Processing /opt/airflow/dags/sanity_checks.py took 0.119 seconds
[2026-07-17T11:17:25.297+0000] {processor.py:186} INFO - Started process (PID=22444) to work on /opt/airflow/dags/sanity_checks.py
[2026-07-17T11:17:25.299+0000] {processor.py:914} INFO - Processing file /opt/airflow/dags/sanity_checks.py for tasks to queue
[2026-07-17T11:17:25.302+0000] {logging_mixin.py:190} INFO - [2026-07-17T11:17:25.302+0000] {dagbag.py:587} INFO - Filling up the DagBag from /opt/airflow/dags/sanity_checks.py
[2026-07-17T11:17:25.317+0000] {processor.py:925} INFO - DAG(s) 'airflow_sanity_check' retrieved from /opt/airflow/dags/sanity_checks.py
[2026-07-17T11:17:25.358+0000] {logging_mixin.py:190} INFO - [2026-07-17T11:17:25.358+0000] {dag.py:3211} INFO - Sync 1 DAGs
[2026-07-17T11:17:25.380+0000] {logging_mixin.py:190} INFO - [2026-07-17T11:17:25.379+0000] {dag.py:4138} INFO - Setting next_dagrun for airflow_sanity_check to None, run_after=None
[2026-07-17T11:17:25.411+0000] {processor.py:208} INFO - Processing /opt/airflow/dags/sanity_checks.py took 0.123 seconds
[2026-07-17T11:17:55.757+0000] {processor.py:186} INFO - Started process (PID=22454) to work on /opt/airflow/dags/sanity_checks.py
[2026-07-17T11:17:55.759+0000] {processor.py:914} INFO - Processing file /opt/airflow/dags/sanity_checks.py for tasks to queue
[2026-07-17T11:17:55.762+0000] {logging_mixin.py:190} INFO - [2026-07-17T11:17:55.762+0000] {dagbag.py:587} INFO - Filling up the DagBag from /opt/airflow/dags/sanity_checks.py
[2026-07-17T11:17:55.778+0000] {processor.py:925} INFO - DAG(s) 'airflow_sanity_check' retrieved from /opt/airflow/dags/sanity_checks.py
[2026-07-17T11:17:55.823+0000] {logging_mixin.py:190} INFO - [2026-07-17T11:17:55.823+0000] {dag.py:3211} INFO - Sync 1 DAGs
[2026-07-17T11:17:55.845+0000] {logging_mixin.py:190} INFO - [2026-07-17T11:17:55.845+0000] {dag.py:4138} INFO - Setting next_dagrun for airflow_sanity_check to None, run_after=None
[2026-07-17T11:17:55.875+0000] {processor.py:208} INFO - Processing /opt/airflow/dags/sanity_checks.py took 0.130 seconds
[2026-07-17T11:18:26.210+0000] {processor.py:186} INFO - Started process (PID=22464) to work on /opt/airflow/dags/sanity_checks.py
[2026-07-17T11:18:26.212+0000] {processor.py:914} INFO - Processing file /opt/airflow/dags/sanity_checks.py for tasks to queue
[2026-07-17T11:18:26.215+0000] {logging_mixin.py:190} INFO - [2026-07-17T11:18:26.215+0000] {dagbag.py:587} INFO - Filling up the DagBag from /opt/airflow/dags/sanity_checks.py
[2026-07-17T11:18:26.233+0000] {processor.py:925} INFO - DAG(s) 'airflow_sanity_check' retrieved from /opt/airflow/dags/sanity_checks.py
[2026-07-17T11:18:26.284+0000] {logging_mixin.py:190} INFO - [2026-07-17T11:18:26.284+0000] {dag.py:3211} INFO - Sync 1 DAGs
[2026-07-17T11:18:26.309+0000] {logging_mixin.py:190} INFO - [2026-07-17T11:18:26.309+0000] {dag.py:4138} INFO - Setting next_dagrun for airflow_sanity_check to None, run_after=None
[2026-07-17T11:18:26.336+0000] {processor.py:208} INFO - Processing /opt/airflow/dags/sanity_checks.py took 0.134 seconds
[2026-07-17T11:18:56.677+0000] {processor.py:186} INFO - Started process (PID=22474) to work on /opt/airflow/dags/sanity_checks.py
[2026-07-17T11:18:56.679+0000] {processor.py:914} INFO - Processing file /opt/airflow/dags/sanity_checks.py for tasks to queue
[2026-07-17T11:18:56.683+0000] {logging_mixin.py:190} INFO - [2026-07-17T11:18:56.683+0000] {dagbag.py:587} INFO - Filling up the DagBag from /opt/airflow/dags/sanity_checks.py
[2026-07-17T11:18:56.698+0000] {processor.py:925} INFO - DAG(s) 'airflow_sanity_check' retrieved from /opt/airflow/dags/sanity_checks.py
[2026-07-17T11:18:56.740+0000] {logging_mixin.py:190} INFO - [2026-07-17T11:18:56.739+0000] {dag.py:3211} INFO - Sync 1 DAGs
[2026-07-17T11:18:56.760+0000] {logging_mixin.py:190} INFO - [2026-07-17T11:18:56.760+0000] {dag.py:4138} INFO - Setting next_dagrun for airflow_sanity_check to None, run_after=None
[2026-07-17T11:18:56.789+0000] {processor.py:208} INFO - Processing /opt/airflow/dags/sanity_checks.py took 0.120 seconds
[2026-07-17T11:19:27.126+0000] {processor.py:186} INFO - Started process (PID=22484) to work on /opt/airflow/dags/sanity_checks.py
[2026-07-17T11:19:27.127+0000] {processor.py:914} INFO - Processing file /opt/airflow/dags/sanity_checks.py for tasks to queue
[2026-07-17T11:19:27.132+0000] {logging_mixin.py:190} INFO - [2026-07-17T11:19:27.131+0000] {dagbag.py:587} INFO - Filling up the DagBag from /opt/airflow/dags/sanity_checks.py
[2026-07-17T11:19:27.148+0000] {processor.py:925} INFO - DAG(s) 'airflow_sanity_check' retrieved from /opt/airflow/dags/sanity_checks.py
[2026-07-17T11:19:27.194+0000] {logging_mixin.py:190} INFO - [2026-07-17T11:19:27.194+0000] {dag.py:3211} INFO - Sync 1 DAGs
[2026-07-17T11:19:27.216+0000] {logging_mixin.py:190} INFO - [2026-07-17T11:19:27.216+0000] {dag.py:4138} INFO - Setting next_dagrun for airflow_sanity_check to None, run_after=None
[2026-07-17T11:19:27.243+0000] {processor.py:208} INFO - Processing /opt/airflow/dags/sanity_checks.py took 0.128 seconds
[2026-07-17T11:19:57.582+0000] {processor.py:186} INFO - Started process (PID=22494) to work on /opt/airflow/dags/sanity_checks.py
[2026-07-17T11:19:57.585+0000] {processor.py:914} INFO - Processing file /opt/airflow/dags/sanity_checks.py for tasks to queue
[2026-07-17T11:19:57.588+0000] {logging_mixin.py:190} INFO - [2026-07-17T11:19:57.588+0000] {dagbag.py:587} INFO - Filling up the DagBag from /opt/airflow/dags/sanity_checks.py
[2026-07-17T11:19:57.603+0000] {processor.py:925} INFO - DAG(s) 'airflow_sanity_check' retrieved from /opt/airflow/dags/sanity_checks.py
[2026-07-17T11:19:57.645+0000] {logging_mixin.py:190} INFO - [2026-07-17T11:19:57.645+0000] {dag.py:3211} INFO - Sync 1 DAGs
[2026-07-17T11:19:57.667+0000] {logging_mixin.py:190} INFO - [2026-07-17T11:19:57.667+0000] {dag.py:4138} INFO - Setting next_dagrun for airflow_sanity_check to None, run_after=None
[2026-07-17T11:19:57.695+0000] {processor.py:208} INFO - Processing /opt/airflow/dags/sanity_checks.py took 0.121 seconds
[2026-07-17T11:20:28.025+0000] {processor.py:186} INFO - Started process (PID=22504) to work on /opt/airflow/dags/sanity_checks.py
[2026-07-17T11:20:28.027+0000] {processor.py:914} INFO - Processing file /opt/airflow/dags/sanity_checks.py for tasks to queue
[2026-07-17T11:20:28.030+0000] {logging_mixin.py:190} INFO - [2026-07-17T11:20:28.030+0000] {dagbag.py:587} INFO - Filling up the DagBag from /opt/airflow/dags/sanity_checks.py
[2026-07-17T11:20:28.046+0000] {processor.py:925} INFO - DAG(s) 'airflow_sanity_check' retrieved from /opt/airflow/dags/sanity_checks.py
[2026-07-17T11:20:28.086+0000] {logging_mixin.py:190} INFO - [2026-07-17T11:20:28.086+0000] {dag.py:3211} INFO - Sync 1 DAGs
[2026-07-17T11:20:28.108+0000] {logging_mixin.py:190} INFO - [2026-07-17T11:20:28.108+0000] {dag.py:4138} INFO - Setting next_dagrun for airflow_sanity_check to None, run_after=None
[2026-07-17T11:20:28.137+0000] {processor.py:208} INFO - Processing /opt/airflow/dags/sanity_checks.py took 0.122 seconds
[2026-07-17T11:20:58.462+0000] {processor.py:186} INFO - Started process (PID=22514) to work on /opt/airflow/dags/sanity_checks.py
[2026-07-17T11:20:58.464+0000] {processor.py:914} INFO - Processing file /opt/airflow/dags/sanity_checks.py for tasks to queue
[2026-07-17T11:20:58.468+0000] {logging_mixin.py:190} INFO - [2026-07-17T11:20:58.467+0000] {dagbag.py:587} INFO - Filling up the DagBag from /opt/airflow/dags/sanity_checks.py
[2026-07-17T11:20:58.483+0000] {processor.py:925} INFO - DAG(s) 'airflow_sanity_check' retrieved from /opt/airflow/dags/sanity_checks.py
[2026-07-17T11:20:58.524+0000] {logging_mixin.py:190} INFO - [2026-07-17T11:20:58.523+0000] {dag.py:3211} INFO - Sync 1 DAGs
[2026-07-17T11:20:58.547+0000] {logging_mixin.py:190} INFO - [2026-07-17T11:20:58.547+0000] {dag.py:4138} INFO - Setting next_dagrun for airflow_sanity_check to None, run_after=None
[2026-07-17T11:20:58.574+0000] {processor.py:208} INFO - Processing /opt/airflow/dags/sanity_checks.py took 0.120 seconds
[2026-07-17T11:21:28.905+0000] {processor.py:186} INFO - Started process (PID=22524) to work on /opt/airflow/dags/sanity_checks.py
[2026-07-17T11:21:28.906+0000] {processor.py:914} INFO - Processing file /opt/airflow/dags/sanity_checks.py for tasks to queue
[2026-07-17T11:21:28.910+0000] {logging_mixin.py:190} INFO - [2026-07-17T11:21:28.909+0000] {dagbag.py:587} INFO - Filling up the DagBag from /opt/airflow/dags/sanity_checks.py
[2026-07-17T11:21:28.927+0000] {processor.py:925} INFO - DAG(s) 'airflow_sanity_check' retrieved from /opt/airflow/dags/sanity_checks.py
[2026-07-17T11:21:28.969+0000] {logging_mixin.py:190} INFO - [2026-07-17T11:21:28.969+0000] {dag.py:3211} INFO - Sync 1 DAGs
[2026-07-17T11:21:28.991+0000] {logging_mixin.py:190} INFO - [2026-07-17T11:21:28.990+0000] {dag.py:4138} INFO - Setting next_dagrun for airflow_sanity_check to None, run_after=None
[2026-07-17T11:21:29.019+0000] {processor.py:208} INFO - Processing /opt/airflow/dags/sanity_checks.py took 0.122 seconds
[2026-07-17T11:21:59.360+0000] {processor.py:186} INFO - Started process (PID=22534) to work on /opt/airflow/dags/sanity_checks.py
[2026-07-17T11:21:59.362+0000] {processor.py:914} INFO - Processing file /opt/airflow/dags/sanity_checks.py for tasks to queue
[2026-07-17T11:21:59.366+0000] {logging_mixin.py:190} INFO - [2026-07-17T11:21:59.366+0000] {dagbag.py:587} INFO - Filling up the DagBag from /opt/airflow/dags/sanity_checks.py
[2026-07-17T11:21:59.384+0000] {processor.py:925} INFO - DAG(s) 'airflow_sanity_check' retrieved from /opt/airflow/dags/sanity_checks.py
[2026-07-17T11:21:59.427+0000] {logging_mixin.py:190} INFO - [2026-07-17T11:21:59.426+0000] {dag.py:3211} INFO - Sync 1 DAGs
[2026-07-17T11:21:59.448+0000] {logging_mixin.py:190} INFO - [2026-07-17T11:21:59.448+0000] {dag.py:4138} INFO - Setting next_dagrun for airflow_sanity_check to None, run_after=None
[2026-07-17T11:21:59.476+0000] {processor.py:208} INFO - Processing /opt/airflow/dags/sanity_checks.py took 0.127 seconds
[2026-07-17T11:22:29.813+0000] {processor.py:186} INFO - Started process (PID=22544) to work on /opt/airflow/dags/sanity_checks.py
[2026-07-17T11:22:29.814+0000] {processor.py:914} INFO - Processing file /opt/airflow/dags/sanity_checks.py for tasks to queue
[2026-07-17T11:22:29.818+0000] {logging_mixin.py:190} INFO - [2026-07-17T11:22:29.818+0000] {dagbag.py:587} INFO - Filling up the DagBag from /opt/airflow/dags/sanity_checks.py
[2026-07-17T11:22:29.834+0000] {processor.py:925} INFO - DAG(s) 'airflow_sanity_check' retrieved from /opt/airflow/dags/sanity_checks.py
[2026-07-17T11:22:29.878+0000] {logging_mixin.py:190} INFO - [2026-07-17T11:22:29.877+0000] {dag.py:3211} INFO - Sync 1 DAGs
[2026-07-17T11:22:29.899+0000] {logging_mixin.py:190} INFO - [2026-07-17T11:22:29.899+0000] {dag.py:4138} INFO - Setting next_dagrun for airflow_sanity_check to None, run_after=None
[2026-07-17T11:22:29.925+0000] {processor.py:208} INFO - Processing /opt/airflow/dags/sanity_checks.py took 0.121 seconds
[2026-07-17T11:23:00.285+0000] {processor.py:186} INFO - Started process (PID=22554) to work on /opt/airflow/dags/sanity_checks.py
[2026-07-17T11:23:00.286+0000] {processor.py:914} INFO - Processing file /opt/airflow/dags/sanity_checks.py for tasks to queue
[2026-07-17T11:23:00.291+0000] {logging_mixin.py:190} INFO - [2026-07-17T11:23:00.291+0000] {dagbag.py:587} INFO - Filling up the DagBag from /opt/airflow/dags/sanity_checks.py
[2026-07-17T11:23:00.307+0000] {processor.py:925} INFO - DAG(s) 'airflow_sanity_check' retrieved from /opt/airflow/dags/sanity_checks.py
[2026-07-17T11:23:00.364+0000] {logging_mixin.py:190} INFO - [2026-07-17T11:23:00.363+0000] {dag.py:3211} INFO - Sync 1 DAGs
[2026-07-17T11:23:00.386+0000] {logging_mixin.py:190} INFO - [2026-07-17T11:23:00.386+0000] {dag.py:4138} INFO - Setting next_dagrun for airflow_sanity_check to None, run_after=None
[2026-07-17T11:23:00.416+0000] {processor.py:208} INFO - Processing /opt/airflow/dags/sanity_checks.py took 0.146 seconds
[2026-07-17T11:23:30.756+0000] {processor.py:186} INFO - Started process (PID=22564) to work on /opt/airflow/dags/sanity_checks.py
[2026-07-17T11:23:30.757+0000] {processor.py:914} INFO - Processing file /opt/airflow/dags/sanity_checks.py for tasks to queue
[2026-07-17T11:23:30.761+0000] {logging_mixin.py:190} INFO - [2026-07-17T11:23:30.760+0000] {dagbag.py:587} INFO - Filling up the DagBag from /opt/airflow/dags/sanity_checks.py
[2026-07-17T11:23:30.776+0000] {processor.py:925} INFO - DAG(s) 'airflow_sanity_check' retrieved from /opt/airflow/dags/sanity_checks.py
[2026-07-17T11:23:30.817+0000] {logging_mixin.py:190} INFO - [2026-07-17T11:23:30.817+0000] {dag.py:3211} INFO - Sync 1 DAGs
[2026-07-17T11:23:30.840+0000] {logging_mixin.py:190} INFO - [2026-07-17T11:23:30.839+0000] {dag.py:4138} INFO - Setting next_dagrun for airflow_sanity_check to None, run_after=None
[2026-07-17T11:23:30.866+0000] {processor.py:208} INFO - Processing /opt/airflow/dags/sanity_checks.py took 0.120 seconds
[2026-07-17T11:24:01.205+0000] {processor.py:186} INFO - Started process (PID=22574) to work on /opt/airflow/dags/sanity_checks.py
[2026-07-17T11:24:01.207+0000] {processor.py:914} INFO - Processing file /opt/airflow/dags/sanity_checks.py for tasks to queue
[2026-07-17T11:24:01.210+0000] {logging_mixin.py:190} INFO - [2026-07-17T11:24:01.210+0000] {dagbag.py:587} INFO - Filling up the DagBag from /opt/airflow/dags/sanity_checks.py
[2026-07-17T11:24:01.227+0000] {processor.py:925} INFO - DAG(s) 'airflow_sanity_check' retrieved from /opt/airflow/dags/sanity_checks.py
[2026-07-17T11:24:01.269+0000] {logging_mixin.py:190} INFO - [2026-07-17T11:24:01.268+0000] {dag.py:3211} INFO - Sync 1 DAGs
[2026-07-17T11:24:01.290+0000] {logging_mixin.py:190} INFO - [2026-07-17T11:24:01.290+0000] {dag.py:4138} INFO - Setting next_dagrun for airflow_sanity_check to None, run_after=None
[2026-07-17T11:24:01.315+0000] {processor.py:208} INFO - Processing /opt/airflow/dags/sanity_checks.py took 0.119 seconds
[2026-07-17T11:24:31.639+0000] {processor.py:186} INFO - Started process (PID=22584) to work on /opt/airflow/dags/sanity_checks.py
[2026-07-17T11:24:31.640+0000] {processor.py:914} INFO - Processing file /opt/airflow/dags/sanity_checks.py for tasks to queue
[2026-07-17T11:24:31.643+0000] {logging_mixin.py:190} INFO - [2026-07-17T11:24:31.643+0000] {dagbag.py:587} INFO - Filling up the DagBag from /opt/airflow/dags/sanity_checks.py
[2026-07-17T11:24:31.659+0000] {processor.py:925} INFO - DAG(s) 'airflow_sanity_check' retrieved from /opt/airflow/dags/sanity_checks.py
[2026-07-17T11:24:31.700+0000] {logging_mixin.py:190} INFO - [2026-07-17T11:24:31.700+0000] {dag.py:3211} INFO - Sync 1 DAGs
[2026-07-17T11:24:31.722+0000] {logging_mixin.py:190} INFO - [2026-07-17T11:24:31.722+0000] {dag.py:4138} INFO - Setting next_dagrun for airflow_sanity_check to None, run_after=None
[2026-07-17T11:24:31.750+0000] {processor.py:208} INFO - Processing /opt/airflow/dags/sanity_checks.py took 0.120 seconds
[2026-07-17T11:25:02.083+0000] {processor.py:186} INFO - Started process (PID=22594) to work on /opt/airflow/dags/sanity_checks.py
[2026-07-17T11:25:02.084+0000] {processor.py:914} INFO - Processing file /opt/airflow/dags/sanity_checks.py for tasks to queue
[2026-07-17T11:25:02.088+0000] {logging_mixin.py:190} INFO - [2026-07-17T11:25:02.087+0000] {dagbag.py:587} INFO - Filling up the DagBag from /opt/airflow/dags/sanity_checks.py
[2026-07-17T11:25:02.103+0000] {processor.py:925} INFO - DAG(s) 'airflow_sanity_check' retrieved from /opt/airflow/dags/sanity_checks.py
[2026-07-17T11:25:02.145+0000] {logging_mixin.py:190} INFO - [2026-07-17T11:25:02.145+0000] {dag.py:3211} INFO - Sync 1 DAGs
[2026-07-17T11:25:02.167+0000] {logging_mixin.py:190} INFO - [2026-07-17T11:25:02.167+0000] {dag.py:4138} INFO - Setting next_dagrun for airflow_sanity_check to None, run_after=None
[2026-07-17T11:25:02.194+0000] {processor.py:208} INFO - Processing /opt/airflow/dags/sanity_checks.py took 0.119 seconds
[2026-07-17T11:25:32.530+0000] {processor.py:186} INFO - Started process (PID=22604) to work on /opt/airflow/dags/sanity_checks.py
[2026-07-17T11:25:32.531+0000] {processor.py:914} INFO - Processing file /opt/airflow/dags/sanity_checks.py for tasks to queue
[2026-07-17T11:25:32.535+0000] {logging_mixin.py:190} INFO - [2026-07-17T11:25:32.535+0000] {dagbag.py:587} INFO - Filling up the DagBag from /opt/airflow/dags/sanity_checks.py
[2026-07-17T11:25:32.551+0000] {processor.py:925} INFO - DAG(s) 'airflow_sanity_check' retrieved from /opt/airflow/dags/sanity_checks.py
[2026-07-17T11:25:32.592+0000] {logging_mixin.py:190} INFO - [2026-07-17T11:25:32.592+0000] {dag.py:3211} INFO - Sync 1 DAGs
[2026-07-17T11:25:32.614+0000] {logging_mixin.py:190} INFO - [2026-07-17T11:25:32.613+0000] {dag.py:4138} INFO - Setting next_dagrun for airflow_sanity_check to None, run_after=None
[2026-07-17T11:25:32.641+0000] {processor.py:208} INFO - Processing /opt/airflow/dags/sanity_checks.py took 0.120 seconds
[2026-07-17T11:26:03.005+0000] {processor.py:186} INFO - Started process (PID=22614) to work on /opt/airflow/dags/sanity_checks.py
[2026-07-17T11:26:03.008+0000] {processor.py:914} INFO - Processing file /opt/airflow/dags/sanity_checks.py for tasks to queue
[2026-07-17T11:26:03.015+0000] {logging_mixin.py:190} INFO - [2026-07-17T11:26:03.014+0000] {dagbag.py:587} INFO - Filling up the DagBag from /opt/airflow/dags/sanity_checks.py
[2026-07-17T11:26:03.032+0000] {processor.py:925} INFO - DAG(s) 'airflow_sanity_check' retrieved from /opt/airflow/dags/sanity_checks.py
[2026-07-17T11:26:03.109+0000] {logging_mixin.py:190} INFO - [2026-07-17T11:26:03.108+0000] {dag.py:3211} INFO - Sync 1 DAGs
[2026-07-17T11:26:03.130+0000] {logging_mixin.py:190} INFO - [2026-07-17T11:26:03.130+0000] {dag.py:4138} INFO - Setting next_dagrun for airflow_sanity_check to None, run_after=None
[2026-07-17T11:26:03.158+0000] {processor.py:208} INFO - Processing /opt/airflow/dags/sanity_checks.py took 0.168 seconds
[2026-07-17T11:26:33.491+0000] {processor.py:186} INFO - Started process (PID=22624) to work on /opt/airflow/dags/sanity_checks.py
[2026-07-17T11:26:33.493+0000] {processor.py:914} INFO - Processing file /opt/airflow/dags/sanity_checks.py for tasks to queue
[2026-07-17T11:26:33.497+0000] {logging_mixin.py:190} INFO - [2026-07-17T11:26:33.496+0000] {dagbag.py:587} INFO - Filling up the DagBag from /opt/airflow/dags/sanity_checks.py
[2026-07-17T11:26:33.512+0000] {processor.py:925} INFO - DAG(s) 'airflow_sanity_check' retrieved from /opt/airflow/dags/sanity_checks.py
[2026-07-17T11:26:33.553+0000] {logging_mixin.py:190} INFO - [2026-07-17T11:26:33.553+0000] {dag.py:3211} INFO - Sync 1 DAGs
[2026-07-17T11:26:33.575+0000] {logging_mixin.py:190} INFO - [2026-07-17T11:26:33.575+0000] {dag.py:4138} INFO - Setting next_dagrun for airflow_sanity_check to None, run_after=None
[2026-07-17T11:26:33.603+0000] {processor.py:208} INFO - Processing /opt/airflow/dags/sanity_checks.py took 0.121 seconds
[2026-07-17T11:27:03.950+0000] {processor.py:186} INFO - Started process (PID=22634) to work on /opt/airflow/dags/sanity_checks.py
[2026-07-17T11:27:03.951+0000] {processor.py:914} INFO - Processing file /opt/airflow/dags/sanity_checks.py for tasks to queue
[2026-07-17T11:27:03.955+0000] {logging_mixin.py:190} INFO - [2026-07-17T11:27:03.954+0000] {dagbag.py:587} INFO - Filling up the DagBag from /opt/airflow/dags/sanity_checks.py
[2026-07-17T11:27:03.971+0000] {processor.py:925} INFO - DAG(s) 'airflow_sanity_check' retrieved from /opt/airflow/dags/sanity_checks.py
[2026-07-17T11:27:04.014+0000] {logging_mixin.py:190} INFO - [2026-07-17T11:27:04.013+0000] {dag.py:3211} INFO - Sync 1 DAGs
[2026-07-17T11:27:04.036+0000] {logging_mixin.py:190} INFO - [2026-07-17T11:27:04.035+0000] {dag.py:4138} INFO - Setting next_dagrun for airflow_sanity_check to None, run_after=None
[2026-07-17T11:27:04.063+0000] {processor.py:208} INFO - Processing /opt/airflow/dags/sanity_checks.py took 0.122 seconds
[2026-07-17T11:27:34.376+0000] {processor.py:186} INFO - Started process (PID=22644) to work on /opt/airflow/dags/sanity_checks.py
[2026-07-17T11:27:34.378+0000] {processor.py:914} INFO - Processing file /opt/airflow/dags/sanity_checks.py for tasks to queue
[2026-07-17T11:27:34.381+0000] {logging_mixin.py:190} INFO - [2026-07-17T11:27:34.380+0000] {dagbag.py:587} INFO - Filling up the DagBag from /opt/airflow/dags/sanity_checks.py
[2026-07-17T11:27:34.399+0000] {processor.py:925} INFO - DAG(s) 'airflow_sanity_check' retrieved from /opt/airflow/dags/sanity_checks.py
[2026-07-17T11:27:34.442+0000] {logging_mixin.py:190} INFO - [2026-07-17T11:27:34.442+0000] {dag.py:3211} INFO - Sync 1 DAGs
[2026-07-17T11:27:34.464+0000] {logging_mixin.py:190} INFO - [2026-07-17T11:27:34.463+0000] {dag.py:4138} INFO - Setting next_dagrun for airflow_sanity_check to None, run_after=None
[2026-07-17T11:27:34.491+0000] {processor.py:208} INFO - Processing /opt/airflow/dags/sanity_checks.py took 0.124 seconds
[2026-07-17T11:28:04.840+0000] {processor.py:186} INFO - Started process (PID=22654) to work on /opt/airflow/dags/sanity_checks.py
[2026-07-17T11:28:04.842+0000] {processor.py:914} INFO - Processing file /opt/airflow/dags/sanity_checks.py for tasks to queue
[2026-07-17T11:28:04.846+0000] {logging_mixin.py:190} INFO - [2026-07-17T11:28:04.845+0000] {dagbag.py:587} INFO - Filling up the DagBag from /opt/airflow/dags/sanity_checks.py
[2026-07-17T11:28:04.861+0000] {processor.py:925} INFO - DAG(s) 'airflow_sanity_check' retrieved from /opt/airflow/dags/sanity_checks.py
[2026-07-17T11:28:04.902+0000] {logging_mixin.py:190} INFO - [2026-07-17T11:28:04.902+0000] {dag.py:3211} INFO - Sync 1 DAGs
[2026-07-17T11:28:04.924+0000] {logging_mixin.py:190} INFO - [2026-07-17T11:28:04.924+0000] {dag.py:4138} INFO - Setting next_dagrun for airflow_sanity_check to None, run_after=None
[2026-07-17T11:28:04.957+0000] {processor.py:208} INFO - Processing /opt/airflow/dags/sanity_checks.py took 0.126 seconds
[2026-07-17T11:28:35.287+0000] {processor.py:186} INFO - Started process (PID=22664) to work on /opt/airflow/dags/sanity_checks.py
[2026-07-17T11:28:35.288+0000] {processor.py:914} INFO - Processing file /opt/airflow/dags/sanity_checks.py for tasks to queue
[2026-07-17T11:28:35.292+0000] {logging_mixin.py:190} INFO - [2026-07-17T11:28:35.292+0000] {dagbag.py:587} INFO - Filling up the DagBag from /opt/airflow/dags/sanity_checks.py
[2026-07-17T11:28:35.309+0000] {processor.py:925} INFO - DAG(s) 'airflow_sanity_check' retrieved from /opt/airflow/dags/sanity_checks.py
[2026-07-17T11:28:35.352+0000] {logging_mixin.py:190} INFO - [2026-07-17T11:28:35.351+0000] {dag.py:3211} INFO - Sync 1 DAGs
[2026-07-17T11:28:35.373+0000] {logging_mixin.py:190} INFO - [2026-07-17T11:28:35.373+0000] {dag.py:4138} INFO - Setting next_dagrun for airflow_sanity_check to None, run_after=None
[2026-07-17T11:28:35.401+0000] {processor.py:208} INFO - Processing /opt/airflow/dags/sanity_checks.py took 0.122 seconds
[2026-07-17T11:29:05.744+0000] {processor.py:186} INFO - Started process (PID=22674) to work on /opt/airflow/dags/sanity_checks.py
[2026-07-17T11:29:05.745+0000] {processor.py:914} INFO - Processing file /opt/airflow/dags/sanity_checks.py for tasks to queue
[2026-07-17T11:29:05.749+0000] {logging_mixin.py:190} INFO - [2026-07-17T11:29:05.748+0000] {dagbag.py:587} INFO - Filling up the DagBag from /opt/airflow/dags/sanity_checks.py
[2026-07-17T11:29:05.767+0000] {processor.py:925} INFO - DAG(s) 'airflow_sanity_check' retrieved from /opt/airflow/dags/sanity_checks.py
[2026-07-17T11:29:05.811+0000] {logging_mixin.py:190} INFO - [2026-07-17T11:29:05.811+0000] {dag.py:3211} INFO - Sync 1 DAGs
[2026-07-17T11:29:05.834+0000] {logging_mixin.py:190} INFO - [2026-07-17T11:29:05.833+0000] {dag.py:4138} INFO - Setting next_dagrun for airflow_sanity_check to None, run_after=None
[2026-07-17T11:29:05.861+0000] {processor.py:208} INFO - Processing /opt/airflow/dags/sanity_checks.py took 0.126 seconds
[2026-07-17T11:29:36.183+0000] {processor.py:186} INFO - Started process (PID=22684) to work on /opt/airflow/dags/sanity_checks.py
[2026-07-17T11:29:36.184+0000] {processor.py:914} INFO - Processing file /opt/airflow/dags/sanity_checks.py for tasks to queue
[2026-07-17T11:29:36.188+0000] {logging_mixin.py:190} INFO - [2026-07-17T11:29:36.187+0000] {dagbag.py:587} INFO - Filling up the DagBag from /opt/airflow/dags/sanity_checks.py
[2026-07-17T11:29:36.203+0000] {processor.py:925} INFO - DAG(s) 'airflow_sanity_check' retrieved from /opt/airflow/dags/sanity_checks.py
[2026-07-17T11:29:36.246+0000] {logging_mixin.py:190} INFO - [2026-07-17T11:29:36.245+0000] {dag.py:3211} INFO - Sync 1 DAGs
[2026-07-17T11:29:36.268+0000] {logging_mixin.py:190} INFO - [2026-07-17T11:29:36.268+0000] {dag.py:4138} INFO - Setting next_dagrun for airflow_sanity_check to None, run_after=None
[2026-07-17T11:29:36.296+0000] {processor.py:208} INFO - Processing /opt/airflow/dags/sanity_checks.py took 0.124 seconds
[2026-07-17T11:30:06.624+0000] {processor.py:186} INFO - Started process (PID=22694) to work on /opt/airflow/dags/sanity_checks.py
[2026-07-17T11:30:06.625+0000] {processor.py:914} INFO - Processing file /opt/airflow/dags/sanity_checks.py for tasks to queue
[2026-07-17T11:30:06.629+0000] {logging_mixin.py:190} INFO - [2026-07-17T11:30:06.628+0000] {dagbag.py:587} INFO - Filling up the DagBag from /opt/airflow/dags/sanity_checks.py
[2026-07-17T11:30:06.646+0000] {processor.py:925} INFO - DAG(s) 'airflow_sanity_check' retrieved from /opt/airflow/dags/sanity_checks.py
[2026-07-17T11:30:06.688+0000] {logging_mixin.py:190} INFO - [2026-07-17T11:30:06.688+0000] {dag.py:3211} INFO - Sync 1 DAGs
[2026-07-17T11:30:06.710+0000] {logging_mixin.py:190} INFO - [2026-07-17T11:30:06.709+0000] {dag.py:4138} INFO - Setting next_dagrun for airflow_sanity_check to None, run_after=None
[2026-07-17T11:30:06.737+0000] {processor.py:208} INFO - Processing /opt/airflow/dags/sanity_checks.py took 0.122 seconds
[2026-07-17T11:30:37.080+0000] {processor.py:186} INFO - Started process (PID=22704) to work on /opt/airflow/dags/sanity_checks.py
[2026-07-17T11:30:37.081+0000] {processor.py:914} INFO - Processing file /opt/airflow/dags/sanity_checks.py for tasks to queue
[2026-07-17T11:30:37.085+0000] {logging_mixin.py:190} INFO - [2026-07-17T11:30:37.084+0000] {dagbag.py:587} INFO - Filling up the DagBag from /opt/airflow/dags/sanity_checks.py
[2026-07-17T11:30:37.100+0000] {processor.py:925} INFO - DAG(s) 'airflow_sanity_check' retrieved from /opt/airflow/dags/sanity_checks.py
[2026-07-17T11:30:37.142+0000] {logging_mixin.py:190} INFO - [2026-07-17T11:30:37.141+0000] {dag.py:3211} INFO - Sync 1 DAGs
[2026-07-17T11:30:37.164+0000] {logging_mixin.py:190} INFO - [2026-07-17T11:30:37.163+0000] {dag.py:4138} INFO - Setting next_dagrun for airflow_sanity_check to None, run_after=None
[2026-07-17T11:30:37.192+0000] {processor.py:208} INFO - Processing /opt/airflow/dags/sanity_checks.py took 0.121 seconds
[2026-07-17T11:31:07.526+0000] {processor.py:186} INFO - Started process (PID=22714) to work on /opt/airflow/dags/sanity_checks.py
[2026-07-17T11:31:07.528+0000] {processor.py:914} INFO - Processing file /opt/airflow/dags/sanity_checks.py for tasks to queue
[2026-07-17T11:31:07.531+0000] {logging_mixin.py:190} INFO - [2026-07-17T11:31:07.531+0000] {dagbag.py:587} INFO - Filling up the DagBag from /opt/airflow/dags/sanity_checks.py
[2026-07-17T11:31:07.547+0000] {processor.py:925} INFO - DAG(s) 'airflow_sanity_check' retrieved from /opt/airflow/dags/sanity_checks.py
[2026-07-17T11:31:07.588+0000] {logging_mixin.py:190} INFO - [2026-07-17T11:31:07.588+0000] {dag.py:3211} INFO - Sync 1 DAGs
[2026-07-17T11:31:07.610+0000] {logging_mixin.py:190} INFO - [2026-07-17T11:31:07.610+0000] {dag.py:4138} INFO - Setting next_dagrun for airflow_sanity_check to None, run_after=None
[2026-07-17T11:31:07.638+0000] {processor.py:208} INFO - Processing /opt/airflow/dags/sanity_checks.py took 0.120 seconds
[2026-07-17T11:31:37.968+0000] {processor.py:186} INFO - Started process (PID=22724) to work on /opt/airflow/dags/sanity_checks.py
[2026-07-17T11:31:37.969+0000] {processor.py:914} INFO - Processing file /opt/airflow/dags/sanity_checks.py for tasks to queue
[2026-07-17T11:31:37.973+0000] {logging_mixin.py:190} INFO - [2026-07-17T11:31:37.973+0000] {dagbag.py:587} INFO - Filling up the DagBag from /opt/airflow/dags/sanity_checks.py
[2026-07-17T11:31:37.988+0000] {processor.py:925} INFO - DAG(s) 'airflow_sanity_check' retrieved from /opt/airflow/dags/sanity_checks.py
[2026-07-17T11:31:38.030+0000] {logging_mixin.py:190} INFO - [2026-07-17T11:31:38.030+0000] {dag.py:3211} INFO - Sync 1 DAGs
[2026-07-17T11:31:38.052+0000] {logging_mixin.py:190} INFO - [2026-07-17T11:31:38.051+0000] {dag.py:4138} INFO - Setting next_dagrun for airflow_sanity_check to None, run_after=None
[2026-07-17T11:31:38.082+0000] {processor.py:208} INFO - Processing /opt/airflow/dags/sanity_checks.py took 0.123 seconds
[2026-07-17T11:32:08.437+0000] {processor.py:186} INFO - Started process (PID=22734) to work on /opt/airflow/dags/sanity_checks.py
[2026-07-17T11:32:08.439+0000] {processor.py:914} INFO - Processing file /opt/airflow/dags/sanity_checks.py for tasks to queue
[2026-07-17T11:32:08.445+0000] {logging_mixin.py:190} INFO - [2026-07-17T11:32:08.444+0000] {dagbag.py:587} INFO - Filling up the DagBag from /opt/airflow/dags/sanity_checks.py
[2026-07-17T11:32:08.462+0000] {processor.py:925} INFO - DAG(s) 'airflow_sanity_check' retrieved from /opt/airflow/dags/sanity_checks.py
[2026-07-17T11:32:08.504+0000] {logging_mixin.py:190} INFO - [2026-07-17T11:32:08.503+0000] {dag.py:3211} INFO - Sync 1 DAGs
[2026-07-17T11:32:08.526+0000] {logging_mixin.py:190} INFO - [2026-07-17T11:32:08.526+0000] {dag.py:4138} INFO - Setting next_dagrun for airflow_sanity_check to None, run_after=None
[2026-07-17T11:32:08.554+0000] {processor.py:208} INFO - Processing /opt/airflow/dags/sanity_checks.py took 0.127 seconds
[2026-07-17T11:32:39.064+0000] {processor.py:186} INFO - Started process (PID=22744) to work on /opt/airflow/dags/sanity_checks.py
[2026-07-17T11:32:39.077+0000] {processor.py:914} INFO - Processing file /opt/airflow/dags/sanity_checks.py for tasks to queue
[2026-07-17T11:32:39.091+0000] {logging_mixin.py:190} INFO - [2026-07-17T11:32:39.089+0000] {dagbag.py:587} INFO - Filling up the DagBag from /opt/airflow/dags/sanity_checks.py
[2026-07-17T11:32:39.157+0000] {processor.py:925} INFO - DAG(s) 'airflow_sanity_check' retrieved from /opt/airflow/dags/sanity_checks.py
[2026-07-17T11:32:39.336+0000] {logging_mixin.py:190} INFO - [2026-07-17T11:32:39.335+0000] {dag.py:3211} INFO - Sync 1 DAGs
[2026-07-17T11:32:39.429+0000] {logging_mixin.py:190} INFO - [2026-07-17T11:32:39.428+0000] {dag.py:4138} INFO - Setting next_dagrun for airflow_sanity_check to None, run_after=None
[2026-07-17T11:32:39.567+0000] {processor.py:208} INFO - Processing /opt/airflow/dags/sanity_checks.py took 0.552 seconds
[2026-07-17T11:33:10.582+0000] {processor.py:186} INFO - Started process (PID=22754) to work on /opt/airflow/dags/sanity_checks.py
[2026-07-17T11:33:10.588+0000] {processor.py:914} INFO - Processing file /opt/airflow/dags/sanity_checks.py for tasks to queue
[2026-07-17T11:33:10.604+0000] {logging_mixin.py:190} INFO - [2026-07-17T11:33:10.602+0000] {dagbag.py:587} INFO - Filling up the DagBag from /opt/airflow/dags/sanity_checks.py
[2026-07-17T11:33:10.686+0000] {processor.py:925} INFO - DAG(s) 'airflow_sanity_check' retrieved from /opt/airflow/dags/sanity_checks.py
[2026-07-17T11:33:10.898+0000] {logging_mixin.py:190} INFO - [2026-07-17T11:33:10.896+0000] {dag.py:3211} INFO - Sync 1 DAGs
[2026-07-17T11:33:11.026+0000] {logging_mixin.py:190} INFO - [2026-07-17T11:33:11.025+0000] {dag.py:4138} INFO - Setting next_dagrun for airflow_sanity_check to None, run_after=None
[2026-07-17T11:33:11.244+0000] {processor.py:208} INFO - Processing /opt/airflow/dags/sanity_checks.py took 0.706 seconds
[2026-07-17T11:33:42.092+0000] {processor.py:186} INFO - Started process (PID=22764) to work on /opt/airflow/dags/sanity_checks.py
[2026-07-17T11:33:42.098+0000] {processor.py:914} INFO - Processing file /opt/airflow/dags/sanity_checks.py for tasks to queue
[2026-07-17T11:33:42.112+0000] {logging_mixin.py:190} INFO - [2026-07-17T11:33:42.110+0000] {dagbag.py:587} INFO - Filling up the DagBag from /opt/airflow/dags/sanity_checks.py
[2026-07-17T11:33:42.216+0000] {processor.py:925} INFO - DAG(s) 'airflow_sanity_check' retrieved from /opt/airflow/dags/sanity_checks.py
[2026-07-17T11:33:42.441+0000] {logging_mixin.py:190} INFO - [2026-07-17T11:33:42.440+0000] {dag.py:3211} INFO - Sync 1 DAGs
[2026-07-17T11:33:42.566+0000] {logging_mixin.py:190} INFO - [2026-07-17T11:33:42.564+0000] {dag.py:4138} INFO - Setting next_dagrun for airflow_sanity_check to None, run_after=None
[2026-07-17T11:33:42.680+0000] {processor.py:208} INFO - Processing /opt/airflow/dags/sanity_checks.py took 0.627 seconds
[2026-07-17T11:34:13.596+0000] {processor.py:186} INFO - Started process (PID=22774) to work on /opt/airflow/dags/sanity_checks.py
[2026-07-17T11:34:13.603+0000] {processor.py:914} INFO - Processing file /opt/airflow/dags/sanity_checks.py for tasks to queue
[2026-07-17T11:34:13.618+0000] {logging_mixin.py:190} INFO - [2026-07-17T11:34:13.616+0000] {dagbag.py:587} INFO - Filling up the DagBag from /opt/airflow/dags/sanity_checks.py
[2026-07-17T11:34:13.686+0000] {processor.py:925} INFO - DAG(s) 'airflow_sanity_check' retrieved from /opt/airflow/dags/sanity_checks.py
[2026-07-17T11:34:13.967+0000] {logging_mixin.py:190} INFO - [2026-07-17T11:34:13.965+0000] {dag.py:3211} INFO - Sync 1 DAGs
[2026-07-17T11:34:14.088+0000] {logging_mixin.py:190} INFO - [2026-07-17T11:34:14.085+0000] {dag.py:4138} INFO - Setting next_dagrun for airflow_sanity_check to None, run_after=None
[2026-07-17T11:34:14.214+0000] {processor.py:208} INFO - Processing /opt/airflow/dags/sanity_checks.py took 0.662 seconds
[2026-07-17T11:34:44.397+0000] {processor.py:186} INFO - Started process (PID=22784) to work on /opt/airflow/dags/sanity_checks.py
[2026-07-17T11:34:44.403+0000] {processor.py:914} INFO - Processing file /opt/airflow/dags/sanity_checks.py for tasks to queue
[2026-07-17T11:34:44.421+0000] {logging_mixin.py:190} INFO - [2026-07-17T11:34:44.419+0000] {dagbag.py:587} INFO - Filling up the DagBag from /opt/airflow/dags/sanity_checks.py
[2026-07-17T11:34:44.487+0000] {processor.py:925} INFO - DAG(s) 'airflow_sanity_check' retrieved from /opt/airflow/dags/sanity_checks.py
[2026-07-17T11:34:44.667+0000] {logging_mixin.py:190} INFO - [2026-07-17T11:34:44.666+0000] {dag.py:3211} INFO - Sync 1 DAGs
[2026-07-17T11:34:44.761+0000] {logging_mixin.py:190} INFO - [2026-07-17T11:34:44.760+0000] {dag.py:4138} INFO - Setting next_dagrun for airflow_sanity_check to None, run_after=None
[2026-07-17T11:34:44.865+0000] {processor.py:208} INFO - Processing /opt/airflow/dags/sanity_checks.py took 0.505 seconds
[2026-07-17T11:35:15.133+0000] {processor.py:186} INFO - Started process (PID=22794) to work on /opt/airflow/dags/sanity_checks.py
[2026-07-17T11:35:15.140+0000] {processor.py:914} INFO - Processing file /opt/airflow/dags/sanity_checks.py for tasks to queue
[2026-07-17T11:35:15.157+0000] {logging_mixin.py:190} INFO - [2026-07-17T11:35:15.155+0000] {dagbag.py:587} INFO - Filling up the DagBag from /opt/airflow/dags/sanity_checks.py
[2026-07-17T11:35:15.222+0000] {processor.py:925} INFO - DAG(s) 'airflow_sanity_check' retrieved from /opt/airflow/dags/sanity_checks.py
[2026-07-17T11:35:15.402+0000] {logging_mixin.py:190} INFO - [2026-07-17T11:35:15.401+0000] {dag.py:3211} INFO - Sync 1 DAGs
[2026-07-17T11:35:15.507+0000] {logging_mixin.py:190} INFO - [2026-07-17T11:35:15.506+0000] {dag.py:4138} INFO - Setting next_dagrun for airflow_sanity_check to None, run_after=None
[2026-07-17T11:35:15.610+0000] {processor.py:208} INFO - Processing /opt/airflow/dags/sanity_checks.py took 0.515 seconds
[2026-07-17T11:35:46.007+0000] {processor.py:186} INFO - Started process (PID=22804) to work on /opt/airflow/dags/sanity_checks.py
[2026-07-17T11:35:46.013+0000] {processor.py:914} INFO - Processing file /opt/airflow/dags/sanity_checks.py for tasks to queue
[2026-07-17T11:35:46.032+0000] {logging_mixin.py:190} INFO - [2026-07-17T11:35:46.030+0000] {dagbag.py:587} INFO - Filling up the DagBag from /opt/airflow/dags/sanity_checks.py
[2026-07-17T11:35:46.107+0000] {processor.py:925} INFO - DAG(s) 'airflow_sanity_check' retrieved from /opt/airflow/dags/sanity_checks.py
[2026-07-17T11:35:46.416+0000] {logging_mixin.py:190} INFO - [2026-07-17T11:35:46.414+0000] {dag.py:3211} INFO - Sync 1 DAGs
[2026-07-17T11:35:46.565+0000] {logging_mixin.py:190} INFO - [2026-07-17T11:35:46.563+0000] {dag.py:4138} INFO - Setting next_dagrun for airflow_sanity_check to None, run_after=None
[2026-07-17T11:35:46.693+0000] {processor.py:208} INFO - Processing /opt/airflow/dags/sanity_checks.py took 0.725 seconds
[2026-07-17T11:36:16.963+0000] {processor.py:186} INFO - Started process (PID=22814) to work on /opt/airflow/dags/sanity_checks.py
[2026-07-17T11:36:16.969+0000] {processor.py:914} INFO - Processing file /opt/airflow/dags/sanity_checks.py for tasks to queue
[2026-07-17T11:36:16.983+0000] {logging_mixin.py:190} INFO - [2026-07-17T11:36:16.981+0000] {dagbag.py:587} INFO - Filling up the DagBag from /opt/airflow/dags/sanity_checks.py
[2026-07-17T11:36:17.049+0000] {processor.py:925} INFO - DAG(s) 'airflow_sanity_check' retrieved from /opt/airflow/dags/sanity_checks.py
[2026-07-17T11:36:17.219+0000] {logging_mixin.py:190} INFO - [2026-07-17T11:36:17.218+0000] {dag.py:3211} INFO - Sync 1 DAGs
[2026-07-17T11:36:17.312+0000] {logging_mixin.py:190} INFO - [2026-07-17T11:36:17.311+0000] {dag.py:4138} INFO - Setting next_dagrun for airflow_sanity_check to None, run_after=None
[2026-07-17T11:36:17.413+0000] {processor.py:208} INFO - Processing /opt/airflow/dags/sanity_checks.py took 0.492 seconds
[2026-07-17T11:36:47.842+0000] {processor.py:186} INFO - Started process (PID=22824) to work on /opt/airflow/dags/sanity_checks.py
[2026-07-17T11:36:47.848+0000] {processor.py:914} INFO - Processing file /opt/airflow/dags/sanity_checks.py for tasks to queue
[2026-07-17T11:36:47.863+0000] {logging_mixin.py:190} INFO - [2026-07-17T11:36:47.861+0000] {dagbag.py:587} INFO - Filling up the DagBag from /opt/airflow/dags/sanity_checks.py
[2026-07-17T11:36:47.927+0000] {processor.py:925} INFO - DAG(s) 'airflow_sanity_check' retrieved from /opt/airflow/dags/sanity_checks.py
[2026-07-17T11:36:48.100+0000] {logging_mixin.py:190} INFO - [2026-07-17T11:36:48.097+0000] {dag.py:3211} INFO - Sync 1 DAGs
[2026-07-17T11:36:48.210+0000] {logging_mixin.py:190} INFO - [2026-07-17T11:36:48.209+0000] {dag.py:4138} INFO - Setting next_dagrun for airflow_sanity_check to None, run_after=None
[2026-07-17T11:36:48.330+0000] {processor.py:208} INFO - Processing /opt/airflow/dags/sanity_checks.py took 0.529 seconds
[2026-07-17T11:37:18.774+0000] {processor.py:186} INFO - Started process (PID=22834) to work on /opt/airflow/dags/sanity_checks.py
[2026-07-17T11:37:18.781+0000] {processor.py:914} INFO - Processing file /opt/airflow/dags/sanity_checks.py for tasks to queue
[2026-07-17T11:37:18.795+0000] {logging_mixin.py:190} INFO - [2026-07-17T11:37:18.793+0000] {dagbag.py:587} INFO - Filling up the DagBag from /opt/airflow/dags/sanity_checks.py
[2026-07-17T11:37:18.856+0000] {processor.py:925} INFO - DAG(s) 'airflow_sanity_check' retrieved from /opt/airflow/dags/sanity_checks.py
[2026-07-17T11:37:19.027+0000] {logging_mixin.py:190} INFO - [2026-07-17T11:37:19.025+0000] {dag.py:3211} INFO - Sync 1 DAGs
[2026-07-17T11:37:19.120+0000] {logging_mixin.py:190} INFO - [2026-07-17T11:37:19.119+0000] {dag.py:4138} INFO - Setting next_dagrun for airflow_sanity_check to None, run_after=None
[2026-07-17T11:37:19.227+0000] {processor.py:208} INFO - Processing /opt/airflow/dags/sanity_checks.py took 0.494 seconds
[2026-07-17T11:37:49.692+0000] {processor.py:186} INFO - Started process (PID=22844) to work on /opt/airflow/dags/sanity_checks.py
[2026-07-17T11:37:49.700+0000] {processor.py:914} INFO - Processing file /opt/airflow/dags/sanity_checks.py for tasks to queue
[2026-07-17T11:37:49.716+0000] {logging_mixin.py:190} INFO - [2026-07-17T11:37:49.714+0000] {dagbag.py:587} INFO - Filling up the DagBag from /opt/airflow/dags/sanity_checks.py
[2026-07-17T11:37:49.788+0000] {processor.py:925} INFO - DAG(s) 'airflow_sanity_check' retrieved from /opt/airflow/dags/sanity_checks.py
[2026-07-17T11:37:49.962+0000] {logging_mixin.py:190} INFO - [2026-07-17T11:37:49.961+0000] {dag.py:3211} INFO - Sync 1 DAGs
[2026-07-17T11:37:50.060+0000] {logging_mixin.py:190} INFO - [2026-07-17T11:37:50.059+0000] {dag.py:4138} INFO - Setting next_dagrun for airflow_sanity_check to None, run_after=None
[2026-07-17T11:37:50.162+0000] {processor.py:208} INFO - Processing /opt/airflow/dags/sanity_checks.py took 0.513 seconds
[2026-07-17T11:38:20.618+0000] {processor.py:186} INFO - Started process (PID=22854) to work on /opt/airflow/dags/sanity_checks.py
[2026-07-17T11:38:20.624+0000] {processor.py:914} INFO - Processing file /opt/airflow/dags/sanity_checks.py for tasks to queue
[2026-07-17T11:38:20.638+0000] {logging_mixin.py:190} INFO - [2026-07-17T11:38:20.636+0000] {dagbag.py:587} INFO - Filling up the DagBag from /opt/airflow/dags/sanity_checks.py
[2026-07-17T11:38:20.706+0000] {processor.py:925} INFO - DAG(s) 'airflow_sanity_check' retrieved from /opt/airflow/dags/sanity_checks.py
[2026-07-17T11:38:20.892+0000] {logging_mixin.py:190} INFO - [2026-07-17T11:38:20.890+0000] {dag.py:3211} INFO - Sync 1 DAGs
[2026-07-17T11:38:20.990+0000] {logging_mixin.py:190} INFO - [2026-07-17T11:38:20.989+0000] {dag.py:4138} INFO - Setting next_dagrun for airflow_sanity_check to None, run_after=None
[2026-07-17T11:38:21.140+0000] {processor.py:208} INFO - Processing /opt/airflow/dags/sanity_checks.py took 0.561 seconds
[2026-07-17T11:38:51.713+0000] {processor.py:186} INFO - Started process (PID=22864) to work on /opt/airflow/dags/sanity_checks.py
[2026-07-17T11:38:51.720+0000] {processor.py:914} INFO - Processing file /opt/airflow/dags/sanity_checks.py for tasks to queue
[2026-07-17T11:38:51.739+0000] {logging_mixin.py:190} INFO - [2026-07-17T11:38:51.737+0000] {dagbag.py:587} INFO - Filling up the DagBag from /opt/airflow/dags/sanity_checks.py
[2026-07-17T11:38:51.801+0000] {processor.py:925} INFO - DAG(s) 'airflow_sanity_check' retrieved from /opt/airflow/dags/sanity_checks.py
[2026-07-17T11:38:51.974+0000] {logging_mixin.py:190} INFO - [2026-07-17T11:38:51.973+0000] {dag.py:3211} INFO - Sync 1 DAGs
[2026-07-17T11:38:52.062+0000] {logging_mixin.py:190} INFO - [2026-07-17T11:38:52.061+0000] {dag.py:4138} INFO - Setting next_dagrun for airflow_sanity_check to None, run_after=None
[2026-07-17T11:38:52.167+0000] {processor.py:208} INFO - Processing /opt/airflow/dags/sanity_checks.py took 0.492 seconds
[2026-07-17T11:39:22.538+0000] {processor.py:186} INFO - Started process (PID=22874) to work on /opt/airflow/dags/sanity_checks.py
[2026-07-17T11:39:22.543+0000] {processor.py:914} INFO - Processing file /opt/airflow/dags/sanity_checks.py for tasks to queue
[2026-07-17T11:39:22.561+0000] {logging_mixin.py:190} INFO - [2026-07-17T11:39:22.559+0000] {dagbag.py:587} INFO - Filling up the DagBag from /opt/airflow/dags/sanity_checks.py
[2026-07-17T11:39:22.626+0000] {processor.py:925} INFO - DAG(s) 'airflow_sanity_check' retrieved from /opt/airflow/dags/sanity_checks.py
[2026-07-17T11:39:22.802+0000] {logging_mixin.py:190} INFO - [2026-07-17T11:39:22.800+0000] {dag.py:3211} INFO - Sync 1 DAGs
[2026-07-17T11:39:22.889+0000] {logging_mixin.py:190} INFO - [2026-07-17T11:39:22.888+0000] {dag.py:4138} INFO - Setting next_dagrun for airflow_sanity_check to None, run_after=None
[2026-07-17T11:39:22.991+0000] {processor.py:208} INFO - Processing /opt/airflow/dags/sanity_checks.py took 0.490 seconds
[2026-07-17T11:39:53.598+0000] {processor.py:186} INFO - Started process (PID=22884) to work on /opt/airflow/dags/sanity_checks.py
[2026-07-17T11:39:53.606+0000] {processor.py:914} INFO - Processing file /opt/airflow/dags/sanity_checks.py for tasks to queue
[2026-07-17T11:39:53.627+0000] {logging_mixin.py:190} INFO - [2026-07-17T11:39:53.625+0000] {dagbag.py:587} INFO - Filling up the DagBag from /opt/airflow/dags/sanity_checks.py
[2026-07-17T11:39:53.692+0000] {processor.py:925} INFO - DAG(s) 'airflow_sanity_check' retrieved from /opt/airflow/dags/sanity_checks.py
[2026-07-17T11:39:53.875+0000] {logging_mixin.py:190} INFO - [2026-07-17T11:39:53.873+0000] {dag.py:3211} INFO - Sync 1 DAGs
[2026-07-17T11:39:53.966+0000] {logging_mixin.py:190} INFO - [2026-07-17T11:39:53.965+0000] {dag.py:4138} INFO - Setting next_dagrun for airflow_sanity_check to None, run_after=None
[2026-07-17T11:39:54.100+0000] {processor.py:208} INFO - Processing /opt/airflow/dags/sanity_checks.py took 0.556 seconds
[2026-07-17T11:40:24.558+0000] {processor.py:186} INFO - Started process (PID=22894) to work on /opt/airflow/dags/sanity_checks.py
[2026-07-17T11:40:24.565+0000] {processor.py:914} INFO - Processing file /opt/airflow/dags/sanity_checks.py for tasks to queue
[2026-07-17T11:40:24.581+0000] {logging_mixin.py:190} INFO - [2026-07-17T11:40:24.579+0000] {dagbag.py:587} INFO - Filling up the DagBag from /opt/airflow/dags/sanity_checks.py
[2026-07-17T11:40:24.653+0000] {processor.py:925} INFO - DAG(s) 'airflow_sanity_check' retrieved from /opt/airflow/dags/sanity_checks.py
[2026-07-17T11:40:24.837+0000] {logging_mixin.py:190} INFO - [2026-07-17T11:40:24.835+0000] {dag.py:3211} INFO - Sync 1 DAGs
[2026-07-17T11:40:24.929+0000] {logging_mixin.py:190} INFO - [2026-07-17T11:40:24.928+0000] {dag.py:4138} INFO - Setting next_dagrun for airflow_sanity_check to None, run_after=None
[2026-07-17T11:40:25.143+0000] {processor.py:208} INFO - Processing /opt/airflow/dags/sanity_checks.py took 0.632 seconds
[2026-07-17T11:40:55.696+0000] {processor.py:186} INFO - Started process (PID=22904) to work on /opt/airflow/dags/sanity_checks.py
[2026-07-17T11:40:55.703+0000] {processor.py:914} INFO - Processing file /opt/airflow/dags/sanity_checks.py for tasks to queue
[2026-07-17T11:40:55.717+0000] {logging_mixin.py:190} INFO - [2026-07-17T11:40:55.715+0000] {dagbag.py:587} INFO - Filling up the DagBag from /opt/airflow/dags/sanity_checks.py
[2026-07-17T11:40:55.782+0000] {processor.py:925} INFO - DAG(s) 'airflow_sanity_check' retrieved from /opt/airflow/dags/sanity_checks.py
[2026-07-17T11:40:55.956+0000] {logging_mixin.py:190} INFO - [2026-07-17T11:40:55.955+0000] {dag.py:3211} INFO - Sync 1 DAGs
[2026-07-17T11:40:56.048+0000] {logging_mixin.py:190} INFO - [2026-07-17T11:40:56.047+0000] {dag.py:4138} INFO - Setting next_dagrun for airflow_sanity_check to None, run_after=None
[2026-07-17T11:40:56.150+0000] {processor.py:208} INFO - Processing /opt/airflow/dags/sanity_checks.py took 0.497 seconds
[2026-07-17T11:41:26.717+0000] {processor.py:186} INFO - Started process (PID=22914) to work on /opt/airflow/dags/sanity_checks.py
[2026-07-17T11:41:26.723+0000] {processor.py:914} INFO - Processing file /opt/airflow/dags/sanity_checks.py for tasks to queue
[2026-07-17T11:41:26.737+0000] {logging_mixin.py:190} INFO - [2026-07-17T11:41:26.735+0000] {dagbag.py:587} INFO - Filling up the DagBag from /opt/airflow/dags/sanity_checks.py
[2026-07-17T11:41:26.799+0000] {processor.py:925} INFO - DAG(s) 'airflow_sanity_check' retrieved from /opt/airflow/dags/sanity_checks.py
[2026-07-17T11:41:26.969+0000] {logging_mixin.py:190} INFO - [2026-07-17T11:41:26.968+0000] {dag.py:3211} INFO - Sync 1 DAGs
[2026-07-17T11:41:27.059+0000] {logging_mixin.py:190} INFO - [2026-07-17T11:41:27.057+0000] {dag.py:4138} INFO - Setting next_dagrun for airflow_sanity_check to None, run_after=None
[2026-07-17T11:41:27.163+0000] {processor.py:208} INFO - Processing /opt/airflow/dags/sanity_checks.py took 0.485 seconds
[2026-07-17T11:41:57.610+0000] {processor.py:186} INFO - Started process (PID=22924) to work on /opt/airflow/dags/sanity_checks.py
[2026-07-17T11:41:57.617+0000] {processor.py:914} INFO - Processing file /opt/airflow/dags/sanity_checks.py for tasks to queue
[2026-07-17T11:41:57.633+0000] {logging_mixin.py:190} INFO - [2026-07-17T11:41:57.631+0000] {dagbag.py:587} INFO - Filling up the DagBag from /opt/airflow/dags/sanity_checks.py
[2026-07-17T11:41:57.697+0000] {processor.py:925} INFO - DAG(s) 'airflow_sanity_check' retrieved from /opt/airflow/dags/sanity_checks.py
[2026-07-17T11:41:57.864+0000] {logging_mixin.py:190} INFO - [2026-07-17T11:41:57.863+0000] {dag.py:3211} INFO - Sync 1 DAGs
[2026-07-17T11:41:57.954+0000] {logging_mixin.py:190} INFO - [2026-07-17T11:41:57.952+0000] {dag.py:4138} INFO - Setting next_dagrun for airflow_sanity_check to None, run_after=None
[2026-07-17T11:41:58.060+0000] {processor.py:208} INFO - Processing /opt/airflow/dags/sanity_checks.py took 0.494 seconds
[2026-07-17T11:42:28.577+0000] {processor.py:186} INFO - Started process (PID=22934) to work on /opt/airflow/dags/sanity_checks.py
[2026-07-17T11:42:28.583+0000] {processor.py:914} INFO - Processing file /opt/airflow/dags/sanity_checks.py for tasks to queue
[2026-07-17T11:42:28.599+0000] {logging_mixin.py:190} INFO - [2026-07-17T11:42:28.597+0000] {dagbag.py:587} INFO - Filling up the DagBag from /opt/airflow/dags/sanity_checks.py
[2026-07-17T11:42:28.668+0000] {processor.py:925} INFO - DAG(s) 'airflow_sanity_check' retrieved from /opt/airflow/dags/sanity_checks.py
[2026-07-17T11:42:28.838+0000] {logging_mixin.py:190} INFO - [2026-07-17T11:42:28.837+0000] {dag.py:3211} INFO - Sync 1 DAGs
[2026-07-17T11:42:28.942+0000] {logging_mixin.py:190} INFO - [2026-07-17T11:42:28.941+0000] {dag.py:4138} INFO - Setting next_dagrun for airflow_sanity_check to None, run_after=None
[2026-07-17T11:42:29.067+0000] {processor.py:208} INFO - Processing /opt/airflow/dags/sanity_checks.py took 0.530 seconds
[2026-07-17T11:42:59.619+0000] {processor.py:186} INFO - Started process (PID=22944) to work on /opt/airflow/dags/sanity_checks.py
[2026-07-17T11:42:59.625+0000] {processor.py:914} INFO - Processing file /opt/airflow/dags/sanity_checks.py for tasks to queue
[2026-07-17T11:42:59.645+0000] {logging_mixin.py:190} INFO - [2026-07-17T11:42:59.643+0000] {dagbag.py:587} INFO - Filling up the DagBag from /opt/airflow/dags/sanity_checks.py
[2026-07-17T11:42:59.707+0000] {processor.py:925} INFO - DAG(s) 'airflow_sanity_check' retrieved from /opt/airflow/dags/sanity_checks.py
[2026-07-17T11:42:59.874+0000] {logging_mixin.py:190} INFO - [2026-07-17T11:42:59.873+0000] {dag.py:3211} INFO - Sync 1 DAGs
[2026-07-17T11:42:59.967+0000] {logging_mixin.py:190} INFO - [2026-07-17T11:42:59.966+0000] {dag.py:4138} INFO - Setting next_dagrun for airflow_sanity_check to None, run_after=None
[2026-07-17T11:43:00.070+0000] {processor.py:208} INFO - Processing /opt/airflow/dags/sanity_checks.py took 0.491 seconds
[2026-07-17T11:43:30.452+0000] {processor.py:186} INFO - Started process (PID=22954) to work on /opt/airflow/dags/sanity_checks.py
[2026-07-17T11:43:30.458+0000] {processor.py:914} INFO - Processing file /opt/airflow/dags/sanity_checks.py for tasks to queue
[2026-07-17T11:43:30.476+0000] {logging_mixin.py:190} INFO - [2026-07-17T11:43:30.474+0000] {dagbag.py:587} INFO - Filling up the DagBag from /opt/airflow/dags/sanity_checks.py
[2026-07-17T11:43:30.540+0000] {processor.py:925} INFO - DAG(s) 'airflow_sanity_check' retrieved from /opt/airflow/dags/sanity_checks.py
[2026-07-17T11:43:30.728+0000] {logging_mixin.py:190} INFO - [2026-07-17T11:43:30.727+0000] {dag.py:3211} INFO - Sync 1 DAGs
[2026-07-17T11:43:30.826+0000] {logging_mixin.py:190} INFO - [2026-07-17T11:43:30.825+0000] {dag.py:4138} INFO - Setting next_dagrun for airflow_sanity_check to None, run_after=None
[2026-07-17T11:43:30.932+0000] {processor.py:208} INFO - Processing /opt/airflow/dags/sanity_checks.py took 0.518 seconds
[2026-07-17T11:44:01.320+0000] {processor.py:186} INFO - Started process (PID=22964) to work on /opt/airflow/dags/sanity_checks.py
[2026-07-17T11:44:01.326+0000] {processor.py:914} INFO - Processing file /opt/airflow/dags/sanity_checks.py for tasks to queue
[2026-07-17T11:44:01.341+0000] {logging_mixin.py:190} INFO - [2026-07-17T11:44:01.339+0000] {dagbag.py:587} INFO - Filling up the DagBag from /opt/airflow/dags/sanity_checks.py
[2026-07-17T11:44:01.486+0000] {processor.py:925} INFO - DAG(s) 'airflow_sanity_check' retrieved from /opt/airflow/dags/sanity_checks.py
[2026-07-17T11:44:01.665+0000] {logging_mixin.py:190} INFO - [2026-07-17T11:44:01.664+0000] {dag.py:3211} INFO - Sync 1 DAGs
[2026-07-17T11:44:01.759+0000] {logging_mixin.py:190} INFO - [2026-07-17T11:44:01.758+0000] {dag.py:4138} INFO - Setting next_dagrun for airflow_sanity_check to None, run_after=None
[2026-07-17T11:44:01.864+0000] {processor.py:208} INFO - Processing /opt/airflow/dags/sanity_checks.py took 0.588 seconds
[2026-07-17T11:44:32.457+0000] {processor.py:186} INFO - Started process (PID=22974) to work on /opt/airflow/dags/sanity_checks.py
[2026-07-17T11:44:32.463+0000] {processor.py:914} INFO - Processing file /opt/airflow/dags/sanity_checks.py for tasks to queue
[2026-07-17T11:44:32.484+0000] {logging_mixin.py:190} INFO - [2026-07-17T11:44:32.480+0000] {dagbag.py:587} INFO - Filling up the DagBag from /opt/airflow/dags/sanity_checks.py
[2026-07-17T11:44:32.568+0000] {processor.py:925} INFO - DAG(s) 'airflow_sanity_check' retrieved from /opt/airflow/dags/sanity_checks.py
[2026-07-17T11:44:32.779+0000] {logging_mixin.py:190} INFO - [2026-07-17T11:44:32.778+0000] {dag.py:3211} INFO - Sync 1 DAGs
[2026-07-17T11:44:32.989+0000] {logging_mixin.py:190} INFO - [2026-07-17T11:44:32.977+0000] {dag.py:4138} INFO - Setting next_dagrun for airflow_sanity_check to None, run_after=None
[2026-07-17T11:44:33.168+0000] {processor.py:208} INFO - Processing /opt/airflow/dags/sanity_checks.py took 0.753 seconds
[2026-07-17T11:45:04.165+0000] {processor.py:186} INFO - Started process (PID=22984) to work on /opt/airflow/dags/sanity_checks.py
[2026-07-17T11:45:04.171+0000] {processor.py:914} INFO - Processing file /opt/airflow/dags/sanity_checks.py for tasks to queue
[2026-07-17T11:45:04.185+0000] {logging_mixin.py:190} INFO - [2026-07-17T11:45:04.183+0000] {dagbag.py:587} INFO - Filling up the DagBag from /opt/airflow/dags/sanity_checks.py
[2026-07-17T11:45:04.250+0000] {processor.py:925} INFO - DAG(s) 'airflow_sanity_check' retrieved from /opt/airflow/dags/sanity_checks.py
[2026-07-17T11:45:04.424+0000] {logging_mixin.py:190} INFO - [2026-07-17T11:45:04.423+0000] {dag.py:3211} INFO - Sync 1 DAGs
[2026-07-17T11:45:04.532+0000] {logging_mixin.py:190} INFO - [2026-07-17T11:45:04.527+0000] {dag.py:4138} INFO - Setting next_dagrun for airflow_sanity_check to None, run_after=None
[2026-07-17T11:45:04.719+0000] {processor.py:208} INFO - Processing /opt/airflow/dags/sanity_checks.py took 0.595 seconds
[2026-07-17T11:45:35.002+0000] {processor.py:186} INFO - Started process (PID=22994) to work on /opt/airflow/dags/sanity_checks.py
[2026-07-17T11:45:35.008+0000] {processor.py:914} INFO - Processing file /opt/airflow/dags/sanity_checks.py for tasks to queue
[2026-07-17T11:45:35.023+0000] {logging_mixin.py:190} INFO - [2026-07-17T11:45:35.021+0000] {dagbag.py:587} INFO - Filling up the DagBag from /opt/airflow/dags/sanity_checks.py
[2026-07-17T11:45:35.089+0000] {processor.py:925} INFO - DAG(s) 'airflow_sanity_check' retrieved from /opt/airflow/dags/sanity_checks.py
[2026-07-17T11:45:35.262+0000] {logging_mixin.py:190} INFO - [2026-07-17T11:45:35.261+0000] {dag.py:3211} INFO - Sync 1 DAGs
[2026-07-17T11:45:35.354+0000] {logging_mixin.py:190} INFO - [2026-07-17T11:45:35.353+0000] {dag.py:4138} INFO - Setting next_dagrun for airflow_sanity_check to None, run_after=None
[2026-07-17T11:45:35.457+0000] {processor.py:208} INFO - Processing /opt/airflow/dags/sanity_checks.py took 0.493 seconds
[2026-07-17T11:46:05.793+0000] {processor.py:186} INFO - Started process (PID=23004) to work on /opt/airflow/dags/sanity_checks.py
[2026-07-17T11:46:05.799+0000] {processor.py:914} INFO - Processing file /opt/airflow/dags/sanity_checks.py for tasks to queue
[2026-07-17T11:46:05.814+0000] {logging_mixin.py:190} INFO - [2026-07-17T11:46:05.811+0000] {dagbag.py:587} INFO - Filling up the DagBag from /opt/airflow/dags/sanity_checks.py
[2026-07-17T11:46:05.883+0000] {processor.py:925} INFO - DAG(s) 'airflow_sanity_check' retrieved from /opt/airflow/dags/sanity_checks.py
[2026-07-17T11:46:06.061+0000] {logging_mixin.py:190} INFO - [2026-07-17T11:46:06.060+0000] {dag.py:3211} INFO - Sync 1 DAGs
[2026-07-17T11:46:06.170+0000] {logging_mixin.py:190} INFO - [2026-07-17T11:46:06.168+0000] {dag.py:4138} INFO - Setting next_dagrun for airflow_sanity_check to None, run_after=None
[2026-07-17T11:46:06.296+0000] {processor.py:208} INFO - Processing /opt/airflow/dags/sanity_checks.py took 0.543 seconds
[2026-07-17T11:46:36.767+0000] {processor.py:186} INFO - Started process (PID=23014) to work on /opt/airflow/dags/sanity_checks.py
[2026-07-17T11:46:36.774+0000] {processor.py:914} INFO - Processing file /opt/airflow/dags/sanity_checks.py for tasks to queue
[2026-07-17T11:46:36.788+0000] {logging_mixin.py:190} INFO - [2026-07-17T11:46:36.787+0000] {dagbag.py:587} INFO - Filling up the DagBag from /opt/airflow/dags/sanity_checks.py
[2026-07-17T11:46:36.854+0000] {processor.py:925} INFO - DAG(s) 'airflow_sanity_check' retrieved from /opt/airflow/dags/sanity_checks.py
[2026-07-17T11:46:37.028+0000] {logging_mixin.py:190} INFO - [2026-07-17T11:46:37.027+0000] {dag.py:3211} INFO - Sync 1 DAGs
[2026-07-17T11:46:37.122+0000] {logging_mixin.py:190} INFO - [2026-07-17T11:46:37.121+0000] {dag.py:4138} INFO - Setting next_dagrun for airflow_sanity_check to None, run_after=None
[2026-07-17T11:46:37.226+0000] {processor.py:208} INFO - Processing /opt/airflow/dags/sanity_checks.py took 0.498 seconds
[2026-07-17T11:47:07.830+0000] {processor.py:186} INFO - Started process (PID=23024) to work on /opt/airflow/dags/sanity_checks.py
[2026-07-17T11:47:07.836+0000] {processor.py:914} INFO - Processing file /opt/airflow/dags/sanity_checks.py for tasks to queue
[2026-07-17T11:47:07.854+0000] {logging_mixin.py:190} INFO - [2026-07-17T11:47:07.852+0000] {dagbag.py:587} INFO - Filling up the DagBag from /opt/airflow/dags/sanity_checks.py
[2026-07-17T11:47:07.920+0000] {processor.py:925} INFO - DAG(s) 'airflow_sanity_check' retrieved from /opt/airflow/dags/sanity_checks.py
[2026-07-17T11:47:08.095+0000] {logging_mixin.py:190} INFO - [2026-07-17T11:47:08.094+0000] {dag.py:3211} INFO - Sync 1 DAGs
[2026-07-17T11:47:08.195+0000] {logging_mixin.py:190} INFO - [2026-07-17T11:47:08.194+0000] {dag.py:4138} INFO - Setting next_dagrun for airflow_sanity_check to None, run_after=None
[2026-07-17T11:47:08.300+0000] {processor.py:208} INFO - Processing /opt/airflow/dags/sanity_checks.py took 0.509 seconds
[2026-07-17T11:47:38.943+0000] {processor.py:186} INFO - Started process (PID=23034) to work on /opt/airflow/dags/sanity_checks.py
[2026-07-17T11:47:38.947+0000] {processor.py:914} INFO - Processing file /opt/airflow/dags/sanity_checks.py for tasks to queue
[2026-07-17T11:47:38.964+0000] {logging_mixin.py:190} INFO - [2026-07-17T11:47:38.962+0000] {dagbag.py:587} INFO - Filling up the DagBag from /opt/airflow/dags/sanity_checks.py
[2026-07-17T11:47:39.026+0000] {processor.py:925} INFO - DAG(s) 'airflow_sanity_check' retrieved from /opt/airflow/dags/sanity_checks.py
[2026-07-17T11:47:39.192+0000] {logging_mixin.py:190} INFO - [2026-07-17T11:47:39.191+0000] {dag.py:3211} INFO - Sync 1 DAGs
[2026-07-17T11:47:39.282+0000] {logging_mixin.py:190} INFO - [2026-07-17T11:47:39.280+0000] {dag.py:4138} INFO - Setting next_dagrun for airflow_sanity_check to None, run_after=None
[2026-07-17T11:47:39.385+0000] {processor.py:208} INFO - Processing /opt/airflow/dags/sanity_checks.py took 0.479 seconds
[2026-07-17T11:48:09.704+0000] {processor.py:186} INFO - Started process (PID=23044) to work on /opt/airflow/dags/sanity_checks.py
[2026-07-17T11:48:09.710+0000] {processor.py:914} INFO - Processing file /opt/airflow/dags/sanity_checks.py for tasks to queue
[2026-07-17T11:48:09.726+0000] {logging_mixin.py:190} INFO - [2026-07-17T11:48:09.723+0000] {dagbag.py:587} INFO - Filling up the DagBag from /opt/airflow/dags/sanity_checks.py
[2026-07-17T11:48:09.795+0000] {processor.py:925} INFO - DAG(s) 'airflow_sanity_check' retrieved from /opt/airflow/dags/sanity_checks.py
[2026-07-17T11:48:09.970+0000] {logging_mixin.py:190} INFO - [2026-07-17T11:48:09.968+0000] {dag.py:3211} INFO - Sync 1 DAGs
[2026-07-17T11:48:10.061+0000] {logging_mixin.py:190} INFO - [2026-07-17T11:48:10.059+0000] {dag.py:4138} INFO - Setting next_dagrun for airflow_sanity_check to None, run_after=None
[2026-07-17T11:48:10.165+0000] {processor.py:208} INFO - Processing /opt/airflow/dags/sanity_checks.py took 0.504 seconds
[2026-07-17T11:48:40.782+0000] {processor.py:186} INFO - Started process (PID=23054) to work on /opt/airflow/dags/sanity_checks.py
[2026-07-17T11:48:40.788+0000] {processor.py:914} INFO - Processing file /opt/airflow/dags/sanity_checks.py for tasks to queue
[2026-07-17T11:48:40.802+0000] {logging_mixin.py:190} INFO - [2026-07-17T11:48:40.800+0000] {dagbag.py:587} INFO - Filling up the DagBag from /opt/airflow/dags/sanity_checks.py
[2026-07-17T11:48:40.866+0000] {processor.py:925} INFO - DAG(s) 'airflow_sanity_check' retrieved from /opt/airflow/dags/sanity_checks.py
[2026-07-17T11:48:41.039+0000] {logging_mixin.py:190} INFO - [2026-07-17T11:48:41.038+0000] {dag.py:3211} INFO - Sync 1 DAGs
[2026-07-17T11:48:41.132+0000] {logging_mixin.py:190} INFO - [2026-07-17T11:48:41.131+0000] {dag.py:4138} INFO - Setting next_dagrun for airflow_sanity_check to None, run_after=None
[2026-07-17T11:48:41.245+0000] {processor.py:208} INFO - Processing /opt/airflow/dags/sanity_checks.py took 0.506 seconds
[2026-07-17T11:49:12.010+0000] {processor.py:186} INFO - Started process (PID=23064) to work on /opt/airflow/dags/sanity_checks.py
[2026-07-17T11:49:12.016+0000] {processor.py:914} INFO - Processing file /opt/airflow/dags/sanity_checks.py for tasks to queue
[2026-07-17T11:49:12.031+0000] {logging_mixin.py:190} INFO - [2026-07-17T11:49:12.029+0000] {dagbag.py:587} INFO - Filling up the DagBag from /opt/airflow/dags/sanity_checks.py
[2026-07-17T11:49:12.094+0000] {processor.py:925} INFO - DAG(s) 'airflow_sanity_check' retrieved from /opt/airflow/dags/sanity_checks.py
[2026-07-17T11:49:12.274+0000] {logging_mixin.py:190} INFO - [2026-07-17T11:49:12.273+0000] {dag.py:3211} INFO - Sync 1 DAGs
[2026-07-17T11:49:12.378+0000] {logging_mixin.py:190} INFO - [2026-07-17T11:49:12.377+0000] {dag.py:4138} INFO - Setting next_dagrun for airflow_sanity_check to None, run_after=None
[2026-07-17T11:49:12.481+0000] {processor.py:208} INFO - Processing /opt/airflow/dags/sanity_checks.py took 0.507 seconds
[2026-07-17T11:49:42.799+0000] {processor.py:186} INFO - Started process (PID=23074) to work on /opt/airflow/dags/sanity_checks.py
[2026-07-17T11:49:42.807+0000] {processor.py:914} INFO - Processing file /opt/airflow/dags/sanity_checks.py for tasks to queue
[2026-07-17T11:49:42.822+0000] {logging_mixin.py:190} INFO - [2026-07-17T11:49:42.820+0000] {dagbag.py:587} INFO - Filling up the DagBag from /opt/airflow/dags/sanity_checks.py
[2026-07-17T11:49:42.895+0000] {processor.py:925} INFO - DAG(s) 'airflow_sanity_check' retrieved from /opt/airflow/dags/sanity_checks.py
[2026-07-17T11:49:43.076+0000] {logging_mixin.py:190} INFO - [2026-07-17T11:49:43.075+0000] {dag.py:3211} INFO - Sync 1 DAGs
[2026-07-17T11:49:43.168+0000] {logging_mixin.py:190} INFO - [2026-07-17T11:49:43.167+0000] {dag.py:4138} INFO - Setting next_dagrun for airflow_sanity_check to None, run_after=None
[2026-07-17T11:49:43.275+0000] {processor.py:208} INFO - Processing /opt/airflow/dags/sanity_checks.py took 0.514 seconds
[2026-07-17T11:50:13.750+0000] {processor.py:186} INFO - Started process (PID=23084) to work on /opt/airflow/dags/sanity_checks.py
[2026-07-17T11:50:13.756+0000] {processor.py:914} INFO - Processing file /opt/airflow/dags/sanity_checks.py for tasks to queue
[2026-07-17T11:50:13.770+0000] {logging_mixin.py:190} INFO - [2026-07-17T11:50:13.768+0000] {dagbag.py:587} INFO - Filling up the DagBag from /opt/airflow/dags/sanity_checks.py
[2026-07-17T11:50:13.839+0000] {processor.py:925} INFO - DAG(s) 'airflow_sanity_check' retrieved from /opt/airflow/dags/sanity_checks.py
[2026-07-17T11:50:14.046+0000] {logging_mixin.py:190} INFO - [2026-07-17T11:50:14.045+0000] {dag.py:3211} INFO - Sync 1 DAGs
[2026-07-17T11:50:14.136+0000] {logging_mixin.py:190} INFO - [2026-07-17T11:50:14.135+0000] {dag.py:4138} INFO - Setting next_dagrun for airflow_sanity_check to None, run_after=None
[2026-07-17T11:50:14.239+0000] {processor.py:208} INFO - Processing /opt/airflow/dags/sanity_checks.py took 0.530 seconds
[2026-07-17T13:08:26.695+0000] {processor.py:186} INFO - Started process (PID=23094) to work on /opt/airflow/dags/sanity_checks.py
[2026-07-17T13:08:26.727+0000] {processor.py:914} INFO - Processing file /opt/airflow/dags/sanity_checks.py for tasks to queue
[2026-07-17T13:08:26.796+0000] {logging_mixin.py:190} INFO - [2026-07-17T13:08:26.789+0000] {dagbag.py:587} INFO - Filling up the DagBag from /opt/airflow/dags/sanity_checks.py
[2026-07-17T13:08:26.994+0000] {processor.py:925} INFO - DAG(s) 'airflow_sanity_check' retrieved from /opt/airflow/dags/sanity_checks.py
[2026-07-17T13:08:27.252+0000] {logging_mixin.py:190} INFO - [2026-07-17T13:08:27.251+0000] {dag.py:3211} INFO - Sync 1 DAGs
[2026-07-17T13:08:27.351+0000] {logging_mixin.py:190} INFO - [2026-07-17T13:08:27.350+0000] {dag.py:4138} INFO - Setting next_dagrun for airflow_sanity_check to None, run_after=None
[2026-07-17T13:08:27.531+0000] {processor.py:208} INFO - Processing /opt/airflow/dags/sanity_checks.py took 0.961 seconds
[2026-07-17T13:08:57.969+0000] {processor.py:186} INFO - Started process (PID=23104) to work on /opt/airflow/dags/sanity_checks.py
[2026-07-17T13:08:57.972+0000] {processor.py:914} INFO - Processing file /opt/airflow/dags/sanity_checks.py for tasks to queue
[2026-07-17T13:08:57.979+0000] {logging_mixin.py:190} INFO - [2026-07-17T13:08:57.978+0000] {dagbag.py:587} INFO - Filling up the DagBag from /opt/airflow/dags/sanity_checks.py
[2026-07-17T13:08:58.013+0000] {processor.py:925} INFO - DAG(s) 'airflow_sanity_check' retrieved from /opt/airflow/dags/sanity_checks.py
[2026-07-17T13:08:58.109+0000] {logging_mixin.py:190} INFO - [2026-07-17T13:08:58.108+0000] {dag.py:3211} INFO - Sync 1 DAGs
[2026-07-17T13:08:58.156+0000] {logging_mixin.py:190} INFO - [2026-07-17T13:08:58.155+0000] {dag.py:4138} INFO - Setting next_dagrun for airflow_sanity_check to None, run_after=None
[2026-07-17T13:08:58.212+0000] {processor.py:208} INFO - Processing /opt/airflow/dags/sanity_checks.py took 0.263 seconds
[2026-07-17T13:09:28.677+0000] {processor.py:186} INFO - Started process (PID=23114) to work on /opt/airflow/dags/sanity_checks.py
[2026-07-17T13:09:28.679+0000] {processor.py:914} INFO - Processing file /opt/airflow/dags/sanity_checks.py for tasks to queue
[2026-07-17T13:09:28.685+0000] {logging_mixin.py:190} INFO - [2026-07-17T13:09:28.684+0000] {dagbag.py:587} INFO - Filling up the DagBag from /opt/airflow/dags/sanity_checks.py
[2026-07-17T13:09:28.714+0000] {processor.py:925} INFO - DAG(s) 'airflow_sanity_check' retrieved from /opt/airflow/dags/sanity_checks.py
[2026-07-17T13:09:28.781+0000] {logging_mixin.py:190} INFO - [2026-07-17T13:09:28.780+0000] {dag.py:3211} INFO - Sync 1 DAGs
[2026-07-17T13:09:28.816+0000] {logging_mixin.py:190} INFO - [2026-07-17T13:09:28.816+0000] {dag.py:4138} INFO - Setting next_dagrun for airflow_sanity_check to None, run_after=None
[2026-07-17T13:09:28.867+0000] {processor.py:208} INFO - Processing /opt/airflow/dags/sanity_checks.py took 0.205 seconds
[2026-07-17T13:09:59.184+0000] {processor.py:186} INFO - Started process (PID=23124) to work on /opt/airflow/dags/sanity_checks.py
[2026-07-17T13:09:59.186+0000] {processor.py:914} INFO - Processing file /opt/airflow/dags/sanity_checks.py for tasks to queue
[2026-07-17T13:09:59.190+0000] {logging_mixin.py:190} INFO - [2026-07-17T13:09:59.190+0000] {dagbag.py:587} INFO - Filling up the DagBag from /opt/airflow/dags/sanity_checks.py
[2026-07-17T13:09:59.206+0000] {processor.py:925} INFO - DAG(s) 'airflow_sanity_check' retrieved from /opt/airflow/dags/sanity_checks.py
[2026-07-17T13:09:59.248+0000] {logging_mixin.py:190} INFO - [2026-07-17T13:09:59.248+0000] {dag.py:3211} INFO - Sync 1 DAGs
[2026-07-17T13:09:59.270+0000] {logging_mixin.py:190} INFO - [2026-07-17T13:09:59.270+0000] {dag.py:4138} INFO - Setting next_dagrun for airflow_sanity_check to None, run_after=None
[2026-07-17T13:09:59.297+0000] {processor.py:208} INFO - Processing /opt/airflow/dags/sanity_checks.py took 0.122 seconds
[2026-07-17T13:10:29.613+0000] {processor.py:186} INFO - Started process (PID=23134) to work on /opt/airflow/dags/sanity_checks.py
[2026-07-17T13:10:29.615+0000] {processor.py:914} INFO - Processing file /opt/airflow/dags/sanity_checks.py for tasks to queue
[2026-07-17T13:10:29.619+0000] {logging_mixin.py:190} INFO - [2026-07-17T13:10:29.618+0000] {dagbag.py:587} INFO - Filling up the DagBag from /opt/airflow/dags/sanity_checks.py
[2026-07-17T13:10:29.636+0000] {processor.py:925} INFO - DAG(s) 'airflow_sanity_check' retrieved from /opt/airflow/dags/sanity_checks.py
[2026-07-17T13:10:29.677+0000] {logging_mixin.py:190} INFO - [2026-07-17T13:10:29.677+0000] {dag.py:3211} INFO - Sync 1 DAGs
[2026-07-17T13:10:29.700+0000] {logging_mixin.py:190} INFO - [2026-07-17T13:10:29.699+0000] {dag.py:4138} INFO - Setting next_dagrun for airflow_sanity_check to None, run_after=None
[2026-07-17T13:10:29.728+0000] {processor.py:208} INFO - Processing /opt/airflow/dags/sanity_checks.py took 0.125 seconds
[2026-07-17T13:11:00.058+0000] {processor.py:186} INFO - Started process (PID=23144) to work on /opt/airflow/dags/sanity_checks.py
[2026-07-17T13:11:00.059+0000] {processor.py:914} INFO - Processing file /opt/airflow/dags/sanity_checks.py for tasks to queue
[2026-07-17T13:11:00.063+0000] {logging_mixin.py:190} INFO - [2026-07-17T13:11:00.063+0000] {dagbag.py:587} INFO - Filling up the DagBag from /opt/airflow/dags/sanity_checks.py
[2026-07-17T13:11:00.080+0000] {processor.py:925} INFO - DAG(s) 'airflow_sanity_check' retrieved from /opt/airflow/dags/sanity_checks.py
[2026-07-17T13:11:00.122+0000] {logging_mixin.py:190} INFO - [2026-07-17T13:11:00.121+0000] {dag.py:3211} INFO - Sync 1 DAGs
[2026-07-17T13:11:00.144+0000] {logging_mixin.py:190} INFO - [2026-07-17T13:11:00.144+0000] {dag.py:4138} INFO - Setting next_dagrun for airflow_sanity_check to None, run_after=None
[2026-07-17T13:11:00.171+0000] {processor.py:208} INFO - Processing /opt/airflow/dags/sanity_checks.py took 0.123 seconds
[2026-07-17T13:11:30.500+0000] {processor.py:186} INFO - Started process (PID=23154) to work on /opt/airflow/dags/sanity_checks.py
[2026-07-17T13:11:30.502+0000] {processor.py:914} INFO - Processing file /opt/airflow/dags/sanity_checks.py for tasks to queue
[2026-07-17T13:11:30.505+0000] {logging_mixin.py:190} INFO - [2026-07-17T13:11:30.505+0000] {dagbag.py:587} INFO - Filling up the DagBag from /opt/airflow/dags/sanity_checks.py
[2026-07-17T13:11:30.520+0000] {processor.py:925} INFO - DAG(s) 'airflow_sanity_check' retrieved from /opt/airflow/dags/sanity_checks.py
[2026-07-17T13:11:30.563+0000] {logging_mixin.py:190} INFO - [2026-07-17T13:11:30.562+0000] {dag.py:3211} INFO - Sync 1 DAGs
[2026-07-17T13:11:30.585+0000] {logging_mixin.py:190} INFO - [2026-07-17T13:11:30.584+0000] {dag.py:4138} INFO - Setting next_dagrun for airflow_sanity_check to None, run_after=None
[2026-07-17T13:11:30.613+0000] {processor.py:208} INFO - Processing /opt/airflow/dags/sanity_checks.py took 0.122 seconds
[2026-07-17T13:12:00.961+0000] {processor.py:186} INFO - Started process (PID=23164) to work on /opt/airflow/dags/sanity_checks.py
[2026-07-17T13:12:00.963+0000] {processor.py:914} INFO - Processing file /opt/airflow/dags/sanity_checks.py for tasks to queue
[2026-07-17T13:12:00.966+0000] {logging_mixin.py:190} INFO - [2026-07-17T13:12:00.966+0000] {dagbag.py:587} INFO - Filling up the DagBag from /opt/airflow/dags/sanity_checks.py
[2026-07-17T13:12:00.982+0000] {processor.py:925} INFO - DAG(s) 'airflow_sanity_check' retrieved from /opt/airflow/dags/sanity_checks.py
[2026-07-17T13:12:01.031+0000] {logging_mixin.py:190} INFO - [2026-07-17T13:12:01.031+0000] {dag.py:3211} INFO - Sync 1 DAGs
[2026-07-17T13:12:01.059+0000] {logging_mixin.py:190} INFO - [2026-07-17T13:12:01.058+0000] {dag.py:4138} INFO - Setting next_dagrun for airflow_sanity_check to None, run_after=None
[2026-07-17T13:12:01.085+0000] {processor.py:208} INFO - Processing /opt/airflow/dags/sanity_checks.py took 0.134 seconds
[2026-07-17T13:12:31.424+0000] {processor.py:186} INFO - Started process (PID=23174) to work on /opt/airflow/dags/sanity_checks.py
[2026-07-17T13:12:31.426+0000] {processor.py:914} INFO - Processing file /opt/airflow/dags/sanity_checks.py for tasks to queue
[2026-07-17T13:12:31.429+0000] {logging_mixin.py:190} INFO - [2026-07-17T13:12:31.429+0000] {dagbag.py:587} INFO - Filling up the DagBag from /opt/airflow/dags/sanity_checks.py
[2026-07-17T13:12:31.445+0000] {processor.py:925} INFO - DAG(s) 'airflow_sanity_check' retrieved from /opt/airflow/dags/sanity_checks.py
[2026-07-17T13:12:31.487+0000] {logging_mixin.py:190} INFO - [2026-07-17T13:12:31.486+0000] {dag.py:3211} INFO - Sync 1 DAGs
[2026-07-17T13:12:31.508+0000] {logging_mixin.py:190} INFO - [2026-07-17T13:12:31.508+0000] {dag.py:4138} INFO - Setting next_dagrun for airflow_sanity_check to None, run_after=None
[2026-07-17T13:12:31.538+0000] {processor.py:208} INFO - Processing /opt/airflow/dags/sanity_checks.py took 0.122 seconds
[2026-07-17T13:13:01.872+0000] {processor.py:186} INFO - Started process (PID=23184) to work on /opt/airflow/dags/sanity_checks.py
[2026-07-17T13:13:01.873+0000] {processor.py:914} INFO - Processing file /opt/airflow/dags/sanity_checks.py for tasks to queue
[2026-07-17T13:13:01.877+0000] {logging_mixin.py:190} INFO - [2026-07-17T13:13:01.876+0000] {dagbag.py:587} INFO - Filling up the DagBag from /opt/airflow/dags/sanity_checks.py
[2026-07-17T13:13:01.893+0000] {processor.py:925} INFO - DAG(s) 'airflow_sanity_check' retrieved from /opt/airflow/dags/sanity_checks.py
[2026-07-17T13:13:01.935+0000] {logging_mixin.py:190} INFO - [2026-07-17T13:13:01.934+0000] {dag.py:3211} INFO - Sync 1 DAGs
[2026-07-17T13:13:01.958+0000] {logging_mixin.py:190} INFO - [2026-07-17T13:13:01.958+0000] {dag.py:4138} INFO - Setting next_dagrun for airflow_sanity_check to None, run_after=None
[2026-07-17T13:13:01.987+0000] {processor.py:208} INFO - Processing /opt/airflow/dags/sanity_checks.py took 0.123 seconds
[2026-07-17T13:13:32.346+0000] {processor.py:186} INFO - Started process (PID=23194) to work on /opt/airflow/dags/sanity_checks.py
[2026-07-17T13:13:32.347+0000] {processor.py:914} INFO - Processing file /opt/airflow/dags/sanity_checks.py for tasks to queue
[2026-07-17T13:13:32.352+0000] {logging_mixin.py:190} INFO - [2026-07-17T13:13:32.351+0000] {dagbag.py:587} INFO - Filling up the DagBag from /opt/airflow/dags/sanity_checks.py
[2026-07-17T13:13:32.368+0000] {processor.py:925} INFO - DAG(s) 'airflow_sanity_check' retrieved from /opt/airflow/dags/sanity_checks.py
[2026-07-17T13:13:32.410+0000] {logging_mixin.py:190} INFO - [2026-07-17T13:13:32.409+0000] {dag.py:3211} INFO - Sync 1 DAGs
[2026-07-17T13:13:32.431+0000] {logging_mixin.py:190} INFO - [2026-07-17T13:13:32.430+0000] {dag.py:4138} INFO - Setting next_dagrun for airflow_sanity_check to None, run_after=None
[2026-07-17T13:13:32.459+0000] {processor.py:208} INFO - Processing /opt/airflow/dags/sanity_checks.py took 0.122 seconds
[2026-07-17T13:14:02.784+0000] {processor.py:186} INFO - Started process (PID=23204) to work on /opt/airflow/dags/sanity_checks.py
[2026-07-17T13:14:02.786+0000] {processor.py:914} INFO - Processing file /opt/airflow/dags/sanity_checks.py for tasks to queue
[2026-07-17T13:14:02.790+0000] {logging_mixin.py:190} INFO - [2026-07-17T13:14:02.790+0000] {dagbag.py:587} INFO - Filling up the DagBag from /opt/airflow/dags/sanity_checks.py
[2026-07-17T13:14:02.806+0000] {processor.py:925} INFO - DAG(s) 'airflow_sanity_check' retrieved from /opt/airflow/dags/sanity_checks.py
[2026-07-17T13:14:02.848+0000] {logging_mixin.py:190} INFO - [2026-07-17T13:14:02.847+0000] {dag.py:3211} INFO - Sync 1 DAGs
[2026-07-17T13:14:02.870+0000] {logging_mixin.py:190} INFO - [2026-07-17T13:14:02.869+0000] {dag.py:4138} INFO - Setting next_dagrun for airflow_sanity_check to None, run_after=None
[2026-07-17T13:14:02.900+0000] {processor.py:208} INFO - Processing /opt/airflow/dags/sanity_checks.py took 0.124 seconds
[2026-07-17T13:14:33.343+0000] {processor.py:186} INFO - Started process (PID=23214) to work on /opt/airflow/dags/sanity_checks.py
[2026-07-17T13:14:33.349+0000] {processor.py:914} INFO - Processing file /opt/airflow/dags/sanity_checks.py for tasks to queue
[2026-07-17T13:14:33.371+0000] {logging_mixin.py:190} INFO - [2026-07-17T13:14:33.369+0000] {dagbag.py:587} INFO - Filling up the DagBag from /opt/airflow/dags/sanity_checks.py
[2026-07-17T13:14:33.441+0000] {processor.py:925} INFO - DAG(s) 'airflow_sanity_check' retrieved from /opt/airflow/dags/sanity_checks.py
[2026-07-17T13:14:33.648+0000] {logging_mixin.py:190} INFO - [2026-07-17T13:14:33.647+0000] {dag.py:3211} INFO - Sync 1 DAGs
[2026-07-17T13:14:33.799+0000] {logging_mixin.py:190} INFO - [2026-07-17T13:14:33.798+0000] {dag.py:4138} INFO - Setting next_dagrun for airflow_sanity_check to None, run_after=None
[2026-07-17T13:14:33.981+0000] {processor.py:208} INFO - Processing /opt/airflow/dags/sanity_checks.py took 0.690 seconds
[2026-07-17T13:50:51.421+0000] {processor.py:186} INFO - Started process (PID=23224) to work on /opt/airflow/dags/sanity_checks.py
[2026-07-17T13:50:51.430+0000] {processor.py:914} INFO - Processing file /opt/airflow/dags/sanity_checks.py for tasks to queue
[2026-07-17T13:50:51.459+0000] {logging_mixin.py:190} INFO - [2026-07-17T13:50:51.455+0000] {dagbag.py:587} INFO - Filling up the DagBag from /opt/airflow/dags/sanity_checks.py
[2026-07-17T13:50:51.526+0000] {processor.py:925} INFO - DAG(s) 'airflow_sanity_check' retrieved from /opt/airflow/dags/sanity_checks.py
[2026-07-17T13:50:51.705+0000] {logging_mixin.py:190} INFO - [2026-07-17T13:50:51.704+0000] {dag.py:3211} INFO - Sync 1 DAGs
[2026-07-17T13:50:51.804+0000] {logging_mixin.py:190} INFO - [2026-07-17T13:50:51.803+0000] {dag.py:4138} INFO - Setting next_dagrun for airflow_sanity_check to None, run_after=None
[2026-07-17T13:50:52.302+0000] {processor.py:208} INFO - Processing /opt/airflow/dags/sanity_checks.py took 0.970 seconds
[2026-07-17T15:51:43.662+0000] {processor.py:186} INFO - Started process (PID=23234) to work on /opt/airflow/dags/sanity_checks.py
[2026-07-17T15:51:43.673+0000] {processor.py:914} INFO - Processing file /opt/airflow/dags/sanity_checks.py for tasks to queue
[2026-07-17T15:51:43.705+0000] {logging_mixin.py:190} INFO - [2026-07-17T15:51:43.700+0000] {dagbag.py:587} INFO - Filling up the DagBag from /opt/airflow/dags/sanity_checks.py
[2026-07-17T15:51:43.829+0000] {processor.py:925} INFO - DAG(s) 'airflow_sanity_check' retrieved from /opt/airflow/dags/sanity_checks.py
[2026-07-17T15:51:44.312+0000] {logging_mixin.py:190} INFO - [2026-07-17T15:51:44.311+0000] {dag.py:3211} INFO - Sync 1 DAGs
[2026-07-17T15:51:44.755+0000] {logging_mixin.py:190} INFO - [2026-07-17T15:51:44.751+0000] {dag.py:4138} INFO - Setting next_dagrun for airflow_sanity_check to None, run_after=None
[2026-07-17T15:51:44.957+0000] {processor.py:208} INFO - Processing /opt/airflow/dags/sanity_checks.py took 1.407 seconds
[2026-07-17T16:31:58.101+0000] {processor.py:186} INFO - Started process (PID=23244) to work on /opt/airflow/dags/sanity_checks.py
[2026-07-17T16:31:58.104+0000] {processor.py:914} INFO - Processing file /opt/airflow/dags/sanity_checks.py for tasks to queue
[2026-07-17T16:31:58.108+0000] {logging_mixin.py:190} INFO - [2026-07-17T16:31:58.108+0000] {dagbag.py:587} INFO - Filling up the DagBag from /opt/airflow/dags/sanity_checks.py
[2026-07-17T16:31:58.130+0000] {processor.py:925} INFO - DAG(s) 'airflow_sanity_check' retrieved from /opt/airflow/dags/sanity_checks.py
[2026-07-17T16:31:58.186+0000] {logging_mixin.py:190} INFO - [2026-07-17T16:31:58.186+0000] {dag.py:3211} INFO - Sync 1 DAGs
[2026-07-17T16:31:58.213+0000] {logging_mixin.py:190} INFO - [2026-07-17T16:31:58.213+0000] {dag.py:4138} INFO - Setting next_dagrun for airflow_sanity_check to None, run_after=None
[2026-07-17T16:31:58.244+0000] {processor.py:208} INFO - Processing /opt/airflow/dags/sanity_checks.py took 0.156 seconds
[2026-07-17T16:32:28.783+0000] {processor.py:186} INFO - Started process (PID=23254) to work on /opt/airflow/dags/sanity_checks.py
[2026-07-17T16:32:28.786+0000] {processor.py:914} INFO - Processing file /opt/airflow/dags/sanity_checks.py for tasks to queue
[2026-07-17T16:32:28.791+0000] {logging_mixin.py:190} INFO - [2026-07-17T16:32:28.790+0000] {dagbag.py:587} INFO - Filling up the DagBag from /opt/airflow/dags/sanity_checks.py
[2026-07-17T16:32:28.811+0000] {processor.py:925} INFO - DAG(s) 'airflow_sanity_check' retrieved from /opt/airflow/dags/sanity_checks.py
[2026-07-17T16:32:28.865+0000] {logging_mixin.py:190} INFO - [2026-07-17T16:32:28.865+0000] {dag.py:3211} INFO - Sync 1 DAGs
[2026-07-17T16:32:28.895+0000] {logging_mixin.py:190} INFO - [2026-07-17T16:32:28.895+0000] {dag.py:4138} INFO - Setting next_dagrun for airflow_sanity_check to None, run_after=None
[2026-07-17T16:32:28.926+0000] {processor.py:208} INFO - Processing /opt/airflow/dags/sanity_checks.py took 0.155 seconds
[2026-07-17T16:32:59.370+0000] {processor.py:186} INFO - Started process (PID=23264) to work on /opt/airflow/dags/sanity_checks.py
[2026-07-17T16:32:59.372+0000] {processor.py:914} INFO - Processing file /opt/airflow/dags/sanity_checks.py for tasks to queue
[2026-07-17T16:32:59.375+0000] {logging_mixin.py:190} INFO - [2026-07-17T16:32:59.375+0000] {dagbag.py:587} INFO - Filling up the DagBag from /opt/airflow/dags/sanity_checks.py
[2026-07-17T16:32:59.394+0000] {processor.py:925} INFO - DAG(s) 'airflow_sanity_check' retrieved from /opt/airflow/dags/sanity_checks.py
[2026-07-17T16:32:59.444+0000] {logging_mixin.py:190} INFO - [2026-07-17T16:32:59.443+0000] {dag.py:3211} INFO - Sync 1 DAGs
[2026-07-17T16:32:59.470+0000] {logging_mixin.py:190} INFO - [2026-07-17T16:32:59.469+0000] {dag.py:4138} INFO - Setting next_dagrun for airflow_sanity_check to None, run_after=None
[2026-07-17T16:32:59.508+0000] {processor.py:208} INFO - Processing /opt/airflow/dags/sanity_checks.py took 0.148 seconds
[2026-07-17T16:33:29.838+0000] {processor.py:186} INFO - Started process (PID=23274) to work on /opt/airflow/dags/sanity_checks.py
[2026-07-17T16:33:29.840+0000] {processor.py:914} INFO - Processing file /opt/airflow/dags/sanity_checks.py for tasks to queue
[2026-07-17T16:33:29.846+0000] {logging_mixin.py:190} INFO - [2026-07-17T16:33:29.845+0000] {dagbag.py:587} INFO - Filling up the DagBag from /opt/airflow/dags/sanity_checks.py
[2026-07-17T16:33:29.868+0000] {processor.py:925} INFO - DAG(s) 'airflow_sanity_check' retrieved from /opt/airflow/dags/sanity_checks.py
[2026-07-17T16:33:29.935+0000] {logging_mixin.py:190} INFO - [2026-07-17T16:33:29.935+0000] {dag.py:3211} INFO - Sync 1 DAGs
[2026-07-17T16:33:29.960+0000] {logging_mixin.py:190} INFO - [2026-07-17T16:33:29.960+0000] {dag.py:4138} INFO - Setting next_dagrun for airflow_sanity_check to None, run_after=None
[2026-07-17T16:33:29.988+0000] {processor.py:208} INFO - Processing /opt/airflow/dags/sanity_checks.py took 0.162 seconds
[2026-07-17T16:34:00.322+0000] {processor.py:186} INFO - Started process (PID=23284) to work on /opt/airflow/dags/sanity_checks.py
[2026-07-17T16:34:00.328+0000] {processor.py:914} INFO - Processing file /opt/airflow/dags/sanity_checks.py for tasks to queue
[2026-07-17T16:34:00.332+0000] {logging_mixin.py:190} INFO - [2026-07-17T16:34:00.332+0000] {dagbag.py:587} INFO - Filling up the DagBag from /opt/airflow/dags/sanity_checks.py
[2026-07-17T16:34:00.348+0000] {processor.py:925} INFO - DAG(s) 'airflow_sanity_check' retrieved from /opt/airflow/dags/sanity_checks.py
[2026-07-17T16:34:00.393+0000] {logging_mixin.py:190} INFO - [2026-07-17T16:34:00.392+0000] {dag.py:3211} INFO - Sync 1 DAGs
[2026-07-17T16:34:00.415+0000] {logging_mixin.py:190} INFO - [2026-07-17T16:34:00.415+0000] {dag.py:4138} INFO - Setting next_dagrun for airflow_sanity_check to None, run_after=None
[2026-07-17T16:34:00.445+0000] {processor.py:208} INFO - Processing /opt/airflow/dags/sanity_checks.py took 0.135 seconds
[2026-07-17T16:34:30.785+0000] {processor.py:186} INFO - Started process (PID=23294) to work on /opt/airflow/dags/sanity_checks.py
[2026-07-17T16:34:30.786+0000] {processor.py:914} INFO - Processing file /opt/airflow/dags/sanity_checks.py for tasks to queue
[2026-07-17T16:34:30.791+0000] {logging_mixin.py:190} INFO - [2026-07-17T16:34:30.790+0000] {dagbag.py:587} INFO - Filling up the DagBag from /opt/airflow/dags/sanity_checks.py
[2026-07-17T16:34:30.806+0000] {processor.py:925} INFO - DAG(s) 'airflow_sanity_check' retrieved from /opt/airflow/dags/sanity_checks.py
[2026-07-17T16:34:30.849+0000] {logging_mixin.py:190} INFO - [2026-07-17T16:34:30.848+0000] {dag.py:3211} INFO - Sync 1 DAGs
[2026-07-17T16:34:30.872+0000] {logging_mixin.py:190} INFO - [2026-07-17T16:34:30.872+0000] {dag.py:4138} INFO - Setting next_dagrun for airflow_sanity_check to None, run_after=None
[2026-07-17T16:34:30.899+0000] {processor.py:208} INFO - Processing /opt/airflow/dags/sanity_checks.py took 0.124 seconds
[2026-07-17T16:35:01.233+0000] {processor.py:186} INFO - Started process (PID=23304) to work on /opt/airflow/dags/sanity_checks.py
[2026-07-17T16:35:01.235+0000] {processor.py:914} INFO - Processing file /opt/airflow/dags/sanity_checks.py for tasks to queue
[2026-07-17T16:35:01.239+0000] {logging_mixin.py:190} INFO - [2026-07-17T16:35:01.238+0000] {dagbag.py:587} INFO - Filling up the DagBag from /opt/airflow/dags/sanity_checks.py
[2026-07-17T16:35:01.256+0000] {processor.py:925} INFO - DAG(s) 'airflow_sanity_check' retrieved from /opt/airflow/dags/sanity_checks.py
[2026-07-17T16:35:01.306+0000] {logging_mixin.py:190} INFO - [2026-07-17T16:35:01.306+0000] {dag.py:3211} INFO - Sync 1 DAGs
[2026-07-17T16:35:01.333+0000] {logging_mixin.py:190} INFO - [2026-07-17T16:35:01.332+0000] {dag.py:4138} INFO - Setting next_dagrun for airflow_sanity_check to None, run_after=None
[2026-07-17T16:35:01.361+0000] {processor.py:208} INFO - Processing /opt/airflow/dags/sanity_checks.py took 0.140 seconds
[2026-07-17T16:35:31.704+0000] {processor.py:186} INFO - Started process (PID=23314) to work on /opt/airflow/dags/sanity_checks.py
[2026-07-17T16:35:31.706+0000] {processor.py:914} INFO - Processing file /opt/airflow/dags/sanity_checks.py for tasks to queue
[2026-07-17T16:35:31.710+0000] {logging_mixin.py:190} INFO - [2026-07-17T16:35:31.709+0000] {dagbag.py:587} INFO - Filling up the DagBag from /opt/airflow/dags/sanity_checks.py
[2026-07-17T16:35:31.729+0000] {processor.py:925} INFO - DAG(s) 'airflow_sanity_check' retrieved from /opt/airflow/dags/sanity_checks.py
[2026-07-17T16:35:31.775+0000] {logging_mixin.py:190} INFO - [2026-07-17T16:35:31.774+0000] {dag.py:3211} INFO - Sync 1 DAGs
[2026-07-17T16:35:31.797+0000] {logging_mixin.py:190} INFO - [2026-07-17T16:35:31.796+0000] {dag.py:4138} INFO - Setting next_dagrun for airflow_sanity_check to None, run_after=None
[2026-07-17T16:35:31.825+0000] {processor.py:208} INFO - Processing /opt/airflow/dags/sanity_checks.py took 0.136 seconds
[2026-07-17T16:36:02.150+0000] {processor.py:186} INFO - Started process (PID=23324) to work on /opt/airflow/dags/sanity_checks.py
[2026-07-17T16:36:02.152+0000] {processor.py:914} INFO - Processing file /opt/airflow/dags/sanity_checks.py for tasks to queue
[2026-07-17T16:36:02.156+0000] {logging_mixin.py:190} INFO - [2026-07-17T16:36:02.155+0000] {dagbag.py:587} INFO - Filling up the DagBag from /opt/airflow/dags/sanity_checks.py
[2026-07-17T16:36:02.183+0000] {processor.py:925} INFO - DAG(s) 'airflow_sanity_check' retrieved from /opt/airflow/dags/sanity_checks.py
[2026-07-17T16:36:02.227+0000] {logging_mixin.py:190} INFO - [2026-07-17T16:36:02.226+0000] {dag.py:3211} INFO - Sync 1 DAGs
[2026-07-17T16:36:02.251+0000] {logging_mixin.py:190} INFO - [2026-07-17T16:36:02.250+0000] {dag.py:4138} INFO - Setting next_dagrun for airflow_sanity_check to None, run_after=None
[2026-07-17T16:36:02.280+0000] {processor.py:208} INFO - Processing /opt/airflow/dags/sanity_checks.py took 0.139 seconds
[2026-07-17T16:36:32.599+0000] {processor.py:186} INFO - Started process (PID=23334) to work on /opt/airflow/dags/sanity_checks.py
[2026-07-17T16:36:32.601+0000] {processor.py:914} INFO - Processing file /opt/airflow/dags/sanity_checks.py for tasks to queue
[2026-07-17T16:36:32.604+0000] {logging_mixin.py:190} INFO - [2026-07-17T16:36:32.603+0000] {dagbag.py:587} INFO - Filling up the DagBag from /opt/airflow/dags/sanity_checks.py
[2026-07-17T16:36:32.620+0000] {processor.py:925} INFO - DAG(s) 'airflow_sanity_check' retrieved from /opt/airflow/dags/sanity_checks.py
[2026-07-17T16:36:32.663+0000] {logging_mixin.py:190} INFO - [2026-07-17T16:36:32.662+0000] {dag.py:3211} INFO - Sync 1 DAGs
[2026-07-17T16:36:32.692+0000] {logging_mixin.py:190} INFO - [2026-07-17T16:36:32.692+0000] {dag.py:4138} INFO - Setting next_dagrun for airflow_sanity_check to None, run_after=None
[2026-07-17T16:36:32.723+0000] {processor.py:208} INFO - Processing /opt/airflow/dags/sanity_checks.py took 0.133 seconds
[2026-07-17T16:37:03.176+0000] {processor.py:186} INFO - Started process (PID=23344) to work on /opt/airflow/dags/sanity_checks.py
[2026-07-17T16:37:03.178+0000] {processor.py:914} INFO - Processing file /opt/airflow/dags/sanity_checks.py for tasks to queue
[2026-07-17T16:37:03.183+0000] {logging_mixin.py:190} INFO - [2026-07-17T16:37:03.183+0000] {dagbag.py:587} INFO - Filling up the DagBag from /opt/airflow/dags/sanity_checks.py
[2026-07-17T16:37:03.199+0000] {processor.py:925} INFO - DAG(s) 'airflow_sanity_check' retrieved from /opt/airflow/dags/sanity_checks.py
[2026-07-17T16:37:03.242+0000] {logging_mixin.py:190} INFO - [2026-07-17T16:37:03.242+0000] {dag.py:3211} INFO - Sync 1 DAGs
[2026-07-17T16:37:03.265+0000] {logging_mixin.py:190} INFO - [2026-07-17T16:37:03.264+0000] {dag.py:4138} INFO - Setting next_dagrun for airflow_sanity_check to None, run_after=None
[2026-07-17T16:37:03.295+0000] {processor.py:208} INFO - Processing /opt/airflow/dags/sanity_checks.py took 0.137 seconds
[2026-07-17T16:37:33.633+0000] {processor.py:186} INFO - Started process (PID=23354) to work on /opt/airflow/dags/sanity_checks.py
[2026-07-17T16:37:33.635+0000] {processor.py:914} INFO - Processing file /opt/airflow/dags/sanity_checks.py for tasks to queue
[2026-07-17T16:37:33.639+0000] {logging_mixin.py:190} INFO - [2026-07-17T16:37:33.639+0000] {dagbag.py:587} INFO - Filling up the DagBag from /opt/airflow/dags/sanity_checks.py
[2026-07-17T16:37:33.656+0000] {processor.py:925} INFO - DAG(s) 'airflow_sanity_check' retrieved from /opt/airflow/dags/sanity_checks.py
[2026-07-17T16:37:33.699+0000] {logging_mixin.py:190} INFO - [2026-07-17T16:37:33.699+0000] {dag.py:3211} INFO - Sync 1 DAGs
[2026-07-17T16:37:33.722+0000] {logging_mixin.py:190} INFO - [2026-07-17T16:37:33.722+0000] {dag.py:4138} INFO - Setting next_dagrun for airflow_sanity_check to None, run_after=None
[2026-07-17T16:37:33.752+0000] {processor.py:208} INFO - Processing /opt/airflow/dags/sanity_checks.py took 0.133 seconds
[2026-07-17T16:38:04.288+0000] {processor.py:186} INFO - Started process (PID=23364) to work on /opt/airflow/dags/sanity_checks.py
[2026-07-17T16:38:04.290+0000] {processor.py:914} INFO - Processing file /opt/airflow/dags/sanity_checks.py for tasks to queue
[2026-07-17T16:38:04.294+0000] {logging_mixin.py:190} INFO - [2026-07-17T16:38:04.293+0000] {dagbag.py:587} INFO - Filling up the DagBag from /opt/airflow/dags/sanity_checks.py
[2026-07-17T16:38:04.310+0000] {processor.py:925} INFO - DAG(s) 'airflow_sanity_check' retrieved from /opt/airflow/dags/sanity_checks.py
[2026-07-17T16:38:04.357+0000] {logging_mixin.py:190} INFO - [2026-07-17T16:38:04.356+0000] {dag.py:3211} INFO - Sync 1 DAGs
[2026-07-17T16:38:04.380+0000] {logging_mixin.py:190} INFO - [2026-07-17T16:38:04.380+0000] {dag.py:4138} INFO - Setting next_dagrun for airflow_sanity_check to None, run_after=None
[2026-07-17T16:38:04.409+0000] {processor.py:208} INFO - Processing /opt/airflow/dags/sanity_checks.py took 0.132 seconds
[2026-07-17T16:38:34.742+0000] {processor.py:186} INFO - Started process (PID=23374) to work on /opt/airflow/dags/sanity_checks.py
[2026-07-17T16:38:34.743+0000] {processor.py:914} INFO - Processing file /opt/airflow/dags/sanity_checks.py for tasks to queue
[2026-07-17T16:38:34.747+0000] {logging_mixin.py:190} INFO - [2026-07-17T16:38:34.747+0000] {dagbag.py:587} INFO - Filling up the DagBag from /opt/airflow/dags/sanity_checks.py
[2026-07-17T16:38:34.764+0000] {processor.py:925} INFO - DAG(s) 'airflow_sanity_check' retrieved from /opt/airflow/dags/sanity_checks.py
[2026-07-17T16:38:34.809+0000] {logging_mixin.py:190} INFO - [2026-07-17T16:38:34.809+0000] {dag.py:3211} INFO - Sync 1 DAGs
[2026-07-17T16:38:34.831+0000] {logging_mixin.py:190} INFO - [2026-07-17T16:38:34.831+0000] {dag.py:4138} INFO - Setting next_dagrun for airflow_sanity_check to None, run_after=None
[2026-07-17T16:38:34.860+0000] {processor.py:208} INFO - Processing /opt/airflow/dags/sanity_checks.py took 0.129 seconds
[2026-07-17T16:39:05.193+0000] {processor.py:186} INFO - Started process (PID=23384) to work on /opt/airflow/dags/sanity_checks.py
[2026-07-17T16:39:05.195+0000] {processor.py:914} INFO - Processing file /opt/airflow/dags/sanity_checks.py for tasks to queue
[2026-07-17T16:39:05.199+0000] {logging_mixin.py:190} INFO - [2026-07-17T16:39:05.198+0000] {dagbag.py:587} INFO - Filling up the DagBag from /opt/airflow/dags/sanity_checks.py
[2026-07-17T16:39:05.215+0000] {processor.py:925} INFO - DAG(s) 'airflow_sanity_check' retrieved from /opt/airflow/dags/sanity_checks.py
[2026-07-17T16:39:05.258+0000] {logging_mixin.py:190} INFO - [2026-07-17T16:39:05.258+0000] {dag.py:3211} INFO - Sync 1 DAGs
[2026-07-17T16:39:05.281+0000] {logging_mixin.py:190} INFO - [2026-07-17T16:39:05.281+0000] {dag.py:4138} INFO - Setting next_dagrun for airflow_sanity_check to None, run_after=None
[2026-07-17T16:39:05.310+0000] {processor.py:208} INFO - Processing /opt/airflow/dags/sanity_checks.py took 0.126 seconds
[2026-07-17T16:39:35.724+0000] {processor.py:186} INFO - Started process (PID=23394) to work on /opt/airflow/dags/sanity_checks.py
[2026-07-17T16:39:35.726+0000] {processor.py:914} INFO - Processing file /opt/airflow/dags/sanity_checks.py for tasks to queue
[2026-07-17T16:39:35.729+0000] {logging_mixin.py:190} INFO - [2026-07-17T16:39:35.729+0000] {dagbag.py:587} INFO - Filling up the DagBag from /opt/airflow/dags/sanity_checks.py
[2026-07-17T16:39:35.746+0000] {processor.py:925} INFO - DAG(s) 'airflow_sanity_check' retrieved from /opt/airflow/dags/sanity_checks.py
[2026-07-17T16:39:35.793+0000] {logging_mixin.py:190} INFO - [2026-07-17T16:39:35.792+0000] {dag.py:3211} INFO - Sync 1 DAGs
[2026-07-17T16:39:35.817+0000] {logging_mixin.py:190} INFO - [2026-07-17T16:39:35.817+0000] {dag.py:4138} INFO - Setting next_dagrun for airflow_sanity_check to None, run_after=None
[2026-07-17T16:39:35.856+0000] {processor.py:208} INFO - Processing /opt/airflow/dags/sanity_checks.py took 0.144 seconds
[2026-07-17T16:40:06.269+0000] {processor.py:186} INFO - Started process (PID=23404) to work on /opt/airflow/dags/sanity_checks.py
[2026-07-17T16:40:06.271+0000] {processor.py:914} INFO - Processing file /opt/airflow/dags/sanity_checks.py for tasks to queue
[2026-07-17T16:40:06.275+0000] {logging_mixin.py:190} INFO - [2026-07-17T16:40:06.274+0000] {dagbag.py:587} INFO - Filling up the DagBag from /opt/airflow/dags/sanity_checks.py
[2026-07-17T16:40:06.291+0000] {processor.py:925} INFO - DAG(s) 'airflow_sanity_check' retrieved from /opt/airflow/dags/sanity_checks.py
[2026-07-17T16:40:06.342+0000] {logging_mixin.py:190} INFO - [2026-07-17T16:40:06.342+0000] {dag.py:3211} INFO - Sync 1 DAGs
[2026-07-17T16:40:06.372+0000] {logging_mixin.py:190} INFO - [2026-07-17T16:40:06.371+0000] {dag.py:4138} INFO - Setting next_dagrun for airflow_sanity_check to None, run_after=None
[2026-07-17T16:40:06.400+0000] {processor.py:208} INFO - Processing /opt/airflow/dags/sanity_checks.py took 0.141 seconds
[2026-07-17T16:40:36.732+0000] {processor.py:186} INFO - Started process (PID=23414) to work on /opt/airflow/dags/sanity_checks.py
[2026-07-17T16:40:36.734+0000] {processor.py:914} INFO - Processing file /opt/airflow/dags/sanity_checks.py for tasks to queue
[2026-07-17T16:40:36.739+0000] {logging_mixin.py:190} INFO - [2026-07-17T16:40:36.739+0000] {dagbag.py:587} INFO - Filling up the DagBag from /opt/airflow/dags/sanity_checks.py
[2026-07-17T16:40:36.763+0000] {processor.py:925} INFO - DAG(s) 'airflow_sanity_check' retrieved from /opt/airflow/dags/sanity_checks.py
[2026-07-17T16:40:36.810+0000] {logging_mixin.py:190} INFO - [2026-07-17T16:40:36.809+0000] {dag.py:3211} INFO - Sync 1 DAGs
[2026-07-17T16:40:36.836+0000] {logging_mixin.py:190} INFO - [2026-07-17T16:40:36.836+0000] {dag.py:4138} INFO - Setting next_dagrun for airflow_sanity_check to None, run_after=None
[2026-07-17T16:40:36.868+0000] {processor.py:208} INFO - Processing /opt/airflow/dags/sanity_checks.py took 0.149 seconds
[2026-07-17T16:41:07.342+0000] {processor.py:186} INFO - Started process (PID=23424) to work on /opt/airflow/dags/sanity_checks.py
[2026-07-17T16:41:07.345+0000] {processor.py:914} INFO - Processing file /opt/airflow/dags/sanity_checks.py for tasks to queue
[2026-07-17T16:41:07.348+0000] {logging_mixin.py:190} INFO - [2026-07-17T16:41:07.348+0000] {dagbag.py:587} INFO - Filling up the DagBag from /opt/airflow/dags/sanity_checks.py
[2026-07-17T16:41:07.365+0000] {processor.py:925} INFO - DAG(s) 'airflow_sanity_check' retrieved from /opt/airflow/dags/sanity_checks.py
[2026-07-17T16:41:07.411+0000] {logging_mixin.py:190} INFO - [2026-07-17T16:41:07.411+0000] {dag.py:3211} INFO - Sync 1 DAGs
[2026-07-17T16:41:07.433+0000] {logging_mixin.py:190} INFO - [2026-07-17T16:41:07.433+0000] {dag.py:4138} INFO - Setting next_dagrun for airflow_sanity_check to None, run_after=None
[2026-07-17T16:41:07.459+0000] {processor.py:208} INFO - Processing /opt/airflow/dags/sanity_checks.py took 0.130 seconds
[2026-07-17T16:41:37.787+0000] {processor.py:186} INFO - Started process (PID=23434) to work on /opt/airflow/dags/sanity_checks.py
[2026-07-17T16:41:37.789+0000] {processor.py:914} INFO - Processing file /opt/airflow/dags/sanity_checks.py for tasks to queue
[2026-07-17T16:41:37.792+0000] {logging_mixin.py:190} INFO - [2026-07-17T16:41:37.792+0000] {dagbag.py:587} INFO - Filling up the DagBag from /opt/airflow/dags/sanity_checks.py
[2026-07-17T16:41:37.811+0000] {processor.py:925} INFO - DAG(s) 'airflow_sanity_check' retrieved from /opt/airflow/dags/sanity_checks.py
[2026-07-17T16:41:37.857+0000] {logging_mixin.py:190} INFO - [2026-07-17T16:41:37.857+0000] {dag.py:3211} INFO - Sync 1 DAGs
[2026-07-17T16:41:37.887+0000] {logging_mixin.py:190} INFO - [2026-07-17T16:41:37.887+0000] {dag.py:4138} INFO - Setting next_dagrun for airflow_sanity_check to None, run_after=None
[2026-07-17T16:41:37.924+0000] {processor.py:208} INFO - Processing /opt/airflow/dags/sanity_checks.py took 0.149 seconds
[2026-07-17T16:42:08.299+0000] {processor.py:186} INFO - Started process (PID=23444) to work on /opt/airflow/dags/sanity_checks.py
[2026-07-17T16:42:08.301+0000] {processor.py:914} INFO - Processing file /opt/airflow/dags/sanity_checks.py for tasks to queue
[2026-07-17T16:42:08.304+0000] {logging_mixin.py:190} INFO - [2026-07-17T16:42:08.304+0000] {dagbag.py:587} INFO - Filling up the DagBag from /opt/airflow/dags/sanity_checks.py
[2026-07-17T16:42:08.320+0000] {processor.py:925} INFO - DAG(s) 'airflow_sanity_check' retrieved from /opt/airflow/dags/sanity_checks.py
[2026-07-17T16:42:08.362+0000] {logging_mixin.py:190} INFO - [2026-07-17T16:42:08.362+0000] {dag.py:3211} INFO - Sync 1 DAGs
[2026-07-17T16:42:08.384+0000] {logging_mixin.py:190} INFO - [2026-07-17T16:42:08.383+0000] {dag.py:4138} INFO - Setting next_dagrun for airflow_sanity_check to None, run_after=None
[2026-07-17T16:42:08.410+0000] {processor.py:208} INFO - Processing /opt/airflow/dags/sanity_checks.py took 0.120 seconds
[2026-07-17T16:42:38.794+0000] {processor.py:186} INFO - Started process (PID=23454) to work on /opt/airflow/dags/sanity_checks.py
[2026-07-17T16:42:38.796+0000] {processor.py:914} INFO - Processing file /opt/airflow/dags/sanity_checks.py for tasks to queue
[2026-07-17T16:42:38.801+0000] {logging_mixin.py:190} INFO - [2026-07-17T16:42:38.800+0000] {dagbag.py:587} INFO - Filling up the DagBag from /opt/airflow/dags/sanity_checks.py
[2026-07-17T16:42:38.818+0000] {processor.py:925} INFO - DAG(s) 'airflow_sanity_check' retrieved from /opt/airflow/dags/sanity_checks.py
[2026-07-17T16:42:38.869+0000] {logging_mixin.py:190} INFO - [2026-07-17T16:42:38.868+0000] {dag.py:3211} INFO - Sync 1 DAGs
[2026-07-17T16:42:38.892+0000] {logging_mixin.py:190} INFO - [2026-07-17T16:42:38.892+0000] {dag.py:4138} INFO - Setting next_dagrun for airflow_sanity_check to None, run_after=None
[2026-07-17T16:42:38.926+0000] {processor.py:208} INFO - Processing /opt/airflow/dags/sanity_checks.py took 0.142 seconds
[2026-07-17T16:43:09.273+0000] {processor.py:186} INFO - Started process (PID=23464) to work on /opt/airflow/dags/sanity_checks.py
[2026-07-17T16:43:09.275+0000] {processor.py:914} INFO - Processing file /opt/airflow/dags/sanity_checks.py for tasks to queue
[2026-07-17T16:43:09.281+0000] {logging_mixin.py:190} INFO - [2026-07-17T16:43:09.280+0000] {dagbag.py:587} INFO - Filling up the DagBag from /opt/airflow/dags/sanity_checks.py
[2026-07-17T16:43:09.298+0000] {processor.py:925} INFO - DAG(s) 'airflow_sanity_check' retrieved from /opt/airflow/dags/sanity_checks.py
[2026-07-17T16:43:09.352+0000] {logging_mixin.py:190} INFO - [2026-07-17T16:43:09.352+0000] {dag.py:3211} INFO - Sync 1 DAGs
[2026-07-17T16:43:09.378+0000] {logging_mixin.py:190} INFO - [2026-07-17T16:43:09.378+0000] {dag.py:4138} INFO - Setting next_dagrun for airflow_sanity_check to None, run_after=None
[2026-07-17T16:43:09.409+0000] {processor.py:208} INFO - Processing /opt/airflow/dags/sanity_checks.py took 0.145 seconds
[2026-07-17T16:43:39.760+0000] {processor.py:186} INFO - Started process (PID=23474) to work on /opt/airflow/dags/sanity_checks.py
[2026-07-17T16:43:39.761+0000] {processor.py:914} INFO - Processing file /opt/airflow/dags/sanity_checks.py for tasks to queue
[2026-07-17T16:43:39.766+0000] {logging_mixin.py:190} INFO - [2026-07-17T16:43:39.766+0000] {dagbag.py:587} INFO - Filling up the DagBag from /opt/airflow/dags/sanity_checks.py
[2026-07-17T16:43:39.781+0000] {processor.py:925} INFO - DAG(s) 'airflow_sanity_check' retrieved from /opt/airflow/dags/sanity_checks.py
[2026-07-17T16:43:39.825+0000] {logging_mixin.py:190} INFO - [2026-07-17T16:43:39.825+0000] {dag.py:3211} INFO - Sync 1 DAGs
[2026-07-17T16:43:39.846+0000] {logging_mixin.py:190} INFO - [2026-07-17T16:43:39.846+0000] {dag.py:4138} INFO - Setting next_dagrun for airflow_sanity_check to None, run_after=None
[2026-07-17T16:43:39.875+0000] {processor.py:208} INFO - Processing /opt/airflow/dags/sanity_checks.py took 0.124 seconds
[2026-07-17T16:44:10.249+0000] {processor.py:186} INFO - Started process (PID=23484) to work on /opt/airflow/dags/sanity_checks.py
[2026-07-17T16:44:10.251+0000] {processor.py:914} INFO - Processing file /opt/airflow/dags/sanity_checks.py for tasks to queue
[2026-07-17T16:44:10.257+0000] {logging_mixin.py:190} INFO - [2026-07-17T16:44:10.256+0000] {dagbag.py:587} INFO - Filling up the DagBag from /opt/airflow/dags/sanity_checks.py
[2026-07-17T16:44:10.324+0000] {processor.py:925} INFO - DAG(s) 'airflow_sanity_check' retrieved from /opt/airflow/dags/sanity_checks.py
[2026-07-17T16:44:10.417+0000] {logging_mixin.py:190} INFO - [2026-07-17T16:44:10.415+0000] {dag.py:3211} INFO - Sync 1 DAGs
[2026-07-17T16:44:10.480+0000] {logging_mixin.py:190} INFO - [2026-07-17T16:44:10.480+0000] {dag.py:4138} INFO - Setting next_dagrun for airflow_sanity_check to None, run_after=None
[2026-07-17T16:44:10.515+0000] {processor.py:208} INFO - Processing /opt/airflow/dags/sanity_checks.py took 0.299 seconds
[2026-07-17T16:44:40.864+0000] {processor.py:186} INFO - Started process (PID=23494) to work on /opt/airflow/dags/sanity_checks.py
[2026-07-17T16:44:40.865+0000] {processor.py:914} INFO - Processing file /opt/airflow/dags/sanity_checks.py for tasks to queue
[2026-07-17T16:44:40.869+0000] {logging_mixin.py:190} INFO - [2026-07-17T16:44:40.868+0000] {dagbag.py:587} INFO - Filling up the DagBag from /opt/airflow/dags/sanity_checks.py
[2026-07-17T16:44:40.884+0000] {processor.py:925} INFO - DAG(s) 'airflow_sanity_check' retrieved from /opt/airflow/dags/sanity_checks.py
[2026-07-17T16:44:40.927+0000] {logging_mixin.py:190} INFO - [2026-07-17T16:44:40.927+0000] {dag.py:3211} INFO - Sync 1 DAGs
[2026-07-17T16:44:40.949+0000] {logging_mixin.py:190} INFO - [2026-07-17T16:44:40.948+0000] {dag.py:4138} INFO - Setting next_dagrun for airflow_sanity_check to None, run_after=None
[2026-07-17T16:44:40.976+0000] {processor.py:208} INFO - Processing /opt/airflow/dags/sanity_checks.py took 0.122 seconds
[2026-07-17T16:45:11.311+0000] {processor.py:186} INFO - Started process (PID=23504) to work on /opt/airflow/dags/sanity_checks.py
[2026-07-17T16:45:11.312+0000] {processor.py:914} INFO - Processing file /opt/airflow/dags/sanity_checks.py for tasks to queue
[2026-07-17T16:45:11.316+0000] {logging_mixin.py:190} INFO - [2026-07-17T16:45:11.315+0000] {dagbag.py:587} INFO - Filling up the DagBag from /opt/airflow/dags/sanity_checks.py
[2026-07-17T16:45:11.337+0000] {processor.py:925} INFO - DAG(s) 'airflow_sanity_check' retrieved from /opt/airflow/dags/sanity_checks.py
[2026-07-17T16:45:11.395+0000] {logging_mixin.py:190} INFO - [2026-07-17T16:45:11.395+0000] {dag.py:3211} INFO - Sync 1 DAGs
[2026-07-17T16:45:11.419+0000] {logging_mixin.py:190} INFO - [2026-07-17T16:45:11.419+0000] {dag.py:4138} INFO - Setting next_dagrun for airflow_sanity_check to None, run_after=None
[2026-07-17T16:45:11.447+0000] {processor.py:208} INFO - Processing /opt/airflow/dags/sanity_checks.py took 0.145 seconds
[2026-07-17T16:45:41.903+0000] {processor.py:186} INFO - Started process (PID=23514) to work on /opt/airflow/dags/sanity_checks.py
[2026-07-17T16:45:41.905+0000] {processor.py:914} INFO - Processing file /opt/airflow/dags/sanity_checks.py for tasks to queue
[2026-07-17T16:45:41.909+0000] {logging_mixin.py:190} INFO - [2026-07-17T16:45:41.908+0000] {dagbag.py:587} INFO - Filling up the DagBag from /opt/airflow/dags/sanity_checks.py
[2026-07-17T16:45:41.926+0000] {processor.py:925} INFO - DAG(s) 'airflow_sanity_check' retrieved from /opt/airflow/dags/sanity_checks.py
[2026-07-17T16:45:41.971+0000] {logging_mixin.py:190} INFO - [2026-07-17T16:45:41.971+0000] {dag.py:3211} INFO - Sync 1 DAGs
[2026-07-17T16:45:41.996+0000] {logging_mixin.py:190} INFO - [2026-07-17T16:45:41.996+0000] {dag.py:4138} INFO - Setting next_dagrun for airflow_sanity_check to None, run_after=None
[2026-07-17T16:45:42.023+0000] {processor.py:208} INFO - Processing /opt/airflow/dags/sanity_checks.py took 0.129 seconds
[2026-07-17T16:46:12.352+0000] {processor.py:186} INFO - Started process (PID=23524) to work on /opt/airflow/dags/sanity_checks.py
[2026-07-17T16:46:12.354+0000] {processor.py:914} INFO - Processing file /opt/airflow/dags/sanity_checks.py for tasks to queue
[2026-07-17T16:46:12.357+0000] {logging_mixin.py:190} INFO - [2026-07-17T16:46:12.357+0000] {dagbag.py:587} INFO - Filling up the DagBag from /opt/airflow/dags/sanity_checks.py
[2026-07-17T16:46:12.373+0000] {processor.py:925} INFO - DAG(s) 'airflow_sanity_check' retrieved from /opt/airflow/dags/sanity_checks.py
[2026-07-17T16:46:12.417+0000] {logging_mixin.py:190} INFO - [2026-07-17T16:46:12.416+0000] {dag.py:3211} INFO - Sync 1 DAGs
[2026-07-17T16:46:12.439+0000] {logging_mixin.py:190} INFO - [2026-07-17T16:46:12.438+0000] {dag.py:4138} INFO - Setting next_dagrun for airflow_sanity_check to None, run_after=None
[2026-07-17T16:46:12.467+0000] {processor.py:208} INFO - Processing /opt/airflow/dags/sanity_checks.py took 0.124 seconds
[2026-07-17T16:46:42.805+0000] {processor.py:186} INFO - Started process (PID=23534) to work on /opt/airflow/dags/sanity_checks.py
[2026-07-17T16:46:42.807+0000] {processor.py:914} INFO - Processing file /opt/airflow/dags/sanity_checks.py for tasks to queue
[2026-07-17T16:46:42.811+0000] {logging_mixin.py:190} INFO - [2026-07-17T16:46:42.811+0000] {dagbag.py:587} INFO - Filling up the DagBag from /opt/airflow/dags/sanity_checks.py
[2026-07-17T16:46:42.830+0000] {processor.py:925} INFO - DAG(s) 'airflow_sanity_check' retrieved from /opt/airflow/dags/sanity_checks.py
[2026-07-17T16:46:42.879+0000] {logging_mixin.py:190} INFO - [2026-07-17T16:46:42.879+0000] {dag.py:3211} INFO - Sync 1 DAGs
[2026-07-17T16:46:42.903+0000] {logging_mixin.py:190} INFO - [2026-07-17T16:46:42.903+0000] {dag.py:4138} INFO - Setting next_dagrun for airflow_sanity_check to None, run_after=None
[2026-07-17T16:46:42.929+0000] {processor.py:208} INFO - Processing /opt/airflow/dags/sanity_checks.py took 0.135 seconds
[2026-07-17T16:47:13.284+0000] {processor.py:186} INFO - Started process (PID=23544) to work on /opt/airflow/dags/sanity_checks.py
[2026-07-17T16:47:13.287+0000] {processor.py:914} INFO - Processing file /opt/airflow/dags/sanity_checks.py for tasks to queue
[2026-07-17T16:47:13.291+0000] {logging_mixin.py:190} INFO - [2026-07-17T16:47:13.290+0000] {dagbag.py:587} INFO - Filling up the DagBag from /opt/airflow/dags/sanity_checks.py
[2026-07-17T16:47:13.311+0000] {processor.py:925} INFO - DAG(s) 'airflow_sanity_check' retrieved from /opt/airflow/dags/sanity_checks.py
[2026-07-17T16:47:13.372+0000] {logging_mixin.py:190} INFO - [2026-07-17T16:47:13.372+0000] {dag.py:3211} INFO - Sync 1 DAGs
[2026-07-17T16:47:13.402+0000] {logging_mixin.py:190} INFO - [2026-07-17T16:47:13.401+0000] {dag.py:4138} INFO - Setting next_dagrun for airflow_sanity_check to None, run_after=None
[2026-07-17T16:47:13.434+0000] {processor.py:208} INFO - Processing /opt/airflow/dags/sanity_checks.py took 0.164 seconds
[2026-07-17T16:47:43.750+0000] {processor.py:186} INFO - Started process (PID=23554) to work on /opt/airflow/dags/sanity_checks.py
[2026-07-17T16:47:43.751+0000] {processor.py:914} INFO - Processing file /opt/airflow/dags/sanity_checks.py for tasks to queue
[2026-07-17T16:47:43.755+0000] {logging_mixin.py:190} INFO - [2026-07-17T16:47:43.754+0000] {dagbag.py:587} INFO - Filling up the DagBag from /opt/airflow/dags/sanity_checks.py
[2026-07-17T16:47:43.772+0000] {processor.py:925} INFO - DAG(s) 'airflow_sanity_check' retrieved from /opt/airflow/dags/sanity_checks.py
[2026-07-17T16:47:43.815+0000] {logging_mixin.py:190} INFO - [2026-07-17T16:47:43.815+0000] {dag.py:3211} INFO - Sync 1 DAGs
[2026-07-17T16:47:43.841+0000] {logging_mixin.py:190} INFO - [2026-07-17T16:47:43.840+0000] {dag.py:4138} INFO - Setting next_dagrun for airflow_sanity_check to None, run_after=None
[2026-07-17T16:47:43.866+0000] {processor.py:208} INFO - Processing /opt/airflow/dags/sanity_checks.py took 0.127 seconds
[2026-07-17T16:48:14.200+0000] {processor.py:186} INFO - Started process (PID=23564) to work on /opt/airflow/dags/sanity_checks.py
[2026-07-17T16:48:14.201+0000] {processor.py:914} INFO - Processing file /opt/airflow/dags/sanity_checks.py for tasks to queue
[2026-07-17T16:48:14.206+0000] {logging_mixin.py:190} INFO - [2026-07-17T16:48:14.205+0000] {dagbag.py:587} INFO - Filling up the DagBag from /opt/airflow/dags/sanity_checks.py
[2026-07-17T16:48:14.223+0000] {processor.py:925} INFO - DAG(s) 'airflow_sanity_check' retrieved from /opt/airflow/dags/sanity_checks.py
[2026-07-17T16:48:14.274+0000] {logging_mixin.py:190} INFO - [2026-07-17T16:48:14.274+0000] {dag.py:3211} INFO - Sync 1 DAGs
[2026-07-17T16:48:14.297+0000] {logging_mixin.py:190} INFO - [2026-07-17T16:48:14.296+0000] {dag.py:4138} INFO - Setting next_dagrun for airflow_sanity_check to None, run_after=None
[2026-07-17T16:48:14.339+0000] {processor.py:208} INFO - Processing /opt/airflow/dags/sanity_checks.py took 0.151 seconds
[2026-07-17T16:48:44.689+0000] {processor.py:186} INFO - Started process (PID=23574) to work on /opt/airflow/dags/sanity_checks.py
[2026-07-17T16:48:44.691+0000] {processor.py:914} INFO - Processing file /opt/airflow/dags/sanity_checks.py for tasks to queue
[2026-07-17T16:48:44.695+0000] {logging_mixin.py:190} INFO - [2026-07-17T16:48:44.694+0000] {dagbag.py:587} INFO - Filling up the DagBag from /opt/airflow/dags/sanity_checks.py
[2026-07-17T16:48:44.712+0000] {processor.py:925} INFO - DAG(s) 'airflow_sanity_check' retrieved from /opt/airflow/dags/sanity_checks.py
[2026-07-17T16:48:44.758+0000] {logging_mixin.py:190} INFO - [2026-07-17T16:48:44.758+0000] {dag.py:3211} INFO - Sync 1 DAGs
[2026-07-17T16:48:44.781+0000] {logging_mixin.py:190} INFO - [2026-07-17T16:48:44.781+0000] {dag.py:4138} INFO - Setting next_dagrun for airflow_sanity_check to None, run_after=None
[2026-07-17T16:48:44.810+0000] {processor.py:208} INFO - Processing /opt/airflow/dags/sanity_checks.py took 0.130 seconds
[2026-07-17T16:49:15.122+0000] {processor.py:186} INFO - Started process (PID=23584) to work on /opt/airflow/dags/sanity_checks.py
[2026-07-17T16:49:15.123+0000] {processor.py:914} INFO - Processing file /opt/airflow/dags/sanity_checks.py for tasks to queue
[2026-07-17T16:49:15.127+0000] {logging_mixin.py:190} INFO - [2026-07-17T16:49:15.127+0000] {dagbag.py:587} INFO - Filling up the DagBag from /opt/airflow/dags/sanity_checks.py
[2026-07-17T16:49:15.144+0000] {processor.py:925} INFO - DAG(s) 'airflow_sanity_check' retrieved from /opt/airflow/dags/sanity_checks.py
[2026-07-17T16:49:15.188+0000] {logging_mixin.py:190} INFO - [2026-07-17T16:49:15.188+0000] {dag.py:3211} INFO - Sync 1 DAGs
[2026-07-17T16:49:15.210+0000] {logging_mixin.py:190} INFO - [2026-07-17T16:49:15.210+0000] {dag.py:4138} INFO - Setting next_dagrun for airflow_sanity_check to None, run_after=None
[2026-07-17T16:49:15.237+0000] {processor.py:208} INFO - Processing /opt/airflow/dags/sanity_checks.py took 0.124 seconds
[2026-07-17T16:49:45.570+0000] {processor.py:186} INFO - Started process (PID=23594) to work on /opt/airflow/dags/sanity_checks.py
[2026-07-17T16:49:45.571+0000] {processor.py:914} INFO - Processing file /opt/airflow/dags/sanity_checks.py for tasks to queue
[2026-07-17T16:49:45.575+0000] {logging_mixin.py:190} INFO - [2026-07-17T16:49:45.575+0000] {dagbag.py:587} INFO - Filling up the DagBag from /opt/airflow/dags/sanity_checks.py
[2026-07-17T16:49:45.590+0000] {processor.py:925} INFO - DAG(s) 'airflow_sanity_check' retrieved from /opt/airflow/dags/sanity_checks.py
[2026-07-17T16:49:45.632+0000] {logging_mixin.py:190} INFO - [2026-07-17T16:49:45.632+0000] {dag.py:3211} INFO - Sync 1 DAGs
[2026-07-17T16:49:45.654+0000] {logging_mixin.py:190} INFO - [2026-07-17T16:49:45.654+0000] {dag.py:4138} INFO - Setting next_dagrun for airflow_sanity_check to None, run_after=None
[2026-07-17T16:49:45.682+0000] {processor.py:208} INFO - Processing /opt/airflow/dags/sanity_checks.py took 0.121 seconds
[2026-07-17T16:50:16.019+0000] {processor.py:186} INFO - Started process (PID=23604) to work on /opt/airflow/dags/sanity_checks.py
[2026-07-17T16:50:16.024+0000] {processor.py:914} INFO - Processing file /opt/airflow/dags/sanity_checks.py for tasks to queue
[2026-07-17T16:50:16.029+0000] {logging_mixin.py:190} INFO - [2026-07-17T16:50:16.028+0000] {dagbag.py:587} INFO - Filling up the DagBag from /opt/airflow/dags/sanity_checks.py
[2026-07-17T16:50:16.047+0000] {processor.py:925} INFO - DAG(s) 'airflow_sanity_check' retrieved from /opt/airflow/dags/sanity_checks.py
[2026-07-17T16:50:16.124+0000] {logging_mixin.py:190} INFO - [2026-07-17T16:50:16.124+0000] {dag.py:3211} INFO - Sync 1 DAGs
[2026-07-17T16:50:16.147+0000] {logging_mixin.py:190} INFO - [2026-07-17T16:50:16.147+0000] {dag.py:4138} INFO - Setting next_dagrun for airflow_sanity_check to None, run_after=None
[2026-07-17T16:50:16.175+0000] {processor.py:208} INFO - Processing /opt/airflow/dags/sanity_checks.py took 0.172 seconds
[2026-07-17T16:50:46.511+0000] {processor.py:186} INFO - Started process (PID=23614) to work on /opt/airflow/dags/sanity_checks.py
[2026-07-17T16:50:46.513+0000] {processor.py:914} INFO - Processing file /opt/airflow/dags/sanity_checks.py for tasks to queue
[2026-07-17T16:50:46.517+0000] {logging_mixin.py:190} INFO - [2026-07-17T16:50:46.516+0000] {dagbag.py:587} INFO - Filling up the DagBag from /opt/airflow/dags/sanity_checks.py
[2026-07-17T16:50:46.537+0000] {processor.py:925} INFO - DAG(s) 'airflow_sanity_check' retrieved from /opt/airflow/dags/sanity_checks.py
[2026-07-17T16:50:46.593+0000] {logging_mixin.py:190} INFO - [2026-07-17T16:50:46.593+0000] {dag.py:3211} INFO - Sync 1 DAGs
[2026-07-17T16:50:46.617+0000] {logging_mixin.py:190} INFO - [2026-07-17T16:50:46.616+0000] {dag.py:4138} INFO - Setting next_dagrun for airflow_sanity_check to None, run_after=None
[2026-07-17T16:50:46.648+0000] {processor.py:208} INFO - Processing /opt/airflow/dags/sanity_checks.py took 0.154 seconds
[2026-07-17T16:51:17.016+0000] {processor.py:186} INFO - Started process (PID=23624) to work on /opt/airflow/dags/sanity_checks.py
[2026-07-17T16:51:17.017+0000] {processor.py:914} INFO - Processing file /opt/airflow/dags/sanity_checks.py for tasks to queue
[2026-07-17T16:51:17.020+0000] {logging_mixin.py:190} INFO - [2026-07-17T16:51:17.020+0000] {dagbag.py:587} INFO - Filling up the DagBag from /opt/airflow/dags/sanity_checks.py
[2026-07-17T16:51:17.038+0000] {processor.py:925} INFO - DAG(s) 'airflow_sanity_check' retrieved from /opt/airflow/dags/sanity_checks.py
[2026-07-17T16:51:17.095+0000] {logging_mixin.py:190} INFO - [2026-07-17T16:51:17.094+0000] {dag.py:3211} INFO - Sync 1 DAGs
[2026-07-17T16:51:17.124+0000] {logging_mixin.py:190} INFO - [2026-07-17T16:51:17.124+0000] {dag.py:4138} INFO - Setting next_dagrun for airflow_sanity_check to None, run_after=None
[2026-07-17T16:51:17.157+0000] {processor.py:208} INFO - Processing /opt/airflow/dags/sanity_checks.py took 0.152 seconds
[2026-07-17T16:51:47.652+0000] {processor.py:186} INFO - Started process (PID=23634) to work on /opt/airflow/dags/sanity_checks.py
[2026-07-17T16:51:47.653+0000] {processor.py:914} INFO - Processing file /opt/airflow/dags/sanity_checks.py for tasks to queue
[2026-07-17T16:51:47.656+0000] {logging_mixin.py:190} INFO - [2026-07-17T16:51:47.656+0000] {dagbag.py:587} INFO - Filling up the DagBag from /opt/airflow/dags/sanity_checks.py
[2026-07-17T16:51:47.673+0000] {processor.py:925} INFO - DAG(s) 'airflow_sanity_check' retrieved from /opt/airflow/dags/sanity_checks.py
[2026-07-17T16:51:47.721+0000] {logging_mixin.py:190} INFO - [2026-07-17T16:51:47.721+0000] {dag.py:3211} INFO - Sync 1 DAGs
[2026-07-17T16:51:47.744+0000] {logging_mixin.py:190} INFO - [2026-07-17T16:51:47.743+0000] {dag.py:4138} INFO - Setting next_dagrun for airflow_sanity_check to None, run_after=None
[2026-07-17T16:51:47.773+0000] {processor.py:208} INFO - Processing /opt/airflow/dags/sanity_checks.py took 0.130 seconds
[2026-07-17T16:52:18.199+0000] {processor.py:186} INFO - Started process (PID=23644) to work on /opt/airflow/dags/sanity_checks.py
[2026-07-17T16:52:18.201+0000] {processor.py:914} INFO - Processing file /opt/airflow/dags/sanity_checks.py for tasks to queue
[2026-07-17T16:52:18.205+0000] {logging_mixin.py:190} INFO - [2026-07-17T16:52:18.205+0000] {dagbag.py:587} INFO - Filling up the DagBag from /opt/airflow/dags/sanity_checks.py
[2026-07-17T16:52:18.220+0000] {processor.py:925} INFO - DAG(s) 'airflow_sanity_check' retrieved from /opt/airflow/dags/sanity_checks.py
[2026-07-17T16:52:18.270+0000] {logging_mixin.py:190} INFO - [2026-07-17T16:52:18.270+0000] {dag.py:3211} INFO - Sync 1 DAGs
[2026-07-17T16:52:18.294+0000] {logging_mixin.py:190} INFO - [2026-07-17T16:52:18.294+0000] {dag.py:4138} INFO - Setting next_dagrun for airflow_sanity_check to None, run_after=None
[2026-07-17T16:52:18.322+0000] {processor.py:208} INFO - Processing /opt/airflow/dags/sanity_checks.py took 0.132 seconds
[2026-07-17T16:52:48.815+0000] {processor.py:186} INFO - Started process (PID=23654) to work on /opt/airflow/dags/sanity_checks.py
[2026-07-17T16:52:48.817+0000] {processor.py:914} INFO - Processing file /opt/airflow/dags/sanity_checks.py for tasks to queue
[2026-07-17T16:52:48.822+0000] {logging_mixin.py:190} INFO - [2026-07-17T16:52:48.822+0000] {dagbag.py:587} INFO - Filling up the DagBag from /opt/airflow/dags/sanity_checks.py
[2026-07-17T16:52:48.840+0000] {processor.py:925} INFO - DAG(s) 'airflow_sanity_check' retrieved from /opt/airflow/dags/sanity_checks.py
[2026-07-17T16:52:48.882+0000] {logging_mixin.py:190} INFO - [2026-07-17T16:52:48.882+0000] {dag.py:3211} INFO - Sync 1 DAGs
[2026-07-17T16:52:48.908+0000] {logging_mixin.py:190} INFO - [2026-07-17T16:52:48.908+0000] {dag.py:4138} INFO - Setting next_dagrun for airflow_sanity_check to None, run_after=None
[2026-07-17T16:52:48.944+0000] {processor.py:208} INFO - Processing /opt/airflow/dags/sanity_checks.py took 0.141 seconds
[2026-07-17T16:53:19.384+0000] {processor.py:186} INFO - Started process (PID=23664) to work on /opt/airflow/dags/sanity_checks.py
[2026-07-17T16:53:19.386+0000] {processor.py:914} INFO - Processing file /opt/airflow/dags/sanity_checks.py for tasks to queue
[2026-07-17T16:53:19.390+0000] {logging_mixin.py:190} INFO - [2026-07-17T16:53:19.390+0000] {dagbag.py:587} INFO - Filling up the DagBag from /opt/airflow/dags/sanity_checks.py
[2026-07-17T16:53:19.408+0000] {processor.py:925} INFO - DAG(s) 'airflow_sanity_check' retrieved from /opt/airflow/dags/sanity_checks.py
[2026-07-17T16:53:19.457+0000] {logging_mixin.py:190} INFO - [2026-07-17T16:53:19.457+0000] {dag.py:3211} INFO - Sync 1 DAGs
[2026-07-17T16:53:19.482+0000] {logging_mixin.py:190} INFO - [2026-07-17T16:53:19.482+0000] {dag.py:4138} INFO - Setting next_dagrun for airflow_sanity_check to None, run_after=None
[2026-07-17T16:53:19.510+0000] {processor.py:208} INFO - Processing /opt/airflow/dags/sanity_checks.py took 0.138 seconds
[2026-07-17T16:53:49.853+0000] {processor.py:186} INFO - Started process (PID=23674) to work on /opt/airflow/dags/sanity_checks.py
[2026-07-17T16:53:49.855+0000] {processor.py:914} INFO - Processing file /opt/airflow/dags/sanity_checks.py for tasks to queue
[2026-07-17T16:53:49.858+0000] {logging_mixin.py:190} INFO - [2026-07-17T16:53:49.858+0000] {dagbag.py:587} INFO - Filling up the DagBag from /opt/airflow/dags/sanity_checks.py
[2026-07-17T16:53:49.875+0000] {processor.py:925} INFO - DAG(s) 'airflow_sanity_check' retrieved from /opt/airflow/dags/sanity_checks.py
[2026-07-17T16:53:49.920+0000] {logging_mixin.py:190} INFO - [2026-07-17T16:53:49.920+0000] {dag.py:3211} INFO - Sync 1 DAGs
[2026-07-17T16:53:49.943+0000] {logging_mixin.py:190} INFO - [2026-07-17T16:53:49.942+0000] {dag.py:4138} INFO - Setting next_dagrun for airflow_sanity_check to None, run_after=None
[2026-07-17T16:53:49.973+0000] {processor.py:208} INFO - Processing /opt/airflow/dags/sanity_checks.py took 0.130 seconds
[2026-07-17T16:54:20.325+0000] {processor.py:186} INFO - Started process (PID=23684) to work on /opt/airflow/dags/sanity_checks.py
[2026-07-17T16:54:20.327+0000] {processor.py:914} INFO - Processing file /opt/airflow/dags/sanity_checks.py for tasks to queue
[2026-07-17T16:54:20.331+0000] {logging_mixin.py:190} INFO - [2026-07-17T16:54:20.330+0000] {dagbag.py:587} INFO - Filling up the DagBag from /opt/airflow/dags/sanity_checks.py
[2026-07-17T16:54:20.348+0000] {processor.py:925} INFO - DAG(s) 'airflow_sanity_check' retrieved from /opt/airflow/dags/sanity_checks.py
[2026-07-17T16:54:20.397+0000] {logging_mixin.py:190} INFO - [2026-07-17T16:54:20.397+0000] {dag.py:3211} INFO - Sync 1 DAGs
[2026-07-17T16:54:20.423+0000] {logging_mixin.py:190} INFO - [2026-07-17T16:54:20.422+0000] {dag.py:4138} INFO - Setting next_dagrun for airflow_sanity_check to None, run_after=None
[2026-07-17T16:54:20.451+0000] {processor.py:208} INFO - Processing /opt/airflow/dags/sanity_checks.py took 0.138 seconds
[2026-07-17T16:54:51.051+0000] {processor.py:186} INFO - Started process (PID=23694) to work on /opt/airflow/dags/sanity_checks.py
[2026-07-17T16:54:51.052+0000] {processor.py:914} INFO - Processing file /opt/airflow/dags/sanity_checks.py for tasks to queue
[2026-07-17T16:54:51.056+0000] {logging_mixin.py:190} INFO - [2026-07-17T16:54:51.055+0000] {dagbag.py:587} INFO - Filling up the DagBag from /opt/airflow/dags/sanity_checks.py
[2026-07-17T16:54:51.072+0000] {processor.py:925} INFO - DAG(s) 'airflow_sanity_check' retrieved from /opt/airflow/dags/sanity_checks.py
[2026-07-17T16:54:51.115+0000] {logging_mixin.py:190} INFO - [2026-07-17T16:54:51.115+0000] {dag.py:3211} INFO - Sync 1 DAGs
[2026-07-17T16:54:51.137+0000] {logging_mixin.py:190} INFO - [2026-07-17T16:54:51.136+0000] {dag.py:4138} INFO - Setting next_dagrun for airflow_sanity_check to None, run_after=None
[2026-07-17T16:54:51.164+0000] {processor.py:208} INFO - Processing /opt/airflow/dags/sanity_checks.py took 0.125 seconds
[2026-07-17T16:55:21.532+0000] {processor.py:186} INFO - Started process (PID=23704) to work on /opt/airflow/dags/sanity_checks.py
[2026-07-17T16:55:21.534+0000] {processor.py:914} INFO - Processing file /opt/airflow/dags/sanity_checks.py for tasks to queue
[2026-07-17T16:55:21.538+0000] {logging_mixin.py:190} INFO - [2026-07-17T16:55:21.538+0000] {dagbag.py:587} INFO - Filling up the DagBag from /opt/airflow/dags/sanity_checks.py
[2026-07-17T16:55:21.582+0000] {processor.py:925} INFO - DAG(s) 'airflow_sanity_check' retrieved from /opt/airflow/dags/sanity_checks.py
[2026-07-17T16:55:21.752+0000] {logging_mixin.py:190} INFO - [2026-07-17T16:55:21.752+0000] {dag.py:3211} INFO - Sync 1 DAGs
[2026-07-17T16:55:21.800+0000] {logging_mixin.py:190} INFO - [2026-07-17T16:55:21.800+0000] {dag.py:4138} INFO - Setting next_dagrun for airflow_sanity_check to None, run_after=None
[2026-07-17T16:55:21.835+0000] {processor.py:208} INFO - Processing /opt/airflow/dags/sanity_checks.py took 0.314 seconds
[2026-07-17T16:55:52.188+0000] {processor.py:186} INFO - Started process (PID=23714) to work on /opt/airflow/dags/sanity_checks.py
[2026-07-17T16:55:52.189+0000] {processor.py:914} INFO - Processing file /opt/airflow/dags/sanity_checks.py for tasks to queue
[2026-07-17T16:55:52.194+0000] {logging_mixin.py:190} INFO - [2026-07-17T16:55:52.193+0000] {dagbag.py:587} INFO - Filling up the DagBag from /opt/airflow/dags/sanity_checks.py
[2026-07-17T16:55:52.209+0000] {processor.py:925} INFO - DAG(s) 'airflow_sanity_check' retrieved from /opt/airflow/dags/sanity_checks.py
[2026-07-17T16:55:52.252+0000] {logging_mixin.py:190} INFO - [2026-07-17T16:55:52.252+0000] {dag.py:3211} INFO - Sync 1 DAGs
[2026-07-17T16:55:52.273+0000] {logging_mixin.py:190} INFO - [2026-07-17T16:55:52.273+0000] {dag.py:4138} INFO - Setting next_dagrun for airflow_sanity_check to None, run_after=None
[2026-07-17T16:55:52.302+0000] {processor.py:208} INFO - Processing /opt/airflow/dags/sanity_checks.py took 0.125 seconds
[2026-07-17T16:56:22.673+0000] {processor.py:186} INFO - Started process (PID=23724) to work on /opt/airflow/dags/sanity_checks.py
[2026-07-17T16:56:22.674+0000] {processor.py:914} INFO - Processing file /opt/airflow/dags/sanity_checks.py for tasks to queue
[2026-07-17T16:56:22.679+0000] {logging_mixin.py:190} INFO - [2026-07-17T16:56:22.678+0000] {dagbag.py:587} INFO - Filling up the DagBag from /opt/airflow/dags/sanity_checks.py
[2026-07-17T16:56:22.694+0000] {processor.py:925} INFO - DAG(s) 'airflow_sanity_check' retrieved from /opt/airflow/dags/sanity_checks.py
[2026-07-17T16:56:22.811+0000] {logging_mixin.py:190} INFO - [2026-07-17T16:56:22.811+0000] {dag.py:3211} INFO - Sync 1 DAGs
[2026-07-17T16:56:22.833+0000] {logging_mixin.py:190} INFO - [2026-07-17T16:56:22.832+0000] {dag.py:4138} INFO - Setting next_dagrun for airflow_sanity_check to None, run_after=None
[2026-07-17T16:56:22.861+0000] {processor.py:208} INFO - Processing /opt/airflow/dags/sanity_checks.py took 0.197 seconds
[2026-07-17T16:56:53.380+0000] {processor.py:186} INFO - Started process (PID=23734) to work on /opt/airflow/dags/sanity_checks.py
[2026-07-17T16:56:53.382+0000] {processor.py:914} INFO - Processing file /opt/airflow/dags/sanity_checks.py for tasks to queue
[2026-07-17T16:56:53.386+0000] {logging_mixin.py:190} INFO - [2026-07-17T16:56:53.385+0000] {dagbag.py:587} INFO - Filling up the DagBag from /opt/airflow/dags/sanity_checks.py
[2026-07-17T16:56:53.404+0000] {processor.py:925} INFO - DAG(s) 'airflow_sanity_check' retrieved from /opt/airflow/dags/sanity_checks.py
[2026-07-17T16:56:53.457+0000] {logging_mixin.py:190} INFO - [2026-07-17T16:56:53.456+0000] {dag.py:3211} INFO - Sync 1 DAGs
[2026-07-17T16:56:53.485+0000] {logging_mixin.py:190} INFO - [2026-07-17T16:56:53.484+0000] {dag.py:4138} INFO - Setting next_dagrun for airflow_sanity_check to None, run_after=None
[2026-07-17T16:56:53.514+0000] {processor.py:208} INFO - Processing /opt/airflow/dags/sanity_checks.py took 0.151 seconds
[2026-07-17T16:57:23.981+0000] {processor.py:186} INFO - Started process (PID=23744) to work on /opt/airflow/dags/sanity_checks.py
[2026-07-17T16:57:23.983+0000] {processor.py:914} INFO - Processing file /opt/airflow/dags/sanity_checks.py for tasks to queue
[2026-07-17T16:57:23.986+0000] {logging_mixin.py:190} INFO - [2026-07-17T16:57:23.986+0000] {dagbag.py:587} INFO - Filling up the DagBag from /opt/airflow/dags/sanity_checks.py
[2026-07-17T16:57:24.002+0000] {processor.py:925} INFO - DAG(s) 'airflow_sanity_check' retrieved from /opt/airflow/dags/sanity_checks.py
[2026-07-17T16:57:24.044+0000] {logging_mixin.py:190} INFO - [2026-07-17T16:57:24.044+0000] {dag.py:3211} INFO - Sync 1 DAGs
[2026-07-17T16:57:24.066+0000] {logging_mixin.py:190} INFO - [2026-07-17T16:57:24.066+0000] {dag.py:4138} INFO - Setting next_dagrun for airflow_sanity_check to None, run_after=None
[2026-07-17T16:57:24.092+0000] {processor.py:208} INFO - Processing /opt/airflow/dags/sanity_checks.py took 0.119 seconds
[2026-07-17T16:57:54.606+0000] {processor.py:186} INFO - Started process (PID=23754) to work on /opt/airflow/dags/sanity_checks.py
[2026-07-17T16:57:54.608+0000] {processor.py:914} INFO - Processing file /opt/airflow/dags/sanity_checks.py for tasks to queue
[2026-07-17T16:57:54.614+0000] {logging_mixin.py:190} INFO - [2026-07-17T16:57:54.613+0000] {dagbag.py:587} INFO - Filling up the DagBag from /opt/airflow/dags/sanity_checks.py
[2026-07-17T16:57:54.756+0000] {processor.py:925} INFO - DAG(s) 'airflow_sanity_check' retrieved from /opt/airflow/dags/sanity_checks.py
[2026-07-17T16:57:54.874+0000] {logging_mixin.py:190} INFO - [2026-07-17T16:57:54.874+0000] {dag.py:3211} INFO - Sync 1 DAGs
[2026-07-17T16:57:54.901+0000] {logging_mixin.py:190} INFO - [2026-07-17T16:57:54.901+0000] {dag.py:4138} INFO - Setting next_dagrun for airflow_sanity_check to None, run_after=None
[2026-07-17T16:57:54.930+0000] {processor.py:208} INFO - Processing /opt/airflow/dags/sanity_checks.py took 0.338 seconds
[2026-07-17T16:58:25.277+0000] {processor.py:186} INFO - Started process (PID=23764) to work on /opt/airflow/dags/sanity_checks.py
[2026-07-17T16:58:25.279+0000] {processor.py:914} INFO - Processing file /opt/airflow/dags/sanity_checks.py for tasks to queue
[2026-07-17T16:58:25.283+0000] {logging_mixin.py:190} INFO - [2026-07-17T16:58:25.282+0000] {dagbag.py:587} INFO - Filling up the DagBag from /opt/airflow/dags/sanity_checks.py
[2026-07-17T16:58:25.299+0000] {processor.py:925} INFO - DAG(s) 'airflow_sanity_check' retrieved from /opt/airflow/dags/sanity_checks.py
[2026-07-17T16:58:25.344+0000] {logging_mixin.py:190} INFO - [2026-07-17T16:58:25.343+0000] {dag.py:3211} INFO - Sync 1 DAGs
[2026-07-17T16:58:25.367+0000] {logging_mixin.py:190} INFO - [2026-07-17T16:58:25.366+0000] {dag.py:4138} INFO - Setting next_dagrun for airflow_sanity_check to None, run_after=None
[2026-07-17T16:58:25.396+0000] {processor.py:208} INFO - Processing /opt/airflow/dags/sanity_checks.py took 0.129 seconds
[2026-07-17T16:58:55.731+0000] {processor.py:186} INFO - Started process (PID=23774) to work on /opt/airflow/dags/sanity_checks.py
[2026-07-17T16:58:55.733+0000] {processor.py:914} INFO - Processing file /opt/airflow/dags/sanity_checks.py for tasks to queue
[2026-07-17T16:58:55.737+0000] {logging_mixin.py:190} INFO - [2026-07-17T16:58:55.736+0000] {dagbag.py:587} INFO - Filling up the DagBag from /opt/airflow/dags/sanity_checks.py
[2026-07-17T16:58:55.755+0000] {processor.py:925} INFO - DAG(s) 'airflow_sanity_check' retrieved from /opt/airflow/dags/sanity_checks.py
[2026-07-17T16:58:55.800+0000] {logging_mixin.py:190} INFO - [2026-07-17T16:58:55.800+0000] {dag.py:3211} INFO - Sync 1 DAGs
[2026-07-17T16:58:55.821+0000] {logging_mixin.py:190} INFO - [2026-07-17T16:58:55.821+0000] {dag.py:4138} INFO - Setting next_dagrun for airflow_sanity_check to None, run_after=None
[2026-07-17T16:58:55.851+0000] {processor.py:208} INFO - Processing /opt/airflow/dags/sanity_checks.py took 0.131 seconds
[2026-07-17T16:59:26.183+0000] {processor.py:186} INFO - Started process (PID=23784) to work on /opt/airflow/dags/sanity_checks.py
[2026-07-17T16:59:26.187+0000] {processor.py:914} INFO - Processing file /opt/airflow/dags/sanity_checks.py for tasks to queue
[2026-07-17T16:59:26.192+0000] {logging_mixin.py:190} INFO - [2026-07-17T16:59:26.191+0000] {dagbag.py:587} INFO - Filling up the DagBag from /opt/airflow/dags/sanity_checks.py
[2026-07-17T16:59:26.209+0000] {processor.py:925} INFO - DAG(s) 'airflow_sanity_check' retrieved from /opt/airflow/dags/sanity_checks.py
[2026-07-17T16:59:26.267+0000] {logging_mixin.py:190} INFO - [2026-07-17T16:59:26.267+0000] {dag.py:3211} INFO - Sync 1 DAGs
[2026-07-17T16:59:26.290+0000] {logging_mixin.py:190} INFO - [2026-07-17T16:59:26.289+0000] {dag.py:4138} INFO - Setting next_dagrun for airflow_sanity_check to None, run_after=None
[2026-07-17T16:59:26.321+0000] {processor.py:208} INFO - Processing /opt/airflow/dags/sanity_checks.py took 0.153 seconds
[2026-07-17T16:59:56.666+0000] {processor.py:186} INFO - Started process (PID=23794) to work on /opt/airflow/dags/sanity_checks.py
[2026-07-17T16:59:56.667+0000] {processor.py:914} INFO - Processing file /opt/airflow/dags/sanity_checks.py for tasks to queue
[2026-07-17T16:59:56.671+0000] {logging_mixin.py:190} INFO - [2026-07-17T16:59:56.671+0000] {dagbag.py:587} INFO - Filling up the DagBag from /opt/airflow/dags/sanity_checks.py
[2026-07-17T16:59:56.687+0000] {processor.py:925} INFO - DAG(s) 'airflow_sanity_check' retrieved from /opt/airflow/dags/sanity_checks.py
[2026-07-17T16:59:56.734+0000] {logging_mixin.py:190} INFO - [2026-07-17T16:59:56.733+0000] {dag.py:3211} INFO - Sync 1 DAGs
[2026-07-17T16:59:56.759+0000] {logging_mixin.py:190} INFO - [2026-07-17T16:59:56.759+0000] {dag.py:4138} INFO - Setting next_dagrun for airflow_sanity_check to None, run_after=None
[2026-07-17T16:59:56.787+0000] {processor.py:208} INFO - Processing /opt/airflow/dags/sanity_checks.py took 0.133 seconds
[2026-07-17T17:00:27.233+0000] {processor.py:186} INFO - Started process (PID=23804) to work on /opt/airflow/dags/sanity_checks.py
[2026-07-17T17:00:27.234+0000] {processor.py:914} INFO - Processing file /opt/airflow/dags/sanity_checks.py for tasks to queue
[2026-07-17T17:00:27.239+0000] {logging_mixin.py:190} INFO - [2026-07-17T17:00:27.238+0000] {dagbag.py:587} INFO - Filling up the DagBag from /opt/airflow/dags/sanity_checks.py
[2026-07-17T17:00:27.256+0000] {processor.py:925} INFO - DAG(s) 'airflow_sanity_check' retrieved from /opt/airflow/dags/sanity_checks.py
[2026-07-17T17:00:27.305+0000] {logging_mixin.py:190} INFO - [2026-07-17T17:00:27.305+0000] {dag.py:3211} INFO - Sync 1 DAGs
[2026-07-17T17:00:27.329+0000] {logging_mixin.py:190} INFO - [2026-07-17T17:00:27.329+0000] {dag.py:4138} INFO - Setting next_dagrun for airflow_sanity_check to None, run_after=None
[2026-07-17T17:00:27.358+0000] {processor.py:208} INFO - Processing /opt/airflow/dags/sanity_checks.py took 0.133 seconds
[2026-07-17T17:00:57.670+0000] {processor.py:186} INFO - Started process (PID=23814) to work on /opt/airflow/dags/sanity_checks.py
[2026-07-17T17:00:57.672+0000] {processor.py:914} INFO - Processing file /opt/airflow/dags/sanity_checks.py for tasks to queue
[2026-07-17T17:00:57.677+0000] {logging_mixin.py:190} INFO - [2026-07-17T17:00:57.676+0000] {dagbag.py:587} INFO - Filling up the DagBag from /opt/airflow/dags/sanity_checks.py
[2026-07-17T17:00:57.697+0000] {processor.py:925} INFO - DAG(s) 'airflow_sanity_check' retrieved from /opt/airflow/dags/sanity_checks.py
[2026-07-17T17:00:57.745+0000] {logging_mixin.py:190} INFO - [2026-07-17T17:00:57.745+0000] {dag.py:3211} INFO - Sync 1 DAGs
[2026-07-17T17:00:57.769+0000] {logging_mixin.py:190} INFO - [2026-07-17T17:00:57.769+0000] {dag.py:4138} INFO - Setting next_dagrun for airflow_sanity_check to None, run_after=None
[2026-07-17T17:00:57.801+0000] {processor.py:208} INFO - Processing /opt/airflow/dags/sanity_checks.py took 0.145 seconds
[2026-07-17T17:01:28.158+0000] {processor.py:186} INFO - Started process (PID=23824) to work on /opt/airflow/dags/sanity_checks.py
[2026-07-17T17:01:28.160+0000] {processor.py:914} INFO - Processing file /opt/airflow/dags/sanity_checks.py for tasks to queue
[2026-07-17T17:01:28.164+0000] {logging_mixin.py:190} INFO - [2026-07-17T17:01:28.163+0000] {dagbag.py:587} INFO - Filling up the DagBag from /opt/airflow/dags/sanity_checks.py
[2026-07-17T17:01:28.180+0000] {processor.py:925} INFO - DAG(s) 'airflow_sanity_check' retrieved from /opt/airflow/dags/sanity_checks.py
[2026-07-17T17:01:28.222+0000] {logging_mixin.py:190} INFO - [2026-07-17T17:01:28.222+0000] {dag.py:3211} INFO - Sync 1 DAGs
[2026-07-17T17:01:28.245+0000] {logging_mixin.py:190} INFO - [2026-07-17T17:01:28.245+0000] {dag.py:4138} INFO - Setting next_dagrun for airflow_sanity_check to None, run_after=None
[2026-07-17T17:01:28.276+0000] {processor.py:208} INFO - Processing /opt/airflow/dags/sanity_checks.py took 0.134 seconds
[2026-07-17T17:01:58.636+0000] {processor.py:186} INFO - Started process (PID=23834) to work on /opt/airflow/dags/sanity_checks.py
[2026-07-17T17:01:58.639+0000] {processor.py:914} INFO - Processing file /opt/airflow/dags/sanity_checks.py for tasks to queue
[2026-07-17T17:01:58.644+0000] {logging_mixin.py:190} INFO - [2026-07-17T17:01:58.643+0000] {dagbag.py:587} INFO - Filling up the DagBag from /opt/airflow/dags/sanity_checks.py
[2026-07-17T17:01:58.665+0000] {processor.py:925} INFO - DAG(s) 'airflow_sanity_check' retrieved from /opt/airflow/dags/sanity_checks.py
[2026-07-17T17:01:58.715+0000] {logging_mixin.py:190} INFO - [2026-07-17T17:01:58.715+0000] {dag.py:3211} INFO - Sync 1 DAGs
[2026-07-17T17:01:58.739+0000] {logging_mixin.py:190} INFO - [2026-07-17T17:01:58.739+0000] {dag.py:4138} INFO - Setting next_dagrun for airflow_sanity_check to None, run_after=None
[2026-07-17T17:01:58.768+0000] {processor.py:208} INFO - Processing /opt/airflow/dags/sanity_checks.py took 0.145 seconds
[2026-07-17T17:02:29.135+0000] {processor.py:186} INFO - Started process (PID=23844) to work on /opt/airflow/dags/sanity_checks.py
[2026-07-17T17:02:29.136+0000] {processor.py:914} INFO - Processing file /opt/airflow/dags/sanity_checks.py for tasks to queue
[2026-07-17T17:02:29.145+0000] {logging_mixin.py:190} INFO - [2026-07-17T17:02:29.145+0000] {dagbag.py:587} INFO - Filling up the DagBag from /opt/airflow/dags/sanity_checks.py
[2026-07-17T17:02:29.161+0000] {processor.py:925} INFO - DAG(s) 'airflow_sanity_check' retrieved from /opt/airflow/dags/sanity_checks.py
[2026-07-17T17:02:29.204+0000] {logging_mixin.py:190} INFO - [2026-07-17T17:02:29.204+0000] {dag.py:3211} INFO - Sync 1 DAGs
[2026-07-17T17:02:29.227+0000] {logging_mixin.py:190} INFO - [2026-07-17T17:02:29.226+0000] {dag.py:4138} INFO - Setting next_dagrun for airflow_sanity_check to None, run_after=None
[2026-07-17T17:02:29.258+0000] {processor.py:208} INFO - Processing /opt/airflow/dags/sanity_checks.py took 0.133 seconds
[2026-07-17T17:02:59.586+0000] {processor.py:186} INFO - Started process (PID=23854) to work on /opt/airflow/dags/sanity_checks.py
[2026-07-17T17:02:59.587+0000] {processor.py:914} INFO - Processing file /opt/airflow/dags/sanity_checks.py for tasks to queue
[2026-07-17T17:02:59.591+0000] {logging_mixin.py:190} INFO - [2026-07-17T17:02:59.590+0000] {dagbag.py:587} INFO - Filling up the DagBag from /opt/airflow/dags/sanity_checks.py
[2026-07-17T17:02:59.607+0000] {processor.py:925} INFO - DAG(s) 'airflow_sanity_check' retrieved from /opt/airflow/dags/sanity_checks.py
[2026-07-17T17:02:59.654+0000] {logging_mixin.py:190} INFO - [2026-07-17T17:02:59.653+0000] {dag.py:3211} INFO - Sync 1 DAGs
[2026-07-17T17:02:59.681+0000] {logging_mixin.py:190} INFO - [2026-07-17T17:02:59.681+0000] {dag.py:4138} INFO - Setting next_dagrun for airflow_sanity_check to None, run_after=None
[2026-07-17T17:02:59.709+0000] {processor.py:208} INFO - Processing /opt/airflow/dags/sanity_checks.py took 0.137 seconds
[2026-07-17T17:03:30.040+0000] {processor.py:186} INFO - Started process (PID=23864) to work on /opt/airflow/dags/sanity_checks.py
[2026-07-17T17:03:30.042+0000] {processor.py:914} INFO - Processing file /opt/airflow/dags/sanity_checks.py for tasks to queue
[2026-07-17T17:03:30.045+0000] {logging_mixin.py:190} INFO - [2026-07-17T17:03:30.045+0000] {dagbag.py:587} INFO - Filling up the DagBag from /opt/airflow/dags/sanity_checks.py
[2026-07-17T17:03:30.065+0000] {processor.py:925} INFO - DAG(s) 'airflow_sanity_check' retrieved from /opt/airflow/dags/sanity_checks.py
[2026-07-17T17:03:30.114+0000] {logging_mixin.py:190} INFO - [2026-07-17T17:03:30.114+0000] {dag.py:3211} INFO - Sync 1 DAGs
[2026-07-17T17:03:30.142+0000] {logging_mixin.py:190} INFO - [2026-07-17T17:03:30.142+0000] {dag.py:4138} INFO - Setting next_dagrun for airflow_sanity_check to None, run_after=None
[2026-07-17T17:03:30.170+0000] {processor.py:208} INFO - Processing /opt/airflow/dags/sanity_checks.py took 0.141 seconds
[2026-07-17T17:04:00.557+0000] {processor.py:186} INFO - Started process (PID=23874) to work on /opt/airflow/dags/sanity_checks.py
[2026-07-17T17:04:00.559+0000] {processor.py:914} INFO - Processing file /opt/airflow/dags/sanity_checks.py for tasks to queue
[2026-07-17T17:04:00.563+0000] {logging_mixin.py:190} INFO - [2026-07-17T17:04:00.562+0000] {dagbag.py:587} INFO - Filling up the DagBag from /opt/airflow/dags/sanity_checks.py
[2026-07-17T17:04:00.581+0000] {processor.py:925} INFO - DAG(s) 'airflow_sanity_check' retrieved from /opt/airflow/dags/sanity_checks.py
[2026-07-17T17:04:00.632+0000] {logging_mixin.py:190} INFO - [2026-07-17T17:04:00.632+0000] {dag.py:3211} INFO - Sync 1 DAGs
[2026-07-17T17:04:00.655+0000] {logging_mixin.py:190} INFO - [2026-07-17T17:04:00.654+0000] {dag.py:4138} INFO - Setting next_dagrun for airflow_sanity_check to None, run_after=None
[2026-07-17T17:04:00.683+0000] {processor.py:208} INFO - Processing /opt/airflow/dags/sanity_checks.py took 0.136 seconds
[2026-07-17T17:04:31.023+0000] {processor.py:186} INFO - Started process (PID=23884) to work on /opt/airflow/dags/sanity_checks.py
[2026-07-17T17:04:31.024+0000] {processor.py:914} INFO - Processing file /opt/airflow/dags/sanity_checks.py for tasks to queue
[2026-07-17T17:04:31.028+0000] {logging_mixin.py:190} INFO - [2026-07-17T17:04:31.027+0000] {dagbag.py:587} INFO - Filling up the DagBag from /opt/airflow/dags/sanity_checks.py
[2026-07-17T17:04:31.047+0000] {processor.py:925} INFO - DAG(s) 'airflow_sanity_check' retrieved from /opt/airflow/dags/sanity_checks.py
[2026-07-17T17:04:31.089+0000] {logging_mixin.py:190} INFO - [2026-07-17T17:04:31.089+0000] {dag.py:3211} INFO - Sync 1 DAGs
[2026-07-17T17:04:31.111+0000] {logging_mixin.py:190} INFO - [2026-07-17T17:04:31.110+0000] {dag.py:4138} INFO - Setting next_dagrun for airflow_sanity_check to None, run_after=None
[2026-07-17T17:04:31.137+0000] {processor.py:208} INFO - Processing /opt/airflow/dags/sanity_checks.py took 0.124 seconds
[2026-07-17T17:05:01.447+0000] {processor.py:186} INFO - Started process (PID=23894) to work on /opt/airflow/dags/sanity_checks.py
[2026-07-17T17:05:01.448+0000] {processor.py:914} INFO - Processing file /opt/airflow/dags/sanity_checks.py for tasks to queue
[2026-07-17T17:05:01.453+0000] {logging_mixin.py:190} INFO - [2026-07-17T17:05:01.452+0000] {dagbag.py:587} INFO - Filling up the DagBag from /opt/airflow/dags/sanity_checks.py
[2026-07-17T17:05:01.471+0000] {processor.py:925} INFO - DAG(s) 'airflow_sanity_check' retrieved from /opt/airflow/dags/sanity_checks.py
[2026-07-17T17:05:01.519+0000] {logging_mixin.py:190} INFO - [2026-07-17T17:05:01.518+0000] {dag.py:3211} INFO - Sync 1 DAGs
[2026-07-17T17:05:01.554+0000] {logging_mixin.py:190} INFO - [2026-07-17T17:05:01.553+0000] {dag.py:4138} INFO - Setting next_dagrun for airflow_sanity_check to None, run_after=None
[2026-07-17T17:05:01.582+0000] {processor.py:208} INFO - Processing /opt/airflow/dags/sanity_checks.py took 0.147 seconds
[2026-07-17T17:05:32.006+0000] {processor.py:186} INFO - Started process (PID=23904) to work on /opt/airflow/dags/sanity_checks.py
[2026-07-17T17:05:32.008+0000] {processor.py:914} INFO - Processing file /opt/airflow/dags/sanity_checks.py for tasks to queue
[2026-07-17T17:05:32.013+0000] {logging_mixin.py:190} INFO - [2026-07-17T17:05:32.013+0000] {dagbag.py:587} INFO - Filling up the DagBag from /opt/airflow/dags/sanity_checks.py
[2026-07-17T17:05:32.030+0000] {processor.py:925} INFO - DAG(s) 'airflow_sanity_check' retrieved from /opt/airflow/dags/sanity_checks.py
[2026-07-17T17:05:32.073+0000] {logging_mixin.py:190} INFO - [2026-07-17T17:05:32.073+0000] {dag.py:3211} INFO - Sync 1 DAGs
[2026-07-17T17:05:32.096+0000] {logging_mixin.py:190} INFO - [2026-07-17T17:05:32.095+0000] {dag.py:4138} INFO - Setting next_dagrun for airflow_sanity_check to None, run_after=None
[2026-07-17T17:05:32.125+0000] {processor.py:208} INFO - Processing /opt/airflow/dags/sanity_checks.py took 0.128 seconds
[2026-07-17T17:06:02.541+0000] {processor.py:186} INFO - Started process (PID=23914) to work on /opt/airflow/dags/sanity_checks.py
[2026-07-17T17:06:02.543+0000] {processor.py:914} INFO - Processing file /opt/airflow/dags/sanity_checks.py for tasks to queue
[2026-07-17T17:06:02.547+0000] {logging_mixin.py:190} INFO - [2026-07-17T17:06:02.547+0000] {dagbag.py:587} INFO - Filling up the DagBag from /opt/airflow/dags/sanity_checks.py
[2026-07-17T17:06:02.566+0000] {processor.py:925} INFO - DAG(s) 'airflow_sanity_check' retrieved from /opt/airflow/dags/sanity_checks.py
[2026-07-17T17:06:02.615+0000] {logging_mixin.py:190} INFO - [2026-07-17T17:06:02.615+0000] {dag.py:3211} INFO - Sync 1 DAGs
[2026-07-17T17:06:02.638+0000] {logging_mixin.py:190} INFO - [2026-07-17T17:06:02.638+0000] {dag.py:4138} INFO - Setting next_dagrun for airflow_sanity_check to None, run_after=None
[2026-07-17T17:06:02.665+0000] {processor.py:208} INFO - Processing /opt/airflow/dags/sanity_checks.py took 0.135 seconds
[2026-07-17T17:06:32.994+0000] {processor.py:186} INFO - Started process (PID=23924) to work on /opt/airflow/dags/sanity_checks.py
[2026-07-17T17:06:32.996+0000] {processor.py:914} INFO - Processing file /opt/airflow/dags/sanity_checks.py for tasks to queue
[2026-07-17T17:06:32.999+0000] {logging_mixin.py:190} INFO - [2026-07-17T17:06:32.998+0000] {dagbag.py:587} INFO - Filling up the DagBag from /opt/airflow/dags/sanity_checks.py
[2026-07-17T17:06:33.015+0000] {processor.py:925} INFO - DAG(s) 'airflow_sanity_check' retrieved from /opt/airflow/dags/sanity_checks.py
[2026-07-17T17:06:33.057+0000] {logging_mixin.py:190} INFO - [2026-07-17T17:06:33.056+0000] {dag.py:3211} INFO - Sync 1 DAGs
[2026-07-17T17:06:33.079+0000] {logging_mixin.py:190} INFO - [2026-07-17T17:06:33.078+0000] {dag.py:4138} INFO - Setting next_dagrun for airflow_sanity_check to None, run_after=None
[2026-07-17T17:06:33.108+0000] {processor.py:208} INFO - Processing /opt/airflow/dags/sanity_checks.py took 0.124 seconds
[2026-07-17T17:07:03.467+0000] {processor.py:186} INFO - Started process (PID=23934) to work on /opt/airflow/dags/sanity_checks.py
[2026-07-17T17:07:03.469+0000] {processor.py:914} INFO - Processing file /opt/airflow/dags/sanity_checks.py for tasks to queue
[2026-07-17T17:07:03.472+0000] {logging_mixin.py:190} INFO - [2026-07-17T17:07:03.472+0000] {dagbag.py:587} INFO - Filling up the DagBag from /opt/airflow/dags/sanity_checks.py
[2026-07-17T17:07:03.488+0000] {processor.py:925} INFO - DAG(s) 'airflow_sanity_check' retrieved from /opt/airflow/dags/sanity_checks.py
[2026-07-17T17:07:03.530+0000] {logging_mixin.py:190} INFO - [2026-07-17T17:07:03.530+0000] {dag.py:3211} INFO - Sync 1 DAGs
[2026-07-17T17:07:03.551+0000] {logging_mixin.py:190} INFO - [2026-07-17T17:07:03.551+0000] {dag.py:4138} INFO - Setting next_dagrun for airflow_sanity_check to None, run_after=None
[2026-07-17T17:07:03.579+0000] {processor.py:208} INFO - Processing /opt/airflow/dags/sanity_checks.py took 0.121 seconds
[2026-07-17T17:07:33.911+0000] {processor.py:186} INFO - Started process (PID=23944) to work on /opt/airflow/dags/sanity_checks.py
[2026-07-17T17:07:33.913+0000] {processor.py:914} INFO - Processing file /opt/airflow/dags/sanity_checks.py for tasks to queue
[2026-07-17T17:07:33.916+0000] {logging_mixin.py:190} INFO - [2026-07-17T17:07:33.916+0000] {dagbag.py:587} INFO - Filling up the DagBag from /opt/airflow/dags/sanity_checks.py
[2026-07-17T17:07:33.933+0000] {processor.py:925} INFO - DAG(s) 'airflow_sanity_check' retrieved from /opt/airflow/dags/sanity_checks.py
[2026-07-17T17:07:33.976+0000] {logging_mixin.py:190} INFO - [2026-07-17T17:07:33.976+0000] {dag.py:3211} INFO - Sync 1 DAGs
[2026-07-17T17:07:33.999+0000] {logging_mixin.py:190} INFO - [2026-07-17T17:07:33.998+0000] {dag.py:4138} INFO - Setting next_dagrun for airflow_sanity_check to None, run_after=None
[2026-07-17T17:07:34.028+0000] {processor.py:208} INFO - Processing /opt/airflow/dags/sanity_checks.py took 0.126 seconds
[2026-07-17T17:08:04.360+0000] {processor.py:186} INFO - Started process (PID=23954) to work on /opt/airflow/dags/sanity_checks.py
[2026-07-17T17:08:04.362+0000] {processor.py:914} INFO - Processing file /opt/airflow/dags/sanity_checks.py for tasks to queue
[2026-07-17T17:08:04.366+0000] {logging_mixin.py:190} INFO - [2026-07-17T17:08:04.365+0000] {dagbag.py:587} INFO - Filling up the DagBag from /opt/airflow/dags/sanity_checks.py
[2026-07-17T17:08:04.381+0000] {processor.py:925} INFO - DAG(s) 'airflow_sanity_check' retrieved from /opt/airflow/dags/sanity_checks.py
[2026-07-17T17:08:04.429+0000] {logging_mixin.py:190} INFO - [2026-07-17T17:08:04.428+0000] {dag.py:3211} INFO - Sync 1 DAGs
[2026-07-17T17:08:04.453+0000] {logging_mixin.py:190} INFO - [2026-07-17T17:08:04.453+0000] {dag.py:4138} INFO - Setting next_dagrun for airflow_sanity_check to None, run_after=None
[2026-07-17T17:08:04.482+0000] {processor.py:208} INFO - Processing /opt/airflow/dags/sanity_checks.py took 0.133 seconds
[2026-07-17T17:08:34.849+0000] {processor.py:186} INFO - Started process (PID=23964) to work on /opt/airflow/dags/sanity_checks.py
[2026-07-17T17:08:34.851+0000] {processor.py:914} INFO - Processing file /opt/airflow/dags/sanity_checks.py for tasks to queue
[2026-07-17T17:08:34.855+0000] {logging_mixin.py:190} INFO - [2026-07-17T17:08:34.855+0000] {dagbag.py:587} INFO - Filling up the DagBag from /opt/airflow/dags/sanity_checks.py
[2026-07-17T17:08:34.873+0000] {processor.py:925} INFO - DAG(s) 'airflow_sanity_check' retrieved from /opt/airflow/dags/sanity_checks.py
[2026-07-17T17:08:34.917+0000] {logging_mixin.py:190} INFO - [2026-07-17T17:08:34.916+0000] {dag.py:3211} INFO - Sync 1 DAGs
[2026-07-17T17:08:34.940+0000] {logging_mixin.py:190} INFO - [2026-07-17T17:08:34.940+0000] {dag.py:4138} INFO - Setting next_dagrun for airflow_sanity_check to None, run_after=None
[2026-07-17T17:08:34.967+0000] {processor.py:208} INFO - Processing /opt/airflow/dags/sanity_checks.py took 0.126 seconds
[2026-07-17T17:09:05.288+0000] {processor.py:186} INFO - Started process (PID=23974) to work on /opt/airflow/dags/sanity_checks.py
[2026-07-17T17:09:05.290+0000] {processor.py:914} INFO - Processing file /opt/airflow/dags/sanity_checks.py for tasks to queue
[2026-07-17T17:09:05.293+0000] {logging_mixin.py:190} INFO - [2026-07-17T17:09:05.293+0000] {dagbag.py:587} INFO - Filling up the DagBag from /opt/airflow/dags/sanity_checks.py
[2026-07-17T17:09:05.310+0000] {processor.py:925} INFO - DAG(s) 'airflow_sanity_check' retrieved from /opt/airflow/dags/sanity_checks.py
[2026-07-17T17:09:05.355+0000] {logging_mixin.py:190} INFO - [2026-07-17T17:09:05.354+0000] {dag.py:3211} INFO - Sync 1 DAGs
[2026-07-17T17:09:05.381+0000] {logging_mixin.py:190} INFO - [2026-07-17T17:09:05.381+0000] {dag.py:4138} INFO - Setting next_dagrun for airflow_sanity_check to None, run_after=None
[2026-07-17T17:09:05.416+0000] {processor.py:208} INFO - Processing /opt/airflow/dags/sanity_checks.py took 0.137 seconds
[2026-07-17T17:09:35.808+0000] {processor.py:186} INFO - Started process (PID=23984) to work on /opt/airflow/dags/sanity_checks.py
[2026-07-17T17:09:35.810+0000] {processor.py:914} INFO - Processing file /opt/airflow/dags/sanity_checks.py for tasks to queue
[2026-07-17T17:09:35.815+0000] {logging_mixin.py:190} INFO - [2026-07-17T17:09:35.815+0000] {dagbag.py:587} INFO - Filling up the DagBag from /opt/airflow/dags/sanity_checks.py
[2026-07-17T17:09:35.832+0000] {processor.py:925} INFO - DAG(s) 'airflow_sanity_check' retrieved from /opt/airflow/dags/sanity_checks.py
[2026-07-17T17:09:35.882+0000] {logging_mixin.py:190} INFO - [2026-07-17T17:09:35.881+0000] {dag.py:3211} INFO - Sync 1 DAGs
[2026-07-17T17:09:35.905+0000] {logging_mixin.py:190} INFO - [2026-07-17T17:09:35.904+0000] {dag.py:4138} INFO - Setting next_dagrun for airflow_sanity_check to None, run_after=None
[2026-07-17T17:09:35.934+0000] {processor.py:208} INFO - Processing /opt/airflow/dags/sanity_checks.py took 0.137 seconds
[2026-07-17T17:10:06.275+0000] {processor.py:186} INFO - Started process (PID=23994) to work on /opt/airflow/dags/sanity_checks.py
[2026-07-17T17:10:06.277+0000] {processor.py:914} INFO - Processing file /opt/airflow/dags/sanity_checks.py for tasks to queue
[2026-07-17T17:10:06.281+0000] {logging_mixin.py:190} INFO - [2026-07-17T17:10:06.280+0000] {dagbag.py:587} INFO - Filling up the DagBag from /opt/airflow/dags/sanity_checks.py
[2026-07-17T17:10:06.296+0000] {processor.py:925} INFO - DAG(s) 'airflow_sanity_check' retrieved from /opt/airflow/dags/sanity_checks.py
[2026-07-17T17:10:06.340+0000] {logging_mixin.py:190} INFO - [2026-07-17T17:10:06.340+0000] {dag.py:3211} INFO - Sync 1 DAGs
[2026-07-17T17:10:06.362+0000] {logging_mixin.py:190} INFO - [2026-07-17T17:10:06.362+0000] {dag.py:4138} INFO - Setting next_dagrun for airflow_sanity_check to None, run_after=None
[2026-07-17T17:10:06.393+0000] {processor.py:208} INFO - Processing /opt/airflow/dags/sanity_checks.py took 0.126 seconds
[2026-07-17T17:10:36.737+0000] {processor.py:186} INFO - Started process (PID=24004) to work on /opt/airflow/dags/sanity_checks.py
[2026-07-17T17:10:36.739+0000] {processor.py:914} INFO - Processing file /opt/airflow/dags/sanity_checks.py for tasks to queue
[2026-07-17T17:10:36.743+0000] {logging_mixin.py:190} INFO - [2026-07-17T17:10:36.743+0000] {dagbag.py:587} INFO - Filling up the DagBag from /opt/airflow/dags/sanity_checks.py
[2026-07-17T17:10:36.759+0000] {processor.py:925} INFO - DAG(s) 'airflow_sanity_check' retrieved from /opt/airflow/dags/sanity_checks.py
[2026-07-17T17:10:36.808+0000] {logging_mixin.py:190} INFO - [2026-07-17T17:10:36.807+0000] {dag.py:3211} INFO - Sync 1 DAGs
[2026-07-17T17:10:36.831+0000] {logging_mixin.py:190} INFO - [2026-07-17T17:10:36.830+0000] {dag.py:4138} INFO - Setting next_dagrun for airflow_sanity_check to None, run_after=None
[2026-07-17T17:10:36.862+0000] {processor.py:208} INFO - Processing /opt/airflow/dags/sanity_checks.py took 0.134 seconds
[2026-07-17T17:11:07.264+0000] {processor.py:186} INFO - Started process (PID=24014) to work on /opt/airflow/dags/sanity_checks.py
[2026-07-17T17:11:07.266+0000] {processor.py:914} INFO - Processing file /opt/airflow/dags/sanity_checks.py for tasks to queue
[2026-07-17T17:11:07.271+0000] {logging_mixin.py:190} INFO - [2026-07-17T17:11:07.270+0000] {dagbag.py:587} INFO - Filling up the DagBag from /opt/airflow/dags/sanity_checks.py
[2026-07-17T17:11:07.296+0000] {processor.py:925} INFO - DAG(s) 'airflow_sanity_check' retrieved from /opt/airflow/dags/sanity_checks.py
[2026-07-17T17:11:07.364+0000] {logging_mixin.py:190} INFO - [2026-07-17T17:11:07.363+0000] {dag.py:3211} INFO - Sync 1 DAGs
[2026-07-17T17:11:07.406+0000] {logging_mixin.py:190} INFO - [2026-07-17T17:11:07.406+0000] {dag.py:4138} INFO - Setting next_dagrun for airflow_sanity_check to None, run_after=None
[2026-07-17T17:11:07.441+0000] {processor.py:208} INFO - Processing /opt/airflow/dags/sanity_checks.py took 0.195 seconds
[2026-07-17T17:11:37.787+0000] {processor.py:186} INFO - Started process (PID=24024) to work on /opt/airflow/dags/sanity_checks.py
[2026-07-17T17:11:37.788+0000] {processor.py:914} INFO - Processing file /opt/airflow/dags/sanity_checks.py for tasks to queue
[2026-07-17T17:11:37.814+0000] {logging_mixin.py:190} INFO - [2026-07-17T17:11:37.810+0000] {dagbag.py:587} INFO - Filling up the DagBag from /opt/airflow/dags/sanity_checks.py
[2026-07-17T17:11:37.846+0000] {processor.py:925} INFO - DAG(s) 'airflow_sanity_check' retrieved from /opt/airflow/dags/sanity_checks.py
[2026-07-17T17:11:37.894+0000] {logging_mixin.py:190} INFO - [2026-07-17T17:11:37.894+0000] {dag.py:3211} INFO - Sync 1 DAGs
[2026-07-17T17:11:37.919+0000] {logging_mixin.py:190} INFO - [2026-07-17T17:11:37.918+0000] {dag.py:4138} INFO - Setting next_dagrun for airflow_sanity_check to None, run_after=None
[2026-07-17T17:11:37.947+0000] {processor.py:208} INFO - Processing /opt/airflow/dags/sanity_checks.py took 0.171 seconds
[2026-07-17T17:12:08.292+0000] {processor.py:186} INFO - Started process (PID=24034) to work on /opt/airflow/dags/sanity_checks.py
[2026-07-17T17:12:08.293+0000] {processor.py:914} INFO - Processing file /opt/airflow/dags/sanity_checks.py for tasks to queue
[2026-07-17T17:12:08.297+0000] {logging_mixin.py:190} INFO - [2026-07-17T17:12:08.297+0000] {dagbag.py:587} INFO - Filling up the DagBag from /opt/airflow/dags/sanity_checks.py
[2026-07-17T17:12:08.314+0000] {processor.py:925} INFO - DAG(s) 'airflow_sanity_check' retrieved from /opt/airflow/dags/sanity_checks.py
[2026-07-17T17:12:08.374+0000] {logging_mixin.py:190} INFO - [2026-07-17T17:12:08.374+0000] {dag.py:3211} INFO - Sync 1 DAGs
[2026-07-17T17:12:08.402+0000] {logging_mixin.py:190} INFO - [2026-07-17T17:12:08.401+0000] {dag.py:4138} INFO - Setting next_dagrun for airflow_sanity_check to None, run_after=None
[2026-07-17T17:12:08.576+0000] {processor.py:208} INFO - Processing /opt/airflow/dags/sanity_checks.py took 0.295 seconds
[2026-07-17T17:12:38.980+0000] {processor.py:186} INFO - Started process (PID=24044) to work on /opt/airflow/dags/sanity_checks.py
[2026-07-17T17:12:38.981+0000] {processor.py:914} INFO - Processing file /opt/airflow/dags/sanity_checks.py for tasks to queue
[2026-07-17T17:12:38.985+0000] {logging_mixin.py:190} INFO - [2026-07-17T17:12:38.984+0000] {dagbag.py:587} INFO - Filling up the DagBag from /opt/airflow/dags/sanity_checks.py
[2026-07-17T17:12:39.001+0000] {processor.py:925} INFO - DAG(s) 'airflow_sanity_check' retrieved from /opt/airflow/dags/sanity_checks.py
[2026-07-17T17:12:39.054+0000] {logging_mixin.py:190} INFO - [2026-07-17T17:12:39.054+0000] {dag.py:3211} INFO - Sync 1 DAGs
[2026-07-17T17:12:39.082+0000] {logging_mixin.py:190} INFO - [2026-07-17T17:12:39.082+0000] {dag.py:4138} INFO - Setting next_dagrun for airflow_sanity_check to None, run_after=None
[2026-07-17T17:12:39.112+0000] {processor.py:208} INFO - Processing /opt/airflow/dags/sanity_checks.py took 0.144 seconds
[2026-07-17T17:13:09.506+0000] {processor.py:186} INFO - Started process (PID=24054) to work on /opt/airflow/dags/sanity_checks.py
[2026-07-17T17:13:09.508+0000] {processor.py:914} INFO - Processing file /opt/airflow/dags/sanity_checks.py for tasks to queue
[2026-07-17T17:13:09.512+0000] {logging_mixin.py:190} INFO - [2026-07-17T17:13:09.511+0000] {dagbag.py:587} INFO - Filling up the DagBag from /opt/airflow/dags/sanity_checks.py
[2026-07-17T17:13:09.529+0000] {processor.py:925} INFO - DAG(s) 'airflow_sanity_check' retrieved from /opt/airflow/dags/sanity_checks.py
[2026-07-17T17:13:09.576+0000] {logging_mixin.py:190} INFO - [2026-07-17T17:13:09.576+0000] {dag.py:3211} INFO - Sync 1 DAGs
[2026-07-17T17:13:09.600+0000] {logging_mixin.py:190} INFO - [2026-07-17T17:13:09.599+0000] {dag.py:4138} INFO - Setting next_dagrun for airflow_sanity_check to None, run_after=None
[2026-07-17T17:13:09.630+0000] {processor.py:208} INFO - Processing /opt/airflow/dags/sanity_checks.py took 0.133 seconds
[2026-07-17T17:13:39.971+0000] {processor.py:186} INFO - Started process (PID=24064) to work on /opt/airflow/dags/sanity_checks.py
[2026-07-17T17:13:39.973+0000] {processor.py:914} INFO - Processing file /opt/airflow/dags/sanity_checks.py for tasks to queue
[2026-07-17T17:13:39.976+0000] {logging_mixin.py:190} INFO - [2026-07-17T17:13:39.976+0000] {dagbag.py:587} INFO - Filling up the DagBag from /opt/airflow/dags/sanity_checks.py
[2026-07-17T17:13:39.995+0000] {processor.py:925} INFO - DAG(s) 'airflow_sanity_check' retrieved from /opt/airflow/dags/sanity_checks.py
[2026-07-17T17:13:40.039+0000] {logging_mixin.py:190} INFO - [2026-07-17T17:13:40.039+0000] {dag.py:3211} INFO - Sync 1 DAGs
[2026-07-17T17:13:40.062+0000] {logging_mixin.py:190} INFO - [2026-07-17T17:13:40.061+0000] {dag.py:4138} INFO - Setting next_dagrun for airflow_sanity_check to None, run_after=None
[2026-07-17T17:13:40.095+0000] {processor.py:208} INFO - Processing /opt/airflow/dags/sanity_checks.py took 0.133 seconds
[2026-07-17T17:14:10.547+0000] {processor.py:186} INFO - Started process (PID=24074) to work on /opt/airflow/dags/sanity_checks.py
[2026-07-17T17:14:10.549+0000] {processor.py:914} INFO - Processing file /opt/airflow/dags/sanity_checks.py for tasks to queue
[2026-07-17T17:14:10.553+0000] {logging_mixin.py:190} INFO - [2026-07-17T17:14:10.552+0000] {dagbag.py:587} INFO - Filling up the DagBag from /opt/airflow/dags/sanity_checks.py
[2026-07-17T17:14:10.573+0000] {processor.py:925} INFO - DAG(s) 'airflow_sanity_check' retrieved from /opt/airflow/dags/sanity_checks.py
[2026-07-17T17:14:10.616+0000] {logging_mixin.py:190} INFO - [2026-07-17T17:14:10.616+0000] {dag.py:3211} INFO - Sync 1 DAGs
[2026-07-17T17:14:10.640+0000] {logging_mixin.py:190} INFO - [2026-07-17T17:14:10.640+0000] {dag.py:4138} INFO - Setting next_dagrun for airflow_sanity_check to None, run_after=None
[2026-07-17T17:14:10.672+0000] {processor.py:208} INFO - Processing /opt/airflow/dags/sanity_checks.py took 0.135 seconds
[2026-07-17T17:14:41.119+0000] {processor.py:186} INFO - Started process (PID=24084) to work on /opt/airflow/dags/sanity_checks.py
[2026-07-17T17:14:41.121+0000] {processor.py:914} INFO - Processing file /opt/airflow/dags/sanity_checks.py for tasks to queue
[2026-07-17T17:14:41.125+0000] {logging_mixin.py:190} INFO - [2026-07-17T17:14:41.125+0000] {dagbag.py:587} INFO - Filling up the DagBag from /opt/airflow/dags/sanity_checks.py
[2026-07-17T17:14:41.141+0000] {processor.py:925} INFO - DAG(s) 'airflow_sanity_check' retrieved from /opt/airflow/dags/sanity_checks.py
[2026-07-17T17:14:41.192+0000] {logging_mixin.py:190} INFO - [2026-07-17T17:14:41.192+0000] {dag.py:3211} INFO - Sync 1 DAGs
[2026-07-17T17:14:41.222+0000] {logging_mixin.py:190} INFO - [2026-07-17T17:14:41.222+0000] {dag.py:4138} INFO - Setting next_dagrun for airflow_sanity_check to None, run_after=None
[2026-07-17T17:14:41.268+0000] {processor.py:208} INFO - Processing /opt/airflow/dags/sanity_checks.py took 0.158 seconds
[2026-07-17T17:15:11.663+0000] {processor.py:186} INFO - Started process (PID=24094) to work on /opt/airflow/dags/sanity_checks.py
[2026-07-17T17:15:11.665+0000] {processor.py:914} INFO - Processing file /opt/airflow/dags/sanity_checks.py for tasks to queue
[2026-07-17T17:15:11.669+0000] {logging_mixin.py:190} INFO - [2026-07-17T17:15:11.669+0000] {dagbag.py:587} INFO - Filling up the DagBag from /opt/airflow/dags/sanity_checks.py
[2026-07-17T17:15:11.686+0000] {processor.py:925} INFO - DAG(s) 'airflow_sanity_check' retrieved from /opt/airflow/dags/sanity_checks.py
[2026-07-17T17:15:11.729+0000] {logging_mixin.py:190} INFO - [2026-07-17T17:15:11.729+0000] {dag.py:3211} INFO - Sync 1 DAGs
[2026-07-17T17:15:11.751+0000] {logging_mixin.py:190} INFO - [2026-07-17T17:15:11.751+0000] {dag.py:4138} INFO - Setting next_dagrun for airflow_sanity_check to None, run_after=None
[2026-07-17T17:15:11.781+0000] {processor.py:208} INFO - Processing /opt/airflow/dags/sanity_checks.py took 0.128 seconds
[2026-07-17T17:15:42.117+0000] {processor.py:186} INFO - Started process (PID=24104) to work on /opt/airflow/dags/sanity_checks.py
[2026-07-17T17:15:42.118+0000] {processor.py:914} INFO - Processing file /opt/airflow/dags/sanity_checks.py for tasks to queue
[2026-07-17T17:15:42.122+0000] {logging_mixin.py:190} INFO - [2026-07-17T17:15:42.121+0000] {dagbag.py:587} INFO - Filling up the DagBag from /opt/airflow/dags/sanity_checks.py
[2026-07-17T17:15:42.138+0000] {processor.py:925} INFO - DAG(s) 'airflow_sanity_check' retrieved from /opt/airflow/dags/sanity_checks.py
[2026-07-17T17:15:42.180+0000] {logging_mixin.py:190} INFO - [2026-07-17T17:15:42.180+0000] {dag.py:3211} INFO - Sync 1 DAGs
[2026-07-17T17:15:42.203+0000] {logging_mixin.py:190} INFO - [2026-07-17T17:15:42.202+0000] {dag.py:4138} INFO - Setting next_dagrun for airflow_sanity_check to None, run_after=None
[2026-07-17T17:15:42.231+0000] {processor.py:208} INFO - Processing /opt/airflow/dags/sanity_checks.py took 0.125 seconds
[2026-07-17T17:16:12.585+0000] {processor.py:186} INFO - Started process (PID=24114) to work on /opt/airflow/dags/sanity_checks.py
[2026-07-17T17:16:12.587+0000] {processor.py:914} INFO - Processing file /opt/airflow/dags/sanity_checks.py for tasks to queue
[2026-07-17T17:16:12.590+0000] {logging_mixin.py:190} INFO - [2026-07-17T17:16:12.590+0000] {dagbag.py:587} INFO - Filling up the DagBag from /opt/airflow/dags/sanity_checks.py
[2026-07-17T17:16:12.607+0000] {processor.py:925} INFO - DAG(s) 'airflow_sanity_check' retrieved from /opt/airflow/dags/sanity_checks.py
[2026-07-17T17:16:12.653+0000] {logging_mixin.py:190} INFO - [2026-07-17T17:16:12.653+0000] {dag.py:3211} INFO - Sync 1 DAGs
[2026-07-17T17:16:12.676+0000] {logging_mixin.py:190} INFO - [2026-07-17T17:16:12.675+0000] {dag.py:4138} INFO - Setting next_dagrun for airflow_sanity_check to None, run_after=None
[2026-07-17T17:16:12.705+0000] {processor.py:208} INFO - Processing /opt/airflow/dags/sanity_checks.py took 0.130 seconds
[2026-07-17T17:16:43.061+0000] {processor.py:186} INFO - Started process (PID=24124) to work on /opt/airflow/dags/sanity_checks.py
[2026-07-17T17:16:43.063+0000] {processor.py:914} INFO - Processing file /opt/airflow/dags/sanity_checks.py for tasks to queue
[2026-07-17T17:16:43.066+0000] {logging_mixin.py:190} INFO - [2026-07-17T17:16:43.066+0000] {dagbag.py:587} INFO - Filling up the DagBag from /opt/airflow/dags/sanity_checks.py
[2026-07-17T17:16:43.082+0000] {processor.py:925} INFO - DAG(s) 'airflow_sanity_check' retrieved from /opt/airflow/dags/sanity_checks.py
[2026-07-17T17:16:43.128+0000] {logging_mixin.py:190} INFO - [2026-07-17T17:16:43.127+0000] {dag.py:3211} INFO - Sync 1 DAGs
[2026-07-17T17:16:43.152+0000] {logging_mixin.py:190} INFO - [2026-07-17T17:16:43.152+0000] {dag.py:4138} INFO - Setting next_dagrun for airflow_sanity_check to None, run_after=None
[2026-07-17T17:16:43.181+0000] {processor.py:208} INFO - Processing /opt/airflow/dags/sanity_checks.py took 0.131 seconds
[2026-07-17T17:17:13.539+0000] {processor.py:186} INFO - Started process (PID=24134) to work on /opt/airflow/dags/sanity_checks.py
[2026-07-17T17:17:13.541+0000] {processor.py:914} INFO - Processing file /opt/airflow/dags/sanity_checks.py for tasks to queue
[2026-07-17T17:17:13.545+0000] {logging_mixin.py:190} INFO - [2026-07-17T17:17:13.545+0000] {dagbag.py:587} INFO - Filling up the DagBag from /opt/airflow/dags/sanity_checks.py
[2026-07-17T17:17:13.561+0000] {processor.py:925} INFO - DAG(s) 'airflow_sanity_check' retrieved from /opt/airflow/dags/sanity_checks.py
[2026-07-17T17:17:13.605+0000] {logging_mixin.py:190} INFO - [2026-07-17T17:17:13.605+0000] {dag.py:3211} INFO - Sync 1 DAGs
[2026-07-17T17:17:13.631+0000] {logging_mixin.py:190} INFO - [2026-07-17T17:17:13.630+0000] {dag.py:4138} INFO - Setting next_dagrun for airflow_sanity_check to None, run_after=None
[2026-07-17T17:17:13.659+0000] {processor.py:208} INFO - Processing /opt/airflow/dags/sanity_checks.py took 0.129 seconds
[2026-07-17T17:17:43.979+0000] {processor.py:186} INFO - Started process (PID=24144) to work on /opt/airflow/dags/sanity_checks.py
[2026-07-17T17:17:43.980+0000] {processor.py:914} INFO - Processing file /opt/airflow/dags/sanity_checks.py for tasks to queue
[2026-07-17T17:17:43.985+0000] {logging_mixin.py:190} INFO - [2026-07-17T17:17:43.984+0000] {dagbag.py:587} INFO - Filling up the DagBag from /opt/airflow/dags/sanity_checks.py
[2026-07-17T17:17:44.004+0000] {processor.py:925} INFO - DAG(s) 'airflow_sanity_check' retrieved from /opt/airflow/dags/sanity_checks.py
[2026-07-17T17:17:44.048+0000] {logging_mixin.py:190} INFO - [2026-07-17T17:17:44.048+0000] {dag.py:3211} INFO - Sync 1 DAGs
[2026-07-17T17:17:44.071+0000] {logging_mixin.py:190} INFO - [2026-07-17T17:17:44.071+0000] {dag.py:4138} INFO - Setting next_dagrun for airflow_sanity_check to None, run_after=None
[2026-07-17T17:17:44.099+0000] {processor.py:208} INFO - Processing /opt/airflow/dags/sanity_checks.py took 0.132 seconds
[2026-07-17T17:18:14.432+0000] {processor.py:186} INFO - Started process (PID=24154) to work on /opt/airflow/dags/sanity_checks.py
[2026-07-17T17:18:14.434+0000] {processor.py:914} INFO - Processing file /opt/airflow/dags/sanity_checks.py for tasks to queue
[2026-07-17T17:18:14.437+0000] {logging_mixin.py:190} INFO - [2026-07-17T17:18:14.437+0000] {dagbag.py:587} INFO - Filling up the DagBag from /opt/airflow/dags/sanity_checks.py
[2026-07-17T17:18:14.453+0000] {processor.py:925} INFO - DAG(s) 'airflow_sanity_check' retrieved from /opt/airflow/dags/sanity_checks.py
[2026-07-17T17:18:14.498+0000] {logging_mixin.py:190} INFO - [2026-07-17T17:18:14.498+0000] {dag.py:3211} INFO - Sync 1 DAGs
[2026-07-17T17:18:14.521+0000] {logging_mixin.py:190} INFO - [2026-07-17T17:18:14.521+0000] {dag.py:4138} INFO - Setting next_dagrun for airflow_sanity_check to None, run_after=None
[2026-07-17T17:18:14.550+0000] {processor.py:208} INFO - Processing /opt/airflow/dags/sanity_checks.py took 0.127 seconds
[2026-07-17T17:18:44.882+0000] {processor.py:186} INFO - Started process (PID=24164) to work on /opt/airflow/dags/sanity_checks.py
[2026-07-17T17:18:44.883+0000] {processor.py:914} INFO - Processing file /opt/airflow/dags/sanity_checks.py for tasks to queue
[2026-07-17T17:18:44.887+0000] {logging_mixin.py:190} INFO - [2026-07-17T17:18:44.886+0000] {dagbag.py:587} INFO - Filling up the DagBag from /opt/airflow/dags/sanity_checks.py
[2026-07-17T17:18:44.903+0000] {processor.py:925} INFO - DAG(s) 'airflow_sanity_check' retrieved from /opt/airflow/dags/sanity_checks.py
[2026-07-17T17:18:44.946+0000] {logging_mixin.py:190} INFO - [2026-07-17T17:18:44.946+0000] {dag.py:3211} INFO - Sync 1 DAGs
[2026-07-17T17:18:44.971+0000] {logging_mixin.py:190} INFO - [2026-07-17T17:18:44.971+0000] {dag.py:4138} INFO - Setting next_dagrun for airflow_sanity_check to None, run_after=None
[2026-07-17T17:18:44.999+0000] {processor.py:208} INFO - Processing /opt/airflow/dags/sanity_checks.py took 0.129 seconds
[2026-07-17T17:19:15.330+0000] {processor.py:186} INFO - Started process (PID=24174) to work on /opt/airflow/dags/sanity_checks.py
[2026-07-17T17:19:15.331+0000] {processor.py:914} INFO - Processing file /opt/airflow/dags/sanity_checks.py for tasks to queue
[2026-07-17T17:19:15.335+0000] {logging_mixin.py:190} INFO - [2026-07-17T17:19:15.334+0000] {dagbag.py:587} INFO - Filling up the DagBag from /opt/airflow/dags/sanity_checks.py
[2026-07-17T17:19:15.352+0000] {processor.py:925} INFO - DAG(s) 'airflow_sanity_check' retrieved from /opt/airflow/dags/sanity_checks.py
[2026-07-17T17:19:15.400+0000] {logging_mixin.py:190} INFO - [2026-07-17T17:19:15.399+0000] {dag.py:3211} INFO - Sync 1 DAGs
[2026-07-17T17:19:15.424+0000] {logging_mixin.py:190} INFO - [2026-07-17T17:19:15.423+0000] {dag.py:4138} INFO - Setting next_dagrun for airflow_sanity_check to None, run_after=None
[2026-07-17T17:19:15.452+0000] {processor.py:208} INFO - Processing /opt/airflow/dags/sanity_checks.py took 0.133 seconds
[2026-07-17T17:19:45.782+0000] {processor.py:186} INFO - Started process (PID=24184) to work on /opt/airflow/dags/sanity_checks.py
[2026-07-17T17:19:45.784+0000] {processor.py:914} INFO - Processing file /opt/airflow/dags/sanity_checks.py for tasks to queue
[2026-07-17T17:19:45.787+0000] {logging_mixin.py:190} INFO - [2026-07-17T17:19:45.787+0000] {dagbag.py:587} INFO - Filling up the DagBag from /opt/airflow/dags/sanity_checks.py
[2026-07-17T17:19:45.805+0000] {processor.py:925} INFO - DAG(s) 'airflow_sanity_check' retrieved from /opt/airflow/dags/sanity_checks.py
[2026-07-17T17:19:45.850+0000] {logging_mixin.py:190} INFO - [2026-07-17T17:19:45.849+0000] {dag.py:3211} INFO - Sync 1 DAGs
[2026-07-17T17:19:45.873+0000] {logging_mixin.py:190} INFO - [2026-07-17T17:19:45.873+0000] {dag.py:4138} INFO - Setting next_dagrun for airflow_sanity_check to None, run_after=None
[2026-07-17T17:19:45.902+0000] {processor.py:208} INFO - Processing /opt/airflow/dags/sanity_checks.py took 0.130 seconds
[2026-07-17T17:20:16.239+0000] {processor.py:186} INFO - Started process (PID=24194) to work on /opt/airflow/dags/sanity_checks.py
[2026-07-17T17:20:16.241+0000] {processor.py:914} INFO - Processing file /opt/airflow/dags/sanity_checks.py for tasks to queue
[2026-07-17T17:20:16.244+0000] {logging_mixin.py:190} INFO - [2026-07-17T17:20:16.244+0000] {dagbag.py:587} INFO - Filling up the DagBag from /opt/airflow/dags/sanity_checks.py
[2026-07-17T17:20:16.260+0000] {processor.py:925} INFO - DAG(s) 'airflow_sanity_check' retrieved from /opt/airflow/dags/sanity_checks.py
[2026-07-17T17:20:16.306+0000] {logging_mixin.py:190} INFO - [2026-07-17T17:20:16.306+0000] {dag.py:3211} INFO - Sync 1 DAGs
[2026-07-17T17:20:16.329+0000] {logging_mixin.py:190} INFO - [2026-07-17T17:20:16.329+0000] {dag.py:4138} INFO - Setting next_dagrun for airflow_sanity_check to None, run_after=None
[2026-07-17T17:20:16.358+0000] {processor.py:208} INFO - Processing /opt/airflow/dags/sanity_checks.py took 0.129 seconds
[2026-07-17T17:20:46.697+0000] {processor.py:186} INFO - Started process (PID=24204) to work on /opt/airflow/dags/sanity_checks.py
[2026-07-17T17:20:46.698+0000] {processor.py:914} INFO - Processing file /opt/airflow/dags/sanity_checks.py for tasks to queue
[2026-07-17T17:20:46.702+0000] {logging_mixin.py:190} INFO - [2026-07-17T17:20:46.702+0000] {dagbag.py:587} INFO - Filling up the DagBag from /opt/airflow/dags/sanity_checks.py
[2026-07-17T17:20:46.720+0000] {processor.py:925} INFO - DAG(s) 'airflow_sanity_check' retrieved from /opt/airflow/dags/sanity_checks.py
[2026-07-17T17:20:46.768+0000] {logging_mixin.py:190} INFO - [2026-07-17T17:20:46.767+0000] {dag.py:3211} INFO - Sync 1 DAGs
[2026-07-17T17:20:46.792+0000] {logging_mixin.py:190} INFO - [2026-07-17T17:20:46.791+0000] {dag.py:4138} INFO - Setting next_dagrun for airflow_sanity_check to None, run_after=None
[2026-07-17T17:20:46.821+0000] {processor.py:208} INFO - Processing /opt/airflow/dags/sanity_checks.py took 0.136 seconds
[2026-07-17T17:21:17.165+0000] {processor.py:186} INFO - Started process (PID=24214) to work on /opt/airflow/dags/sanity_checks.py
[2026-07-17T17:21:17.167+0000] {processor.py:914} INFO - Processing file /opt/airflow/dags/sanity_checks.py for tasks to queue
[2026-07-17T17:21:17.173+0000] {logging_mixin.py:190} INFO - [2026-07-17T17:21:17.172+0000] {dagbag.py:587} INFO - Filling up the DagBag from /opt/airflow/dags/sanity_checks.py
[2026-07-17T17:21:17.191+0000] {processor.py:925} INFO - DAG(s) 'airflow_sanity_check' retrieved from /opt/airflow/dags/sanity_checks.py
[2026-07-17T17:21:17.239+0000] {logging_mixin.py:190} INFO - [2026-07-17T17:21:17.238+0000] {dag.py:3211} INFO - Sync 1 DAGs
[2026-07-17T17:21:17.265+0000] {logging_mixin.py:190} INFO - [2026-07-17T17:21:17.265+0000] {dag.py:4138} INFO - Setting next_dagrun for airflow_sanity_check to None, run_after=None
[2026-07-17T17:21:17.302+0000] {processor.py:208} INFO - Processing /opt/airflow/dags/sanity_checks.py took 0.149 seconds
[2026-07-17T17:21:47.641+0000] {processor.py:186} INFO - Started process (PID=24224) to work on /opt/airflow/dags/sanity_checks.py
[2026-07-17T17:21:47.643+0000] {processor.py:914} INFO - Processing file /opt/airflow/dags/sanity_checks.py for tasks to queue
[2026-07-17T17:21:47.646+0000] {logging_mixin.py:190} INFO - [2026-07-17T17:21:47.646+0000] {dagbag.py:587} INFO - Filling up the DagBag from /opt/airflow/dags/sanity_checks.py
[2026-07-17T17:21:47.666+0000] {processor.py:925} INFO - DAG(s) 'airflow_sanity_check' retrieved from /opt/airflow/dags/sanity_checks.py
[2026-07-17T17:21:47.714+0000] {logging_mixin.py:190} INFO - [2026-07-17T17:21:47.714+0000] {dag.py:3211} INFO - Sync 1 DAGs
[2026-07-17T17:21:47.738+0000] {logging_mixin.py:190} INFO - [2026-07-17T17:21:47.737+0000] {dag.py:4138} INFO - Setting next_dagrun for airflow_sanity_check to None, run_after=None
[2026-07-17T17:21:47.775+0000] {processor.py:208} INFO - Processing /opt/airflow/dags/sanity_checks.py took 0.151 seconds
[2026-07-17T17:22:18.149+0000] {processor.py:186} INFO - Started process (PID=24234) to work on /opt/airflow/dags/sanity_checks.py
[2026-07-17T17:22:18.151+0000] {processor.py:914} INFO - Processing file /opt/airflow/dags/sanity_checks.py for tasks to queue
[2026-07-17T17:22:18.155+0000] {logging_mixin.py:190} INFO - [2026-07-17T17:22:18.154+0000] {dagbag.py:587} INFO - Filling up the DagBag from /opt/airflow/dags/sanity_checks.py
[2026-07-17T17:22:18.171+0000] {processor.py:925} INFO - DAG(s) 'airflow_sanity_check' retrieved from /opt/airflow/dags/sanity_checks.py
[2026-07-17T17:22:18.214+0000] {logging_mixin.py:190} INFO - [2026-07-17T17:22:18.214+0000] {dag.py:3211} INFO - Sync 1 DAGs
[2026-07-17T17:22:18.240+0000] {logging_mixin.py:190} INFO - [2026-07-17T17:22:18.239+0000] {dag.py:4138} INFO - Setting next_dagrun for airflow_sanity_check to None, run_after=None
[2026-07-17T17:22:18.269+0000] {processor.py:208} INFO - Processing /opt/airflow/dags/sanity_checks.py took 0.130 seconds
[2026-07-17T17:22:48.633+0000] {processor.py:186} INFO - Started process (PID=24244) to work on /opt/airflow/dags/sanity_checks.py
[2026-07-17T17:22:48.635+0000] {processor.py:914} INFO - Processing file /opt/airflow/dags/sanity_checks.py for tasks to queue
[2026-07-17T17:22:48.639+0000] {logging_mixin.py:190} INFO - [2026-07-17T17:22:48.639+0000] {dagbag.py:587} INFO - Filling up the DagBag from /opt/airflow/dags/sanity_checks.py
[2026-07-17T17:22:48.657+0000] {processor.py:925} INFO - DAG(s) 'airflow_sanity_check' retrieved from /opt/airflow/dags/sanity_checks.py
[2026-07-17T17:22:48.701+0000] {logging_mixin.py:190} INFO - [2026-07-17T17:22:48.701+0000] {dag.py:3211} INFO - Sync 1 DAGs
[2026-07-17T17:22:48.726+0000] {logging_mixin.py:190} INFO - [2026-07-17T17:22:48.726+0000] {dag.py:4138} INFO - Setting next_dagrun for airflow_sanity_check to None, run_after=None
[2026-07-17T17:22:48.765+0000] {processor.py:208} INFO - Processing /opt/airflow/dags/sanity_checks.py took 0.140 seconds
[2026-07-17T17:23:19.088+0000] {processor.py:186} INFO - Started process (PID=24254) to work on /opt/airflow/dags/sanity_checks.py
[2026-07-17T17:23:19.090+0000] {processor.py:914} INFO - Processing file /opt/airflow/dags/sanity_checks.py for tasks to queue
[2026-07-17T17:23:19.093+0000] {logging_mixin.py:190} INFO - [2026-07-17T17:23:19.093+0000] {dagbag.py:587} INFO - Filling up the DagBag from /opt/airflow/dags/sanity_checks.py
[2026-07-17T17:23:19.111+0000] {processor.py:925} INFO - DAG(s) 'airflow_sanity_check' retrieved from /opt/airflow/dags/sanity_checks.py
[2026-07-17T17:23:19.157+0000] {logging_mixin.py:190} INFO - [2026-07-17T17:23:19.156+0000] {dag.py:3211} INFO - Sync 1 DAGs
[2026-07-17T17:23:19.181+0000] {logging_mixin.py:190} INFO - [2026-07-17T17:23:19.180+0000] {dag.py:4138} INFO - Setting next_dagrun for airflow_sanity_check to None, run_after=None
[2026-07-17T17:23:19.209+0000] {processor.py:208} INFO - Processing /opt/airflow/dags/sanity_checks.py took 0.130 seconds
[2026-07-17T17:23:49.546+0000] {processor.py:186} INFO - Started process (PID=24264) to work on /opt/airflow/dags/sanity_checks.py
[2026-07-17T17:23:49.548+0000] {processor.py:914} INFO - Processing file /opt/airflow/dags/sanity_checks.py for tasks to queue
[2026-07-17T17:23:49.555+0000] {logging_mixin.py:190} INFO - [2026-07-17T17:23:49.555+0000] {dagbag.py:587} INFO - Filling up the DagBag from /opt/airflow/dags/sanity_checks.py
[2026-07-17T17:23:49.576+0000] {processor.py:925} INFO - DAG(s) 'airflow_sanity_check' retrieved from /opt/airflow/dags/sanity_checks.py
[2026-07-17T17:23:49.645+0000] {logging_mixin.py:190} INFO - [2026-07-17T17:23:49.645+0000] {dag.py:3211} INFO - Sync 1 DAGs
[2026-07-17T17:23:49.676+0000] {logging_mixin.py:190} INFO - [2026-07-17T17:23:49.676+0000] {dag.py:4138} INFO - Setting next_dagrun for airflow_sanity_check to None, run_after=None
[2026-07-17T17:23:49.711+0000] {processor.py:208} INFO - Processing /opt/airflow/dags/sanity_checks.py took 0.180 seconds
[2026-07-17T17:24:20.060+0000] {processor.py:186} INFO - Started process (PID=24274) to work on /opt/airflow/dags/sanity_checks.py
[2026-07-17T17:24:20.061+0000] {processor.py:914} INFO - Processing file /opt/airflow/dags/sanity_checks.py for tasks to queue
[2026-07-17T17:24:20.066+0000] {logging_mixin.py:190} INFO - [2026-07-17T17:24:20.065+0000] {dagbag.py:587} INFO - Filling up the DagBag from /opt/airflow/dags/sanity_checks.py
[2026-07-17T17:24:20.084+0000] {processor.py:925} INFO - DAG(s) 'airflow_sanity_check' retrieved from /opt/airflow/dags/sanity_checks.py
[2026-07-17T17:24:20.130+0000] {logging_mixin.py:190} INFO - [2026-07-17T17:24:20.129+0000] {dag.py:3211} INFO - Sync 1 DAGs
[2026-07-17T17:24:20.156+0000] {logging_mixin.py:190} INFO - [2026-07-17T17:24:20.155+0000] {dag.py:4138} INFO - Setting next_dagrun for airflow_sanity_check to None, run_after=None
[2026-07-17T17:24:20.193+0000] {processor.py:208} INFO - Processing /opt/airflow/dags/sanity_checks.py took 0.142 seconds
[2026-07-17T17:24:50.550+0000] {processor.py:186} INFO - Started process (PID=24284) to work on /opt/airflow/dags/sanity_checks.py
[2026-07-17T17:24:50.552+0000] {processor.py:914} INFO - Processing file /opt/airflow/dags/sanity_checks.py for tasks to queue
[2026-07-17T17:24:50.555+0000] {logging_mixin.py:190} INFO - [2026-07-17T17:24:50.555+0000] {dagbag.py:587} INFO - Filling up the DagBag from /opt/airflow/dags/sanity_checks.py
[2026-07-17T17:24:50.572+0000] {processor.py:925} INFO - DAG(s) 'airflow_sanity_check' retrieved from /opt/airflow/dags/sanity_checks.py
[2026-07-17T17:24:50.619+0000] {logging_mixin.py:190} INFO - [2026-07-17T17:24:50.618+0000] {dag.py:3211} INFO - Sync 1 DAGs
[2026-07-17T17:24:50.642+0000] {logging_mixin.py:190} INFO - [2026-07-17T17:24:50.642+0000] {dag.py:4138} INFO - Setting next_dagrun for airflow_sanity_check to None, run_after=None
[2026-07-17T17:24:50.670+0000] {processor.py:208} INFO - Processing /opt/airflow/dags/sanity_checks.py took 0.130 seconds
[2026-07-17T17:25:21.025+0000] {processor.py:186} INFO - Started process (PID=24294) to work on /opt/airflow/dags/sanity_checks.py
[2026-07-17T17:25:21.026+0000] {processor.py:914} INFO - Processing file /opt/airflow/dags/sanity_checks.py for tasks to queue
[2026-07-17T17:25:21.030+0000] {logging_mixin.py:190} INFO - [2026-07-17T17:25:21.030+0000] {dagbag.py:587} INFO - Filling up the DagBag from /opt/airflow/dags/sanity_checks.py
[2026-07-17T17:25:21.047+0000] {processor.py:925} INFO - DAG(s) 'airflow_sanity_check' retrieved from /opt/airflow/dags/sanity_checks.py
[2026-07-17T17:25:21.092+0000] {logging_mixin.py:190} INFO - [2026-07-17T17:25:21.091+0000] {dag.py:3211} INFO - Sync 1 DAGs
[2026-07-17T17:25:21.118+0000] {logging_mixin.py:190} INFO - [2026-07-17T17:25:21.118+0000] {dag.py:4138} INFO - Setting next_dagrun for airflow_sanity_check to None, run_after=None
[2026-07-17T17:25:21.150+0000] {processor.py:208} INFO - Processing /opt/airflow/dags/sanity_checks.py took 0.135 seconds
[2026-07-17T17:25:51.477+0000] {processor.py:186} INFO - Started process (PID=24304) to work on /opt/airflow/dags/sanity_checks.py
[2026-07-17T17:25:51.479+0000] {processor.py:914} INFO - Processing file /opt/airflow/dags/sanity_checks.py for tasks to queue
[2026-07-17T17:25:51.483+0000] {logging_mixin.py:190} INFO - [2026-07-17T17:25:51.483+0000] {dagbag.py:587} INFO - Filling up the DagBag from /opt/airflow/dags/sanity_checks.py
[2026-07-17T17:25:51.499+0000] {processor.py:925} INFO - DAG(s) 'airflow_sanity_check' retrieved from /opt/airflow/dags/sanity_checks.py
[2026-07-17T17:25:51.547+0000] {logging_mixin.py:190} INFO - [2026-07-17T17:25:51.546+0000] {dag.py:3211} INFO - Sync 1 DAGs
[2026-07-17T17:25:51.571+0000] {logging_mixin.py:190} INFO - [2026-07-17T17:25:51.570+0000] {dag.py:4138} INFO - Setting next_dagrun for airflow_sanity_check to None, run_after=None
[2026-07-17T17:25:51.600+0000] {processor.py:208} INFO - Processing /opt/airflow/dags/sanity_checks.py took 0.132 seconds
[2026-07-17T17:26:21.939+0000] {processor.py:186} INFO - Started process (PID=24314) to work on /opt/airflow/dags/sanity_checks.py
[2026-07-17T17:26:21.941+0000] {processor.py:914} INFO - Processing file /opt/airflow/dags/sanity_checks.py for tasks to queue
[2026-07-17T17:26:21.944+0000] {logging_mixin.py:190} INFO - [2026-07-17T17:26:21.944+0000] {dagbag.py:587} INFO - Filling up the DagBag from /opt/airflow/dags/sanity_checks.py
[2026-07-17T17:26:21.960+0000] {processor.py:925} INFO - DAG(s) 'airflow_sanity_check' retrieved from /opt/airflow/dags/sanity_checks.py
[2026-07-17T17:26:22.006+0000] {logging_mixin.py:190} INFO - [2026-07-17T17:26:22.005+0000] {dag.py:3211} INFO - Sync 1 DAGs
[2026-07-17T17:26:22.029+0000] {logging_mixin.py:190} INFO - [2026-07-17T17:26:22.029+0000] {dag.py:4138} INFO - Setting next_dagrun for airflow_sanity_check to None, run_after=None
[2026-07-17T17:26:22.059+0000] {processor.py:208} INFO - Processing /opt/airflow/dags/sanity_checks.py took 0.130 seconds
[2026-07-17T17:26:52.405+0000] {processor.py:186} INFO - Started process (PID=24324) to work on /opt/airflow/dags/sanity_checks.py
[2026-07-17T17:26:52.406+0000] {processor.py:914} INFO - Processing file /opt/airflow/dags/sanity_checks.py for tasks to queue
[2026-07-17T17:26:52.411+0000] {logging_mixin.py:190} INFO - [2026-07-17T17:26:52.411+0000] {dagbag.py:587} INFO - Filling up the DagBag from /opt/airflow/dags/sanity_checks.py
[2026-07-17T17:26:52.428+0000] {processor.py:925} INFO - DAG(s) 'airflow_sanity_check' retrieved from /opt/airflow/dags/sanity_checks.py
[2026-07-17T17:26:52.473+0000] {logging_mixin.py:190} INFO - [2026-07-17T17:26:52.472+0000] {dag.py:3211} INFO - Sync 1 DAGs
[2026-07-17T17:26:52.497+0000] {logging_mixin.py:190} INFO - [2026-07-17T17:26:52.496+0000] {dag.py:4138} INFO - Setting next_dagrun for airflow_sanity_check to None, run_after=None
[2026-07-17T17:26:52.530+0000] {processor.py:208} INFO - Processing /opt/airflow/dags/sanity_checks.py took 0.134 seconds
[2026-07-17T17:27:22.895+0000] {processor.py:186} INFO - Started process (PID=24334) to work on /opt/airflow/dags/sanity_checks.py
[2026-07-17T17:27:22.897+0000] {processor.py:914} INFO - Processing file /opt/airflow/dags/sanity_checks.py for tasks to queue
[2026-07-17T17:27:22.900+0000] {logging_mixin.py:190} INFO - [2026-07-17T17:27:22.900+0000] {dagbag.py:587} INFO - Filling up the DagBag from /opt/airflow/dags/sanity_checks.py
[2026-07-17T17:27:22.917+0000] {processor.py:925} INFO - DAG(s) 'airflow_sanity_check' retrieved from /opt/airflow/dags/sanity_checks.py
[2026-07-17T17:27:22.963+0000] {logging_mixin.py:190} INFO - [2026-07-17T17:27:22.963+0000] {dag.py:3211} INFO - Sync 1 DAGs
[2026-07-17T17:27:22.985+0000] {logging_mixin.py:190} INFO - [2026-07-17T17:27:22.985+0000] {dag.py:4138} INFO - Setting next_dagrun for airflow_sanity_check to None, run_after=None
[2026-07-17T17:27:23.012+0000] {processor.py:208} INFO - Processing /opt/airflow/dags/sanity_checks.py took 0.127 seconds
[2026-07-17T17:27:53.363+0000] {processor.py:186} INFO - Started process (PID=24344) to work on /opt/airflow/dags/sanity_checks.py
[2026-07-17T17:27:53.368+0000] {processor.py:914} INFO - Processing file /opt/airflow/dags/sanity_checks.py for tasks to queue
[2026-07-17T17:27:53.373+0000] {logging_mixin.py:190} INFO - [2026-07-17T17:27:53.372+0000] {dagbag.py:587} INFO - Filling up the DagBag from /opt/airflow/dags/sanity_checks.py
[2026-07-17T17:27:53.391+0000] {processor.py:925} INFO - DAG(s) 'airflow_sanity_check' retrieved from /opt/airflow/dags/sanity_checks.py
[2026-07-17T17:27:53.434+0000] {logging_mixin.py:190} INFO - [2026-07-17T17:27:53.434+0000] {dag.py:3211} INFO - Sync 1 DAGs
[2026-07-17T17:27:53.457+0000] {logging_mixin.py:190} INFO - [2026-07-17T17:27:53.457+0000] {dag.py:4138} INFO - Setting next_dagrun for airflow_sanity_check to None, run_after=None
[2026-07-17T17:27:53.488+0000] {processor.py:208} INFO - Processing /opt/airflow/dags/sanity_checks.py took 0.137 seconds
[2026-07-17T17:28:23.820+0000] {processor.py:186} INFO - Started process (PID=24354) to work on /opt/airflow/dags/sanity_checks.py
[2026-07-17T17:28:23.822+0000] {processor.py:914} INFO - Processing file /opt/airflow/dags/sanity_checks.py for tasks to queue
[2026-07-17T17:28:23.825+0000] {logging_mixin.py:190} INFO - [2026-07-17T17:28:23.825+0000] {dagbag.py:587} INFO - Filling up the DagBag from /opt/airflow/dags/sanity_checks.py
[2026-07-17T17:28:23.842+0000] {processor.py:925} INFO - DAG(s) 'airflow_sanity_check' retrieved from /opt/airflow/dags/sanity_checks.py
[2026-07-17T17:28:23.888+0000] {logging_mixin.py:190} INFO - [2026-07-17T17:28:23.887+0000] {dag.py:3211} INFO - Sync 1 DAGs
[2026-07-17T17:28:23.911+0000] {logging_mixin.py:190} INFO - [2026-07-17T17:28:23.911+0000] {dag.py:4138} INFO - Setting next_dagrun for airflow_sanity_check to None, run_after=None
[2026-07-17T17:28:23.941+0000] {processor.py:208} INFO - Processing /opt/airflow/dags/sanity_checks.py took 0.130 seconds
[2026-07-17T17:28:54.274+0000] {processor.py:186} INFO - Started process (PID=24364) to work on /opt/airflow/dags/sanity_checks.py
[2026-07-17T17:28:54.276+0000] {processor.py:914} INFO - Processing file /opt/airflow/dags/sanity_checks.py for tasks to queue
[2026-07-17T17:28:54.279+0000] {logging_mixin.py:190} INFO - [2026-07-17T17:28:54.278+0000] {dagbag.py:587} INFO - Filling up the DagBag from /opt/airflow/dags/sanity_checks.py
[2026-07-17T17:28:54.297+0000] {processor.py:925} INFO - DAG(s) 'airflow_sanity_check' retrieved from /opt/airflow/dags/sanity_checks.py
[2026-07-17T17:28:54.343+0000] {logging_mixin.py:190} INFO - [2026-07-17T17:28:54.343+0000] {dag.py:3211} INFO - Sync 1 DAGs
[2026-07-17T17:28:54.365+0000] {logging_mixin.py:190} INFO - [2026-07-17T17:28:54.365+0000] {dag.py:4138} INFO - Setting next_dagrun for airflow_sanity_check to None, run_after=None
[2026-07-17T17:28:54.396+0000] {processor.py:208} INFO - Processing /opt/airflow/dags/sanity_checks.py took 0.131 seconds
[2026-07-17T17:29:24.756+0000] {processor.py:186} INFO - Started process (PID=24374) to work on /opt/airflow/dags/sanity_checks.py
[2026-07-17T17:29:24.758+0000] {processor.py:914} INFO - Processing file /opt/airflow/dags/sanity_checks.py for tasks to queue
[2026-07-17T17:29:24.761+0000] {logging_mixin.py:190} INFO - [2026-07-17T17:29:24.761+0000] {dagbag.py:587} INFO - Filling up the DagBag from /opt/airflow/dags/sanity_checks.py
[2026-07-17T17:29:24.782+0000] {processor.py:925} INFO - DAG(s) 'airflow_sanity_check' retrieved from /opt/airflow/dags/sanity_checks.py
[2026-07-17T17:29:24.829+0000] {logging_mixin.py:190} INFO - [2026-07-17T17:29:24.828+0000] {dag.py:3211} INFO - Sync 1 DAGs
[2026-07-17T17:29:24.852+0000] {logging_mixin.py:190} INFO - [2026-07-17T17:29:24.852+0000] {dag.py:4138} INFO - Setting next_dagrun for airflow_sanity_check to None, run_after=None
[2026-07-17T17:29:24.886+0000] {processor.py:208} INFO - Processing /opt/airflow/dags/sanity_checks.py took 0.139 seconds
[2026-07-17T17:29:55.271+0000] {processor.py:186} INFO - Started process (PID=24384) to work on /opt/airflow/dags/sanity_checks.py
[2026-07-17T17:29:55.273+0000] {processor.py:914} INFO - Processing file /opt/airflow/dags/sanity_checks.py for tasks to queue
[2026-07-17T17:29:55.277+0000] {logging_mixin.py:190} INFO - [2026-07-17T17:29:55.276+0000] {dagbag.py:587} INFO - Filling up the DagBag from /opt/airflow/dags/sanity_checks.py
[2026-07-17T17:29:55.294+0000] {processor.py:925} INFO - DAG(s) 'airflow_sanity_check' retrieved from /opt/airflow/dags/sanity_checks.py
[2026-07-17T17:29:55.338+0000] {logging_mixin.py:190} INFO - [2026-07-17T17:29:55.338+0000] {dag.py:3211} INFO - Sync 1 DAGs
[2026-07-17T17:29:55.361+0000] {logging_mixin.py:190} INFO - [2026-07-17T17:29:55.361+0000] {dag.py:4138} INFO - Setting next_dagrun for airflow_sanity_check to None, run_after=None
[2026-07-17T17:29:55.392+0000] {processor.py:208} INFO - Processing /opt/airflow/dags/sanity_checks.py took 0.131 seconds
[2026-07-17T17:30:25.750+0000] {processor.py:186} INFO - Started process (PID=24394) to work on /opt/airflow/dags/sanity_checks.py
[2026-07-17T17:30:25.752+0000] {processor.py:914} INFO - Processing file /opt/airflow/dags/sanity_checks.py for tasks to queue
[2026-07-17T17:30:25.756+0000] {logging_mixin.py:190} INFO - [2026-07-17T17:30:25.756+0000] {dagbag.py:587} INFO - Filling up the DagBag from /opt/airflow/dags/sanity_checks.py
[2026-07-17T17:30:25.772+0000] {processor.py:925} INFO - DAG(s) 'airflow_sanity_check' retrieved from /opt/airflow/dags/sanity_checks.py
[2026-07-17T17:30:25.816+0000] {logging_mixin.py:190} INFO - [2026-07-17T17:30:25.815+0000] {dag.py:3211} INFO - Sync 1 DAGs
[2026-07-17T17:30:25.839+0000] {logging_mixin.py:190} INFO - [2026-07-17T17:30:25.839+0000] {dag.py:4138} INFO - Setting next_dagrun for airflow_sanity_check to None, run_after=None
[2026-07-17T17:30:25.867+0000] {processor.py:208} INFO - Processing /opt/airflow/dags/sanity_checks.py took 0.125 seconds
[2026-07-17T17:30:56.312+0000] {processor.py:186} INFO - Started process (PID=24404) to work on /opt/airflow/dags/sanity_checks.py
[2026-07-17T17:30:56.314+0000] {processor.py:914} INFO - Processing file /opt/airflow/dags/sanity_checks.py for tasks to queue
[2026-07-17T17:30:56.317+0000] {logging_mixin.py:190} INFO - [2026-07-17T17:30:56.317+0000] {dagbag.py:587} INFO - Filling up the DagBag from /opt/airflow/dags/sanity_checks.py
[2026-07-17T17:30:56.335+0000] {processor.py:925} INFO - DAG(s) 'airflow_sanity_check' retrieved from /opt/airflow/dags/sanity_checks.py
[2026-07-17T17:30:56.380+0000] {logging_mixin.py:190} INFO - [2026-07-17T17:30:56.379+0000] {dag.py:3211} INFO - Sync 1 DAGs
[2026-07-17T17:30:56.403+0000] {logging_mixin.py:190} INFO - [2026-07-17T17:30:56.403+0000] {dag.py:4138} INFO - Setting next_dagrun for airflow_sanity_check to None, run_after=None
[2026-07-17T17:30:56.433+0000] {processor.py:208} INFO - Processing /opt/airflow/dags/sanity_checks.py took 0.131 seconds
[2026-07-17T17:31:26.792+0000] {processor.py:186} INFO - Started process (PID=24414) to work on /opt/airflow/dags/sanity_checks.py
[2026-07-17T17:31:26.794+0000] {processor.py:914} INFO - Processing file /opt/airflow/dags/sanity_checks.py for tasks to queue
[2026-07-17T17:31:26.798+0000] {logging_mixin.py:190} INFO - [2026-07-17T17:31:26.798+0000] {dagbag.py:587} INFO - Filling up the DagBag from /opt/airflow/dags/sanity_checks.py
[2026-07-17T17:31:26.814+0000] {processor.py:925} INFO - DAG(s) 'airflow_sanity_check' retrieved from /opt/airflow/dags/sanity_checks.py
[2026-07-17T17:31:26.859+0000] {logging_mixin.py:190} INFO - [2026-07-17T17:31:26.859+0000] {dag.py:3211} INFO - Sync 1 DAGs
[2026-07-17T17:31:26.885+0000] {logging_mixin.py:190} INFO - [2026-07-17T17:31:26.885+0000] {dag.py:4138} INFO - Setting next_dagrun for airflow_sanity_check to None, run_after=None
[2026-07-17T17:31:26.922+0000] {processor.py:208} INFO - Processing /opt/airflow/dags/sanity_checks.py took 0.140 seconds
[2026-07-17T17:31:57.284+0000] {processor.py:186} INFO - Started process (PID=24424) to work on /opt/airflow/dags/sanity_checks.py
[2026-07-17T17:31:57.286+0000] {processor.py:914} INFO - Processing file /opt/airflow/dags/sanity_checks.py for tasks to queue
[2026-07-17T17:31:57.290+0000] {logging_mixin.py:190} INFO - [2026-07-17T17:31:57.289+0000] {dagbag.py:587} INFO - Filling up the DagBag from /opt/airflow/dags/sanity_checks.py
[2026-07-17T17:31:57.307+0000] {processor.py:925} INFO - DAG(s) 'airflow_sanity_check' retrieved from /opt/airflow/dags/sanity_checks.py
[2026-07-17T17:31:57.352+0000] {logging_mixin.py:190} INFO - [2026-07-17T17:31:57.352+0000] {dag.py:3211} INFO - Sync 1 DAGs
[2026-07-17T17:31:57.375+0000] {logging_mixin.py:190} INFO - [2026-07-17T17:31:57.375+0000] {dag.py:4138} INFO - Setting next_dagrun for airflow_sanity_check to None, run_after=None
[2026-07-17T17:31:57.404+0000] {processor.py:208} INFO - Processing /opt/airflow/dags/sanity_checks.py took 0.130 seconds
[2026-07-17T17:32:27.761+0000] {processor.py:186} INFO - Started process (PID=24434) to work on /opt/airflow/dags/sanity_checks.py
[2026-07-17T17:32:27.762+0000] {processor.py:914} INFO - Processing file /opt/airflow/dags/sanity_checks.py for tasks to queue
[2026-07-17T17:32:27.766+0000] {logging_mixin.py:190} INFO - [2026-07-17T17:32:27.765+0000] {dagbag.py:587} INFO - Filling up the DagBag from /opt/airflow/dags/sanity_checks.py
[2026-07-17T17:32:27.781+0000] {processor.py:925} INFO - DAG(s) 'airflow_sanity_check' retrieved from /opt/airflow/dags/sanity_checks.py
[2026-07-17T17:32:27.826+0000] {logging_mixin.py:190} INFO - [2026-07-17T17:32:27.826+0000] {dag.py:3211} INFO - Sync 1 DAGs
[2026-07-17T17:32:27.849+0000] {logging_mixin.py:190} INFO - [2026-07-17T17:32:27.849+0000] {dag.py:4138} INFO - Setting next_dagrun for airflow_sanity_check to None, run_after=None
[2026-07-17T17:32:27.878+0000] {processor.py:208} INFO - Processing /opt/airflow/dags/sanity_checks.py took 0.128 seconds
[2026-07-17T17:32:58.225+0000] {processor.py:186} INFO - Started process (PID=24444) to work on /opt/airflow/dags/sanity_checks.py
[2026-07-17T17:32:58.227+0000] {processor.py:914} INFO - Processing file /opt/airflow/dags/sanity_checks.py for tasks to queue
[2026-07-17T17:32:58.233+0000] {logging_mixin.py:190} INFO - [2026-07-17T17:32:58.232+0000] {dagbag.py:587} INFO - Filling up the DagBag from /opt/airflow/dags/sanity_checks.py
[2026-07-17T17:32:58.258+0000] {processor.py:925} INFO - DAG(s) 'airflow_sanity_check' retrieved from /opt/airflow/dags/sanity_checks.py
[2026-07-17T17:32:58.331+0000] {logging_mixin.py:190} INFO - [2026-07-17T17:32:58.330+0000] {dag.py:3211} INFO - Sync 1 DAGs
[2026-07-17T17:32:58.383+0000] {logging_mixin.py:190} INFO - [2026-07-17T17:32:58.383+0000] {dag.py:4138} INFO - Setting next_dagrun for airflow_sanity_check to None, run_after=None
[2026-07-17T17:32:58.448+0000] {processor.py:208} INFO - Processing /opt/airflow/dags/sanity_checks.py took 0.238 seconds
[2026-07-17T17:33:28.837+0000] {processor.py:186} INFO - Started process (PID=24454) to work on /opt/airflow/dags/sanity_checks.py
[2026-07-17T17:33:28.839+0000] {processor.py:914} INFO - Processing file /opt/airflow/dags/sanity_checks.py for tasks to queue
[2026-07-17T17:33:28.845+0000] {logging_mixin.py:190} INFO - [2026-07-17T17:33:28.844+0000] {dagbag.py:587} INFO - Filling up the DagBag from /opt/airflow/dags/sanity_checks.py
[2026-07-17T17:33:28.861+0000] {processor.py:925} INFO - DAG(s) 'airflow_sanity_check' retrieved from /opt/airflow/dags/sanity_checks.py
[2026-07-17T17:33:28.918+0000] {logging_mixin.py:190} INFO - [2026-07-17T17:33:28.918+0000] {dag.py:3211} INFO - Sync 1 DAGs
[2026-07-17T17:33:28.942+0000] {logging_mixin.py:190} INFO - [2026-07-17T17:33:28.942+0000] {dag.py:4138} INFO - Setting next_dagrun for airflow_sanity_check to None, run_after=None
[2026-07-17T17:33:28.973+0000] {processor.py:208} INFO - Processing /opt/airflow/dags/sanity_checks.py took 0.146 seconds
[2026-07-17T17:33:59.367+0000] {processor.py:186} INFO - Started process (PID=24464) to work on /opt/airflow/dags/sanity_checks.py
[2026-07-17T17:33:59.368+0000] {processor.py:914} INFO - Processing file /opt/airflow/dags/sanity_checks.py for tasks to queue
[2026-07-17T17:33:59.373+0000] {logging_mixin.py:190} INFO - [2026-07-17T17:33:59.372+0000] {dagbag.py:587} INFO - Filling up the DagBag from /opt/airflow/dags/sanity_checks.py
[2026-07-17T17:33:59.388+0000] {processor.py:925} INFO - DAG(s) 'airflow_sanity_check' retrieved from /opt/airflow/dags/sanity_checks.py
[2026-07-17T17:33:59.431+0000] {logging_mixin.py:190} INFO - [2026-07-17T17:33:59.430+0000] {dag.py:3211} INFO - Sync 1 DAGs
[2026-07-17T17:33:59.453+0000] {logging_mixin.py:190} INFO - [2026-07-17T17:33:59.453+0000] {dag.py:4138} INFO - Setting next_dagrun for airflow_sanity_check to None, run_after=None
[2026-07-17T17:33:59.492+0000] {processor.py:208} INFO - Processing /opt/airflow/dags/sanity_checks.py took 0.134 seconds
[2026-07-17T17:34:29.820+0000] {processor.py:186} INFO - Started process (PID=24474) to work on /opt/airflow/dags/sanity_checks.py
[2026-07-17T17:34:29.822+0000] {processor.py:914} INFO - Processing file /opt/airflow/dags/sanity_checks.py for tasks to queue
[2026-07-17T17:34:29.827+0000] {logging_mixin.py:190} INFO - [2026-07-17T17:34:29.826+0000] {dagbag.py:587} INFO - Filling up the DagBag from /opt/airflow/dags/sanity_checks.py
[2026-07-17T17:34:29.843+0000] {processor.py:925} INFO - DAG(s) 'airflow_sanity_check' retrieved from /opt/airflow/dags/sanity_checks.py
[2026-07-17T17:34:29.886+0000] {logging_mixin.py:190} INFO - [2026-07-17T17:34:29.886+0000] {dag.py:3211} INFO - Sync 1 DAGs
[2026-07-17T17:34:29.909+0000] {logging_mixin.py:190} INFO - [2026-07-17T17:34:29.908+0000] {dag.py:4138} INFO - Setting next_dagrun for airflow_sanity_check to None, run_after=None
[2026-07-17T17:34:29.938+0000] {processor.py:208} INFO - Processing /opt/airflow/dags/sanity_checks.py took 0.128 seconds
[2026-07-17T17:35:00.268+0000] {processor.py:186} INFO - Started process (PID=24484) to work on /opt/airflow/dags/sanity_checks.py
[2026-07-17T17:35:00.269+0000] {processor.py:914} INFO - Processing file /opt/airflow/dags/sanity_checks.py for tasks to queue
[2026-07-17T17:35:00.273+0000] {logging_mixin.py:190} INFO - [2026-07-17T17:35:00.272+0000] {dagbag.py:587} INFO - Filling up the DagBag from /opt/airflow/dags/sanity_checks.py
[2026-07-17T17:35:00.288+0000] {processor.py:925} INFO - DAG(s) 'airflow_sanity_check' retrieved from /opt/airflow/dags/sanity_checks.py
[2026-07-17T17:35:00.334+0000] {logging_mixin.py:190} INFO - [2026-07-17T17:35:00.334+0000] {dag.py:3211} INFO - Sync 1 DAGs
[2026-07-17T17:35:00.356+0000] {logging_mixin.py:190} INFO - [2026-07-17T17:35:00.355+0000] {dag.py:4138} INFO - Setting next_dagrun for airflow_sanity_check to None, run_after=None
[2026-07-17T17:35:00.384+0000] {processor.py:208} INFO - Processing /opt/airflow/dags/sanity_checks.py took 0.126 seconds
[2026-07-17T17:35:30.722+0000] {processor.py:186} INFO - Started process (PID=24494) to work on /opt/airflow/dags/sanity_checks.py
[2026-07-17T17:35:30.724+0000] {processor.py:914} INFO - Processing file /opt/airflow/dags/sanity_checks.py for tasks to queue
[2026-07-17T17:35:30.728+0000] {logging_mixin.py:190} INFO - [2026-07-17T17:35:30.728+0000] {dagbag.py:587} INFO - Filling up the DagBag from /opt/airflow/dags/sanity_checks.py
[2026-07-17T17:35:30.745+0000] {processor.py:925} INFO - DAG(s) 'airflow_sanity_check' retrieved from /opt/airflow/dags/sanity_checks.py
[2026-07-17T17:35:30.790+0000] {logging_mixin.py:190} INFO - [2026-07-17T17:35:30.790+0000] {dag.py:3211} INFO - Sync 1 DAGs
[2026-07-17T17:35:30.814+0000] {logging_mixin.py:190} INFO - [2026-07-17T17:35:30.814+0000] {dag.py:4138} INFO - Setting next_dagrun for airflow_sanity_check to None, run_after=None
[2026-07-17T17:35:30.843+0000] {processor.py:208} INFO - Processing /opt/airflow/dags/sanity_checks.py took 0.131 seconds
[2026-07-17T17:36:01.169+0000] {processor.py:186} INFO - Started process (PID=24504) to work on /opt/airflow/dags/sanity_checks.py
[2026-07-17T17:36:01.171+0000] {processor.py:914} INFO - Processing file /opt/airflow/dags/sanity_checks.py for tasks to queue
[2026-07-17T17:36:01.175+0000] {logging_mixin.py:190} INFO - [2026-07-17T17:36:01.174+0000] {dagbag.py:587} INFO - Filling up the DagBag from /opt/airflow/dags/sanity_checks.py
[2026-07-17T17:36:01.192+0000] {processor.py:925} INFO - DAG(s) 'airflow_sanity_check' retrieved from /opt/airflow/dags/sanity_checks.py
[2026-07-17T17:36:01.238+0000] {logging_mixin.py:190} INFO - [2026-07-17T17:36:01.238+0000] {dag.py:3211} INFO - Sync 1 DAGs
[2026-07-17T17:36:01.261+0000] {logging_mixin.py:190} INFO - [2026-07-17T17:36:01.260+0000] {dag.py:4138} INFO - Setting next_dagrun for airflow_sanity_check to None, run_after=None
[2026-07-17T17:36:01.292+0000] {processor.py:208} INFO - Processing /opt/airflow/dags/sanity_checks.py took 0.132 seconds
[2026-07-17T17:36:31.749+0000] {processor.py:186} INFO - Started process (PID=24514) to work on /opt/airflow/dags/sanity_checks.py
[2026-07-17T17:36:31.750+0000] {processor.py:914} INFO - Processing file /opt/airflow/dags/sanity_checks.py for tasks to queue
[2026-07-17T17:36:31.755+0000] {logging_mixin.py:190} INFO - [2026-07-17T17:36:31.755+0000] {dagbag.py:587} INFO - Filling up the DagBag from /opt/airflow/dags/sanity_checks.py
[2026-07-17T17:36:31.774+0000] {processor.py:925} INFO - DAG(s) 'airflow_sanity_check' retrieved from /opt/airflow/dags/sanity_checks.py
[2026-07-17T17:36:31.830+0000] {logging_mixin.py:190} INFO - [2026-07-17T17:36:31.829+0000] {dag.py:3211} INFO - Sync 1 DAGs
[2026-07-17T17:36:31.859+0000] {logging_mixin.py:190} INFO - [2026-07-17T17:36:31.858+0000] {dag.py:4138} INFO - Setting next_dagrun for airflow_sanity_check to None, run_after=None
[2026-07-17T17:36:31.894+0000] {processor.py:208} INFO - Processing /opt/airflow/dags/sanity_checks.py took 0.157 seconds
[2026-07-17T17:37:02.231+0000] {processor.py:186} INFO - Started process (PID=24524) to work on /opt/airflow/dags/sanity_checks.py
[2026-07-17T17:37:02.232+0000] {processor.py:914} INFO - Processing file /opt/airflow/dags/sanity_checks.py for tasks to queue
[2026-07-17T17:37:02.237+0000] {logging_mixin.py:190} INFO - [2026-07-17T17:37:02.236+0000] {dagbag.py:587} INFO - Filling up the DagBag from /opt/airflow/dags/sanity_checks.py
[2026-07-17T17:37:02.253+0000] {processor.py:925} INFO - DAG(s) 'airflow_sanity_check' retrieved from /opt/airflow/dags/sanity_checks.py
[2026-07-17T17:37:02.297+0000] {logging_mixin.py:190} INFO - [2026-07-17T17:37:02.297+0000] {dag.py:3211} INFO - Sync 1 DAGs
[2026-07-17T17:37:02.320+0000] {logging_mixin.py:190} INFO - [2026-07-17T17:37:02.320+0000] {dag.py:4138} INFO - Setting next_dagrun for airflow_sanity_check to None, run_after=None
[2026-07-17T17:37:02.350+0000] {processor.py:208} INFO - Processing /opt/airflow/dags/sanity_checks.py took 0.128 seconds
[2026-07-17T17:37:32.709+0000] {processor.py:186} INFO - Started process (PID=24534) to work on /opt/airflow/dags/sanity_checks.py
[2026-07-17T17:37:32.711+0000] {processor.py:914} INFO - Processing file /opt/airflow/dags/sanity_checks.py for tasks to queue
[2026-07-17T17:37:32.714+0000] {logging_mixin.py:190} INFO - [2026-07-17T17:37:32.714+0000] {dagbag.py:587} INFO - Filling up the DagBag from /opt/airflow/dags/sanity_checks.py
[2026-07-17T17:37:32.730+0000] {processor.py:925} INFO - DAG(s) 'airflow_sanity_check' retrieved from /opt/airflow/dags/sanity_checks.py
[2026-07-17T17:37:32.774+0000] {logging_mixin.py:190} INFO - [2026-07-17T17:37:32.773+0000] {dag.py:3211} INFO - Sync 1 DAGs
[2026-07-17T17:37:32.796+0000] {logging_mixin.py:190} INFO - [2026-07-17T17:37:32.796+0000] {dag.py:4138} INFO - Setting next_dagrun for airflow_sanity_check to None, run_after=None
[2026-07-17T17:37:32.826+0000] {processor.py:208} INFO - Processing /opt/airflow/dags/sanity_checks.py took 0.125 seconds
[2026-07-17T17:38:03.174+0000] {processor.py:186} INFO - Started process (PID=24544) to work on /opt/airflow/dags/sanity_checks.py
[2026-07-17T17:38:03.175+0000] {processor.py:914} INFO - Processing file /opt/airflow/dags/sanity_checks.py for tasks to queue
[2026-07-17T17:38:03.179+0000] {logging_mixin.py:190} INFO - [2026-07-17T17:38:03.178+0000] {dagbag.py:587} INFO - Filling up the DagBag from /opt/airflow/dags/sanity_checks.py
[2026-07-17T17:38:03.194+0000] {processor.py:925} INFO - DAG(s) 'airflow_sanity_check' retrieved from /opt/airflow/dags/sanity_checks.py
[2026-07-17T17:38:03.238+0000] {logging_mixin.py:190} INFO - [2026-07-17T17:38:03.238+0000] {dag.py:3211} INFO - Sync 1 DAGs
[2026-07-17T17:38:03.259+0000] {logging_mixin.py:190} INFO - [2026-07-17T17:38:03.259+0000] {dag.py:4138} INFO - Setting next_dagrun for airflow_sanity_check to None, run_after=None
[2026-07-17T17:38:03.288+0000] {processor.py:208} INFO - Processing /opt/airflow/dags/sanity_checks.py took 0.123 seconds
[2026-07-17T17:38:33.656+0000] {processor.py:186} INFO - Started process (PID=24554) to work on /opt/airflow/dags/sanity_checks.py
[2026-07-17T17:38:33.658+0000] {processor.py:914} INFO - Processing file /opt/airflow/dags/sanity_checks.py for tasks to queue
[2026-07-17T17:38:33.661+0000] {logging_mixin.py:190} INFO - [2026-07-17T17:38:33.661+0000] {dagbag.py:587} INFO - Filling up the DagBag from /opt/airflow/dags/sanity_checks.py
[2026-07-17T17:38:33.677+0000] {processor.py:925} INFO - DAG(s) 'airflow_sanity_check' retrieved from /opt/airflow/dags/sanity_checks.py
[2026-07-17T17:38:33.718+0000] {logging_mixin.py:190} INFO - [2026-07-17T17:38:33.717+0000] {dag.py:3211} INFO - Sync 1 DAGs
[2026-07-17T17:38:33.738+0000] {logging_mixin.py:190} INFO - [2026-07-17T17:38:33.738+0000] {dag.py:4138} INFO - Setting next_dagrun for airflow_sanity_check to None, run_after=None
[2026-07-17T17:38:33.762+0000] {processor.py:208} INFO - Processing /opt/airflow/dags/sanity_checks.py took 0.115 seconds
[2026-07-17T17:39:04.071+0000] {processor.py:186} INFO - Started process (PID=24564) to work on /opt/airflow/dags/sanity_checks.py
[2026-07-17T17:39:04.072+0000] {processor.py:914} INFO - Processing file /opt/airflow/dags/sanity_checks.py for tasks to queue
[2026-07-17T17:39:04.076+0000] {logging_mixin.py:190} INFO - [2026-07-17T17:39:04.075+0000] {dagbag.py:587} INFO - Filling up the DagBag from /opt/airflow/dags/sanity_checks.py
[2026-07-17T17:39:04.092+0000] {processor.py:925} INFO - DAG(s) 'airflow_sanity_check' retrieved from /opt/airflow/dags/sanity_checks.py
[2026-07-17T17:39:04.131+0000] {logging_mixin.py:190} INFO - [2026-07-17T17:39:04.131+0000] {dag.py:3211} INFO - Sync 1 DAGs
[2026-07-17T17:39:04.151+0000] {logging_mixin.py:190} INFO - [2026-07-17T17:39:04.151+0000] {dag.py:4138} INFO - Setting next_dagrun for airflow_sanity_check to None, run_after=None
[2026-07-17T17:39:04.180+0000] {processor.py:208} INFO - Processing /opt/airflow/dags/sanity_checks.py took 0.118 seconds
[2026-07-17T17:39:34.511+0000] {processor.py:186} INFO - Started process (PID=24574) to work on /opt/airflow/dags/sanity_checks.py
[2026-07-17T17:39:34.513+0000] {processor.py:914} INFO - Processing file /opt/airflow/dags/sanity_checks.py for tasks to queue
[2026-07-17T17:39:34.517+0000] {logging_mixin.py:190} INFO - [2026-07-17T17:39:34.516+0000] {dagbag.py:587} INFO - Filling up the DagBag from /opt/airflow/dags/sanity_checks.py
[2026-07-17T17:39:34.531+0000] {processor.py:925} INFO - DAG(s) 'airflow_sanity_check' retrieved from /opt/airflow/dags/sanity_checks.py
[2026-07-17T17:39:34.571+0000] {logging_mixin.py:190} INFO - [2026-07-17T17:39:34.570+0000] {dag.py:3211} INFO - Sync 1 DAGs
[2026-07-17T17:39:34.592+0000] {logging_mixin.py:190} INFO - [2026-07-17T17:39:34.592+0000] {dag.py:4138} INFO - Setting next_dagrun for airflow_sanity_check to None, run_after=None
[2026-07-17T17:39:34.619+0000] {processor.py:208} INFO - Processing /opt/airflow/dags/sanity_checks.py took 0.117 seconds
[2026-07-17T17:40:04.958+0000] {processor.py:186} INFO - Started process (PID=24584) to work on /opt/airflow/dags/sanity_checks.py
[2026-07-17T17:40:04.960+0000] {processor.py:914} INFO - Processing file /opt/airflow/dags/sanity_checks.py for tasks to queue
[2026-07-17T17:40:04.964+0000] {logging_mixin.py:190} INFO - [2026-07-17T17:40:04.963+0000] {dagbag.py:587} INFO - Filling up the DagBag from /opt/airflow/dags/sanity_checks.py
[2026-07-17T17:40:04.978+0000] {processor.py:925} INFO - DAG(s) 'airflow_sanity_check' retrieved from /opt/airflow/dags/sanity_checks.py
[2026-07-17T17:40:05.020+0000] {logging_mixin.py:190} INFO - [2026-07-17T17:40:05.020+0000] {dag.py:3211} INFO - Sync 1 DAGs
[2026-07-17T17:40:05.041+0000] {logging_mixin.py:190} INFO - [2026-07-17T17:40:05.041+0000] {dag.py:4138} INFO - Setting next_dagrun for airflow_sanity_check to None, run_after=None
[2026-07-17T17:40:05.068+0000] {processor.py:208} INFO - Processing /opt/airflow/dags/sanity_checks.py took 0.118 seconds
[2026-07-17T17:40:35.393+0000] {processor.py:186} INFO - Started process (PID=24594) to work on /opt/airflow/dags/sanity_checks.py
[2026-07-17T17:40:35.394+0000] {processor.py:914} INFO - Processing file /opt/airflow/dags/sanity_checks.py for tasks to queue
[2026-07-17T17:40:35.398+0000] {logging_mixin.py:190} INFO - [2026-07-17T17:40:35.397+0000] {dagbag.py:587} INFO - Filling up the DagBag from /opt/airflow/dags/sanity_checks.py
[2026-07-17T17:40:35.413+0000] {processor.py:925} INFO - DAG(s) 'airflow_sanity_check' retrieved from /opt/airflow/dags/sanity_checks.py
[2026-07-17T17:40:35.452+0000] {logging_mixin.py:190} INFO - [2026-07-17T17:40:35.451+0000] {dag.py:3211} INFO - Sync 1 DAGs
[2026-07-17T17:40:35.472+0000] {logging_mixin.py:190} INFO - [2026-07-17T17:40:35.472+0000] {dag.py:4138} INFO - Setting next_dagrun for airflow_sanity_check to None, run_after=None
[2026-07-17T17:40:35.499+0000] {processor.py:208} INFO - Processing /opt/airflow/dags/sanity_checks.py took 0.115 seconds
[2026-07-17T17:41:05.824+0000] {processor.py:186} INFO - Started process (PID=24604) to work on /opt/airflow/dags/sanity_checks.py
[2026-07-17T17:41:05.825+0000] {processor.py:914} INFO - Processing file /opt/airflow/dags/sanity_checks.py for tasks to queue
[2026-07-17T17:41:05.828+0000] {logging_mixin.py:190} INFO - [2026-07-17T17:41:05.828+0000] {dagbag.py:587} INFO - Filling up the DagBag from /opt/airflow/dags/sanity_checks.py
[2026-07-17T17:41:05.844+0000] {processor.py:925} INFO - DAG(s) 'airflow_sanity_check' retrieved from /opt/airflow/dags/sanity_checks.py
[2026-07-17T17:41:05.886+0000] {logging_mixin.py:190} INFO - [2026-07-17T17:41:05.886+0000] {dag.py:3211} INFO - Sync 1 DAGs
[2026-07-17T17:41:05.908+0000] {logging_mixin.py:190} INFO - [2026-07-17T17:41:05.907+0000] {dag.py:4138} INFO - Setting next_dagrun for airflow_sanity_check to None, run_after=None
[2026-07-17T17:41:05.935+0000] {processor.py:208} INFO - Processing /opt/airflow/dags/sanity_checks.py took 0.121 seconds
[2026-07-17T17:41:36.358+0000] {processor.py:186} INFO - Started process (PID=24614) to work on /opt/airflow/dags/sanity_checks.py
[2026-07-17T17:41:36.360+0000] {processor.py:914} INFO - Processing file /opt/airflow/dags/sanity_checks.py for tasks to queue
[2026-07-17T17:41:36.364+0000] {logging_mixin.py:190} INFO - [2026-07-17T17:41:36.364+0000] {dagbag.py:587} INFO - Filling up the DagBag from /opt/airflow/dags/sanity_checks.py
[2026-07-17T17:41:36.383+0000] {processor.py:925} INFO - DAG(s) 'airflow_sanity_check' retrieved from /opt/airflow/dags/sanity_checks.py
[2026-07-17T17:41:36.431+0000] {logging_mixin.py:190} INFO - [2026-07-17T17:41:36.431+0000] {dag.py:3211} INFO - Sync 1 DAGs
[2026-07-17T17:41:36.455+0000] {logging_mixin.py:190} INFO - [2026-07-17T17:41:36.455+0000] {dag.py:4138} INFO - Setting next_dagrun for airflow_sanity_check to None, run_after=None
[2026-07-17T17:41:36.483+0000] {processor.py:208} INFO - Processing /opt/airflow/dags/sanity_checks.py took 0.135 seconds
[2026-07-17T17:42:06.934+0000] {processor.py:186} INFO - Started process (PID=24624) to work on /opt/airflow/dags/sanity_checks.py
[2026-07-17T17:42:06.936+0000] {processor.py:914} INFO - Processing file /opt/airflow/dags/sanity_checks.py for tasks to queue
[2026-07-17T17:42:06.942+0000] {logging_mixin.py:190} INFO - [2026-07-17T17:42:06.942+0000] {dagbag.py:587} INFO - Filling up the DagBag from /opt/airflow/dags/sanity_checks.py
[2026-07-17T17:42:06.959+0000] {processor.py:925} INFO - DAG(s) 'airflow_sanity_check' retrieved from /opt/airflow/dags/sanity_checks.py
[2026-07-17T17:42:07.012+0000] {logging_mixin.py:190} INFO - [2026-07-17T17:42:07.012+0000] {dag.py:3211} INFO - Sync 1 DAGs
[2026-07-17T17:42:07.118+0000] {logging_mixin.py:190} INFO - [2026-07-17T17:42:07.118+0000] {dag.py:4138} INFO - Setting next_dagrun for airflow_sanity_check to None, run_after=None
[2026-07-17T17:42:07.229+0000] {processor.py:208} INFO - Processing /opt/airflow/dags/sanity_checks.py took 0.304 seconds
[2026-07-17T17:42:37.749+0000] {processor.py:186} INFO - Started process (PID=24634) to work on /opt/airflow/dags/sanity_checks.py
[2026-07-17T17:42:37.751+0000] {processor.py:914} INFO - Processing file /opt/airflow/dags/sanity_checks.py for tasks to queue
[2026-07-17T17:42:37.757+0000] {logging_mixin.py:190} INFO - [2026-07-17T17:42:37.756+0000] {dagbag.py:587} INFO - Filling up the DagBag from /opt/airflow/dags/sanity_checks.py
[2026-07-17T17:42:37.778+0000] {processor.py:925} INFO - DAG(s) 'airflow_sanity_check' retrieved from /opt/airflow/dags/sanity_checks.py
[2026-07-17T17:42:37.827+0000] {logging_mixin.py:190} INFO - [2026-07-17T17:42:37.827+0000] {dag.py:3211} INFO - Sync 1 DAGs
[2026-07-17T17:42:37.851+0000] {logging_mixin.py:190} INFO - [2026-07-17T17:42:37.851+0000] {dag.py:4138} INFO - Setting next_dagrun for airflow_sanity_check to None, run_after=None
[2026-07-17T17:42:37.891+0000] {processor.py:208} INFO - Processing /opt/airflow/dags/sanity_checks.py took 0.152 seconds
[2026-07-17T17:43:08.320+0000] {processor.py:186} INFO - Started process (PID=24644) to work on /opt/airflow/dags/sanity_checks.py
[2026-07-17T17:43:08.321+0000] {processor.py:914} INFO - Processing file /opt/airflow/dags/sanity_checks.py for tasks to queue
[2026-07-17T17:43:08.327+0000] {logging_mixin.py:190} INFO - [2026-07-17T17:43:08.326+0000] {dagbag.py:587} INFO - Filling up the DagBag from /opt/airflow/dags/sanity_checks.py
[2026-07-17T17:43:08.349+0000] {processor.py:925} INFO - DAG(s) 'airflow_sanity_check' retrieved from /opt/airflow/dags/sanity_checks.py
[2026-07-17T17:43:08.403+0000] {logging_mixin.py:190} INFO - [2026-07-17T17:43:08.403+0000] {dag.py:3211} INFO - Sync 1 DAGs
[2026-07-17T17:43:08.435+0000] {logging_mixin.py:190} INFO - [2026-07-17T17:43:08.435+0000] {dag.py:4138} INFO - Setting next_dagrun for airflow_sanity_check to None, run_after=None
[2026-07-17T17:43:08.468+0000] {processor.py:208} INFO - Processing /opt/airflow/dags/sanity_checks.py took 0.163 seconds
[2026-07-17T17:43:38.925+0000] {processor.py:186} INFO - Started process (PID=24654) to work on /opt/airflow/dags/sanity_checks.py
[2026-07-17T17:43:38.927+0000] {processor.py:914} INFO - Processing file /opt/airflow/dags/sanity_checks.py for tasks to queue
[2026-07-17T17:43:38.931+0000] {logging_mixin.py:190} INFO - [2026-07-17T17:43:38.930+0000] {dagbag.py:587} INFO - Filling up the DagBag from /opt/airflow/dags/sanity_checks.py
[2026-07-17T17:43:38.949+0000] {processor.py:925} INFO - DAG(s) 'airflow_sanity_check' retrieved from /opt/airflow/dags/sanity_checks.py
[2026-07-17T17:43:38.999+0000] {logging_mixin.py:190} INFO - [2026-07-17T17:43:38.999+0000] {dag.py:3211} INFO - Sync 1 DAGs
[2026-07-17T17:43:39.024+0000] {logging_mixin.py:190} INFO - [2026-07-17T17:43:39.024+0000] {dag.py:4138} INFO - Setting next_dagrun for airflow_sanity_check to None, run_after=None
[2026-07-17T17:43:39.054+0000] {processor.py:208} INFO - Processing /opt/airflow/dags/sanity_checks.py took 0.143 seconds
[2026-07-17T17:44:09.397+0000] {processor.py:186} INFO - Started process (PID=24664) to work on /opt/airflow/dags/sanity_checks.py
[2026-07-17T17:44:09.398+0000] {processor.py:914} INFO - Processing file /opt/airflow/dags/sanity_checks.py for tasks to queue
[2026-07-17T17:44:09.403+0000] {logging_mixin.py:190} INFO - [2026-07-17T17:44:09.402+0000] {dagbag.py:587} INFO - Filling up the DagBag from /opt/airflow/dags/sanity_checks.py
[2026-07-17T17:44:09.421+0000] {processor.py:925} INFO - DAG(s) 'airflow_sanity_check' retrieved from /opt/airflow/dags/sanity_checks.py
[2026-07-17T17:44:09.465+0000] {logging_mixin.py:190} INFO - [2026-07-17T17:44:09.465+0000] {dag.py:3211} INFO - Sync 1 DAGs
[2026-07-17T17:44:09.490+0000] {logging_mixin.py:190} INFO - [2026-07-17T17:44:09.489+0000] {dag.py:4138} INFO - Setting next_dagrun for airflow_sanity_check to None, run_after=None
[2026-07-17T17:44:09.519+0000] {processor.py:208} INFO - Processing /opt/airflow/dags/sanity_checks.py took 0.132 seconds
[2026-07-17T17:44:40.044+0000] {processor.py:186} INFO - Started process (PID=24674) to work on /opt/airflow/dags/sanity_checks.py
[2026-07-17T17:44:40.045+0000] {processor.py:914} INFO - Processing file /opt/airflow/dags/sanity_checks.py for tasks to queue
[2026-07-17T17:44:40.049+0000] {logging_mixin.py:190} INFO - [2026-07-17T17:44:40.048+0000] {dagbag.py:587} INFO - Filling up the DagBag from /opt/airflow/dags/sanity_checks.py
[2026-07-17T17:44:40.065+0000] {processor.py:925} INFO - DAG(s) 'airflow_sanity_check' retrieved from /opt/airflow/dags/sanity_checks.py
[2026-07-17T17:44:40.108+0000] {logging_mixin.py:190} INFO - [2026-07-17T17:44:40.108+0000] {dag.py:3211} INFO - Sync 1 DAGs
[2026-07-17T17:44:40.128+0000] {logging_mixin.py:190} INFO - [2026-07-17T17:44:40.128+0000] {dag.py:4138} INFO - Setting next_dagrun for airflow_sanity_check to None, run_after=None
[2026-07-17T17:44:40.155+0000] {processor.py:208} INFO - Processing /opt/airflow/dags/sanity_checks.py took 0.121 seconds
[2026-07-17T17:45:10.480+0000] {processor.py:186} INFO - Started process (PID=24684) to work on /opt/airflow/dags/sanity_checks.py
[2026-07-17T17:45:10.482+0000] {processor.py:914} INFO - Processing file /opt/airflow/dags/sanity_checks.py for tasks to queue
[2026-07-17T17:45:10.485+0000] {logging_mixin.py:190} INFO - [2026-07-17T17:45:10.484+0000] {dagbag.py:587} INFO - Filling up the DagBag from /opt/airflow/dags/sanity_checks.py
[2026-07-17T17:45:10.504+0000] {processor.py:925} INFO - DAG(s) 'airflow_sanity_check' retrieved from /opt/airflow/dags/sanity_checks.py
[2026-07-17T17:45:10.551+0000] {logging_mixin.py:190} INFO - [2026-07-17T17:45:10.551+0000] {dag.py:3211} INFO - Sync 1 DAGs
[2026-07-17T17:45:10.578+0000] {logging_mixin.py:190} INFO - [2026-07-17T17:45:10.577+0000] {dag.py:4138} INFO - Setting next_dagrun for airflow_sanity_check to None, run_after=None
[2026-07-17T17:45:10.606+0000] {processor.py:208} INFO - Processing /opt/airflow/dags/sanity_checks.py took 0.136 seconds
[2026-07-17T17:45:40.983+0000] {processor.py:186} INFO - Started process (PID=24694) to work on /opt/airflow/dags/sanity_checks.py
[2026-07-17T17:45:40.985+0000] {processor.py:914} INFO - Processing file /opt/airflow/dags/sanity_checks.py for tasks to queue
[2026-07-17T17:45:40.989+0000] {logging_mixin.py:190} INFO - [2026-07-17T17:45:40.989+0000] {dagbag.py:587} INFO - Filling up the DagBag from /opt/airflow/dags/sanity_checks.py
[2026-07-17T17:45:41.006+0000] {processor.py:925} INFO - DAG(s) 'airflow_sanity_check' retrieved from /opt/airflow/dags/sanity_checks.py
[2026-07-17T17:45:41.056+0000] {logging_mixin.py:190} INFO - [2026-07-17T17:45:41.056+0000] {dag.py:3211} INFO - Sync 1 DAGs
[2026-07-17T17:45:41.081+0000] {logging_mixin.py:190} INFO - [2026-07-17T17:45:41.081+0000] {dag.py:4138} INFO - Setting next_dagrun for airflow_sanity_check to None, run_after=None
[2026-07-17T17:45:41.111+0000] {processor.py:208} INFO - Processing /opt/airflow/dags/sanity_checks.py took 0.137 seconds
[2026-07-17T17:46:11.491+0000] {processor.py:186} INFO - Started process (PID=24704) to work on /opt/airflow/dags/sanity_checks.py
[2026-07-17T17:46:11.494+0000] {processor.py:914} INFO - Processing file /opt/airflow/dags/sanity_checks.py for tasks to queue
[2026-07-17T17:46:11.501+0000] {logging_mixin.py:190} INFO - [2026-07-17T17:46:11.500+0000] {dagbag.py:587} INFO - Filling up the DagBag from /opt/airflow/dags/sanity_checks.py
[2026-07-17T17:46:11.517+0000] {processor.py:925} INFO - DAG(s) 'airflow_sanity_check' retrieved from /opt/airflow/dags/sanity_checks.py
[2026-07-17T17:46:11.563+0000] {logging_mixin.py:190} INFO - [2026-07-17T17:46:11.563+0000] {dag.py:3211} INFO - Sync 1 DAGs
[2026-07-17T17:46:11.584+0000] {logging_mixin.py:190} INFO - [2026-07-17T17:46:11.583+0000] {dag.py:4138} INFO - Setting next_dagrun for airflow_sanity_check to None, run_after=None
[2026-07-17T17:46:11.610+0000] {processor.py:208} INFO - Processing /opt/airflow/dags/sanity_checks.py took 0.130 seconds
[2026-07-17T17:46:41.992+0000] {processor.py:186} INFO - Started process (PID=24714) to work on /opt/airflow/dags/sanity_checks.py
[2026-07-17T17:46:41.993+0000] {processor.py:914} INFO - Processing file /opt/airflow/dags/sanity_checks.py for tasks to queue
[2026-07-17T17:46:41.997+0000] {logging_mixin.py:190} INFO - [2026-07-17T17:46:41.997+0000] {dagbag.py:587} INFO - Filling up the DagBag from /opt/airflow/dags/sanity_checks.py
[2026-07-17T17:46:42.013+0000] {processor.py:925} INFO - DAG(s) 'airflow_sanity_check' retrieved from /opt/airflow/dags/sanity_checks.py
[2026-07-17T17:46:42.053+0000] {logging_mixin.py:190} INFO - [2026-07-17T17:46:42.053+0000] {dag.py:3211} INFO - Sync 1 DAGs
[2026-07-17T17:46:42.074+0000] {logging_mixin.py:190} INFO - [2026-07-17T17:46:42.074+0000] {dag.py:4138} INFO - Setting next_dagrun for airflow_sanity_check to None, run_after=None
[2026-07-17T17:46:42.105+0000] {processor.py:208} INFO - Processing /opt/airflow/dags/sanity_checks.py took 0.122 seconds
[2026-07-17T17:47:12.449+0000] {processor.py:186} INFO - Started process (PID=24724) to work on /opt/airflow/dags/sanity_checks.py
[2026-07-17T17:47:12.450+0000] {processor.py:914} INFO - Processing file /opt/airflow/dags/sanity_checks.py for tasks to queue
[2026-07-17T17:47:12.454+0000] {logging_mixin.py:190} INFO - [2026-07-17T17:47:12.453+0000] {dagbag.py:587} INFO - Filling up the DagBag from /opt/airflow/dags/sanity_checks.py
[2026-07-17T17:47:12.469+0000] {processor.py:925} INFO - DAG(s) 'airflow_sanity_check' retrieved from /opt/airflow/dags/sanity_checks.py
[2026-07-17T17:47:12.510+0000] {logging_mixin.py:190} INFO - [2026-07-17T17:47:12.509+0000] {dag.py:3211} INFO - Sync 1 DAGs
[2026-07-17T17:47:12.532+0000] {logging_mixin.py:190} INFO - [2026-07-17T17:47:12.532+0000] {dag.py:4138} INFO - Setting next_dagrun for airflow_sanity_check to None, run_after=None
[2026-07-17T17:47:12.559+0000] {processor.py:208} INFO - Processing /opt/airflow/dags/sanity_checks.py took 0.120 seconds
[2026-07-17T17:47:42.878+0000] {processor.py:186} INFO - Started process (PID=24734) to work on /opt/airflow/dags/sanity_checks.py
[2026-07-17T17:47:42.879+0000] {processor.py:914} INFO - Processing file /opt/airflow/dags/sanity_checks.py for tasks to queue
[2026-07-17T17:47:42.882+0000] {logging_mixin.py:190} INFO - [2026-07-17T17:47:42.882+0000] {dagbag.py:587} INFO - Filling up the DagBag from /opt/airflow/dags/sanity_checks.py
[2026-07-17T17:47:42.898+0000] {processor.py:925} INFO - DAG(s) 'airflow_sanity_check' retrieved from /opt/airflow/dags/sanity_checks.py
[2026-07-17T17:47:42.940+0000] {logging_mixin.py:190} INFO - [2026-07-17T17:47:42.940+0000] {dag.py:3211} INFO - Sync 1 DAGs
[2026-07-17T17:47:42.961+0000] {logging_mixin.py:190} INFO - [2026-07-17T17:47:42.961+0000] {dag.py:4138} INFO - Setting next_dagrun for airflow_sanity_check to None, run_after=None
[2026-07-17T17:47:42.990+0000] {processor.py:208} INFO - Processing /opt/airflow/dags/sanity_checks.py took 0.121 seconds
[2026-07-17T17:48:13.338+0000] {processor.py:186} INFO - Started process (PID=24744) to work on /opt/airflow/dags/sanity_checks.py
[2026-07-17T17:48:13.340+0000] {processor.py:914} INFO - Processing file /opt/airflow/dags/sanity_checks.py for tasks to queue
[2026-07-17T17:48:13.344+0000] {logging_mixin.py:190} INFO - [2026-07-17T17:48:13.343+0000] {dagbag.py:587} INFO - Filling up the DagBag from /opt/airflow/dags/sanity_checks.py
[2026-07-17T17:48:13.362+0000] {processor.py:925} INFO - DAG(s) 'airflow_sanity_check' retrieved from /opt/airflow/dags/sanity_checks.py
[2026-07-17T17:48:13.410+0000] {logging_mixin.py:190} INFO - [2026-07-17T17:48:13.409+0000] {dag.py:3211} INFO - Sync 1 DAGs
[2026-07-17T17:48:13.433+0000] {logging_mixin.py:190} INFO - [2026-07-17T17:48:13.432+0000] {dag.py:4138} INFO - Setting next_dagrun for airflow_sanity_check to None, run_after=None
[2026-07-17T17:48:13.465+0000] {processor.py:208} INFO - Processing /opt/airflow/dags/sanity_checks.py took 0.137 seconds
[2026-07-17T17:48:43.788+0000] {processor.py:186} INFO - Started process (PID=24754) to work on /opt/airflow/dags/sanity_checks.py
[2026-07-17T17:48:43.789+0000] {processor.py:914} INFO - Processing file /opt/airflow/dags/sanity_checks.py for tasks to queue
[2026-07-17T17:48:43.793+0000] {logging_mixin.py:190} INFO - [2026-07-17T17:48:43.792+0000] {dagbag.py:587} INFO - Filling up the DagBag from /opt/airflow/dags/sanity_checks.py
[2026-07-17T17:48:43.809+0000] {processor.py:925} INFO - DAG(s) 'airflow_sanity_check' retrieved from /opt/airflow/dags/sanity_checks.py
[2026-07-17T17:48:43.850+0000] {logging_mixin.py:190} INFO - [2026-07-17T17:48:43.850+0000] {dag.py:3211} INFO - Sync 1 DAGs
[2026-07-17T17:48:43.871+0000] {logging_mixin.py:190} INFO - [2026-07-17T17:48:43.871+0000] {dag.py:4138} INFO - Setting next_dagrun for airflow_sanity_check to None, run_after=None
[2026-07-17T17:48:43.900+0000] {processor.py:208} INFO - Processing /opt/airflow/dags/sanity_checks.py took 0.120 seconds
[2026-07-17T17:49:14.251+0000] {processor.py:186} INFO - Started process (PID=24764) to work on /opt/airflow/dags/sanity_checks.py
[2026-07-17T17:49:14.253+0000] {processor.py:914} INFO - Processing file /opt/airflow/dags/sanity_checks.py for tasks to queue
[2026-07-17T17:49:14.257+0000] {logging_mixin.py:190} INFO - [2026-07-17T17:49:14.256+0000] {dagbag.py:587} INFO - Filling up the DagBag from /opt/airflow/dags/sanity_checks.py
[2026-07-17T17:49:14.272+0000] {processor.py:925} INFO - DAG(s) 'airflow_sanity_check' retrieved from /opt/airflow/dags/sanity_checks.py
[2026-07-17T17:49:14.315+0000] {logging_mixin.py:190} INFO - [2026-07-17T17:49:14.314+0000] {dag.py:3211} INFO - Sync 1 DAGs
[2026-07-17T17:49:14.336+0000] {logging_mixin.py:190} INFO - [2026-07-17T17:49:14.335+0000] {dag.py:4138} INFO - Setting next_dagrun for airflow_sanity_check to None, run_after=None
[2026-07-17T17:49:14.370+0000] {processor.py:208} INFO - Processing /opt/airflow/dags/sanity_checks.py took 0.127 seconds
[2026-07-17T17:49:44.710+0000] {processor.py:186} INFO - Started process (PID=24774) to work on /opt/airflow/dags/sanity_checks.py
[2026-07-17T17:49:44.712+0000] {processor.py:914} INFO - Processing file /opt/airflow/dags/sanity_checks.py for tasks to queue
[2026-07-17T17:49:44.717+0000] {logging_mixin.py:190} INFO - [2026-07-17T17:49:44.716+0000] {dagbag.py:587} INFO - Filling up the DagBag from /opt/airflow/dags/sanity_checks.py
[2026-07-17T17:49:44.735+0000] {processor.py:925} INFO - DAG(s) 'airflow_sanity_check' retrieved from /opt/airflow/dags/sanity_checks.py
[2026-07-17T17:49:44.781+0000] {logging_mixin.py:190} INFO - [2026-07-17T17:49:44.781+0000] {dag.py:3211} INFO - Sync 1 DAGs
[2026-07-17T17:49:44.808+0000] {logging_mixin.py:190} INFO - [2026-07-17T17:49:44.807+0000] {dag.py:4138} INFO - Setting next_dagrun for airflow_sanity_check to None, run_after=None
[2026-07-17T17:49:44.840+0000] {processor.py:208} INFO - Processing /opt/airflow/dags/sanity_checks.py took 0.140 seconds
[2026-07-17T17:50:15.175+0000] {processor.py:186} INFO - Started process (PID=24784) to work on /opt/airflow/dags/sanity_checks.py
[2026-07-17T17:50:15.177+0000] {processor.py:914} INFO - Processing file /opt/airflow/dags/sanity_checks.py for tasks to queue
[2026-07-17T17:50:15.182+0000] {logging_mixin.py:190} INFO - [2026-07-17T17:50:15.182+0000] {dagbag.py:587} INFO - Filling up the DagBag from /opt/airflow/dags/sanity_checks.py
[2026-07-17T17:50:15.203+0000] {processor.py:925} INFO - DAG(s) 'airflow_sanity_check' retrieved from /opt/airflow/dags/sanity_checks.py
[2026-07-17T17:50:15.250+0000] {logging_mixin.py:190} INFO - [2026-07-17T17:50:15.250+0000] {dag.py:3211} INFO - Sync 1 DAGs
[2026-07-17T17:50:15.275+0000] {logging_mixin.py:190} INFO - [2026-07-17T17:50:15.275+0000] {dag.py:4138} INFO - Setting next_dagrun for airflow_sanity_check to None, run_after=None
[2026-07-17T17:50:15.317+0000] {processor.py:208} INFO - Processing /opt/airflow/dags/sanity_checks.py took 0.153 seconds
[2026-07-17T17:50:45.647+0000] {processor.py:186} INFO - Started process (PID=24794) to work on /opt/airflow/dags/sanity_checks.py
[2026-07-17T17:50:45.649+0000] {processor.py:914} INFO - Processing file /opt/airflow/dags/sanity_checks.py for tasks to queue
[2026-07-17T17:50:45.653+0000] {logging_mixin.py:190} INFO - [2026-07-17T17:50:45.653+0000] {dagbag.py:587} INFO - Filling up the DagBag from /opt/airflow/dags/sanity_checks.py
[2026-07-17T17:50:45.672+0000] {processor.py:925} INFO - DAG(s) 'airflow_sanity_check' retrieved from /opt/airflow/dags/sanity_checks.py
[2026-07-17T17:50:45.717+0000] {logging_mixin.py:190} INFO - [2026-07-17T17:50:45.716+0000] {dag.py:3211} INFO - Sync 1 DAGs
[2026-07-17T17:50:45.741+0000] {logging_mixin.py:190} INFO - [2026-07-17T17:50:45.740+0000] {dag.py:4138} INFO - Setting next_dagrun for airflow_sanity_check to None, run_after=None
[2026-07-17T17:50:45.769+0000] {processor.py:208} INFO - Processing /opt/airflow/dags/sanity_checks.py took 0.134 seconds
[2026-07-17T17:51:16.190+0000] {processor.py:186} INFO - Started process (PID=24804) to work on /opt/airflow/dags/sanity_checks.py
[2026-07-17T17:51:16.193+0000] {processor.py:914} INFO - Processing file /opt/airflow/dags/sanity_checks.py for tasks to queue
[2026-07-17T17:51:16.199+0000] {logging_mixin.py:190} INFO - [2026-07-17T17:51:16.199+0000] {dagbag.py:587} INFO - Filling up the DagBag from /opt/airflow/dags/sanity_checks.py
[2026-07-17T17:51:16.219+0000] {processor.py:925} INFO - DAG(s) 'airflow_sanity_check' retrieved from /opt/airflow/dags/sanity_checks.py
[2026-07-17T17:51:16.309+0000] {logging_mixin.py:190} INFO - [2026-07-17T17:51:16.308+0000] {dag.py:3211} INFO - Sync 1 DAGs
[2026-07-17T17:51:16.336+0000] {logging_mixin.py:190} INFO - [2026-07-17T17:51:16.335+0000] {dag.py:4138} INFO - Setting next_dagrun for airflow_sanity_check to None, run_after=None
[2026-07-17T17:51:16.380+0000] {processor.py:208} INFO - Processing /opt/airflow/dags/sanity_checks.py took 0.199 seconds
[2026-07-17T17:51:46.969+0000] {processor.py:186} INFO - Started process (PID=24814) to work on /opt/airflow/dags/sanity_checks.py
[2026-07-17T17:51:46.971+0000] {processor.py:914} INFO - Processing file /opt/airflow/dags/sanity_checks.py for tasks to queue
[2026-07-17T17:51:46.976+0000] {logging_mixin.py:190} INFO - [2026-07-17T17:51:46.975+0000] {dagbag.py:587} INFO - Filling up the DagBag from /opt/airflow/dags/sanity_checks.py
[2026-07-17T17:51:46.993+0000] {processor.py:925} INFO - DAG(s) 'airflow_sanity_check' retrieved from /opt/airflow/dags/sanity_checks.py
[2026-07-17T17:51:47.045+0000] {logging_mixin.py:190} INFO - [2026-07-17T17:51:47.045+0000] {dag.py:3211} INFO - Sync 1 DAGs
[2026-07-17T17:51:47.082+0000] {logging_mixin.py:190} INFO - [2026-07-17T17:51:47.081+0000] {dag.py:4138} INFO - Setting next_dagrun for airflow_sanity_check to None, run_after=None
[2026-07-17T17:51:47.126+0000] {processor.py:208} INFO - Processing /opt/airflow/dags/sanity_checks.py took 0.170 seconds
[2026-07-17T17:52:17.460+0000] {processor.py:186} INFO - Started process (PID=24824) to work on /opt/airflow/dags/sanity_checks.py
[2026-07-17T17:52:17.461+0000] {processor.py:914} INFO - Processing file /opt/airflow/dags/sanity_checks.py for tasks to queue
[2026-07-17T17:52:17.466+0000] {logging_mixin.py:190} INFO - [2026-07-17T17:52:17.465+0000] {dagbag.py:587} INFO - Filling up the DagBag from /opt/airflow/dags/sanity_checks.py
[2026-07-17T17:52:17.482+0000] {processor.py:925} INFO - DAG(s) 'airflow_sanity_check' retrieved from /opt/airflow/dags/sanity_checks.py
[2026-07-17T17:52:17.524+0000] {logging_mixin.py:190} INFO - [2026-07-17T17:52:17.523+0000] {dag.py:3211} INFO - Sync 1 DAGs
[2026-07-17T17:52:17.545+0000] {logging_mixin.py:190} INFO - [2026-07-17T17:52:17.545+0000] {dag.py:4138} INFO - Setting next_dagrun for airflow_sanity_check to None, run_after=None
[2026-07-17T17:52:17.572+0000] {processor.py:208} INFO - Processing /opt/airflow/dags/sanity_checks.py took 0.121 seconds
[2026-07-17T17:52:47.896+0000] {processor.py:186} INFO - Started process (PID=24834) to work on /opt/airflow/dags/sanity_checks.py
[2026-07-17T17:52:47.898+0000] {processor.py:914} INFO - Processing file /opt/airflow/dags/sanity_checks.py for tasks to queue
[2026-07-17T17:52:47.903+0000] {logging_mixin.py:190} INFO - [2026-07-17T17:52:47.902+0000] {dagbag.py:587} INFO - Filling up the DagBag from /opt/airflow/dags/sanity_checks.py
[2026-07-17T17:52:47.918+0000] {processor.py:925} INFO - DAG(s) 'airflow_sanity_check' retrieved from /opt/airflow/dags/sanity_checks.py
[2026-07-17T17:52:47.961+0000] {logging_mixin.py:190} INFO - [2026-07-17T17:52:47.961+0000] {dag.py:3211} INFO - Sync 1 DAGs
[2026-07-17T17:52:47.983+0000] {logging_mixin.py:190} INFO - [2026-07-17T17:52:47.982+0000] {dag.py:4138} INFO - Setting next_dagrun for airflow_sanity_check to None, run_after=None
[2026-07-17T17:52:48.012+0000] {processor.py:208} INFO - Processing /opt/airflow/dags/sanity_checks.py took 0.125 seconds
[2026-07-17T17:53:18.378+0000] {processor.py:186} INFO - Started process (PID=24844) to work on /opt/airflow/dags/sanity_checks.py
[2026-07-17T17:53:18.379+0000] {processor.py:914} INFO - Processing file /opt/airflow/dags/sanity_checks.py for tasks to queue
[2026-07-17T17:53:18.382+0000] {logging_mixin.py:190} INFO - [2026-07-17T17:53:18.382+0000] {dagbag.py:587} INFO - Filling up the DagBag from /opt/airflow/dags/sanity_checks.py
[2026-07-17T17:53:18.399+0000] {processor.py:925} INFO - DAG(s) 'airflow_sanity_check' retrieved from /opt/airflow/dags/sanity_checks.py
[2026-07-17T17:53:18.441+0000] {logging_mixin.py:190} INFO - [2026-07-17T17:53:18.441+0000] {dag.py:3211} INFO - Sync 1 DAGs
[2026-07-17T17:53:18.466+0000] {logging_mixin.py:190} INFO - [2026-07-17T17:53:18.466+0000] {dag.py:4138} INFO - Setting next_dagrun for airflow_sanity_check to None, run_after=None
[2026-07-17T17:53:18.496+0000] {processor.py:208} INFO - Processing /opt/airflow/dags/sanity_checks.py took 0.127 seconds
[2026-07-17T17:53:48.825+0000] {processor.py:186} INFO - Started process (PID=24854) to work on /opt/airflow/dags/sanity_checks.py
[2026-07-17T17:53:48.826+0000] {processor.py:914} INFO - Processing file /opt/airflow/dags/sanity_checks.py for tasks to queue
[2026-07-17T17:53:48.830+0000] {logging_mixin.py:190} INFO - [2026-07-17T17:53:48.829+0000] {dagbag.py:587} INFO - Filling up the DagBag from /opt/airflow/dags/sanity_checks.py
[2026-07-17T17:53:48.846+0000] {processor.py:925} INFO - DAG(s) 'airflow_sanity_check' retrieved from /opt/airflow/dags/sanity_checks.py
[2026-07-17T17:53:48.889+0000] {logging_mixin.py:190} INFO - [2026-07-17T17:53:48.889+0000] {dag.py:3211} INFO - Sync 1 DAGs
[2026-07-17T17:53:48.911+0000] {logging_mixin.py:190} INFO - [2026-07-17T17:53:48.911+0000] {dag.py:4138} INFO - Setting next_dagrun for airflow_sanity_check to None, run_after=None
[2026-07-17T17:53:48.941+0000] {processor.py:208} INFO - Processing /opt/airflow/dags/sanity_checks.py took 0.126 seconds
[2026-07-17T17:54:19.301+0000] {processor.py:186} INFO - Started process (PID=24864) to work on /opt/airflow/dags/sanity_checks.py
[2026-07-17T17:54:19.303+0000] {processor.py:914} INFO - Processing file /opt/airflow/dags/sanity_checks.py for tasks to queue
[2026-07-17T17:54:19.307+0000] {logging_mixin.py:190} INFO - [2026-07-17T17:54:19.306+0000] {dagbag.py:587} INFO - Filling up the DagBag from /opt/airflow/dags/sanity_checks.py
[2026-07-17T17:54:19.324+0000] {processor.py:925} INFO - DAG(s) 'airflow_sanity_check' retrieved from /opt/airflow/dags/sanity_checks.py
[2026-07-17T17:54:19.366+0000] {logging_mixin.py:190} INFO - [2026-07-17T17:54:19.365+0000] {dag.py:3211} INFO - Sync 1 DAGs
[2026-07-17T17:54:19.388+0000] {logging_mixin.py:190} INFO - [2026-07-17T17:54:19.388+0000] {dag.py:4138} INFO - Setting next_dagrun for airflow_sanity_check to None, run_after=None
[2026-07-17T17:54:19.414+0000] {processor.py:208} INFO - Processing /opt/airflow/dags/sanity_checks.py took 0.122 seconds
[2026-07-17T17:54:49.761+0000] {processor.py:186} INFO - Started process (PID=24874) to work on /opt/airflow/dags/sanity_checks.py
[2026-07-17T17:54:49.763+0000] {processor.py:914} INFO - Processing file /opt/airflow/dags/sanity_checks.py for tasks to queue
[2026-07-17T17:54:49.766+0000] {logging_mixin.py:190} INFO - [2026-07-17T17:54:49.766+0000] {dagbag.py:587} INFO - Filling up the DagBag from /opt/airflow/dags/sanity_checks.py
[2026-07-17T17:54:49.785+0000] {processor.py:925} INFO - DAG(s) 'airflow_sanity_check' retrieved from /opt/airflow/dags/sanity_checks.py
[2026-07-17T17:54:49.831+0000] {logging_mixin.py:190} INFO - [2026-07-17T17:54:49.831+0000] {dag.py:3211} INFO - Sync 1 DAGs
[2026-07-17T17:54:49.855+0000] {logging_mixin.py:190} INFO - [2026-07-17T17:54:49.854+0000] {dag.py:4138} INFO - Setting next_dagrun for airflow_sanity_check to None, run_after=None
[2026-07-17T17:54:49.885+0000] {processor.py:208} INFO - Processing /opt/airflow/dags/sanity_checks.py took 0.133 seconds
[2026-07-17T17:55:20.231+0000] {processor.py:186} INFO - Started process (PID=24884) to work on /opt/airflow/dags/sanity_checks.py
[2026-07-17T17:55:20.233+0000] {processor.py:914} INFO - Processing file /opt/airflow/dags/sanity_checks.py for tasks to queue
[2026-07-17T17:55:20.236+0000] {logging_mixin.py:190} INFO - [2026-07-17T17:55:20.236+0000] {dagbag.py:587} INFO - Filling up the DagBag from /opt/airflow/dags/sanity_checks.py
[2026-07-17T17:55:20.253+0000] {processor.py:925} INFO - DAG(s) 'airflow_sanity_check' retrieved from /opt/airflow/dags/sanity_checks.py
[2026-07-17T17:55:20.304+0000] {logging_mixin.py:190} INFO - [2026-07-17T17:55:20.303+0000] {dag.py:3211} INFO - Sync 1 DAGs
[2026-07-17T17:55:20.328+0000] {logging_mixin.py:190} INFO - [2026-07-17T17:55:20.328+0000] {dag.py:4138} INFO - Setting next_dagrun for airflow_sanity_check to None, run_after=None
[2026-07-17T17:55:20.361+0000] {processor.py:208} INFO - Processing /opt/airflow/dags/sanity_checks.py took 0.143 seconds
[2026-07-17T17:55:50.687+0000] {processor.py:186} INFO - Started process (PID=24894) to work on /opt/airflow/dags/sanity_checks.py
[2026-07-17T17:55:50.688+0000] {processor.py:914} INFO - Processing file /opt/airflow/dags/sanity_checks.py for tasks to queue
[2026-07-17T17:55:50.693+0000] {logging_mixin.py:190} INFO - [2026-07-17T17:55:50.692+0000] {dagbag.py:587} INFO - Filling up the DagBag from /opt/airflow/dags/sanity_checks.py
[2026-07-17T17:55:50.709+0000] {processor.py:925} INFO - DAG(s) 'airflow_sanity_check' retrieved from /opt/airflow/dags/sanity_checks.py
[2026-07-17T17:55:50.755+0000] {logging_mixin.py:190} INFO - [2026-07-17T17:55:50.755+0000] {dag.py:3211} INFO - Sync 1 DAGs
[2026-07-17T17:55:50.776+0000] {logging_mixin.py:190} INFO - [2026-07-17T17:55:50.776+0000] {dag.py:4138} INFO - Setting next_dagrun for airflow_sanity_check to None, run_after=None
[2026-07-17T17:55:50.807+0000] {processor.py:208} INFO - Processing /opt/airflow/dags/sanity_checks.py took 0.129 seconds
[2026-07-17T17:56:21.227+0000] {processor.py:186} INFO - Started process (PID=24904) to work on /opt/airflow/dags/sanity_checks.py
[2026-07-17T17:56:21.229+0000] {processor.py:914} INFO - Processing file /opt/airflow/dags/sanity_checks.py for tasks to queue
[2026-07-17T17:56:21.234+0000] {logging_mixin.py:190} INFO - [2026-07-17T17:56:21.233+0000] {dagbag.py:587} INFO - Filling up the DagBag from /opt/airflow/dags/sanity_checks.py
[2026-07-17T17:56:21.252+0000] {processor.py:925} INFO - DAG(s) 'airflow_sanity_check' retrieved from /opt/airflow/dags/sanity_checks.py
[2026-07-17T17:56:21.294+0000] {logging_mixin.py:190} INFO - [2026-07-17T17:56:21.293+0000] {dag.py:3211} INFO - Sync 1 DAGs
[2026-07-17T17:56:21.319+0000] {logging_mixin.py:190} INFO - [2026-07-17T17:56:21.319+0000] {dag.py:4138} INFO - Setting next_dagrun for airflow_sanity_check to None, run_after=None
[2026-07-17T17:56:21.348+0000] {processor.py:208} INFO - Processing /opt/airflow/dags/sanity_checks.py took 0.129 seconds
[2026-07-17T17:56:51.691+0000] {processor.py:186} INFO - Started process (PID=24914) to work on /opt/airflow/dags/sanity_checks.py
[2026-07-17T17:56:51.692+0000] {processor.py:914} INFO - Processing file /opt/airflow/dags/sanity_checks.py for tasks to queue
[2026-07-17T17:56:51.696+0000] {logging_mixin.py:190} INFO - [2026-07-17T17:56:51.695+0000] {dagbag.py:587} INFO - Filling up the DagBag from /opt/airflow/dags/sanity_checks.py
[2026-07-17T17:56:51.712+0000] {processor.py:925} INFO - DAG(s) 'airflow_sanity_check' retrieved from /opt/airflow/dags/sanity_checks.py
[2026-07-17T17:56:51.757+0000] {logging_mixin.py:190} INFO - [2026-07-17T17:56:51.756+0000] {dag.py:3211} INFO - Sync 1 DAGs
[2026-07-17T17:56:51.779+0000] {logging_mixin.py:190} INFO - [2026-07-17T17:56:51.779+0000] {dag.py:4138} INFO - Setting next_dagrun for airflow_sanity_check to None, run_after=None
[2026-07-17T17:56:51.820+0000] {processor.py:208} INFO - Processing /opt/airflow/dags/sanity_checks.py took 0.141 seconds
[2026-07-17T17:57:22.273+0000] {processor.py:186} INFO - Started process (PID=24924) to work on /opt/airflow/dags/sanity_checks.py
[2026-07-17T17:57:22.275+0000] {processor.py:914} INFO - Processing file /opt/airflow/dags/sanity_checks.py for tasks to queue
[2026-07-17T17:57:22.278+0000] {logging_mixin.py:190} INFO - [2026-07-17T17:57:22.278+0000] {dagbag.py:587} INFO - Filling up the DagBag from /opt/airflow/dags/sanity_checks.py
[2026-07-17T17:57:22.294+0000] {processor.py:925} INFO - DAG(s) 'airflow_sanity_check' retrieved from /opt/airflow/dags/sanity_checks.py
[2026-07-17T17:57:22.338+0000] {logging_mixin.py:190} INFO - [2026-07-17T17:57:22.338+0000] {dag.py:3211} INFO - Sync 1 DAGs
[2026-07-17T17:57:22.365+0000] {logging_mixin.py:190} INFO - [2026-07-17T17:57:22.364+0000] {dag.py:4138} INFO - Setting next_dagrun for airflow_sanity_check to None, run_after=None
[2026-07-17T17:57:22.391+0000] {processor.py:208} INFO - Processing /opt/airflow/dags/sanity_checks.py took 0.126 seconds
[2026-07-17T17:57:52.806+0000] {processor.py:186} INFO - Started process (PID=24934) to work on /opt/airflow/dags/sanity_checks.py
[2026-07-17T17:57:52.808+0000] {processor.py:914} INFO - Processing file /opt/airflow/dags/sanity_checks.py for tasks to queue
[2026-07-17T17:57:52.811+0000] {logging_mixin.py:190} INFO - [2026-07-17T17:57:52.810+0000] {dagbag.py:587} INFO - Filling up the DagBag from /opt/airflow/dags/sanity_checks.py
[2026-07-17T17:57:52.825+0000] {processor.py:925} INFO - DAG(s) 'airflow_sanity_check' retrieved from /opt/airflow/dags/sanity_checks.py
[2026-07-17T17:57:52.865+0000] {logging_mixin.py:190} INFO - [2026-07-17T17:57:52.865+0000] {dag.py:3211} INFO - Sync 1 DAGs
[2026-07-17T17:57:52.886+0000] {logging_mixin.py:190} INFO - [2026-07-17T17:57:52.885+0000] {dag.py:4138} INFO - Setting next_dagrun for airflow_sanity_check to None, run_after=None
[2026-07-17T17:57:52.912+0000] {processor.py:208} INFO - Processing /opt/airflow/dags/sanity_checks.py took 0.114 seconds
[2026-07-17T17:58:23.310+0000] {processor.py:186} INFO - Started process (PID=24944) to work on /opt/airflow/dags/sanity_checks.py
[2026-07-17T17:58:23.312+0000] {processor.py:914} INFO - Processing file /opt/airflow/dags/sanity_checks.py for tasks to queue
[2026-07-17T17:58:23.315+0000] {logging_mixin.py:190} INFO - [2026-07-17T17:58:23.314+0000] {dagbag.py:587} INFO - Filling up the DagBag from /opt/airflow/dags/sanity_checks.py
[2026-07-17T17:58:23.330+0000] {processor.py:925} INFO - DAG(s) 'airflow_sanity_check' retrieved from /opt/airflow/dags/sanity_checks.py
[2026-07-17T17:58:23.369+0000] {logging_mixin.py:190} INFO - [2026-07-17T17:58:23.369+0000] {dag.py:3211} INFO - Sync 1 DAGs
[2026-07-17T17:58:23.389+0000] {logging_mixin.py:190} INFO - [2026-07-17T17:58:23.389+0000] {dag.py:4138} INFO - Setting next_dagrun for airflow_sanity_check to None, run_after=None
[2026-07-17T17:58:23.417+0000] {processor.py:208} INFO - Processing /opt/airflow/dags/sanity_checks.py took 0.115 seconds
[2026-07-17T17:58:53.744+0000] {processor.py:186} INFO - Started process (PID=24954) to work on /opt/airflow/dags/sanity_checks.py
[2026-07-17T17:58:53.745+0000] {processor.py:914} INFO - Processing file /opt/airflow/dags/sanity_checks.py for tasks to queue
[2026-07-17T17:58:53.749+0000] {logging_mixin.py:190} INFO - [2026-07-17T17:58:53.749+0000] {dagbag.py:587} INFO - Filling up the DagBag from /opt/airflow/dags/sanity_checks.py
[2026-07-17T17:58:53.765+0000] {processor.py:925} INFO - DAG(s) 'airflow_sanity_check' retrieved from /opt/airflow/dags/sanity_checks.py
[2026-07-17T17:58:53.808+0000] {logging_mixin.py:190} INFO - [2026-07-17T17:58:53.808+0000] {dag.py:3211} INFO - Sync 1 DAGs
[2026-07-17T17:58:53.838+0000] {logging_mixin.py:190} INFO - [2026-07-17T17:58:53.838+0000] {dag.py:4138} INFO - Setting next_dagrun for airflow_sanity_check to None, run_after=None
[2026-07-17T17:58:53.881+0000] {processor.py:208} INFO - Processing /opt/airflow/dags/sanity_checks.py took 0.146 seconds
[2026-07-17T17:59:24.216+0000] {processor.py:186} INFO - Started process (PID=24964) to work on /opt/airflow/dags/sanity_checks.py
[2026-07-17T17:59:24.217+0000] {processor.py:914} INFO - Processing file /opt/airflow/dags/sanity_checks.py for tasks to queue
[2026-07-17T17:59:24.223+0000] {logging_mixin.py:190} INFO - [2026-07-17T17:59:24.222+0000] {dagbag.py:587} INFO - Filling up the DagBag from /opt/airflow/dags/sanity_checks.py
[2026-07-17T17:59:24.239+0000] {processor.py:925} INFO - DAG(s) 'airflow_sanity_check' retrieved from /opt/airflow/dags/sanity_checks.py
[2026-07-17T17:59:24.285+0000] {logging_mixin.py:190} INFO - [2026-07-17T17:59:24.285+0000] {dag.py:3211} INFO - Sync 1 DAGs
[2026-07-17T17:59:24.310+0000] {logging_mixin.py:190} INFO - [2026-07-17T17:59:24.309+0000] {dag.py:4138} INFO - Setting next_dagrun for airflow_sanity_check to None, run_after=None
[2026-07-17T17:59:24.339+0000] {processor.py:208} INFO - Processing /opt/airflow/dags/sanity_checks.py took 0.132 seconds
[2026-07-17T17:59:54.743+0000] {processor.py:186} INFO - Started process (PID=24974) to work on /opt/airflow/dags/sanity_checks.py
[2026-07-17T17:59:54.744+0000] {processor.py:914} INFO - Processing file /opt/airflow/dags/sanity_checks.py for tasks to queue
[2026-07-17T17:59:54.748+0000] {logging_mixin.py:190} INFO - [2026-07-17T17:59:54.747+0000] {dagbag.py:587} INFO - Filling up the DagBag from /opt/airflow/dags/sanity_checks.py
[2026-07-17T17:59:54.763+0000] {processor.py:925} INFO - DAG(s) 'airflow_sanity_check' retrieved from /opt/airflow/dags/sanity_checks.py
[2026-07-17T17:59:54.842+0000] {logging_mixin.py:190} INFO - [2026-07-17T17:59:54.842+0000] {dag.py:3211} INFO - Sync 1 DAGs
[2026-07-17T17:59:54.866+0000] {logging_mixin.py:190} INFO - [2026-07-17T17:59:54.866+0000] {dag.py:4138} INFO - Setting next_dagrun for airflow_sanity_check to None, run_after=None
[2026-07-17T17:59:54.893+0000] {processor.py:208} INFO - Processing /opt/airflow/dags/sanity_checks.py took 0.159 seconds
[2026-07-17T18:00:25.206+0000] {processor.py:186} INFO - Started process (PID=24984) to work on /opt/airflow/dags/sanity_checks.py
[2026-07-17T18:00:25.208+0000] {processor.py:914} INFO - Processing file /opt/airflow/dags/sanity_checks.py for tasks to queue
[2026-07-17T18:00:25.211+0000] {logging_mixin.py:190} INFO - [2026-07-17T18:00:25.211+0000] {dagbag.py:587} INFO - Filling up the DagBag from /opt/airflow/dags/sanity_checks.py
[2026-07-17T18:00:25.227+0000] {processor.py:925} INFO - DAG(s) 'airflow_sanity_check' retrieved from /opt/airflow/dags/sanity_checks.py
[2026-07-17T18:00:25.267+0000] {logging_mixin.py:190} INFO - [2026-07-17T18:00:25.266+0000] {dag.py:3211} INFO - Sync 1 DAGs
[2026-07-17T18:00:25.288+0000] {logging_mixin.py:190} INFO - [2026-07-17T18:00:25.288+0000] {dag.py:4138} INFO - Setting next_dagrun for airflow_sanity_check to None, run_after=None
[2026-07-17T18:00:25.314+0000] {processor.py:208} INFO - Processing /opt/airflow/dags/sanity_checks.py took 0.117 seconds
[2026-07-17T18:00:55.638+0000] {processor.py:186} INFO - Started process (PID=24994) to work on /opt/airflow/dags/sanity_checks.py
[2026-07-17T18:00:55.640+0000] {processor.py:914} INFO - Processing file /opt/airflow/dags/sanity_checks.py for tasks to queue
[2026-07-17T18:00:55.644+0000] {logging_mixin.py:190} INFO - [2026-07-17T18:00:55.643+0000] {dagbag.py:587} INFO - Filling up the DagBag from /opt/airflow/dags/sanity_checks.py
[2026-07-17T18:00:55.660+0000] {processor.py:925} INFO - DAG(s) 'airflow_sanity_check' retrieved from /opt/airflow/dags/sanity_checks.py
[2026-07-17T18:00:55.703+0000] {logging_mixin.py:190} INFO - [2026-07-17T18:00:55.703+0000] {dag.py:3211} INFO - Sync 1 DAGs
[2026-07-17T18:00:55.726+0000] {logging_mixin.py:190} INFO - [2026-07-17T18:00:55.725+0000] {dag.py:4138} INFO - Setting next_dagrun for airflow_sanity_check to None, run_after=None
[2026-07-17T18:00:55.756+0000] {processor.py:208} INFO - Processing /opt/airflow/dags/sanity_checks.py took 0.126 seconds
[2026-07-17T18:01:26.074+0000] {processor.py:186} INFO - Started process (PID=25004) to work on /opt/airflow/dags/sanity_checks.py
[2026-07-17T18:01:26.076+0000] {processor.py:914} INFO - Processing file /opt/airflow/dags/sanity_checks.py for tasks to queue
[2026-07-17T18:01:26.081+0000] {logging_mixin.py:190} INFO - [2026-07-17T18:01:26.080+0000] {dagbag.py:587} INFO - Filling up the DagBag from /opt/airflow/dags/sanity_checks.py
[2026-07-17T18:01:26.125+0000] {processor.py:925} INFO - DAG(s) 'airflow_sanity_check' retrieved from /opt/airflow/dags/sanity_checks.py
[2026-07-17T18:01:26.223+0000] {logging_mixin.py:190} INFO - [2026-07-17T18:01:26.223+0000] {dag.py:3211} INFO - Sync 1 DAGs
[2026-07-17T18:01:26.284+0000] {logging_mixin.py:190} INFO - [2026-07-17T18:01:26.284+0000] {dag.py:4138} INFO - Setting next_dagrun for airflow_sanity_check to None, run_after=None
[2026-07-17T18:01:26.315+0000] {processor.py:208} INFO - Processing /opt/airflow/dags/sanity_checks.py took 0.252 seconds
[2026-07-17T18:01:56.667+0000] {processor.py:186} INFO - Started process (PID=25014) to work on /opt/airflow/dags/sanity_checks.py
[2026-07-17T18:01:56.669+0000] {processor.py:914} INFO - Processing file /opt/airflow/dags/sanity_checks.py for tasks to queue
[2026-07-17T18:01:56.672+0000] {logging_mixin.py:190} INFO - [2026-07-17T18:01:56.671+0000] {dagbag.py:587} INFO - Filling up the DagBag from /opt/airflow/dags/sanity_checks.py
[2026-07-17T18:01:56.691+0000] {processor.py:925} INFO - DAG(s) 'airflow_sanity_check' retrieved from /opt/airflow/dags/sanity_checks.py
[2026-07-17T18:01:56.736+0000] {logging_mixin.py:190} INFO - [2026-07-17T18:01:56.735+0000] {dag.py:3211} INFO - Sync 1 DAGs
[2026-07-17T18:01:56.760+0000] {logging_mixin.py:190} INFO - [2026-07-17T18:01:56.760+0000] {dag.py:4138} INFO - Setting next_dagrun for airflow_sanity_check to None, run_after=None
[2026-07-17T18:01:56.785+0000] {processor.py:208} INFO - Processing /opt/airflow/dags/sanity_checks.py took 0.126 seconds
[2026-07-17T18:02:27.130+0000] {processor.py:186} INFO - Started process (PID=25024) to work on /opt/airflow/dags/sanity_checks.py
[2026-07-17T18:02:27.132+0000] {processor.py:914} INFO - Processing file /opt/airflow/dags/sanity_checks.py for tasks to queue
[2026-07-17T18:02:27.136+0000] {logging_mixin.py:190} INFO - [2026-07-17T18:02:27.136+0000] {dagbag.py:587} INFO - Filling up the DagBag from /opt/airflow/dags/sanity_checks.py
[2026-07-17T18:02:27.153+0000] {processor.py:925} INFO - DAG(s) 'airflow_sanity_check' retrieved from /opt/airflow/dags/sanity_checks.py
[2026-07-17T18:02:27.200+0000] {logging_mixin.py:190} INFO - [2026-07-17T18:02:27.199+0000] {dag.py:3211} INFO - Sync 1 DAGs
[2026-07-17T18:02:27.224+0000] {logging_mixin.py:190} INFO - [2026-07-17T18:02:27.224+0000] {dag.py:4138} INFO - Setting next_dagrun for airflow_sanity_check to None, run_after=None
[2026-07-17T18:02:27.255+0000] {processor.py:208} INFO - Processing /opt/airflow/dags/sanity_checks.py took 0.134 seconds
[2026-07-17T18:02:57.607+0000] {processor.py:186} INFO - Started process (PID=25034) to work on /opt/airflow/dags/sanity_checks.py
[2026-07-17T18:02:57.609+0000] {processor.py:914} INFO - Processing file /opt/airflow/dags/sanity_checks.py for tasks to queue
[2026-07-17T18:02:57.612+0000] {logging_mixin.py:190} INFO - [2026-07-17T18:02:57.612+0000] {dagbag.py:587} INFO - Filling up the DagBag from /opt/airflow/dags/sanity_checks.py
[2026-07-17T18:02:57.628+0000] {processor.py:925} INFO - DAG(s) 'airflow_sanity_check' retrieved from /opt/airflow/dags/sanity_checks.py
[2026-07-17T18:02:57.669+0000] {logging_mixin.py:190} INFO - [2026-07-17T18:02:57.669+0000] {dag.py:3211} INFO - Sync 1 DAGs
[2026-07-17T18:02:57.690+0000] {logging_mixin.py:190} INFO - [2026-07-17T18:02:57.689+0000] {dag.py:4138} INFO - Setting next_dagrun for airflow_sanity_check to None, run_after=None
[2026-07-17T18:02:57.717+0000] {processor.py:208} INFO - Processing /opt/airflow/dags/sanity_checks.py took 0.119 seconds
[2026-07-17T18:03:28.037+0000] {processor.py:186} INFO - Started process (PID=25044) to work on /opt/airflow/dags/sanity_checks.py
[2026-07-17T18:03:28.040+0000] {processor.py:914} INFO - Processing file /opt/airflow/dags/sanity_checks.py for tasks to queue
[2026-07-17T18:03:28.045+0000] {logging_mixin.py:190} INFO - [2026-07-17T18:03:28.044+0000] {dagbag.py:587} INFO - Filling up the DagBag from /opt/airflow/dags/sanity_checks.py
[2026-07-17T18:03:28.066+0000] {processor.py:925} INFO - DAG(s) 'airflow_sanity_check' retrieved from /opt/airflow/dags/sanity_checks.py
[2026-07-17T18:03:28.116+0000] {logging_mixin.py:190} INFO - [2026-07-17T18:03:28.116+0000] {dag.py:3211} INFO - Sync 1 DAGs
[2026-07-17T18:03:28.144+0000] {logging_mixin.py:190} INFO - [2026-07-17T18:03:28.143+0000] {dag.py:4138} INFO - Setting next_dagrun for airflow_sanity_check to None, run_after=None
[2026-07-17T18:03:28.176+0000] {processor.py:208} INFO - Processing /opt/airflow/dags/sanity_checks.py took 0.158 seconds
[2026-07-17T18:03:58.543+0000] {processor.py:186} INFO - Started process (PID=25054) to work on /opt/airflow/dags/sanity_checks.py
[2026-07-17T18:03:58.546+0000] {processor.py:914} INFO - Processing file /opt/airflow/dags/sanity_checks.py for tasks to queue
[2026-07-17T18:03:58.553+0000] {logging_mixin.py:190} INFO - [2026-07-17T18:03:58.552+0000] {dagbag.py:587} INFO - Filling up the DagBag from /opt/airflow/dags/sanity_checks.py
[2026-07-17T18:03:58.578+0000] {processor.py:925} INFO - DAG(s) 'airflow_sanity_check' retrieved from /opt/airflow/dags/sanity_checks.py
[2026-07-17T18:03:58.630+0000] {logging_mixin.py:190} INFO - [2026-07-17T18:03:58.630+0000] {dag.py:3211} INFO - Sync 1 DAGs
[2026-07-17T18:03:58.656+0000] {logging_mixin.py:190} INFO - [2026-07-17T18:03:58.656+0000] {dag.py:4138} INFO - Setting next_dagrun for airflow_sanity_check to None, run_after=None
[2026-07-17T18:03:58.688+0000] {processor.py:208} INFO - Processing /opt/airflow/dags/sanity_checks.py took 0.168 seconds
[2026-07-17T18:04:29.039+0000] {processor.py:186} INFO - Started process (PID=25064) to work on /opt/airflow/dags/sanity_checks.py
[2026-07-17T18:04:29.040+0000] {processor.py:914} INFO - Processing file /opt/airflow/dags/sanity_checks.py for tasks to queue
[2026-07-17T18:04:29.046+0000] {logging_mixin.py:190} INFO - [2026-07-17T18:04:29.045+0000] {dagbag.py:587} INFO - Filling up the DagBag from /opt/airflow/dags/sanity_checks.py
[2026-07-17T18:04:29.066+0000] {processor.py:925} INFO - DAG(s) 'airflow_sanity_check' retrieved from /opt/airflow/dags/sanity_checks.py
[2026-07-17T18:04:29.116+0000] {logging_mixin.py:190} INFO - [2026-07-17T18:04:29.116+0000] {dag.py:3211} INFO - Sync 1 DAGs
[2026-07-17T18:04:29.138+0000] {logging_mixin.py:190} INFO - [2026-07-17T18:04:29.138+0000] {dag.py:4138} INFO - Setting next_dagrun for airflow_sanity_check to None, run_after=None
[2026-07-17T18:04:29.167+0000] {processor.py:208} INFO - Processing /opt/airflow/dags/sanity_checks.py took 0.138 seconds
[2026-07-17T18:04:59.533+0000] {processor.py:186} INFO - Started process (PID=25074) to work on /opt/airflow/dags/sanity_checks.py
[2026-07-17T18:04:59.535+0000] {processor.py:914} INFO - Processing file /opt/airflow/dags/sanity_checks.py for tasks to queue
[2026-07-17T18:04:59.542+0000] {logging_mixin.py:190} INFO - [2026-07-17T18:04:59.541+0000] {dagbag.py:587} INFO - Filling up the DagBag from /opt/airflow/dags/sanity_checks.py
[2026-07-17T18:04:59.565+0000] {processor.py:925} INFO - DAG(s) 'airflow_sanity_check' retrieved from /opt/airflow/dags/sanity_checks.py
[2026-07-17T18:04:59.614+0000] {logging_mixin.py:190} INFO - [2026-07-17T18:04:59.613+0000] {dag.py:3211} INFO - Sync 1 DAGs
[2026-07-17T18:04:59.641+0000] {logging_mixin.py:190} INFO - [2026-07-17T18:04:59.641+0000] {dag.py:4138} INFO - Setting next_dagrun for airflow_sanity_check to None, run_after=None
[2026-07-17T18:04:59.678+0000] {processor.py:208} INFO - Processing /opt/airflow/dags/sanity_checks.py took 0.156 seconds
[2026-07-17T18:05:30.124+0000] {processor.py:186} INFO - Started process (PID=25084) to work on /opt/airflow/dags/sanity_checks.py
[2026-07-17T18:05:30.126+0000] {processor.py:914} INFO - Processing file /opt/airflow/dags/sanity_checks.py for tasks to queue
[2026-07-17T18:05:30.130+0000] {logging_mixin.py:190} INFO - [2026-07-17T18:05:30.130+0000] {dagbag.py:587} INFO - Filling up the DagBag from /opt/airflow/dags/sanity_checks.py
[2026-07-17T18:05:30.147+0000] {processor.py:925} INFO - DAG(s) 'airflow_sanity_check' retrieved from /opt/airflow/dags/sanity_checks.py
[2026-07-17T18:05:30.191+0000] {logging_mixin.py:190} INFO - [2026-07-17T18:05:30.191+0000] {dag.py:3211} INFO - Sync 1 DAGs
[2026-07-17T18:05:30.214+0000] {logging_mixin.py:190} INFO - [2026-07-17T18:05:30.214+0000] {dag.py:4138} INFO - Setting next_dagrun for airflow_sanity_check to None, run_after=None
[2026-07-17T18:05:30.244+0000] {processor.py:208} INFO - Processing /opt/airflow/dags/sanity_checks.py took 0.135 seconds
[2026-07-17T18:06:00.590+0000] {processor.py:186} INFO - Started process (PID=25094) to work on /opt/airflow/dags/sanity_checks.py
[2026-07-17T18:06:00.592+0000] {processor.py:914} INFO - Processing file /opt/airflow/dags/sanity_checks.py for tasks to queue
[2026-07-17T18:06:00.597+0000] {logging_mixin.py:190} INFO - [2026-07-17T18:06:00.596+0000] {dagbag.py:587} INFO - Filling up the DagBag from /opt/airflow/dags/sanity_checks.py
[2026-07-17T18:06:00.612+0000] {processor.py:925} INFO - DAG(s) 'airflow_sanity_check' retrieved from /opt/airflow/dags/sanity_checks.py
[2026-07-17T18:06:00.654+0000] {logging_mixin.py:190} INFO - [2026-07-17T18:06:00.654+0000] {dag.py:3211} INFO - Sync 1 DAGs
[2026-07-17T18:06:00.676+0000] {logging_mixin.py:190} INFO - [2026-07-17T18:06:00.676+0000] {dag.py:4138} INFO - Setting next_dagrun for airflow_sanity_check to None, run_after=None
[2026-07-17T18:06:00.705+0000] {processor.py:208} INFO - Processing /opt/airflow/dags/sanity_checks.py took 0.126 seconds
[2026-07-17T18:06:31.077+0000] {processor.py:186} INFO - Started process (PID=25104) to work on /opt/airflow/dags/sanity_checks.py
[2026-07-17T18:06:31.079+0000] {processor.py:914} INFO - Processing file /opt/airflow/dags/sanity_checks.py for tasks to queue
[2026-07-17T18:06:31.082+0000] {logging_mixin.py:190} INFO - [2026-07-17T18:06:31.082+0000] {dagbag.py:587} INFO - Filling up the DagBag from /opt/airflow/dags/sanity_checks.py
[2026-07-17T18:06:31.099+0000] {processor.py:925} INFO - DAG(s) 'airflow_sanity_check' retrieved from /opt/airflow/dags/sanity_checks.py
[2026-07-17T18:06:31.145+0000] {logging_mixin.py:190} INFO - [2026-07-17T18:06:31.144+0000] {dag.py:3211} INFO - Sync 1 DAGs
[2026-07-17T18:06:31.169+0000] {logging_mixin.py:190} INFO - [2026-07-17T18:06:31.169+0000] {dag.py:4138} INFO - Setting next_dagrun for airflow_sanity_check to None, run_after=None
[2026-07-17T18:06:31.198+0000] {processor.py:208} INFO - Processing /opt/airflow/dags/sanity_checks.py took 0.130 seconds
[2026-07-17T18:07:01.529+0000] {processor.py:186} INFO - Started process (PID=25114) to work on /opt/airflow/dags/sanity_checks.py
[2026-07-17T18:07:01.531+0000] {processor.py:914} INFO - Processing file /opt/airflow/dags/sanity_checks.py for tasks to queue
[2026-07-17T18:07:01.534+0000] {logging_mixin.py:190} INFO - [2026-07-17T18:07:01.534+0000] {dagbag.py:587} INFO - Filling up the DagBag from /opt/airflow/dags/sanity_checks.py
[2026-07-17T18:07:01.550+0000] {processor.py:925} INFO - DAG(s) 'airflow_sanity_check' retrieved from /opt/airflow/dags/sanity_checks.py
[2026-07-17T18:07:01.595+0000] {logging_mixin.py:190} INFO - [2026-07-17T18:07:01.594+0000] {dag.py:3211} INFO - Sync 1 DAGs
[2026-07-17T18:07:01.618+0000] {logging_mixin.py:190} INFO - [2026-07-17T18:07:01.618+0000] {dag.py:4138} INFO - Setting next_dagrun for airflow_sanity_check to None, run_after=None
[2026-07-17T18:07:01.644+0000] {processor.py:208} INFO - Processing /opt/airflow/dags/sanity_checks.py took 0.126 seconds
[2026-07-17T18:07:31.958+0000] {processor.py:186} INFO - Started process (PID=25124) to work on /opt/airflow/dags/sanity_checks.py
[2026-07-17T18:07:31.959+0000] {processor.py:914} INFO - Processing file /opt/airflow/dags/sanity_checks.py for tasks to queue
[2026-07-17T18:07:31.963+0000] {logging_mixin.py:190} INFO - [2026-07-17T18:07:31.962+0000] {dagbag.py:587} INFO - Filling up the DagBag from /opt/airflow/dags/sanity_checks.py
[2026-07-17T18:07:31.979+0000] {processor.py:925} INFO - DAG(s) 'airflow_sanity_check' retrieved from /opt/airflow/dags/sanity_checks.py
[2026-07-17T18:07:32.026+0000] {logging_mixin.py:190} INFO - [2026-07-17T18:07:32.025+0000] {dag.py:3211} INFO - Sync 1 DAGs
[2026-07-17T18:07:32.052+0000] {logging_mixin.py:190} INFO - [2026-07-17T18:07:32.052+0000] {dag.py:4138} INFO - Setting next_dagrun for airflow_sanity_check to None, run_after=None
[2026-07-17T18:07:32.080+0000] {processor.py:208} INFO - Processing /opt/airflow/dags/sanity_checks.py took 0.132 seconds
[2026-07-17T18:08:02.424+0000] {processor.py:186} INFO - Started process (PID=25134) to work on /opt/airflow/dags/sanity_checks.py
[2026-07-17T18:08:02.426+0000] {processor.py:914} INFO - Processing file /opt/airflow/dags/sanity_checks.py for tasks to queue
[2026-07-17T18:08:02.430+0000] {logging_mixin.py:190} INFO - [2026-07-17T18:08:02.429+0000] {dagbag.py:587} INFO - Filling up the DagBag from /opt/airflow/dags/sanity_checks.py
[2026-07-17T18:08:02.447+0000] {processor.py:925} INFO - DAG(s) 'airflow_sanity_check' retrieved from /opt/airflow/dags/sanity_checks.py
[2026-07-17T18:08:02.499+0000] {logging_mixin.py:190} INFO - [2026-07-17T18:08:02.499+0000] {dag.py:3211} INFO - Sync 1 DAGs
[2026-07-17T18:08:02.547+0000] {logging_mixin.py:190} INFO - [2026-07-17T18:08:02.546+0000] {dag.py:4138} INFO - Setting next_dagrun for airflow_sanity_check to None, run_after=None
[2026-07-17T18:08:02.581+0000] {processor.py:208} INFO - Processing /opt/airflow/dags/sanity_checks.py took 0.167 seconds
[2026-07-17T18:08:32.941+0000] {processor.py:186} INFO - Started process (PID=25144) to work on /opt/airflow/dags/sanity_checks.py
[2026-07-17T18:08:32.943+0000] {processor.py:914} INFO - Processing file /opt/airflow/dags/sanity_checks.py for tasks to queue
[2026-07-17T18:08:32.947+0000] {logging_mixin.py:190} INFO - [2026-07-17T18:08:32.947+0000] {dagbag.py:587} INFO - Filling up the DagBag from /opt/airflow/dags/sanity_checks.py
[2026-07-17T18:08:32.962+0000] {processor.py:925} INFO - DAG(s) 'airflow_sanity_check' retrieved from /opt/airflow/dags/sanity_checks.py
[2026-07-17T18:08:33.010+0000] {logging_mixin.py:190} INFO - [2026-07-17T18:08:33.010+0000] {dag.py:3211} INFO - Sync 1 DAGs
[2026-07-17T18:08:33.032+0000] {logging_mixin.py:190} INFO - [2026-07-17T18:08:33.032+0000] {dag.py:4138} INFO - Setting next_dagrun for airflow_sanity_check to None, run_after=None
[2026-07-17T18:08:33.060+0000] {processor.py:208} INFO - Processing /opt/airflow/dags/sanity_checks.py took 0.126 seconds
[2026-07-17T18:09:03.398+0000] {processor.py:186} INFO - Started process (PID=25154) to work on /opt/airflow/dags/sanity_checks.py
[2026-07-17T18:09:03.399+0000] {processor.py:914} INFO - Processing file /opt/airflow/dags/sanity_checks.py for tasks to queue
[2026-07-17T18:09:03.403+0000] {logging_mixin.py:190} INFO - [2026-07-17T18:09:03.402+0000] {dagbag.py:587} INFO - Filling up the DagBag from /opt/airflow/dags/sanity_checks.py
[2026-07-17T18:09:03.418+0000] {processor.py:925} INFO - DAG(s) 'airflow_sanity_check' retrieved from /opt/airflow/dags/sanity_checks.py
[2026-07-17T18:09:03.458+0000] {logging_mixin.py:190} INFO - [2026-07-17T18:09:03.457+0000] {dag.py:3211} INFO - Sync 1 DAGs
[2026-07-17T18:09:03.478+0000] {logging_mixin.py:190} INFO - [2026-07-17T18:09:03.478+0000] {dag.py:4138} INFO - Setting next_dagrun for airflow_sanity_check to None, run_after=None
[2026-07-17T18:09:03.506+0000] {processor.py:208} INFO - Processing /opt/airflow/dags/sanity_checks.py took 0.117 seconds
[2026-07-17T18:09:33.899+0000] {processor.py:186} INFO - Started process (PID=25164) to work on /opt/airflow/dags/sanity_checks.py
[2026-07-17T18:09:33.900+0000] {processor.py:914} INFO - Processing file /opt/airflow/dags/sanity_checks.py for tasks to queue
[2026-07-17T18:09:33.905+0000] {logging_mixin.py:190} INFO - [2026-07-17T18:09:33.904+0000] {dagbag.py:587} INFO - Filling up the DagBag from /opt/airflow/dags/sanity_checks.py
[2026-07-17T18:09:33.923+0000] {processor.py:925} INFO - DAG(s) 'airflow_sanity_check' retrieved from /opt/airflow/dags/sanity_checks.py
[2026-07-17T18:09:33.975+0000] {logging_mixin.py:190} INFO - [2026-07-17T18:09:33.974+0000] {dag.py:3211} INFO - Sync 1 DAGs
[2026-07-17T18:09:33.997+0000] {logging_mixin.py:190} INFO - [2026-07-17T18:09:33.997+0000] {dag.py:4138} INFO - Setting next_dagrun for airflow_sanity_check to None, run_after=None
[2026-07-17T18:09:34.025+0000] {processor.py:208} INFO - Processing /opt/airflow/dags/sanity_checks.py took 0.140 seconds
[2026-07-17T18:10:04.405+0000] {processor.py:186} INFO - Started process (PID=25174) to work on /opt/airflow/dags/sanity_checks.py
[2026-07-17T18:10:04.407+0000] {processor.py:914} INFO - Processing file /opt/airflow/dags/sanity_checks.py for tasks to queue
[2026-07-17T18:10:04.410+0000] {logging_mixin.py:190} INFO - [2026-07-17T18:10:04.410+0000] {dagbag.py:587} INFO - Filling up the DagBag from /opt/airflow/dags/sanity_checks.py
[2026-07-17T18:10:04.427+0000] {processor.py:925} INFO - DAG(s) 'airflow_sanity_check' retrieved from /opt/airflow/dags/sanity_checks.py
[2026-07-17T18:10:04.471+0000] {logging_mixin.py:190} INFO - [2026-07-17T18:10:04.471+0000] {dag.py:3211} INFO - Sync 1 DAGs
[2026-07-17T18:10:04.496+0000] {logging_mixin.py:190} INFO - [2026-07-17T18:10:04.495+0000] {dag.py:4138} INFO - Setting next_dagrun for airflow_sanity_check to None, run_after=None
[2026-07-17T18:10:04.526+0000] {processor.py:208} INFO - Processing /opt/airflow/dags/sanity_checks.py took 0.131 seconds
[2026-07-17T18:10:34.999+0000] {processor.py:186} INFO - Started process (PID=25184) to work on /opt/airflow/dags/sanity_checks.py
[2026-07-17T18:10:35.001+0000] {processor.py:914} INFO - Processing file /opt/airflow/dags/sanity_checks.py for tasks to queue
[2026-07-17T18:10:35.005+0000] {logging_mixin.py:190} INFO - [2026-07-17T18:10:35.004+0000] {dagbag.py:587} INFO - Filling up the DagBag from /opt/airflow/dags/sanity_checks.py
[2026-07-17T18:10:35.020+0000] {processor.py:925} INFO - DAG(s) 'airflow_sanity_check' retrieved from /opt/airflow/dags/sanity_checks.py
[2026-07-17T18:10:35.065+0000] {logging_mixin.py:190} INFO - [2026-07-17T18:10:35.065+0000] {dag.py:3211} INFO - Sync 1 DAGs
[2026-07-17T18:10:35.090+0000] {logging_mixin.py:190} INFO - [2026-07-17T18:10:35.089+0000] {dag.py:4138} INFO - Setting next_dagrun for airflow_sanity_check to None, run_after=None
[2026-07-17T18:10:35.129+0000] {processor.py:208} INFO - Processing /opt/airflow/dags/sanity_checks.py took 0.138 seconds
[2026-07-17T18:11:05.491+0000] {processor.py:186} INFO - Started process (PID=25194) to work on /opt/airflow/dags/sanity_checks.py
[2026-07-17T18:11:05.493+0000] {processor.py:914} INFO - Processing file /opt/airflow/dags/sanity_checks.py for tasks to queue
[2026-07-17T18:11:05.497+0000] {logging_mixin.py:190} INFO - [2026-07-17T18:11:05.496+0000] {dagbag.py:587} INFO - Filling up the DagBag from /opt/airflow/dags/sanity_checks.py
[2026-07-17T18:11:05.514+0000] {processor.py:925} INFO - DAG(s) 'airflow_sanity_check' retrieved from /opt/airflow/dags/sanity_checks.py
[2026-07-17T18:11:05.559+0000] {logging_mixin.py:190} INFO - [2026-07-17T18:11:05.559+0000] {dag.py:3211} INFO - Sync 1 DAGs
[2026-07-17T18:11:05.581+0000] {logging_mixin.py:190} INFO - [2026-07-17T18:11:05.581+0000] {dag.py:4138} INFO - Setting next_dagrun for airflow_sanity_check to None, run_after=None
[2026-07-17T18:11:05.607+0000] {processor.py:208} INFO - Processing /opt/airflow/dags/sanity_checks.py took 0.125 seconds
[2026-07-17T18:11:35.934+0000] {processor.py:186} INFO - Started process (PID=25204) to work on /opt/airflow/dags/sanity_checks.py
[2026-07-17T18:11:35.936+0000] {processor.py:914} INFO - Processing file /opt/airflow/dags/sanity_checks.py for tasks to queue
[2026-07-17T18:11:35.939+0000] {logging_mixin.py:190} INFO - [2026-07-17T18:11:35.939+0000] {dagbag.py:587} INFO - Filling up the DagBag from /opt/airflow/dags/sanity_checks.py
[2026-07-17T18:11:35.957+0000] {processor.py:925} INFO - DAG(s) 'airflow_sanity_check' retrieved from /opt/airflow/dags/sanity_checks.py
[2026-07-17T18:11:36.001+0000] {logging_mixin.py:190} INFO - [2026-07-17T18:11:36.001+0000] {dag.py:3211} INFO - Sync 1 DAGs
[2026-07-17T18:11:36.027+0000] {logging_mixin.py:190} INFO - [2026-07-17T18:11:36.027+0000] {dag.py:4138} INFO - Setting next_dagrun for airflow_sanity_check to None, run_after=None
[2026-07-17T18:11:36.057+0000] {processor.py:208} INFO - Processing /opt/airflow/dags/sanity_checks.py took 0.132 seconds
[2026-07-17T18:12:06.377+0000] {processor.py:186} INFO - Started process (PID=25214) to work on /opt/airflow/dags/sanity_checks.py
[2026-07-17T18:12:06.379+0000] {processor.py:914} INFO - Processing file /opt/airflow/dags/sanity_checks.py for tasks to queue
[2026-07-17T18:12:06.384+0000] {logging_mixin.py:190} INFO - [2026-07-17T18:12:06.383+0000] {dagbag.py:587} INFO - Filling up the DagBag from /opt/airflow/dags/sanity_checks.py
[2026-07-17T18:12:06.399+0000] {processor.py:925} INFO - DAG(s) 'airflow_sanity_check' retrieved from /opt/airflow/dags/sanity_checks.py
[2026-07-17T18:12:06.444+0000] {logging_mixin.py:190} INFO - [2026-07-17T18:12:06.444+0000] {dag.py:3211} INFO - Sync 1 DAGs
[2026-07-17T18:12:06.468+0000] {logging_mixin.py:190} INFO - [2026-07-17T18:12:06.468+0000] {dag.py:4138} INFO - Setting next_dagrun for airflow_sanity_check to None, run_after=None
[2026-07-17T18:12:06.495+0000] {processor.py:208} INFO - Processing /opt/airflow/dags/sanity_checks.py took 0.127 seconds
[2026-07-17T18:12:36.855+0000] {processor.py:186} INFO - Started process (PID=25224) to work on /opt/airflow/dags/sanity_checks.py
[2026-07-17T18:12:36.856+0000] {processor.py:914} INFO - Processing file /opt/airflow/dags/sanity_checks.py for tasks to queue
[2026-07-17T18:12:36.860+0000] {logging_mixin.py:190} INFO - [2026-07-17T18:12:36.859+0000] {dagbag.py:587} INFO - Filling up the DagBag from /opt/airflow/dags/sanity_checks.py
[2026-07-17T18:12:36.875+0000] {processor.py:925} INFO - DAG(s) 'airflow_sanity_check' retrieved from /opt/airflow/dags/sanity_checks.py
[2026-07-17T18:12:36.917+0000] {logging_mixin.py:190} INFO - [2026-07-17T18:12:36.916+0000] {dag.py:3211} INFO - Sync 1 DAGs
[2026-07-17T18:12:36.937+0000] {logging_mixin.py:190} INFO - [2026-07-17T18:12:36.937+0000] {dag.py:4138} INFO - Setting next_dagrun for airflow_sanity_check to None, run_after=None
[2026-07-17T18:12:36.964+0000] {processor.py:208} INFO - Processing /opt/airflow/dags/sanity_checks.py took 0.119 seconds
[2026-07-17T18:13:07.338+0000] {processor.py:186} INFO - Started process (PID=25234) to work on /opt/airflow/dags/sanity_checks.py
[2026-07-17T18:13:07.339+0000] {processor.py:914} INFO - Processing file /opt/airflow/dags/sanity_checks.py for tasks to queue
[2026-07-17T18:13:07.343+0000] {logging_mixin.py:190} INFO - [2026-07-17T18:13:07.342+0000] {dagbag.py:587} INFO - Filling up the DagBag from /opt/airflow/dags/sanity_checks.py
[2026-07-17T18:13:07.359+0000] {processor.py:925} INFO - DAG(s) 'airflow_sanity_check' retrieved from /opt/airflow/dags/sanity_checks.py
[2026-07-17T18:13:07.404+0000] {logging_mixin.py:190} INFO - [2026-07-17T18:13:07.404+0000] {dag.py:3211} INFO - Sync 1 DAGs
[2026-07-17T18:13:07.428+0000] {logging_mixin.py:190} INFO - [2026-07-17T18:13:07.428+0000] {dag.py:4138} INFO - Setting next_dagrun for airflow_sanity_check to None, run_after=None
[2026-07-17T18:13:07.458+0000] {processor.py:208} INFO - Processing /opt/airflow/dags/sanity_checks.py took 0.130 seconds
[2026-07-17T18:13:37.774+0000] {processor.py:186} INFO - Started process (PID=25244) to work on /opt/airflow/dags/sanity_checks.py
[2026-07-17T18:13:37.776+0000] {processor.py:914} INFO - Processing file /opt/airflow/dags/sanity_checks.py for tasks to queue
[2026-07-17T18:13:37.780+0000] {logging_mixin.py:190} INFO - [2026-07-17T18:13:37.780+0000] {dagbag.py:587} INFO - Filling up the DagBag from /opt/airflow/dags/sanity_checks.py
[2026-07-17T18:13:37.796+0000] {processor.py:925} INFO - DAG(s) 'airflow_sanity_check' retrieved from /opt/airflow/dags/sanity_checks.py
[2026-07-17T18:13:37.839+0000] {logging_mixin.py:190} INFO - [2026-07-17T18:13:37.839+0000] {dag.py:3211} INFO - Sync 1 DAGs
[2026-07-17T18:13:37.862+0000] {logging_mixin.py:190} INFO - [2026-07-17T18:13:37.861+0000] {dag.py:4138} INFO - Setting next_dagrun for airflow_sanity_check to None, run_after=None
[2026-07-17T18:13:37.899+0000] {processor.py:208} INFO - Processing /opt/airflow/dags/sanity_checks.py took 0.133 seconds
[2026-07-17T18:14:08.239+0000] {processor.py:186} INFO - Started process (PID=25254) to work on /opt/airflow/dags/sanity_checks.py
[2026-07-17T18:14:08.241+0000] {processor.py:914} INFO - Processing file /opt/airflow/dags/sanity_checks.py for tasks to queue
[2026-07-17T18:14:08.244+0000] {logging_mixin.py:190} INFO - [2026-07-17T18:14:08.244+0000] {dagbag.py:587} INFO - Filling up the DagBag from /opt/airflow/dags/sanity_checks.py
[2026-07-17T18:14:08.259+0000] {processor.py:925} INFO - DAG(s) 'airflow_sanity_check' retrieved from /opt/airflow/dags/sanity_checks.py
[2026-07-17T18:14:08.299+0000] {logging_mixin.py:190} INFO - [2026-07-17T18:14:08.299+0000] {dag.py:3211} INFO - Sync 1 DAGs
[2026-07-17T18:14:08.319+0000] {logging_mixin.py:190} INFO - [2026-07-17T18:14:08.319+0000] {dag.py:4138} INFO - Setting next_dagrun for airflow_sanity_check to None, run_after=None
[2026-07-17T18:14:08.348+0000] {processor.py:208} INFO - Processing /opt/airflow/dags/sanity_checks.py took 0.117 seconds
[2026-07-17T18:14:38.673+0000] {processor.py:186} INFO - Started process (PID=25264) to work on /opt/airflow/dags/sanity_checks.py
[2026-07-17T18:14:38.675+0000] {processor.py:914} INFO - Processing file /opt/airflow/dags/sanity_checks.py for tasks to queue
[2026-07-17T18:14:38.679+0000] {logging_mixin.py:190} INFO - [2026-07-17T18:14:38.678+0000] {dagbag.py:587} INFO - Filling up the DagBag from /opt/airflow/dags/sanity_checks.py
[2026-07-17T18:14:38.695+0000] {processor.py:925} INFO - DAG(s) 'airflow_sanity_check' retrieved from /opt/airflow/dags/sanity_checks.py
[2026-07-17T18:14:38.741+0000] {logging_mixin.py:190} INFO - [2026-07-17T18:14:38.740+0000] {dag.py:3211} INFO - Sync 1 DAGs
[2026-07-17T18:14:38.773+0000] {logging_mixin.py:190} INFO - [2026-07-17T18:14:38.773+0000] {dag.py:4138} INFO - Setting next_dagrun for airflow_sanity_check to None, run_after=None
[2026-07-17T18:14:38.807+0000] {processor.py:208} INFO - Processing /opt/airflow/dags/sanity_checks.py took 0.144 seconds
[2026-07-17T18:15:09.141+0000] {processor.py:186} INFO - Started process (PID=25274) to work on /opt/airflow/dags/sanity_checks.py
[2026-07-17T18:15:09.143+0000] {processor.py:914} INFO - Processing file /opt/airflow/dags/sanity_checks.py for tasks to queue
[2026-07-17T18:15:09.147+0000] {logging_mixin.py:190} INFO - [2026-07-17T18:15:09.147+0000] {dagbag.py:587} INFO - Filling up the DagBag from /opt/airflow/dags/sanity_checks.py
[2026-07-17T18:15:09.167+0000] {processor.py:925} INFO - DAG(s) 'airflow_sanity_check' retrieved from /opt/airflow/dags/sanity_checks.py
[2026-07-17T18:15:09.222+0000] {logging_mixin.py:190} INFO - [2026-07-17T18:15:09.221+0000] {dag.py:3211} INFO - Sync 1 DAGs
[2026-07-17T18:15:09.260+0000] {logging_mixin.py:190} INFO - [2026-07-17T18:15:09.259+0000] {dag.py:4138} INFO - Setting next_dagrun for airflow_sanity_check to None, run_after=None
[2026-07-17T18:15:09.291+0000] {processor.py:208} INFO - Processing /opt/airflow/dags/sanity_checks.py took 0.161 seconds
[2026-07-17T18:15:39.642+0000] {processor.py:186} INFO - Started process (PID=25284) to work on /opt/airflow/dags/sanity_checks.py
[2026-07-17T18:15:39.644+0000] {processor.py:914} INFO - Processing file /opt/airflow/dags/sanity_checks.py for tasks to queue
[2026-07-17T18:15:39.649+0000] {logging_mixin.py:190} INFO - [2026-07-17T18:15:39.648+0000] {dagbag.py:587} INFO - Filling up the DagBag from /opt/airflow/dags/sanity_checks.py
[2026-07-17T18:15:39.665+0000] {processor.py:925} INFO - DAG(s) 'airflow_sanity_check' retrieved from /opt/airflow/dags/sanity_checks.py
[2026-07-17T18:15:39.713+0000] {logging_mixin.py:190} INFO - [2026-07-17T18:15:39.713+0000] {dag.py:3211} INFO - Sync 1 DAGs
[2026-07-17T18:15:39.734+0000] {logging_mixin.py:190} INFO - [2026-07-17T18:15:39.734+0000] {dag.py:4138} INFO - Setting next_dagrun for airflow_sanity_check to None, run_after=None
[2026-07-17T18:15:39.762+0000] {processor.py:208} INFO - Processing /opt/airflow/dags/sanity_checks.py took 0.129 seconds
[2026-07-17T18:16:10.081+0000] {processor.py:186} INFO - Started process (PID=25294) to work on /opt/airflow/dags/sanity_checks.py
[2026-07-17T18:16:10.083+0000] {processor.py:914} INFO - Processing file /opt/airflow/dags/sanity_checks.py for tasks to queue
[2026-07-17T18:16:10.087+0000] {logging_mixin.py:190} INFO - [2026-07-17T18:16:10.086+0000] {dagbag.py:587} INFO - Filling up the DagBag from /opt/airflow/dags/sanity_checks.py
[2026-07-17T18:16:10.102+0000] {processor.py:925} INFO - DAG(s) 'airflow_sanity_check' retrieved from /opt/airflow/dags/sanity_checks.py
[2026-07-17T18:16:10.147+0000] {logging_mixin.py:190} INFO - [2026-07-17T18:16:10.146+0000] {dag.py:3211} INFO - Sync 1 DAGs
[2026-07-17T18:16:10.172+0000] {logging_mixin.py:190} INFO - [2026-07-17T18:16:10.172+0000] {dag.py:4138} INFO - Setting next_dagrun for airflow_sanity_check to None, run_after=None
[2026-07-17T18:16:10.205+0000] {processor.py:208} INFO - Processing /opt/airflow/dags/sanity_checks.py took 0.134 seconds
[2026-07-17T18:16:40.541+0000] {processor.py:186} INFO - Started process (PID=25304) to work on /opt/airflow/dags/sanity_checks.py
[2026-07-17T18:16:40.543+0000] {processor.py:914} INFO - Processing file /opt/airflow/dags/sanity_checks.py for tasks to queue
[2026-07-17T18:16:40.546+0000] {logging_mixin.py:190} INFO - [2026-07-17T18:16:40.546+0000] {dagbag.py:587} INFO - Filling up the DagBag from /opt/airflow/dags/sanity_checks.py
[2026-07-17T18:16:40.561+0000] {processor.py:925} INFO - DAG(s) 'airflow_sanity_check' retrieved from /opt/airflow/dags/sanity_checks.py
[2026-07-17T18:16:40.601+0000] {logging_mixin.py:190} INFO - [2026-07-17T18:16:40.600+0000] {dag.py:3211} INFO - Sync 1 DAGs
[2026-07-17T18:16:40.622+0000] {logging_mixin.py:190} INFO - [2026-07-17T18:16:40.621+0000] {dag.py:4138} INFO - Setting next_dagrun for airflow_sanity_check to None, run_after=None
[2026-07-17T18:16:40.650+0000] {processor.py:208} INFO - Processing /opt/airflow/dags/sanity_checks.py took 0.118 seconds
[2026-07-17T18:17:11.121+0000] {processor.py:186} INFO - Started process (PID=25314) to work on /opt/airflow/dags/sanity_checks.py
[2026-07-17T18:17:11.124+0000] {processor.py:914} INFO - Processing file /opt/airflow/dags/sanity_checks.py for tasks to queue
[2026-07-17T18:17:11.129+0000] {logging_mixin.py:190} INFO - [2026-07-17T18:17:11.129+0000] {dagbag.py:587} INFO - Filling up the DagBag from /opt/airflow/dags/sanity_checks.py
[2026-07-17T18:17:11.148+0000] {processor.py:925} INFO - DAG(s) 'airflow_sanity_check' retrieved from /opt/airflow/dags/sanity_checks.py
[2026-07-17T18:17:11.193+0000] {logging_mixin.py:190} INFO - [2026-07-17T18:17:11.192+0000] {dag.py:3211} INFO - Sync 1 DAGs
[2026-07-17T18:17:11.216+0000] {logging_mixin.py:190} INFO - [2026-07-17T18:17:11.216+0000] {dag.py:4138} INFO - Setting next_dagrun for airflow_sanity_check to None, run_after=None
[2026-07-17T18:17:11.247+0000] {processor.py:208} INFO - Processing /opt/airflow/dags/sanity_checks.py took 0.138 seconds
[2026-07-17T18:17:41.678+0000] {processor.py:186} INFO - Started process (PID=25324) to work on /opt/airflow/dags/sanity_checks.py
[2026-07-17T18:17:41.679+0000] {processor.py:914} INFO - Processing file /opt/airflow/dags/sanity_checks.py for tasks to queue
[2026-07-17T18:17:41.683+0000] {logging_mixin.py:190} INFO - [2026-07-17T18:17:41.682+0000] {dagbag.py:587} INFO - Filling up the DagBag from /opt/airflow/dags/sanity_checks.py
[2026-07-17T18:17:41.699+0000] {processor.py:925} INFO - DAG(s) 'airflow_sanity_check' retrieved from /opt/airflow/dags/sanity_checks.py
[2026-07-17T18:17:41.746+0000] {logging_mixin.py:190} INFO - [2026-07-17T18:17:41.745+0000] {dag.py:3211} INFO - Sync 1 DAGs
[2026-07-17T18:17:41.771+0000] {logging_mixin.py:190} INFO - [2026-07-17T18:17:41.769+0000] {dag.py:4138} INFO - Setting next_dagrun for airflow_sanity_check to None, run_after=None
[2026-07-17T18:17:41.803+0000] {processor.py:208} INFO - Processing /opt/airflow/dags/sanity_checks.py took 0.140 seconds
[2026-07-17T18:18:12.190+0000] {processor.py:186} INFO - Started process (PID=25334) to work on /opt/airflow/dags/sanity_checks.py
[2026-07-17T18:18:12.191+0000] {processor.py:914} INFO - Processing file /opt/airflow/dags/sanity_checks.py for tasks to queue
[2026-07-17T18:18:12.197+0000] {logging_mixin.py:190} INFO - [2026-07-17T18:18:12.196+0000] {dagbag.py:587} INFO - Filling up the DagBag from /opt/airflow/dags/sanity_checks.py
[2026-07-17T18:18:12.212+0000] {processor.py:925} INFO - DAG(s) 'airflow_sanity_check' retrieved from /opt/airflow/dags/sanity_checks.py
[2026-07-17T18:18:12.260+0000] {logging_mixin.py:190} INFO - [2026-07-17T18:18:12.260+0000] {dag.py:3211} INFO - Sync 1 DAGs
[2026-07-17T18:18:12.287+0000] {logging_mixin.py:190} INFO - [2026-07-17T18:18:12.287+0000] {dag.py:4138} INFO - Setting next_dagrun for airflow_sanity_check to None, run_after=None
[2026-07-17T18:18:12.314+0000] {processor.py:208} INFO - Processing /opt/airflow/dags/sanity_checks.py took 0.133 seconds
[2026-07-17T18:18:42.635+0000] {processor.py:186} INFO - Started process (PID=25344) to work on /opt/airflow/dags/sanity_checks.py
[2026-07-17T18:18:42.638+0000] {processor.py:914} INFO - Processing file /opt/airflow/dags/sanity_checks.py for tasks to queue
[2026-07-17T18:18:42.642+0000] {logging_mixin.py:190} INFO - [2026-07-17T18:18:42.642+0000] {dagbag.py:587} INFO - Filling up the DagBag from /opt/airflow/dags/sanity_checks.py
[2026-07-17T18:18:42.659+0000] {processor.py:925} INFO - DAG(s) 'airflow_sanity_check' retrieved from /opt/airflow/dags/sanity_checks.py
[2026-07-17T18:18:42.704+0000] {logging_mixin.py:190} INFO - [2026-07-17T18:18:42.704+0000] {dag.py:3211} INFO - Sync 1 DAGs
[2026-07-17T18:18:42.725+0000] {logging_mixin.py:190} INFO - [2026-07-17T18:18:42.725+0000] {dag.py:4138} INFO - Setting next_dagrun for airflow_sanity_check to None, run_after=None
[2026-07-17T18:18:42.758+0000] {processor.py:208} INFO - Processing /opt/airflow/dags/sanity_checks.py took 0.134 seconds
[2026-07-17T18:19:13.094+0000] {processor.py:186} INFO - Started process (PID=25354) to work on /opt/airflow/dags/sanity_checks.py
[2026-07-17T18:19:13.095+0000] {processor.py:914} INFO - Processing file /opt/airflow/dags/sanity_checks.py for tasks to queue
[2026-07-17T18:19:13.099+0000] {logging_mixin.py:190} INFO - [2026-07-17T18:19:13.098+0000] {dagbag.py:587} INFO - Filling up the DagBag from /opt/airflow/dags/sanity_checks.py
[2026-07-17T18:19:13.113+0000] {processor.py:925} INFO - DAG(s) 'airflow_sanity_check' retrieved from /opt/airflow/dags/sanity_checks.py
[2026-07-17T18:19:13.152+0000] {logging_mixin.py:190} INFO - [2026-07-17T18:19:13.152+0000] {dag.py:3211} INFO - Sync 1 DAGs
[2026-07-17T18:19:13.174+0000] {logging_mixin.py:190} INFO - [2026-07-17T18:19:13.173+0000] {dag.py:4138} INFO - Setting next_dagrun for airflow_sanity_check to None, run_after=None
[2026-07-17T18:19:13.200+0000] {processor.py:208} INFO - Processing /opt/airflow/dags/sanity_checks.py took 0.115 seconds
[2026-07-17T18:19:43.545+0000] {processor.py:186} INFO - Started process (PID=25364) to work on /opt/airflow/dags/sanity_checks.py
[2026-07-17T18:19:43.546+0000] {processor.py:914} INFO - Processing file /opt/airflow/dags/sanity_checks.py for tasks to queue
[2026-07-17T18:19:43.549+0000] {logging_mixin.py:190} INFO - [2026-07-17T18:19:43.549+0000] {dagbag.py:587} INFO - Filling up the DagBag from /opt/airflow/dags/sanity_checks.py
[2026-07-17T18:19:43.564+0000] {processor.py:925} INFO - DAG(s) 'airflow_sanity_check' retrieved from /opt/airflow/dags/sanity_checks.py
[2026-07-17T18:19:43.608+0000] {logging_mixin.py:190} INFO - [2026-07-17T18:19:43.608+0000] {dag.py:3211} INFO - Sync 1 DAGs
[2026-07-17T18:19:43.631+0000] {logging_mixin.py:190} INFO - [2026-07-17T18:19:43.631+0000] {dag.py:4138} INFO - Setting next_dagrun for airflow_sanity_check to None, run_after=None
[2026-07-17T18:19:43.658+0000] {processor.py:208} INFO - Processing /opt/airflow/dags/sanity_checks.py took 0.121 seconds
[2026-07-17T18:20:13.961+0000] {processor.py:186} INFO - Started process (PID=25374) to work on /opt/airflow/dags/sanity_checks.py
[2026-07-17T18:20:13.963+0000] {processor.py:914} INFO - Processing file /opt/airflow/dags/sanity_checks.py for tasks to queue
[2026-07-17T18:20:13.966+0000] {logging_mixin.py:190} INFO - [2026-07-17T18:20:13.966+0000] {dagbag.py:587} INFO - Filling up the DagBag from /opt/airflow/dags/sanity_checks.py
[2026-07-17T18:20:13.984+0000] {processor.py:925} INFO - DAG(s) 'airflow_sanity_check' retrieved from /opt/airflow/dags/sanity_checks.py
[2026-07-17T18:20:14.023+0000] {logging_mixin.py:190} INFO - [2026-07-17T18:20:14.023+0000] {dag.py:3211} INFO - Sync 1 DAGs
[2026-07-17T18:20:14.044+0000] {logging_mixin.py:190} INFO - [2026-07-17T18:20:14.044+0000] {dag.py:4138} INFO - Setting next_dagrun for airflow_sanity_check to None, run_after=None
[2026-07-17T18:20:14.072+0000] {processor.py:208} INFO - Processing /opt/airflow/dags/sanity_checks.py took 0.119 seconds
[2026-07-17T18:20:44.406+0000] {processor.py:186} INFO - Started process (PID=25384) to work on /opt/airflow/dags/sanity_checks.py
[2026-07-17T18:20:44.407+0000] {processor.py:914} INFO - Processing file /opt/airflow/dags/sanity_checks.py for tasks to queue
[2026-07-17T18:20:44.411+0000] {logging_mixin.py:190} INFO - [2026-07-17T18:20:44.411+0000] {dagbag.py:587} INFO - Filling up the DagBag from /opt/airflow/dags/sanity_checks.py
[2026-07-17T18:20:44.428+0000] {processor.py:925} INFO - DAG(s) 'airflow_sanity_check' retrieved from /opt/airflow/dags/sanity_checks.py
[2026-07-17T18:20:44.474+0000] {logging_mixin.py:190} INFO - [2026-07-17T18:20:44.473+0000] {dag.py:3211} INFO - Sync 1 DAGs
[2026-07-17T18:20:44.498+0000] {logging_mixin.py:190} INFO - [2026-07-17T18:20:44.497+0000] {dag.py:4138} INFO - Setting next_dagrun for airflow_sanity_check to None, run_after=None
[2026-07-17T18:20:44.526+0000] {processor.py:208} INFO - Processing /opt/airflow/dags/sanity_checks.py took 0.131 seconds
[2026-07-17T18:21:14.845+0000] {processor.py:186} INFO - Started process (PID=25394) to work on /opt/airflow/dags/sanity_checks.py
[2026-07-17T18:21:14.846+0000] {processor.py:914} INFO - Processing file /opt/airflow/dags/sanity_checks.py for tasks to queue
[2026-07-17T18:21:14.850+0000] {logging_mixin.py:190} INFO - [2026-07-17T18:21:14.849+0000] {dagbag.py:587} INFO - Filling up the DagBag from /opt/airflow/dags/sanity_checks.py
[2026-07-17T18:21:14.866+0000] {processor.py:925} INFO - DAG(s) 'airflow_sanity_check' retrieved from /opt/airflow/dags/sanity_checks.py
[2026-07-17T18:21:14.909+0000] {logging_mixin.py:190} INFO - [2026-07-17T18:21:14.909+0000] {dag.py:3211} INFO - Sync 1 DAGs
[2026-07-17T18:21:14.930+0000] {logging_mixin.py:190} INFO - [2026-07-17T18:21:14.930+0000] {dag.py:4138} INFO - Setting next_dagrun for airflow_sanity_check to None, run_after=None
[2026-07-17T18:21:14.958+0000] {processor.py:208} INFO - Processing /opt/airflow/dags/sanity_checks.py took 0.122 seconds
[2026-07-17T18:21:45.269+0000] {processor.py:186} INFO - Started process (PID=25404) to work on /opt/airflow/dags/sanity_checks.py
[2026-07-17T18:21:45.271+0000] {processor.py:914} INFO - Processing file /opt/airflow/dags/sanity_checks.py for tasks to queue
[2026-07-17T18:21:45.275+0000] {logging_mixin.py:190} INFO - [2026-07-17T18:21:45.275+0000] {dagbag.py:587} INFO - Filling up the DagBag from /opt/airflow/dags/sanity_checks.py
[2026-07-17T18:21:45.290+0000] {processor.py:925} INFO - DAG(s) 'airflow_sanity_check' retrieved from /opt/airflow/dags/sanity_checks.py
[2026-07-17T18:21:45.331+0000] {logging_mixin.py:190} INFO - [2026-07-17T18:21:45.330+0000] {dag.py:3211} INFO - Sync 1 DAGs
[2026-07-17T18:21:45.352+0000] {logging_mixin.py:190} INFO - [2026-07-17T18:21:45.352+0000] {dag.py:4138} INFO - Setting next_dagrun for airflow_sanity_check to None, run_after=None
[2026-07-17T18:21:45.379+0000] {processor.py:208} INFO - Processing /opt/airflow/dags/sanity_checks.py took 0.119 seconds
[2026-07-17T18:22:15.734+0000] {processor.py:186} INFO - Started process (PID=25414) to work on /opt/airflow/dags/sanity_checks.py
[2026-07-17T18:22:15.737+0000] {processor.py:914} INFO - Processing file /opt/airflow/dags/sanity_checks.py for tasks to queue
[2026-07-17T18:22:15.741+0000] {logging_mixin.py:190} INFO - [2026-07-17T18:22:15.740+0000] {dagbag.py:587} INFO - Filling up the DagBag from /opt/airflow/dags/sanity_checks.py
[2026-07-17T18:22:15.757+0000] {processor.py:925} INFO - DAG(s) 'airflow_sanity_check' retrieved from /opt/airflow/dags/sanity_checks.py
[2026-07-17T18:22:15.804+0000] {logging_mixin.py:190} INFO - [2026-07-17T18:22:15.804+0000] {dag.py:3211} INFO - Sync 1 DAGs
[2026-07-17T18:22:15.828+0000] {logging_mixin.py:190} INFO - [2026-07-17T18:22:15.828+0000] {dag.py:4138} INFO - Setting next_dagrun for airflow_sanity_check to None, run_after=None
[2026-07-17T18:22:15.854+0000] {processor.py:208} INFO - Processing /opt/airflow/dags/sanity_checks.py took 0.128 seconds
[2026-07-17T18:22:46.172+0000] {processor.py:186} INFO - Started process (PID=25424) to work on /opt/airflow/dags/sanity_checks.py
[2026-07-17T18:22:46.174+0000] {processor.py:914} INFO - Processing file /opt/airflow/dags/sanity_checks.py for tasks to queue
[2026-07-17T18:22:46.177+0000] {logging_mixin.py:190} INFO - [2026-07-17T18:22:46.177+0000] {dagbag.py:587} INFO - Filling up the DagBag from /opt/airflow/dags/sanity_checks.py
[2026-07-17T18:22:46.192+0000] {processor.py:925} INFO - DAG(s) 'airflow_sanity_check' retrieved from /opt/airflow/dags/sanity_checks.py
[2026-07-17T18:22:46.234+0000] {logging_mixin.py:190} INFO - [2026-07-17T18:22:46.233+0000] {dag.py:3211} INFO - Sync 1 DAGs
[2026-07-17T18:22:46.256+0000] {logging_mixin.py:190} INFO - [2026-07-17T18:22:46.255+0000] {dag.py:4138} INFO - Setting next_dagrun for airflow_sanity_check to None, run_after=None
[2026-07-17T18:22:46.282+0000] {processor.py:208} INFO - Processing /opt/airflow/dags/sanity_checks.py took 0.119 seconds
[2026-07-17T18:23:16.612+0000] {processor.py:186} INFO - Started process (PID=25434) to work on /opt/airflow/dags/sanity_checks.py
[2026-07-17T18:23:16.614+0000] {processor.py:914} INFO - Processing file /opt/airflow/dags/sanity_checks.py for tasks to queue
[2026-07-17T18:23:16.618+0000] {logging_mixin.py:190} INFO - [2026-07-17T18:23:16.617+0000] {dagbag.py:587} INFO - Filling up the DagBag from /opt/airflow/dags/sanity_checks.py
[2026-07-17T18:23:16.634+0000] {processor.py:925} INFO - DAG(s) 'airflow_sanity_check' retrieved from /opt/airflow/dags/sanity_checks.py
[2026-07-17T18:23:16.681+0000] {logging_mixin.py:190} INFO - [2026-07-17T18:23:16.681+0000] {dag.py:3211} INFO - Sync 1 DAGs
[2026-07-17T18:23:16.706+0000] {logging_mixin.py:190} INFO - [2026-07-17T18:23:16.705+0000] {dag.py:4138} INFO - Setting next_dagrun for airflow_sanity_check to None, run_after=None
[2026-07-17T18:23:16.733+0000] {processor.py:208} INFO - Processing /opt/airflow/dags/sanity_checks.py took 0.130 seconds
[2026-07-17T18:23:47.071+0000] {processor.py:186} INFO - Started process (PID=25444) to work on /opt/airflow/dags/sanity_checks.py
[2026-07-17T18:23:47.072+0000] {processor.py:914} INFO - Processing file /opt/airflow/dags/sanity_checks.py for tasks to queue
[2026-07-17T18:23:47.075+0000] {logging_mixin.py:190} INFO - [2026-07-17T18:23:47.075+0000] {dagbag.py:587} INFO - Filling up the DagBag from /opt/airflow/dags/sanity_checks.py
[2026-07-17T18:23:47.090+0000] {processor.py:925} INFO - DAG(s) 'airflow_sanity_check' retrieved from /opt/airflow/dags/sanity_checks.py
[2026-07-17T18:23:47.131+0000] {logging_mixin.py:190} INFO - [2026-07-17T18:23:47.131+0000] {dag.py:3211} INFO - Sync 1 DAGs
[2026-07-17T18:23:47.153+0000] {logging_mixin.py:190} INFO - [2026-07-17T18:23:47.153+0000] {dag.py:4138} INFO - Setting next_dagrun for airflow_sanity_check to None, run_after=None
[2026-07-17T18:23:47.179+0000] {processor.py:208} INFO - Processing /opt/airflow/dags/sanity_checks.py took 0.117 seconds
[2026-07-17T18:24:17.484+0000] {processor.py:186} INFO - Started process (PID=25454) to work on /opt/airflow/dags/sanity_checks.py
[2026-07-17T18:24:17.486+0000] {processor.py:914} INFO - Processing file /opt/airflow/dags/sanity_checks.py for tasks to queue
[2026-07-17T18:24:17.489+0000] {logging_mixin.py:190} INFO - [2026-07-17T18:24:17.489+0000] {dagbag.py:587} INFO - Filling up the DagBag from /opt/airflow/dags/sanity_checks.py
[2026-07-17T18:24:17.505+0000] {processor.py:925} INFO - DAG(s) 'airflow_sanity_check' retrieved from /opt/airflow/dags/sanity_checks.py
[2026-07-17T18:24:17.546+0000] {logging_mixin.py:190} INFO - [2026-07-17T18:24:17.545+0000] {dag.py:3211} INFO - Sync 1 DAGs
[2026-07-17T18:24:17.568+0000] {logging_mixin.py:190} INFO - [2026-07-17T18:24:17.567+0000] {dag.py:4138} INFO - Setting next_dagrun for airflow_sanity_check to None, run_after=None
[2026-07-17T18:24:17.595+0000] {processor.py:208} INFO - Processing /opt/airflow/dags/sanity_checks.py took 0.120 seconds
[2026-07-17T18:24:47.908+0000] {processor.py:186} INFO - Started process (PID=25464) to work on /opt/airflow/dags/sanity_checks.py
[2026-07-17T18:24:47.910+0000] {processor.py:914} INFO - Processing file /opt/airflow/dags/sanity_checks.py for tasks to queue
[2026-07-17T18:24:47.915+0000] {logging_mixin.py:190} INFO - [2026-07-17T18:24:47.915+0000] {dagbag.py:587} INFO - Filling up the DagBag from /opt/airflow/dags/sanity_checks.py
[2026-07-17T18:24:47.931+0000] {processor.py:925} INFO - DAG(s) 'airflow_sanity_check' retrieved from /opt/airflow/dags/sanity_checks.py
[2026-07-17T18:24:47.975+0000] {logging_mixin.py:190} INFO - [2026-07-17T18:24:47.975+0000] {dag.py:3211} INFO - Sync 1 DAGs
[2026-07-17T18:24:47.999+0000] {logging_mixin.py:190} INFO - [2026-07-17T18:24:47.998+0000] {dag.py:4138} INFO - Setting next_dagrun for airflow_sanity_check to None, run_after=None
[2026-07-17T18:24:48.028+0000] {processor.py:208} INFO - Processing /opt/airflow/dags/sanity_checks.py took 0.128 seconds
[2026-07-17T18:25:18.338+0000] {processor.py:186} INFO - Started process (PID=25474) to work on /opt/airflow/dags/sanity_checks.py
[2026-07-17T18:25:18.340+0000] {processor.py:914} INFO - Processing file /opt/airflow/dags/sanity_checks.py for tasks to queue
[2026-07-17T18:25:18.344+0000] {logging_mixin.py:190} INFO - [2026-07-17T18:25:18.344+0000] {dagbag.py:587} INFO - Filling up the DagBag from /opt/airflow/dags/sanity_checks.py
[2026-07-17T18:25:18.361+0000] {processor.py:925} INFO - DAG(s) 'airflow_sanity_check' retrieved from /opt/airflow/dags/sanity_checks.py
[2026-07-17T18:25:18.408+0000] {logging_mixin.py:190} INFO - [2026-07-17T18:25:18.407+0000] {dag.py:3211} INFO - Sync 1 DAGs
[2026-07-17T18:25:18.435+0000] {logging_mixin.py:190} INFO - [2026-07-17T18:25:18.435+0000] {dag.py:4138} INFO - Setting next_dagrun for airflow_sanity_check to None, run_after=None
[2026-07-17T18:25:18.463+0000] {processor.py:208} INFO - Processing /opt/airflow/dags/sanity_checks.py took 0.135 seconds
[2026-07-17T18:25:48.772+0000] {processor.py:186} INFO - Started process (PID=25484) to work on /opt/airflow/dags/sanity_checks.py
[2026-07-17T18:25:48.774+0000] {processor.py:914} INFO - Processing file /opt/airflow/dags/sanity_checks.py for tasks to queue
[2026-07-17T18:25:48.779+0000] {logging_mixin.py:190} INFO - [2026-07-17T18:25:48.778+0000] {dagbag.py:587} INFO - Filling up the DagBag from /opt/airflow/dags/sanity_checks.py
[2026-07-17T18:25:48.797+0000] {processor.py:925} INFO - DAG(s) 'airflow_sanity_check' retrieved from /opt/airflow/dags/sanity_checks.py
[2026-07-17T18:25:48.872+0000] {logging_mixin.py:190} INFO - [2026-07-17T18:25:48.871+0000] {dag.py:3211} INFO - Sync 1 DAGs
[2026-07-17T18:25:48.898+0000] {logging_mixin.py:190} INFO - [2026-07-17T18:25:48.897+0000] {dag.py:4138} INFO - Setting next_dagrun for airflow_sanity_check to None, run_after=None
[2026-07-17T18:25:48.928+0000] {processor.py:208} INFO - Processing /opt/airflow/dags/sanity_checks.py took 0.165 seconds
[2026-07-17T18:26:19.255+0000] {processor.py:186} INFO - Started process (PID=25494) to work on /opt/airflow/dags/sanity_checks.py
[2026-07-17T18:26:19.256+0000] {processor.py:914} INFO - Processing file /opt/airflow/dags/sanity_checks.py for tasks to queue
[2026-07-17T18:26:19.260+0000] {logging_mixin.py:190} INFO - [2026-07-17T18:26:19.259+0000] {dagbag.py:587} INFO - Filling up the DagBag from /opt/airflow/dags/sanity_checks.py
[2026-07-17T18:26:19.275+0000] {processor.py:925} INFO - DAG(s) 'airflow_sanity_check' retrieved from /opt/airflow/dags/sanity_checks.py
[2026-07-17T18:26:19.316+0000] {logging_mixin.py:190} INFO - [2026-07-17T18:26:19.316+0000] {dag.py:3211} INFO - Sync 1 DAGs
[2026-07-17T18:26:19.337+0000] {logging_mixin.py:190} INFO - [2026-07-17T18:26:19.337+0000] {dag.py:4138} INFO - Setting next_dagrun for airflow_sanity_check to None, run_after=None
[2026-07-17T18:26:19.366+0000] {processor.py:208} INFO - Processing /opt/airflow/dags/sanity_checks.py took 0.120 seconds
[2026-07-17T18:26:49.689+0000] {processor.py:186} INFO - Started process (PID=25504) to work on /opt/airflow/dags/sanity_checks.py
[2026-07-17T18:26:49.690+0000] {processor.py:914} INFO - Processing file /opt/airflow/dags/sanity_checks.py for tasks to queue
[2026-07-17T18:26:49.694+0000] {logging_mixin.py:190} INFO - [2026-07-17T18:26:49.693+0000] {dagbag.py:587} INFO - Filling up the DagBag from /opt/airflow/dags/sanity_checks.py
[2026-07-17T18:26:49.710+0000] {processor.py:925} INFO - DAG(s) 'airflow_sanity_check' retrieved from /opt/airflow/dags/sanity_checks.py
[2026-07-17T18:26:49.752+0000] {logging_mixin.py:190} INFO - [2026-07-17T18:26:49.752+0000] {dag.py:3211} INFO - Sync 1 DAGs
[2026-07-17T18:26:49.775+0000] {logging_mixin.py:190} INFO - [2026-07-17T18:26:49.774+0000] {dag.py:4138} INFO - Setting next_dagrun for airflow_sanity_check to None, run_after=None
[2026-07-17T18:26:49.803+0000] {processor.py:208} INFO - Processing /opt/airflow/dags/sanity_checks.py took 0.124 seconds
[2026-07-17T18:27:20.142+0000] {processor.py:186} INFO - Started process (PID=25514) to work on /opt/airflow/dags/sanity_checks.py
[2026-07-17T18:27:20.144+0000] {processor.py:914} INFO - Processing file /opt/airflow/dags/sanity_checks.py for tasks to queue
[2026-07-17T18:27:20.148+0000] {logging_mixin.py:190} INFO - [2026-07-17T18:27:20.147+0000] {dagbag.py:587} INFO - Filling up the DagBag from /opt/airflow/dags/sanity_checks.py
[2026-07-17T18:27:20.164+0000] {processor.py:925} INFO - DAG(s) 'airflow_sanity_check' retrieved from /opt/airflow/dags/sanity_checks.py
[2026-07-17T18:27:20.209+0000] {logging_mixin.py:190} INFO - [2026-07-17T18:27:20.209+0000] {dag.py:3211} INFO - Sync 1 DAGs
[2026-07-17T18:27:20.240+0000] {logging_mixin.py:190} INFO - [2026-07-17T18:27:20.240+0000] {dag.py:4138} INFO - Setting next_dagrun for airflow_sanity_check to None, run_after=None
[2026-07-17T18:27:20.493+0000] {processor.py:208} INFO - Processing /opt/airflow/dags/sanity_checks.py took 0.360 seconds
[2026-07-17T18:27:50.676+0000] {processor.py:186} INFO - Started process (PID=25524) to work on /opt/airflow/dags/sanity_checks.py
[2026-07-17T18:27:50.678+0000] {processor.py:914} INFO - Processing file /opt/airflow/dags/sanity_checks.py for tasks to queue
[2026-07-17T18:27:50.683+0000] {logging_mixin.py:190} INFO - [2026-07-17T18:27:50.682+0000] {dagbag.py:587} INFO - Filling up the DagBag from /opt/airflow/dags/sanity_checks.py
[2026-07-17T18:27:50.698+0000] {processor.py:925} INFO - DAG(s) 'airflow_sanity_check' retrieved from /opt/airflow/dags/sanity_checks.py
[2026-07-17T18:27:50.744+0000] {logging_mixin.py:190} INFO - [2026-07-17T18:27:50.743+0000] {dag.py:3211} INFO - Sync 1 DAGs
[2026-07-17T18:27:50.766+0000] {logging_mixin.py:190} INFO - [2026-07-17T18:27:50.766+0000] {dag.py:4138} INFO - Setting next_dagrun for airflow_sanity_check to None, run_after=None
[2026-07-17T18:27:50.795+0000] {processor.py:208} INFO - Processing /opt/airflow/dags/sanity_checks.py took 0.129 seconds
[2026-07-17T18:28:21.160+0000] {processor.py:186} INFO - Started process (PID=25534) to work on /opt/airflow/dags/sanity_checks.py
[2026-07-17T18:28:21.162+0000] {processor.py:914} INFO - Processing file /opt/airflow/dags/sanity_checks.py for tasks to queue
[2026-07-17T18:28:21.166+0000] {logging_mixin.py:190} INFO - [2026-07-17T18:28:21.165+0000] {dagbag.py:587} INFO - Filling up the DagBag from /opt/airflow/dags/sanity_checks.py
[2026-07-17T18:28:21.183+0000] {processor.py:925} INFO - DAG(s) 'airflow_sanity_check' retrieved from /opt/airflow/dags/sanity_checks.py
[2026-07-17T18:28:21.229+0000] {logging_mixin.py:190} INFO - [2026-07-17T18:28:21.229+0000] {dag.py:3211} INFO - Sync 1 DAGs
[2026-07-17T18:28:21.252+0000] {logging_mixin.py:190} INFO - [2026-07-17T18:28:21.252+0000] {dag.py:4138} INFO - Setting next_dagrun for airflow_sanity_check to None, run_after=None
[2026-07-17T18:28:21.279+0000] {processor.py:208} INFO - Processing /opt/airflow/dags/sanity_checks.py took 0.131 seconds
[2026-07-17T18:28:51.623+0000] {processor.py:186} INFO - Started process (PID=25544) to work on /opt/airflow/dags/sanity_checks.py
[2026-07-17T18:28:51.625+0000] {processor.py:914} INFO - Processing file /opt/airflow/dags/sanity_checks.py for tasks to queue
[2026-07-17T18:28:51.629+0000] {logging_mixin.py:190} INFO - [2026-07-17T18:28:51.628+0000] {dagbag.py:587} INFO - Filling up the DagBag from /opt/airflow/dags/sanity_checks.py
[2026-07-17T18:28:51.645+0000] {processor.py:925} INFO - DAG(s) 'airflow_sanity_check' retrieved from /opt/airflow/dags/sanity_checks.py
[2026-07-17T18:28:51.688+0000] {logging_mixin.py:190} INFO - [2026-07-17T18:28:51.688+0000] {dag.py:3211} INFO - Sync 1 DAGs
[2026-07-17T18:28:51.708+0000] {logging_mixin.py:190} INFO - [2026-07-17T18:28:51.708+0000] {dag.py:4138} INFO - Setting next_dagrun for airflow_sanity_check to None, run_after=None
[2026-07-17T18:28:51.736+0000] {processor.py:208} INFO - Processing /opt/airflow/dags/sanity_checks.py took 0.121 seconds
[2026-07-17T18:29:22.062+0000] {processor.py:186} INFO - Started process (PID=25554) to work on /opt/airflow/dags/sanity_checks.py
[2026-07-17T18:29:22.064+0000] {processor.py:914} INFO - Processing file /opt/airflow/dags/sanity_checks.py for tasks to queue
[2026-07-17T18:29:22.067+0000] {logging_mixin.py:190} INFO - [2026-07-17T18:29:22.067+0000] {dagbag.py:587} INFO - Filling up the DagBag from /opt/airflow/dags/sanity_checks.py
[2026-07-17T18:29:22.085+0000] {processor.py:925} INFO - DAG(s) 'airflow_sanity_check' retrieved from /opt/airflow/dags/sanity_checks.py
[2026-07-17T18:29:22.128+0000] {logging_mixin.py:190} INFO - [2026-07-17T18:29:22.127+0000] {dag.py:3211} INFO - Sync 1 DAGs
[2026-07-17T18:29:22.150+0000] {logging_mixin.py:190} INFO - [2026-07-17T18:29:22.150+0000] {dag.py:4138} INFO - Setting next_dagrun for airflow_sanity_check to None, run_after=None
[2026-07-17T18:29:22.181+0000] {processor.py:208} INFO - Processing /opt/airflow/dags/sanity_checks.py took 0.130 seconds
[2026-07-17T18:29:52.507+0000] {processor.py:186} INFO - Started process (PID=25564) to work on /opt/airflow/dags/sanity_checks.py
[2026-07-17T18:29:52.509+0000] {processor.py:914} INFO - Processing file /opt/airflow/dags/sanity_checks.py for tasks to queue
[2026-07-17T18:29:52.512+0000] {logging_mixin.py:190} INFO - [2026-07-17T18:29:52.512+0000] {dagbag.py:587} INFO - Filling up the DagBag from /opt/airflow/dags/sanity_checks.py
[2026-07-17T18:29:52.529+0000] {processor.py:925} INFO - DAG(s) 'airflow_sanity_check' retrieved from /opt/airflow/dags/sanity_checks.py
[2026-07-17T18:29:52.578+0000] {logging_mixin.py:190} INFO - [2026-07-17T18:29:52.577+0000] {dag.py:3211} INFO - Sync 1 DAGs
[2026-07-17T18:29:52.605+0000] {logging_mixin.py:190} INFO - [2026-07-17T18:29:52.604+0000] {dag.py:4138} INFO - Setting next_dagrun for airflow_sanity_check to None, run_after=None
[2026-07-17T18:29:52.638+0000] {processor.py:208} INFO - Processing /opt/airflow/dags/sanity_checks.py took 0.144 seconds
[2026-07-17T18:30:22.948+0000] {processor.py:186} INFO - Started process (PID=25574) to work on /opt/airflow/dags/sanity_checks.py
[2026-07-17T18:30:22.949+0000] {processor.py:914} INFO - Processing file /opt/airflow/dags/sanity_checks.py for tasks to queue
[2026-07-17T18:30:22.953+0000] {logging_mixin.py:190} INFO - [2026-07-17T18:30:22.952+0000] {dagbag.py:587} INFO - Filling up the DagBag from /opt/airflow/dags/sanity_checks.py
[2026-07-17T18:30:22.971+0000] {processor.py:925} INFO - DAG(s) 'airflow_sanity_check' retrieved from /opt/airflow/dags/sanity_checks.py
[2026-07-17T18:30:23.018+0000] {logging_mixin.py:190} INFO - [2026-07-17T18:30:23.017+0000] {dag.py:3211} INFO - Sync 1 DAGs
[2026-07-17T18:30:23.043+0000] {logging_mixin.py:190} INFO - [2026-07-17T18:30:23.043+0000] {dag.py:4138} INFO - Setting next_dagrun for airflow_sanity_check to None, run_after=None
[2026-07-17T18:30:23.077+0000] {processor.py:208} INFO - Processing /opt/airflow/dags/sanity_checks.py took 0.138 seconds
[2026-07-17T18:30:53.406+0000] {processor.py:186} INFO - Started process (PID=25584) to work on /opt/airflow/dags/sanity_checks.py
[2026-07-17T18:30:53.407+0000] {processor.py:914} INFO - Processing file /opt/airflow/dags/sanity_checks.py for tasks to queue
[2026-07-17T18:30:53.411+0000] {logging_mixin.py:190} INFO - [2026-07-17T18:30:53.410+0000] {dagbag.py:587} INFO - Filling up the DagBag from /opt/airflow/dags/sanity_checks.py
[2026-07-17T18:30:53.426+0000] {processor.py:925} INFO - DAG(s) 'airflow_sanity_check' retrieved from /opt/airflow/dags/sanity_checks.py
[2026-07-17T18:30:53.469+0000] {logging_mixin.py:190} INFO - [2026-07-17T18:30:53.468+0000] {dag.py:3211} INFO - Sync 1 DAGs
[2026-07-17T18:30:53.489+0000] {logging_mixin.py:190} INFO - [2026-07-17T18:30:53.489+0000] {dag.py:4138} INFO - Setting next_dagrun for airflow_sanity_check to None, run_after=None
[2026-07-17T18:30:53.513+0000] {processor.py:208} INFO - Processing /opt/airflow/dags/sanity_checks.py took 0.117 seconds
[2026-07-17T18:31:23.845+0000] {processor.py:186} INFO - Started process (PID=25594) to work on /opt/airflow/dags/sanity_checks.py
[2026-07-17T18:31:23.846+0000] {processor.py:914} INFO - Processing file /opt/airflow/dags/sanity_checks.py for tasks to queue
[2026-07-17T18:31:23.851+0000] {logging_mixin.py:190} INFO - [2026-07-17T18:31:23.850+0000] {dagbag.py:587} INFO - Filling up the DagBag from /opt/airflow/dags/sanity_checks.py
[2026-07-17T18:31:23.865+0000] {processor.py:925} INFO - DAG(s) 'airflow_sanity_check' retrieved from /opt/airflow/dags/sanity_checks.py
[2026-07-17T18:31:23.905+0000] {logging_mixin.py:190} INFO - [2026-07-17T18:31:23.904+0000] {dag.py:3211} INFO - Sync 1 DAGs
[2026-07-17T18:31:23.925+0000] {logging_mixin.py:190} INFO - [2026-07-17T18:31:23.925+0000] {dag.py:4138} INFO - Setting next_dagrun for airflow_sanity_check to None, run_after=None
[2026-07-17T18:31:23.953+0000] {processor.py:208} INFO - Processing /opt/airflow/dags/sanity_checks.py took 0.116 seconds
[2026-07-17T18:32:20.601+0000] {processor.py:186} INFO - Started process (PID=25599) to work on /opt/airflow/dags/sanity_checks.py
[2026-07-17T18:32:20.603+0000] {processor.py:914} INFO - Processing file /opt/airflow/dags/sanity_checks.py for tasks to queue
[2026-07-17T18:32:20.606+0000] {logging_mixin.py:190} INFO - [2026-07-17T18:32:20.606+0000] {dagbag.py:587} INFO - Filling up the DagBag from /opt/airflow/dags/sanity_checks.py
[2026-07-17T18:32:20.622+0000] {processor.py:925} INFO - DAG(s) 'airflow_sanity_check' retrieved from /opt/airflow/dags/sanity_checks.py
[2026-07-17T18:32:20.663+0000] {logging_mixin.py:190} INFO - [2026-07-17T18:32:20.663+0000] {dag.py:3211} INFO - Sync 1 DAGs
[2026-07-17T18:32:20.686+0000] {logging_mixin.py:190} INFO - [2026-07-17T18:32:20.685+0000] {dag.py:4138} INFO - Setting next_dagrun for airflow_sanity_check to None, run_after=None
[2026-07-17T18:32:20.714+0000] {processor.py:208} INFO - Processing /opt/airflow/dags/sanity_checks.py took 0.123 seconds
[2026-07-17T19:03:10.947+0000] {processor.py:186} INFO - Started process (PID=25609) to work on /opt/airflow/dags/sanity_checks.py
[2026-07-17T19:03:10.952+0000] {processor.py:914} INFO - Processing file /opt/airflow/dags/sanity_checks.py for tasks to queue
[2026-07-17T19:03:10.964+0000] {logging_mixin.py:190} INFO - [2026-07-17T19:03:10.962+0000] {dagbag.py:587} INFO - Filling up the DagBag from /opt/airflow/dags/sanity_checks.py
[2026-07-17T19:03:11.019+0000] {processor.py:925} INFO - DAG(s) 'airflow_sanity_check' retrieved from /opt/airflow/dags/sanity_checks.py
[2026-07-17T19:03:11.192+0000] {logging_mixin.py:190} INFO - [2026-07-17T19:03:11.191+0000] {dag.py:3211} INFO - Sync 1 DAGs
[2026-07-17T19:03:11.301+0000] {logging_mixin.py:190} INFO - [2026-07-17T19:03:11.299+0000] {dag.py:4138} INFO - Setting next_dagrun for airflow_sanity_check to None, run_after=None
[2026-07-17T19:03:11.392+0000] {processor.py:208} INFO - Processing /opt/airflow/dags/sanity_checks.py took 0.477 seconds
[2026-07-17T19:03:42.232+0000] {processor.py:186} INFO - Started process (PID=25619) to work on /opt/airflow/dags/sanity_checks.py
[2026-07-17T19:03:42.237+0000] {processor.py:914} INFO - Processing file /opt/airflow/dags/sanity_checks.py for tasks to queue
[2026-07-17T19:03:42.247+0000] {logging_mixin.py:190} INFO - [2026-07-17T19:03:42.246+0000] {dagbag.py:587} INFO - Filling up the DagBag from /opt/airflow/dags/sanity_checks.py
[2026-07-17T19:03:42.295+0000] {processor.py:925} INFO - DAG(s) 'airflow_sanity_check' retrieved from /opt/airflow/dags/sanity_checks.py
[2026-07-17T19:03:42.419+0000] {logging_mixin.py:190} INFO - [2026-07-17T19:03:42.418+0000] {dag.py:3211} INFO - Sync 1 DAGs
[2026-07-17T19:03:42.508+0000] {logging_mixin.py:190} INFO - [2026-07-17T19:03:42.507+0000] {dag.py:4138} INFO - Setting next_dagrun for airflow_sanity_check to None, run_after=None
[2026-07-17T19:03:42.583+0000] {processor.py:208} INFO - Processing /opt/airflow/dags/sanity_checks.py took 0.378 seconds
[2026-07-17T19:04:12.773+0000] {processor.py:186} INFO - Started process (PID=25629) to work on /opt/airflow/dags/sanity_checks.py
[2026-07-17T19:04:12.776+0000] {processor.py:914} INFO - Processing file /opt/airflow/dags/sanity_checks.py for tasks to queue
[2026-07-17T19:04:12.786+0000] {logging_mixin.py:190} INFO - [2026-07-17T19:04:12.783+0000] {dagbag.py:587} INFO - Filling up the DagBag from /opt/airflow/dags/sanity_checks.py
[2026-07-17T19:04:12.821+0000] {processor.py:925} INFO - DAG(s) 'airflow_sanity_check' retrieved from /opt/airflow/dags/sanity_checks.py
[2026-07-17T19:04:12.915+0000] {logging_mixin.py:190} INFO - [2026-07-17T19:04:12.914+0000] {dag.py:3211} INFO - Sync 1 DAGs
[2026-07-17T19:04:12.965+0000] {logging_mixin.py:190} INFO - [2026-07-17T19:04:12.964+0000] {dag.py:4138} INFO - Setting next_dagrun for airflow_sanity_check to None, run_after=None
[2026-07-17T19:04:13.342+0000] {processor.py:208} INFO - Processing /opt/airflow/dags/sanity_checks.py took 0.590 seconds
[2026-07-17T19:04:43.639+0000] {processor.py:186} INFO - Started process (PID=25639) to work on /opt/airflow/dags/sanity_checks.py
[2026-07-17T19:04:43.643+0000] {processor.py:914} INFO - Processing file /opt/airflow/dags/sanity_checks.py for tasks to queue
[2026-07-17T19:04:43.652+0000] {logging_mixin.py:190} INFO - [2026-07-17T19:04:43.651+0000] {dagbag.py:587} INFO - Filling up the DagBag from /opt/airflow/dags/sanity_checks.py
[2026-07-17T19:04:43.692+0000] {processor.py:925} INFO - DAG(s) 'airflow_sanity_check' retrieved from /opt/airflow/dags/sanity_checks.py
[2026-07-17T19:04:43.793+0000] {logging_mixin.py:190} INFO - [2026-07-17T19:04:43.793+0000] {dag.py:3211} INFO - Sync 1 DAGs
[2026-07-17T19:04:43.845+0000] {logging_mixin.py:190} INFO - [2026-07-17T19:04:43.845+0000] {dag.py:4138} INFO - Setting next_dagrun for airflow_sanity_check to None, run_after=None
[2026-07-17T19:04:43.906+0000] {processor.py:208} INFO - Processing /opt/airflow/dags/sanity_checks.py took 0.287 seconds
[2026-07-17T19:05:14.323+0000] {processor.py:186} INFO - Started process (PID=25649) to work on /opt/airflow/dags/sanity_checks.py
[2026-07-17T19:05:14.325+0000] {processor.py:914} INFO - Processing file /opt/airflow/dags/sanity_checks.py for tasks to queue
[2026-07-17T19:05:14.332+0000] {logging_mixin.py:190} INFO - [2026-07-17T19:05:14.331+0000] {dagbag.py:587} INFO - Filling up the DagBag from /opt/airflow/dags/sanity_checks.py
[2026-07-17T19:05:14.354+0000] {processor.py:925} INFO - DAG(s) 'airflow_sanity_check' retrieved from /opt/airflow/dags/sanity_checks.py
[2026-07-17T19:05:14.414+0000] {logging_mixin.py:190} INFO - [2026-07-17T19:05:14.414+0000] {dag.py:3211} INFO - Sync 1 DAGs
[2026-07-17T19:05:14.444+0000] {logging_mixin.py:190} INFO - [2026-07-17T19:05:14.443+0000] {dag.py:4138} INFO - Setting next_dagrun for airflow_sanity_check to None, run_after=None
[2026-07-17T19:05:14.483+0000] {processor.py:208} INFO - Processing /opt/airflow/dags/sanity_checks.py took 0.173 seconds
[2026-07-17T19:05:44.876+0000] {processor.py:186} INFO - Started process (PID=25659) to work on /opt/airflow/dags/sanity_checks.py
[2026-07-17T19:05:44.878+0000] {processor.py:914} INFO - Processing file /opt/airflow/dags/sanity_checks.py for tasks to queue
[2026-07-17T19:05:44.882+0000] {logging_mixin.py:190} INFO - [2026-07-17T19:05:44.882+0000] {dagbag.py:587} INFO - Filling up the DagBag from /opt/airflow/dags/sanity_checks.py
[2026-07-17T19:05:44.902+0000] {processor.py:925} INFO - DAG(s) 'airflow_sanity_check' retrieved from /opt/airflow/dags/sanity_checks.py
[2026-07-17T19:05:44.955+0000] {logging_mixin.py:190} INFO - [2026-07-17T19:05:44.955+0000] {dag.py:3211} INFO - Sync 1 DAGs
[2026-07-17T19:05:44.984+0000] {logging_mixin.py:190} INFO - [2026-07-17T19:05:44.983+0000] {dag.py:4138} INFO - Setting next_dagrun for airflow_sanity_check to None, run_after=None
[2026-07-17T19:05:45.019+0000] {processor.py:208} INFO - Processing /opt/airflow/dags/sanity_checks.py took 0.156 seconds
[2026-07-17T19:06:15.371+0000] {processor.py:186} INFO - Started process (PID=25669) to work on /opt/airflow/dags/sanity_checks.py
[2026-07-17T19:06:15.373+0000] {processor.py:914} INFO - Processing file /opt/airflow/dags/sanity_checks.py for tasks to queue
[2026-07-17T19:06:15.376+0000] {logging_mixin.py:190} INFO - [2026-07-17T19:06:15.375+0000] {dagbag.py:587} INFO - Filling up the DagBag from /opt/airflow/dags/sanity_checks.py
[2026-07-17T19:06:15.390+0000] {processor.py:925} INFO - DAG(s) 'airflow_sanity_check' retrieved from /opt/airflow/dags/sanity_checks.py
[2026-07-17T19:06:15.429+0000] {logging_mixin.py:190} INFO - [2026-07-17T19:06:15.429+0000] {dag.py:3211} INFO - Sync 1 DAGs
[2026-07-17T19:06:15.450+0000] {logging_mixin.py:190} INFO - [2026-07-17T19:06:15.450+0000] {dag.py:4138} INFO - Setting next_dagrun for airflow_sanity_check to None, run_after=None
[2026-07-17T19:06:15.478+0000] {processor.py:208} INFO - Processing /opt/airflow/dags/sanity_checks.py took 0.116 seconds
[2026-07-17T19:06:45.809+0000] {processor.py:186} INFO - Started process (PID=25679) to work on /opt/airflow/dags/sanity_checks.py
[2026-07-17T19:06:45.810+0000] {processor.py:914} INFO - Processing file /opt/airflow/dags/sanity_checks.py for tasks to queue
[2026-07-17T19:06:45.813+0000] {logging_mixin.py:190} INFO - [2026-07-17T19:06:45.813+0000] {dagbag.py:587} INFO - Filling up the DagBag from /opt/airflow/dags/sanity_checks.py
[2026-07-17T19:06:45.829+0000] {processor.py:925} INFO - DAG(s) 'airflow_sanity_check' retrieved from /opt/airflow/dags/sanity_checks.py
[2026-07-17T19:06:45.868+0000] {logging_mixin.py:190} INFO - [2026-07-17T19:06:45.867+0000] {dag.py:3211} INFO - Sync 1 DAGs
[2026-07-17T19:06:45.889+0000] {logging_mixin.py:190} INFO - [2026-07-17T19:06:45.889+0000] {dag.py:4138} INFO - Setting next_dagrun for airflow_sanity_check to None, run_after=None
[2026-07-17T19:06:45.917+0000] {processor.py:208} INFO - Processing /opt/airflow/dags/sanity_checks.py took 0.116 seconds
[2026-07-17T19:07:16.244+0000] {processor.py:186} INFO - Started process (PID=25689) to work on /opt/airflow/dags/sanity_checks.py
[2026-07-17T19:07:16.246+0000] {processor.py:914} INFO - Processing file /opt/airflow/dags/sanity_checks.py for tasks to queue
[2026-07-17T19:07:16.250+0000] {logging_mixin.py:190} INFO - [2026-07-17T19:07:16.249+0000] {dagbag.py:587} INFO - Filling up the DagBag from /opt/airflow/dags/sanity_checks.py
[2026-07-17T19:07:16.267+0000] {processor.py:925} INFO - DAG(s) 'airflow_sanity_check' retrieved from /opt/airflow/dags/sanity_checks.py
[2026-07-17T19:07:16.312+0000] {logging_mixin.py:190} INFO - [2026-07-17T19:07:16.311+0000] {dag.py:3211} INFO - Sync 1 DAGs
[2026-07-17T19:07:16.533+0000] {logging_mixin.py:190} INFO - [2026-07-17T19:07:16.533+0000] {dag.py:4138} INFO - Setting next_dagrun for airflow_sanity_check to None, run_after=None
[2026-07-17T19:07:16.562+0000] {processor.py:208} INFO - Processing /opt/airflow/dags/sanity_checks.py took 0.328 seconds
[2026-07-17T19:07:46.903+0000] {processor.py:186} INFO - Started process (PID=25699) to work on /opt/airflow/dags/sanity_checks.py
[2026-07-17T19:07:46.905+0000] {processor.py:914} INFO - Processing file /opt/airflow/dags/sanity_checks.py for tasks to queue
[2026-07-17T19:07:46.909+0000] {logging_mixin.py:190} INFO - [2026-07-17T19:07:46.908+0000] {dagbag.py:587} INFO - Filling up the DagBag from /opt/airflow/dags/sanity_checks.py
[2026-07-17T19:07:46.926+0000] {processor.py:925} INFO - DAG(s) 'airflow_sanity_check' retrieved from /opt/airflow/dags/sanity_checks.py
[2026-07-17T19:07:46.974+0000] {logging_mixin.py:190} INFO - [2026-07-17T19:07:46.973+0000] {dag.py:3211} INFO - Sync 1 DAGs
[2026-07-17T19:07:46.997+0000] {logging_mixin.py:190} INFO - [2026-07-17T19:07:46.997+0000] {dag.py:4138} INFO - Setting next_dagrun for airflow_sanity_check to None, run_after=None
[2026-07-17T19:07:47.028+0000] {processor.py:208} INFO - Processing /opt/airflow/dags/sanity_checks.py took 0.134 seconds
[2026-07-17T19:08:17.430+0000] {processor.py:186} INFO - Started process (PID=25709) to work on /opt/airflow/dags/sanity_checks.py
[2026-07-17T19:08:17.432+0000] {processor.py:914} INFO - Processing file /opt/airflow/dags/sanity_checks.py for tasks to queue
[2026-07-17T19:08:17.439+0000] {logging_mixin.py:190} INFO - [2026-07-17T19:08:17.439+0000] {dagbag.py:587} INFO - Filling up the DagBag from /opt/airflow/dags/sanity_checks.py
[2026-07-17T19:08:17.465+0000] {processor.py:925} INFO - DAG(s) 'airflow_sanity_check' retrieved from /opt/airflow/dags/sanity_checks.py
[2026-07-17T19:08:17.533+0000] {logging_mixin.py:190} INFO - [2026-07-17T19:08:17.533+0000] {dag.py:3211} INFO - Sync 1 DAGs
[2026-07-17T19:08:17.570+0000] {logging_mixin.py:190} INFO - [2026-07-17T19:08:17.569+0000] {dag.py:4138} INFO - Setting next_dagrun for airflow_sanity_check to None, run_after=None
[2026-07-17T19:08:17.613+0000] {processor.py:208} INFO - Processing /opt/airflow/dags/sanity_checks.py took 0.198 seconds
[2026-07-17T19:08:47.982+0000] {processor.py:186} INFO - Started process (PID=25719) to work on /opt/airflow/dags/sanity_checks.py
[2026-07-17T19:08:47.983+0000] {processor.py:914} INFO - Processing file /opt/airflow/dags/sanity_checks.py for tasks to queue
[2026-07-17T19:08:47.988+0000] {logging_mixin.py:190} INFO - [2026-07-17T19:08:47.988+0000] {dagbag.py:587} INFO - Filling up the DagBag from /opt/airflow/dags/sanity_checks.py
[2026-07-17T19:08:48.005+0000] {processor.py:925} INFO - DAG(s) 'airflow_sanity_check' retrieved from /opt/airflow/dags/sanity_checks.py
[2026-07-17T19:08:48.051+0000] {logging_mixin.py:190} INFO - [2026-07-17T19:08:48.051+0000] {dag.py:3211} INFO - Sync 1 DAGs
[2026-07-17T19:08:48.076+0000] {logging_mixin.py:190} INFO - [2026-07-17T19:08:48.075+0000] {dag.py:4138} INFO - Setting next_dagrun for airflow_sanity_check to None, run_after=None
[2026-07-17T19:08:48.105+0000] {processor.py:208} INFO - Processing /opt/airflow/dags/sanity_checks.py took 0.134 seconds
[2026-07-17T19:09:18.662+0000] {processor.py:186} INFO - Started process (PID=25729) to work on /opt/airflow/dags/sanity_checks.py
[2026-07-17T19:09:18.668+0000] {processor.py:914} INFO - Processing file /opt/airflow/dags/sanity_checks.py for tasks to queue
[2026-07-17T19:09:18.684+0000] {logging_mixin.py:190} INFO - [2026-07-17T19:09:18.682+0000] {dagbag.py:587} INFO - Filling up the DagBag from /opt/airflow/dags/sanity_checks.py
[2026-07-17T19:09:18.813+0000] {processor.py:925} INFO - DAG(s) 'airflow_sanity_check' retrieved from /opt/airflow/dags/sanity_checks.py
[2026-07-17T19:09:19.019+0000] {logging_mixin.py:190} INFO - [2026-07-17T19:09:19.018+0000] {dag.py:3211} INFO - Sync 1 DAGs
[2026-07-17T19:09:19.141+0000] {logging_mixin.py:190} INFO - [2026-07-17T19:09:19.130+0000] {dag.py:4138} INFO - Setting next_dagrun for airflow_sanity_check to None, run_after=None
[2026-07-17T19:09:19.298+0000] {processor.py:208} INFO - Processing /opt/airflow/dags/sanity_checks.py took 0.695 seconds
[2026-07-17T19:27:19.554+0000] {processor.py:186} INFO - Started process (PID=25739) to work on /opt/airflow/dags/sanity_checks.py
[2026-07-17T19:27:19.557+0000] {processor.py:914} INFO - Processing file /opt/airflow/dags/sanity_checks.py for tasks to queue
[2026-07-17T19:27:19.570+0000] {logging_mixin.py:190} INFO - [2026-07-17T19:27:19.568+0000] {dagbag.py:587} INFO - Filling up the DagBag from /opt/airflow/dags/sanity_checks.py
[2026-07-17T19:27:19.611+0000] {processor.py:925} INFO - DAG(s) 'airflow_sanity_check' retrieved from /opt/airflow/dags/sanity_checks.py
[2026-07-17T19:27:19.732+0000] {logging_mixin.py:190} INFO - [2026-07-17T19:27:19.731+0000] {dag.py:3211} INFO - Sync 1 DAGs
[2026-07-17T19:27:19.793+0000] {logging_mixin.py:190} INFO - [2026-07-17T19:27:19.792+0000] {dag.py:4138} INFO - Setting next_dagrun for airflow_sanity_check to None, run_after=None
[2026-07-17T19:27:19.865+0000] {processor.py:208} INFO - Processing /opt/airflow/dags/sanity_checks.py took 0.337 seconds
[2026-07-17T19:44:08.701+0000] {processor.py:186} INFO - Started process (PID=25749) to work on /opt/airflow/dags/sanity_checks.py
[2026-07-17T19:44:08.705+0000] {processor.py:914} INFO - Processing file /opt/airflow/dags/sanity_checks.py for tasks to queue
[2026-07-17T19:44:08.716+0000] {logging_mixin.py:190} INFO - [2026-07-17T19:44:08.715+0000] {dagbag.py:587} INFO - Filling up the DagBag from /opt/airflow/dags/sanity_checks.py
[2026-07-17T19:44:08.761+0000] {processor.py:925} INFO - DAG(s) 'airflow_sanity_check' retrieved from /opt/airflow/dags/sanity_checks.py
[2026-07-17T19:44:08.896+0000] {logging_mixin.py:190} INFO - [2026-07-17T19:44:08.896+0000] {dag.py:3211} INFO - Sync 1 DAGs
[2026-07-17T19:44:08.966+0000] {logging_mixin.py:190} INFO - [2026-07-17T19:44:08.965+0000] {dag.py:4138} INFO - Setting next_dagrun for airflow_sanity_check to None, run_after=None
[2026-07-17T19:44:09.044+0000] {processor.py:208} INFO - Processing /opt/airflow/dags/sanity_checks.py took 0.375 seconds
[2026-07-17T20:02:34.550+0000] {processor.py:186} INFO - Started process (PID=25759) to work on /opt/airflow/dags/sanity_checks.py
[2026-07-17T20:02:34.553+0000] {processor.py:914} INFO - Processing file /opt/airflow/dags/sanity_checks.py for tasks to queue
[2026-07-17T20:02:34.561+0000] {logging_mixin.py:190} INFO - [2026-07-17T20:02:34.560+0000] {dagbag.py:587} INFO - Filling up the DagBag from /opt/airflow/dags/sanity_checks.py
[2026-07-17T20:02:34.595+0000] {processor.py:925} INFO - DAG(s) 'airflow_sanity_check' retrieved from /opt/airflow/dags/sanity_checks.py
[2026-07-17T20:02:34.692+0000] {logging_mixin.py:190} INFO - [2026-07-17T20:02:34.691+0000] {dag.py:3211} INFO - Sync 1 DAGs
[2026-07-17T20:02:34.741+0000] {logging_mixin.py:190} INFO - [2026-07-17T20:02:34.740+0000] {dag.py:4138} INFO - Setting next_dagrun for airflow_sanity_check to None, run_after=None
[2026-07-17T20:02:34.793+0000] {processor.py:208} INFO - Processing /opt/airflow/dags/sanity_checks.py took 0.264 seconds
[2026-07-17T20:03:05.319+0000] {processor.py:186} INFO - Started process (PID=25769) to work on /opt/airflow/dags/sanity_checks.py
[2026-07-17T20:03:05.323+0000] {processor.py:914} INFO - Processing file /opt/airflow/dags/sanity_checks.py for tasks to queue
[2026-07-17T20:03:05.334+0000] {logging_mixin.py:190} INFO - [2026-07-17T20:03:05.332+0000] {dagbag.py:587} INFO - Filling up the DagBag from /opt/airflow/dags/sanity_checks.py
[2026-07-17T20:03:05.394+0000] {processor.py:925} INFO - DAG(s) 'airflow_sanity_check' retrieved from /opt/airflow/dags/sanity_checks.py
[2026-07-17T20:03:05.537+0000] {logging_mixin.py:190} INFO - [2026-07-17T20:03:05.536+0000] {dag.py:3211} INFO - Sync 1 DAGs
[2026-07-17T20:03:05.586+0000] {logging_mixin.py:190} INFO - [2026-07-17T20:03:05.586+0000] {dag.py:4138} INFO - Setting next_dagrun for airflow_sanity_check to None, run_after=None
[2026-07-17T20:03:05.645+0000] {processor.py:208} INFO - Processing /opt/airflow/dags/sanity_checks.py took 0.350 seconds
[2026-07-17T20:03:36.101+0000] {processor.py:186} INFO - Started process (PID=25779) to work on /opt/airflow/dags/sanity_checks.py
[2026-07-17T20:03:36.104+0000] {processor.py:914} INFO - Processing file /opt/airflow/dags/sanity_checks.py for tasks to queue
[2026-07-17T20:03:36.112+0000] {logging_mixin.py:190} INFO - [2026-07-17T20:03:36.111+0000] {dagbag.py:587} INFO - Filling up the DagBag from /opt/airflow/dags/sanity_checks.py
[2026-07-17T20:03:36.146+0000] {processor.py:925} INFO - DAG(s) 'airflow_sanity_check' retrieved from /opt/airflow/dags/sanity_checks.py
[2026-07-17T20:03:36.249+0000] {logging_mixin.py:190} INFO - [2026-07-17T20:03:36.248+0000] {dag.py:3211} INFO - Sync 1 DAGs
[2026-07-17T20:03:36.297+0000] {logging_mixin.py:190} INFO - [2026-07-17T20:03:36.297+0000] {dag.py:4138} INFO - Setting next_dagrun for airflow_sanity_check to None, run_after=None
[2026-07-17T20:03:36.347+0000] {processor.py:208} INFO - Processing /opt/airflow/dags/sanity_checks.py took 0.270 seconds
[2026-07-17T20:04:06.856+0000] {processor.py:186} INFO - Started process (PID=25789) to work on /opt/airflow/dags/sanity_checks.py
[2026-07-17T20:04:06.860+0000] {processor.py:914} INFO - Processing file /opt/airflow/dags/sanity_checks.py for tasks to queue
[2026-07-17T20:04:06.871+0000] {logging_mixin.py:190} INFO - [2026-07-17T20:04:06.869+0000] {dagbag.py:587} INFO - Filling up the DagBag from /opt/airflow/dags/sanity_checks.py
[2026-07-17T20:04:06.909+0000] {processor.py:925} INFO - DAG(s) 'airflow_sanity_check' retrieved from /opt/airflow/dags/sanity_checks.py
[2026-07-17T20:04:07.013+0000] {logging_mixin.py:190} INFO - [2026-07-17T20:04:07.013+0000] {dag.py:3211} INFO - Sync 1 DAGs
[2026-07-17T20:04:07.067+0000] {logging_mixin.py:190} INFO - [2026-07-17T20:04:07.066+0000] {dag.py:4138} INFO - Setting next_dagrun for airflow_sanity_check to None, run_after=None
[2026-07-17T20:04:07.131+0000] {processor.py:208} INFO - Processing /opt/airflow/dags/sanity_checks.py took 0.297 seconds
[2026-07-17T20:04:37.644+0000] {processor.py:186} INFO - Started process (PID=25799) to work on /opt/airflow/dags/sanity_checks.py
[2026-07-17T20:04:37.647+0000] {processor.py:914} INFO - Processing file /opt/airflow/dags/sanity_checks.py for tasks to queue
[2026-07-17T20:04:37.655+0000] {logging_mixin.py:190} INFO - [2026-07-17T20:04:37.654+0000] {dagbag.py:587} INFO - Filling up the DagBag from /opt/airflow/dags/sanity_checks.py
[2026-07-17T20:04:37.683+0000] {processor.py:925} INFO - DAG(s) 'airflow_sanity_check' retrieved from /opt/airflow/dags/sanity_checks.py
[2026-07-17T20:04:37.757+0000] {logging_mixin.py:190} INFO - [2026-07-17T20:04:37.756+0000] {dag.py:3211} INFO - Sync 1 DAGs
[2026-07-17T20:04:37.797+0000] {logging_mixin.py:190} INFO - [2026-07-17T20:04:37.796+0000] {dag.py:4138} INFO - Setting next_dagrun for airflow_sanity_check to None, run_after=None
[2026-07-17T20:04:38.203+0000] {processor.py:208} INFO - Processing /opt/airflow/dags/sanity_checks.py took 0.575 seconds
[2026-07-17T20:05:08.607+0000] {processor.py:186} INFO - Started process (PID=25809) to work on /opt/airflow/dags/sanity_checks.py
[2026-07-17T20:05:08.609+0000] {processor.py:914} INFO - Processing file /opt/airflow/dags/sanity_checks.py for tasks to queue
[2026-07-17T20:05:08.614+0000] {logging_mixin.py:190} INFO - [2026-07-17T20:05:08.614+0000] {dagbag.py:587} INFO - Filling up the DagBag from /opt/airflow/dags/sanity_checks.py
[2026-07-17T20:05:08.639+0000] {processor.py:925} INFO - DAG(s) 'airflow_sanity_check' retrieved from /opt/airflow/dags/sanity_checks.py
[2026-07-17T20:05:08.705+0000] {logging_mixin.py:190} INFO - [2026-07-17T20:05:08.704+0000] {dag.py:3211} INFO - Sync 1 DAGs
[2026-07-17T20:05:08.739+0000] {logging_mixin.py:190} INFO - [2026-07-17T20:05:08.738+0000] {dag.py:4138} INFO - Setting next_dagrun for airflow_sanity_check to None, run_after=None
[2026-07-17T20:05:08.776+0000] {processor.py:208} INFO - Processing /opt/airflow/dags/sanity_checks.py took 0.185 seconds
[2026-07-17T20:05:39.121+0000] {processor.py:186} INFO - Started process (PID=25819) to work on /opt/airflow/dags/sanity_checks.py
[2026-07-17T20:05:39.123+0000] {processor.py:914} INFO - Processing file /opt/airflow/dags/sanity_checks.py for tasks to queue
[2026-07-17T20:05:39.127+0000] {logging_mixin.py:190} INFO - [2026-07-17T20:05:39.126+0000] {dagbag.py:587} INFO - Filling up the DagBag from /opt/airflow/dags/sanity_checks.py
[2026-07-17T20:05:39.144+0000] {processor.py:925} INFO - DAG(s) 'airflow_sanity_check' retrieved from /opt/airflow/dags/sanity_checks.py
[2026-07-17T20:05:39.194+0000] {logging_mixin.py:190} INFO - [2026-07-17T20:05:39.193+0000] {dag.py:3211} INFO - Sync 1 DAGs
[2026-07-17T20:05:39.219+0000] {logging_mixin.py:190} INFO - [2026-07-17T20:05:39.219+0000] {dag.py:4138} INFO - Setting next_dagrun for airflow_sanity_check to None, run_after=None
[2026-07-17T20:05:39.249+0000] {processor.py:208} INFO - Processing /opt/airflow/dags/sanity_checks.py took 0.140 seconds
[2026-07-17T20:24:23.287+0000] {processor.py:186} INFO - Started process (PID=25829) to work on /opt/airflow/dags/sanity_checks.py
[2026-07-17T20:24:23.291+0000] {processor.py:914} INFO - Processing file /opt/airflow/dags/sanity_checks.py for tasks to queue
[2026-07-17T20:24:23.305+0000] {logging_mixin.py:190} INFO - [2026-07-17T20:24:23.303+0000] {dagbag.py:587} INFO - Filling up the DagBag from /opt/airflow/dags/sanity_checks.py
[2026-07-17T20:24:23.353+0000] {processor.py:925} INFO - DAG(s) 'airflow_sanity_check' retrieved from /opt/airflow/dags/sanity_checks.py
[2026-07-17T20:24:23.476+0000] {logging_mixin.py:190} INFO - [2026-07-17T20:24:23.475+0000] {dag.py:3211} INFO - Sync 1 DAGs
[2026-07-17T20:24:23.544+0000] {logging_mixin.py:190} INFO - [2026-07-17T20:24:23.543+0000] {dag.py:4138} INFO - Setting next_dagrun for airflow_sanity_check to None, run_after=None
[2026-07-17T20:24:23.616+0000] {processor.py:208} INFO - Processing /opt/airflow/dags/sanity_checks.py took 0.376 seconds
[2026-07-17T20:24:54.137+0000] {processor.py:186} INFO - Started process (PID=25839) to work on /opt/airflow/dags/sanity_checks.py
[2026-07-17T20:24:54.141+0000] {processor.py:914} INFO - Processing file /opt/airflow/dags/sanity_checks.py for tasks to queue
[2026-07-17T20:24:54.148+0000] {logging_mixin.py:190} INFO - [2026-07-17T20:24:54.147+0000] {dagbag.py:587} INFO - Filling up the DagBag from /opt/airflow/dags/sanity_checks.py
[2026-07-17T20:24:54.180+0000] {processor.py:925} INFO - DAG(s) 'airflow_sanity_check' retrieved from /opt/airflow/dags/sanity_checks.py
[2026-07-17T20:24:54.258+0000] {logging_mixin.py:190} INFO - [2026-07-17T20:24:54.258+0000] {dag.py:3211} INFO - Sync 1 DAGs
[2026-07-17T20:24:54.297+0000] {logging_mixin.py:190} INFO - [2026-07-17T20:24:54.297+0000] {dag.py:4138} INFO - Setting next_dagrun for airflow_sanity_check to None, run_after=None
[2026-07-17T20:24:54.345+0000] {processor.py:208} INFO - Processing /opt/airflow/dags/sanity_checks.py took 0.225 seconds
[2026-07-17T20:25:24.914+0000] {processor.py:186} INFO - Started process (PID=25849) to work on /opt/airflow/dags/sanity_checks.py
[2026-07-17T20:25:24.919+0000] {processor.py:914} INFO - Processing file /opt/airflow/dags/sanity_checks.py for tasks to queue
[2026-07-17T20:25:24.928+0000] {logging_mixin.py:190} INFO - [2026-07-17T20:25:24.927+0000] {dagbag.py:587} INFO - Filling up the DagBag from /opt/airflow/dags/sanity_checks.py
[2026-07-17T20:25:24.971+0000] {processor.py:925} INFO - DAG(s) 'airflow_sanity_check' retrieved from /opt/airflow/dags/sanity_checks.py
[2026-07-17T20:25:25.105+0000] {logging_mixin.py:190} INFO - [2026-07-17T20:25:25.100+0000] {dag.py:3211} INFO - Sync 1 DAGs
[2026-07-17T20:25:25.191+0000] {logging_mixin.py:190} INFO - [2026-07-17T20:25:25.190+0000] {dag.py:4138} INFO - Setting next_dagrun for airflow_sanity_check to None, run_after=None
[2026-07-17T20:25:25.262+0000] {processor.py:208} INFO - Processing /opt/airflow/dags/sanity_checks.py took 0.377 seconds
[2026-07-17T20:25:55.399+0000] {processor.py:186} INFO - Started process (PID=25859) to work on /opt/airflow/dags/sanity_checks.py
[2026-07-17T20:25:55.402+0000] {processor.py:914} INFO - Processing file /opt/airflow/dags/sanity_checks.py for tasks to queue
[2026-07-17T20:25:55.410+0000] {logging_mixin.py:190} INFO - [2026-07-17T20:25:55.409+0000] {dagbag.py:587} INFO - Filling up the DagBag from /opt/airflow/dags/sanity_checks.py
[2026-07-17T20:25:55.447+0000] {processor.py:925} INFO - DAG(s) 'airflow_sanity_check' retrieved from /opt/airflow/dags/sanity_checks.py
[2026-07-17T20:25:55.542+0000] {logging_mixin.py:190} INFO - [2026-07-17T20:25:55.541+0000] {dag.py:3211} INFO - Sync 1 DAGs
[2026-07-17T20:25:56.140+0000] {logging_mixin.py:190} INFO - [2026-07-17T20:25:56.139+0000] {dag.py:4138} INFO - Setting next_dagrun for airflow_sanity_check to None, run_after=None
[2026-07-17T20:25:56.193+0000] {processor.py:208} INFO - Processing /opt/airflow/dags/sanity_checks.py took 0.814 seconds
[2026-07-17T20:26:26.341+0000] {processor.py:186} INFO - Started process (PID=25869) to work on /opt/airflow/dags/sanity_checks.py
[2026-07-17T20:26:26.344+0000] {processor.py:914} INFO - Processing file /opt/airflow/dags/sanity_checks.py for tasks to queue
[2026-07-17T20:26:26.352+0000] {logging_mixin.py:190} INFO - [2026-07-17T20:26:26.351+0000] {dagbag.py:587} INFO - Filling up the DagBag from /opt/airflow/dags/sanity_checks.py
[2026-07-17T20:26:26.384+0000] {processor.py:925} INFO - DAG(s) 'airflow_sanity_check' retrieved from /opt/airflow/dags/sanity_checks.py
[2026-07-17T20:26:26.472+0000] {logging_mixin.py:190} INFO - [2026-07-17T20:26:26.471+0000] {dag.py:3211} INFO - Sync 1 DAGs
[2026-07-17T20:26:26.520+0000] {logging_mixin.py:190} INFO - [2026-07-17T20:26:26.519+0000] {dag.py:4138} INFO - Setting next_dagrun for airflow_sanity_check to None, run_after=None
[2026-07-17T20:26:26.572+0000] {processor.py:208} INFO - Processing /opt/airflow/dags/sanity_checks.py took 0.249 seconds
[2026-07-17T20:26:57.046+0000] {processor.py:186} INFO - Started process (PID=25879) to work on /opt/airflow/dags/sanity_checks.py
[2026-07-17T20:26:57.083+0000] {processor.py:914} INFO - Processing file /opt/airflow/dags/sanity_checks.py for tasks to queue
[2026-07-17T20:26:57.104+0000] {logging_mixin.py:190} INFO - [2026-07-17T20:26:57.103+0000] {dagbag.py:587} INFO - Filling up the DagBag from /opt/airflow/dags/sanity_checks.py
[2026-07-17T20:26:57.162+0000] {processor.py:925} INFO - DAG(s) 'airflow_sanity_check' retrieved from /opt/airflow/dags/sanity_checks.py
[2026-07-17T20:26:57.241+0000] {logging_mixin.py:190} INFO - [2026-07-17T20:26:57.241+0000] {dag.py:3211} INFO - Sync 1 DAGs
[2026-07-17T20:26:57.279+0000] {logging_mixin.py:190} INFO - [2026-07-17T20:26:57.278+0000] {dag.py:4138} INFO - Setting next_dagrun for airflow_sanity_check to None, run_after=None
[2026-07-17T20:26:57.325+0000] {processor.py:208} INFO - Processing /opt/airflow/dags/sanity_checks.py took 0.322 seconds
[2026-07-17T20:27:27.720+0000] {processor.py:186} INFO - Started process (PID=25889) to work on /opt/airflow/dags/sanity_checks.py
[2026-07-17T20:27:27.722+0000] {processor.py:914} INFO - Processing file /opt/airflow/dags/sanity_checks.py for tasks to queue
[2026-07-17T20:27:27.728+0000] {logging_mixin.py:190} INFO - [2026-07-17T20:27:27.728+0000] {dagbag.py:587} INFO - Filling up the DagBag from /opt/airflow/dags/sanity_checks.py
[2026-07-17T20:27:27.749+0000] {processor.py:925} INFO - DAG(s) 'airflow_sanity_check' retrieved from /opt/airflow/dags/sanity_checks.py
[2026-07-17T20:27:27.805+0000] {logging_mixin.py:190} INFO - [2026-07-17T20:27:27.804+0000] {dag.py:3211} INFO - Sync 1 DAGs
[2026-07-17T20:27:27.834+0000] {logging_mixin.py:190} INFO - [2026-07-17T20:27:27.833+0000] {dag.py:4138} INFO - Setting next_dagrun for airflow_sanity_check to None, run_after=None
[2026-07-17T20:27:27.869+0000] {processor.py:208} INFO - Processing /opt/airflow/dags/sanity_checks.py took 0.162 seconds
[2026-07-17T20:27:58.237+0000] {processor.py:186} INFO - Started process (PID=25899) to work on /opt/airflow/dags/sanity_checks.py
[2026-07-17T20:27:58.239+0000] {processor.py:914} INFO - Processing file /opt/airflow/dags/sanity_checks.py for tasks to queue
[2026-07-17T20:27:58.244+0000] {logging_mixin.py:190} INFO - [2026-07-17T20:27:58.243+0000] {dagbag.py:587} INFO - Filling up the DagBag from /opt/airflow/dags/sanity_checks.py
[2026-07-17T20:27:58.265+0000] {processor.py:925} INFO - DAG(s) 'airflow_sanity_check' retrieved from /opt/airflow/dags/sanity_checks.py
[2026-07-17T20:27:58.325+0000] {logging_mixin.py:190} INFO - [2026-07-17T20:27:58.324+0000] {dag.py:3211} INFO - Sync 1 DAGs
[2026-07-17T20:27:58.356+0000] {logging_mixin.py:190} INFO - [2026-07-17T20:27:58.356+0000] {dag.py:4138} INFO - Setting next_dagrun for airflow_sanity_check to None, run_after=None
[2026-07-17T20:27:58.393+0000] {processor.py:208} INFO - Processing /opt/airflow/dags/sanity_checks.py took 0.171 seconds
[2026-07-17T20:28:28.731+0000] {processor.py:186} INFO - Started process (PID=25909) to work on /opt/airflow/dags/sanity_checks.py
[2026-07-17T20:28:28.732+0000] {processor.py:914} INFO - Processing file /opt/airflow/dags/sanity_checks.py for tasks to queue
[2026-07-17T20:28:28.736+0000] {logging_mixin.py:190} INFO - [2026-07-17T20:28:28.735+0000] {dagbag.py:587} INFO - Filling up the DagBag from /opt/airflow/dags/sanity_checks.py
[2026-07-17T20:28:28.752+0000] {processor.py:925} INFO - DAG(s) 'airflow_sanity_check' retrieved from /opt/airflow/dags/sanity_checks.py
[2026-07-17T20:28:28.796+0000] {logging_mixin.py:190} INFO - [2026-07-17T20:28:28.795+0000] {dag.py:3211} INFO - Sync 1 DAGs
[2026-07-17T20:28:28.818+0000] {logging_mixin.py:190} INFO - [2026-07-17T20:28:28.818+0000] {dag.py:4138} INFO - Setting next_dagrun for airflow_sanity_check to None, run_after=None
[2026-07-17T20:28:29.034+0000] {processor.py:208} INFO - Processing /opt/airflow/dags/sanity_checks.py took 0.313 seconds
[2026-07-17T20:28:59.410+0000] {processor.py:186} INFO - Started process (PID=25919) to work on /opt/airflow/dags/sanity_checks.py
[2026-07-17T20:28:59.412+0000] {processor.py:914} INFO - Processing file /opt/airflow/dags/sanity_checks.py for tasks to queue
[2026-07-17T20:28:59.417+0000] {logging_mixin.py:190} INFO - [2026-07-17T20:28:59.416+0000] {dagbag.py:587} INFO - Filling up the DagBag from /opt/airflow/dags/sanity_checks.py
[2026-07-17T20:28:59.439+0000] {processor.py:925} INFO - DAG(s) 'airflow_sanity_check' retrieved from /opt/airflow/dags/sanity_checks.py
[2026-07-17T20:28:59.494+0000] {logging_mixin.py:190} INFO - [2026-07-17T20:28:59.493+0000] {dag.py:3211} INFO - Sync 1 DAGs
[2026-07-17T20:28:59.719+0000] {logging_mixin.py:190} INFO - [2026-07-17T20:28:59.719+0000] {dag.py:4138} INFO - Setting next_dagrun for airflow_sanity_check to None, run_after=None
[2026-07-17T20:28:59.751+0000] {processor.py:208} INFO - Processing /opt/airflow/dags/sanity_checks.py took 0.352 seconds
[2026-07-17T20:29:30.144+0000] {processor.py:186} INFO - Started process (PID=25929) to work on /opt/airflow/dags/sanity_checks.py
[2026-07-17T20:29:30.146+0000] {processor.py:914} INFO - Processing file /opt/airflow/dags/sanity_checks.py for tasks to queue
[2026-07-17T20:29:30.151+0000] {logging_mixin.py:190} INFO - [2026-07-17T20:29:30.150+0000] {dagbag.py:587} INFO - Filling up the DagBag from /opt/airflow/dags/sanity_checks.py
[2026-07-17T20:29:30.172+0000] {processor.py:925} INFO - DAG(s) 'airflow_sanity_check' retrieved from /opt/airflow/dags/sanity_checks.py
[2026-07-17T20:29:30.230+0000] {logging_mixin.py:190} INFO - [2026-07-17T20:29:30.229+0000] {dag.py:3211} INFO - Sync 1 DAGs
[2026-07-17T20:29:30.260+0000] {logging_mixin.py:190} INFO - [2026-07-17T20:29:30.259+0000] {dag.py:4138} INFO - Setting next_dagrun for airflow_sanity_check to None, run_after=None
[2026-07-17T20:29:30.295+0000] {processor.py:208} INFO - Processing /opt/airflow/dags/sanity_checks.py took 0.163 seconds
[2026-07-17T20:30:00.652+0000] {processor.py:186} INFO - Started process (PID=25939) to work on /opt/airflow/dags/sanity_checks.py
[2026-07-17T20:30:00.654+0000] {processor.py:914} INFO - Processing file /opt/airflow/dags/sanity_checks.py for tasks to queue
[2026-07-17T20:30:00.660+0000] {logging_mixin.py:190} INFO - [2026-07-17T20:30:00.659+0000] {dagbag.py:587} INFO - Filling up the DagBag from /opt/airflow/dags/sanity_checks.py
[2026-07-17T20:30:00.680+0000] {processor.py:925} INFO - DAG(s) 'airflow_sanity_check' retrieved from /opt/airflow/dags/sanity_checks.py
[2026-07-17T20:30:00.736+0000] {logging_mixin.py:190} INFO - [2026-07-17T20:30:00.736+0000] {dag.py:3211} INFO - Sync 1 DAGs
[2026-07-17T20:30:00.765+0000] {logging_mixin.py:190} INFO - [2026-07-17T20:30:00.764+0000] {dag.py:4138} INFO - Setting next_dagrun for airflow_sanity_check to None, run_after=None
[2026-07-17T20:30:00.800+0000] {processor.py:208} INFO - Processing /opt/airflow/dags/sanity_checks.py took 0.159 seconds
[2026-07-17T20:30:31.159+0000] {processor.py:186} INFO - Started process (PID=25949) to work on /opt/airflow/dags/sanity_checks.py
[2026-07-17T20:30:31.161+0000] {processor.py:914} INFO - Processing file /opt/airflow/dags/sanity_checks.py for tasks to queue
[2026-07-17T20:30:31.167+0000] {logging_mixin.py:190} INFO - [2026-07-17T20:30:31.167+0000] {dagbag.py:587} INFO - Filling up the DagBag from /opt/airflow/dags/sanity_checks.py
[2026-07-17T20:30:31.190+0000] {processor.py:925} INFO - DAG(s) 'airflow_sanity_check' retrieved from /opt/airflow/dags/sanity_checks.py
[2026-07-17T20:30:31.251+0000] {logging_mixin.py:190} INFO - [2026-07-17T20:30:31.250+0000] {dag.py:3211} INFO - Sync 1 DAGs
[2026-07-17T20:30:31.280+0000] {logging_mixin.py:190} INFO - [2026-07-17T20:30:31.280+0000] {dag.py:4138} INFO - Setting next_dagrun for airflow_sanity_check to None, run_after=None
[2026-07-17T20:30:31.314+0000] {processor.py:208} INFO - Processing /opt/airflow/dags/sanity_checks.py took 0.167 seconds
[2026-07-17T20:31:01.656+0000] {processor.py:186} INFO - Started process (PID=25959) to work on /opt/airflow/dags/sanity_checks.py
[2026-07-17T20:31:01.657+0000] {processor.py:914} INFO - Processing file /opt/airflow/dags/sanity_checks.py for tasks to queue
[2026-07-17T20:31:01.661+0000] {logging_mixin.py:190} INFO - [2026-07-17T20:31:01.661+0000] {dagbag.py:587} INFO - Filling up the DagBag from /opt/airflow/dags/sanity_checks.py
[2026-07-17T20:31:01.679+0000] {processor.py:925} INFO - DAG(s) 'airflow_sanity_check' retrieved from /opt/airflow/dags/sanity_checks.py
[2026-07-17T20:31:01.724+0000] {logging_mixin.py:190} INFO - [2026-07-17T20:31:01.724+0000] {dag.py:3211} INFO - Sync 1 DAGs
[2026-07-17T20:31:01.748+0000] {logging_mixin.py:190} INFO - [2026-07-17T20:31:01.748+0000] {dag.py:4138} INFO - Setting next_dagrun for airflow_sanity_check to None, run_after=None
[2026-07-17T20:31:01.778+0000] {processor.py:208} INFO - Processing /opt/airflow/dags/sanity_checks.py took 0.133 seconds
[2026-07-17T20:31:32.123+0000] {processor.py:186} INFO - Started process (PID=25969) to work on /opt/airflow/dags/sanity_checks.py
[2026-07-17T20:31:32.125+0000] {processor.py:914} INFO - Processing file /opt/airflow/dags/sanity_checks.py for tasks to queue
[2026-07-17T20:31:32.130+0000] {logging_mixin.py:190} INFO - [2026-07-17T20:31:32.129+0000] {dagbag.py:587} INFO - Filling up the DagBag from /opt/airflow/dags/sanity_checks.py
[2026-07-17T20:31:32.149+0000] {processor.py:925} INFO - DAG(s) 'airflow_sanity_check' retrieved from /opt/airflow/dags/sanity_checks.py
[2026-07-17T20:31:32.202+0000] {logging_mixin.py:190} INFO - [2026-07-17T20:31:32.202+0000] {dag.py:3211} INFO - Sync 1 DAGs
[2026-07-17T20:31:32.230+0000] {logging_mixin.py:190} INFO - [2026-07-17T20:31:32.230+0000] {dag.py:4138} INFO - Setting next_dagrun for airflow_sanity_check to None, run_after=None
[2026-07-17T20:31:32.463+0000] {processor.py:208} INFO - Processing /opt/airflow/dags/sanity_checks.py took 0.356 seconds
[2026-07-17T20:32:02.795+0000] {processor.py:186} INFO - Started process (PID=25979) to work on /opt/airflow/dags/sanity_checks.py
[2026-07-17T20:32:02.798+0000] {processor.py:914} INFO - Processing file /opt/airflow/dags/sanity_checks.py for tasks to queue
[2026-07-17T20:32:02.803+0000] {logging_mixin.py:190} INFO - [2026-07-17T20:32:02.802+0000] {dagbag.py:587} INFO - Filling up the DagBag from /opt/airflow/dags/sanity_checks.py
[2026-07-17T20:32:02.829+0000] {processor.py:925} INFO - DAG(s) 'airflow_sanity_check' retrieved from /opt/airflow/dags/sanity_checks.py
[2026-07-17T20:32:02.894+0000] {logging_mixin.py:190} INFO - [2026-07-17T20:32:02.893+0000] {dag.py:3211} INFO - Sync 1 DAGs
[2026-07-17T20:32:02.926+0000] {logging_mixin.py:190} INFO - [2026-07-17T20:32:02.926+0000] {dag.py:4138} INFO - Setting next_dagrun for airflow_sanity_check to None, run_after=None
[2026-07-17T20:32:02.968+0000] {processor.py:208} INFO - Processing /opt/airflow/dags/sanity_checks.py took 0.186 seconds
[2026-07-17T20:32:33.384+0000] {processor.py:186} INFO - Started process (PID=25989) to work on /opt/airflow/dags/sanity_checks.py
[2026-07-17T20:32:33.386+0000] {processor.py:914} INFO - Processing file /opt/airflow/dags/sanity_checks.py for tasks to queue
[2026-07-17T20:32:33.392+0000] {logging_mixin.py:190} INFO - [2026-07-17T20:32:33.391+0000] {dagbag.py:587} INFO - Filling up the DagBag from /opt/airflow/dags/sanity_checks.py
[2026-07-17T20:32:33.418+0000] {processor.py:925} INFO - DAG(s) 'airflow_sanity_check' retrieved from /opt/airflow/dags/sanity_checks.py
[2026-07-17T20:32:33.489+0000] {logging_mixin.py:190} INFO - [2026-07-17T20:32:33.488+0000] {dag.py:3211} INFO - Sync 1 DAGs
[2026-07-17T20:32:33.534+0000] {logging_mixin.py:190} INFO - [2026-07-17T20:32:33.534+0000] {dag.py:4138} INFO - Setting next_dagrun for airflow_sanity_check to None, run_after=None
[2026-07-17T20:32:33.584+0000] {processor.py:208} INFO - Processing /opt/airflow/dags/sanity_checks.py took 0.215 seconds
[2026-07-17T20:33:03.988+0000] {processor.py:186} INFO - Started process (PID=25999) to work on /opt/airflow/dags/sanity_checks.py
[2026-07-17T20:33:03.990+0000] {processor.py:914} INFO - Processing file /opt/airflow/dags/sanity_checks.py for tasks to queue
[2026-07-17T20:33:03.995+0000] {logging_mixin.py:190} INFO - [2026-07-17T20:33:03.995+0000] {dagbag.py:587} INFO - Filling up the DagBag from /opt/airflow/dags/sanity_checks.py
[2026-07-17T20:33:04.110+0000] {processor.py:925} INFO - DAG(s) 'airflow_sanity_check' retrieved from /opt/airflow/dags/sanity_checks.py
[2026-07-17T20:33:04.241+0000] {logging_mixin.py:190} INFO - [2026-07-17T20:33:04.241+0000] {dag.py:3211} INFO - Sync 1 DAGs
[2026-07-17T20:33:04.295+0000] {logging_mixin.py:190} INFO - [2026-07-17T20:33:04.295+0000] {dag.py:4138} INFO - Setting next_dagrun for airflow_sanity_check to None, run_after=None
[2026-07-17T20:33:04.345+0000] {processor.py:208} INFO - Processing /opt/airflow/dags/sanity_checks.py took 0.374 seconds
[2026-07-17T20:33:34.736+0000] {processor.py:186} INFO - Started process (PID=26009) to work on /opt/airflow/dags/sanity_checks.py
[2026-07-17T20:33:34.738+0000] {processor.py:914} INFO - Processing file /opt/airflow/dags/sanity_checks.py for tasks to queue
[2026-07-17T20:33:34.743+0000] {logging_mixin.py:190} INFO - [2026-07-17T20:33:34.743+0000] {dagbag.py:587} INFO - Filling up the DagBag from /opt/airflow/dags/sanity_checks.py
[2026-07-17T20:33:34.763+0000] {processor.py:925} INFO - DAG(s) 'airflow_sanity_check' retrieved from /opt/airflow/dags/sanity_checks.py
[2026-07-17T20:33:34.818+0000] {logging_mixin.py:190} INFO - [2026-07-17T20:33:34.818+0000] {dag.py:3211} INFO - Sync 1 DAGs
[2026-07-17T20:33:34.847+0000] {logging_mixin.py:190} INFO - [2026-07-17T20:33:34.846+0000] {dag.py:4138} INFO - Setting next_dagrun for airflow_sanity_check to None, run_after=None
[2026-07-17T20:33:34.884+0000] {processor.py:208} INFO - Processing /opt/airflow/dags/sanity_checks.py took 0.159 seconds
[2026-07-17T20:34:05.257+0000] {processor.py:186} INFO - Started process (PID=26019) to work on /opt/airflow/dags/sanity_checks.py
[2026-07-17T20:34:05.259+0000] {processor.py:914} INFO - Processing file /opt/airflow/dags/sanity_checks.py for tasks to queue
[2026-07-17T20:34:05.266+0000] {logging_mixin.py:190} INFO - [2026-07-17T20:34:05.266+0000] {dagbag.py:587} INFO - Filling up the DagBag from /opt/airflow/dags/sanity_checks.py
[2026-07-17T20:34:05.302+0000] {processor.py:925} INFO - DAG(s) 'airflow_sanity_check' retrieved from /opt/airflow/dags/sanity_checks.py
[2026-07-17T20:34:05.376+0000] {logging_mixin.py:190} INFO - [2026-07-17T20:34:05.375+0000] {dag.py:3211} INFO - Sync 1 DAGs
[2026-07-17T20:34:05.412+0000] {logging_mixin.py:190} INFO - [2026-07-17T20:34:05.411+0000] {dag.py:4138} INFO - Setting next_dagrun for airflow_sanity_check to None, run_after=None
[2026-07-17T20:34:05.459+0000] {processor.py:208} INFO - Processing /opt/airflow/dags/sanity_checks.py took 0.217 seconds
[2026-07-17T20:34:35.832+0000] {processor.py:186} INFO - Started process (PID=26029) to work on /opt/airflow/dags/sanity_checks.py
[2026-07-17T20:34:35.834+0000] {processor.py:914} INFO - Processing file /opt/airflow/dags/sanity_checks.py for tasks to queue
[2026-07-17T20:34:35.840+0000] {logging_mixin.py:190} INFO - [2026-07-17T20:34:35.839+0000] {dagbag.py:587} INFO - Filling up the DagBag from /opt/airflow/dags/sanity_checks.py
[2026-07-17T20:34:35.865+0000] {processor.py:925} INFO - DAG(s) 'airflow_sanity_check' retrieved from /opt/airflow/dags/sanity_checks.py
[2026-07-17T20:34:35.933+0000] {logging_mixin.py:190} INFO - [2026-07-17T20:34:35.933+0000] {dag.py:3211} INFO - Sync 1 DAGs
[2026-07-17T20:34:36.264+0000] {logging_mixin.py:190} INFO - [2026-07-17T20:34:36.263+0000] {dag.py:4138} INFO - Setting next_dagrun for airflow_sanity_check to None, run_after=None
[2026-07-17T20:34:36.303+0000] {processor.py:208} INFO - Processing /opt/airflow/dags/sanity_checks.py took 0.490 seconds
[2026-07-17T20:35:06.786+0000] {processor.py:186} INFO - Started process (PID=26039) to work on /opt/airflow/dags/sanity_checks.py
[2026-07-17T20:35:06.789+0000] {processor.py:914} INFO - Processing file /opt/airflow/dags/sanity_checks.py for tasks to queue
[2026-07-17T20:35:06.797+0000] {logging_mixin.py:190} INFO - [2026-07-17T20:35:06.796+0000] {dagbag.py:587} INFO - Filling up the DagBag from /opt/airflow/dags/sanity_checks.py
[2026-07-17T20:35:06.838+0000] {processor.py:925} INFO - DAG(s) 'airflow_sanity_check' retrieved from /opt/airflow/dags/sanity_checks.py
[2026-07-17T20:35:06.932+0000] {logging_mixin.py:190} INFO - [2026-07-17T20:35:06.931+0000] {dag.py:3211} INFO - Sync 1 DAGs
[2026-07-17T20:35:06.977+0000] {logging_mixin.py:190} INFO - [2026-07-17T20:35:06.976+0000] {dag.py:4138} INFO - Setting next_dagrun for airflow_sanity_check to None, run_after=None
[2026-07-17T20:35:07.034+0000] {processor.py:208} INFO - Processing /opt/airflow/dags/sanity_checks.py took 0.274 seconds
[2026-07-17T20:35:38.178+0000] {processor.py:186} INFO - Started process (PID=26049) to work on /opt/airflow/dags/sanity_checks.py
[2026-07-17T20:35:38.186+0000] {processor.py:914} INFO - Processing file /opt/airflow/dags/sanity_checks.py for tasks to queue
[2026-07-17T20:35:38.208+0000] {logging_mixin.py:190} INFO - [2026-07-17T20:35:38.205+0000] {dagbag.py:587} INFO - Filling up the DagBag from /opt/airflow/dags/sanity_checks.py
[2026-07-17T20:35:38.290+0000] {processor.py:925} INFO - DAG(s) 'airflow_sanity_check' retrieved from /opt/airflow/dags/sanity_checks.py
[2026-07-17T20:35:38.523+0000] {logging_mixin.py:190} INFO - [2026-07-17T20:35:38.521+0000] {dag.py:3211} INFO - Sync 1 DAGs
[2026-07-17T20:35:38.624+0000] {logging_mixin.py:190} INFO - [2026-07-17T20:35:38.623+0000] {dag.py:4138} INFO - Setting next_dagrun for airflow_sanity_check to None, run_after=None
[2026-07-17T20:35:38.746+0000] {processor.py:208} INFO - Processing /opt/airflow/dags/sanity_checks.py took 0.619 seconds
[2026-07-17T21:06:15.447+0000] {processor.py:186} INFO - Started process (PID=26059) to work on /opt/airflow/dags/sanity_checks.py
[2026-07-17T21:06:15.455+0000] {processor.py:914} INFO - Processing file /opt/airflow/dags/sanity_checks.py for tasks to queue
[2026-07-17T21:06:15.475+0000] {logging_mixin.py:190} INFO - [2026-07-17T21:06:15.473+0000] {dagbag.py:587} INFO - Filling up the DagBag from /opt/airflow/dags/sanity_checks.py
[2026-07-17T21:06:15.555+0000] {processor.py:925} INFO - DAG(s) 'airflow_sanity_check' retrieved from /opt/airflow/dags/sanity_checks.py
[2026-07-17T21:06:15.841+0000] {logging_mixin.py:190} INFO - [2026-07-17T21:06:15.839+0000] {dag.py:3211} INFO - Sync 1 DAGs
[2026-07-17T21:06:15.967+0000] {logging_mixin.py:190} INFO - [2026-07-17T21:06:15.965+0000] {dag.py:4138} INFO - Setting next_dagrun for airflow_sanity_check to None, run_after=None
[2026-07-17T21:06:16.087+0000] {processor.py:208} INFO - Processing /opt/airflow/dags/sanity_checks.py took 0.687 seconds
[2026-07-17T21:06:46.933+0000] {processor.py:186} INFO - Started process (PID=26069) to work on /opt/airflow/dags/sanity_checks.py
[2026-07-17T21:06:46.939+0000] {processor.py:914} INFO - Processing file /opt/airflow/dags/sanity_checks.py for tasks to queue
[2026-07-17T21:06:46.955+0000] {logging_mixin.py:190} INFO - [2026-07-17T21:06:46.953+0000] {dagbag.py:587} INFO - Filling up the DagBag from /opt/airflow/dags/sanity_checks.py
[2026-07-17T21:06:47.040+0000] {processor.py:925} INFO - DAG(s) 'airflow_sanity_check' retrieved from /opt/airflow/dags/sanity_checks.py
[2026-07-17T21:06:47.234+0000] {logging_mixin.py:190} INFO - [2026-07-17T21:06:47.232+0000] {dag.py:3211} INFO - Sync 1 DAGs
[2026-07-17T21:06:47.354+0000] {logging_mixin.py:190} INFO - [2026-07-17T21:06:47.353+0000] {dag.py:4138} INFO - Setting next_dagrun for airflow_sanity_check to None, run_after=None
[2026-07-17T21:06:47.492+0000] {processor.py:208} INFO - Processing /opt/airflow/dags/sanity_checks.py took 0.597 seconds
[2026-07-17T21:07:18.123+0000] {processor.py:186} INFO - Started process (PID=26079) to work on /opt/airflow/dags/sanity_checks.py
[2026-07-17T21:07:18.125+0000] {processor.py:914} INFO - Processing file /opt/airflow/dags/sanity_checks.py for tasks to queue
[2026-07-17T21:07:18.130+0000] {logging_mixin.py:190} INFO - [2026-07-17T21:07:18.130+0000] {dagbag.py:587} INFO - Filling up the DagBag from /opt/airflow/dags/sanity_checks.py
[2026-07-17T21:07:18.151+0000] {processor.py:925} INFO - DAG(s) 'airflow_sanity_check' retrieved from /opt/airflow/dags/sanity_checks.py
[2026-07-17T21:07:18.207+0000] {logging_mixin.py:190} INFO - [2026-07-17T21:07:18.206+0000] {dag.py:3211} INFO - Sync 1 DAGs
[2026-07-17T21:07:18.233+0000] {logging_mixin.py:190} INFO - [2026-07-17T21:07:18.233+0000] {dag.py:4138} INFO - Setting next_dagrun for airflow_sanity_check to None, run_after=None
[2026-07-17T21:07:18.266+0000] {processor.py:208} INFO - Processing /opt/airflow/dags/sanity_checks.py took 0.156 seconds
[2026-07-17T21:07:48.752+0000] {processor.py:186} INFO - Started process (PID=26089) to work on /opt/airflow/dags/sanity_checks.py
[2026-07-17T21:07:48.758+0000] {processor.py:914} INFO - Processing file /opt/airflow/dags/sanity_checks.py for tasks to queue
[2026-07-17T21:07:48.772+0000] {logging_mixin.py:190} INFO - [2026-07-17T21:07:48.771+0000] {dagbag.py:587} INFO - Filling up the DagBag from /opt/airflow/dags/sanity_checks.py
[2026-07-17T21:07:48.812+0000] {processor.py:925} INFO - DAG(s) 'airflow_sanity_check' retrieved from /opt/airflow/dags/sanity_checks.py
[2026-07-17T21:07:48.931+0000] {logging_mixin.py:190} INFO - [2026-07-17T21:07:48.930+0000] {dag.py:3211} INFO - Sync 1 DAGs
[2026-07-17T21:07:49.704+0000] {logging_mixin.py:190} INFO - [2026-07-17T21:07:49.704+0000] {dag.py:4138} INFO - Setting next_dagrun for airflow_sanity_check to None, run_after=None
[2026-07-17T21:07:49.781+0000] {processor.py:208} INFO - Processing /opt/airflow/dags/sanity_checks.py took 1.056 seconds
[2026-07-17T21:08:20.565+0000] {processor.py:186} INFO - Started process (PID=26099) to work on /opt/airflow/dags/sanity_checks.py
[2026-07-17T21:08:20.571+0000] {processor.py:914} INFO - Processing file /opt/airflow/dags/sanity_checks.py for tasks to queue
[2026-07-17T21:08:20.584+0000] {logging_mixin.py:190} INFO - [2026-07-17T21:08:20.582+0000] {dagbag.py:587} INFO - Filling up the DagBag from /opt/airflow/dags/sanity_checks.py
[2026-07-17T21:08:20.654+0000] {processor.py:925} INFO - DAG(s) 'airflow_sanity_check' retrieved from /opt/airflow/dags/sanity_checks.py
[2026-07-17T21:08:20.836+0000] {logging_mixin.py:190} INFO - [2026-07-17T21:08:20.835+0000] {dag.py:3211} INFO - Sync 1 DAGs
[2026-07-17T21:08:20.908+0000] {logging_mixin.py:190} INFO - [2026-07-17T21:08:20.907+0000] {dag.py:4138} INFO - Setting next_dagrun for airflow_sanity_check to None, run_after=None
[2026-07-17T21:08:20.991+0000] {processor.py:208} INFO - Processing /opt/airflow/dags/sanity_checks.py took 0.468 seconds
[2026-07-17T21:08:51.825+0000] {processor.py:186} INFO - Started process (PID=26109) to work on /opt/airflow/dags/sanity_checks.py
[2026-07-17T21:08:51.831+0000] {processor.py:914} INFO - Processing file /opt/airflow/dags/sanity_checks.py for tasks to queue
[2026-07-17T21:08:51.848+0000] {logging_mixin.py:190} INFO - [2026-07-17T21:08:51.845+0000] {dagbag.py:587} INFO - Filling up the DagBag from /opt/airflow/dags/sanity_checks.py
[2026-07-17T21:08:51.914+0000] {processor.py:925} INFO - DAG(s) 'airflow_sanity_check' retrieved from /opt/airflow/dags/sanity_checks.py
[2026-07-17T21:08:52.083+0000] {logging_mixin.py:190} INFO - [2026-07-17T21:08:52.081+0000] {dag.py:3211} INFO - Sync 1 DAGs
[2026-07-17T21:08:52.169+0000] {logging_mixin.py:190} INFO - [2026-07-17T21:08:52.168+0000] {dag.py:4138} INFO - Setting next_dagrun for airflow_sanity_check to None, run_after=None
[2026-07-17T21:08:52.266+0000] {processor.py:208} INFO - Processing /opt/airflow/dags/sanity_checks.py took 0.482 seconds
[2026-07-17T21:09:23.025+0000] {processor.py:186} INFO - Started process (PID=26119) to work on /opt/airflow/dags/sanity_checks.py
[2026-07-17T21:09:23.028+0000] {processor.py:914} INFO - Processing file /opt/airflow/dags/sanity_checks.py for tasks to queue
[2026-07-17T21:09:23.033+0000] {logging_mixin.py:190} INFO - [2026-07-17T21:09:23.032+0000] {dagbag.py:587} INFO - Filling up the DagBag from /opt/airflow/dags/sanity_checks.py
[2026-07-17T21:09:23.057+0000] {processor.py:925} INFO - DAG(s) 'airflow_sanity_check' retrieved from /opt/airflow/dags/sanity_checks.py
[2026-07-17T21:09:23.119+0000] {logging_mixin.py:190} INFO - [2026-07-17T21:09:23.118+0000] {dag.py:3211} INFO - Sync 1 DAGs
[2026-07-17T21:09:23.151+0000] {logging_mixin.py:190} INFO - [2026-07-17T21:09:23.150+0000] {dag.py:4138} INFO - Setting next_dagrun for airflow_sanity_check to None, run_after=None
[2026-07-17T21:09:23.189+0000] {processor.py:208} INFO - Processing /opt/airflow/dags/sanity_checks.py took 0.177 seconds
[2026-07-17T21:09:53.742+0000] {processor.py:186} INFO - Started process (PID=26129) to work on /opt/airflow/dags/sanity_checks.py
[2026-07-17T21:09:53.752+0000] {processor.py:914} INFO - Processing file /opt/airflow/dags/sanity_checks.py for tasks to queue
[2026-07-17T21:09:53.765+0000] {logging_mixin.py:190} INFO - [2026-07-17T21:09:53.763+0000] {dagbag.py:587} INFO - Filling up the DagBag from /opt/airflow/dags/sanity_checks.py
[2026-07-17T21:09:53.834+0000] {processor.py:925} INFO - DAG(s) 'airflow_sanity_check' retrieved from /opt/airflow/dags/sanity_checks.py
[2026-07-17T21:09:54.160+0000] {logging_mixin.py:190} INFO - [2026-07-17T21:09:54.159+0000] {dag.py:3211} INFO - Sync 1 DAGs
[2026-07-17T21:09:54.229+0000] {logging_mixin.py:190} INFO - [2026-07-17T21:09:54.228+0000] {dag.py:4138} INFO - Setting next_dagrun for airflow_sanity_check to None, run_after=None
[2026-07-17T21:09:54.312+0000] {processor.py:208} INFO - Processing /opt/airflow/dags/sanity_checks.py took 0.626 seconds
[2026-07-17T21:10:25.209+0000] {processor.py:186} INFO - Started process (PID=26139) to work on /opt/airflow/dags/sanity_checks.py
[2026-07-17T21:10:25.212+0000] {processor.py:914} INFO - Processing file /opt/airflow/dags/sanity_checks.py for tasks to queue
[2026-07-17T21:10:25.222+0000] {logging_mixin.py:190} INFO - [2026-07-17T21:10:25.221+0000] {dagbag.py:587} INFO - Filling up the DagBag from /opt/airflow/dags/sanity_checks.py
[2026-07-17T21:10:25.257+0000] {processor.py:925} INFO - DAG(s) 'airflow_sanity_check' retrieved from /opt/airflow/dags/sanity_checks.py
[2026-07-17T21:10:25.353+0000] {logging_mixin.py:190} INFO - [2026-07-17T21:10:25.352+0000] {dag.py:3211} INFO - Sync 1 DAGs
[2026-07-17T21:10:25.406+0000] {logging_mixin.py:190} INFO - [2026-07-17T21:10:25.406+0000] {dag.py:4138} INFO - Setting next_dagrun for airflow_sanity_check to None, run_after=None
[2026-07-17T21:10:25.812+0000] {processor.py:208} INFO - Processing /opt/airflow/dags/sanity_checks.py took 0.627 seconds
[2026-07-17T21:10:56.267+0000] {processor.py:186} INFO - Started process (PID=26149) to work on /opt/airflow/dags/sanity_checks.py
[2026-07-17T21:10:56.269+0000] {processor.py:914} INFO - Processing file /opt/airflow/dags/sanity_checks.py for tasks to queue
[2026-07-17T21:10:56.277+0000] {logging_mixin.py:190} INFO - [2026-07-17T21:10:56.276+0000] {dagbag.py:587} INFO - Filling up the DagBag from /opt/airflow/dags/sanity_checks.py
[2026-07-17T21:10:56.306+0000] {processor.py:925} INFO - DAG(s) 'airflow_sanity_check' retrieved from /opt/airflow/dags/sanity_checks.py
[2026-07-17T21:10:56.378+0000] {logging_mixin.py:190} INFO - [2026-07-17T21:10:56.378+0000] {dag.py:3211} INFO - Sync 1 DAGs
[2026-07-17T21:10:56.709+0000] {logging_mixin.py:190} INFO - [2026-07-17T21:10:56.709+0000] {dag.py:4138} INFO - Setting next_dagrun for airflow_sanity_check to None, run_after=None
[2026-07-17T21:10:56.760+0000] {processor.py:208} INFO - Processing /opt/airflow/dags/sanity_checks.py took 0.512 seconds
[2026-07-17T21:11:27.223+0000] {processor.py:186} INFO - Started process (PID=26159) to work on /opt/airflow/dags/sanity_checks.py
[2026-07-17T21:11:27.225+0000] {processor.py:914} INFO - Processing file /opt/airflow/dags/sanity_checks.py for tasks to queue
[2026-07-17T21:11:27.231+0000] {logging_mixin.py:190} INFO - [2026-07-17T21:11:27.231+0000] {dagbag.py:587} INFO - Filling up the DagBag from /opt/airflow/dags/sanity_checks.py
[2026-07-17T21:11:27.260+0000] {processor.py:925} INFO - DAG(s) 'airflow_sanity_check' retrieved from /opt/airflow/dags/sanity_checks.py
[2026-07-17T21:11:27.337+0000] {logging_mixin.py:190} INFO - [2026-07-17T21:11:27.337+0000] {dag.py:3211} INFO - Sync 1 DAGs
[2026-07-17T21:11:27.377+0000] {logging_mixin.py:190} INFO - [2026-07-17T21:11:27.376+0000] {dag.py:4138} INFO - Setting next_dagrun for airflow_sanity_check to None, run_after=None
[2026-07-17T21:11:27.426+0000] {processor.py:208} INFO - Processing /opt/airflow/dags/sanity_checks.py took 0.222 seconds
[2026-07-17T21:11:57.822+0000] {processor.py:186} INFO - Started process (PID=26169) to work on /opt/airflow/dags/sanity_checks.py
[2026-07-17T21:11:57.825+0000] {processor.py:914} INFO - Processing file /opt/airflow/dags/sanity_checks.py for tasks to queue
[2026-07-17T21:11:57.831+0000] {logging_mixin.py:190} INFO - [2026-07-17T21:11:57.830+0000] {dagbag.py:587} INFO - Filling up the DagBag from /opt/airflow/dags/sanity_checks.py
[2026-07-17T21:11:57.859+0000] {processor.py:925} INFO - DAG(s) 'airflow_sanity_check' retrieved from /opt/airflow/dags/sanity_checks.py
[2026-07-17T21:11:57.932+0000] {logging_mixin.py:190} INFO - [2026-07-17T21:11:57.931+0000] {dag.py:3211} INFO - Sync 1 DAGs
[2026-07-17T21:11:57.970+0000] {logging_mixin.py:190} INFO - [2026-07-17T21:11:57.970+0000] {dag.py:4138} INFO - Setting next_dagrun for airflow_sanity_check to None, run_after=None
[2026-07-17T21:11:58.017+0000] {processor.py:208} INFO - Processing /opt/airflow/dags/sanity_checks.py took 0.213 seconds
[2026-07-17T21:12:28.367+0000] {processor.py:186} INFO - Started process (PID=26179) to work on /opt/airflow/dags/sanity_checks.py
[2026-07-17T21:12:28.368+0000] {processor.py:914} INFO - Processing file /opt/airflow/dags/sanity_checks.py for tasks to queue
[2026-07-17T21:12:28.372+0000] {logging_mixin.py:190} INFO - [2026-07-17T21:12:28.371+0000] {dagbag.py:587} INFO - Filling up the DagBag from /opt/airflow/dags/sanity_checks.py
[2026-07-17T21:12:28.388+0000] {processor.py:925} INFO - DAG(s) 'airflow_sanity_check' retrieved from /opt/airflow/dags/sanity_checks.py
[2026-07-17T21:12:28.429+0000] {logging_mixin.py:190} INFO - [2026-07-17T21:12:28.428+0000] {dag.py:3211} INFO - Sync 1 DAGs
[2026-07-17T21:12:28.452+0000] {logging_mixin.py:190} INFO - [2026-07-17T21:12:28.452+0000] {dag.py:4138} INFO - Setting next_dagrun for airflow_sanity_check to None, run_after=None
[2026-07-17T21:12:28.479+0000] {processor.py:208} INFO - Processing /opt/airflow/dags/sanity_checks.py took 0.121 seconds
[2026-07-17T21:12:58.820+0000] {processor.py:186} INFO - Started process (PID=26189) to work on /opt/airflow/dags/sanity_checks.py
[2026-07-17T21:12:58.822+0000] {processor.py:914} INFO - Processing file /opt/airflow/dags/sanity_checks.py for tasks to queue
[2026-07-17T21:12:58.825+0000] {logging_mixin.py:190} INFO - [2026-07-17T21:12:58.824+0000] {dagbag.py:587} INFO - Filling up the DagBag from /opt/airflow/dags/sanity_checks.py
[2026-07-17T21:12:58.841+0000] {processor.py:925} INFO - DAG(s) 'airflow_sanity_check' retrieved from /opt/airflow/dags/sanity_checks.py
[2026-07-17T21:12:58.883+0000] {logging_mixin.py:190} INFO - [2026-07-17T21:12:58.883+0000] {dag.py:3211} INFO - Sync 1 DAGs
[2026-07-17T21:12:58.904+0000] {logging_mixin.py:190} INFO - [2026-07-17T21:12:58.904+0000] {dag.py:4138} INFO - Setting next_dagrun for airflow_sanity_check to None, run_after=None
[2026-07-17T21:12:58.933+0000] {processor.py:208} INFO - Processing /opt/airflow/dags/sanity_checks.py took 0.122 seconds
[2026-07-17T21:13:29.257+0000] {processor.py:186} INFO - Started process (PID=26199) to work on /opt/airflow/dags/sanity_checks.py
[2026-07-17T21:13:29.258+0000] {processor.py:914} INFO - Processing file /opt/airflow/dags/sanity_checks.py for tasks to queue
[2026-07-17T21:13:29.262+0000] {logging_mixin.py:190} INFO - [2026-07-17T21:13:29.262+0000] {dagbag.py:587} INFO - Filling up the DagBag from /opt/airflow/dags/sanity_checks.py
[2026-07-17T21:13:29.279+0000] {processor.py:925} INFO - DAG(s) 'airflow_sanity_check' retrieved from /opt/airflow/dags/sanity_checks.py
[2026-07-17T21:13:29.321+0000] {logging_mixin.py:190} INFO - [2026-07-17T21:13:29.321+0000] {dag.py:3211} INFO - Sync 1 DAGs
[2026-07-17T21:13:29.505+0000] {logging_mixin.py:190} INFO - [2026-07-17T21:13:29.505+0000] {dag.py:4138} INFO - Setting next_dagrun for airflow_sanity_check to None, run_after=None
[2026-07-17T21:13:29.527+0000] {processor.py:208} INFO - Processing /opt/airflow/dags/sanity_checks.py took 0.280 seconds
[2026-07-17T21:13:59.861+0000] {processor.py:186} INFO - Started process (PID=26209) to work on /opt/airflow/dags/sanity_checks.py
[2026-07-17T21:13:59.862+0000] {processor.py:914} INFO - Processing file /opt/airflow/dags/sanity_checks.py for tasks to queue
[2026-07-17T21:13:59.867+0000] {logging_mixin.py:190} INFO - [2026-07-17T21:13:59.867+0000] {dagbag.py:587} INFO - Filling up the DagBag from /opt/airflow/dags/sanity_checks.py
[2026-07-17T21:13:59.884+0000] {processor.py:925} INFO - DAG(s) 'airflow_sanity_check' retrieved from /opt/airflow/dags/sanity_checks.py
[2026-07-17T21:13:59.931+0000] {logging_mixin.py:190} INFO - [2026-07-17T21:13:59.931+0000] {dag.py:3211} INFO - Sync 1 DAGs
[2026-07-17T21:13:59.955+0000] {logging_mixin.py:190} INFO - [2026-07-17T21:13:59.955+0000] {dag.py:4138} INFO - Setting next_dagrun for airflow_sanity_check to None, run_after=None
[2026-07-17T21:13:59.985+0000] {processor.py:208} INFO - Processing /opt/airflow/dags/sanity_checks.py took 0.134 seconds
[2026-07-17T21:14:30.320+0000] {processor.py:186} INFO - Started process (PID=26219) to work on /opt/airflow/dags/sanity_checks.py
[2026-07-17T21:14:30.322+0000] {processor.py:914} INFO - Processing file /opt/airflow/dags/sanity_checks.py for tasks to queue
[2026-07-17T21:14:30.326+0000] {logging_mixin.py:190} INFO - [2026-07-17T21:14:30.325+0000] {dagbag.py:587} INFO - Filling up the DagBag from /opt/airflow/dags/sanity_checks.py
[2026-07-17T21:14:30.341+0000] {processor.py:925} INFO - DAG(s) 'airflow_sanity_check' retrieved from /opt/airflow/dags/sanity_checks.py
[2026-07-17T21:14:30.382+0000] {logging_mixin.py:190} INFO - [2026-07-17T21:14:30.381+0000] {dag.py:3211} INFO - Sync 1 DAGs
[2026-07-17T21:14:30.403+0000] {logging_mixin.py:190} INFO - [2026-07-17T21:14:30.403+0000] {dag.py:4138} INFO - Setting next_dagrun for airflow_sanity_check to None, run_after=None
[2026-07-17T21:14:30.430+0000] {processor.py:208} INFO - Processing /opt/airflow/dags/sanity_checks.py took 0.119 seconds
[2026-07-17T21:15:00.793+0000] {processor.py:186} INFO - Started process (PID=26229) to work on /opt/airflow/dags/sanity_checks.py
[2026-07-17T21:15:00.795+0000] {processor.py:914} INFO - Processing file /opt/airflow/dags/sanity_checks.py for tasks to queue
[2026-07-17T21:15:00.802+0000] {logging_mixin.py:190} INFO - [2026-07-17T21:15:00.801+0000] {dagbag.py:587} INFO - Filling up the DagBag from /opt/airflow/dags/sanity_checks.py
[2026-07-17T21:15:00.830+0000] {processor.py:925} INFO - DAG(s) 'airflow_sanity_check' retrieved from /opt/airflow/dags/sanity_checks.py
[2026-07-17T21:15:00.912+0000] {logging_mixin.py:190} INFO - [2026-07-17T21:15:00.912+0000] {dag.py:3211} INFO - Sync 1 DAGs
[2026-07-17T21:15:00.953+0000] {logging_mixin.py:190} INFO - [2026-07-17T21:15:00.952+0000] {dag.py:4138} INFO - Setting next_dagrun for airflow_sanity_check to None, run_after=None
[2026-07-17T21:15:01.004+0000] {processor.py:208} INFO - Processing /opt/airflow/dags/sanity_checks.py took 0.233 seconds
[2026-07-17T21:15:31.396+0000] {processor.py:186} INFO - Started process (PID=26239) to work on /opt/airflow/dags/sanity_checks.py
[2026-07-17T21:15:31.398+0000] {processor.py:914} INFO - Processing file /opt/airflow/dags/sanity_checks.py for tasks to queue
[2026-07-17T21:15:31.401+0000] {logging_mixin.py:190} INFO - [2026-07-17T21:15:31.401+0000] {dagbag.py:587} INFO - Filling up the DagBag from /opt/airflow/dags/sanity_checks.py
[2026-07-17T21:15:31.417+0000] {processor.py:925} INFO - DAG(s) 'airflow_sanity_check' retrieved from /opt/airflow/dags/sanity_checks.py
[2026-07-17T21:15:31.461+0000] {logging_mixin.py:190} INFO - [2026-07-17T21:15:31.460+0000] {dag.py:3211} INFO - Sync 1 DAGs
[2026-07-17T21:15:31.483+0000] {logging_mixin.py:190} INFO - [2026-07-17T21:15:31.483+0000] {dag.py:4138} INFO - Setting next_dagrun for airflow_sanity_check to None, run_after=None
[2026-07-17T21:15:31.512+0000] {processor.py:208} INFO - Processing /opt/airflow/dags/sanity_checks.py took 0.128 seconds
[2026-07-17T21:16:01.833+0000] {processor.py:186} INFO - Started process (PID=26249) to work on /opt/airflow/dags/sanity_checks.py
[2026-07-17T21:16:01.834+0000] {processor.py:914} INFO - Processing file /opt/airflow/dags/sanity_checks.py for tasks to queue
[2026-07-17T21:16:01.838+0000] {logging_mixin.py:190} INFO - [2026-07-17T21:16:01.838+0000] {dagbag.py:587} INFO - Filling up the DagBag from /opt/airflow/dags/sanity_checks.py
[2026-07-17T21:16:01.855+0000] {processor.py:925} INFO - DAG(s) 'airflow_sanity_check' retrieved from /opt/airflow/dags/sanity_checks.py
[2026-07-17T21:16:01.898+0000] {logging_mixin.py:190} INFO - [2026-07-17T21:16:01.897+0000] {dag.py:3211} INFO - Sync 1 DAGs
[2026-07-17T21:16:01.921+0000] {logging_mixin.py:190} INFO - [2026-07-17T21:16:01.921+0000] {dag.py:4138} INFO - Setting next_dagrun for airflow_sanity_check to None, run_after=None
[2026-07-17T21:16:02.117+0000] {processor.py:208} INFO - Processing /opt/airflow/dags/sanity_checks.py took 0.294 seconds
[2026-07-17T21:16:32.491+0000] {processor.py:186} INFO - Started process (PID=26259) to work on /opt/airflow/dags/sanity_checks.py
[2026-07-17T21:16:32.492+0000] {processor.py:914} INFO - Processing file /opt/airflow/dags/sanity_checks.py for tasks to queue
[2026-07-17T21:16:32.495+0000] {logging_mixin.py:190} INFO - [2026-07-17T21:16:32.495+0000] {dagbag.py:587} INFO - Filling up the DagBag from /opt/airflow/dags/sanity_checks.py
[2026-07-17T21:16:32.511+0000] {processor.py:925} INFO - DAG(s) 'airflow_sanity_check' retrieved from /opt/airflow/dags/sanity_checks.py
[2026-07-17T21:16:32.552+0000] {logging_mixin.py:190} INFO - [2026-07-17T21:16:32.552+0000] {dag.py:3211} INFO - Sync 1 DAGs
[2026-07-17T21:16:32.752+0000] {logging_mixin.py:190} INFO - [2026-07-17T21:16:32.751+0000] {dag.py:4138} INFO - Setting next_dagrun for airflow_sanity_check to None, run_after=None
[2026-07-17T21:16:32.778+0000] {processor.py:208} INFO - Processing /opt/airflow/dags/sanity_checks.py took 0.296 seconds
[2026-07-17T21:17:03.114+0000] {processor.py:186} INFO - Started process (PID=26269) to work on /opt/airflow/dags/sanity_checks.py
[2026-07-17T21:17:03.115+0000] {processor.py:914} INFO - Processing file /opt/airflow/dags/sanity_checks.py for tasks to queue
[2026-07-17T21:17:03.120+0000] {logging_mixin.py:190} INFO - [2026-07-17T21:17:03.119+0000] {dagbag.py:587} INFO - Filling up the DagBag from /opt/airflow/dags/sanity_checks.py
[2026-07-17T21:17:03.135+0000] {processor.py:925} INFO - DAG(s) 'airflow_sanity_check' retrieved from /opt/airflow/dags/sanity_checks.py
[2026-07-17T21:17:03.176+0000] {logging_mixin.py:190} INFO - [2026-07-17T21:17:03.176+0000] {dag.py:3211} INFO - Sync 1 DAGs
[2026-07-17T21:17:03.198+0000] {logging_mixin.py:190} INFO - [2026-07-17T21:17:03.197+0000] {dag.py:4138} INFO - Setting next_dagrun for airflow_sanity_check to None, run_after=None
[2026-07-17T21:17:03.226+0000] {processor.py:208} INFO - Processing /opt/airflow/dags/sanity_checks.py took 0.120 seconds
[2026-07-17T21:17:33.553+0000] {processor.py:186} INFO - Started process (PID=26279) to work on /opt/airflow/dags/sanity_checks.py
[2026-07-17T21:17:33.555+0000] {processor.py:914} INFO - Processing file /opt/airflow/dags/sanity_checks.py for tasks to queue
[2026-07-17T21:17:33.559+0000] {logging_mixin.py:190} INFO - [2026-07-17T21:17:33.558+0000] {dagbag.py:587} INFO - Filling up the DagBag from /opt/airflow/dags/sanity_checks.py
[2026-07-17T21:17:33.575+0000] {processor.py:925} INFO - DAG(s) 'airflow_sanity_check' retrieved from /opt/airflow/dags/sanity_checks.py
[2026-07-17T21:17:33.620+0000] {logging_mixin.py:190} INFO - [2026-07-17T21:17:33.620+0000] {dag.py:3211} INFO - Sync 1 DAGs
[2026-07-17T21:17:33.644+0000] {logging_mixin.py:190} INFO - [2026-07-17T21:17:33.644+0000] {dag.py:4138} INFO - Setting next_dagrun for airflow_sanity_check to None, run_after=None
[2026-07-17T21:17:33.669+0000] {processor.py:208} INFO - Processing /opt/airflow/dags/sanity_checks.py took 0.125 seconds
[2026-07-17T21:18:04.006+0000] {processor.py:186} INFO - Started process (PID=26289) to work on /opt/airflow/dags/sanity_checks.py
[2026-07-17T21:18:04.007+0000] {processor.py:914} INFO - Processing file /opt/airflow/dags/sanity_checks.py for tasks to queue
[2026-07-17T21:18:04.011+0000] {logging_mixin.py:190} INFO - [2026-07-17T21:18:04.010+0000] {dagbag.py:587} INFO - Filling up the DagBag from /opt/airflow/dags/sanity_checks.py
[2026-07-17T21:18:04.025+0000] {processor.py:925} INFO - DAG(s) 'airflow_sanity_check' retrieved from /opt/airflow/dags/sanity_checks.py
[2026-07-17T21:18:04.066+0000] {logging_mixin.py:190} INFO - [2026-07-17T21:18:04.066+0000] {dag.py:3211} INFO - Sync 1 DAGs
[2026-07-17T21:18:04.088+0000] {logging_mixin.py:190} INFO - [2026-07-17T21:18:04.088+0000] {dag.py:4138} INFO - Setting next_dagrun for airflow_sanity_check to None, run_after=None
[2026-07-17T21:18:04.115+0000] {processor.py:208} INFO - Processing /opt/airflow/dags/sanity_checks.py took 0.119 seconds
[2026-07-17T21:18:34.447+0000] {processor.py:186} INFO - Started process (PID=26299) to work on /opt/airflow/dags/sanity_checks.py
[2026-07-17T21:18:34.448+0000] {processor.py:914} INFO - Processing file /opt/airflow/dags/sanity_checks.py for tasks to queue
[2026-07-17T21:18:34.452+0000] {logging_mixin.py:190} INFO - [2026-07-17T21:18:34.452+0000] {dagbag.py:587} INFO - Filling up the DagBag from /opt/airflow/dags/sanity_checks.py
[2026-07-17T21:18:34.468+0000] {processor.py:925} INFO - DAG(s) 'airflow_sanity_check' retrieved from /opt/airflow/dags/sanity_checks.py
[2026-07-17T21:18:34.514+0000] {logging_mixin.py:190} INFO - [2026-07-17T21:18:34.513+0000] {dag.py:3211} INFO - Sync 1 DAGs
[2026-07-17T21:18:34.538+0000] {logging_mixin.py:190} INFO - [2026-07-17T21:18:34.538+0000] {dag.py:4138} INFO - Setting next_dagrun for airflow_sanity_check to None, run_after=None
[2026-07-17T21:18:34.570+0000] {processor.py:208} INFO - Processing /opt/airflow/dags/sanity_checks.py took 0.134 seconds
[2026-07-17T21:19:04.925+0000] {processor.py:186} INFO - Started process (PID=26309) to work on /opt/airflow/dags/sanity_checks.py
[2026-07-17T21:19:04.926+0000] {processor.py:914} INFO - Processing file /opt/airflow/dags/sanity_checks.py for tasks to queue
[2026-07-17T21:19:04.930+0000] {logging_mixin.py:190} INFO - [2026-07-17T21:19:04.929+0000] {dagbag.py:587} INFO - Filling up the DagBag from /opt/airflow/dags/sanity_checks.py
[2026-07-17T21:19:04.946+0000] {processor.py:925} INFO - DAG(s) 'airflow_sanity_check' retrieved from /opt/airflow/dags/sanity_checks.py
[2026-07-17T21:19:04.988+0000] {logging_mixin.py:190} INFO - [2026-07-17T21:19:04.988+0000] {dag.py:3211} INFO - Sync 1 DAGs
[2026-07-17T21:19:05.175+0000] {logging_mixin.py:190} INFO - [2026-07-17T21:19:05.175+0000] {dag.py:4138} INFO - Setting next_dagrun for airflow_sanity_check to None, run_after=None
[2026-07-17T21:19:05.200+0000] {processor.py:208} INFO - Processing /opt/airflow/dags/sanity_checks.py took 0.285 seconds
[2026-07-17T21:19:35.533+0000] {processor.py:186} INFO - Started process (PID=26319) to work on /opt/airflow/dags/sanity_checks.py
[2026-07-17T21:19:35.535+0000] {processor.py:914} INFO - Processing file /opt/airflow/dags/sanity_checks.py for tasks to queue
[2026-07-17T21:19:35.538+0000] {logging_mixin.py:190} INFO - [2026-07-17T21:19:35.538+0000] {dagbag.py:587} INFO - Filling up the DagBag from /opt/airflow/dags/sanity_checks.py
[2026-07-17T21:19:35.555+0000] {processor.py:925} INFO - DAG(s) 'airflow_sanity_check' retrieved from /opt/airflow/dags/sanity_checks.py
[2026-07-17T21:19:35.598+0000] {logging_mixin.py:190} INFO - [2026-07-17T21:19:35.597+0000] {dag.py:3211} INFO - Sync 1 DAGs
[2026-07-17T21:19:35.777+0000] {logging_mixin.py:190} INFO - [2026-07-17T21:19:35.777+0000] {dag.py:4138} INFO - Setting next_dagrun for airflow_sanity_check to None, run_after=None
[2026-07-17T21:19:35.804+0000] {processor.py:208} INFO - Processing /opt/airflow/dags/sanity_checks.py took 0.279 seconds
[2026-07-17T21:20:06.153+0000] {processor.py:186} INFO - Started process (PID=26329) to work on /opt/airflow/dags/sanity_checks.py
[2026-07-17T21:20:06.155+0000] {processor.py:914} INFO - Processing file /opt/airflow/dags/sanity_checks.py for tasks to queue
[2026-07-17T21:20:06.160+0000] {logging_mixin.py:190} INFO - [2026-07-17T21:20:06.159+0000] {dagbag.py:587} INFO - Filling up the DagBag from /opt/airflow/dags/sanity_checks.py
[2026-07-17T21:20:06.185+0000] {processor.py:925} INFO - DAG(s) 'airflow_sanity_check' retrieved from /opt/airflow/dags/sanity_checks.py
[2026-07-17T21:20:06.254+0000] {logging_mixin.py:190} INFO - [2026-07-17T21:20:06.253+0000] {dag.py:3211} INFO - Sync 1 DAGs
[2026-07-17T21:20:06.294+0000] {logging_mixin.py:190} INFO - [2026-07-17T21:20:06.294+0000] {dag.py:4138} INFO - Setting next_dagrun for airflow_sanity_check to None, run_after=None
[2026-07-17T21:20:06.335+0000] {processor.py:208} INFO - Processing /opt/airflow/dags/sanity_checks.py took 0.194 seconds
[2026-07-17T21:20:36.703+0000] {processor.py:186} INFO - Started process (PID=26339) to work on /opt/airflow/dags/sanity_checks.py
[2026-07-17T21:20:36.705+0000] {processor.py:914} INFO - Processing file /opt/airflow/dags/sanity_checks.py for tasks to queue
[2026-07-17T21:20:36.711+0000] {logging_mixin.py:190} INFO - [2026-07-17T21:20:36.710+0000] {dagbag.py:587} INFO - Filling up the DagBag from /opt/airflow/dags/sanity_checks.py
[2026-07-17T21:20:36.732+0000] {processor.py:925} INFO - DAG(s) 'airflow_sanity_check' retrieved from /opt/airflow/dags/sanity_checks.py
[2026-07-17T21:20:36.785+0000] {logging_mixin.py:190} INFO - [2026-07-17T21:20:36.785+0000] {dag.py:3211} INFO - Sync 1 DAGs
[2026-07-17T21:20:36.813+0000] {logging_mixin.py:190} INFO - [2026-07-17T21:20:36.813+0000] {dag.py:4138} INFO - Setting next_dagrun for airflow_sanity_check to None, run_after=None
[2026-07-17T21:20:36.848+0000] {processor.py:208} INFO - Processing /opt/airflow/dags/sanity_checks.py took 0.156 seconds
[2026-07-17T21:21:07.358+0000] {processor.py:186} INFO - Started process (PID=26349) to work on /opt/airflow/dags/sanity_checks.py
[2026-07-17T21:21:07.365+0000] {processor.py:914} INFO - Processing file /opt/airflow/dags/sanity_checks.py for tasks to queue
[2026-07-17T21:21:07.389+0000] {logging_mixin.py:190} INFO - [2026-07-17T21:21:07.386+0000] {dagbag.py:587} INFO - Filling up the DagBag from /opt/airflow/dags/sanity_checks.py
[2026-07-17T21:21:07.484+0000] {processor.py:925} INFO - DAG(s) 'airflow_sanity_check' retrieved from /opt/airflow/dags/sanity_checks.py
[2026-07-17T21:21:07.761+0000] {logging_mixin.py:190} INFO - [2026-07-17T21:21:07.760+0000] {dag.py:3211} INFO - Sync 1 DAGs
[2026-07-17T21:21:07.880+0000] {logging_mixin.py:190} INFO - [2026-07-17T21:21:07.878+0000] {dag.py:4138} INFO - Setting next_dagrun for airflow_sanity_check to None, run_after=None
[2026-07-17T21:21:08.031+0000] {processor.py:208} INFO - Processing /opt/airflow/dags/sanity_checks.py took 0.745 seconds
[2026-07-17T21:51:36.066+0000] {processor.py:186} INFO - Started process (PID=26359) to work on /opt/airflow/dags/sanity_checks.py
[2026-07-17T21:51:36.072+0000] {processor.py:914} INFO - Processing file /opt/airflow/dags/sanity_checks.py for tasks to queue
[2026-07-17T21:51:36.097+0000] {logging_mixin.py:190} INFO - [2026-07-17T21:51:36.086+0000] {dagbag.py:587} INFO - Filling up the DagBag from /opt/airflow/dags/sanity_checks.py
[2026-07-17T21:51:36.172+0000] {processor.py:925} INFO - DAG(s) 'airflow_sanity_check' retrieved from /opt/airflow/dags/sanity_checks.py
[2026-07-17T21:51:36.404+0000] {logging_mixin.py:190} INFO - [2026-07-17T21:51:36.402+0000] {dag.py:3211} INFO - Sync 1 DAGs
[2026-07-17T21:51:36.618+0000] {logging_mixin.py:190} INFO - [2026-07-17T21:51:36.617+0000] {dag.py:4138} INFO - Setting next_dagrun for airflow_sanity_check to None, run_after=None
[2026-07-17T21:51:36.816+0000] {processor.py:208} INFO - Processing /opt/airflow/dags/sanity_checks.py took 0.803 seconds
[2026-07-17T21:52:07.677+0000] {processor.py:186} INFO - Started process (PID=26369) to work on /opt/airflow/dags/sanity_checks.py
[2026-07-17T21:52:07.682+0000] {processor.py:914} INFO - Processing file /opt/airflow/dags/sanity_checks.py for tasks to queue
[2026-07-17T21:52:07.695+0000] {logging_mixin.py:190} INFO - [2026-07-17T21:52:07.694+0000] {dagbag.py:587} INFO - Filling up the DagBag from /opt/airflow/dags/sanity_checks.py
[2026-07-17T21:52:07.745+0000] {processor.py:925} INFO - DAG(s) 'airflow_sanity_check' retrieved from /opt/airflow/dags/sanity_checks.py
[2026-07-17T21:52:07.872+0000] {logging_mixin.py:190} INFO - [2026-07-17T21:52:07.871+0000] {dag.py:3211} INFO - Sync 1 DAGs
[2026-07-17T21:52:07.945+0000] {logging_mixin.py:190} INFO - [2026-07-17T21:52:07.944+0000] {dag.py:4138} INFO - Setting next_dagrun for airflow_sanity_check to None, run_after=None
[2026-07-17T21:52:08.457+0000] {processor.py:208} INFO - Processing /opt/airflow/dags/sanity_checks.py took 0.809 seconds
[2026-07-17T21:52:38.960+0000] {processor.py:186} INFO - Started process (PID=26379) to work on /opt/airflow/dags/sanity_checks.py
[2026-07-17T21:52:38.966+0000] {processor.py:914} INFO - Processing file /opt/airflow/dags/sanity_checks.py for tasks to queue
[2026-07-17T21:52:38.973+0000] {logging_mixin.py:190} INFO - [2026-07-17T21:52:38.972+0000] {dagbag.py:587} INFO - Filling up the DagBag from /opt/airflow/dags/sanity_checks.py
[2026-07-17T21:52:39.008+0000] {processor.py:925} INFO - DAG(s) 'airflow_sanity_check' retrieved from /opt/airflow/dags/sanity_checks.py
[2026-07-17T21:52:39.100+0000] {logging_mixin.py:190} INFO - [2026-07-17T21:52:39.099+0000] {dag.py:3211} INFO - Sync 1 DAGs
[2026-07-17T21:52:39.474+0000] {logging_mixin.py:190} INFO - [2026-07-17T21:52:39.473+0000] {dag.py:4138} INFO - Setting next_dagrun for airflow_sanity_check to None, run_after=None
[2026-07-17T21:52:39.525+0000] {processor.py:208} INFO - Processing /opt/airflow/dags/sanity_checks.py took 0.585 seconds
[2026-07-17T21:53:09.728+0000] {processor.py:186} INFO - Started process (PID=26389) to work on /opt/airflow/dags/sanity_checks.py
[2026-07-17T21:53:09.731+0000] {processor.py:914} INFO - Processing file /opt/airflow/dags/sanity_checks.py for tasks to queue
[2026-07-17T21:53:09.738+0000] {logging_mixin.py:190} INFO - [2026-07-17T21:53:09.737+0000] {dagbag.py:587} INFO - Filling up the DagBag from /opt/airflow/dags/sanity_checks.py
[2026-07-17T21:53:09.771+0000] {processor.py:925} INFO - DAG(s) 'airflow_sanity_check' retrieved from /opt/airflow/dags/sanity_checks.py
[2026-07-17T21:53:09.861+0000] {logging_mixin.py:190} INFO - [2026-07-17T21:53:09.860+0000] {dag.py:3211} INFO - Sync 1 DAGs
[2026-07-17T21:53:09.908+0000] {logging_mixin.py:190} INFO - [2026-07-17T21:53:09.907+0000] {dag.py:4138} INFO - Setting next_dagrun for airflow_sanity_check to None, run_after=None
[2026-07-17T21:53:09.965+0000] {processor.py:208} INFO - Processing /opt/airflow/dags/sanity_checks.py took 0.258 seconds
[2026-07-17T21:53:40.472+0000] {processor.py:186} INFO - Started process (PID=26399) to work on /opt/airflow/dags/sanity_checks.py
[2026-07-17T21:53:40.476+0000] {processor.py:914} INFO - Processing file /opt/airflow/dags/sanity_checks.py for tasks to queue
[2026-07-17T21:53:40.485+0000] {logging_mixin.py:190} INFO - [2026-07-17T21:53:40.484+0000] {dagbag.py:587} INFO - Filling up the DagBag from /opt/airflow/dags/sanity_checks.py
[2026-07-17T21:53:40.527+0000] {processor.py:925} INFO - DAG(s) 'airflow_sanity_check' retrieved from /opt/airflow/dags/sanity_checks.py
[2026-07-17T21:53:40.643+0000] {logging_mixin.py:190} INFO - [2026-07-17T21:53:40.643+0000] {dag.py:3211} INFO - Sync 1 DAGs
[2026-07-17T21:53:40.703+0000] {logging_mixin.py:190} INFO - [2026-07-17T21:53:40.703+0000] {dag.py:4138} INFO - Setting next_dagrun for airflow_sanity_check to None, run_after=None
[2026-07-17T21:53:40.772+0000] {processor.py:208} INFO - Processing /opt/airflow/dags/sanity_checks.py took 0.329 seconds
[2026-07-17T21:54:11.179+0000] {processor.py:186} INFO - Started process (PID=26409) to work on /opt/airflow/dags/sanity_checks.py
[2026-07-17T21:54:11.181+0000] {processor.py:914} INFO - Processing file /opt/airflow/dags/sanity_checks.py for tasks to queue
[2026-07-17T21:54:11.186+0000] {logging_mixin.py:190} INFO - [2026-07-17T21:54:11.185+0000] {dagbag.py:587} INFO - Filling up the DagBag from /opt/airflow/dags/sanity_checks.py
[2026-07-17T21:54:11.208+0000] {processor.py:925} INFO - DAG(s) 'airflow_sanity_check' retrieved from /opt/airflow/dags/sanity_checks.py
[2026-07-17T21:54:11.264+0000] {logging_mixin.py:190} INFO - [2026-07-17T21:54:11.263+0000] {dag.py:3211} INFO - Sync 1 DAGs
[2026-07-17T21:54:11.295+0000] {logging_mixin.py:190} INFO - [2026-07-17T21:54:11.294+0000] {dag.py:4138} INFO - Setting next_dagrun for airflow_sanity_check to None, run_after=None
[2026-07-17T21:54:11.328+0000] {processor.py:208} INFO - Processing /opt/airflow/dags/sanity_checks.py took 0.161 seconds
[2026-07-17T21:54:41.669+0000] {processor.py:186} INFO - Started process (PID=26419) to work on /opt/airflow/dags/sanity_checks.py
[2026-07-17T21:54:41.671+0000] {processor.py:914} INFO - Processing file /opt/airflow/dags/sanity_checks.py for tasks to queue
[2026-07-17T21:54:41.674+0000] {logging_mixin.py:190} INFO - [2026-07-17T21:54:41.674+0000] {dagbag.py:587} INFO - Filling up the DagBag from /opt/airflow/dags/sanity_checks.py
[2026-07-17T21:54:41.691+0000] {processor.py:925} INFO - DAG(s) 'airflow_sanity_check' retrieved from /opt/airflow/dags/sanity_checks.py
[2026-07-17T21:54:41.735+0000] {logging_mixin.py:190} INFO - [2026-07-17T21:54:41.735+0000] {dag.py:3211} INFO - Sync 1 DAGs
[2026-07-17T21:54:41.758+0000] {logging_mixin.py:190} INFO - [2026-07-17T21:54:41.758+0000] {dag.py:4138} INFO - Setting next_dagrun for airflow_sanity_check to None, run_after=None
[2026-07-17T21:54:41.786+0000] {processor.py:208} INFO - Processing /opt/airflow/dags/sanity_checks.py took 0.127 seconds
[2026-07-17T21:55:12.085+0000] {processor.py:186} INFO - Started process (PID=26429) to work on /opt/airflow/dags/sanity_checks.py
[2026-07-17T21:55:12.087+0000] {processor.py:914} INFO - Processing file /opt/airflow/dags/sanity_checks.py for tasks to queue
[2026-07-17T21:55:12.090+0000] {logging_mixin.py:190} INFO - [2026-07-17T21:55:12.090+0000] {dagbag.py:587} INFO - Filling up the DagBag from /opt/airflow/dags/sanity_checks.py
[2026-07-17T21:55:12.107+0000] {processor.py:925} INFO - DAG(s) 'airflow_sanity_check' retrieved from /opt/airflow/dags/sanity_checks.py
[2026-07-17T21:55:12.148+0000] {logging_mixin.py:190} INFO - [2026-07-17T21:55:12.147+0000] {dag.py:3211} INFO - Sync 1 DAGs
[2026-07-17T21:55:12.339+0000] {logging_mixin.py:190} INFO - [2026-07-17T21:55:12.339+0000] {dag.py:4138} INFO - Setting next_dagrun for airflow_sanity_check to None, run_after=None
[2026-07-17T21:55:12.362+0000] {processor.py:208} INFO - Processing /opt/airflow/dags/sanity_checks.py took 0.286 seconds
[2026-07-17T21:55:42.695+0000] {processor.py:186} INFO - Started process (PID=26439) to work on /opt/airflow/dags/sanity_checks.py
[2026-07-17T21:55:42.699+0000] {processor.py:914} INFO - Processing file /opt/airflow/dags/sanity_checks.py for tasks to queue
[2026-07-17T21:55:42.703+0000] {logging_mixin.py:190} INFO - [2026-07-17T21:55:42.703+0000] {dagbag.py:587} INFO - Filling up the DagBag from /opt/airflow/dags/sanity_checks.py
[2026-07-17T21:55:42.718+0000] {processor.py:925} INFO - DAG(s) 'airflow_sanity_check' retrieved from /opt/airflow/dags/sanity_checks.py
[2026-07-17T21:55:42.760+0000] {logging_mixin.py:190} INFO - [2026-07-17T21:55:42.760+0000] {dag.py:3211} INFO - Sync 1 DAGs
[2026-07-17T21:55:42.950+0000] {logging_mixin.py:190} INFO - [2026-07-17T21:55:42.950+0000] {dag.py:4138} INFO - Setting next_dagrun for airflow_sanity_check to None, run_after=None
[2026-07-17T21:55:42.975+0000] {processor.py:208} INFO - Processing /opt/airflow/dags/sanity_checks.py took 0.289 seconds
[2026-07-17T21:56:13.316+0000] {processor.py:186} INFO - Started process (PID=26449) to work on /opt/airflow/dags/sanity_checks.py
[2026-07-17T21:56:13.317+0000] {processor.py:914} INFO - Processing file /opt/airflow/dags/sanity_checks.py for tasks to queue
[2026-07-17T21:56:13.322+0000] {logging_mixin.py:190} INFO - [2026-07-17T21:56:13.322+0000] {dagbag.py:587} INFO - Filling up the DagBag from /opt/airflow/dags/sanity_checks.py
[2026-07-17T21:56:13.338+0000] {processor.py:925} INFO - DAG(s) 'airflow_sanity_check' retrieved from /opt/airflow/dags/sanity_checks.py
[2026-07-17T21:56:13.380+0000] {logging_mixin.py:190} INFO - [2026-07-17T21:56:13.380+0000] {dag.py:3211} INFO - Sync 1 DAGs
[2026-07-17T21:56:13.402+0000] {logging_mixin.py:190} INFO - [2026-07-17T21:56:13.401+0000] {dag.py:4138} INFO - Setting next_dagrun for airflow_sanity_check to None, run_after=None
[2026-07-17T21:56:13.426+0000] {processor.py:208} INFO - Processing /opt/airflow/dags/sanity_checks.py took 0.119 seconds
[2026-07-17T21:56:43.766+0000] {processor.py:186} INFO - Started process (PID=26459) to work on /opt/airflow/dags/sanity_checks.py
[2026-07-17T21:56:43.768+0000] {processor.py:914} INFO - Processing file /opt/airflow/dags/sanity_checks.py for tasks to queue
[2026-07-17T21:56:43.772+0000] {logging_mixin.py:190} INFO - [2026-07-17T21:56:43.771+0000] {dagbag.py:587} INFO - Filling up the DagBag from /opt/airflow/dags/sanity_checks.py
[2026-07-17T21:56:43.787+0000] {processor.py:925} INFO - DAG(s) 'airflow_sanity_check' retrieved from /opt/airflow/dags/sanity_checks.py
[2026-07-17T21:56:43.829+0000] {logging_mixin.py:190} INFO - [2026-07-17T21:56:43.828+0000] {dag.py:3211} INFO - Sync 1 DAGs
[2026-07-17T21:56:43.850+0000] {logging_mixin.py:190} INFO - [2026-07-17T21:56:43.850+0000] {dag.py:4138} INFO - Setting next_dagrun for airflow_sanity_check to None, run_after=None
[2026-07-17T21:56:43.876+0000] {processor.py:208} INFO - Processing /opt/airflow/dags/sanity_checks.py took 0.120 seconds
[2026-07-17T21:57:14.202+0000] {processor.py:186} INFO - Started process (PID=26469) to work on /opt/airflow/dags/sanity_checks.py
[2026-07-17T21:57:14.204+0000] {processor.py:914} INFO - Processing file /opt/airflow/dags/sanity_checks.py for tasks to queue
[2026-07-17T21:57:14.207+0000] {logging_mixin.py:190} INFO - [2026-07-17T21:57:14.207+0000] {dagbag.py:587} INFO - Filling up the DagBag from /opt/airflow/dags/sanity_checks.py
[2026-07-17T21:57:14.222+0000] {processor.py:925} INFO - DAG(s) 'airflow_sanity_check' retrieved from /opt/airflow/dags/sanity_checks.py
[2026-07-17T21:57:14.264+0000] {logging_mixin.py:190} INFO - [2026-07-17T21:57:14.264+0000] {dag.py:3211} INFO - Sync 1 DAGs
[2026-07-17T21:57:14.285+0000] {logging_mixin.py:190} INFO - [2026-07-17T21:57:14.285+0000] {dag.py:4138} INFO - Setting next_dagrun for airflow_sanity_check to None, run_after=None
[2026-07-17T21:57:14.309+0000] {processor.py:208} INFO - Processing /opt/airflow/dags/sanity_checks.py took 0.116 seconds
[2026-07-17T21:57:44.615+0000] {processor.py:186} INFO - Started process (PID=26479) to work on /opt/airflow/dags/sanity_checks.py
[2026-07-17T21:57:44.616+0000] {processor.py:914} INFO - Processing file /opt/airflow/dags/sanity_checks.py for tasks to queue
[2026-07-17T21:57:44.620+0000] {logging_mixin.py:190} INFO - [2026-07-17T21:57:44.619+0000] {dagbag.py:587} INFO - Filling up the DagBag from /opt/airflow/dags/sanity_checks.py
[2026-07-17T21:57:44.636+0000] {processor.py:925} INFO - DAG(s) 'airflow_sanity_check' retrieved from /opt/airflow/dags/sanity_checks.py
[2026-07-17T21:57:44.679+0000] {logging_mixin.py:190} INFO - [2026-07-17T21:57:44.679+0000] {dag.py:3211} INFO - Sync 1 DAGs
[2026-07-17T21:57:44.704+0000] {logging_mixin.py:190} INFO - [2026-07-17T21:57:44.704+0000] {dag.py:4138} INFO - Setting next_dagrun for airflow_sanity_check to None, run_after=None
[2026-07-17T21:57:44.905+0000] {processor.py:208} INFO - Processing /opt/airflow/dags/sanity_checks.py took 0.300 seconds
[2026-07-17T21:58:15.223+0000] {processor.py:186} INFO - Started process (PID=26489) to work on /opt/airflow/dags/sanity_checks.py
[2026-07-17T21:58:15.224+0000] {processor.py:914} INFO - Processing file /opt/airflow/dags/sanity_checks.py for tasks to queue
[2026-07-17T21:58:15.228+0000] {logging_mixin.py:190} INFO - [2026-07-17T21:58:15.227+0000] {dagbag.py:587} INFO - Filling up the DagBag from /opt/airflow/dags/sanity_checks.py
[2026-07-17T21:58:15.250+0000] {processor.py:925} INFO - DAG(s) 'airflow_sanity_check' retrieved from /opt/airflow/dags/sanity_checks.py
[2026-07-17T21:58:15.294+0000] {logging_mixin.py:190} INFO - [2026-07-17T21:58:15.294+0000] {dag.py:3211} INFO - Sync 1 DAGs
[2026-07-17T21:58:15.496+0000] {logging_mixin.py:190} INFO - [2026-07-17T21:58:15.496+0000] {dag.py:4138} INFO - Setting next_dagrun for airflow_sanity_check to None, run_after=None
[2026-07-17T21:58:15.523+0000] {processor.py:208} INFO - Processing /opt/airflow/dags/sanity_checks.py took 0.310 seconds
[2026-07-17T21:58:45.864+0000] {processor.py:186} INFO - Started process (PID=26499) to work on /opt/airflow/dags/sanity_checks.py
[2026-07-17T21:58:45.866+0000] {processor.py:914} INFO - Processing file /opt/airflow/dags/sanity_checks.py for tasks to queue
[2026-07-17T21:58:45.870+0000] {logging_mixin.py:190} INFO - [2026-07-17T21:58:45.870+0000] {dagbag.py:587} INFO - Filling up the DagBag from /opt/airflow/dags/sanity_checks.py
[2026-07-17T21:58:45.888+0000] {processor.py:925} INFO - DAG(s) 'airflow_sanity_check' retrieved from /opt/airflow/dags/sanity_checks.py
[2026-07-17T21:58:45.961+0000] {logging_mixin.py:190} INFO - [2026-07-17T21:58:45.960+0000] {dag.py:3211} INFO - Sync 1 DAGs
[2026-07-17T21:58:45.984+0000] {logging_mixin.py:190} INFO - [2026-07-17T21:58:45.983+0000] {dag.py:4138} INFO - Setting next_dagrun for airflow_sanity_check to None, run_after=None
[2026-07-17T21:58:46.015+0000] {processor.py:208} INFO - Processing /opt/airflow/dags/sanity_checks.py took 0.161 seconds
[2026-07-17T21:59:16.344+0000] {processor.py:186} INFO - Started process (PID=26509) to work on /opt/airflow/dags/sanity_checks.py
[2026-07-17T21:59:16.346+0000] {processor.py:914} INFO - Processing file /opt/airflow/dags/sanity_checks.py for tasks to queue
[2026-07-17T21:59:16.350+0000] {logging_mixin.py:190} INFO - [2026-07-17T21:59:16.349+0000] {dagbag.py:587} INFO - Filling up the DagBag from /opt/airflow/dags/sanity_checks.py
[2026-07-17T21:59:16.365+0000] {processor.py:925} INFO - DAG(s) 'airflow_sanity_check' retrieved from /opt/airflow/dags/sanity_checks.py
[2026-07-17T21:59:16.406+0000] {logging_mixin.py:190} INFO - [2026-07-17T21:59:16.406+0000] {dag.py:3211} INFO - Sync 1 DAGs
[2026-07-17T21:59:16.426+0000] {logging_mixin.py:190} INFO - [2026-07-17T21:59:16.426+0000] {dag.py:4138} INFO - Setting next_dagrun for airflow_sanity_check to None, run_after=None
[2026-07-17T21:59:16.454+0000] {processor.py:208} INFO - Processing /opt/airflow/dags/sanity_checks.py took 0.120 seconds
[2026-07-17T21:59:46.783+0000] {processor.py:186} INFO - Started process (PID=26519) to work on /opt/airflow/dags/sanity_checks.py
[2026-07-17T21:59:46.784+0000] {processor.py:914} INFO - Processing file /opt/airflow/dags/sanity_checks.py for tasks to queue
[2026-07-17T21:59:46.788+0000] {logging_mixin.py:190} INFO - [2026-07-17T21:59:46.788+0000] {dagbag.py:587} INFO - Filling up the DagBag from /opt/airflow/dags/sanity_checks.py
[2026-07-17T21:59:46.804+0000] {processor.py:925} INFO - DAG(s) 'airflow_sanity_check' retrieved from /opt/airflow/dags/sanity_checks.py
[2026-07-17T21:59:46.844+0000] {logging_mixin.py:190} INFO - [2026-07-17T21:59:46.844+0000] {dag.py:3211} INFO - Sync 1 DAGs
[2026-07-17T21:59:46.865+0000] {logging_mixin.py:190} INFO - [2026-07-17T21:59:46.865+0000] {dag.py:4138} INFO - Setting next_dagrun for airflow_sanity_check to None, run_after=None
[2026-07-17T21:59:46.891+0000] {processor.py:208} INFO - Processing /opt/airflow/dags/sanity_checks.py took 0.116 seconds
[2026-07-17T22:00:17.308+0000] {processor.py:186} INFO - Started process (PID=26529) to work on /opt/airflow/dags/sanity_checks.py
[2026-07-17T22:00:17.314+0000] {processor.py:914} INFO - Processing file /opt/airflow/dags/sanity_checks.py for tasks to queue
[2026-07-17T22:00:17.331+0000] {logging_mixin.py:190} INFO - [2026-07-17T22:00:17.329+0000] {dagbag.py:587} INFO - Filling up the DagBag from /opt/airflow/dags/sanity_checks.py
[2026-07-17T22:00:17.396+0000] {processor.py:925} INFO - DAG(s) 'airflow_sanity_check' retrieved from /opt/airflow/dags/sanity_checks.py
[2026-07-17T22:00:17.568+0000] {logging_mixin.py:190} INFO - [2026-07-17T22:00:17.566+0000] {dag.py:3211} INFO - Sync 1 DAGs
[2026-07-17T22:00:17.660+0000] {logging_mixin.py:190} INFO - [2026-07-17T22:00:17.659+0000] {dag.py:4138} INFO - Setting next_dagrun for airflow_sanity_check to None, run_after=None
[2026-07-17T22:00:17.784+0000] {processor.py:208} INFO - Processing /opt/airflow/dags/sanity_checks.py took 0.516 seconds
[2026-07-17T22:30:55.778+0000] {processor.py:186} INFO - Started process (PID=26539) to work on /opt/airflow/dags/sanity_checks.py
[2026-07-17T22:30:55.782+0000] {processor.py:914} INFO - Processing file /opt/airflow/dags/sanity_checks.py for tasks to queue
[2026-07-17T22:30:55.791+0000] {logging_mixin.py:190} INFO - [2026-07-17T22:30:55.790+0000] {dagbag.py:587} INFO - Filling up the DagBag from /opt/airflow/dags/sanity_checks.py
[2026-07-17T22:30:55.884+0000] {processor.py:925} INFO - DAG(s) 'airflow_sanity_check' retrieved from /opt/airflow/dags/sanity_checks.py
[2026-07-17T22:30:56.067+0000] {logging_mixin.py:190} INFO - [2026-07-17T22:30:56.066+0000] {dag.py:3211} INFO - Sync 1 DAGs
[2026-07-17T22:30:56.134+0000] {logging_mixin.py:190} INFO - [2026-07-17T22:30:56.132+0000] {dag.py:4138} INFO - Setting next_dagrun for airflow_sanity_check to None, run_after=None
[2026-07-17T22:30:56.647+0000] {processor.py:208} INFO - Processing /opt/airflow/dags/sanity_checks.py took 0.894 seconds
[2026-07-17T22:31:27.087+0000] {processor.py:186} INFO - Started process (PID=26549) to work on /opt/airflow/dags/sanity_checks.py
[2026-07-17T22:31:27.089+0000] {processor.py:914} INFO - Processing file /opt/airflow/dags/sanity_checks.py for tasks to queue
[2026-07-17T22:31:27.095+0000] {logging_mixin.py:190} INFO - [2026-07-17T22:31:27.094+0000] {dagbag.py:587} INFO - Filling up the DagBag from /opt/airflow/dags/sanity_checks.py
[2026-07-17T22:31:27.116+0000] {processor.py:925} INFO - DAG(s) 'airflow_sanity_check' retrieved from /opt/airflow/dags/sanity_checks.py
[2026-07-17T22:31:27.172+0000] {logging_mixin.py:190} INFO - [2026-07-17T22:31:27.171+0000] {dag.py:3211} INFO - Sync 1 DAGs
[2026-07-17T22:31:27.433+0000] {logging_mixin.py:190} INFO - [2026-07-17T22:31:27.433+0000] {dag.py:4138} INFO - Setting next_dagrun for airflow_sanity_check to None, run_after=None
[2026-07-17T22:31:27.480+0000] {processor.py:208} INFO - Processing /opt/airflow/dags/sanity_checks.py took 0.406 seconds
[2026-07-17T22:31:58.042+0000] {processor.py:186} INFO - Started process (PID=26559) to work on /opt/airflow/dags/sanity_checks.py
[2026-07-17T22:31:58.048+0000] {processor.py:914} INFO - Processing file /opt/airflow/dags/sanity_checks.py for tasks to queue
[2026-07-17T22:31:58.067+0000] {logging_mixin.py:190} INFO - [2026-07-17T22:31:58.064+0000] {dagbag.py:587} INFO - Filling up the DagBag from /opt/airflow/dags/sanity_checks.py
[2026-07-17T22:31:58.160+0000] {processor.py:925} INFO - DAG(s) 'airflow_sanity_check' retrieved from /opt/airflow/dags/sanity_checks.py
[2026-07-17T22:31:58.331+0000] {logging_mixin.py:190} INFO - [2026-07-17T22:31:58.330+0000] {dag.py:3211} INFO - Sync 1 DAGs
[2026-07-17T22:31:58.422+0000] {logging_mixin.py:190} INFO - [2026-07-17T22:31:58.421+0000] {dag.py:4138} INFO - Setting next_dagrun for airflow_sanity_check to None, run_after=None
[2026-07-17T22:31:58.514+0000] {processor.py:208} INFO - Processing /opt/airflow/dags/sanity_checks.py took 0.512 seconds
[2026-07-17T22:32:29.079+0000] {processor.py:186} INFO - Started process (PID=26569) to work on /opt/airflow/dags/sanity_checks.py
[2026-07-17T22:32:29.082+0000] {processor.py:914} INFO - Processing file /opt/airflow/dags/sanity_checks.py for tasks to queue
[2026-07-17T22:32:29.090+0000] {logging_mixin.py:190} INFO - [2026-07-17T22:32:29.089+0000] {dagbag.py:587} INFO - Filling up the DagBag from /opt/airflow/dags/sanity_checks.py
[2026-07-17T22:32:29.124+0000] {processor.py:925} INFO - DAG(s) 'airflow_sanity_check' retrieved from /opt/airflow/dags/sanity_checks.py
[2026-07-17T22:32:29.218+0000] {logging_mixin.py:190} INFO - [2026-07-17T22:32:29.217+0000] {dag.py:3211} INFO - Sync 1 DAGs
[2026-07-17T22:32:29.263+0000] {logging_mixin.py:190} INFO - [2026-07-17T22:32:29.262+0000] {dag.py:4138} INFO - Setting next_dagrun for airflow_sanity_check to None, run_after=None
[2026-07-17T22:32:29.316+0000] {processor.py:208} INFO - Processing /opt/airflow/dags/sanity_checks.py took 0.260 seconds
[2026-07-17T22:32:59.823+0000] {processor.py:186} INFO - Started process (PID=26579) to work on /opt/airflow/dags/sanity_checks.py
[2026-07-17T22:32:59.826+0000] {processor.py:914} INFO - Processing file /opt/airflow/dags/sanity_checks.py for tasks to queue
[2026-07-17T22:32:59.834+0000] {logging_mixin.py:190} INFO - [2026-07-17T22:32:59.833+0000] {dagbag.py:587} INFO - Filling up the DagBag from /opt/airflow/dags/sanity_checks.py
[2026-07-17T22:32:59.870+0000] {processor.py:925} INFO - DAG(s) 'airflow_sanity_check' retrieved from /opt/airflow/dags/sanity_checks.py
[2026-07-17T22:32:59.966+0000] {logging_mixin.py:190} INFO - [2026-07-17T22:32:59.965+0000] {dag.py:3211} INFO - Sync 1 DAGs
[2026-07-17T22:33:00.016+0000] {logging_mixin.py:190} INFO - [2026-07-17T22:33:00.015+0000] {dag.py:4138} INFO - Setting next_dagrun for airflow_sanity_check to None, run_after=None
[2026-07-17T22:33:00.074+0000] {processor.py:208} INFO - Processing /opt/airflow/dags/sanity_checks.py took 0.276 seconds
[2026-07-17T22:33:30.465+0000] {processor.py:186} INFO - Started process (PID=26589) to work on /opt/airflow/dags/sanity_checks.py
[2026-07-17T22:33:30.468+0000] {processor.py:914} INFO - Processing file /opt/airflow/dags/sanity_checks.py for tasks to queue
[2026-07-17T22:33:30.474+0000] {logging_mixin.py:190} INFO - [2026-07-17T22:33:30.473+0000] {dagbag.py:587} INFO - Filling up the DagBag from /opt/airflow/dags/sanity_checks.py
[2026-07-17T22:33:30.496+0000] {processor.py:925} INFO - DAG(s) 'airflow_sanity_check' retrieved from /opt/airflow/dags/sanity_checks.py
[2026-07-17T22:33:30.551+0000] {logging_mixin.py:190} INFO - [2026-07-17T22:33:30.551+0000] {dag.py:3211} INFO - Sync 1 DAGs
[2026-07-17T22:33:30.579+0000] {logging_mixin.py:190} INFO - [2026-07-17T22:33:30.578+0000] {dag.py:4138} INFO - Setting next_dagrun for airflow_sanity_check to None, run_after=None
[2026-07-17T22:33:30.617+0000] {processor.py:208} INFO - Processing /opt/airflow/dags/sanity_checks.py took 0.167 seconds
[2026-07-17T22:34:00.958+0000] {processor.py:186} INFO - Started process (PID=26599) to work on /opt/airflow/dags/sanity_checks.py
[2026-07-17T22:34:00.960+0000] {processor.py:914} INFO - Processing file /opt/airflow/dags/sanity_checks.py for tasks to queue
[2026-07-17T22:34:00.964+0000] {logging_mixin.py:190} INFO - [2026-07-17T22:34:00.964+0000] {dagbag.py:587} INFO - Filling up the DagBag from /opt/airflow/dags/sanity_checks.py
[2026-07-17T22:34:00.981+0000] {processor.py:925} INFO - DAG(s) 'airflow_sanity_check' retrieved from /opt/airflow/dags/sanity_checks.py
[2026-07-17T22:34:01.027+0000] {logging_mixin.py:190} INFO - [2026-07-17T22:34:01.027+0000] {dag.py:3211} INFO - Sync 1 DAGs
[2026-07-17T22:34:01.241+0000] {logging_mixin.py:190} INFO - [2026-07-17T22:34:01.240+0000] {dag.py:4138} INFO - Setting next_dagrun for airflow_sanity_check to None, run_after=None
[2026-07-17T22:34:01.269+0000] {processor.py:208} INFO - Processing /opt/airflow/dags/sanity_checks.py took 0.323 seconds
[2026-07-17T22:34:31.596+0000] {processor.py:186} INFO - Started process (PID=26609) to work on /opt/airflow/dags/sanity_checks.py
[2026-07-17T22:34:31.598+0000] {processor.py:914} INFO - Processing file /opt/airflow/dags/sanity_checks.py for tasks to queue
[2026-07-17T22:34:31.601+0000] {logging_mixin.py:190} INFO - [2026-07-17T22:34:31.601+0000] {dagbag.py:587} INFO - Filling up the DagBag from /opt/airflow/dags/sanity_checks.py
[2026-07-17T22:34:31.617+0000] {processor.py:925} INFO - DAG(s) 'airflow_sanity_check' retrieved from /opt/airflow/dags/sanity_checks.py
[2026-07-17T22:34:31.658+0000] {logging_mixin.py:190} INFO - [2026-07-17T22:34:31.658+0000] {dag.py:3211} INFO - Sync 1 DAGs
[2026-07-17T22:34:31.835+0000] {logging_mixin.py:190} INFO - [2026-07-17T22:34:31.835+0000] {dag.py:4138} INFO - Setting next_dagrun for airflow_sanity_check to None, run_after=None
[2026-07-17T22:34:31.861+0000] {processor.py:208} INFO - Processing /opt/airflow/dags/sanity_checks.py took 0.273 seconds
[2026-07-17T22:35:02.195+0000] {processor.py:186} INFO - Started process (PID=26619) to work on /opt/airflow/dags/sanity_checks.py
[2026-07-17T22:35:02.197+0000] {processor.py:914} INFO - Processing file /opt/airflow/dags/sanity_checks.py for tasks to queue
[2026-07-17T22:35:02.201+0000] {logging_mixin.py:190} INFO - [2026-07-17T22:35:02.200+0000] {dagbag.py:587} INFO - Filling up the DagBag from /opt/airflow/dags/sanity_checks.py
[2026-07-17T22:35:02.216+0000] {processor.py:925} INFO - DAG(s) 'airflow_sanity_check' retrieved from /opt/airflow/dags/sanity_checks.py
[2026-07-17T22:35:02.258+0000] {logging_mixin.py:190} INFO - [2026-07-17T22:35:02.257+0000] {dag.py:3211} INFO - Sync 1 DAGs
[2026-07-17T22:35:02.278+0000] {logging_mixin.py:190} INFO - [2026-07-17T22:35:02.278+0000] {dag.py:4138} INFO - Setting next_dagrun for airflow_sanity_check to None, run_after=None
[2026-07-17T22:35:02.304+0000] {processor.py:208} INFO - Processing /opt/airflow/dags/sanity_checks.py took 0.117 seconds
[2026-07-17T22:35:32.616+0000] {processor.py:186} INFO - Started process (PID=26629) to work on /opt/airflow/dags/sanity_checks.py
[2026-07-17T22:35:32.618+0000] {processor.py:914} INFO - Processing file /opt/airflow/dags/sanity_checks.py for tasks to queue
[2026-07-17T22:35:32.622+0000] {logging_mixin.py:190} INFO - [2026-07-17T22:35:32.622+0000] {dagbag.py:587} INFO - Filling up the DagBag from /opt/airflow/dags/sanity_checks.py
[2026-07-17T22:35:32.638+0000] {processor.py:925} INFO - DAG(s) 'airflow_sanity_check' retrieved from /opt/airflow/dags/sanity_checks.py
[2026-07-17T22:35:32.682+0000] {logging_mixin.py:190} INFO - [2026-07-17T22:35:32.682+0000] {dag.py:3211} INFO - Sync 1 DAGs
[2026-07-17T22:35:32.704+0000] {logging_mixin.py:190} INFO - [2026-07-17T22:35:32.704+0000] {dag.py:4138} INFO - Setting next_dagrun for airflow_sanity_check to None, run_after=None
[2026-07-17T22:35:32.732+0000] {processor.py:208} INFO - Processing /opt/airflow/dags/sanity_checks.py took 0.128 seconds
[2026-07-17T22:36:03.096+0000] {processor.py:186} INFO - Started process (PID=26639) to work on /opt/airflow/dags/sanity_checks.py
[2026-07-17T22:36:03.098+0000] {processor.py:914} INFO - Processing file /opt/airflow/dags/sanity_checks.py for tasks to queue
[2026-07-17T22:36:03.102+0000] {logging_mixin.py:190} INFO - [2026-07-17T22:36:03.101+0000] {dagbag.py:587} INFO - Filling up the DagBag from /opt/airflow/dags/sanity_checks.py
[2026-07-17T22:36:03.121+0000] {processor.py:925} INFO - DAG(s) 'airflow_sanity_check' retrieved from /opt/airflow/dags/sanity_checks.py
[2026-07-17T22:36:03.186+0000] {logging_mixin.py:190} INFO - [2026-07-17T22:36:03.186+0000] {dag.py:3211} INFO - Sync 1 DAGs
[2026-07-17T22:36:03.210+0000] {logging_mixin.py:190} INFO - [2026-07-17T22:36:03.209+0000] {dag.py:4138} INFO - Setting next_dagrun for airflow_sanity_check to None, run_after=None
[2026-07-17T22:36:03.236+0000] {processor.py:208} INFO - Processing /opt/airflow/dags/sanity_checks.py took 0.157 seconds
[2026-07-17T22:36:33.560+0000] {processor.py:186} INFO - Started process (PID=26649) to work on /opt/airflow/dags/sanity_checks.py
[2026-07-17T22:36:33.562+0000] {processor.py:914} INFO - Processing file /opt/airflow/dags/sanity_checks.py for tasks to queue
[2026-07-17T22:36:33.565+0000] {logging_mixin.py:190} INFO - [2026-07-17T22:36:33.565+0000] {dagbag.py:587} INFO - Filling up the DagBag from /opt/airflow/dags/sanity_checks.py
[2026-07-17T22:36:33.581+0000] {processor.py:925} INFO - DAG(s) 'airflow_sanity_check' retrieved from /opt/airflow/dags/sanity_checks.py
[2026-07-17T22:36:33.623+0000] {logging_mixin.py:190} INFO - [2026-07-17T22:36:33.622+0000] {dag.py:3211} INFO - Sync 1 DAGs
[2026-07-17T22:36:33.646+0000] {logging_mixin.py:190} INFO - [2026-07-17T22:36:33.645+0000] {dag.py:4138} INFO - Setting next_dagrun for airflow_sanity_check to None, run_after=None
[2026-07-17T22:36:33.855+0000] {processor.py:208} INFO - Processing /opt/airflow/dags/sanity_checks.py took 0.304 seconds
[2026-07-17T22:37:04.196+0000] {processor.py:186} INFO - Started process (PID=26659) to work on /opt/airflow/dags/sanity_checks.py
[2026-07-17T22:37:04.197+0000] {processor.py:914} INFO - Processing file /opt/airflow/dags/sanity_checks.py for tasks to queue
[2026-07-17T22:37:04.201+0000] {logging_mixin.py:190} INFO - [2026-07-17T22:37:04.200+0000] {dagbag.py:587} INFO - Filling up the DagBag from /opt/airflow/dags/sanity_checks.py
[2026-07-17T22:37:04.216+0000] {processor.py:925} INFO - DAG(s) 'airflow_sanity_check' retrieved from /opt/airflow/dags/sanity_checks.py
[2026-07-17T22:37:04.258+0000] {logging_mixin.py:190} INFO - [2026-07-17T22:37:04.257+0000] {dag.py:3211} INFO - Sync 1 DAGs
[2026-07-17T22:37:04.447+0000] {logging_mixin.py:190} INFO - [2026-07-17T22:37:04.446+0000] {dag.py:4138} INFO - Setting next_dagrun for airflow_sanity_check to None, run_after=None
[2026-07-17T22:37:04.472+0000] {processor.py:208} INFO - Processing /opt/airflow/dags/sanity_checks.py took 0.285 seconds
[2026-07-17T22:37:34.797+0000] {processor.py:186} INFO - Started process (PID=26669) to work on /opt/airflow/dags/sanity_checks.py
[2026-07-17T22:37:34.798+0000] {processor.py:914} INFO - Processing file /opt/airflow/dags/sanity_checks.py for tasks to queue
[2026-07-17T22:37:34.801+0000] {logging_mixin.py:190} INFO - [2026-07-17T22:37:34.801+0000] {dagbag.py:587} INFO - Filling up the DagBag from /opt/airflow/dags/sanity_checks.py
[2026-07-17T22:37:34.818+0000] {processor.py:925} INFO - DAG(s) 'airflow_sanity_check' retrieved from /opt/airflow/dags/sanity_checks.py
[2026-07-17T22:37:35.024+0000] {logging_mixin.py:190} INFO - [2026-07-17T22:37:35.024+0000] {dag.py:3211} INFO - Sync 1 DAGs
[2026-07-17T22:37:35.042+0000] {logging_mixin.py:190} INFO - [2026-07-17T22:37:35.042+0000] {dag.py:4138} INFO - Setting next_dagrun for airflow_sanity_check to None, run_after=None
[2026-07-17T22:37:35.068+0000] {processor.py:208} INFO - Processing /opt/airflow/dags/sanity_checks.py took 0.280 seconds
[2026-07-17T22:38:05.424+0000] {processor.py:186} INFO - Started process (PID=26679) to work on /opt/airflow/dags/sanity_checks.py
[2026-07-17T22:38:05.425+0000] {processor.py:914} INFO - Processing file /opt/airflow/dags/sanity_checks.py for tasks to queue
[2026-07-17T22:38:05.429+0000] {logging_mixin.py:190} INFO - [2026-07-17T22:38:05.429+0000] {dagbag.py:587} INFO - Filling up the DagBag from /opt/airflow/dags/sanity_checks.py
[2026-07-17T22:38:05.445+0000] {processor.py:925} INFO - DAG(s) 'airflow_sanity_check' retrieved from /opt/airflow/dags/sanity_checks.py
[2026-07-17T22:38:05.488+0000] {logging_mixin.py:190} INFO - [2026-07-17T22:38:05.487+0000] {dag.py:3211} INFO - Sync 1 DAGs
[2026-07-17T22:38:05.509+0000] {logging_mixin.py:190} INFO - [2026-07-17T22:38:05.508+0000] {dag.py:4138} INFO - Setting next_dagrun for airflow_sanity_check to None, run_after=None
[2026-07-17T22:38:05.536+0000] {processor.py:208} INFO - Processing /opt/airflow/dags/sanity_checks.py took 0.121 seconds
[2026-07-17T22:38:36.092+0000] {processor.py:186} INFO - Started process (PID=26689) to work on /opt/airflow/dags/sanity_checks.py
[2026-07-17T22:38:36.100+0000] {processor.py:914} INFO - Processing file /opt/airflow/dags/sanity_checks.py for tasks to queue
[2026-07-17T22:38:36.120+0000] {logging_mixin.py:190} INFO - [2026-07-17T22:38:36.118+0000] {dagbag.py:587} INFO - Filling up the DagBag from /opt/airflow/dags/sanity_checks.py
[2026-07-17T22:38:36.196+0000] {processor.py:925} INFO - DAG(s) 'airflow_sanity_check' retrieved from /opt/airflow/dags/sanity_checks.py
[2026-07-17T22:38:36.475+0000] {logging_mixin.py:190} INFO - [2026-07-17T22:38:36.472+0000] {dag.py:3211} INFO - Sync 1 DAGs
[2026-07-17T22:38:36.630+0000] {logging_mixin.py:190} INFO - [2026-07-17T22:38:36.628+0000] {dag.py:4138} INFO - Setting next_dagrun for airflow_sanity_check to None, run_after=None
[2026-07-17T22:38:36.754+0000] {processor.py:208} INFO - Processing /opt/airflow/dags/sanity_checks.py took 0.702 seconds
[2026-07-17T22:39:07.549+0000] {processor.py:186} INFO - Started process (PID=26699) to work on /opt/airflow/dags/sanity_checks.py
[2026-07-17T22:39:07.551+0000] {processor.py:914} INFO - Processing file /opt/airflow/dags/sanity_checks.py for tasks to queue
[2026-07-17T22:39:07.557+0000] {logging_mixin.py:190} INFO - [2026-07-17T22:39:07.556+0000] {dagbag.py:587} INFO - Filling up the DagBag from /opt/airflow/dags/sanity_checks.py
[2026-07-17T22:39:07.583+0000] {processor.py:925} INFO - DAG(s) 'airflow_sanity_check' retrieved from /opt/airflow/dags/sanity_checks.py
[2026-07-17T22:39:07.651+0000] {logging_mixin.py:190} INFO - [2026-07-17T22:39:07.650+0000] {dag.py:3211} INFO - Sync 1 DAGs
[2026-07-17T22:39:07.686+0000] {logging_mixin.py:190} INFO - [2026-07-17T22:39:07.686+0000] {dag.py:4138} INFO - Setting next_dagrun for airflow_sanity_check to None, run_after=None
[2026-07-17T22:39:07.728+0000] {processor.py:208} INFO - Processing /opt/airflow/dags/sanity_checks.py took 0.195 seconds
[2026-07-17T22:39:38.057+0000] {processor.py:186} INFO - Started process (PID=26709) to work on /opt/airflow/dags/sanity_checks.py
[2026-07-17T22:39:38.058+0000] {processor.py:914} INFO - Processing file /opt/airflow/dags/sanity_checks.py for tasks to queue
[2026-07-17T22:39:38.062+0000] {logging_mixin.py:190} INFO - [2026-07-17T22:39:38.061+0000] {dagbag.py:587} INFO - Filling up the DagBag from /opt/airflow/dags/sanity_checks.py
[2026-07-17T22:39:38.076+0000] {processor.py:925} INFO - DAG(s) 'airflow_sanity_check' retrieved from /opt/airflow/dags/sanity_checks.py
[2026-07-17T22:39:38.118+0000] {logging_mixin.py:190} INFO - [2026-07-17T22:39:38.118+0000] {dag.py:3211} INFO - Sync 1 DAGs
[2026-07-17T22:39:38.142+0000] {logging_mixin.py:190} INFO - [2026-07-17T22:39:38.142+0000] {dag.py:4138} INFO - Setting next_dagrun for airflow_sanity_check to None, run_after=None
[2026-07-17T22:39:38.342+0000] {processor.py:208} INFO - Processing /opt/airflow/dags/sanity_checks.py took 0.295 seconds
