[2026-06-16T08:50:12.229+0000] {processor.py:186} INFO - Started process (PID=164) to work on /opt/airflow/dags/sanity_checks.py
[2026-06-16T08:50:12.230+0000] {processor.py:914} INFO - Processing file /opt/airflow/dags/sanity_checks.py for tasks to queue
[2026-06-16T08:50:12.234+0000] {logging_mixin.py:190} INFO - [2026-06-16T08:50:12.234+0000] {dagbag.py:587} INFO - Filling up the DagBag from /opt/airflow/dags/sanity_checks.py
[2026-06-16T08:50:12.271+0000] {processor.py:925} INFO - DAG(s) 'airflow_sanity_check' retrieved from /opt/airflow/dags/sanity_checks.py
[2026-06-16T08:50:12.597+0000] {logging_mixin.py:190} INFO - [2026-06-16T08:50:12.596+0000] {override.py:1858} INFO - Created Permission View: can delete on DAG:airflow_sanity_check
[2026-06-16T08:50:12.610+0000] {logging_mixin.py:190} INFO - [2026-06-16T08:50:12.610+0000] {override.py:1858} INFO - Created Permission View: can edit on DAG:airflow_sanity_check
[2026-06-16T08:50:12.619+0000] {logging_mixin.py:190} INFO - [2026-06-16T08:50:12.619+0000] {override.py:1858} INFO - Created Permission View: can read on DAG:airflow_sanity_check
[2026-06-16T08:50:12.621+0000] {logging_mixin.py:190} INFO - [2026-06-16T08:50:12.620+0000] {dag.py:3211} INFO - Sync 1 DAGs
[2026-06-16T08:50:12.641+0000] {logging_mixin.py:190} INFO - [2026-06-16T08:50:12.640+0000] {dag.py:3234} INFO - Creating ORM DAG for airflow_sanity_check
[2026-06-16T08:50:12.642+0000] {logging_mixin.py:190} INFO - [2026-06-16T08:50:12.642+0000] {dag.py:4138} INFO - Setting next_dagrun for airflow_sanity_check to None, run_after=None
[2026-06-16T08:50:12.665+0000] {processor.py:208} INFO - Processing /opt/airflow/dags/sanity_checks.py took 0.445 seconds
[2026-06-16T08:50:42.871+0000] {processor.py:186} INFO - Started process (PID=174) to work on /opt/airflow/dags/sanity_checks.py
[2026-06-16T08:50:42.875+0000] {processor.py:914} INFO - Processing file /opt/airflow/dags/sanity_checks.py for tasks to queue
[2026-06-16T08:50:42.883+0000] {logging_mixin.py:190} INFO - [2026-06-16T08:50:42.882+0000] {dagbag.py:587} INFO - Filling up the DagBag from /opt/airflow/dags/sanity_checks.py
[2026-06-16T08:50:42.909+0000] {processor.py:925} INFO - DAG(s) 'airflow_sanity_check' retrieved from /opt/airflow/dags/sanity_checks.py
[2026-06-16T08:50:42.976+0000] {logging_mixin.py:190} INFO - [2026-06-16T08:50:42.975+0000] {dag.py:3211} INFO - Sync 1 DAGs
[2026-06-16T08:50:43.033+0000] {logging_mixin.py:190} INFO - [2026-06-16T08:50:43.033+0000] {dag.py:4138} INFO - Setting next_dagrun for airflow_sanity_check to None, run_after=None
[2026-06-16T08:50:43.068+0000] {processor.py:208} INFO - Processing /opt/airflow/dags/sanity_checks.py took 0.214 seconds
[2026-06-16T08:51:13.393+0000] {processor.py:186} INFO - Started process (PID=184) to work on /opt/airflow/dags/sanity_checks.py
[2026-06-16T08:51:13.394+0000] {processor.py:914} INFO - Processing file /opt/airflow/dags/sanity_checks.py for tasks to queue
[2026-06-16T08:51:13.399+0000] {logging_mixin.py:190} INFO - [2026-06-16T08:51:13.398+0000] {dagbag.py:587} INFO - Filling up the DagBag from /opt/airflow/dags/sanity_checks.py
[2026-06-16T08:51:13.415+0000] {processor.py:925} INFO - DAG(s) 'airflow_sanity_check' retrieved from /opt/airflow/dags/sanity_checks.py
[2026-06-16T08:51:13.478+0000] {logging_mixin.py:190} INFO - [2026-06-16T08:51:13.477+0000] {dag.py:3211} INFO - Sync 1 DAGs
[2026-06-16T08:51:13.510+0000] {logging_mixin.py:190} INFO - [2026-06-16T08:51:13.510+0000] {dag.py:4138} INFO - Setting next_dagrun for airflow_sanity_check to None, run_after=None
[2026-06-16T08:51:13.545+0000] {processor.py:208} INFO - Processing /opt/airflow/dags/sanity_checks.py took 0.162 seconds
[2026-06-16T08:51:43.910+0000] {processor.py:186} INFO - Started process (PID=194) to work on /opt/airflow/dags/sanity_checks.py
[2026-06-16T08:51:43.913+0000] {processor.py:914} INFO - Processing file /opt/airflow/dags/sanity_checks.py for tasks to queue
[2026-06-16T08:51:43.919+0000] {logging_mixin.py:190} INFO - [2026-06-16T08:51:43.919+0000] {dagbag.py:587} INFO - Filling up the DagBag from /opt/airflow/dags/sanity_checks.py
[2026-06-16T08:51:43.952+0000] {processor.py:925} INFO - DAG(s) 'airflow_sanity_check' retrieved from /opt/airflow/dags/sanity_checks.py
[2026-06-16T08:51:44.021+0000] {logging_mixin.py:190} INFO - [2026-06-16T08:51:44.021+0000] {dag.py:3211} INFO - Sync 1 DAGs
[2026-06-16T08:51:44.054+0000] {logging_mixin.py:190} INFO - [2026-06-16T08:51:44.053+0000] {dag.py:4138} INFO - Setting next_dagrun for airflow_sanity_check to None, run_after=None
[2026-06-16T08:51:44.088+0000] {processor.py:208} INFO - Processing /opt/airflow/dags/sanity_checks.py took 0.197 seconds
[2026-06-16T08:52:14.512+0000] {processor.py:186} INFO - Started process (PID=204) to work on /opt/airflow/dags/sanity_checks.py
[2026-06-16T08:52:14.514+0000] {processor.py:914} INFO - Processing file /opt/airflow/dags/sanity_checks.py for tasks to queue
[2026-06-16T08:52:14.517+0000] {logging_mixin.py:190} INFO - [2026-06-16T08:52:14.516+0000] {dagbag.py:587} INFO - Filling up the DagBag from /opt/airflow/dags/sanity_checks.py
[2026-06-16T08:52:14.534+0000] {processor.py:925} INFO - DAG(s) 'airflow_sanity_check' retrieved from /opt/airflow/dags/sanity_checks.py
[2026-06-16T08:52:14.578+0000] {logging_mixin.py:190} INFO - [2026-06-16T08:52:14.578+0000] {dag.py:3211} INFO - Sync 1 DAGs
[2026-06-16T08:52:14.602+0000] {logging_mixin.py:190} INFO - [2026-06-16T08:52:14.601+0000] {dag.py:4138} INFO - Setting next_dagrun for airflow_sanity_check to None, run_after=None
[2026-06-16T08:52:14.633+0000] {processor.py:208} INFO - Processing /opt/airflow/dags/sanity_checks.py took 0.131 seconds
[2026-06-16T08:52:44.939+0000] {processor.py:186} INFO - Started process (PID=214) to work on /opt/airflow/dags/sanity_checks.py
[2026-06-16T08:52:44.941+0000] {processor.py:914} INFO - Processing file /opt/airflow/dags/sanity_checks.py for tasks to queue
[2026-06-16T08:52:44.944+0000] {logging_mixin.py:190} INFO - [2026-06-16T08:52:44.944+0000] {dagbag.py:587} INFO - Filling up the DagBag from /opt/airflow/dags/sanity_checks.py
[2026-06-16T08:52:44.961+0000] {processor.py:925} INFO - DAG(s) 'airflow_sanity_check' retrieved from /opt/airflow/dags/sanity_checks.py
[2026-06-16T08:52:45.004+0000] {logging_mixin.py:190} INFO - [2026-06-16T08:52:45.003+0000] {dag.py:3211} INFO - Sync 1 DAGs
[2026-06-16T08:52:45.026+0000] {logging_mixin.py:190} INFO - [2026-06-16T08:52:45.026+0000] {dag.py:4138} INFO - Setting next_dagrun for airflow_sanity_check to None, run_after=None
[2026-06-16T08:52:45.054+0000] {processor.py:208} INFO - Processing /opt/airflow/dags/sanity_checks.py took 0.124 seconds
[2026-06-16T08:53:15.396+0000] {processor.py:186} INFO - Started process (PID=224) to work on /opt/airflow/dags/sanity_checks.py
[2026-06-16T08:53:15.398+0000] {processor.py:914} INFO - Processing file /opt/airflow/dags/sanity_checks.py for tasks to queue
[2026-06-16T08:53:15.401+0000] {logging_mixin.py:190} INFO - [2026-06-16T08:53:15.401+0000] {dagbag.py:587} INFO - Filling up the DagBag from /opt/airflow/dags/sanity_checks.py
[2026-06-16T08:53:15.417+0000] {processor.py:925} INFO - DAG(s) 'airflow_sanity_check' retrieved from /opt/airflow/dags/sanity_checks.py
[2026-06-16T08:53:15.458+0000] {logging_mixin.py:190} INFO - [2026-06-16T08:53:15.458+0000] {dag.py:3211} INFO - Sync 1 DAGs
[2026-06-16T08:53:15.480+0000] {logging_mixin.py:190} INFO - [2026-06-16T08:53:15.479+0000] {dag.py:4138} INFO - Setting next_dagrun for airflow_sanity_check to None, run_after=None
[2026-06-16T08:53:15.509+0000] {processor.py:208} INFO - Processing /opt/airflow/dags/sanity_checks.py took 0.121 seconds
[2026-06-16T08:53:45.829+0000] {processor.py:186} INFO - Started process (PID=234) to work on /opt/airflow/dags/sanity_checks.py
[2026-06-16T08:53:45.831+0000] {processor.py:914} INFO - Processing file /opt/airflow/dags/sanity_checks.py for tasks to queue
[2026-06-16T08:53:45.834+0000] {logging_mixin.py:190} INFO - [2026-06-16T08:53:45.834+0000] {dagbag.py:587} INFO - Filling up the DagBag from /opt/airflow/dags/sanity_checks.py
[2026-06-16T08:53:45.850+0000] {processor.py:925} INFO - DAG(s) 'airflow_sanity_check' retrieved from /opt/airflow/dags/sanity_checks.py
[2026-06-16T08:53:45.893+0000] {logging_mixin.py:190} INFO - [2026-06-16T08:53:45.892+0000] {dag.py:3211} INFO - Sync 1 DAGs
[2026-06-16T08:53:45.915+0000] {logging_mixin.py:190} INFO - [2026-06-16T08:53:45.914+0000] {dag.py:4138} INFO - Setting next_dagrun for airflow_sanity_check to None, run_after=None
[2026-06-16T08:53:45.941+0000] {processor.py:208} INFO - Processing /opt/airflow/dags/sanity_checks.py took 0.121 seconds
[2026-06-16T08:54:16.253+0000] {processor.py:186} INFO - Started process (PID=244) to work on /opt/airflow/dags/sanity_checks.py
[2026-06-16T08:54:16.255+0000] {processor.py:914} INFO - Processing file /opt/airflow/dags/sanity_checks.py for tasks to queue
[2026-06-16T08:54:16.262+0000] {logging_mixin.py:190} INFO - [2026-06-16T08:54:16.262+0000] {dagbag.py:587} INFO - Filling up the DagBag from /opt/airflow/dags/sanity_checks.py
[2026-06-16T08:54:16.282+0000] {processor.py:925} INFO - DAG(s) 'airflow_sanity_check' retrieved from /opt/airflow/dags/sanity_checks.py
[2026-06-16T08:54:16.334+0000] {logging_mixin.py:190} INFO - [2026-06-16T08:54:16.333+0000] {dag.py:3211} INFO - Sync 1 DAGs
[2026-06-16T08:54:16.357+0000] {logging_mixin.py:190} INFO - [2026-06-16T08:54:16.356+0000] {dag.py:4138} INFO - Setting next_dagrun for airflow_sanity_check to None, run_after=None
[2026-06-16T08:54:16.387+0000] {processor.py:208} INFO - Processing /opt/airflow/dags/sanity_checks.py took 0.153 seconds
[2026-06-16T08:54:46.779+0000] {processor.py:186} INFO - Started process (PID=254) to work on /opt/airflow/dags/sanity_checks.py
[2026-06-16T08:54:46.781+0000] {processor.py:914} INFO - Processing file /opt/airflow/dags/sanity_checks.py for tasks to queue
[2026-06-16T08:54:46.785+0000] {logging_mixin.py:190} INFO - [2026-06-16T08:54:46.785+0000] {dagbag.py:587} INFO - Filling up the DagBag from /opt/airflow/dags/sanity_checks.py
[2026-06-16T08:54:46.808+0000] {processor.py:925} INFO - DAG(s) 'airflow_sanity_check' retrieved from /opt/airflow/dags/sanity_checks.py
[2026-06-16T08:54:46.857+0000] {logging_mixin.py:190} INFO - [2026-06-16T08:54:46.856+0000] {dag.py:3211} INFO - Sync 1 DAGs
[2026-06-16T08:54:46.883+0000] {logging_mixin.py:190} INFO - [2026-06-16T08:54:46.882+0000] {dag.py:4138} INFO - Setting next_dagrun for airflow_sanity_check to None, run_after=None
[2026-06-16T08:54:46.923+0000] {processor.py:208} INFO - Processing /opt/airflow/dags/sanity_checks.py took 0.161 seconds
[2026-06-16T08:55:17.272+0000] {processor.py:186} INFO - Started process (PID=264) to work on /opt/airflow/dags/sanity_checks.py
[2026-06-16T08:55:17.274+0000] {processor.py:914} INFO - Processing file /opt/airflow/dags/sanity_checks.py for tasks to queue
[2026-06-16T08:55:17.278+0000] {logging_mixin.py:190} INFO - [2026-06-16T08:55:17.277+0000] {dagbag.py:587} INFO - Filling up the DagBag from /opt/airflow/dags/sanity_checks.py
[2026-06-16T08:55:17.298+0000] {processor.py:925} INFO - DAG(s) 'airflow_sanity_check' retrieved from /opt/airflow/dags/sanity_checks.py
[2026-06-16T08:55:17.343+0000] {logging_mixin.py:190} INFO - [2026-06-16T08:55:17.343+0000] {dag.py:3211} INFO - Sync 1 DAGs
[2026-06-16T08:55:17.367+0000] {logging_mixin.py:190} INFO - [2026-06-16T08:55:17.366+0000] {dag.py:4138} INFO - Setting next_dagrun for airflow_sanity_check to None, run_after=None
[2026-06-16T08:55:17.396+0000] {processor.py:208} INFO - Processing /opt/airflow/dags/sanity_checks.py took 0.135 seconds
[2026-06-16T08:55:47.721+0000] {processor.py:186} INFO - Started process (PID=274) to work on /opt/airflow/dags/sanity_checks.py
[2026-06-16T08:55:47.723+0000] {processor.py:914} INFO - Processing file /opt/airflow/dags/sanity_checks.py for tasks to queue
[2026-06-16T08:55:47.726+0000] {logging_mixin.py:190} INFO - [2026-06-16T08:55:47.725+0000] {dagbag.py:587} INFO - Filling up the DagBag from /opt/airflow/dags/sanity_checks.py
[2026-06-16T08:55:47.741+0000] {processor.py:925} INFO - DAG(s) 'airflow_sanity_check' retrieved from /opt/airflow/dags/sanity_checks.py
[2026-06-16T08:55:47.782+0000] {logging_mixin.py:190} INFO - [2026-06-16T08:55:47.781+0000] {dag.py:3211} INFO - Sync 1 DAGs
[2026-06-16T08:55:47.804+0000] {logging_mixin.py:190} INFO - [2026-06-16T08:55:47.804+0000] {dag.py:4138} INFO - Setting next_dagrun for airflow_sanity_check to None, run_after=None
[2026-06-16T08:55:47.833+0000] {processor.py:208} INFO - Processing /opt/airflow/dags/sanity_checks.py took 0.120 seconds
[2026-06-16T08:56:18.183+0000] {processor.py:186} INFO - Started process (PID=284) to work on /opt/airflow/dags/sanity_checks.py
[2026-06-16T08:56:18.184+0000] {processor.py:914} INFO - Processing file /opt/airflow/dags/sanity_checks.py for tasks to queue
[2026-06-16T08:56:18.188+0000] {logging_mixin.py:190} INFO - [2026-06-16T08:56:18.188+0000] {dagbag.py:587} INFO - Filling up the DagBag from /opt/airflow/dags/sanity_checks.py
[2026-06-16T08:56:18.206+0000] {processor.py:925} INFO - DAG(s) 'airflow_sanity_check' retrieved from /opt/airflow/dags/sanity_checks.py
[2026-06-16T08:56:18.251+0000] {logging_mixin.py:190} INFO - [2026-06-16T08:56:18.251+0000] {dag.py:3211} INFO - Sync 1 DAGs
[2026-06-16T08:56:18.275+0000] {logging_mixin.py:190} INFO - [2026-06-16T08:56:18.274+0000] {dag.py:4138} INFO - Setting next_dagrun for airflow_sanity_check to None, run_after=None
[2026-06-16T08:56:18.304+0000] {processor.py:208} INFO - Processing /opt/airflow/dags/sanity_checks.py took 0.132 seconds
[2026-06-16T08:56:48.614+0000] {processor.py:186} INFO - Started process (PID=294) to work on /opt/airflow/dags/sanity_checks.py
[2026-06-16T08:56:48.616+0000] {processor.py:914} INFO - Processing file /opt/airflow/dags/sanity_checks.py for tasks to queue
[2026-06-16T08:56:48.620+0000] {logging_mixin.py:190} INFO - [2026-06-16T08:56:48.619+0000] {dagbag.py:587} INFO - Filling up the DagBag from /opt/airflow/dags/sanity_checks.py
[2026-06-16T08:56:48.635+0000] {processor.py:925} INFO - DAG(s) 'airflow_sanity_check' retrieved from /opt/airflow/dags/sanity_checks.py
[2026-06-16T08:56:48.678+0000] {logging_mixin.py:190} INFO - [2026-06-16T08:56:48.678+0000] {dag.py:3211} INFO - Sync 1 DAGs
[2026-06-16T08:56:48.699+0000] {logging_mixin.py:190} INFO - [2026-06-16T08:56:48.699+0000] {dag.py:4138} INFO - Setting next_dagrun for airflow_sanity_check to None, run_after=None
[2026-06-16T08:56:48.728+0000] {processor.py:208} INFO - Processing /opt/airflow/dags/sanity_checks.py took 0.122 seconds
[2026-06-16T08:57:19.046+0000] {processor.py:186} INFO - Started process (PID=304) to work on /opt/airflow/dags/sanity_checks.py
[2026-06-16T08:57:19.047+0000] {processor.py:914} INFO - Processing file /opt/airflow/dags/sanity_checks.py for tasks to queue
[2026-06-16T08:57:19.055+0000] {logging_mixin.py:190} INFO - [2026-06-16T08:57:19.054+0000] {dagbag.py:587} INFO - Filling up the DagBag from /opt/airflow/dags/sanity_checks.py
[2026-06-16T08:57:19.078+0000] {processor.py:925} INFO - DAG(s) 'airflow_sanity_check' retrieved from /opt/airflow/dags/sanity_checks.py
[2026-06-16T08:57:19.123+0000] {logging_mixin.py:190} INFO - [2026-06-16T08:57:19.123+0000] {dag.py:3211} INFO - Sync 1 DAGs
[2026-06-16T08:57:19.148+0000] {logging_mixin.py:190} INFO - [2026-06-16T08:57:19.148+0000] {dag.py:4138} INFO - Setting next_dagrun for airflow_sanity_check to None, run_after=None
[2026-06-16T08:57:19.175+0000] {processor.py:208} INFO - Processing /opt/airflow/dags/sanity_checks.py took 0.141 seconds
[2026-06-16T08:58:23.457+0000] {processor.py:186} INFO - Started process (PID=165) to work on /opt/airflow/dags/sanity_checks.py
[2026-06-16T08:58:23.459+0000] {processor.py:914} INFO - Processing file /opt/airflow/dags/sanity_checks.py for tasks to queue
[2026-06-16T08:58:23.464+0000] {logging_mixin.py:190} INFO - [2026-06-16T08:58:23.463+0000] {dagbag.py:587} INFO - Filling up the DagBag from /opt/airflow/dags/sanity_checks.py
[2026-06-16T08:58:23.501+0000] {processor.py:925} INFO - DAG(s) 'airflow_sanity_check' retrieved from /opt/airflow/dags/sanity_checks.py
[2026-06-16T08:58:23.564+0000] {logging_mixin.py:190} INFO - [2026-06-16T08:58:23.564+0000] {dag.py:3211} INFO - Sync 1 DAGs
[2026-06-16T08:58:23.586+0000] {logging_mixin.py:190} INFO - [2026-06-16T08:58:23.586+0000] {dag.py:4138} INFO - Setting next_dagrun for airflow_sanity_check to None, run_after=None
[2026-06-16T08:58:23.614+0000] {processor.py:208} INFO - Processing /opt/airflow/dags/sanity_checks.py took 0.169 seconds
[2026-06-16T08:58:53.903+0000] {processor.py:186} INFO - Started process (PID=175) to work on /opt/airflow/dags/sanity_checks.py
[2026-06-16T08:58:53.905+0000] {processor.py:914} INFO - Processing file /opt/airflow/dags/sanity_checks.py for tasks to queue
[2026-06-16T08:58:53.911+0000] {logging_mixin.py:190} INFO - [2026-06-16T08:58:53.910+0000] {dagbag.py:587} INFO - Filling up the DagBag from /opt/airflow/dags/sanity_checks.py
[2026-06-16T08:58:53.951+0000] {processor.py:925} INFO - DAG(s) 'airflow_sanity_check' retrieved from /opt/airflow/dags/sanity_checks.py
[2026-06-16T08:58:54.014+0000] {logging_mixin.py:190} INFO - [2026-06-16T08:58:54.014+0000] {dag.py:3211} INFO - Sync 1 DAGs
[2026-06-16T08:58:54.040+0000] {logging_mixin.py:190} INFO - [2026-06-16T08:58:54.040+0000] {dag.py:4138} INFO - Setting next_dagrun for airflow_sanity_check to None, run_after=None
[2026-06-16T08:58:54.066+0000] {processor.py:208} INFO - Processing /opt/airflow/dags/sanity_checks.py took 0.172 seconds
[2026-06-16T08:59:24.435+0000] {processor.py:186} INFO - Started process (PID=185) to work on /opt/airflow/dags/sanity_checks.py
[2026-06-16T08:59:24.436+0000] {processor.py:914} INFO - Processing file /opt/airflow/dags/sanity_checks.py for tasks to queue
[2026-06-16T08:59:24.440+0000] {logging_mixin.py:190} INFO - [2026-06-16T08:59:24.440+0000] {dagbag.py:587} INFO - Filling up the DagBag from /opt/airflow/dags/sanity_checks.py
[2026-06-16T08:59:24.455+0000] {processor.py:925} INFO - DAG(s) 'airflow_sanity_check' retrieved from /opt/airflow/dags/sanity_checks.py
[2026-06-16T08:59:24.498+0000] {logging_mixin.py:190} INFO - [2026-06-16T08:59:24.498+0000] {dag.py:3211} INFO - Sync 1 DAGs
[2026-06-16T08:59:24.520+0000] {logging_mixin.py:190} INFO - [2026-06-16T08:59:24.519+0000] {dag.py:4138} INFO - Setting next_dagrun for airflow_sanity_check to None, run_after=None
[2026-06-16T08:59:24.548+0000] {processor.py:208} INFO - Processing /opt/airflow/dags/sanity_checks.py took 0.123 seconds
[2026-06-16T08:59:54.882+0000] {processor.py:186} INFO - Started process (PID=195) to work on /opt/airflow/dags/sanity_checks.py
[2026-06-16T08:59:54.883+0000] {processor.py:914} INFO - Processing file /opt/airflow/dags/sanity_checks.py for tasks to queue
[2026-06-16T08:59:54.887+0000] {logging_mixin.py:190} INFO - [2026-06-16T08:59:54.887+0000] {dagbag.py:587} INFO - Filling up the DagBag from /opt/airflow/dags/sanity_checks.py
[2026-06-16T08:59:54.905+0000] {processor.py:925} INFO - DAG(s) 'airflow_sanity_check' retrieved from /opt/airflow/dags/sanity_checks.py
[2026-06-16T08:59:54.950+0000] {logging_mixin.py:190} INFO - [2026-06-16T08:59:54.950+0000] {dag.py:3211} INFO - Sync 1 DAGs
[2026-06-16T08:59:54.973+0000] {logging_mixin.py:190} INFO - [2026-06-16T08:59:54.973+0000] {dag.py:4138} INFO - Setting next_dagrun for airflow_sanity_check to None, run_after=None
[2026-06-16T08:59:55.003+0000] {processor.py:208} INFO - Processing /opt/airflow/dags/sanity_checks.py took 0.131 seconds
[2026-06-16T09:00:25.321+0000] {processor.py:186} INFO - Started process (PID=205) to work on /opt/airflow/dags/sanity_checks.py
[2026-06-16T09:00:25.323+0000] {processor.py:914} INFO - Processing file /opt/airflow/dags/sanity_checks.py for tasks to queue
[2026-06-16T09:00:25.326+0000] {logging_mixin.py:190} INFO - [2026-06-16T09:00:25.326+0000] {dagbag.py:587} INFO - Filling up the DagBag from /opt/airflow/dags/sanity_checks.py
[2026-06-16T09:00:25.345+0000] {processor.py:925} INFO - DAG(s) 'airflow_sanity_check' retrieved from /opt/airflow/dags/sanity_checks.py
[2026-06-16T09:00:25.391+0000] {logging_mixin.py:190} INFO - [2026-06-16T09:00:25.391+0000] {dag.py:3211} INFO - Sync 1 DAGs
[2026-06-16T09:00:25.413+0000] {logging_mixin.py:190} INFO - [2026-06-16T09:00:25.413+0000] {dag.py:4138} INFO - Setting next_dagrun for airflow_sanity_check to None, run_after=None
[2026-06-16T09:00:25.443+0000] {processor.py:208} INFO - Processing /opt/airflow/dags/sanity_checks.py took 0.130 seconds
[2026-06-16T09:00:55.837+0000] {processor.py:186} INFO - Started process (PID=215) to work on /opt/airflow/dags/sanity_checks.py
[2026-06-16T09:00:55.839+0000] {processor.py:914} INFO - Processing file /opt/airflow/dags/sanity_checks.py for tasks to queue
[2026-06-16T09:00:55.846+0000] {logging_mixin.py:190} INFO - [2026-06-16T09:00:55.845+0000] {dagbag.py:587} INFO - Filling up the DagBag from /opt/airflow/dags/sanity_checks.py
[2026-06-16T09:00:55.865+0000] {processor.py:925} INFO - DAG(s) 'airflow_sanity_check' retrieved from /opt/airflow/dags/sanity_checks.py
[2026-06-16T09:00:55.910+0000] {logging_mixin.py:190} INFO - [2026-06-16T09:00:55.910+0000] {dag.py:3211} INFO - Sync 1 DAGs
[2026-06-16T09:00:55.936+0000] {logging_mixin.py:190} INFO - [2026-06-16T09:00:55.936+0000] {dag.py:4138} INFO - Setting next_dagrun for airflow_sanity_check to None, run_after=None
[2026-06-16T09:00:55.968+0000] {processor.py:208} INFO - Processing /opt/airflow/dags/sanity_checks.py took 0.141 seconds
[2026-06-16T09:01:26.424+0000] {processor.py:186} INFO - Started process (PID=225) to work on /opt/airflow/dags/sanity_checks.py
[2026-06-16T09:01:26.425+0000] {processor.py:914} INFO - Processing file /opt/airflow/dags/sanity_checks.py for tasks to queue
[2026-06-16T09:01:26.429+0000] {logging_mixin.py:190} INFO - [2026-06-16T09:01:26.428+0000] {dagbag.py:587} INFO - Filling up the DagBag from /opt/airflow/dags/sanity_checks.py
[2026-06-16T09:01:26.444+0000] {processor.py:925} INFO - DAG(s) 'airflow_sanity_check' retrieved from /opt/airflow/dags/sanity_checks.py
[2026-06-16T09:01:26.487+0000] {logging_mixin.py:190} INFO - [2026-06-16T09:01:26.486+0000] {dag.py:3211} INFO - Sync 1 DAGs
[2026-06-16T09:01:26.507+0000] {logging_mixin.py:190} INFO - [2026-06-16T09:01:26.506+0000] {dag.py:4138} INFO - Setting next_dagrun for airflow_sanity_check to None, run_after=None
[2026-06-16T09:01:26.537+0000] {processor.py:208} INFO - Processing /opt/airflow/dags/sanity_checks.py took 0.123 seconds
[2026-06-16T09:01:56.919+0000] {processor.py:186} INFO - Started process (PID=235) to work on /opt/airflow/dags/sanity_checks.py
[2026-06-16T09:01:56.921+0000] {processor.py:914} INFO - Processing file /opt/airflow/dags/sanity_checks.py for tasks to queue
[2026-06-16T09:01:56.926+0000] {logging_mixin.py:190} INFO - [2026-06-16T09:01:56.925+0000] {dagbag.py:587} INFO - Filling up the DagBag from /opt/airflow/dags/sanity_checks.py
[2026-06-16T09:01:56.944+0000] {processor.py:925} INFO - DAG(s) 'airflow_sanity_check' retrieved from /opt/airflow/dags/sanity_checks.py
[2026-06-16T09:01:56.986+0000] {logging_mixin.py:190} INFO - [2026-06-16T09:01:56.986+0000] {dag.py:3211} INFO - Sync 1 DAGs
[2026-06-16T09:01:57.007+0000] {logging_mixin.py:190} INFO - [2026-06-16T09:01:57.007+0000] {dag.py:4138} INFO - Setting next_dagrun for airflow_sanity_check to None, run_after=None
[2026-06-16T09:01:57.034+0000] {processor.py:208} INFO - Processing /opt/airflow/dags/sanity_checks.py took 0.132 seconds
[2026-06-16T09:02:27.346+0000] {processor.py:186} INFO - Started process (PID=245) to work on /opt/airflow/dags/sanity_checks.py
[2026-06-16T09:02:27.348+0000] {processor.py:914} INFO - Processing file /opt/airflow/dags/sanity_checks.py for tasks to queue
[2026-06-16T09:02:27.352+0000] {logging_mixin.py:190} INFO - [2026-06-16T09:02:27.352+0000] {dagbag.py:587} INFO - Filling up the DagBag from /opt/airflow/dags/sanity_checks.py
[2026-06-16T09:02:27.367+0000] {processor.py:925} INFO - DAG(s) 'airflow_sanity_check' retrieved from /opt/airflow/dags/sanity_checks.py
[2026-06-16T09:02:27.412+0000] {logging_mixin.py:190} INFO - [2026-06-16T09:02:27.411+0000] {dag.py:3211} INFO - Sync 1 DAGs
[2026-06-16T09:02:27.433+0000] {logging_mixin.py:190} INFO - [2026-06-16T09:02:27.432+0000] {dag.py:4138} INFO - Setting next_dagrun for airflow_sanity_check to None, run_after=None
[2026-06-16T09:02:27.462+0000] {processor.py:208} INFO - Processing /opt/airflow/dags/sanity_checks.py took 0.126 seconds
[2026-06-16T09:02:57.788+0000] {processor.py:186} INFO - Started process (PID=255) to work on /opt/airflow/dags/sanity_checks.py
[2026-06-16T09:02:57.789+0000] {processor.py:914} INFO - Processing file /opt/airflow/dags/sanity_checks.py for tasks to queue
[2026-06-16T09:02:57.794+0000] {logging_mixin.py:190} INFO - [2026-06-16T09:02:57.794+0000] {dagbag.py:587} INFO - Filling up the DagBag from /opt/airflow/dags/sanity_checks.py
[2026-06-16T09:02:57.810+0000] {processor.py:925} INFO - DAG(s) 'airflow_sanity_check' retrieved from /opt/airflow/dags/sanity_checks.py
[2026-06-16T09:02:57.858+0000] {logging_mixin.py:190} INFO - [2026-06-16T09:02:57.858+0000] {dag.py:3211} INFO - Sync 1 DAGs
[2026-06-16T09:02:57.883+0000] {logging_mixin.py:190} INFO - [2026-06-16T09:02:57.882+0000] {dag.py:4138} INFO - Setting next_dagrun for airflow_sanity_check to None, run_after=None
[2026-06-16T09:02:57.916+0000] {processor.py:208} INFO - Processing /opt/airflow/dags/sanity_checks.py took 0.138 seconds
[2026-06-16T09:03:53.910+0000] {processor.py:186} INFO - Started process (PID=163) to work on /opt/airflow/dags/sanity_checks.py
[2026-06-16T09:03:53.913+0000] {processor.py:914} INFO - Processing file /opt/airflow/dags/sanity_checks.py for tasks to queue
[2026-06-16T09:03:53.934+0000] {logging_mixin.py:190} INFO - [2026-06-16T09:03:53.933+0000] {dagbag.py:587} INFO - Filling up the DagBag from /opt/airflow/dags/sanity_checks.py
[2026-06-16T09:03:54.071+0000] {processor.py:925} INFO - DAG(s) 'airflow_sanity_check' retrieved from /opt/airflow/dags/sanity_checks.py
[2026-06-16T09:03:54.158+0000] {logging_mixin.py:190} INFO - [2026-06-16T09:03:54.158+0000] {dag.py:3211} INFO - Sync 1 DAGs
[2026-06-16T09:03:54.183+0000] {logging_mixin.py:190} INFO - [2026-06-16T09:03:54.183+0000] {dag.py:4138} INFO - Setting next_dagrun for airflow_sanity_check to None, run_after=None
[2026-06-16T09:03:54.421+0000] {processor.py:208} INFO - Processing /opt/airflow/dags/sanity_checks.py took 0.524 seconds
[2026-06-16T09:04:24.690+0000] {processor.py:186} INFO - Started process (PID=173) to work on /opt/airflow/dags/sanity_checks.py
[2026-06-16T09:04:24.692+0000] {processor.py:914} INFO - Processing file /opt/airflow/dags/sanity_checks.py for tasks to queue
[2026-06-16T09:04:24.699+0000] {logging_mixin.py:190} INFO - [2026-06-16T09:04:24.698+0000] {dagbag.py:587} INFO - Filling up the DagBag from /opt/airflow/dags/sanity_checks.py
[2026-06-16T09:04:24.728+0000] {processor.py:925} INFO - DAG(s) 'airflow_sanity_check' retrieved from /opt/airflow/dags/sanity_checks.py
[2026-06-16T09:04:24.786+0000] {logging_mixin.py:190} INFO - [2026-06-16T09:04:24.785+0000] {dag.py:3211} INFO - Sync 1 DAGs
[2026-06-16T09:04:24.821+0000] {logging_mixin.py:190} INFO - [2026-06-16T09:04:24.820+0000] {dag.py:4138} INFO - Setting next_dagrun for airflow_sanity_check to None, run_after=None
[2026-06-16T09:04:24.855+0000] {processor.py:208} INFO - Processing /opt/airflow/dags/sanity_checks.py took 0.176 seconds
[2026-06-16T09:04:55.182+0000] {processor.py:186} INFO - Started process (PID=183) to work on /opt/airflow/dags/sanity_checks.py
[2026-06-16T09:04:55.184+0000] {processor.py:914} INFO - Processing file /opt/airflow/dags/sanity_checks.py for tasks to queue
[2026-06-16T09:04:55.193+0000] {logging_mixin.py:190} INFO - [2026-06-16T09:04:55.192+0000] {dagbag.py:587} INFO - Filling up the DagBag from /opt/airflow/dags/sanity_checks.py
[2026-06-16T09:04:55.220+0000] {processor.py:925} INFO - DAG(s) 'airflow_sanity_check' retrieved from /opt/airflow/dags/sanity_checks.py
[2026-06-16T09:04:55.286+0000] {logging_mixin.py:190} INFO - [2026-06-16T09:04:55.285+0000] {dag.py:3211} INFO - Sync 1 DAGs
[2026-06-16T09:04:55.316+0000] {logging_mixin.py:190} INFO - [2026-06-16T09:04:55.316+0000] {dag.py:4138} INFO - Setting next_dagrun for airflow_sanity_check to None, run_after=None
[2026-06-16T09:04:55.349+0000] {processor.py:208} INFO - Processing /opt/airflow/dags/sanity_checks.py took 0.182 seconds
[2026-06-16T09:05:25.646+0000] {processor.py:186} INFO - Started process (PID=193) to work on /opt/airflow/dags/sanity_checks.py
[2026-06-16T09:05:25.648+0000] {processor.py:914} INFO - Processing file /opt/airflow/dags/sanity_checks.py for tasks to queue
[2026-06-16T09:05:25.651+0000] {logging_mixin.py:190} INFO - [2026-06-16T09:05:25.651+0000] {dagbag.py:587} INFO - Filling up the DagBag from /opt/airflow/dags/sanity_checks.py
[2026-06-16T09:05:25.667+0000] {processor.py:925} INFO - DAG(s) 'airflow_sanity_check' retrieved from /opt/airflow/dags/sanity_checks.py
[2026-06-16T09:05:25.710+0000] {logging_mixin.py:190} INFO - [2026-06-16T09:05:25.709+0000] {dag.py:3211} INFO - Sync 1 DAGs
[2026-06-16T09:05:25.738+0000] {logging_mixin.py:190} INFO - [2026-06-16T09:05:25.738+0000] {dag.py:4138} INFO - Setting next_dagrun for airflow_sanity_check to None, run_after=None
[2026-06-16T09:05:25.772+0000] {processor.py:208} INFO - Processing /opt/airflow/dags/sanity_checks.py took 0.135 seconds
[2026-06-16T09:05:56.071+0000] {processor.py:186} INFO - Started process (PID=209) to work on /opt/airflow/dags/sanity_checks.py
[2026-06-16T09:05:56.074+0000] {processor.py:914} INFO - Processing file /opt/airflow/dags/sanity_checks.py for tasks to queue
[2026-06-16T09:05:56.080+0000] {logging_mixin.py:190} INFO - [2026-06-16T09:05:56.080+0000] {dagbag.py:587} INFO - Filling up the DagBag from /opt/airflow/dags/sanity_checks.py
[2026-06-16T09:05:56.109+0000] {processor.py:925} INFO - DAG(s) 'airflow_sanity_check' retrieved from /opt/airflow/dags/sanity_checks.py
[2026-06-16T09:05:56.171+0000] {logging_mixin.py:190} INFO - [2026-06-16T09:05:56.171+0000] {dag.py:3211} INFO - Sync 1 DAGs
[2026-06-16T09:05:56.205+0000] {logging_mixin.py:190} INFO - [2026-06-16T09:05:56.205+0000] {dag.py:4138} INFO - Setting next_dagrun for airflow_sanity_check to None, run_after=None
[2026-06-16T09:05:56.238+0000] {processor.py:208} INFO - Processing /opt/airflow/dags/sanity_checks.py took 0.184 seconds
[2026-06-16T09:06:26.535+0000] {processor.py:186} INFO - Started process (PID=219) to work on /opt/airflow/dags/sanity_checks.py
[2026-06-16T09:06:26.537+0000] {processor.py:914} INFO - Processing file /opt/airflow/dags/sanity_checks.py for tasks to queue
[2026-06-16T09:06:26.540+0000] {logging_mixin.py:190} INFO - [2026-06-16T09:06:26.540+0000] {dagbag.py:587} INFO - Filling up the DagBag from /opt/airflow/dags/sanity_checks.py
[2026-06-16T09:06:26.556+0000] {processor.py:925} INFO - DAG(s) 'airflow_sanity_check' retrieved from /opt/airflow/dags/sanity_checks.py
[2026-06-16T09:06:26.600+0000] {logging_mixin.py:190} INFO - [2026-06-16T09:06:26.599+0000] {dag.py:3211} INFO - Sync 1 DAGs
[2026-06-16T09:06:26.623+0000] {logging_mixin.py:190} INFO - [2026-06-16T09:06:26.622+0000] {dag.py:4138} INFO - Setting next_dagrun for airflow_sanity_check to None, run_after=None
[2026-06-16T09:06:26.652+0000] {processor.py:208} INFO - Processing /opt/airflow/dags/sanity_checks.py took 0.125 seconds
[2026-06-16T09:06:57.237+0000] {processor.py:186} INFO - Started process (PID=229) to work on /opt/airflow/dags/sanity_checks.py
[2026-06-16T09:06:57.238+0000] {processor.py:914} INFO - Processing file /opt/airflow/dags/sanity_checks.py for tasks to queue
[2026-06-16T09:06:57.242+0000] {logging_mixin.py:190} INFO - [2026-06-16T09:06:57.241+0000] {dagbag.py:587} INFO - Filling up the DagBag from /opt/airflow/dags/sanity_checks.py
[2026-06-16T09:06:57.257+0000] {processor.py:925} INFO - DAG(s) 'airflow_sanity_check' retrieved from /opt/airflow/dags/sanity_checks.py
[2026-06-16T09:06:57.298+0000] {logging_mixin.py:190} INFO - [2026-06-16T09:06:57.298+0000] {dag.py:3211} INFO - Sync 1 DAGs
[2026-06-16T09:06:57.319+0000] {logging_mixin.py:190} INFO - [2026-06-16T09:06:57.319+0000] {dag.py:4138} INFO - Setting next_dagrun for airflow_sanity_check to None, run_after=None
[2026-06-16T09:06:57.349+0000] {processor.py:208} INFO - Processing /opt/airflow/dags/sanity_checks.py took 0.121 seconds
[2026-06-16T09:07:27.710+0000] {processor.py:186} INFO - Started process (PID=239) to work on /opt/airflow/dags/sanity_checks.py
[2026-06-16T09:07:27.712+0000] {processor.py:914} INFO - Processing file /opt/airflow/dags/sanity_checks.py for tasks to queue
[2026-06-16T09:07:27.716+0000] {logging_mixin.py:190} INFO - [2026-06-16T09:07:27.715+0000] {dagbag.py:587} INFO - Filling up the DagBag from /opt/airflow/dags/sanity_checks.py
[2026-06-16T09:07:27.730+0000] {processor.py:925} INFO - DAG(s) 'airflow_sanity_check' retrieved from /opt/airflow/dags/sanity_checks.py
[2026-06-16T09:07:27.771+0000] {logging_mixin.py:190} INFO - [2026-06-16T09:07:27.771+0000] {dag.py:3211} INFO - Sync 1 DAGs
[2026-06-16T09:07:27.793+0000] {logging_mixin.py:190} INFO - [2026-06-16T09:07:27.793+0000] {dag.py:4138} INFO - Setting next_dagrun for airflow_sanity_check to None, run_after=None
[2026-06-16T09:07:27.825+0000] {processor.py:208} INFO - Processing /opt/airflow/dags/sanity_checks.py took 0.123 seconds
[2026-06-16T09:07:58.148+0000] {processor.py:186} INFO - Started process (PID=249) to work on /opt/airflow/dags/sanity_checks.py
[2026-06-16T09:07:58.150+0000] {processor.py:914} INFO - Processing file /opt/airflow/dags/sanity_checks.py for tasks to queue
[2026-06-16T09:07:58.153+0000] {logging_mixin.py:190} INFO - [2026-06-16T09:07:58.153+0000] {dagbag.py:587} INFO - Filling up the DagBag from /opt/airflow/dags/sanity_checks.py
[2026-06-16T09:07:58.168+0000] {processor.py:925} INFO - DAG(s) 'airflow_sanity_check' retrieved from /opt/airflow/dags/sanity_checks.py
[2026-06-16T09:07:58.216+0000] {logging_mixin.py:190} INFO - [2026-06-16T09:07:58.215+0000] {dag.py:3211} INFO - Sync 1 DAGs
[2026-06-16T09:07:58.236+0000] {logging_mixin.py:190} INFO - [2026-06-16T09:07:58.236+0000] {dag.py:4138} INFO - Setting next_dagrun for airflow_sanity_check to None, run_after=None
[2026-06-16T09:07:58.265+0000] {processor.py:208} INFO - Processing /opt/airflow/dags/sanity_checks.py took 0.125 seconds
[2026-06-16T09:08:28.588+0000] {processor.py:186} INFO - Started process (PID=259) to work on /opt/airflow/dags/sanity_checks.py
[2026-06-16T09:08:28.590+0000] {processor.py:914} INFO - Processing file /opt/airflow/dags/sanity_checks.py for tasks to queue
[2026-06-16T09:08:28.593+0000] {logging_mixin.py:190} INFO - [2026-06-16T09:08:28.593+0000] {dagbag.py:587} INFO - Filling up the DagBag from /opt/airflow/dags/sanity_checks.py
[2026-06-16T09:08:28.608+0000] {processor.py:925} INFO - DAG(s) 'airflow_sanity_check' retrieved from /opt/airflow/dags/sanity_checks.py
[2026-06-16T09:08:28.649+0000] {logging_mixin.py:190} INFO - [2026-06-16T09:08:28.649+0000] {dag.py:3211} INFO - Sync 1 DAGs
[2026-06-16T09:08:28.669+0000] {logging_mixin.py:190} INFO - [2026-06-16T09:08:28.669+0000] {dag.py:4138} INFO - Setting next_dagrun for airflow_sanity_check to None, run_after=None
[2026-06-16T09:08:28.695+0000] {processor.py:208} INFO - Processing /opt/airflow/dags/sanity_checks.py took 0.115 seconds
[2026-06-16T09:08:59.057+0000] {processor.py:186} INFO - Started process (PID=269) to work on /opt/airflow/dags/sanity_checks.py
[2026-06-16T09:08:59.058+0000] {processor.py:914} INFO - Processing file /opt/airflow/dags/sanity_checks.py for tasks to queue
[2026-06-16T09:08:59.062+0000] {logging_mixin.py:190} INFO - [2026-06-16T09:08:59.061+0000] {dagbag.py:587} INFO - Filling up the DagBag from /opt/airflow/dags/sanity_checks.py
[2026-06-16T09:08:59.078+0000] {processor.py:925} INFO - DAG(s) 'airflow_sanity_check' retrieved from /opt/airflow/dags/sanity_checks.py
[2026-06-16T09:08:59.123+0000] {logging_mixin.py:190} INFO - [2026-06-16T09:08:59.122+0000] {dag.py:3211} INFO - Sync 1 DAGs
[2026-06-16T09:08:59.149+0000] {logging_mixin.py:190} INFO - [2026-06-16T09:08:59.149+0000] {dag.py:4138} INFO - Setting next_dagrun for airflow_sanity_check to None, run_after=None
[2026-06-16T09:08:59.180+0000] {processor.py:208} INFO - Processing /opt/airflow/dags/sanity_checks.py took 0.132 seconds
[2026-06-16T09:09:29.534+0000] {processor.py:186} INFO - Started process (PID=283) to work on /opt/airflow/dags/sanity_checks.py
[2026-06-16T09:09:29.536+0000] {processor.py:914} INFO - Processing file /opt/airflow/dags/sanity_checks.py for tasks to queue
[2026-06-16T09:09:29.542+0000] {logging_mixin.py:190} INFO - [2026-06-16T09:09:29.541+0000] {dagbag.py:587} INFO - Filling up the DagBag from /opt/airflow/dags/sanity_checks.py
[2026-06-16T09:09:29.562+0000] {processor.py:925} INFO - DAG(s) 'airflow_sanity_check' retrieved from /opt/airflow/dags/sanity_checks.py
[2026-06-16T09:09:29.614+0000] {logging_mixin.py:190} INFO - [2026-06-16T09:09:29.614+0000] {dag.py:3211} INFO - Sync 1 DAGs
[2026-06-16T09:09:29.639+0000] {logging_mixin.py:190} INFO - [2026-06-16T09:09:29.639+0000] {dag.py:4138} INFO - Setting next_dagrun for airflow_sanity_check to None, run_after=None
[2026-06-16T09:09:29.666+0000] {processor.py:208} INFO - Processing /opt/airflow/dags/sanity_checks.py took 0.144 seconds
[2026-06-16T09:09:59.980+0000] {processor.py:186} INFO - Started process (PID=296) to work on /opt/airflow/dags/sanity_checks.py
[2026-06-16T09:09:59.982+0000] {processor.py:914} INFO - Processing file /opt/airflow/dags/sanity_checks.py for tasks to queue
[2026-06-16T09:09:59.985+0000] {logging_mixin.py:190} INFO - [2026-06-16T09:09:59.985+0000] {dagbag.py:587} INFO - Filling up the DagBag from /opt/airflow/dags/sanity_checks.py
[2026-06-16T09:10:00.000+0000] {processor.py:925} INFO - DAG(s) 'airflow_sanity_check' retrieved from /opt/airflow/dags/sanity_checks.py
[2026-06-16T09:10:00.044+0000] {logging_mixin.py:190} INFO - [2026-06-16T09:10:00.043+0000] {dag.py:3211} INFO - Sync 1 DAGs
[2026-06-16T09:10:00.067+0000] {logging_mixin.py:190} INFO - [2026-06-16T09:10:00.067+0000] {dag.py:4138} INFO - Setting next_dagrun for airflow_sanity_check to None, run_after=None
[2026-06-16T09:10:00.093+0000] {processor.py:208} INFO - Processing /opt/airflow/dags/sanity_checks.py took 0.124 seconds
[2026-06-16T09:10:30.408+0000] {processor.py:186} INFO - Started process (PID=306) to work on /opt/airflow/dags/sanity_checks.py
[2026-06-16T09:10:30.410+0000] {processor.py:914} INFO - Processing file /opt/airflow/dags/sanity_checks.py for tasks to queue
[2026-06-16T09:10:30.413+0000] {logging_mixin.py:190} INFO - [2026-06-16T09:10:30.413+0000] {dagbag.py:587} INFO - Filling up the DagBag from /opt/airflow/dags/sanity_checks.py
[2026-06-16T09:10:30.428+0000] {processor.py:925} INFO - DAG(s) 'airflow_sanity_check' retrieved from /opt/airflow/dags/sanity_checks.py
[2026-06-16T09:10:30.470+0000] {logging_mixin.py:190} INFO - [2026-06-16T09:10:30.469+0000] {dag.py:3211} INFO - Sync 1 DAGs
[2026-06-16T09:10:30.491+0000] {logging_mixin.py:190} INFO - [2026-06-16T09:10:30.490+0000] {dag.py:4138} INFO - Setting next_dagrun for airflow_sanity_check to None, run_after=None
[2026-06-16T09:10:30.518+0000] {processor.py:208} INFO - Processing /opt/airflow/dags/sanity_checks.py took 0.119 seconds
[2026-06-16T09:11:00.827+0000] {processor.py:186} INFO - Started process (PID=316) to work on /opt/airflow/dags/sanity_checks.py
[2026-06-16T09:11:00.829+0000] {processor.py:914} INFO - Processing file /opt/airflow/dags/sanity_checks.py for tasks to queue
[2026-06-16T09:11:00.833+0000] {logging_mixin.py:190} INFO - [2026-06-16T09:11:00.832+0000] {dagbag.py:587} INFO - Filling up the DagBag from /opt/airflow/dags/sanity_checks.py
[2026-06-16T09:11:00.850+0000] {processor.py:925} INFO - DAG(s) 'airflow_sanity_check' retrieved from /opt/airflow/dags/sanity_checks.py
[2026-06-16T09:11:00.895+0000] {logging_mixin.py:190} INFO - [2026-06-16T09:11:00.895+0000] {dag.py:3211} INFO - Sync 1 DAGs
[2026-06-16T09:11:00.916+0000] {logging_mixin.py:190} INFO - [2026-06-16T09:11:00.916+0000] {dag.py:4138} INFO - Setting next_dagrun for airflow_sanity_check to None, run_after=None
[2026-06-16T09:11:00.943+0000] {processor.py:208} INFO - Processing /opt/airflow/dags/sanity_checks.py took 0.125 seconds
[2026-06-16T09:11:31.260+0000] {processor.py:186} INFO - Started process (PID=326) to work on /opt/airflow/dags/sanity_checks.py
[2026-06-16T09:11:31.262+0000] {processor.py:914} INFO - Processing file /opt/airflow/dags/sanity_checks.py for tasks to queue
[2026-06-16T09:11:31.266+0000] {logging_mixin.py:190} INFO - [2026-06-16T09:11:31.266+0000] {dagbag.py:587} INFO - Filling up the DagBag from /opt/airflow/dags/sanity_checks.py
[2026-06-16T09:11:31.282+0000] {processor.py:925} INFO - DAG(s) 'airflow_sanity_check' retrieved from /opt/airflow/dags/sanity_checks.py
[2026-06-16T09:11:31.322+0000] {logging_mixin.py:190} INFO - [2026-06-16T09:11:31.321+0000] {dag.py:3211} INFO - Sync 1 DAGs
[2026-06-16T09:11:31.343+0000] {logging_mixin.py:190} INFO - [2026-06-16T09:11:31.343+0000] {dag.py:4138} INFO - Setting next_dagrun for airflow_sanity_check to None, run_after=None
[2026-06-16T09:11:31.371+0000] {processor.py:208} INFO - Processing /opt/airflow/dags/sanity_checks.py took 0.119 seconds
[2026-06-16T09:12:01.734+0000] {processor.py:186} INFO - Started process (PID=336) to work on /opt/airflow/dags/sanity_checks.py
[2026-06-16T09:12:01.735+0000] {processor.py:914} INFO - Processing file /opt/airflow/dags/sanity_checks.py for tasks to queue
[2026-06-16T09:12:01.741+0000] {logging_mixin.py:190} INFO - [2026-06-16T09:12:01.740+0000] {dagbag.py:587} INFO - Filling up the DagBag from /opt/airflow/dags/sanity_checks.py
[2026-06-16T09:12:01.758+0000] {processor.py:925} INFO - DAG(s) 'airflow_sanity_check' retrieved from /opt/airflow/dags/sanity_checks.py
[2026-06-16T09:12:01.804+0000] {logging_mixin.py:190} INFO - [2026-06-16T09:12:01.803+0000] {dag.py:3211} INFO - Sync 1 DAGs
[2026-06-16T09:12:01.828+0000] {logging_mixin.py:190} INFO - [2026-06-16T09:12:01.828+0000] {dag.py:4138} INFO - Setting next_dagrun for airflow_sanity_check to None, run_after=None
[2026-06-16T09:12:01.858+0000] {processor.py:208} INFO - Processing /opt/airflow/dags/sanity_checks.py took 0.134 seconds
[2026-06-16T09:12:32.221+0000] {processor.py:186} INFO - Started process (PID=346) to work on /opt/airflow/dags/sanity_checks.py
[2026-06-16T09:12:32.223+0000] {processor.py:914} INFO - Processing file /opt/airflow/dags/sanity_checks.py for tasks to queue
[2026-06-16T09:12:32.227+0000] {logging_mixin.py:190} INFO - [2026-06-16T09:12:32.226+0000] {dagbag.py:587} INFO - Filling up the DagBag from /opt/airflow/dags/sanity_checks.py
[2026-06-16T09:12:32.243+0000] {processor.py:925} INFO - DAG(s) 'airflow_sanity_check' retrieved from /opt/airflow/dags/sanity_checks.py
[2026-06-16T09:12:32.288+0000] {logging_mixin.py:190} INFO - [2026-06-16T09:12:32.288+0000] {dag.py:3211} INFO - Sync 1 DAGs
[2026-06-16T09:12:32.319+0000] {logging_mixin.py:190} INFO - [2026-06-16T09:12:32.318+0000] {dag.py:4138} INFO - Setting next_dagrun for airflow_sanity_check to None, run_after=None
[2026-06-16T09:12:32.360+0000] {processor.py:208} INFO - Processing /opt/airflow/dags/sanity_checks.py took 0.149 seconds
[2026-06-16T09:13:02.705+0000] {processor.py:186} INFO - Started process (PID=356) to work on /opt/airflow/dags/sanity_checks.py
[2026-06-16T09:13:02.707+0000] {processor.py:914} INFO - Processing file /opt/airflow/dags/sanity_checks.py for tasks to queue
[2026-06-16T09:13:02.710+0000] {logging_mixin.py:190} INFO - [2026-06-16T09:13:02.710+0000] {dagbag.py:587} INFO - Filling up the DagBag from /opt/airflow/dags/sanity_checks.py
[2026-06-16T09:13:02.726+0000] {processor.py:925} INFO - DAG(s) 'airflow_sanity_check' retrieved from /opt/airflow/dags/sanity_checks.py
[2026-06-16T09:13:02.767+0000] {logging_mixin.py:190} INFO - [2026-06-16T09:13:02.767+0000] {dag.py:3211} INFO - Sync 1 DAGs
[2026-06-16T09:13:02.878+0000] {logging_mixin.py:190} INFO - [2026-06-16T09:13:02.878+0000] {dag.py:4138} INFO - Setting next_dagrun for airflow_sanity_check to None, run_after=None
[2026-06-16T09:13:02.905+0000] {processor.py:208} INFO - Processing /opt/airflow/dags/sanity_checks.py took 0.208 seconds
[2026-06-16T09:13:33.223+0000] {processor.py:186} INFO - Started process (PID=366) to work on /opt/airflow/dags/sanity_checks.py
[2026-06-16T09:13:33.225+0000] {processor.py:914} INFO - Processing file /opt/airflow/dags/sanity_checks.py for tasks to queue
[2026-06-16T09:13:33.228+0000] {logging_mixin.py:190} INFO - [2026-06-16T09:13:33.228+0000] {dagbag.py:587} INFO - Filling up the DagBag from /opt/airflow/dags/sanity_checks.py
[2026-06-16T09:13:33.244+0000] {processor.py:925} INFO - DAG(s) 'airflow_sanity_check' retrieved from /opt/airflow/dags/sanity_checks.py
[2026-06-16T09:13:33.285+0000] {logging_mixin.py:190} INFO - [2026-06-16T09:13:33.284+0000] {dag.py:3211} INFO - Sync 1 DAGs
[2026-06-16T09:13:33.306+0000] {logging_mixin.py:190} INFO - [2026-06-16T09:13:33.305+0000] {dag.py:4138} INFO - Setting next_dagrun for airflow_sanity_check to None, run_after=None
[2026-06-16T09:13:33.333+0000] {processor.py:208} INFO - Processing /opt/airflow/dags/sanity_checks.py took 0.118 seconds
[2026-06-16T09:14:03.688+0000] {processor.py:186} INFO - Started process (PID=376) to work on /opt/airflow/dags/sanity_checks.py
[2026-06-16T09:14:03.689+0000] {processor.py:914} INFO - Processing file /opt/airflow/dags/sanity_checks.py for tasks to queue
[2026-06-16T09:14:03.693+0000] {logging_mixin.py:190} INFO - [2026-06-16T09:14:03.693+0000] {dagbag.py:587} INFO - Filling up the DagBag from /opt/airflow/dags/sanity_checks.py
[2026-06-16T09:14:03.708+0000] {processor.py:925} INFO - DAG(s) 'airflow_sanity_check' retrieved from /opt/airflow/dags/sanity_checks.py
[2026-06-16T09:14:03.749+0000] {logging_mixin.py:190} INFO - [2026-06-16T09:14:03.749+0000] {dag.py:3211} INFO - Sync 1 DAGs
[2026-06-16T09:14:03.770+0000] {logging_mixin.py:190} INFO - [2026-06-16T09:14:03.770+0000] {dag.py:4138} INFO - Setting next_dagrun for airflow_sanity_check to None, run_after=None
[2026-06-16T09:14:03.799+0000] {processor.py:208} INFO - Processing /opt/airflow/dags/sanity_checks.py took 0.120 seconds
[2026-06-16T09:14:34.117+0000] {processor.py:186} INFO - Started process (PID=386) to work on /opt/airflow/dags/sanity_checks.py
[2026-06-16T09:14:34.118+0000] {processor.py:914} INFO - Processing file /opt/airflow/dags/sanity_checks.py for tasks to queue
[2026-06-16T09:14:34.122+0000] {logging_mixin.py:190} INFO - [2026-06-16T09:14:34.122+0000] {dagbag.py:587} INFO - Filling up the DagBag from /opt/airflow/dags/sanity_checks.py
[2026-06-16T09:14:34.137+0000] {processor.py:925} INFO - DAG(s) 'airflow_sanity_check' retrieved from /opt/airflow/dags/sanity_checks.py
[2026-06-16T09:14:34.177+0000] {logging_mixin.py:190} INFO - [2026-06-16T09:14:34.176+0000] {dag.py:3211} INFO - Sync 1 DAGs
[2026-06-16T09:14:34.198+0000] {logging_mixin.py:190} INFO - [2026-06-16T09:14:34.198+0000] {dag.py:4138} INFO - Setting next_dagrun for airflow_sanity_check to None, run_after=None
[2026-06-16T09:14:34.225+0000] {processor.py:208} INFO - Processing /opt/airflow/dags/sanity_checks.py took 0.117 seconds
[2026-06-16T09:15:04.559+0000] {processor.py:186} INFO - Started process (PID=396) to work on /opt/airflow/dags/sanity_checks.py
[2026-06-16T09:15:04.561+0000] {processor.py:914} INFO - Processing file /opt/airflow/dags/sanity_checks.py for tasks to queue
[2026-06-16T09:15:04.564+0000] {logging_mixin.py:190} INFO - [2026-06-16T09:15:04.563+0000] {dagbag.py:587} INFO - Filling up the DagBag from /opt/airflow/dags/sanity_checks.py
[2026-06-16T09:15:04.579+0000] {processor.py:925} INFO - DAG(s) 'airflow_sanity_check' retrieved from /opt/airflow/dags/sanity_checks.py
[2026-06-16T09:15:04.620+0000] {logging_mixin.py:190} INFO - [2026-06-16T09:15:04.619+0000] {dag.py:3211} INFO - Sync 1 DAGs
[2026-06-16T09:15:04.641+0000] {logging_mixin.py:190} INFO - [2026-06-16T09:15:04.641+0000] {dag.py:4138} INFO - Setting next_dagrun for airflow_sanity_check to None, run_after=None
[2026-06-16T09:15:04.668+0000] {processor.py:208} INFO - Processing /opt/airflow/dags/sanity_checks.py took 0.118 seconds
[2026-06-16T09:15:34.998+0000] {processor.py:186} INFO - Started process (PID=406) to work on /opt/airflow/dags/sanity_checks.py
[2026-06-16T09:15:34.999+0000] {processor.py:914} INFO - Processing file /opt/airflow/dags/sanity_checks.py for tasks to queue
[2026-06-16T09:15:35.002+0000] {logging_mixin.py:190} INFO - [2026-06-16T09:15:35.002+0000] {dagbag.py:587} INFO - Filling up the DagBag from /opt/airflow/dags/sanity_checks.py
[2026-06-16T09:15:35.017+0000] {processor.py:925} INFO - DAG(s) 'airflow_sanity_check' retrieved from /opt/airflow/dags/sanity_checks.py
[2026-06-16T09:15:35.058+0000] {logging_mixin.py:190} INFO - [2026-06-16T09:15:35.058+0000] {dag.py:3211} INFO - Sync 1 DAGs
[2026-06-16T09:15:35.080+0000] {logging_mixin.py:190} INFO - [2026-06-16T09:15:35.080+0000] {dag.py:4138} INFO - Setting next_dagrun for airflow_sanity_check to None, run_after=None
[2026-06-16T09:15:35.108+0000] {processor.py:208} INFO - Processing /opt/airflow/dags/sanity_checks.py took 0.119 seconds
[2026-06-16T09:16:05.407+0000] {processor.py:186} INFO - Started process (PID=416) to work on /opt/airflow/dags/sanity_checks.py
[2026-06-16T09:16:05.408+0000] {processor.py:914} INFO - Processing file /opt/airflow/dags/sanity_checks.py for tasks to queue
[2026-06-16T09:16:05.411+0000] {logging_mixin.py:190} INFO - [2026-06-16T09:16:05.411+0000] {dagbag.py:587} INFO - Filling up the DagBag from /opt/airflow/dags/sanity_checks.py
[2026-06-16T09:16:05.426+0000] {processor.py:925} INFO - DAG(s) 'airflow_sanity_check' retrieved from /opt/airflow/dags/sanity_checks.py
[2026-06-16T09:16:05.467+0000] {logging_mixin.py:190} INFO - [2026-06-16T09:16:05.467+0000] {dag.py:3211} INFO - Sync 1 DAGs
[2026-06-16T09:16:05.488+0000] {logging_mixin.py:190} INFO - [2026-06-16T09:16:05.488+0000] {dag.py:4138} INFO - Setting next_dagrun for airflow_sanity_check to None, run_after=None
[2026-06-16T09:16:05.514+0000] {processor.py:208} INFO - Processing /opt/airflow/dags/sanity_checks.py took 0.116 seconds
[2026-06-16T09:16:35.825+0000] {processor.py:186} INFO - Started process (PID=426) to work on /opt/airflow/dags/sanity_checks.py
[2026-06-16T09:16:35.827+0000] {processor.py:914} INFO - Processing file /opt/airflow/dags/sanity_checks.py for tasks to queue
[2026-06-16T09:16:35.830+0000] {logging_mixin.py:190} INFO - [2026-06-16T09:16:35.830+0000] {dagbag.py:587} INFO - Filling up the DagBag from /opt/airflow/dags/sanity_checks.py
[2026-06-16T09:16:35.845+0000] {processor.py:925} INFO - DAG(s) 'airflow_sanity_check' retrieved from /opt/airflow/dags/sanity_checks.py
[2026-06-16T09:16:35.887+0000] {logging_mixin.py:190} INFO - [2026-06-16T09:16:35.886+0000] {dag.py:3211} INFO - Sync 1 DAGs
[2026-06-16T09:16:35.908+0000] {logging_mixin.py:190} INFO - [2026-06-16T09:16:35.907+0000] {dag.py:4138} INFO - Setting next_dagrun for airflow_sanity_check to None, run_after=None
[2026-06-16T09:16:35.935+0000] {processor.py:208} INFO - Processing /opt/airflow/dags/sanity_checks.py took 0.119 seconds
[2026-06-16T09:17:06.261+0000] {processor.py:186} INFO - Started process (PID=436) to work on /opt/airflow/dags/sanity_checks.py
[2026-06-16T09:17:06.262+0000] {processor.py:914} INFO - Processing file /opt/airflow/dags/sanity_checks.py for tasks to queue
[2026-06-16T09:17:06.266+0000] {logging_mixin.py:190} INFO - [2026-06-16T09:17:06.265+0000] {dagbag.py:587} INFO - Filling up the DagBag from /opt/airflow/dags/sanity_checks.py
[2026-06-16T09:17:06.281+0000] {processor.py:925} INFO - DAG(s) 'airflow_sanity_check' retrieved from /opt/airflow/dags/sanity_checks.py
[2026-06-16T09:17:06.323+0000] {logging_mixin.py:190} INFO - [2026-06-16T09:17:06.322+0000] {dag.py:3211} INFO - Sync 1 DAGs
[2026-06-16T09:17:06.343+0000] {logging_mixin.py:190} INFO - [2026-06-16T09:17:06.343+0000] {dag.py:4138} INFO - Setting next_dagrun for airflow_sanity_check to None, run_after=None
[2026-06-16T09:17:06.369+0000] {processor.py:208} INFO - Processing /opt/airflow/dags/sanity_checks.py took 0.117 seconds
[2026-06-16T09:17:36.689+0000] {processor.py:186} INFO - Started process (PID=446) to work on /opt/airflow/dags/sanity_checks.py
[2026-06-16T09:17:36.690+0000] {processor.py:914} INFO - Processing file /opt/airflow/dags/sanity_checks.py for tasks to queue
[2026-06-16T09:17:36.694+0000] {logging_mixin.py:190} INFO - [2026-06-16T09:17:36.693+0000] {dagbag.py:587} INFO - Filling up the DagBag from /opt/airflow/dags/sanity_checks.py
[2026-06-16T09:17:36.709+0000] {processor.py:925} INFO - DAG(s) 'airflow_sanity_check' retrieved from /opt/airflow/dags/sanity_checks.py
[2026-06-16T09:17:36.750+0000] {logging_mixin.py:190} INFO - [2026-06-16T09:17:36.750+0000] {dag.py:3211} INFO - Sync 1 DAGs
[2026-06-16T09:17:36.771+0000] {logging_mixin.py:190} INFO - [2026-06-16T09:17:36.771+0000] {dag.py:4138} INFO - Setting next_dagrun for airflow_sanity_check to None, run_after=None
[2026-06-16T09:17:36.799+0000] {processor.py:208} INFO - Processing /opt/airflow/dags/sanity_checks.py took 0.119 seconds
[2026-06-16T09:18:07.120+0000] {processor.py:186} INFO - Started process (PID=456) to work on /opt/airflow/dags/sanity_checks.py
[2026-06-16T09:18:07.122+0000] {processor.py:914} INFO - Processing file /opt/airflow/dags/sanity_checks.py for tasks to queue
[2026-06-16T09:18:07.126+0000] {logging_mixin.py:190} INFO - [2026-06-16T09:18:07.125+0000] {dagbag.py:587} INFO - Filling up the DagBag from /opt/airflow/dags/sanity_checks.py
[2026-06-16T09:18:07.140+0000] {processor.py:925} INFO - DAG(s) 'airflow_sanity_check' retrieved from /opt/airflow/dags/sanity_checks.py
[2026-06-16T09:18:07.181+0000] {logging_mixin.py:190} INFO - [2026-06-16T09:18:07.181+0000] {dag.py:3211} INFO - Sync 1 DAGs
[2026-06-16T09:18:07.202+0000] {logging_mixin.py:190} INFO - [2026-06-16T09:18:07.202+0000] {dag.py:4138} INFO - Setting next_dagrun for airflow_sanity_check to None, run_after=None
[2026-06-16T09:18:07.231+0000] {processor.py:208} INFO - Processing /opt/airflow/dags/sanity_checks.py took 0.119 seconds
[2026-06-16T09:18:37.550+0000] {processor.py:186} INFO - Started process (PID=466) to work on /opt/airflow/dags/sanity_checks.py
[2026-06-16T09:18:37.552+0000] {processor.py:914} INFO - Processing file /opt/airflow/dags/sanity_checks.py for tasks to queue
[2026-06-16T09:18:37.555+0000] {logging_mixin.py:190} INFO - [2026-06-16T09:18:37.555+0000] {dagbag.py:587} INFO - Filling up the DagBag from /opt/airflow/dags/sanity_checks.py
[2026-06-16T09:18:37.569+0000] {processor.py:925} INFO - DAG(s) 'airflow_sanity_check' retrieved from /opt/airflow/dags/sanity_checks.py
[2026-06-16T09:18:37.610+0000] {logging_mixin.py:190} INFO - [2026-06-16T09:18:37.610+0000] {dag.py:3211} INFO - Sync 1 DAGs
[2026-06-16T09:18:37.632+0000] {logging_mixin.py:190} INFO - [2026-06-16T09:18:37.632+0000] {dag.py:4138} INFO - Setting next_dagrun for airflow_sanity_check to None, run_after=None
[2026-06-16T09:18:37.660+0000] {processor.py:208} INFO - Processing /opt/airflow/dags/sanity_checks.py took 0.120 seconds
[2026-06-16T09:19:08.002+0000] {processor.py:186} INFO - Started process (PID=476) to work on /opt/airflow/dags/sanity_checks.py
[2026-06-16T09:19:08.004+0000] {processor.py:914} INFO - Processing file /opt/airflow/dags/sanity_checks.py for tasks to queue
[2026-06-16T09:19:08.007+0000] {logging_mixin.py:190} INFO - [2026-06-16T09:19:08.006+0000] {dagbag.py:587} INFO - Filling up the DagBag from /opt/airflow/dags/sanity_checks.py
[2026-06-16T09:19:08.022+0000] {processor.py:925} INFO - DAG(s) 'airflow_sanity_check' retrieved from /opt/airflow/dags/sanity_checks.py
[2026-06-16T09:19:08.063+0000] {logging_mixin.py:190} INFO - [2026-06-16T09:19:08.063+0000] {dag.py:3211} INFO - Sync 1 DAGs
[2026-06-16T09:19:08.086+0000] {logging_mixin.py:190} INFO - [2026-06-16T09:19:08.086+0000] {dag.py:4138} INFO - Setting next_dagrun for airflow_sanity_check to None, run_after=None
[2026-06-16T09:19:08.119+0000] {processor.py:208} INFO - Processing /opt/airflow/dags/sanity_checks.py took 0.125 seconds
[2026-06-16T09:19:38.427+0000] {processor.py:186} INFO - Started process (PID=486) to work on /opt/airflow/dags/sanity_checks.py
[2026-06-16T09:19:38.428+0000] {processor.py:914} INFO - Processing file /opt/airflow/dags/sanity_checks.py for tasks to queue
[2026-06-16T09:19:38.431+0000] {logging_mixin.py:190} INFO - [2026-06-16T09:19:38.431+0000] {dagbag.py:587} INFO - Filling up the DagBag from /opt/airflow/dags/sanity_checks.py
[2026-06-16T09:19:38.447+0000] {processor.py:925} INFO - DAG(s) 'airflow_sanity_check' retrieved from /opt/airflow/dags/sanity_checks.py
[2026-06-16T09:19:38.489+0000] {logging_mixin.py:190} INFO - [2026-06-16T09:19:38.488+0000] {dag.py:3211} INFO - Sync 1 DAGs
[2026-06-16T09:19:38.510+0000] {logging_mixin.py:190} INFO - [2026-06-16T09:19:38.510+0000] {dag.py:4138} INFO - Setting next_dagrun for airflow_sanity_check to None, run_after=None
[2026-06-16T09:19:38.536+0000] {processor.py:208} INFO - Processing /opt/airflow/dags/sanity_checks.py took 0.117 seconds
[2026-06-16T09:20:08.838+0000] {processor.py:186} INFO - Started process (PID=496) to work on /opt/airflow/dags/sanity_checks.py
[2026-06-16T09:20:08.839+0000] {processor.py:914} INFO - Processing file /opt/airflow/dags/sanity_checks.py for tasks to queue
[2026-06-16T09:20:08.843+0000] {logging_mixin.py:190} INFO - [2026-06-16T09:20:08.843+0000] {dagbag.py:587} INFO - Filling up the DagBag from /opt/airflow/dags/sanity_checks.py
[2026-06-16T09:20:08.858+0000] {processor.py:925} INFO - DAG(s) 'airflow_sanity_check' retrieved from /opt/airflow/dags/sanity_checks.py
[2026-06-16T09:20:08.899+0000] {logging_mixin.py:190} INFO - [2026-06-16T09:20:08.899+0000] {dag.py:3211} INFO - Sync 1 DAGs
[2026-06-16T09:20:08.920+0000] {logging_mixin.py:190} INFO - [2026-06-16T09:20:08.920+0000] {dag.py:4138} INFO - Setting next_dagrun for airflow_sanity_check to None, run_after=None
[2026-06-16T09:20:08.957+0000] {processor.py:208} INFO - Processing /opt/airflow/dags/sanity_checks.py took 0.128 seconds
[2026-06-16T09:20:39.283+0000] {processor.py:186} INFO - Started process (PID=506) to work on /opt/airflow/dags/sanity_checks.py
[2026-06-16T09:20:39.284+0000] {processor.py:914} INFO - Processing file /opt/airflow/dags/sanity_checks.py for tasks to queue
[2026-06-16T09:20:39.289+0000] {logging_mixin.py:190} INFO - [2026-06-16T09:20:39.288+0000] {dagbag.py:587} INFO - Filling up the DagBag from /opt/airflow/dags/sanity_checks.py
[2026-06-16T09:20:39.306+0000] {processor.py:925} INFO - DAG(s) 'airflow_sanity_check' retrieved from /opt/airflow/dags/sanity_checks.py
[2026-06-16T09:20:39.364+0000] {logging_mixin.py:190} INFO - [2026-06-16T09:20:39.364+0000] {dag.py:3211} INFO - Sync 1 DAGs
[2026-06-16T09:20:39.384+0000] {logging_mixin.py:190} INFO - [2026-06-16T09:20:39.384+0000] {dag.py:4138} INFO - Setting next_dagrun for airflow_sanity_check to None, run_after=None
[2026-06-16T09:20:39.411+0000] {processor.py:208} INFO - Processing /opt/airflow/dags/sanity_checks.py took 0.141 seconds
[2026-06-16T09:21:09.724+0000] {processor.py:186} INFO - Started process (PID=516) to work on /opt/airflow/dags/sanity_checks.py
[2026-06-16T09:21:09.725+0000] {processor.py:914} INFO - Processing file /opt/airflow/dags/sanity_checks.py for tasks to queue
[2026-06-16T09:21:09.729+0000] {logging_mixin.py:190} INFO - [2026-06-16T09:21:09.729+0000] {dagbag.py:587} INFO - Filling up the DagBag from /opt/airflow/dags/sanity_checks.py
[2026-06-16T09:21:09.744+0000] {processor.py:925} INFO - DAG(s) 'airflow_sanity_check' retrieved from /opt/airflow/dags/sanity_checks.py
[2026-06-16T09:21:09.786+0000] {logging_mixin.py:190} INFO - [2026-06-16T09:21:09.786+0000] {dag.py:3211} INFO - Sync 1 DAGs
[2026-06-16T09:21:09.810+0000] {logging_mixin.py:190} INFO - [2026-06-16T09:21:09.809+0000] {dag.py:4138} INFO - Setting next_dagrun for airflow_sanity_check to None, run_after=None
[2026-06-16T09:21:09.837+0000] {processor.py:208} INFO - Processing /opt/airflow/dags/sanity_checks.py took 0.122 seconds
[2026-06-16T09:21:40.156+0000] {processor.py:186} INFO - Started process (PID=526) to work on /opt/airflow/dags/sanity_checks.py
[2026-06-16T09:21:40.157+0000] {processor.py:914} INFO - Processing file /opt/airflow/dags/sanity_checks.py for tasks to queue
[2026-06-16T09:21:40.160+0000] {logging_mixin.py:190} INFO - [2026-06-16T09:21:40.160+0000] {dagbag.py:587} INFO - Filling up the DagBag from /opt/airflow/dags/sanity_checks.py
[2026-06-16T09:21:40.176+0000] {processor.py:925} INFO - DAG(s) 'airflow_sanity_check' retrieved from /opt/airflow/dags/sanity_checks.py
[2026-06-16T09:21:40.216+0000] {logging_mixin.py:190} INFO - [2026-06-16T09:21:40.216+0000] {dag.py:3211} INFO - Sync 1 DAGs
[2026-06-16T09:21:40.238+0000] {logging_mixin.py:190} INFO - [2026-06-16T09:21:40.238+0000] {dag.py:4138} INFO - Setting next_dagrun for airflow_sanity_check to None, run_after=None
[2026-06-16T09:21:40.263+0000] {processor.py:208} INFO - Processing /opt/airflow/dags/sanity_checks.py took 0.116 seconds
[2026-06-16T09:22:10.570+0000] {processor.py:186} INFO - Started process (PID=536) to work on /opt/airflow/dags/sanity_checks.py
[2026-06-16T09:22:10.572+0000] {processor.py:914} INFO - Processing file /opt/airflow/dags/sanity_checks.py for tasks to queue
[2026-06-16T09:22:10.575+0000] {logging_mixin.py:190} INFO - [2026-06-16T09:22:10.574+0000] {dagbag.py:587} INFO - Filling up the DagBag from /opt/airflow/dags/sanity_checks.py
[2026-06-16T09:22:10.590+0000] {processor.py:925} INFO - DAG(s) 'airflow_sanity_check' retrieved from /opt/airflow/dags/sanity_checks.py
[2026-06-16T09:22:10.634+0000] {logging_mixin.py:190} INFO - [2026-06-16T09:22:10.633+0000] {dag.py:3211} INFO - Sync 1 DAGs
[2026-06-16T09:22:10.655+0000] {logging_mixin.py:190} INFO - [2026-06-16T09:22:10.654+0000] {dag.py:4138} INFO - Setting next_dagrun for airflow_sanity_check to None, run_after=None
[2026-06-16T09:22:10.681+0000] {processor.py:208} INFO - Processing /opt/airflow/dags/sanity_checks.py took 0.119 seconds
[2026-06-16T09:22:40.990+0000] {processor.py:186} INFO - Started process (PID=546) to work on /opt/airflow/dags/sanity_checks.py
[2026-06-16T09:22:40.992+0000] {processor.py:914} INFO - Processing file /opt/airflow/dags/sanity_checks.py for tasks to queue
[2026-06-16T09:22:40.997+0000] {logging_mixin.py:190} INFO - [2026-06-16T09:22:40.996+0000] {dagbag.py:587} INFO - Filling up the DagBag from /opt/airflow/dags/sanity_checks.py
[2026-06-16T09:22:41.012+0000] {processor.py:925} INFO - DAG(s) 'airflow_sanity_check' retrieved from /opt/airflow/dags/sanity_checks.py
[2026-06-16T09:22:41.081+0000] {logging_mixin.py:190} INFO - [2026-06-16T09:22:41.081+0000] {dag.py:3211} INFO - Sync 1 DAGs
[2026-06-16T09:22:41.103+0000] {logging_mixin.py:190} INFO - [2026-06-16T09:22:41.103+0000] {dag.py:4138} INFO - Setting next_dagrun for airflow_sanity_check to None, run_after=None
[2026-06-16T09:22:41.131+0000] {processor.py:208} INFO - Processing /opt/airflow/dags/sanity_checks.py took 0.152 seconds
[2026-06-16T09:23:11.449+0000] {processor.py:186} INFO - Started process (PID=556) to work on /opt/airflow/dags/sanity_checks.py
[2026-06-16T09:23:11.451+0000] {processor.py:914} INFO - Processing file /opt/airflow/dags/sanity_checks.py for tasks to queue
[2026-06-16T09:23:11.454+0000] {logging_mixin.py:190} INFO - [2026-06-16T09:23:11.454+0000] {dagbag.py:587} INFO - Filling up the DagBag from /opt/airflow/dags/sanity_checks.py
[2026-06-16T09:23:11.470+0000] {processor.py:925} INFO - DAG(s) 'airflow_sanity_check' retrieved from /opt/airflow/dags/sanity_checks.py
[2026-06-16T09:23:11.511+0000] {logging_mixin.py:190} INFO - [2026-06-16T09:23:11.511+0000] {dag.py:3211} INFO - Sync 1 DAGs
[2026-06-16T09:23:11.532+0000] {logging_mixin.py:190} INFO - [2026-06-16T09:23:11.532+0000] {dag.py:4138} INFO - Setting next_dagrun for airflow_sanity_check to None, run_after=None
[2026-06-16T09:23:11.560+0000] {processor.py:208} INFO - Processing /opt/airflow/dags/sanity_checks.py took 0.119 seconds
[2026-06-16T09:23:41.884+0000] {processor.py:186} INFO - Started process (PID=566) to work on /opt/airflow/dags/sanity_checks.py
[2026-06-16T09:23:41.886+0000] {processor.py:914} INFO - Processing file /opt/airflow/dags/sanity_checks.py for tasks to queue
[2026-06-16T09:23:41.889+0000] {logging_mixin.py:190} INFO - [2026-06-16T09:23:41.889+0000] {dagbag.py:587} INFO - Filling up the DagBag from /opt/airflow/dags/sanity_checks.py
[2026-06-16T09:23:41.904+0000] {processor.py:925} INFO - DAG(s) 'airflow_sanity_check' retrieved from /opt/airflow/dags/sanity_checks.py
[2026-06-16T09:23:41.946+0000] {logging_mixin.py:190} INFO - [2026-06-16T09:23:41.945+0000] {dag.py:3211} INFO - Sync 1 DAGs
[2026-06-16T09:23:41.967+0000] {logging_mixin.py:190} INFO - [2026-06-16T09:23:41.967+0000] {dag.py:4138} INFO - Setting next_dagrun for airflow_sanity_check to None, run_after=None
[2026-06-16T09:23:41.996+0000] {processor.py:208} INFO - Processing /opt/airflow/dags/sanity_checks.py took 0.120 seconds
[2026-06-16T09:24:12.472+0000] {processor.py:186} INFO - Started process (PID=576) to work on /opt/airflow/dags/sanity_checks.py
[2026-06-16T09:24:12.473+0000] {processor.py:914} INFO - Processing file /opt/airflow/dags/sanity_checks.py for tasks to queue
[2026-06-16T09:24:12.480+0000] {logging_mixin.py:190} INFO - [2026-06-16T09:24:12.479+0000] {dagbag.py:587} INFO - Filling up the DagBag from /opt/airflow/dags/sanity_checks.py
[2026-06-16T09:24:12.499+0000] {processor.py:925} INFO - DAG(s) 'airflow_sanity_check' retrieved from /opt/airflow/dags/sanity_checks.py
[2026-06-16T09:24:12.544+0000] {logging_mixin.py:190} INFO - [2026-06-16T09:24:12.544+0000] {dag.py:3211} INFO - Sync 1 DAGs
[2026-06-16T09:24:12.568+0000] {logging_mixin.py:190} INFO - [2026-06-16T09:24:12.568+0000] {dag.py:4138} INFO - Setting next_dagrun for airflow_sanity_check to None, run_after=None
[2026-06-16T09:24:12.595+0000] {processor.py:208} INFO - Processing /opt/airflow/dags/sanity_checks.py took 0.138 seconds
[2026-06-16T09:24:42.944+0000] {processor.py:186} INFO - Started process (PID=586) to work on /opt/airflow/dags/sanity_checks.py
[2026-06-16T09:24:42.946+0000] {processor.py:914} INFO - Processing file /opt/airflow/dags/sanity_checks.py for tasks to queue
[2026-06-16T09:24:42.949+0000] {logging_mixin.py:190} INFO - [2026-06-16T09:24:42.948+0000] {dagbag.py:587} INFO - Filling up the DagBag from /opt/airflow/dags/sanity_checks.py
[2026-06-16T09:24:42.965+0000] {processor.py:925} INFO - DAG(s) 'airflow_sanity_check' retrieved from /opt/airflow/dags/sanity_checks.py
[2026-06-16T09:24:43.007+0000] {logging_mixin.py:190} INFO - [2026-06-16T09:24:43.007+0000] {dag.py:3211} INFO - Sync 1 DAGs
[2026-06-16T09:24:43.029+0000] {logging_mixin.py:190} INFO - [2026-06-16T09:24:43.029+0000] {dag.py:4138} INFO - Setting next_dagrun for airflow_sanity_check to None, run_after=None
[2026-06-16T09:24:43.055+0000] {processor.py:208} INFO - Processing /opt/airflow/dags/sanity_checks.py took 0.120 seconds
[2026-06-16T09:27:58.905+0000] {processor.py:186} INFO - Started process (PID=596) to work on /opt/airflow/dags/sanity_checks.py
[2026-06-16T09:27:58.907+0000] {processor.py:914} INFO - Processing file /opt/airflow/dags/sanity_checks.py for tasks to queue
[2026-06-16T09:27:58.910+0000] {logging_mixin.py:190} INFO - [2026-06-16T09:27:58.910+0000] {dagbag.py:587} INFO - Filling up the DagBag from /opt/airflow/dags/sanity_checks.py
[2026-06-16T09:27:58.928+0000] {processor.py:925} INFO - DAG(s) 'airflow_sanity_check' retrieved from /opt/airflow/dags/sanity_checks.py
[2026-06-16T09:27:58.971+0000] {logging_mixin.py:190} INFO - [2026-06-16T09:27:58.971+0000] {dag.py:3211} INFO - Sync 1 DAGs
[2026-06-16T09:27:58.993+0000] {logging_mixin.py:190} INFO - [2026-06-16T09:27:58.993+0000] {dag.py:4138} INFO - Setting next_dagrun for airflow_sanity_check to None, run_after=None
[2026-06-16T09:27:59.022+0000] {processor.py:208} INFO - Processing /opt/airflow/dags/sanity_checks.py took 0.126 seconds
[2026-06-16T09:28:29.350+0000] {processor.py:186} INFO - Started process (PID=606) to work on /opt/airflow/dags/sanity_checks.py
[2026-06-16T09:28:29.352+0000] {processor.py:914} INFO - Processing file /opt/airflow/dags/sanity_checks.py for tasks to queue
[2026-06-16T09:28:29.355+0000] {logging_mixin.py:190} INFO - [2026-06-16T09:28:29.354+0000] {dagbag.py:587} INFO - Filling up the DagBag from /opt/airflow/dags/sanity_checks.py
[2026-06-16T09:28:29.371+0000] {processor.py:925} INFO - DAG(s) 'airflow_sanity_check' retrieved from /opt/airflow/dags/sanity_checks.py
[2026-06-16T09:28:29.415+0000] {logging_mixin.py:190} INFO - [2026-06-16T09:28:29.414+0000] {dag.py:3211} INFO - Sync 1 DAGs
[2026-06-16T09:28:29.436+0000] {logging_mixin.py:190} INFO - [2026-06-16T09:28:29.435+0000] {dag.py:4138} INFO - Setting next_dagrun for airflow_sanity_check to None, run_after=None
[2026-06-16T09:28:29.464+0000] {processor.py:208} INFO - Processing /opt/airflow/dags/sanity_checks.py took 0.122 seconds
[2026-06-16T09:28:59.820+0000] {processor.py:186} INFO - Started process (PID=616) to work on /opt/airflow/dags/sanity_checks.py
[2026-06-16T09:28:59.824+0000] {processor.py:914} INFO - Processing file /opt/airflow/dags/sanity_checks.py for tasks to queue
[2026-06-16T09:28:59.830+0000] {logging_mixin.py:190} INFO - [2026-06-16T09:28:59.830+0000] {dagbag.py:587} INFO - Filling up the DagBag from /opt/airflow/dags/sanity_checks.py
[2026-06-16T09:28:59.845+0000] {processor.py:925} INFO - DAG(s) 'airflow_sanity_check' retrieved from /opt/airflow/dags/sanity_checks.py
[2026-06-16T09:28:59.889+0000] {logging_mixin.py:190} INFO - [2026-06-16T09:28:59.889+0000] {dag.py:3211} INFO - Sync 1 DAGs
[2026-06-16T09:28:59.916+0000] {logging_mixin.py:190} INFO - [2026-06-16T09:28:59.916+0000] {dag.py:4138} INFO - Setting next_dagrun for airflow_sanity_check to None, run_after=None
[2026-06-16T09:28:59.941+0000] {processor.py:208} INFO - Processing /opt/airflow/dags/sanity_checks.py took 0.131 seconds
[2026-06-16T09:29:30.224+0000] {processor.py:186} INFO - Started process (PID=626) to work on /opt/airflow/dags/sanity_checks.py
[2026-06-16T09:29:30.225+0000] {processor.py:914} INFO - Processing file /opt/airflow/dags/sanity_checks.py for tasks to queue
[2026-06-16T09:29:30.229+0000] {logging_mixin.py:190} INFO - [2026-06-16T09:29:30.229+0000] {dagbag.py:587} INFO - Filling up the DagBag from /opt/airflow/dags/sanity_checks.py
[2026-06-16T09:29:30.245+0000] {processor.py:925} INFO - DAG(s) 'airflow_sanity_check' retrieved from /opt/airflow/dags/sanity_checks.py
[2026-06-16T09:29:30.287+0000] {logging_mixin.py:190} INFO - [2026-06-16T09:29:30.286+0000] {dag.py:3211} INFO - Sync 1 DAGs
[2026-06-16T09:29:30.308+0000] {logging_mixin.py:190} INFO - [2026-06-16T09:29:30.308+0000] {dag.py:4138} INFO - Setting next_dagrun for airflow_sanity_check to None, run_after=None
[2026-06-16T09:29:30.336+0000] {processor.py:208} INFO - Processing /opt/airflow/dags/sanity_checks.py took 0.121 seconds
[2026-06-16T09:30:00.677+0000] {processor.py:186} INFO - Started process (PID=636) to work on /opt/airflow/dags/sanity_checks.py
[2026-06-16T09:30:00.678+0000] {processor.py:914} INFO - Processing file /opt/airflow/dags/sanity_checks.py for tasks to queue
[2026-06-16T09:30:00.682+0000] {logging_mixin.py:190} INFO - [2026-06-16T09:30:00.681+0000] {dagbag.py:587} INFO - Filling up the DagBag from /opt/airflow/dags/sanity_checks.py
[2026-06-16T09:30:00.698+0000] {processor.py:925} INFO - DAG(s) 'airflow_sanity_check' retrieved from /opt/airflow/dags/sanity_checks.py
[2026-06-16T09:30:00.742+0000] {logging_mixin.py:190} INFO - [2026-06-16T09:30:00.742+0000] {dag.py:3211} INFO - Sync 1 DAGs
[2026-06-16T09:30:00.765+0000] {logging_mixin.py:190} INFO - [2026-06-16T09:30:00.765+0000] {dag.py:4138} INFO - Setting next_dagrun for airflow_sanity_check to None, run_after=None
[2026-06-16T09:30:00.792+0000] {processor.py:208} INFO - Processing /opt/airflow/dags/sanity_checks.py took 0.127 seconds
[2026-06-16T09:30:31.112+0000] {processor.py:186} INFO - Started process (PID=646) to work on /opt/airflow/dags/sanity_checks.py
[2026-06-16T09:30:31.113+0000] {processor.py:914} INFO - Processing file /opt/airflow/dags/sanity_checks.py for tasks to queue
[2026-06-16T09:30:31.116+0000] {logging_mixin.py:190} INFO - [2026-06-16T09:30:31.116+0000] {dagbag.py:587} INFO - Filling up the DagBag from /opt/airflow/dags/sanity_checks.py
[2026-06-16T09:30:31.133+0000] {processor.py:925} INFO - DAG(s) 'airflow_sanity_check' retrieved from /opt/airflow/dags/sanity_checks.py
[2026-06-16T09:30:31.183+0000] {logging_mixin.py:190} INFO - [2026-06-16T09:30:31.183+0000] {dag.py:3211} INFO - Sync 1 DAGs
[2026-06-16T09:30:31.206+0000] {logging_mixin.py:190} INFO - [2026-06-16T09:30:31.206+0000] {dag.py:4138} INFO - Setting next_dagrun for airflow_sanity_check to None, run_after=None
[2026-06-16T09:30:31.235+0000] {processor.py:208} INFO - Processing /opt/airflow/dags/sanity_checks.py took 0.132 seconds
[2026-06-16T09:31:01.607+0000] {processor.py:186} INFO - Started process (PID=656) to work on /opt/airflow/dags/sanity_checks.py
[2026-06-16T09:31:01.609+0000] {processor.py:914} INFO - Processing file /opt/airflow/dags/sanity_checks.py for tasks to queue
[2026-06-16T09:31:01.612+0000] {logging_mixin.py:190} INFO - [2026-06-16T09:31:01.612+0000] {dagbag.py:587} INFO - Filling up the DagBag from /opt/airflow/dags/sanity_checks.py
[2026-06-16T09:31:01.627+0000] {processor.py:925} INFO - DAG(s) 'airflow_sanity_check' retrieved from /opt/airflow/dags/sanity_checks.py
[2026-06-16T09:31:01.669+0000] {logging_mixin.py:190} INFO - [2026-06-16T09:31:01.669+0000] {dag.py:3211} INFO - Sync 1 DAGs
[2026-06-16T09:31:01.691+0000] {logging_mixin.py:190} INFO - [2026-06-16T09:31:01.690+0000] {dag.py:4138} INFO - Setting next_dagrun for airflow_sanity_check to None, run_after=None
[2026-06-16T09:31:01.719+0000] {processor.py:208} INFO - Processing /opt/airflow/dags/sanity_checks.py took 0.121 seconds
[2026-06-16T09:31:32.044+0000] {processor.py:186} INFO - Started process (PID=666) to work on /opt/airflow/dags/sanity_checks.py
[2026-06-16T09:31:32.046+0000] {processor.py:914} INFO - Processing file /opt/airflow/dags/sanity_checks.py for tasks to queue
[2026-06-16T09:31:32.049+0000] {logging_mixin.py:190} INFO - [2026-06-16T09:31:32.049+0000] {dagbag.py:587} INFO - Filling up the DagBag from /opt/airflow/dags/sanity_checks.py
[2026-06-16T09:31:32.064+0000] {processor.py:925} INFO - DAG(s) 'airflow_sanity_check' retrieved from /opt/airflow/dags/sanity_checks.py
[2026-06-16T09:31:32.106+0000] {logging_mixin.py:190} INFO - [2026-06-16T09:31:32.105+0000] {dag.py:3211} INFO - Sync 1 DAGs
[2026-06-16T09:31:32.127+0000] {logging_mixin.py:190} INFO - [2026-06-16T09:31:32.127+0000] {dag.py:4138} INFO - Setting next_dagrun for airflow_sanity_check to None, run_after=None
[2026-06-16T09:31:32.154+0000] {processor.py:208} INFO - Processing /opt/airflow/dags/sanity_checks.py took 0.119 seconds
[2026-06-16T09:32:02.494+0000] {processor.py:186} INFO - Started process (PID=676) to work on /opt/airflow/dags/sanity_checks.py
[2026-06-16T09:32:02.495+0000] {processor.py:914} INFO - Processing file /opt/airflow/dags/sanity_checks.py for tasks to queue
[2026-06-16T09:32:02.499+0000] {logging_mixin.py:190} INFO - [2026-06-16T09:32:02.498+0000] {dagbag.py:587} INFO - Filling up the DagBag from /opt/airflow/dags/sanity_checks.py
[2026-06-16T09:32:02.514+0000] {processor.py:925} INFO - DAG(s) 'airflow_sanity_check' retrieved from /opt/airflow/dags/sanity_checks.py
[2026-06-16T09:32:02.555+0000] {logging_mixin.py:190} INFO - [2026-06-16T09:32:02.554+0000] {dag.py:3211} INFO - Sync 1 DAGs
[2026-06-16T09:32:02.576+0000] {logging_mixin.py:190} INFO - [2026-06-16T09:32:02.576+0000] {dag.py:4138} INFO - Setting next_dagrun for airflow_sanity_check to None, run_after=None
[2026-06-16T09:32:02.603+0000] {processor.py:208} INFO - Processing /opt/airflow/dags/sanity_checks.py took 0.118 seconds
[2026-06-16T09:32:32.930+0000] {processor.py:186} INFO - Started process (PID=686) to work on /opt/airflow/dags/sanity_checks.py
[2026-06-16T09:32:32.933+0000] {processor.py:914} INFO - Processing file /opt/airflow/dags/sanity_checks.py for tasks to queue
[2026-06-16T09:32:32.937+0000] {logging_mixin.py:190} INFO - [2026-06-16T09:32:32.937+0000] {dagbag.py:587} INFO - Filling up the DagBag from /opt/airflow/dags/sanity_checks.py
[2026-06-16T09:32:32.952+0000] {processor.py:925} INFO - DAG(s) 'airflow_sanity_check' retrieved from /opt/airflow/dags/sanity_checks.py
[2026-06-16T09:32:32.994+0000] {logging_mixin.py:190} INFO - [2026-06-16T09:32:32.994+0000] {dag.py:3211} INFO - Sync 1 DAGs
[2026-06-16T09:32:33.017+0000] {logging_mixin.py:190} INFO - [2026-06-16T09:32:33.016+0000] {dag.py:4138} INFO - Setting next_dagrun for airflow_sanity_check to None, run_after=None
[2026-06-16T09:32:33.064+0000] {processor.py:208} INFO - Processing /opt/airflow/dags/sanity_checks.py took 0.142 seconds
[2026-06-16T09:33:03.391+0000] {processor.py:186} INFO - Started process (PID=696) to work on /opt/airflow/dags/sanity_checks.py
[2026-06-16T09:33:03.392+0000] {processor.py:914} INFO - Processing file /opt/airflow/dags/sanity_checks.py for tasks to queue
[2026-06-16T09:33:03.397+0000] {logging_mixin.py:190} INFO - [2026-06-16T09:33:03.396+0000] {dagbag.py:587} INFO - Filling up the DagBag from /opt/airflow/dags/sanity_checks.py
[2026-06-16T09:33:03.414+0000] {processor.py:925} INFO - DAG(s) 'airflow_sanity_check' retrieved from /opt/airflow/dags/sanity_checks.py
[2026-06-16T09:33:03.455+0000] {logging_mixin.py:190} INFO - [2026-06-16T09:33:03.455+0000] {dag.py:3211} INFO - Sync 1 DAGs
[2026-06-16T09:33:03.477+0000] {logging_mixin.py:190} INFO - [2026-06-16T09:33:03.477+0000] {dag.py:4138} INFO - Setting next_dagrun for airflow_sanity_check to None, run_after=None
[2026-06-16T09:33:03.507+0000] {processor.py:208} INFO - Processing /opt/airflow/dags/sanity_checks.py took 0.127 seconds
[2026-06-16T09:33:33.833+0000] {processor.py:186} INFO - Started process (PID=706) to work on /opt/airflow/dags/sanity_checks.py
[2026-06-16T09:33:33.835+0000] {processor.py:914} INFO - Processing file /opt/airflow/dags/sanity_checks.py for tasks to queue
[2026-06-16T09:33:33.838+0000] {logging_mixin.py:190} INFO - [2026-06-16T09:33:33.838+0000] {dagbag.py:587} INFO - Filling up the DagBag from /opt/airflow/dags/sanity_checks.py
[2026-06-16T09:33:33.854+0000] {processor.py:925} INFO - DAG(s) 'airflow_sanity_check' retrieved from /opt/airflow/dags/sanity_checks.py
[2026-06-16T09:33:33.910+0000] {logging_mixin.py:190} INFO - [2026-06-16T09:33:33.910+0000] {dag.py:3211} INFO - Sync 1 DAGs
[2026-06-16T09:33:33.935+0000] {logging_mixin.py:190} INFO - [2026-06-16T09:33:33.935+0000] {dag.py:4138} INFO - Setting next_dagrun for airflow_sanity_check to None, run_after=None
[2026-06-16T09:33:33.967+0000] {processor.py:208} INFO - Processing /opt/airflow/dags/sanity_checks.py took 0.144 seconds
[2026-06-16T09:34:04.305+0000] {processor.py:186} INFO - Started process (PID=716) to work on /opt/airflow/dags/sanity_checks.py
[2026-06-16T09:34:04.307+0000] {processor.py:914} INFO - Processing file /opt/airflow/dags/sanity_checks.py for tasks to queue
[2026-06-16T09:34:04.311+0000] {logging_mixin.py:190} INFO - [2026-06-16T09:34:04.310+0000] {dagbag.py:587} INFO - Filling up the DagBag from /opt/airflow/dags/sanity_checks.py
[2026-06-16T09:34:04.326+0000] {processor.py:925} INFO - DAG(s) 'airflow_sanity_check' retrieved from /opt/airflow/dags/sanity_checks.py
[2026-06-16T09:34:04.368+0000] {logging_mixin.py:190} INFO - [2026-06-16T09:34:04.367+0000] {dag.py:3211} INFO - Sync 1 DAGs
[2026-06-16T09:34:04.389+0000] {logging_mixin.py:190} INFO - [2026-06-16T09:34:04.389+0000] {dag.py:4138} INFO - Setting next_dagrun for airflow_sanity_check to None, run_after=None
[2026-06-16T09:34:04.417+0000] {processor.py:208} INFO - Processing /opt/airflow/dags/sanity_checks.py took 0.121 seconds
[2026-06-16T09:34:34.747+0000] {processor.py:186} INFO - Started process (PID=726) to work on /opt/airflow/dags/sanity_checks.py
[2026-06-16T09:34:34.748+0000] {processor.py:914} INFO - Processing file /opt/airflow/dags/sanity_checks.py for tasks to queue
[2026-06-16T09:34:34.752+0000] {logging_mixin.py:190} INFO - [2026-06-16T09:34:34.751+0000] {dagbag.py:587} INFO - Filling up the DagBag from /opt/airflow/dags/sanity_checks.py
[2026-06-16T09:34:34.769+0000] {processor.py:925} INFO - DAG(s) 'airflow_sanity_check' retrieved from /opt/airflow/dags/sanity_checks.py
[2026-06-16T09:34:34.814+0000] {logging_mixin.py:190} INFO - [2026-06-16T09:34:34.814+0000] {dag.py:3211} INFO - Sync 1 DAGs
[2026-06-16T09:34:34.840+0000] {logging_mixin.py:190} INFO - [2026-06-16T09:34:34.839+0000] {dag.py:4138} INFO - Setting next_dagrun for airflow_sanity_check to None, run_after=None
[2026-06-16T09:34:34.870+0000] {processor.py:208} INFO - Processing /opt/airflow/dags/sanity_checks.py took 0.135 seconds
[2026-06-16T09:35:05.350+0000] {processor.py:186} INFO - Started process (PID=736) to work on /opt/airflow/dags/sanity_checks.py
[2026-06-16T09:35:05.351+0000] {processor.py:914} INFO - Processing file /opt/airflow/dags/sanity_checks.py for tasks to queue
[2026-06-16T09:35:05.355+0000] {logging_mixin.py:190} INFO - [2026-06-16T09:35:05.355+0000] {dagbag.py:587} INFO - Filling up the DagBag from /opt/airflow/dags/sanity_checks.py
[2026-06-16T09:35:05.371+0000] {processor.py:925} INFO - DAG(s) 'airflow_sanity_check' retrieved from /opt/airflow/dags/sanity_checks.py
[2026-06-16T09:35:05.416+0000] {logging_mixin.py:190} INFO - [2026-06-16T09:35:05.416+0000] {dag.py:3211} INFO - Sync 1 DAGs
[2026-06-16T09:35:05.439+0000] {logging_mixin.py:190} INFO - [2026-06-16T09:35:05.439+0000] {dag.py:4138} INFO - Setting next_dagrun for airflow_sanity_check to None, run_after=None
[2026-06-16T09:35:05.468+0000] {processor.py:208} INFO - Processing /opt/airflow/dags/sanity_checks.py took 0.130 seconds
[2026-06-16T09:35:35.781+0000] {processor.py:186} INFO - Started process (PID=746) to work on /opt/airflow/dags/sanity_checks.py
[2026-06-16T09:35:35.783+0000] {processor.py:914} INFO - Processing file /opt/airflow/dags/sanity_checks.py for tasks to queue
[2026-06-16T09:35:35.787+0000] {logging_mixin.py:190} INFO - [2026-06-16T09:35:35.787+0000] {dagbag.py:587} INFO - Filling up the DagBag from /opt/airflow/dags/sanity_checks.py
[2026-06-16T09:35:35.802+0000] {processor.py:925} INFO - DAG(s) 'airflow_sanity_check' retrieved from /opt/airflow/dags/sanity_checks.py
[2026-06-16T09:35:35.842+0000] {logging_mixin.py:190} INFO - [2026-06-16T09:35:35.842+0000] {dag.py:3211} INFO - Sync 1 DAGs
[2026-06-16T09:35:35.865+0000] {logging_mixin.py:190} INFO - [2026-06-16T09:35:35.864+0000] {dag.py:4138} INFO - Setting next_dagrun for airflow_sanity_check to None, run_after=None
[2026-06-16T09:35:35.892+0000] {processor.py:208} INFO - Processing /opt/airflow/dags/sanity_checks.py took 0.120 seconds
[2026-06-16T09:36:06.232+0000] {processor.py:186} INFO - Started process (PID=756) to work on /opt/airflow/dags/sanity_checks.py
[2026-06-16T09:36:06.233+0000] {processor.py:914} INFO - Processing file /opt/airflow/dags/sanity_checks.py for tasks to queue
[2026-06-16T09:36:06.237+0000] {logging_mixin.py:190} INFO - [2026-06-16T09:36:06.237+0000] {dagbag.py:587} INFO - Filling up the DagBag from /opt/airflow/dags/sanity_checks.py
[2026-06-16T09:36:06.254+0000] {processor.py:925} INFO - DAG(s) 'airflow_sanity_check' retrieved from /opt/airflow/dags/sanity_checks.py
[2026-06-16T09:36:06.299+0000] {logging_mixin.py:190} INFO - [2026-06-16T09:36:06.299+0000] {dag.py:3211} INFO - Sync 1 DAGs
[2026-06-16T09:36:06.322+0000] {logging_mixin.py:190} INFO - [2026-06-16T09:36:06.321+0000] {dag.py:4138} INFO - Setting next_dagrun for airflow_sanity_check to None, run_after=None
[2026-06-16T09:36:06.348+0000] {processor.py:208} INFO - Processing /opt/airflow/dags/sanity_checks.py took 0.127 seconds
[2026-06-16T09:36:36.730+0000] {processor.py:186} INFO - Started process (PID=766) to work on /opt/airflow/dags/sanity_checks.py
[2026-06-16T09:36:36.732+0000] {processor.py:914} INFO - Processing file /opt/airflow/dags/sanity_checks.py for tasks to queue
[2026-06-16T09:36:36.735+0000] {logging_mixin.py:190} INFO - [2026-06-16T09:36:36.735+0000] {dagbag.py:587} INFO - Filling up the DagBag from /opt/airflow/dags/sanity_checks.py
[2026-06-16T09:36:36.752+0000] {processor.py:925} INFO - DAG(s) 'airflow_sanity_check' retrieved from /opt/airflow/dags/sanity_checks.py
[2026-06-16T09:36:36.798+0000] {logging_mixin.py:190} INFO - [2026-06-16T09:36:36.798+0000] {dag.py:3211} INFO - Sync 1 DAGs
[2026-06-16T09:36:36.821+0000] {logging_mixin.py:190} INFO - [2026-06-16T09:36:36.821+0000] {dag.py:4138} INFO - Setting next_dagrun for airflow_sanity_check to None, run_after=None
[2026-06-16T09:36:36.848+0000] {processor.py:208} INFO - Processing /opt/airflow/dags/sanity_checks.py took 0.126 seconds
[2026-06-16T09:37:07.160+0000] {processor.py:186} INFO - Started process (PID=776) to work on /opt/airflow/dags/sanity_checks.py
[2026-06-16T09:37:07.161+0000] {processor.py:914} INFO - Processing file /opt/airflow/dags/sanity_checks.py for tasks to queue
[2026-06-16T09:37:07.164+0000] {logging_mixin.py:190} INFO - [2026-06-16T09:37:07.164+0000] {dagbag.py:587} INFO - Filling up the DagBag from /opt/airflow/dags/sanity_checks.py
[2026-06-16T09:37:07.180+0000] {processor.py:925} INFO - DAG(s) 'airflow_sanity_check' retrieved from /opt/airflow/dags/sanity_checks.py
[2026-06-16T09:37:07.222+0000] {logging_mixin.py:190} INFO - [2026-06-16T09:37:07.222+0000] {dag.py:3211} INFO - Sync 1 DAGs
[2026-06-16T09:37:07.244+0000] {logging_mixin.py:190} INFO - [2026-06-16T09:37:07.243+0000] {dag.py:4138} INFO - Setting next_dagrun for airflow_sanity_check to None, run_after=None
[2026-06-16T09:37:07.272+0000] {processor.py:208} INFO - Processing /opt/airflow/dags/sanity_checks.py took 0.121 seconds
[2026-06-16T09:37:37.608+0000] {processor.py:186} INFO - Started process (PID=786) to work on /opt/airflow/dags/sanity_checks.py
[2026-06-16T09:37:37.609+0000] {processor.py:914} INFO - Processing file /opt/airflow/dags/sanity_checks.py for tasks to queue
[2026-06-16T09:37:37.613+0000] {logging_mixin.py:190} INFO - [2026-06-16T09:37:37.612+0000] {dagbag.py:587} INFO - Filling up the DagBag from /opt/airflow/dags/sanity_checks.py
[2026-06-16T09:37:37.628+0000] {processor.py:925} INFO - DAG(s) 'airflow_sanity_check' retrieved from /opt/airflow/dags/sanity_checks.py
[2026-06-16T09:37:37.670+0000] {logging_mixin.py:190} INFO - [2026-06-16T09:37:37.670+0000] {dag.py:3211} INFO - Sync 1 DAGs
[2026-06-16T09:37:37.691+0000] {logging_mixin.py:190} INFO - [2026-06-16T09:37:37.691+0000] {dag.py:4138} INFO - Setting next_dagrun for airflow_sanity_check to None, run_after=None
[2026-06-16T09:37:37.719+0000] {processor.py:208} INFO - Processing /opt/airflow/dags/sanity_checks.py took 0.120 seconds
[2026-06-16T09:38:08.057+0000] {processor.py:186} INFO - Started process (PID=796) to work on /opt/airflow/dags/sanity_checks.py
[2026-06-16T09:38:08.058+0000] {processor.py:914} INFO - Processing file /opt/airflow/dags/sanity_checks.py for tasks to queue
[2026-06-16T09:38:08.067+0000] {logging_mixin.py:190} INFO - [2026-06-16T09:38:08.066+0000] {dagbag.py:587} INFO - Filling up the DagBag from /opt/airflow/dags/sanity_checks.py
[2026-06-16T09:38:08.083+0000] {processor.py:925} INFO - DAG(s) 'airflow_sanity_check' retrieved from /opt/airflow/dags/sanity_checks.py
[2026-06-16T09:38:08.125+0000] {logging_mixin.py:190} INFO - [2026-06-16T09:38:08.125+0000] {dag.py:3211} INFO - Sync 1 DAGs
[2026-06-16T09:38:08.146+0000] {logging_mixin.py:190} INFO - [2026-06-16T09:38:08.146+0000] {dag.py:4138} INFO - Setting next_dagrun for airflow_sanity_check to None, run_after=None
[2026-06-16T09:38:08.174+0000] {processor.py:208} INFO - Processing /opt/airflow/dags/sanity_checks.py took 0.127 seconds
[2026-06-16T09:38:38.510+0000] {processor.py:186} INFO - Started process (PID=806) to work on /opt/airflow/dags/sanity_checks.py
[2026-06-16T09:38:38.511+0000] {processor.py:914} INFO - Processing file /opt/airflow/dags/sanity_checks.py for tasks to queue
[2026-06-16T09:38:38.515+0000] {logging_mixin.py:190} INFO - [2026-06-16T09:38:38.515+0000] {dagbag.py:587} INFO - Filling up the DagBag from /opt/airflow/dags/sanity_checks.py
[2026-06-16T09:38:38.530+0000] {processor.py:925} INFO - DAG(s) 'airflow_sanity_check' retrieved from /opt/airflow/dags/sanity_checks.py
[2026-06-16T09:38:38.571+0000] {logging_mixin.py:190} INFO - [2026-06-16T09:38:38.571+0000] {dag.py:3211} INFO - Sync 1 DAGs
[2026-06-16T09:38:38.593+0000] {logging_mixin.py:190} INFO - [2026-06-16T09:38:38.593+0000] {dag.py:4138} INFO - Setting next_dagrun for airflow_sanity_check to None, run_after=None
[2026-06-16T09:38:38.622+0000] {processor.py:208} INFO - Processing /opt/airflow/dags/sanity_checks.py took 0.121 seconds
[2026-06-16T09:39:08.964+0000] {processor.py:186} INFO - Started process (PID=816) to work on /opt/airflow/dags/sanity_checks.py
[2026-06-16T09:39:08.965+0000] {processor.py:914} INFO - Processing file /opt/airflow/dags/sanity_checks.py for tasks to queue
[2026-06-16T09:39:08.969+0000] {logging_mixin.py:190} INFO - [2026-06-16T09:39:08.969+0000] {dagbag.py:587} INFO - Filling up the DagBag from /opt/airflow/dags/sanity_checks.py
[2026-06-16T09:39:08.984+0000] {processor.py:925} INFO - DAG(s) 'airflow_sanity_check' retrieved from /opt/airflow/dags/sanity_checks.py
[2026-06-16T09:39:09.025+0000] {logging_mixin.py:190} INFO - [2026-06-16T09:39:09.025+0000] {dag.py:3211} INFO - Sync 1 DAGs
[2026-06-16T09:39:09.046+0000] {logging_mixin.py:190} INFO - [2026-06-16T09:39:09.046+0000] {dag.py:4138} INFO - Setting next_dagrun for airflow_sanity_check to None, run_after=None
[2026-06-16T09:39:09.073+0000] {processor.py:208} INFO - Processing /opt/airflow/dags/sanity_checks.py took 0.118 seconds
[2026-06-16T09:39:39.408+0000] {processor.py:186} INFO - Started process (PID=826) to work on /opt/airflow/dags/sanity_checks.py
[2026-06-16T09:39:39.409+0000] {processor.py:914} INFO - Processing file /opt/airflow/dags/sanity_checks.py for tasks to queue
[2026-06-16T09:39:39.412+0000] {logging_mixin.py:190} INFO - [2026-06-16T09:39:39.412+0000] {dagbag.py:587} INFO - Filling up the DagBag from /opt/airflow/dags/sanity_checks.py
[2026-06-16T09:39:39.428+0000] {processor.py:925} INFO - DAG(s) 'airflow_sanity_check' retrieved from /opt/airflow/dags/sanity_checks.py
[2026-06-16T09:39:39.469+0000] {logging_mixin.py:190} INFO - [2026-06-16T09:39:39.468+0000] {dag.py:3211} INFO - Sync 1 DAGs
[2026-06-16T09:39:39.490+0000] {logging_mixin.py:190} INFO - [2026-06-16T09:39:39.490+0000] {dag.py:4138} INFO - Setting next_dagrun for airflow_sanity_check to None, run_after=None
[2026-06-16T09:39:39.518+0000] {processor.py:208} INFO - Processing /opt/airflow/dags/sanity_checks.py took 0.118 seconds
[2026-06-16T09:40:09.847+0000] {processor.py:186} INFO - Started process (PID=836) to work on /opt/airflow/dags/sanity_checks.py
[2026-06-16T09:40:09.849+0000] {processor.py:914} INFO - Processing file /opt/airflow/dags/sanity_checks.py for tasks to queue
[2026-06-16T09:40:09.852+0000] {logging_mixin.py:190} INFO - [2026-06-16T09:40:09.852+0000] {dagbag.py:587} INFO - Filling up the DagBag from /opt/airflow/dags/sanity_checks.py
[2026-06-16T09:40:09.868+0000] {processor.py:925} INFO - DAG(s) 'airflow_sanity_check' retrieved from /opt/airflow/dags/sanity_checks.py
[2026-06-16T09:40:09.908+0000] {logging_mixin.py:190} INFO - [2026-06-16T09:40:09.908+0000] {dag.py:3211} INFO - Sync 1 DAGs
[2026-06-16T09:40:09.929+0000] {logging_mixin.py:190} INFO - [2026-06-16T09:40:09.929+0000] {dag.py:4138} INFO - Setting next_dagrun for airflow_sanity_check to None, run_after=None
[2026-06-16T09:40:09.954+0000] {processor.py:208} INFO - Processing /opt/airflow/dags/sanity_checks.py took 0.116 seconds
[2026-06-16T09:40:40.254+0000] {processor.py:186} INFO - Started process (PID=846) to work on /opt/airflow/dags/sanity_checks.py
[2026-06-16T09:40:40.256+0000] {processor.py:914} INFO - Processing file /opt/airflow/dags/sanity_checks.py for tasks to queue
[2026-06-16T09:40:40.259+0000] {logging_mixin.py:190} INFO - [2026-06-16T09:40:40.258+0000] {dagbag.py:587} INFO - Filling up the DagBag from /opt/airflow/dags/sanity_checks.py
[2026-06-16T09:40:40.275+0000] {processor.py:925} INFO - DAG(s) 'airflow_sanity_check' retrieved from /opt/airflow/dags/sanity_checks.py
[2026-06-16T09:40:40.319+0000] {logging_mixin.py:190} INFO - [2026-06-16T09:40:40.319+0000] {dag.py:3211} INFO - Sync 1 DAGs
[2026-06-16T09:40:40.341+0000] {logging_mixin.py:190} INFO - [2026-06-16T09:40:40.340+0000] {dag.py:4138} INFO - Setting next_dagrun for airflow_sanity_check to None, run_after=None
[2026-06-16T09:40:40.368+0000] {processor.py:208} INFO - Processing /opt/airflow/dags/sanity_checks.py took 0.122 seconds
[2026-06-16T09:41:10.687+0000] {processor.py:186} INFO - Started process (PID=856) to work on /opt/airflow/dags/sanity_checks.py
[2026-06-16T09:41:10.688+0000] {processor.py:914} INFO - Processing file /opt/airflow/dags/sanity_checks.py for tasks to queue
[2026-06-16T09:41:10.692+0000] {logging_mixin.py:190} INFO - [2026-06-16T09:41:10.691+0000] {dagbag.py:587} INFO - Filling up the DagBag from /opt/airflow/dags/sanity_checks.py
[2026-06-16T09:41:10.707+0000] {processor.py:925} INFO - DAG(s) 'airflow_sanity_check' retrieved from /opt/airflow/dags/sanity_checks.py
[2026-06-16T09:41:10.748+0000] {logging_mixin.py:190} INFO - [2026-06-16T09:41:10.748+0000] {dag.py:3211} INFO - Sync 1 DAGs
[2026-06-16T09:41:10.778+0000] {logging_mixin.py:190} INFO - [2026-06-16T09:41:10.777+0000] {dag.py:4138} INFO - Setting next_dagrun for airflow_sanity_check to None, run_after=None
[2026-06-16T09:41:10.805+0000] {processor.py:208} INFO - Processing /opt/airflow/dags/sanity_checks.py took 0.126 seconds
[2026-06-16T09:41:41.135+0000] {processor.py:186} INFO - Started process (PID=866) to work on /opt/airflow/dags/sanity_checks.py
[2026-06-16T09:41:41.137+0000] {processor.py:914} INFO - Processing file /opt/airflow/dags/sanity_checks.py for tasks to queue
[2026-06-16T09:41:41.141+0000] {logging_mixin.py:190} INFO - [2026-06-16T09:41:41.140+0000] {dagbag.py:587} INFO - Filling up the DagBag from /opt/airflow/dags/sanity_checks.py
[2026-06-16T09:41:41.155+0000] {processor.py:925} INFO - DAG(s) 'airflow_sanity_check' retrieved from /opt/airflow/dags/sanity_checks.py
[2026-06-16T09:41:41.196+0000] {logging_mixin.py:190} INFO - [2026-06-16T09:41:41.196+0000] {dag.py:3211} INFO - Sync 1 DAGs
[2026-06-16T09:41:41.217+0000] {logging_mixin.py:190} INFO - [2026-06-16T09:41:41.217+0000] {dag.py:4138} INFO - Setting next_dagrun for airflow_sanity_check to None, run_after=None
[2026-06-16T09:41:41.244+0000] {processor.py:208} INFO - Processing /opt/airflow/dags/sanity_checks.py took 0.117 seconds
[2026-06-16T09:42:11.578+0000] {processor.py:186} INFO - Started process (PID=876) to work on /opt/airflow/dags/sanity_checks.py
[2026-06-16T09:42:11.579+0000] {processor.py:914} INFO - Processing file /opt/airflow/dags/sanity_checks.py for tasks to queue
[2026-06-16T09:42:11.583+0000] {logging_mixin.py:190} INFO - [2026-06-16T09:42:11.582+0000] {dagbag.py:587} INFO - Filling up the DagBag from /opt/airflow/dags/sanity_checks.py
[2026-06-16T09:42:11.598+0000] {processor.py:925} INFO - DAG(s) 'airflow_sanity_check' retrieved from /opt/airflow/dags/sanity_checks.py
[2026-06-16T09:42:11.640+0000] {logging_mixin.py:190} INFO - [2026-06-16T09:42:11.639+0000] {dag.py:3211} INFO - Sync 1 DAGs
[2026-06-16T09:42:11.661+0000] {logging_mixin.py:190} INFO - [2026-06-16T09:42:11.660+0000] {dag.py:4138} INFO - Setting next_dagrun for airflow_sanity_check to None, run_after=None
[2026-06-16T09:42:11.688+0000] {processor.py:208} INFO - Processing /opt/airflow/dags/sanity_checks.py took 0.119 seconds
[2026-06-16T09:42:42.005+0000] {processor.py:186} INFO - Started process (PID=886) to work on /opt/airflow/dags/sanity_checks.py
[2026-06-16T09:42:42.007+0000] {processor.py:914} INFO - Processing file /opt/airflow/dags/sanity_checks.py for tasks to queue
[2026-06-16T09:42:42.011+0000] {logging_mixin.py:190} INFO - [2026-06-16T09:42:42.010+0000] {dagbag.py:587} INFO - Filling up the DagBag from /opt/airflow/dags/sanity_checks.py
[2026-06-16T09:42:42.027+0000] {processor.py:925} INFO - DAG(s) 'airflow_sanity_check' retrieved from /opt/airflow/dags/sanity_checks.py
[2026-06-16T09:42:42.068+0000] {logging_mixin.py:190} INFO - [2026-06-16T09:42:42.067+0000] {dag.py:3211} INFO - Sync 1 DAGs
[2026-06-16T09:42:42.088+0000] {logging_mixin.py:190} INFO - [2026-06-16T09:42:42.088+0000] {dag.py:4138} INFO - Setting next_dagrun for airflow_sanity_check to None, run_after=None
[2026-06-16T09:42:42.114+0000] {processor.py:208} INFO - Processing /opt/airflow/dags/sanity_checks.py took 0.117 seconds
[2026-06-16T09:43:12.579+0000] {processor.py:186} INFO - Started process (PID=896) to work on /opt/airflow/dags/sanity_checks.py
[2026-06-16T09:43:12.581+0000] {processor.py:914} INFO - Processing file /opt/airflow/dags/sanity_checks.py for tasks to queue
[2026-06-16T09:43:12.584+0000] {logging_mixin.py:190} INFO - [2026-06-16T09:43:12.583+0000] {dagbag.py:587} INFO - Filling up the DagBag from /opt/airflow/dags/sanity_checks.py
[2026-06-16T09:43:12.599+0000] {processor.py:925} INFO - DAG(s) 'airflow_sanity_check' retrieved from /opt/airflow/dags/sanity_checks.py
[2026-06-16T09:43:12.640+0000] {logging_mixin.py:190} INFO - [2026-06-16T09:43:12.640+0000] {dag.py:3211} INFO - Sync 1 DAGs
[2026-06-16T09:43:12.662+0000] {logging_mixin.py:190} INFO - [2026-06-16T09:43:12.661+0000] {dag.py:4138} INFO - Setting next_dagrun for airflow_sanity_check to None, run_after=None
[2026-06-16T09:43:12.687+0000] {processor.py:208} INFO - Processing /opt/airflow/dags/sanity_checks.py took 0.119 seconds
[2026-06-16T09:43:42.998+0000] {processor.py:186} INFO - Started process (PID=906) to work on /opt/airflow/dags/sanity_checks.py
[2026-06-16T09:43:42.999+0000] {processor.py:914} INFO - Processing file /opt/airflow/dags/sanity_checks.py for tasks to queue
[2026-06-16T09:43:43.003+0000] {logging_mixin.py:190} INFO - [2026-06-16T09:43:43.002+0000] {dagbag.py:587} INFO - Filling up the DagBag from /opt/airflow/dags/sanity_checks.py
[2026-06-16T09:43:43.018+0000] {processor.py:925} INFO - DAG(s) 'airflow_sanity_check' retrieved from /opt/airflow/dags/sanity_checks.py
[2026-06-16T09:43:43.059+0000] {logging_mixin.py:190} INFO - [2026-06-16T09:43:43.059+0000] {dag.py:3211} INFO - Sync 1 DAGs
[2026-06-16T09:43:43.081+0000] {logging_mixin.py:190} INFO - [2026-06-16T09:43:43.081+0000] {dag.py:4138} INFO - Setting next_dagrun for airflow_sanity_check to None, run_after=None
[2026-06-16T09:43:43.109+0000] {processor.py:208} INFO - Processing /opt/airflow/dags/sanity_checks.py took 0.119 seconds
[2026-06-16T09:44:13.464+0000] {processor.py:186} INFO - Started process (PID=916) to work on /opt/airflow/dags/sanity_checks.py
[2026-06-16T09:44:13.465+0000] {processor.py:914} INFO - Processing file /opt/airflow/dags/sanity_checks.py for tasks to queue
[2026-06-16T09:44:13.469+0000] {logging_mixin.py:190} INFO - [2026-06-16T09:44:13.468+0000] {dagbag.py:587} INFO - Filling up the DagBag from /opt/airflow/dags/sanity_checks.py
[2026-06-16T09:44:13.484+0000] {processor.py:925} INFO - DAG(s) 'airflow_sanity_check' retrieved from /opt/airflow/dags/sanity_checks.py
[2026-06-16T09:44:13.527+0000] {logging_mixin.py:190} INFO - [2026-06-16T09:44:13.526+0000] {dag.py:3211} INFO - Sync 1 DAGs
[2026-06-16T09:44:13.548+0000] {logging_mixin.py:190} INFO - [2026-06-16T09:44:13.548+0000] {dag.py:4138} INFO - Setting next_dagrun for airflow_sanity_check to None, run_after=None
[2026-06-16T09:44:13.581+0000] {processor.py:208} INFO - Processing /opt/airflow/dags/sanity_checks.py took 0.128 seconds
[2026-06-16T09:44:43.908+0000] {processor.py:186} INFO - Started process (PID=926) to work on /opt/airflow/dags/sanity_checks.py
[2026-06-16T09:44:43.910+0000] {processor.py:914} INFO - Processing file /opt/airflow/dags/sanity_checks.py for tasks to queue
[2026-06-16T09:44:43.914+0000] {logging_mixin.py:190} INFO - [2026-06-16T09:44:43.914+0000] {dagbag.py:587} INFO - Filling up the DagBag from /opt/airflow/dags/sanity_checks.py
[2026-06-16T09:44:43.930+0000] {processor.py:925} INFO - DAG(s) 'airflow_sanity_check' retrieved from /opt/airflow/dags/sanity_checks.py
[2026-06-16T09:44:43.975+0000] {logging_mixin.py:190} INFO - [2026-06-16T09:44:43.975+0000] {dag.py:3211} INFO - Sync 1 DAGs
[2026-06-16T09:44:44.004+0000] {logging_mixin.py:190} INFO - [2026-06-16T09:44:44.003+0000] {dag.py:4138} INFO - Setting next_dagrun for airflow_sanity_check to None, run_after=None
[2026-06-16T09:44:44.030+0000] {processor.py:208} INFO - Processing /opt/airflow/dags/sanity_checks.py took 0.136 seconds
[2026-06-16T09:45:14.352+0000] {processor.py:186} INFO - Started process (PID=936) to work on /opt/airflow/dags/sanity_checks.py
[2026-06-16T09:45:14.353+0000] {processor.py:914} INFO - Processing file /opt/airflow/dags/sanity_checks.py for tasks to queue
[2026-06-16T09:45:14.358+0000] {logging_mixin.py:190} INFO - [2026-06-16T09:45:14.358+0000] {dagbag.py:587} INFO - Filling up the DagBag from /opt/airflow/dags/sanity_checks.py
[2026-06-16T09:45:14.374+0000] {processor.py:925} INFO - DAG(s) 'airflow_sanity_check' retrieved from /opt/airflow/dags/sanity_checks.py
[2026-06-16T09:45:14.418+0000] {logging_mixin.py:190} INFO - [2026-06-16T09:45:14.417+0000] {dag.py:3211} INFO - Sync 1 DAGs
[2026-06-16T09:45:14.440+0000] {logging_mixin.py:190} INFO - [2026-06-16T09:45:14.440+0000] {dag.py:4138} INFO - Setting next_dagrun for airflow_sanity_check to None, run_after=None
[2026-06-16T09:45:14.466+0000] {processor.py:208} INFO - Processing /opt/airflow/dags/sanity_checks.py took 0.124 seconds
[2026-06-16T09:45:44.798+0000] {processor.py:186} INFO - Started process (PID=946) to work on /opt/airflow/dags/sanity_checks.py
[2026-06-16T09:45:44.799+0000] {processor.py:914} INFO - Processing file /opt/airflow/dags/sanity_checks.py for tasks to queue
[2026-06-16T09:45:44.802+0000] {logging_mixin.py:190} INFO - [2026-06-16T09:45:44.802+0000] {dagbag.py:587} INFO - Filling up the DagBag from /opt/airflow/dags/sanity_checks.py
[2026-06-16T09:45:44.817+0000] {processor.py:925} INFO - DAG(s) 'airflow_sanity_check' retrieved from /opt/airflow/dags/sanity_checks.py
[2026-06-16T09:45:44.858+0000] {logging_mixin.py:190} INFO - [2026-06-16T09:45:44.857+0000] {dag.py:3211} INFO - Sync 1 DAGs
[2026-06-16T09:45:44.879+0000] {logging_mixin.py:190} INFO - [2026-06-16T09:45:44.879+0000] {dag.py:4138} INFO - Setting next_dagrun for airflow_sanity_check to None, run_after=None
[2026-06-16T09:45:44.907+0000] {processor.py:208} INFO - Processing /opt/airflow/dags/sanity_checks.py took 0.120 seconds
[2026-06-16T09:46:15.225+0000] {processor.py:186} INFO - Started process (PID=956) to work on /opt/airflow/dags/sanity_checks.py
[2026-06-16T09:46:15.226+0000] {processor.py:914} INFO - Processing file /opt/airflow/dags/sanity_checks.py for tasks to queue
[2026-06-16T09:46:15.230+0000] {logging_mixin.py:190} INFO - [2026-06-16T09:46:15.229+0000] {dagbag.py:587} INFO - Filling up the DagBag from /opt/airflow/dags/sanity_checks.py
[2026-06-16T09:46:15.245+0000] {processor.py:925} INFO - DAG(s) 'airflow_sanity_check' retrieved from /opt/airflow/dags/sanity_checks.py
[2026-06-16T09:46:15.286+0000] {logging_mixin.py:190} INFO - [2026-06-16T09:46:15.286+0000] {dag.py:3211} INFO - Sync 1 DAGs
[2026-06-16T09:46:15.308+0000] {logging_mixin.py:190} INFO - [2026-06-16T09:46:15.308+0000] {dag.py:4138} INFO - Setting next_dagrun for airflow_sanity_check to None, run_after=None
[2026-06-16T09:46:15.335+0000] {processor.py:208} INFO - Processing /opt/airflow/dags/sanity_checks.py took 0.119 seconds
[2026-06-16T09:46:45.702+0000] {processor.py:186} INFO - Started process (PID=966) to work on /opt/airflow/dags/sanity_checks.py
[2026-06-16T09:46:45.703+0000] {processor.py:914} INFO - Processing file /opt/airflow/dags/sanity_checks.py for tasks to queue
[2026-06-16T09:46:45.706+0000] {logging_mixin.py:190} INFO - [2026-06-16T09:46:45.706+0000] {dagbag.py:587} INFO - Filling up the DagBag from /opt/airflow/dags/sanity_checks.py
[2026-06-16T09:46:45.723+0000] {processor.py:925} INFO - DAG(s) 'airflow_sanity_check' retrieved from /opt/airflow/dags/sanity_checks.py
[2026-06-16T09:46:45.773+0000] {logging_mixin.py:190} INFO - [2026-06-16T09:46:45.772+0000] {dag.py:3211} INFO - Sync 1 DAGs
[2026-06-16T09:46:45.795+0000] {logging_mixin.py:190} INFO - [2026-06-16T09:46:45.795+0000] {dag.py:4138} INFO - Setting next_dagrun for airflow_sanity_check to None, run_after=None
[2026-06-16T09:46:45.822+0000] {processor.py:208} INFO - Processing /opt/airflow/dags/sanity_checks.py took 0.129 seconds
[2026-06-16T09:47:16.152+0000] {processor.py:186} INFO - Started process (PID=976) to work on /opt/airflow/dags/sanity_checks.py
[2026-06-16T09:47:16.153+0000] {processor.py:914} INFO - Processing file /opt/airflow/dags/sanity_checks.py for tasks to queue
[2026-06-16T09:47:16.156+0000] {logging_mixin.py:190} INFO - [2026-06-16T09:47:16.156+0000] {dagbag.py:587} INFO - Filling up the DagBag from /opt/airflow/dags/sanity_checks.py
[2026-06-16T09:47:16.172+0000] {processor.py:925} INFO - DAG(s) 'airflow_sanity_check' retrieved from /opt/airflow/dags/sanity_checks.py
[2026-06-16T09:47:16.214+0000] {logging_mixin.py:190} INFO - [2026-06-16T09:47:16.214+0000] {dag.py:3211} INFO - Sync 1 DAGs
[2026-06-16T09:47:16.237+0000] {logging_mixin.py:190} INFO - [2026-06-16T09:47:16.237+0000] {dag.py:4138} INFO - Setting next_dagrun for airflow_sanity_check to None, run_after=None
[2026-06-16T09:47:16.262+0000] {processor.py:208} INFO - Processing /opt/airflow/dags/sanity_checks.py took 0.119 seconds
[2026-06-16T09:47:46.582+0000] {processor.py:186} INFO - Started process (PID=986) to work on /opt/airflow/dags/sanity_checks.py
[2026-06-16T09:47:46.583+0000] {processor.py:914} INFO - Processing file /opt/airflow/dags/sanity_checks.py for tasks to queue
[2026-06-16T09:47:46.588+0000] {logging_mixin.py:190} INFO - [2026-06-16T09:47:46.586+0000] {dagbag.py:587} INFO - Filling up the DagBag from /opt/airflow/dags/sanity_checks.py
[2026-06-16T09:47:46.603+0000] {processor.py:925} INFO - DAG(s) 'airflow_sanity_check' retrieved from /opt/airflow/dags/sanity_checks.py
[2026-06-16T09:47:46.648+0000] {logging_mixin.py:190} INFO - [2026-06-16T09:47:46.647+0000] {dag.py:3211} INFO - Sync 1 DAGs
[2026-06-16T09:47:46.670+0000] {logging_mixin.py:190} INFO - [2026-06-16T09:47:46.669+0000] {dag.py:4138} INFO - Setting next_dagrun for airflow_sanity_check to None, run_after=None
[2026-06-16T09:47:46.698+0000] {processor.py:208} INFO - Processing /opt/airflow/dags/sanity_checks.py took 0.125 seconds
[2026-06-16T09:48:17.051+0000] {processor.py:186} INFO - Started process (PID=996) to work on /opt/airflow/dags/sanity_checks.py
[2026-06-16T09:48:17.053+0000] {processor.py:914} INFO - Processing file /opt/airflow/dags/sanity_checks.py for tasks to queue
[2026-06-16T09:48:17.057+0000] {logging_mixin.py:190} INFO - [2026-06-16T09:48:17.056+0000] {dagbag.py:587} INFO - Filling up the DagBag from /opt/airflow/dags/sanity_checks.py
[2026-06-16T09:48:17.071+0000] {processor.py:925} INFO - DAG(s) 'airflow_sanity_check' retrieved from /opt/airflow/dags/sanity_checks.py
[2026-06-16T09:48:17.113+0000] {logging_mixin.py:190} INFO - [2026-06-16T09:48:17.113+0000] {dag.py:3211} INFO - Sync 1 DAGs
[2026-06-16T09:48:17.134+0000] {logging_mixin.py:190} INFO - [2026-06-16T09:48:17.134+0000] {dag.py:4138} INFO - Setting next_dagrun for airflow_sanity_check to None, run_after=None
[2026-06-16T09:48:17.162+0000] {processor.py:208} INFO - Processing /opt/airflow/dags/sanity_checks.py took 0.119 seconds
[2026-06-16T09:48:47.483+0000] {processor.py:186} INFO - Started process (PID=1006) to work on /opt/airflow/dags/sanity_checks.py
[2026-06-16T09:48:47.485+0000] {processor.py:914} INFO - Processing file /opt/airflow/dags/sanity_checks.py for tasks to queue
[2026-06-16T09:48:47.489+0000] {logging_mixin.py:190} INFO - [2026-06-16T09:48:47.489+0000] {dagbag.py:587} INFO - Filling up the DagBag from /opt/airflow/dags/sanity_checks.py
[2026-06-16T09:48:47.505+0000] {processor.py:925} INFO - DAG(s) 'airflow_sanity_check' retrieved from /opt/airflow/dags/sanity_checks.py
[2026-06-16T09:48:47.545+0000] {logging_mixin.py:190} INFO - [2026-06-16T09:48:47.545+0000] {dag.py:3211} INFO - Sync 1 DAGs
[2026-06-16T09:48:47.567+0000] {logging_mixin.py:190} INFO - [2026-06-16T09:48:47.567+0000] {dag.py:4138} INFO - Setting next_dagrun for airflow_sanity_check to None, run_after=None
[2026-06-16T09:48:47.594+0000] {processor.py:208} INFO - Processing /opt/airflow/dags/sanity_checks.py took 0.122 seconds
[2026-06-16T09:49:17.973+0000] {processor.py:186} INFO - Started process (PID=1016) to work on /opt/airflow/dags/sanity_checks.py
[2026-06-16T09:49:17.974+0000] {processor.py:914} INFO - Processing file /opt/airflow/dags/sanity_checks.py for tasks to queue
[2026-06-16T09:49:17.978+0000] {logging_mixin.py:190} INFO - [2026-06-16T09:49:17.977+0000] {dagbag.py:587} INFO - Filling up the DagBag from /opt/airflow/dags/sanity_checks.py
[2026-06-16T09:49:17.993+0000] {processor.py:925} INFO - DAG(s) 'airflow_sanity_check' retrieved from /opt/airflow/dags/sanity_checks.py
[2026-06-16T09:49:18.035+0000] {logging_mixin.py:190} INFO - [2026-06-16T09:49:18.034+0000] {dag.py:3211} INFO - Sync 1 DAGs
[2026-06-16T09:49:18.056+0000] {logging_mixin.py:190} INFO - [2026-06-16T09:49:18.055+0000] {dag.py:4138} INFO - Setting next_dagrun for airflow_sanity_check to None, run_after=None
[2026-06-16T09:49:18.084+0000] {processor.py:208} INFO - Processing /opt/airflow/dags/sanity_checks.py took 0.121 seconds
[2026-06-16T09:49:48.413+0000] {processor.py:186} INFO - Started process (PID=1026) to work on /opt/airflow/dags/sanity_checks.py
[2026-06-16T09:49:48.415+0000] {processor.py:914} INFO - Processing file /opt/airflow/dags/sanity_checks.py for tasks to queue
[2026-06-16T09:49:48.418+0000] {logging_mixin.py:190} INFO - [2026-06-16T09:49:48.418+0000] {dagbag.py:587} INFO - Filling up the DagBag from /opt/airflow/dags/sanity_checks.py
[2026-06-16T09:49:48.435+0000] {processor.py:925} INFO - DAG(s) 'airflow_sanity_check' retrieved from /opt/airflow/dags/sanity_checks.py
[2026-06-16T09:49:48.478+0000] {logging_mixin.py:190} INFO - [2026-06-16T09:49:48.477+0000] {dag.py:3211} INFO - Sync 1 DAGs
[2026-06-16T09:49:48.500+0000] {logging_mixin.py:190} INFO - [2026-06-16T09:49:48.499+0000] {dag.py:4138} INFO - Setting next_dagrun for airflow_sanity_check to None, run_after=None
[2026-06-16T09:49:48.526+0000] {processor.py:208} INFO - Processing /opt/airflow/dags/sanity_checks.py took 0.121 seconds
[2026-06-16T09:50:18.846+0000] {processor.py:186} INFO - Started process (PID=1036) to work on /opt/airflow/dags/sanity_checks.py
[2026-06-16T09:50:18.847+0000] {processor.py:914} INFO - Processing file /opt/airflow/dags/sanity_checks.py for tasks to queue
[2026-06-16T09:50:18.851+0000] {logging_mixin.py:190} INFO - [2026-06-16T09:50:18.850+0000] {dagbag.py:587} INFO - Filling up the DagBag from /opt/airflow/dags/sanity_checks.py
[2026-06-16T09:50:18.866+0000] {processor.py:925} INFO - DAG(s) 'airflow_sanity_check' retrieved from /opt/airflow/dags/sanity_checks.py
[2026-06-16T09:50:18.908+0000] {logging_mixin.py:190} INFO - [2026-06-16T09:50:18.908+0000] {dag.py:3211} INFO - Sync 1 DAGs
[2026-06-16T09:50:18.932+0000] {logging_mixin.py:190} INFO - [2026-06-16T09:50:18.931+0000] {dag.py:4138} INFO - Setting next_dagrun for airflow_sanity_check to None, run_after=None
[2026-06-16T09:50:18.958+0000] {processor.py:208} INFO - Processing /opt/airflow/dags/sanity_checks.py took 0.121 seconds
[2026-06-16T09:50:49.280+0000] {processor.py:186} INFO - Started process (PID=1046) to work on /opt/airflow/dags/sanity_checks.py
[2026-06-16T09:50:49.282+0000] {processor.py:914} INFO - Processing file /opt/airflow/dags/sanity_checks.py for tasks to queue
[2026-06-16T09:50:49.286+0000] {logging_mixin.py:190} INFO - [2026-06-16T09:50:49.285+0000] {dagbag.py:587} INFO - Filling up the DagBag from /opt/airflow/dags/sanity_checks.py
[2026-06-16T09:50:49.301+0000] {processor.py:925} INFO - DAG(s) 'airflow_sanity_check' retrieved from /opt/airflow/dags/sanity_checks.py
[2026-06-16T09:50:49.344+0000] {logging_mixin.py:190} INFO - [2026-06-16T09:50:49.344+0000] {dag.py:3211} INFO - Sync 1 DAGs
[2026-06-16T09:50:49.365+0000] {logging_mixin.py:190} INFO - [2026-06-16T09:50:49.365+0000] {dag.py:4138} INFO - Setting next_dagrun for airflow_sanity_check to None, run_after=None
[2026-06-16T09:50:49.394+0000] {processor.py:208} INFO - Processing /opt/airflow/dags/sanity_checks.py took 0.122 seconds
[2026-06-16T09:51:19.730+0000] {processor.py:186} INFO - Started process (PID=1056) to work on /opt/airflow/dags/sanity_checks.py
[2026-06-16T09:51:19.732+0000] {processor.py:914} INFO - Processing file /opt/airflow/dags/sanity_checks.py for tasks to queue
[2026-06-16T09:51:19.736+0000] {logging_mixin.py:190} INFO - [2026-06-16T09:51:19.736+0000] {dagbag.py:587} INFO - Filling up the DagBag from /opt/airflow/dags/sanity_checks.py
[2026-06-16T09:51:19.751+0000] {processor.py:925} INFO - DAG(s) 'airflow_sanity_check' retrieved from /opt/airflow/dags/sanity_checks.py
[2026-06-16T09:51:19.793+0000] {logging_mixin.py:190} INFO - [2026-06-16T09:51:19.792+0000] {dag.py:3211} INFO - Sync 1 DAGs
[2026-06-16T09:51:19.814+0000] {logging_mixin.py:190} INFO - [2026-06-16T09:51:19.814+0000] {dag.py:4138} INFO - Setting next_dagrun for airflow_sanity_check to None, run_after=None
[2026-06-16T09:51:19.840+0000] {processor.py:208} INFO - Processing /opt/airflow/dags/sanity_checks.py took 0.120 seconds
[2026-06-16T09:51:50.153+0000] {processor.py:186} INFO - Started process (PID=1066) to work on /opt/airflow/dags/sanity_checks.py
[2026-06-16T09:51:50.155+0000] {processor.py:914} INFO - Processing file /opt/airflow/dags/sanity_checks.py for tasks to queue
[2026-06-16T09:51:50.159+0000] {logging_mixin.py:190} INFO - [2026-06-16T09:51:50.159+0000] {dagbag.py:587} INFO - Filling up the DagBag from /opt/airflow/dags/sanity_checks.py
[2026-06-16T09:51:50.175+0000] {processor.py:925} INFO - DAG(s) 'airflow_sanity_check' retrieved from /opt/airflow/dags/sanity_checks.py
[2026-06-16T09:51:50.217+0000] {logging_mixin.py:190} INFO - [2026-06-16T09:51:50.217+0000] {dag.py:3211} INFO - Sync 1 DAGs
[2026-06-16T09:51:50.239+0000] {logging_mixin.py:190} INFO - [2026-06-16T09:51:50.238+0000] {dag.py:4138} INFO - Setting next_dagrun for airflow_sanity_check to None, run_after=None
[2026-06-16T09:51:50.267+0000] {processor.py:208} INFO - Processing /opt/airflow/dags/sanity_checks.py took 0.123 seconds
[2026-06-16T09:52:20.624+0000] {processor.py:186} INFO - Started process (PID=1076) to work on /opt/airflow/dags/sanity_checks.py
[2026-06-16T09:52:20.627+0000] {processor.py:914} INFO - Processing file /opt/airflow/dags/sanity_checks.py for tasks to queue
[2026-06-16T09:52:20.631+0000] {logging_mixin.py:190} INFO - [2026-06-16T09:52:20.630+0000] {dagbag.py:587} INFO - Filling up the DagBag from /opt/airflow/dags/sanity_checks.py
[2026-06-16T09:52:20.650+0000] {processor.py:925} INFO - DAG(s) 'airflow_sanity_check' retrieved from /opt/airflow/dags/sanity_checks.py
[2026-06-16T09:52:20.698+0000] {logging_mixin.py:190} INFO - [2026-06-16T09:52:20.698+0000] {dag.py:3211} INFO - Sync 1 DAGs
[2026-06-16T09:52:20.726+0000] {logging_mixin.py:190} INFO - [2026-06-16T09:52:20.726+0000] {dag.py:4138} INFO - Setting next_dagrun for airflow_sanity_check to None, run_after=None
[2026-06-16T09:52:20.761+0000] {processor.py:208} INFO - Processing /opt/airflow/dags/sanity_checks.py took 0.149 seconds
[2026-06-16T09:52:51.136+0000] {processor.py:186} INFO - Started process (PID=1086) to work on /opt/airflow/dags/sanity_checks.py
[2026-06-16T09:52:51.138+0000] {processor.py:914} INFO - Processing file /opt/airflow/dags/sanity_checks.py for tasks to queue
[2026-06-16T09:52:51.141+0000] {logging_mixin.py:190} INFO - [2026-06-16T09:52:51.141+0000] {dagbag.py:587} INFO - Filling up the DagBag from /opt/airflow/dags/sanity_checks.py
[2026-06-16T09:52:51.170+0000] {processor.py:925} INFO - DAG(s) 'airflow_sanity_check' retrieved from /opt/airflow/dags/sanity_checks.py
[2026-06-16T09:52:51.219+0000] {logging_mixin.py:190} INFO - [2026-06-16T09:52:51.219+0000] {dag.py:3211} INFO - Sync 1 DAGs
[2026-06-16T09:52:51.243+0000] {logging_mixin.py:190} INFO - [2026-06-16T09:52:51.242+0000] {dag.py:4138} INFO - Setting next_dagrun for airflow_sanity_check to None, run_after=None
[2026-06-16T09:52:51.270+0000] {processor.py:208} INFO - Processing /opt/airflow/dags/sanity_checks.py took 0.144 seconds
[2026-06-16T09:53:21.698+0000] {processor.py:186} INFO - Started process (PID=1096) to work on /opt/airflow/dags/sanity_checks.py
[2026-06-16T09:53:21.702+0000] {processor.py:914} INFO - Processing file /opt/airflow/dags/sanity_checks.py for tasks to queue
[2026-06-16T09:53:21.706+0000] {logging_mixin.py:190} INFO - [2026-06-16T09:53:21.705+0000] {dagbag.py:587} INFO - Filling up the DagBag from /opt/airflow/dags/sanity_checks.py
[2026-06-16T09:53:21.725+0000] {processor.py:925} INFO - DAG(s) 'airflow_sanity_check' retrieved from /opt/airflow/dags/sanity_checks.py
[2026-06-16T09:53:21.777+0000] {logging_mixin.py:190} INFO - [2026-06-16T09:53:21.776+0000] {dag.py:3211} INFO - Sync 1 DAGs
[2026-06-16T09:53:21.844+0000] {logging_mixin.py:190} INFO - [2026-06-16T09:53:21.844+0000] {dag.py:4138} INFO - Setting next_dagrun for airflow_sanity_check to None, run_after=None
[2026-06-16T09:53:21.876+0000] {processor.py:208} INFO - Processing /opt/airflow/dags/sanity_checks.py took 0.188 seconds
[2026-06-16T09:53:52.207+0000] {processor.py:186} INFO - Started process (PID=1106) to work on /opt/airflow/dags/sanity_checks.py
[2026-06-16T09:53:52.208+0000] {processor.py:914} INFO - Processing file /opt/airflow/dags/sanity_checks.py for tasks to queue
[2026-06-16T09:53:52.212+0000] {logging_mixin.py:190} INFO - [2026-06-16T09:53:52.211+0000] {dagbag.py:587} INFO - Filling up the DagBag from /opt/airflow/dags/sanity_checks.py
[2026-06-16T09:53:52.228+0000] {processor.py:925} INFO - DAG(s) 'airflow_sanity_check' retrieved from /opt/airflow/dags/sanity_checks.py
[2026-06-16T09:53:52.272+0000] {logging_mixin.py:190} INFO - [2026-06-16T09:53:52.271+0000] {dag.py:3211} INFO - Sync 1 DAGs
[2026-06-16T09:53:52.294+0000] {logging_mixin.py:190} INFO - [2026-06-16T09:53:52.293+0000] {dag.py:4138} INFO - Setting next_dagrun for airflow_sanity_check to None, run_after=None
[2026-06-16T09:53:52.321+0000] {processor.py:208} INFO - Processing /opt/airflow/dags/sanity_checks.py took 0.125 seconds
[2026-06-16T09:54:22.697+0000] {processor.py:186} INFO - Started process (PID=1116) to work on /opt/airflow/dags/sanity_checks.py
[2026-06-16T09:54:22.698+0000] {processor.py:914} INFO - Processing file /opt/airflow/dags/sanity_checks.py for tasks to queue
[2026-06-16T09:54:22.702+0000] {logging_mixin.py:190} INFO - [2026-06-16T09:54:22.702+0000] {dagbag.py:587} INFO - Filling up the DagBag from /opt/airflow/dags/sanity_checks.py
[2026-06-16T09:54:22.719+0000] {processor.py:925} INFO - DAG(s) 'airflow_sanity_check' retrieved from /opt/airflow/dags/sanity_checks.py
[2026-06-16T09:54:22.767+0000] {logging_mixin.py:190} INFO - [2026-06-16T09:54:22.767+0000] {dag.py:3211} INFO - Sync 1 DAGs
[2026-06-16T09:54:22.794+0000] {logging_mixin.py:190} INFO - [2026-06-16T09:54:22.794+0000] {dag.py:4138} INFO - Setting next_dagrun for airflow_sanity_check to None, run_after=None
[2026-06-16T09:54:22.828+0000] {processor.py:208} INFO - Processing /opt/airflow/dags/sanity_checks.py took 0.142 seconds
[2026-06-16T09:54:53.150+0000] {processor.py:186} INFO - Started process (PID=1126) to work on /opt/airflow/dags/sanity_checks.py
[2026-06-16T09:54:53.151+0000] {processor.py:914} INFO - Processing file /opt/airflow/dags/sanity_checks.py for tasks to queue
[2026-06-16T09:54:53.155+0000] {logging_mixin.py:190} INFO - [2026-06-16T09:54:53.154+0000] {dagbag.py:587} INFO - Filling up the DagBag from /opt/airflow/dags/sanity_checks.py
[2026-06-16T09:54:53.172+0000] {processor.py:925} INFO - DAG(s) 'airflow_sanity_check' retrieved from /opt/airflow/dags/sanity_checks.py
[2026-06-16T09:54:53.215+0000] {logging_mixin.py:190} INFO - [2026-06-16T09:54:53.215+0000] {dag.py:3211} INFO - Sync 1 DAGs
[2026-06-16T09:54:53.237+0000] {logging_mixin.py:190} INFO - [2026-06-16T09:54:53.237+0000] {dag.py:4138} INFO - Setting next_dagrun for airflow_sanity_check to None, run_after=None
[2026-06-16T09:54:53.267+0000] {processor.py:208} INFO - Processing /opt/airflow/dags/sanity_checks.py took 0.127 seconds
[2026-06-16T09:55:23.639+0000] {processor.py:186} INFO - Started process (PID=1136) to work on /opt/airflow/dags/sanity_checks.py
[2026-06-16T09:55:23.640+0000] {processor.py:914} INFO - Processing file /opt/airflow/dags/sanity_checks.py for tasks to queue
[2026-06-16T09:55:23.646+0000] {logging_mixin.py:190} INFO - [2026-06-16T09:55:23.645+0000] {dagbag.py:587} INFO - Filling up the DagBag from /opt/airflow/dags/sanity_checks.py
[2026-06-16T09:55:23.666+0000] {processor.py:925} INFO - DAG(s) 'airflow_sanity_check' retrieved from /opt/airflow/dags/sanity_checks.py
[2026-06-16T09:55:23.724+0000] {logging_mixin.py:190} INFO - [2026-06-16T09:55:23.724+0000] {dag.py:3211} INFO - Sync 1 DAGs
[2026-06-16T09:55:23.749+0000] {logging_mixin.py:190} INFO - [2026-06-16T09:55:23.748+0000] {dag.py:4138} INFO - Setting next_dagrun for airflow_sanity_check to None, run_after=None
[2026-06-16T09:55:23.782+0000] {processor.py:208} INFO - Processing /opt/airflow/dags/sanity_checks.py took 0.153 seconds
[2026-06-16T09:55:54.117+0000] {processor.py:186} INFO - Started process (PID=1146) to work on /opt/airflow/dags/sanity_checks.py
[2026-06-16T09:55:54.118+0000] {processor.py:914} INFO - Processing file /opt/airflow/dags/sanity_checks.py for tasks to queue
[2026-06-16T09:55:54.122+0000] {logging_mixin.py:190} INFO - [2026-06-16T09:55:54.122+0000] {dagbag.py:587} INFO - Filling up the DagBag from /opt/airflow/dags/sanity_checks.py
[2026-06-16T09:55:54.145+0000] {processor.py:925} INFO - DAG(s) 'airflow_sanity_check' retrieved from /opt/airflow/dags/sanity_checks.py
[2026-06-16T09:55:54.198+0000] {logging_mixin.py:190} INFO - [2026-06-16T09:55:54.198+0000] {dag.py:3211} INFO - Sync 1 DAGs
[2026-06-16T09:55:54.220+0000] {logging_mixin.py:190} INFO - [2026-06-16T09:55:54.219+0000] {dag.py:4138} INFO - Setting next_dagrun for airflow_sanity_check to None, run_after=None
[2026-06-16T09:55:54.271+0000] {processor.py:208} INFO - Processing /opt/airflow/dags/sanity_checks.py took 0.165 seconds
[2026-06-16T09:56:24.610+0000] {processor.py:186} INFO - Started process (PID=1156) to work on /opt/airflow/dags/sanity_checks.py
[2026-06-16T09:56:24.612+0000] {processor.py:914} INFO - Processing file /opt/airflow/dags/sanity_checks.py for tasks to queue
[2026-06-16T09:56:24.615+0000] {logging_mixin.py:190} INFO - [2026-06-16T09:56:24.615+0000] {dagbag.py:587} INFO - Filling up the DagBag from /opt/airflow/dags/sanity_checks.py
[2026-06-16T09:56:24.632+0000] {processor.py:925} INFO - DAG(s) 'airflow_sanity_check' retrieved from /opt/airflow/dags/sanity_checks.py
[2026-06-16T09:56:24.701+0000] {logging_mixin.py:190} INFO - [2026-06-16T09:56:24.701+0000] {dag.py:3211} INFO - Sync 1 DAGs
[2026-06-16T09:56:24.725+0000] {logging_mixin.py:190} INFO - [2026-06-16T09:56:24.724+0000] {dag.py:4138} INFO - Setting next_dagrun for airflow_sanity_check to None, run_after=None
[2026-06-16T09:56:24.753+0000] {processor.py:208} INFO - Processing /opt/airflow/dags/sanity_checks.py took 0.154 seconds
[2026-06-16T09:56:55.085+0000] {processor.py:186} INFO - Started process (PID=1166) to work on /opt/airflow/dags/sanity_checks.py
[2026-06-16T09:56:55.087+0000] {processor.py:914} INFO - Processing file /opt/airflow/dags/sanity_checks.py for tasks to queue
[2026-06-16T09:56:55.090+0000] {logging_mixin.py:190} INFO - [2026-06-16T09:56:55.089+0000] {dagbag.py:587} INFO - Filling up the DagBag from /opt/airflow/dags/sanity_checks.py
[2026-06-16T09:56:55.107+0000] {processor.py:925} INFO - DAG(s) 'airflow_sanity_check' retrieved from /opt/airflow/dags/sanity_checks.py
[2026-06-16T09:56:55.151+0000] {logging_mixin.py:190} INFO - [2026-06-16T09:56:55.151+0000] {dag.py:3211} INFO - Sync 1 DAGs
[2026-06-16T09:56:55.183+0000] {logging_mixin.py:190} INFO - [2026-06-16T09:56:55.183+0000] {dag.py:4138} INFO - Setting next_dagrun for airflow_sanity_check to None, run_after=None
[2026-06-16T09:56:55.222+0000] {processor.py:208} INFO - Processing /opt/airflow/dags/sanity_checks.py took 0.147 seconds
[2026-06-16T09:57:25.544+0000] {processor.py:186} INFO - Started process (PID=1176) to work on /opt/airflow/dags/sanity_checks.py
[2026-06-16T09:57:25.545+0000] {processor.py:914} INFO - Processing file /opt/airflow/dags/sanity_checks.py for tasks to queue
[2026-06-16T09:57:25.549+0000] {logging_mixin.py:190} INFO - [2026-06-16T09:57:25.549+0000] {dagbag.py:587} INFO - Filling up the DagBag from /opt/airflow/dags/sanity_checks.py
[2026-06-16T09:57:25.564+0000] {processor.py:925} INFO - DAG(s) 'airflow_sanity_check' retrieved from /opt/airflow/dags/sanity_checks.py
[2026-06-16T09:57:25.606+0000] {logging_mixin.py:190} INFO - [2026-06-16T09:57:25.605+0000] {dag.py:3211} INFO - Sync 1 DAGs
[2026-06-16T09:57:25.627+0000] {logging_mixin.py:190} INFO - [2026-06-16T09:57:25.627+0000] {dag.py:4138} INFO - Setting next_dagrun for airflow_sanity_check to None, run_after=None
[2026-06-16T09:57:25.655+0000] {processor.py:208} INFO - Processing /opt/airflow/dags/sanity_checks.py took 0.120 seconds
[2026-06-16T09:57:55.980+0000] {processor.py:186} INFO - Started process (PID=1186) to work on /opt/airflow/dags/sanity_checks.py
[2026-06-16T09:57:55.982+0000] {processor.py:914} INFO - Processing file /opt/airflow/dags/sanity_checks.py for tasks to queue
[2026-06-16T09:57:55.985+0000] {logging_mixin.py:190} INFO - [2026-06-16T09:57:55.985+0000] {dagbag.py:587} INFO - Filling up the DagBag from /opt/airflow/dags/sanity_checks.py
[2026-06-16T09:57:56.002+0000] {processor.py:925} INFO - DAG(s) 'airflow_sanity_check' retrieved from /opt/airflow/dags/sanity_checks.py
[2026-06-16T09:57:56.047+0000] {logging_mixin.py:190} INFO - [2026-06-16T09:57:56.046+0000] {dag.py:3211} INFO - Sync 1 DAGs
[2026-06-16T09:57:56.070+0000] {logging_mixin.py:190} INFO - [2026-06-16T09:57:56.070+0000] {dag.py:4138} INFO - Setting next_dagrun for airflow_sanity_check to None, run_after=None
[2026-06-16T09:57:56.099+0000] {processor.py:208} INFO - Processing /opt/airflow/dags/sanity_checks.py took 0.129 seconds
[2026-06-16T09:58:26.423+0000] {processor.py:186} INFO - Started process (PID=1196) to work on /opt/airflow/dags/sanity_checks.py
[2026-06-16T09:58:26.425+0000] {processor.py:914} INFO - Processing file /opt/airflow/dags/sanity_checks.py for tasks to queue
[2026-06-16T09:58:26.430+0000] {logging_mixin.py:190} INFO - [2026-06-16T09:58:26.430+0000] {dagbag.py:587} INFO - Filling up the DagBag from /opt/airflow/dags/sanity_checks.py
[2026-06-16T09:58:26.449+0000] {processor.py:925} INFO - DAG(s) 'airflow_sanity_check' retrieved from /opt/airflow/dags/sanity_checks.py
[2026-06-16T09:58:26.513+0000] {logging_mixin.py:190} INFO - [2026-06-16T09:58:26.513+0000] {dag.py:3211} INFO - Sync 1 DAGs
[2026-06-16T09:58:26.546+0000] {logging_mixin.py:190} INFO - [2026-06-16T09:58:26.545+0000] {dag.py:4138} INFO - Setting next_dagrun for airflow_sanity_check to None, run_after=None
[2026-06-16T09:58:26.577+0000] {processor.py:208} INFO - Processing /opt/airflow/dags/sanity_checks.py took 0.164 seconds
[2026-06-16T09:58:56.965+0000] {processor.py:186} INFO - Started process (PID=1206) to work on /opt/airflow/dags/sanity_checks.py
[2026-06-16T09:58:56.967+0000] {processor.py:914} INFO - Processing file /opt/airflow/dags/sanity_checks.py for tasks to queue
[2026-06-16T09:58:56.970+0000] {logging_mixin.py:190} INFO - [2026-06-16T09:58:56.970+0000] {dagbag.py:587} INFO - Filling up the DagBag from /opt/airflow/dags/sanity_checks.py
[2026-06-16T09:58:56.987+0000] {processor.py:925} INFO - DAG(s) 'airflow_sanity_check' retrieved from /opt/airflow/dags/sanity_checks.py
[2026-06-16T09:58:57.035+0000] {logging_mixin.py:190} INFO - [2026-06-16T09:58:57.035+0000] {dag.py:3211} INFO - Sync 1 DAGs
[2026-06-16T09:58:57.057+0000] {logging_mixin.py:190} INFO - [2026-06-16T09:58:57.057+0000] {dag.py:4138} INFO - Setting next_dagrun for airflow_sanity_check to None, run_after=None
[2026-06-16T09:58:57.085+0000] {processor.py:208} INFO - Processing /opt/airflow/dags/sanity_checks.py took 0.133 seconds
[2026-06-16T09:59:27.505+0000] {processor.py:186} INFO - Started process (PID=1216) to work on /opt/airflow/dags/sanity_checks.py
[2026-06-16T09:59:27.507+0000] {processor.py:914} INFO - Processing file /opt/airflow/dags/sanity_checks.py for tasks to queue
[2026-06-16T09:59:27.510+0000] {logging_mixin.py:190} INFO - [2026-06-16T09:59:27.509+0000] {dagbag.py:587} INFO - Filling up the DagBag from /opt/airflow/dags/sanity_checks.py
[2026-06-16T09:59:27.525+0000] {processor.py:925} INFO - DAG(s) 'airflow_sanity_check' retrieved from /opt/airflow/dags/sanity_checks.py
[2026-06-16T09:59:27.570+0000] {logging_mixin.py:190} INFO - [2026-06-16T09:59:27.569+0000] {dag.py:3211} INFO - Sync 1 DAGs
[2026-06-16T09:59:27.591+0000] {logging_mixin.py:190} INFO - [2026-06-16T09:59:27.590+0000] {dag.py:4138} INFO - Setting next_dagrun for airflow_sanity_check to None, run_after=None
[2026-06-16T09:59:27.618+0000] {processor.py:208} INFO - Processing /opt/airflow/dags/sanity_checks.py took 0.122 seconds
[2026-06-16T09:59:57.947+0000] {processor.py:186} INFO - Started process (PID=1226) to work on /opt/airflow/dags/sanity_checks.py
[2026-06-16T09:59:57.948+0000] {processor.py:914} INFO - Processing file /opt/airflow/dags/sanity_checks.py for tasks to queue
[2026-06-16T09:59:57.951+0000] {logging_mixin.py:190} INFO - [2026-06-16T09:59:57.951+0000] {dagbag.py:587} INFO - Filling up the DagBag from /opt/airflow/dags/sanity_checks.py
[2026-06-16T09:59:57.967+0000] {processor.py:925} INFO - DAG(s) 'airflow_sanity_check' retrieved from /opt/airflow/dags/sanity_checks.py
[2026-06-16T09:59:58.015+0000] {logging_mixin.py:190} INFO - [2026-06-16T09:59:58.015+0000] {dag.py:3211} INFO - Sync 1 DAGs
[2026-06-16T09:59:58.037+0000] {logging_mixin.py:190} INFO - [2026-06-16T09:59:58.036+0000] {dag.py:4138} INFO - Setting next_dagrun for airflow_sanity_check to None, run_after=None
[2026-06-16T09:59:58.068+0000] {processor.py:208} INFO - Processing /opt/airflow/dags/sanity_checks.py took 0.131 seconds
[2026-06-16T10:00:28.408+0000] {processor.py:186} INFO - Started process (PID=1236) to work on /opt/airflow/dags/sanity_checks.py
[2026-06-16T10:00:28.410+0000] {processor.py:914} INFO - Processing file /opt/airflow/dags/sanity_checks.py for tasks to queue
[2026-06-16T10:00:28.414+0000] {logging_mixin.py:190} INFO - [2026-06-16T10:00:28.413+0000] {dagbag.py:587} INFO - Filling up the DagBag from /opt/airflow/dags/sanity_checks.py
[2026-06-16T10:00:28.428+0000] {processor.py:925} INFO - DAG(s) 'airflow_sanity_check' retrieved from /opt/airflow/dags/sanity_checks.py
[2026-06-16T10:00:28.469+0000] {logging_mixin.py:190} INFO - [2026-06-16T10:00:28.469+0000] {dag.py:3211} INFO - Sync 1 DAGs
[2026-06-16T10:00:28.491+0000] {logging_mixin.py:190} INFO - [2026-06-16T10:00:28.491+0000] {dag.py:4138} INFO - Setting next_dagrun for airflow_sanity_check to None, run_after=None
[2026-06-16T10:00:28.518+0000] {processor.py:208} INFO - Processing /opt/airflow/dags/sanity_checks.py took 0.119 seconds
[2026-06-16T10:00:58.854+0000] {processor.py:186} INFO - Started process (PID=1246) to work on /opt/airflow/dags/sanity_checks.py
[2026-06-16T10:00:58.856+0000] {processor.py:914} INFO - Processing file /opt/airflow/dags/sanity_checks.py for tasks to queue
[2026-06-16T10:00:58.860+0000] {logging_mixin.py:190} INFO - [2026-06-16T10:00:58.859+0000] {dagbag.py:587} INFO - Filling up the DagBag from /opt/airflow/dags/sanity_checks.py
[2026-06-16T10:00:58.876+0000] {processor.py:925} INFO - DAG(s) 'airflow_sanity_check' retrieved from /opt/airflow/dags/sanity_checks.py
[2026-06-16T10:00:58.919+0000] {logging_mixin.py:190} INFO - [2026-06-16T10:00:58.919+0000] {dag.py:3211} INFO - Sync 1 DAGs
[2026-06-16T10:00:58.942+0000] {logging_mixin.py:190} INFO - [2026-06-16T10:00:58.941+0000] {dag.py:4138} INFO - Setting next_dagrun for airflow_sanity_check to None, run_after=None
[2026-06-16T10:00:58.969+0000] {processor.py:208} INFO - Processing /opt/airflow/dags/sanity_checks.py took 0.125 seconds
[2026-06-16T10:01:29.301+0000] {processor.py:186} INFO - Started process (PID=1256) to work on /opt/airflow/dags/sanity_checks.py
[2026-06-16T10:01:29.303+0000] {processor.py:914} INFO - Processing file /opt/airflow/dags/sanity_checks.py for tasks to queue
[2026-06-16T10:01:29.307+0000] {logging_mixin.py:190} INFO - [2026-06-16T10:01:29.307+0000] {dagbag.py:587} INFO - Filling up the DagBag from /opt/airflow/dags/sanity_checks.py
[2026-06-16T10:01:29.324+0000] {processor.py:925} INFO - DAG(s) 'airflow_sanity_check' retrieved from /opt/airflow/dags/sanity_checks.py
[2026-06-16T10:01:29.369+0000] {logging_mixin.py:190} INFO - [2026-06-16T10:01:29.369+0000] {dag.py:3211} INFO - Sync 1 DAGs
[2026-06-16T10:01:29.392+0000] {logging_mixin.py:190} INFO - [2026-06-16T10:01:29.392+0000] {dag.py:4138} INFO - Setting next_dagrun for airflow_sanity_check to None, run_after=None
[2026-06-16T10:01:29.419+0000] {processor.py:208} INFO - Processing /opt/airflow/dags/sanity_checks.py took 0.127 seconds
[2026-06-16T10:01:59.756+0000] {processor.py:186} INFO - Started process (PID=1266) to work on /opt/airflow/dags/sanity_checks.py
[2026-06-16T10:01:59.757+0000] {processor.py:914} INFO - Processing file /opt/airflow/dags/sanity_checks.py for tasks to queue
[2026-06-16T10:01:59.763+0000] {logging_mixin.py:190} INFO - [2026-06-16T10:01:59.762+0000] {dagbag.py:587} INFO - Filling up the DagBag from /opt/airflow/dags/sanity_checks.py
[2026-06-16T10:01:59.783+0000] {processor.py:925} INFO - DAG(s) 'airflow_sanity_check' retrieved from /opt/airflow/dags/sanity_checks.py
[2026-06-16T10:01:59.826+0000] {logging_mixin.py:190} INFO - [2026-06-16T10:01:59.826+0000] {dag.py:3211} INFO - Sync 1 DAGs
[2026-06-16T10:01:59.856+0000] {logging_mixin.py:190} INFO - [2026-06-16T10:01:59.856+0000] {dag.py:4138} INFO - Setting next_dagrun for airflow_sanity_check to None, run_after=None
[2026-06-16T10:01:59.881+0000] {processor.py:208} INFO - Processing /opt/airflow/dags/sanity_checks.py took 0.143 seconds
[2026-06-16T10:02:30.235+0000] {processor.py:186} INFO - Started process (PID=1276) to work on /opt/airflow/dags/sanity_checks.py
[2026-06-16T10:02:30.237+0000] {processor.py:914} INFO - Processing file /opt/airflow/dags/sanity_checks.py for tasks to queue
[2026-06-16T10:02:30.240+0000] {logging_mixin.py:190} INFO - [2026-06-16T10:02:30.240+0000] {dagbag.py:587} INFO - Filling up the DagBag from /opt/airflow/dags/sanity_checks.py
[2026-06-16T10:02:30.259+0000] {processor.py:925} INFO - DAG(s) 'airflow_sanity_check' retrieved from /opt/airflow/dags/sanity_checks.py
[2026-06-16T10:02:30.305+0000] {logging_mixin.py:190} INFO - [2026-06-16T10:02:30.305+0000] {dag.py:3211} INFO - Sync 1 DAGs
[2026-06-16T10:02:30.328+0000] {logging_mixin.py:190} INFO - [2026-06-16T10:02:30.328+0000] {dag.py:4138} INFO - Setting next_dagrun for airflow_sanity_check to None, run_after=None
[2026-06-16T10:02:30.361+0000] {processor.py:208} INFO - Processing /opt/airflow/dags/sanity_checks.py took 0.137 seconds
[2026-06-16T10:03:00.741+0000] {processor.py:186} INFO - Started process (PID=1286) to work on /opt/airflow/dags/sanity_checks.py
[2026-06-16T10:03:00.743+0000] {processor.py:914} INFO - Processing file /opt/airflow/dags/sanity_checks.py for tasks to queue
[2026-06-16T10:03:00.746+0000] {logging_mixin.py:190} INFO - [2026-06-16T10:03:00.745+0000] {dagbag.py:587} INFO - Filling up the DagBag from /opt/airflow/dags/sanity_checks.py
[2026-06-16T10:03:00.762+0000] {processor.py:925} INFO - DAG(s) 'airflow_sanity_check' retrieved from /opt/airflow/dags/sanity_checks.py
[2026-06-16T10:03:00.809+0000] {logging_mixin.py:190} INFO - [2026-06-16T10:03:00.809+0000] {dag.py:3211} INFO - Sync 1 DAGs
[2026-06-16T10:03:00.833+0000] {logging_mixin.py:190} INFO - [2026-06-16T10:03:00.833+0000] {dag.py:4138} INFO - Setting next_dagrun for airflow_sanity_check to None, run_after=None
[2026-06-16T10:03:00.863+0000] {processor.py:208} INFO - Processing /opt/airflow/dags/sanity_checks.py took 0.132 seconds
[2026-06-16T10:03:31.182+0000] {processor.py:186} INFO - Started process (PID=1296) to work on /opt/airflow/dags/sanity_checks.py
[2026-06-16T10:03:31.183+0000] {processor.py:914} INFO - Processing file /opt/airflow/dags/sanity_checks.py for tasks to queue
[2026-06-16T10:03:31.187+0000] {logging_mixin.py:190} INFO - [2026-06-16T10:03:31.186+0000] {dagbag.py:587} INFO - Filling up the DagBag from /opt/airflow/dags/sanity_checks.py
[2026-06-16T10:03:31.203+0000] {processor.py:925} INFO - DAG(s) 'airflow_sanity_check' retrieved from /opt/airflow/dags/sanity_checks.py
[2026-06-16T10:03:31.249+0000] {logging_mixin.py:190} INFO - [2026-06-16T10:03:31.249+0000] {dag.py:3211} INFO - Sync 1 DAGs
[2026-06-16T10:03:31.351+0000] {logging_mixin.py:190} INFO - [2026-06-16T10:03:31.350+0000] {dag.py:4138} INFO - Setting next_dagrun for airflow_sanity_check to None, run_after=None
[2026-06-16T10:03:31.439+0000] {processor.py:208} INFO - Processing /opt/airflow/dags/sanity_checks.py took 0.268 seconds
[2026-06-16T10:04:01.790+0000] {processor.py:186} INFO - Started process (PID=1306) to work on /opt/airflow/dags/sanity_checks.py
[2026-06-16T10:04:01.805+0000] {processor.py:914} INFO - Processing file /opt/airflow/dags/sanity_checks.py for tasks to queue
[2026-06-16T10:04:01.819+0000] {logging_mixin.py:190} INFO - [2026-06-16T10:04:01.818+0000] {dagbag.py:587} INFO - Filling up the DagBag from /opt/airflow/dags/sanity_checks.py
[2026-06-16T10:04:01.836+0000] {processor.py:925} INFO - DAG(s) 'airflow_sanity_check' retrieved from /opt/airflow/dags/sanity_checks.py
[2026-06-16T10:04:01.884+0000] {logging_mixin.py:190} INFO - [2026-06-16T10:04:01.883+0000] {dag.py:3211} INFO - Sync 1 DAGs
[2026-06-16T10:04:01.906+0000] {logging_mixin.py:190} INFO - [2026-06-16T10:04:01.906+0000] {dag.py:4138} INFO - Setting next_dagrun for airflow_sanity_check to None, run_after=None
[2026-06-16T10:04:01.935+0000] {processor.py:208} INFO - Processing /opt/airflow/dags/sanity_checks.py took 0.154 seconds
[2026-06-16T10:04:32.268+0000] {processor.py:186} INFO - Started process (PID=1316) to work on /opt/airflow/dags/sanity_checks.py
[2026-06-16T10:04:32.269+0000] {processor.py:914} INFO - Processing file /opt/airflow/dags/sanity_checks.py for tasks to queue
[2026-06-16T10:04:32.273+0000] {logging_mixin.py:190} INFO - [2026-06-16T10:04:32.273+0000] {dagbag.py:587} INFO - Filling up the DagBag from /opt/airflow/dags/sanity_checks.py
[2026-06-16T10:04:32.289+0000] {processor.py:925} INFO - DAG(s) 'airflow_sanity_check' retrieved from /opt/airflow/dags/sanity_checks.py
[2026-06-16T10:04:32.332+0000] {logging_mixin.py:190} INFO - [2026-06-16T10:04:32.331+0000] {dag.py:3211} INFO - Sync 1 DAGs
[2026-06-16T10:04:32.354+0000] {logging_mixin.py:190} INFO - [2026-06-16T10:04:32.353+0000] {dag.py:4138} INFO - Setting next_dagrun for airflow_sanity_check to None, run_after=None
[2026-06-16T10:04:32.381+0000] {processor.py:208} INFO - Processing /opt/airflow/dags/sanity_checks.py took 0.123 seconds
[2026-06-16T10:05:02.723+0000] {processor.py:186} INFO - Started process (PID=1326) to work on /opt/airflow/dags/sanity_checks.py
[2026-06-16T10:05:02.725+0000] {processor.py:914} INFO - Processing file /opt/airflow/dags/sanity_checks.py for tasks to queue
[2026-06-16T10:05:02.728+0000] {logging_mixin.py:190} INFO - [2026-06-16T10:05:02.728+0000] {dagbag.py:587} INFO - Filling up the DagBag from /opt/airflow/dags/sanity_checks.py
[2026-06-16T10:05:02.749+0000] {processor.py:925} INFO - DAG(s) 'airflow_sanity_check' retrieved from /opt/airflow/dags/sanity_checks.py
[2026-06-16T10:05:02.797+0000] {logging_mixin.py:190} INFO - [2026-06-16T10:05:02.796+0000] {dag.py:3211} INFO - Sync 1 DAGs
[2026-06-16T10:05:02.821+0000] {logging_mixin.py:190} INFO - [2026-06-16T10:05:02.820+0000] {dag.py:4138} INFO - Setting next_dagrun for airflow_sanity_check to None, run_after=None
[2026-06-16T10:05:02.850+0000] {processor.py:208} INFO - Processing /opt/airflow/dags/sanity_checks.py took 0.138 seconds
[2026-06-16T10:05:33.197+0000] {processor.py:186} INFO - Started process (PID=1336) to work on /opt/airflow/dags/sanity_checks.py
[2026-06-16T10:05:33.199+0000] {processor.py:914} INFO - Processing file /opt/airflow/dags/sanity_checks.py for tasks to queue
[2026-06-16T10:05:33.202+0000] {logging_mixin.py:190} INFO - [2026-06-16T10:05:33.201+0000] {dagbag.py:587} INFO - Filling up the DagBag from /opt/airflow/dags/sanity_checks.py
[2026-06-16T10:05:33.219+0000] {processor.py:925} INFO - DAG(s) 'airflow_sanity_check' retrieved from /opt/airflow/dags/sanity_checks.py
[2026-06-16T10:05:33.278+0000] {logging_mixin.py:190} INFO - [2026-06-16T10:05:33.277+0000] {dag.py:3211} INFO - Sync 1 DAGs
[2026-06-16T10:05:33.305+0000] {logging_mixin.py:190} INFO - [2026-06-16T10:05:33.305+0000] {dag.py:4138} INFO - Setting next_dagrun for airflow_sanity_check to None, run_after=None
[2026-06-16T10:05:33.334+0000] {processor.py:208} INFO - Processing /opt/airflow/dags/sanity_checks.py took 0.151 seconds
[2026-06-16T10:06:03.701+0000] {processor.py:186} INFO - Started process (PID=1346) to work on /opt/airflow/dags/sanity_checks.py
[2026-06-16T10:06:03.703+0000] {processor.py:914} INFO - Processing file /opt/airflow/dags/sanity_checks.py for tasks to queue
[2026-06-16T10:06:03.706+0000] {logging_mixin.py:190} INFO - [2026-06-16T10:06:03.706+0000] {dagbag.py:587} INFO - Filling up the DagBag from /opt/airflow/dags/sanity_checks.py
[2026-06-16T10:06:03.722+0000] {processor.py:925} INFO - DAG(s) 'airflow_sanity_check' retrieved from /opt/airflow/dags/sanity_checks.py
[2026-06-16T10:06:03.768+0000] {logging_mixin.py:190} INFO - [2026-06-16T10:06:03.768+0000] {dag.py:3211} INFO - Sync 1 DAGs
[2026-06-16T10:06:03.790+0000] {logging_mixin.py:190} INFO - [2026-06-16T10:06:03.790+0000] {dag.py:4138} INFO - Setting next_dagrun for airflow_sanity_check to None, run_after=None
[2026-06-16T10:06:03.818+0000] {processor.py:208} INFO - Processing /opt/airflow/dags/sanity_checks.py took 0.127 seconds
[2026-06-16T10:06:34.164+0000] {processor.py:186} INFO - Started process (PID=1356) to work on /opt/airflow/dags/sanity_checks.py
[2026-06-16T10:06:34.166+0000] {processor.py:914} INFO - Processing file /opt/airflow/dags/sanity_checks.py for tasks to queue
[2026-06-16T10:06:34.170+0000] {logging_mixin.py:190} INFO - [2026-06-16T10:06:34.169+0000] {dagbag.py:587} INFO - Filling up the DagBag from /opt/airflow/dags/sanity_checks.py
[2026-06-16T10:06:34.189+0000] {processor.py:925} INFO - DAG(s) 'airflow_sanity_check' retrieved from /opt/airflow/dags/sanity_checks.py
[2026-06-16T10:06:34.244+0000] {logging_mixin.py:190} INFO - [2026-06-16T10:06:34.243+0000] {dag.py:3211} INFO - Sync 1 DAGs
[2026-06-16T10:06:34.268+0000] {logging_mixin.py:190} INFO - [2026-06-16T10:06:34.267+0000] {dag.py:4138} INFO - Setting next_dagrun for airflow_sanity_check to None, run_after=None
[2026-06-16T10:06:34.300+0000] {processor.py:208} INFO - Processing /opt/airflow/dags/sanity_checks.py took 0.148 seconds
[2026-06-16T10:07:04.665+0000] {processor.py:186} INFO - Started process (PID=1366) to work on /opt/airflow/dags/sanity_checks.py
[2026-06-16T10:07:04.667+0000] {processor.py:914} INFO - Processing file /opt/airflow/dags/sanity_checks.py for tasks to queue
[2026-06-16T10:07:04.675+0000] {logging_mixin.py:190} INFO - [2026-06-16T10:07:04.673+0000] {dagbag.py:587} INFO - Filling up the DagBag from /opt/airflow/dags/sanity_checks.py
[2026-06-16T10:07:04.739+0000] {processor.py:925} INFO - DAG(s) 'airflow_sanity_check' retrieved from /opt/airflow/dags/sanity_checks.py
[2026-06-16T10:07:04.836+0000] {logging_mixin.py:190} INFO - [2026-06-16T10:07:04.835+0000] {dag.py:3211} INFO - Sync 1 DAGs
[2026-06-16T10:07:04.915+0000] {logging_mixin.py:190} INFO - [2026-06-16T10:07:04.914+0000] {dag.py:4138} INFO - Setting next_dagrun for airflow_sanity_check to None, run_after=None
[2026-06-16T10:07:04.989+0000] {processor.py:208} INFO - Processing /opt/airflow/dags/sanity_checks.py took 0.344 seconds
[2026-06-16T10:07:35.361+0000] {processor.py:186} INFO - Started process (PID=1376) to work on /opt/airflow/dags/sanity_checks.py
[2026-06-16T10:07:35.362+0000] {processor.py:914} INFO - Processing file /opt/airflow/dags/sanity_checks.py for tasks to queue
[2026-06-16T10:07:35.367+0000] {logging_mixin.py:190} INFO - [2026-06-16T10:07:35.366+0000] {dagbag.py:587} INFO - Filling up the DagBag from /opt/airflow/dags/sanity_checks.py
[2026-06-16T10:07:35.385+0000] {processor.py:925} INFO - DAG(s) 'airflow_sanity_check' retrieved from /opt/airflow/dags/sanity_checks.py
[2026-06-16T10:07:35.428+0000] {logging_mixin.py:190} INFO - [2026-06-16T10:07:35.428+0000] {dag.py:3211} INFO - Sync 1 DAGs
[2026-06-16T10:07:35.450+0000] {logging_mixin.py:190} INFO - [2026-06-16T10:07:35.450+0000] {dag.py:4138} INFO - Setting next_dagrun for airflow_sanity_check to None, run_after=None
[2026-06-16T10:07:35.476+0000] {processor.py:208} INFO - Processing /opt/airflow/dags/sanity_checks.py took 0.125 seconds
[2026-06-16T10:08:05.780+0000] {processor.py:186} INFO - Started process (PID=1386) to work on /opt/airflow/dags/sanity_checks.py
[2026-06-16T10:08:05.782+0000] {processor.py:914} INFO - Processing file /opt/airflow/dags/sanity_checks.py for tasks to queue
[2026-06-16T10:08:05.786+0000] {logging_mixin.py:190} INFO - [2026-06-16T10:08:05.786+0000] {dagbag.py:587} INFO - Filling up the DagBag from /opt/airflow/dags/sanity_checks.py
[2026-06-16T10:08:05.801+0000] {processor.py:925} INFO - DAG(s) 'airflow_sanity_check' retrieved from /opt/airflow/dags/sanity_checks.py
[2026-06-16T10:08:05.961+0000] {logging_mixin.py:190} INFO - [2026-06-16T10:08:05.960+0000] {dag.py:3211} INFO - Sync 1 DAGs
[2026-06-16T10:08:06.011+0000] {logging_mixin.py:190} INFO - [2026-06-16T10:08:06.010+0000] {dag.py:4138} INFO - Setting next_dagrun for airflow_sanity_check to None, run_after=None
[2026-06-16T10:08:06.082+0000] {processor.py:208} INFO - Processing /opt/airflow/dags/sanity_checks.py took 0.310 seconds
[2026-06-16T10:08:36.624+0000] {processor.py:186} INFO - Started process (PID=1396) to work on /opt/airflow/dags/sanity_checks.py
[2026-06-16T10:08:36.625+0000] {processor.py:914} INFO - Processing file /opt/airflow/dags/sanity_checks.py for tasks to queue
[2026-06-16T10:08:36.629+0000] {logging_mixin.py:190} INFO - [2026-06-16T10:08:36.628+0000] {dagbag.py:587} INFO - Filling up the DagBag from /opt/airflow/dags/sanity_checks.py
[2026-06-16T10:08:36.646+0000] {processor.py:925} INFO - DAG(s) 'airflow_sanity_check' retrieved from /opt/airflow/dags/sanity_checks.py
[2026-06-16T10:08:36.689+0000] {logging_mixin.py:190} INFO - [2026-06-16T10:08:36.688+0000] {dag.py:3211} INFO - Sync 1 DAGs
[2026-06-16T10:08:36.711+0000] {logging_mixin.py:190} INFO - [2026-06-16T10:08:36.710+0000] {dag.py:4138} INFO - Setting next_dagrun for airflow_sanity_check to None, run_after=None
[2026-06-16T10:08:36.739+0000] {processor.py:208} INFO - Processing /opt/airflow/dags/sanity_checks.py took 0.125 seconds
[2026-06-16T10:09:07.118+0000] {processor.py:186} INFO - Started process (PID=1406) to work on /opt/airflow/dags/sanity_checks.py
[2026-06-16T10:09:07.121+0000] {processor.py:914} INFO - Processing file /opt/airflow/dags/sanity_checks.py for tasks to queue
[2026-06-16T10:09:07.128+0000] {logging_mixin.py:190} INFO - [2026-06-16T10:09:07.127+0000] {dagbag.py:587} INFO - Filling up the DagBag from /opt/airflow/dags/sanity_checks.py
[2026-06-16T10:09:07.174+0000] {processor.py:925} INFO - DAG(s) 'airflow_sanity_check' retrieved from /opt/airflow/dags/sanity_checks.py
[2026-06-16T10:09:07.258+0000] {logging_mixin.py:190} INFO - [2026-06-16T10:09:07.258+0000] {dag.py:3211} INFO - Sync 1 DAGs
[2026-06-16T10:09:07.296+0000] {logging_mixin.py:190} INFO - [2026-06-16T10:09:07.295+0000] {dag.py:4138} INFO - Setting next_dagrun for airflow_sanity_check to None, run_after=None
[2026-06-16T10:09:07.365+0000] {processor.py:208} INFO - Processing /opt/airflow/dags/sanity_checks.py took 0.266 seconds
[2026-06-16T10:09:37.691+0000] {processor.py:186} INFO - Started process (PID=1416) to work on /opt/airflow/dags/sanity_checks.py
[2026-06-16T10:09:37.693+0000] {processor.py:914} INFO - Processing file /opt/airflow/dags/sanity_checks.py for tasks to queue
[2026-06-16T10:09:37.697+0000] {logging_mixin.py:190} INFO - [2026-06-16T10:09:37.697+0000] {dagbag.py:587} INFO - Filling up the DagBag from /opt/airflow/dags/sanity_checks.py
[2026-06-16T10:09:37.713+0000] {processor.py:925} INFO - DAG(s) 'airflow_sanity_check' retrieved from /opt/airflow/dags/sanity_checks.py
[2026-06-16T10:09:37.760+0000] {logging_mixin.py:190} INFO - [2026-06-16T10:09:37.760+0000] {dag.py:3211} INFO - Sync 1 DAGs
[2026-06-16T10:09:37.783+0000] {logging_mixin.py:190} INFO - [2026-06-16T10:09:37.783+0000] {dag.py:4138} INFO - Setting next_dagrun for airflow_sanity_check to None, run_after=None
[2026-06-16T10:09:37.814+0000] {processor.py:208} INFO - Processing /opt/airflow/dags/sanity_checks.py took 0.133 seconds
[2026-06-16T10:10:08.133+0000] {processor.py:186} INFO - Started process (PID=1426) to work on /opt/airflow/dags/sanity_checks.py
[2026-06-16T10:10:08.134+0000] {processor.py:914} INFO - Processing file /opt/airflow/dags/sanity_checks.py for tasks to queue
[2026-06-16T10:10:08.138+0000] {logging_mixin.py:190} INFO - [2026-06-16T10:10:08.138+0000] {dagbag.py:587} INFO - Filling up the DagBag from /opt/airflow/dags/sanity_checks.py
[2026-06-16T10:10:08.154+0000] {processor.py:925} INFO - DAG(s) 'airflow_sanity_check' retrieved from /opt/airflow/dags/sanity_checks.py
[2026-06-16T10:10:08.196+0000] {logging_mixin.py:190} INFO - [2026-06-16T10:10:08.195+0000] {dag.py:3211} INFO - Sync 1 DAGs
[2026-06-16T10:10:08.220+0000] {logging_mixin.py:190} INFO - [2026-06-16T10:10:08.219+0000] {dag.py:4138} INFO - Setting next_dagrun for airflow_sanity_check to None, run_after=None
[2026-06-16T10:10:08.247+0000] {processor.py:208} INFO - Processing /opt/airflow/dags/sanity_checks.py took 0.123 seconds
[2026-06-16T10:10:38.575+0000] {processor.py:186} INFO - Started process (PID=1436) to work on /opt/airflow/dags/sanity_checks.py
[2026-06-16T10:10:38.576+0000] {processor.py:914} INFO - Processing file /opt/airflow/dags/sanity_checks.py for tasks to queue
[2026-06-16T10:10:38.580+0000] {logging_mixin.py:190} INFO - [2026-06-16T10:10:38.580+0000] {dagbag.py:587} INFO - Filling up the DagBag from /opt/airflow/dags/sanity_checks.py
[2026-06-16T10:10:38.595+0000] {processor.py:925} INFO - DAG(s) 'airflow_sanity_check' retrieved from /opt/airflow/dags/sanity_checks.py
[2026-06-16T10:10:38.636+0000] {logging_mixin.py:190} INFO - [2026-06-16T10:10:38.636+0000] {dag.py:3211} INFO - Sync 1 DAGs
[2026-06-16T10:10:38.657+0000] {logging_mixin.py:190} INFO - [2026-06-16T10:10:38.657+0000] {dag.py:4138} INFO - Setting next_dagrun for airflow_sanity_check to None, run_after=None
[2026-06-16T10:10:38.685+0000] {processor.py:208} INFO - Processing /opt/airflow/dags/sanity_checks.py took 0.118 seconds
[2026-06-16T10:11:09.010+0000] {processor.py:186} INFO - Started process (PID=1446) to work on /opt/airflow/dags/sanity_checks.py
[2026-06-16T10:11:09.012+0000] {processor.py:914} INFO - Processing file /opt/airflow/dags/sanity_checks.py for tasks to queue
[2026-06-16T10:11:09.015+0000] {logging_mixin.py:190} INFO - [2026-06-16T10:11:09.015+0000] {dagbag.py:587} INFO - Filling up the DagBag from /opt/airflow/dags/sanity_checks.py
[2026-06-16T10:11:09.030+0000] {processor.py:925} INFO - DAG(s) 'airflow_sanity_check' retrieved from /opt/airflow/dags/sanity_checks.py
[2026-06-16T10:11:09.071+0000] {logging_mixin.py:190} INFO - [2026-06-16T10:11:09.070+0000] {dag.py:3211} INFO - Sync 1 DAGs
[2026-06-16T10:11:09.094+0000] {logging_mixin.py:190} INFO - [2026-06-16T10:11:09.094+0000] {dag.py:4138} INFO - Setting next_dagrun for airflow_sanity_check to None, run_after=None
[2026-06-16T10:11:09.120+0000] {processor.py:208} INFO - Processing /opt/airflow/dags/sanity_checks.py took 0.120 seconds
[2026-06-16T10:11:39.453+0000] {processor.py:186} INFO - Started process (PID=1456) to work on /opt/airflow/dags/sanity_checks.py
[2026-06-16T10:11:39.454+0000] {processor.py:914} INFO - Processing file /opt/airflow/dags/sanity_checks.py for tasks to queue
[2026-06-16T10:11:39.457+0000] {logging_mixin.py:190} INFO - [2026-06-16T10:11:39.457+0000] {dagbag.py:587} INFO - Filling up the DagBag from /opt/airflow/dags/sanity_checks.py
[2026-06-16T10:11:39.473+0000] {processor.py:925} INFO - DAG(s) 'airflow_sanity_check' retrieved from /opt/airflow/dags/sanity_checks.py
[2026-06-16T10:11:39.514+0000] {logging_mixin.py:190} INFO - [2026-06-16T10:11:39.514+0000] {dag.py:3211} INFO - Sync 1 DAGs
[2026-06-16T10:11:39.536+0000] {logging_mixin.py:190} INFO - [2026-06-16T10:11:39.535+0000] {dag.py:4138} INFO - Setting next_dagrun for airflow_sanity_check to None, run_after=None
[2026-06-16T10:11:39.562+0000] {processor.py:208} INFO - Processing /opt/airflow/dags/sanity_checks.py took 0.118 seconds
[2026-06-16T10:12:09.886+0000] {processor.py:186} INFO - Started process (PID=1466) to work on /opt/airflow/dags/sanity_checks.py
[2026-06-16T10:12:09.888+0000] {processor.py:914} INFO - Processing file /opt/airflow/dags/sanity_checks.py for tasks to queue
[2026-06-16T10:12:09.892+0000] {logging_mixin.py:190} INFO - [2026-06-16T10:12:09.891+0000] {dagbag.py:587} INFO - Filling up the DagBag from /opt/airflow/dags/sanity_checks.py
[2026-06-16T10:12:09.908+0000] {processor.py:925} INFO - DAG(s) 'airflow_sanity_check' retrieved from /opt/airflow/dags/sanity_checks.py
[2026-06-16T10:12:09.952+0000] {logging_mixin.py:190} INFO - [2026-06-16T10:12:09.951+0000] {dag.py:3211} INFO - Sync 1 DAGs
[2026-06-16T10:12:09.975+0000] {logging_mixin.py:190} INFO - [2026-06-16T10:12:09.975+0000] {dag.py:4138} INFO - Setting next_dagrun for airflow_sanity_check to None, run_after=None
[2026-06-16T10:12:10.001+0000] {processor.py:208} INFO - Processing /opt/airflow/dags/sanity_checks.py took 0.123 seconds
[2026-06-16T10:12:40.324+0000] {processor.py:186} INFO - Started process (PID=1476) to work on /opt/airflow/dags/sanity_checks.py
[2026-06-16T10:12:40.325+0000] {processor.py:914} INFO - Processing file /opt/airflow/dags/sanity_checks.py for tasks to queue
[2026-06-16T10:12:40.329+0000] {logging_mixin.py:190} INFO - [2026-06-16T10:12:40.328+0000] {dagbag.py:587} INFO - Filling up the DagBag from /opt/airflow/dags/sanity_checks.py
[2026-06-16T10:12:40.345+0000] {processor.py:925} INFO - DAG(s) 'airflow_sanity_check' retrieved from /opt/airflow/dags/sanity_checks.py
[2026-06-16T10:12:40.388+0000] {logging_mixin.py:190} INFO - [2026-06-16T10:12:40.388+0000] {dag.py:3211} INFO - Sync 1 DAGs
[2026-06-16T10:12:40.410+0000] {logging_mixin.py:190} INFO - [2026-06-16T10:12:40.410+0000] {dag.py:4138} INFO - Setting next_dagrun for airflow_sanity_check to None, run_after=None
[2026-06-16T10:12:40.435+0000] {processor.py:208} INFO - Processing /opt/airflow/dags/sanity_checks.py took 0.119 seconds
[2026-06-16T10:13:10.761+0000] {processor.py:186} INFO - Started process (PID=1486) to work on /opt/airflow/dags/sanity_checks.py
[2026-06-16T10:13:10.762+0000] {processor.py:914} INFO - Processing file /opt/airflow/dags/sanity_checks.py for tasks to queue
[2026-06-16T10:13:10.766+0000] {logging_mixin.py:190} INFO - [2026-06-16T10:13:10.765+0000] {dagbag.py:587} INFO - Filling up the DagBag from /opt/airflow/dags/sanity_checks.py
[2026-06-16T10:13:10.781+0000] {processor.py:925} INFO - DAG(s) 'airflow_sanity_check' retrieved from /opt/airflow/dags/sanity_checks.py
[2026-06-16T10:13:10.825+0000] {logging_mixin.py:190} INFO - [2026-06-16T10:13:10.824+0000] {dag.py:3211} INFO - Sync 1 DAGs
[2026-06-16T10:13:10.846+0000] {logging_mixin.py:190} INFO - [2026-06-16T10:13:10.846+0000] {dag.py:4138} INFO - Setting next_dagrun for airflow_sanity_check to None, run_after=None
[2026-06-16T10:13:10.872+0000] {processor.py:208} INFO - Processing /opt/airflow/dags/sanity_checks.py took 0.120 seconds
[2026-06-16T10:13:41.175+0000] {processor.py:186} INFO - Started process (PID=1496) to work on /opt/airflow/dags/sanity_checks.py
[2026-06-16T10:13:41.176+0000] {processor.py:914} INFO - Processing file /opt/airflow/dags/sanity_checks.py for tasks to queue
[2026-06-16T10:13:41.180+0000] {logging_mixin.py:190} INFO - [2026-06-16T10:13:41.180+0000] {dagbag.py:587} INFO - Filling up the DagBag from /opt/airflow/dags/sanity_checks.py
[2026-06-16T10:13:41.195+0000] {processor.py:925} INFO - DAG(s) 'airflow_sanity_check' retrieved from /opt/airflow/dags/sanity_checks.py
[2026-06-16T10:13:41.237+0000] {logging_mixin.py:190} INFO - [2026-06-16T10:13:41.237+0000] {dag.py:3211} INFO - Sync 1 DAGs
[2026-06-16T10:13:41.258+0000] {logging_mixin.py:190} INFO - [2026-06-16T10:13:41.258+0000] {dag.py:4138} INFO - Setting next_dagrun for airflow_sanity_check to None, run_after=None
[2026-06-16T10:13:41.283+0000] {processor.py:208} INFO - Processing /opt/airflow/dags/sanity_checks.py took 0.118 seconds
[2026-06-16T10:14:11.622+0000] {processor.py:186} INFO - Started process (PID=1506) to work on /opt/airflow/dags/sanity_checks.py
[2026-06-16T10:14:11.623+0000] {processor.py:914} INFO - Processing file /opt/airflow/dags/sanity_checks.py for tasks to queue
[2026-06-16T10:14:11.627+0000] {logging_mixin.py:190} INFO - [2026-06-16T10:14:11.627+0000] {dagbag.py:587} INFO - Filling up the DagBag from /opt/airflow/dags/sanity_checks.py
[2026-06-16T10:14:11.642+0000] {processor.py:925} INFO - DAG(s) 'airflow_sanity_check' retrieved from /opt/airflow/dags/sanity_checks.py
[2026-06-16T10:14:11.681+0000] {logging_mixin.py:190} INFO - [2026-06-16T10:14:11.681+0000] {dag.py:3211} INFO - Sync 1 DAGs
[2026-06-16T10:14:11.701+0000] {logging_mixin.py:190} INFO - [2026-06-16T10:14:11.701+0000] {dag.py:4138} INFO - Setting next_dagrun for airflow_sanity_check to None, run_after=None
[2026-06-16T10:14:11.728+0000] {processor.py:208} INFO - Processing /opt/airflow/dags/sanity_checks.py took 0.114 seconds
[2026-06-16T10:14:42.061+0000] {processor.py:186} INFO - Started process (PID=1516) to work on /opt/airflow/dags/sanity_checks.py
[2026-06-16T10:14:42.062+0000] {processor.py:914} INFO - Processing file /opt/airflow/dags/sanity_checks.py for tasks to queue
[2026-06-16T10:14:42.065+0000] {logging_mixin.py:190} INFO - [2026-06-16T10:14:42.065+0000] {dagbag.py:587} INFO - Filling up the DagBag from /opt/airflow/dags/sanity_checks.py
[2026-06-16T10:14:42.080+0000] {processor.py:925} INFO - DAG(s) 'airflow_sanity_check' retrieved from /opt/airflow/dags/sanity_checks.py
[2026-06-16T10:14:42.119+0000] {logging_mixin.py:190} INFO - [2026-06-16T10:14:42.119+0000] {dag.py:3211} INFO - Sync 1 DAGs
[2026-06-16T10:14:42.142+0000] {logging_mixin.py:190} INFO - [2026-06-16T10:14:42.141+0000] {dag.py:4138} INFO - Setting next_dagrun for airflow_sanity_check to None, run_after=None
[2026-06-16T10:14:42.169+0000] {processor.py:208} INFO - Processing /opt/airflow/dags/sanity_checks.py took 0.116 seconds
[2026-06-16T10:15:12.505+0000] {processor.py:186} INFO - Started process (PID=1526) to work on /opt/airflow/dags/sanity_checks.py
[2026-06-16T10:15:12.507+0000] {processor.py:914} INFO - Processing file /opt/airflow/dags/sanity_checks.py for tasks to queue
[2026-06-16T10:15:12.510+0000] {logging_mixin.py:190} INFO - [2026-06-16T10:15:12.510+0000] {dagbag.py:587} INFO - Filling up the DagBag from /opt/airflow/dags/sanity_checks.py
[2026-06-16T10:15:12.527+0000] {processor.py:925} INFO - DAG(s) 'airflow_sanity_check' retrieved from /opt/airflow/dags/sanity_checks.py
[2026-06-16T10:15:12.571+0000] {logging_mixin.py:190} INFO - [2026-06-16T10:15:12.571+0000] {dag.py:3211} INFO - Sync 1 DAGs
[2026-06-16T10:15:12.592+0000] {logging_mixin.py:190} INFO - [2026-06-16T10:15:12.592+0000] {dag.py:4138} INFO - Setting next_dagrun for airflow_sanity_check to None, run_after=None
[2026-06-16T10:15:12.619+0000] {processor.py:208} INFO - Processing /opt/airflow/dags/sanity_checks.py took 0.123 seconds
[2026-06-16T10:15:42.919+0000] {processor.py:186} INFO - Started process (PID=1536) to work on /opt/airflow/dags/sanity_checks.py
[2026-06-16T10:15:42.921+0000] {processor.py:914} INFO - Processing file /opt/airflow/dags/sanity_checks.py for tasks to queue
[2026-06-16T10:15:42.924+0000] {logging_mixin.py:190} INFO - [2026-06-16T10:15:42.923+0000] {dagbag.py:587} INFO - Filling up the DagBag from /opt/airflow/dags/sanity_checks.py
[2026-06-16T10:15:42.939+0000] {processor.py:925} INFO - DAG(s) 'airflow_sanity_check' retrieved from /opt/airflow/dags/sanity_checks.py
[2026-06-16T10:15:42.979+0000] {logging_mixin.py:190} INFO - [2026-06-16T10:15:42.978+0000] {dag.py:3211} INFO - Sync 1 DAGs
[2026-06-16T10:15:42.999+0000] {logging_mixin.py:190} INFO - [2026-06-16T10:15:42.999+0000] {dag.py:4138} INFO - Setting next_dagrun for airflow_sanity_check to None, run_after=None
[2026-06-16T10:15:43.026+0000] {processor.py:208} INFO - Processing /opt/airflow/dags/sanity_checks.py took 0.115 seconds
[2026-06-16T10:16:13.354+0000] {processor.py:186} INFO - Started process (PID=1546) to work on /opt/airflow/dags/sanity_checks.py
[2026-06-16T10:16:13.355+0000] {processor.py:914} INFO - Processing file /opt/airflow/dags/sanity_checks.py for tasks to queue
[2026-06-16T10:16:13.358+0000] {logging_mixin.py:190} INFO - [2026-06-16T10:16:13.358+0000] {dagbag.py:587} INFO - Filling up the DagBag from /opt/airflow/dags/sanity_checks.py
[2026-06-16T10:16:13.373+0000] {processor.py:925} INFO - DAG(s) 'airflow_sanity_check' retrieved from /opt/airflow/dags/sanity_checks.py
[2026-06-16T10:16:13.413+0000] {logging_mixin.py:190} INFO - [2026-06-16T10:16:13.413+0000] {dag.py:3211} INFO - Sync 1 DAGs
[2026-06-16T10:16:13.433+0000] {logging_mixin.py:190} INFO - [2026-06-16T10:16:13.433+0000] {dag.py:4138} INFO - Setting next_dagrun for airflow_sanity_check to None, run_after=None
[2026-06-16T10:16:13.460+0000] {processor.py:208} INFO - Processing /opt/airflow/dags/sanity_checks.py took 0.114 seconds
[2026-06-16T10:16:43.796+0000] {processor.py:186} INFO - Started process (PID=1556) to work on /opt/airflow/dags/sanity_checks.py
[2026-06-16T10:16:43.798+0000] {processor.py:914} INFO - Processing file /opt/airflow/dags/sanity_checks.py for tasks to queue
[2026-06-16T10:16:43.803+0000] {logging_mixin.py:190} INFO - [2026-06-16T10:16:43.802+0000] {dagbag.py:587} INFO - Filling up the DagBag from /opt/airflow/dags/sanity_checks.py
[2026-06-16T10:16:43.817+0000] {processor.py:925} INFO - DAG(s) 'airflow_sanity_check' retrieved from /opt/airflow/dags/sanity_checks.py
[2026-06-16T10:16:43.857+0000] {logging_mixin.py:190} INFO - [2026-06-16T10:16:43.856+0000] {dag.py:3211} INFO - Sync 1 DAGs
[2026-06-16T10:16:43.878+0000] {logging_mixin.py:190} INFO - [2026-06-16T10:16:43.878+0000] {dag.py:4138} INFO - Setting next_dagrun for airflow_sanity_check to None, run_after=None
[2026-06-16T10:16:43.907+0000] {processor.py:208} INFO - Processing /opt/airflow/dags/sanity_checks.py took 0.119 seconds
[2026-06-16T10:17:14.231+0000] {processor.py:186} INFO - Started process (PID=1566) to work on /opt/airflow/dags/sanity_checks.py
[2026-06-16T10:17:14.232+0000] {processor.py:914} INFO - Processing file /opt/airflow/dags/sanity_checks.py for tasks to queue
[2026-06-16T10:17:14.236+0000] {logging_mixin.py:190} INFO - [2026-06-16T10:17:14.236+0000] {dagbag.py:587} INFO - Filling up the DagBag from /opt/airflow/dags/sanity_checks.py
[2026-06-16T10:17:14.251+0000] {processor.py:925} INFO - DAG(s) 'airflow_sanity_check' retrieved from /opt/airflow/dags/sanity_checks.py
[2026-06-16T10:17:14.290+0000] {logging_mixin.py:190} INFO - [2026-06-16T10:17:14.290+0000] {dag.py:3211} INFO - Sync 1 DAGs
[2026-06-16T10:17:14.311+0000] {logging_mixin.py:190} INFO - [2026-06-16T10:17:14.311+0000] {dag.py:4138} INFO - Setting next_dagrun for airflow_sanity_check to None, run_after=None
[2026-06-16T10:17:14.338+0000] {processor.py:208} INFO - Processing /opt/airflow/dags/sanity_checks.py took 0.115 seconds
[2026-06-16T10:17:44.651+0000] {processor.py:186} INFO - Started process (PID=1576) to work on /opt/airflow/dags/sanity_checks.py
[2026-06-16T10:17:44.653+0000] {processor.py:914} INFO - Processing file /opt/airflow/dags/sanity_checks.py for tasks to queue
[2026-06-16T10:17:44.657+0000] {logging_mixin.py:190} INFO - [2026-06-16T10:17:44.656+0000] {dagbag.py:587} INFO - Filling up the DagBag from /opt/airflow/dags/sanity_checks.py
[2026-06-16T10:17:44.672+0000] {processor.py:925} INFO - DAG(s) 'airflow_sanity_check' retrieved from /opt/airflow/dags/sanity_checks.py
[2026-06-16T10:17:44.714+0000] {logging_mixin.py:190} INFO - [2026-06-16T10:17:44.713+0000] {dag.py:3211} INFO - Sync 1 DAGs
[2026-06-16T10:17:44.736+0000] {logging_mixin.py:190} INFO - [2026-06-16T10:17:44.735+0000] {dag.py:4138} INFO - Setting next_dagrun for airflow_sanity_check to None, run_after=None
[2026-06-16T10:17:44.763+0000] {processor.py:208} INFO - Processing /opt/airflow/dags/sanity_checks.py took 0.121 seconds
[2026-06-16T10:18:15.083+0000] {processor.py:186} INFO - Started process (PID=1586) to work on /opt/airflow/dags/sanity_checks.py
[2026-06-16T10:18:15.085+0000] {processor.py:914} INFO - Processing file /opt/airflow/dags/sanity_checks.py for tasks to queue
[2026-06-16T10:18:15.088+0000] {logging_mixin.py:190} INFO - [2026-06-16T10:18:15.088+0000] {dagbag.py:587} INFO - Filling up the DagBag from /opt/airflow/dags/sanity_checks.py
[2026-06-16T10:18:15.102+0000] {processor.py:925} INFO - DAG(s) 'airflow_sanity_check' retrieved from /opt/airflow/dags/sanity_checks.py
[2026-06-16T10:18:15.142+0000] {logging_mixin.py:190} INFO - [2026-06-16T10:18:15.142+0000] {dag.py:3211} INFO - Sync 1 DAGs
[2026-06-16T10:18:15.163+0000] {logging_mixin.py:190} INFO - [2026-06-16T10:18:15.162+0000] {dag.py:4138} INFO - Setting next_dagrun for airflow_sanity_check to None, run_after=None
[2026-06-16T10:18:15.189+0000] {processor.py:208} INFO - Processing /opt/airflow/dags/sanity_checks.py took 0.115 seconds
[2026-06-16T10:18:45.523+0000] {processor.py:186} INFO - Started process (PID=1596) to work on /opt/airflow/dags/sanity_checks.py
[2026-06-16T10:18:45.524+0000] {processor.py:914} INFO - Processing file /opt/airflow/dags/sanity_checks.py for tasks to queue
[2026-06-16T10:18:45.527+0000] {logging_mixin.py:190} INFO - [2026-06-16T10:18:45.527+0000] {dagbag.py:587} INFO - Filling up the DagBag from /opt/airflow/dags/sanity_checks.py
[2026-06-16T10:18:45.543+0000] {processor.py:925} INFO - DAG(s) 'airflow_sanity_check' retrieved from /opt/airflow/dags/sanity_checks.py
[2026-06-16T10:18:45.585+0000] {logging_mixin.py:190} INFO - [2026-06-16T10:18:45.585+0000] {dag.py:3211} INFO - Sync 1 DAGs
[2026-06-16T10:18:45.612+0000] {logging_mixin.py:190} INFO - [2026-06-16T10:18:45.612+0000] {dag.py:4138} INFO - Setting next_dagrun for airflow_sanity_check to None, run_after=None
[2026-06-16T10:18:45.642+0000] {processor.py:208} INFO - Processing /opt/airflow/dags/sanity_checks.py took 0.128 seconds
[2026-06-16T10:19:15.992+0000] {processor.py:186} INFO - Started process (PID=1606) to work on /opt/airflow/dags/sanity_checks.py
[2026-06-16T10:19:15.994+0000] {processor.py:914} INFO - Processing file /opt/airflow/dags/sanity_checks.py for tasks to queue
[2026-06-16T10:19:15.997+0000] {logging_mixin.py:190} INFO - [2026-06-16T10:19:15.997+0000] {dagbag.py:587} INFO - Filling up the DagBag from /opt/airflow/dags/sanity_checks.py
[2026-06-16T10:19:16.013+0000] {processor.py:925} INFO - DAG(s) 'airflow_sanity_check' retrieved from /opt/airflow/dags/sanity_checks.py
[2026-06-16T10:19:16.054+0000] {logging_mixin.py:190} INFO - [2026-06-16T10:19:16.054+0000] {dag.py:3211} INFO - Sync 1 DAGs
[2026-06-16T10:19:16.074+0000] {logging_mixin.py:190} INFO - [2026-06-16T10:19:16.074+0000] {dag.py:4138} INFO - Setting next_dagrun for airflow_sanity_check to None, run_after=None
[2026-06-16T10:19:16.102+0000] {processor.py:208} INFO - Processing /opt/airflow/dags/sanity_checks.py took 0.118 seconds
[2026-06-16T10:19:46.434+0000] {processor.py:186} INFO - Started process (PID=1616) to work on /opt/airflow/dags/sanity_checks.py
[2026-06-16T10:19:46.435+0000] {processor.py:914} INFO - Processing file /opt/airflow/dags/sanity_checks.py for tasks to queue
[2026-06-16T10:19:46.439+0000] {logging_mixin.py:190} INFO - [2026-06-16T10:19:46.439+0000] {dagbag.py:587} INFO - Filling up the DagBag from /opt/airflow/dags/sanity_checks.py
[2026-06-16T10:19:46.453+0000] {processor.py:925} INFO - DAG(s) 'airflow_sanity_check' retrieved from /opt/airflow/dags/sanity_checks.py
[2026-06-16T10:19:46.495+0000] {logging_mixin.py:190} INFO - [2026-06-16T10:19:46.495+0000] {dag.py:3211} INFO - Sync 1 DAGs
[2026-06-16T10:19:46.515+0000] {logging_mixin.py:190} INFO - [2026-06-16T10:19:46.515+0000] {dag.py:4138} INFO - Setting next_dagrun for airflow_sanity_check to None, run_after=None
[2026-06-16T10:19:46.542+0000] {processor.py:208} INFO - Processing /opt/airflow/dags/sanity_checks.py took 0.116 seconds
[2026-06-16T10:20:16.874+0000] {processor.py:186} INFO - Started process (PID=1626) to work on /opt/airflow/dags/sanity_checks.py
[2026-06-16T10:20:16.875+0000] {processor.py:914} INFO - Processing file /opt/airflow/dags/sanity_checks.py for tasks to queue
[2026-06-16T10:20:16.879+0000] {logging_mixin.py:190} INFO - [2026-06-16T10:20:16.879+0000] {dagbag.py:587} INFO - Filling up the DagBag from /opt/airflow/dags/sanity_checks.py
[2026-06-16T10:20:16.893+0000] {processor.py:925} INFO - DAG(s) 'airflow_sanity_check' retrieved from /opt/airflow/dags/sanity_checks.py
[2026-06-16T10:20:16.932+0000] {logging_mixin.py:190} INFO - [2026-06-16T10:20:16.932+0000] {dag.py:3211} INFO - Sync 1 DAGs
[2026-06-16T10:20:16.952+0000] {logging_mixin.py:190} INFO - [2026-06-16T10:20:16.952+0000] {dag.py:4138} INFO - Setting next_dagrun for airflow_sanity_check to None, run_after=None
[2026-06-16T10:20:16.981+0000] {processor.py:208} INFO - Processing /opt/airflow/dags/sanity_checks.py took 0.116 seconds
[2026-06-16T10:20:47.302+0000] {processor.py:186} INFO - Started process (PID=1636) to work on /opt/airflow/dags/sanity_checks.py
[2026-06-16T10:20:47.303+0000] {processor.py:914} INFO - Processing file /opt/airflow/dags/sanity_checks.py for tasks to queue
[2026-06-16T10:20:47.307+0000] {logging_mixin.py:190} INFO - [2026-06-16T10:20:47.307+0000] {dagbag.py:587} INFO - Filling up the DagBag from /opt/airflow/dags/sanity_checks.py
[2026-06-16T10:20:47.323+0000] {processor.py:925} INFO - DAG(s) 'airflow_sanity_check' retrieved from /opt/airflow/dags/sanity_checks.py
[2026-06-16T10:20:47.364+0000] {logging_mixin.py:190} INFO - [2026-06-16T10:20:47.364+0000] {dag.py:3211} INFO - Sync 1 DAGs
[2026-06-16T10:20:47.386+0000] {logging_mixin.py:190} INFO - [2026-06-16T10:20:47.386+0000] {dag.py:4138} INFO - Setting next_dagrun for airflow_sanity_check to None, run_after=None
[2026-06-16T10:20:47.410+0000] {processor.py:208} INFO - Processing /opt/airflow/dags/sanity_checks.py took 0.117 seconds
[2026-06-16T10:21:17.737+0000] {processor.py:186} INFO - Started process (PID=1646) to work on /opt/airflow/dags/sanity_checks.py
[2026-06-16T10:21:17.738+0000] {processor.py:914} INFO - Processing file /opt/airflow/dags/sanity_checks.py for tasks to queue
[2026-06-16T10:21:17.742+0000] {logging_mixin.py:190} INFO - [2026-06-16T10:21:17.741+0000] {dagbag.py:587} INFO - Filling up the DagBag from /opt/airflow/dags/sanity_checks.py
[2026-06-16T10:21:17.757+0000] {processor.py:925} INFO - DAG(s) 'airflow_sanity_check' retrieved from /opt/airflow/dags/sanity_checks.py
[2026-06-16T10:21:17.798+0000] {logging_mixin.py:190} INFO - [2026-06-16T10:21:17.798+0000] {dag.py:3211} INFO - Sync 1 DAGs
[2026-06-16T10:21:17.819+0000] {logging_mixin.py:190} INFO - [2026-06-16T10:21:17.819+0000] {dag.py:4138} INFO - Setting next_dagrun for airflow_sanity_check to None, run_after=None
[2026-06-16T10:21:17.845+0000] {processor.py:208} INFO - Processing /opt/airflow/dags/sanity_checks.py took 0.116 seconds
[2026-06-16T10:21:48.244+0000] {processor.py:186} INFO - Started process (PID=1656) to work on /opt/airflow/dags/sanity_checks.py
[2026-06-16T10:21:48.246+0000] {processor.py:914} INFO - Processing file /opt/airflow/dags/sanity_checks.py for tasks to queue
[2026-06-16T10:21:48.250+0000] {logging_mixin.py:190} INFO - [2026-06-16T10:21:48.249+0000] {dagbag.py:587} INFO - Filling up the DagBag from /opt/airflow/dags/sanity_checks.py
[2026-06-16T10:21:48.267+0000] {processor.py:925} INFO - DAG(s) 'airflow_sanity_check' retrieved from /opt/airflow/dags/sanity_checks.py
[2026-06-16T10:21:48.311+0000] {logging_mixin.py:190} INFO - [2026-06-16T10:21:48.310+0000] {dag.py:3211} INFO - Sync 1 DAGs
[2026-06-16T10:21:48.334+0000] {logging_mixin.py:190} INFO - [2026-06-16T10:21:48.334+0000] {dag.py:4138} INFO - Setting next_dagrun for airflow_sanity_check to None, run_after=None
[2026-06-16T10:21:48.364+0000] {processor.py:208} INFO - Processing /opt/airflow/dags/sanity_checks.py took 0.129 seconds
[2026-06-16T10:22:18.690+0000] {processor.py:186} INFO - Started process (PID=1666) to work on /opt/airflow/dags/sanity_checks.py
[2026-06-16T10:22:18.691+0000] {processor.py:914} INFO - Processing file /opt/airflow/dags/sanity_checks.py for tasks to queue
[2026-06-16T10:22:18.695+0000] {logging_mixin.py:190} INFO - [2026-06-16T10:22:18.695+0000] {dagbag.py:587} INFO - Filling up the DagBag from /opt/airflow/dags/sanity_checks.py
[2026-06-16T10:22:18.711+0000] {processor.py:925} INFO - DAG(s) 'airflow_sanity_check' retrieved from /opt/airflow/dags/sanity_checks.py
[2026-06-16T10:22:18.751+0000] {logging_mixin.py:190} INFO - [2026-06-16T10:22:18.751+0000] {dag.py:3211} INFO - Sync 1 DAGs
[2026-06-16T10:22:18.772+0000] {logging_mixin.py:190} INFO - [2026-06-16T10:22:18.772+0000] {dag.py:4138} INFO - Setting next_dagrun for airflow_sanity_check to None, run_after=None
[2026-06-16T10:22:18.799+0000] {processor.py:208} INFO - Processing /opt/airflow/dags/sanity_checks.py took 0.119 seconds
[2026-06-16T10:22:49.123+0000] {processor.py:186} INFO - Started process (PID=1676) to work on /opt/airflow/dags/sanity_checks.py
[2026-06-16T10:22:49.125+0000] {processor.py:914} INFO - Processing file /opt/airflow/dags/sanity_checks.py for tasks to queue
[2026-06-16T10:22:49.128+0000] {logging_mixin.py:190} INFO - [2026-06-16T10:22:49.128+0000] {dagbag.py:587} INFO - Filling up the DagBag from /opt/airflow/dags/sanity_checks.py
[2026-06-16T10:22:49.144+0000] {processor.py:925} INFO - DAG(s) 'airflow_sanity_check' retrieved from /opt/airflow/dags/sanity_checks.py
[2026-06-16T10:22:49.183+0000] {logging_mixin.py:190} INFO - [2026-06-16T10:22:49.183+0000] {dag.py:3211} INFO - Sync 1 DAGs
[2026-06-16T10:22:49.204+0000] {logging_mixin.py:190} INFO - [2026-06-16T10:22:49.203+0000] {dag.py:4138} INFO - Setting next_dagrun for airflow_sanity_check to None, run_after=None
[2026-06-16T10:22:49.229+0000] {processor.py:208} INFO - Processing /opt/airflow/dags/sanity_checks.py took 0.115 seconds
[2026-06-16T10:23:19.559+0000] {processor.py:186} INFO - Started process (PID=1686) to work on /opt/airflow/dags/sanity_checks.py
[2026-06-16T10:23:19.560+0000] {processor.py:914} INFO - Processing file /opt/airflow/dags/sanity_checks.py for tasks to queue
[2026-06-16T10:23:19.564+0000] {logging_mixin.py:190} INFO - [2026-06-16T10:23:19.564+0000] {dagbag.py:587} INFO - Filling up the DagBag from /opt/airflow/dags/sanity_checks.py
[2026-06-16T10:23:19.579+0000] {processor.py:925} INFO - DAG(s) 'airflow_sanity_check' retrieved from /opt/airflow/dags/sanity_checks.py
[2026-06-16T10:23:19.622+0000] {logging_mixin.py:190} INFO - [2026-06-16T10:23:19.622+0000] {dag.py:3211} INFO - Sync 1 DAGs
[2026-06-16T10:23:19.645+0000] {logging_mixin.py:190} INFO - [2026-06-16T10:23:19.645+0000] {dag.py:4138} INFO - Setting next_dagrun for airflow_sanity_check to None, run_after=None
[2026-06-16T10:23:19.676+0000] {processor.py:208} INFO - Processing /opt/airflow/dags/sanity_checks.py took 0.126 seconds
[2026-06-16T10:23:49.995+0000] {processor.py:186} INFO - Started process (PID=1696) to work on /opt/airflow/dags/sanity_checks.py
[2026-06-16T10:23:49.996+0000] {processor.py:914} INFO - Processing file /opt/airflow/dags/sanity_checks.py for tasks to queue
[2026-06-16T10:23:50.000+0000] {logging_mixin.py:190} INFO - [2026-06-16T10:23:49.999+0000] {dagbag.py:587} INFO - Filling up the DagBag from /opt/airflow/dags/sanity_checks.py
[2026-06-16T10:23:50.014+0000] {processor.py:925} INFO - DAG(s) 'airflow_sanity_check' retrieved from /opt/airflow/dags/sanity_checks.py
[2026-06-16T10:23:50.054+0000] {logging_mixin.py:190} INFO - [2026-06-16T10:23:50.054+0000] {dag.py:3211} INFO - Sync 1 DAGs
[2026-06-16T10:23:50.076+0000] {logging_mixin.py:190} INFO - [2026-06-16T10:23:50.075+0000] {dag.py:4138} INFO - Setting next_dagrun for airflow_sanity_check to None, run_after=None
[2026-06-16T10:23:50.103+0000] {processor.py:208} INFO - Processing /opt/airflow/dags/sanity_checks.py took 0.116 seconds
[2026-06-16T10:24:20.461+0000] {processor.py:186} INFO - Started process (PID=1706) to work on /opt/airflow/dags/sanity_checks.py
[2026-06-16T10:24:20.465+0000] {processor.py:914} INFO - Processing file /opt/airflow/dags/sanity_checks.py for tasks to queue
[2026-06-16T10:24:20.468+0000] {logging_mixin.py:190} INFO - [2026-06-16T10:24:20.468+0000] {dagbag.py:587} INFO - Filling up the DagBag from /opt/airflow/dags/sanity_checks.py
[2026-06-16T10:24:20.483+0000] {processor.py:925} INFO - DAG(s) 'airflow_sanity_check' retrieved from /opt/airflow/dags/sanity_checks.py
[2026-06-16T10:24:20.526+0000] {logging_mixin.py:190} INFO - [2026-06-16T10:24:20.526+0000] {dag.py:3211} INFO - Sync 1 DAGs
[2026-06-16T10:24:20.549+0000] {logging_mixin.py:190} INFO - [2026-06-16T10:24:20.549+0000] {dag.py:4138} INFO - Setting next_dagrun for airflow_sanity_check to None, run_after=None
[2026-06-16T10:24:20.580+0000] {processor.py:208} INFO - Processing /opt/airflow/dags/sanity_checks.py took 0.127 seconds
[2026-06-16T10:24:50.905+0000] {processor.py:186} INFO - Started process (PID=1716) to work on /opt/airflow/dags/sanity_checks.py
[2026-06-16T10:24:50.906+0000] {processor.py:914} INFO - Processing file /opt/airflow/dags/sanity_checks.py for tasks to queue
[2026-06-16T10:24:50.910+0000] {logging_mixin.py:190} INFO - [2026-06-16T10:24:50.910+0000] {dagbag.py:587} INFO - Filling up the DagBag from /opt/airflow/dags/sanity_checks.py
[2026-06-16T10:24:50.926+0000] {processor.py:925} INFO - DAG(s) 'airflow_sanity_check' retrieved from /opt/airflow/dags/sanity_checks.py
[2026-06-16T10:24:50.973+0000] {logging_mixin.py:190} INFO - [2026-06-16T10:24:50.973+0000] {dag.py:3211} INFO - Sync 1 DAGs
[2026-06-16T10:24:50.996+0000] {logging_mixin.py:190} INFO - [2026-06-16T10:24:50.996+0000] {dag.py:4138} INFO - Setting next_dagrun for airflow_sanity_check to None, run_after=None
[2026-06-16T10:24:51.027+0000] {processor.py:208} INFO - Processing /opt/airflow/dags/sanity_checks.py took 0.131 seconds
[2026-06-16T10:25:21.352+0000] {processor.py:186} INFO - Started process (PID=1726) to work on /opt/airflow/dags/sanity_checks.py
[2026-06-16T10:25:21.354+0000] {processor.py:914} INFO - Processing file /opt/airflow/dags/sanity_checks.py for tasks to queue
[2026-06-16T10:25:21.357+0000] {logging_mixin.py:190} INFO - [2026-06-16T10:25:21.357+0000] {dagbag.py:587} INFO - Filling up the DagBag from /opt/airflow/dags/sanity_checks.py
[2026-06-16T10:25:21.374+0000] {processor.py:925} INFO - DAG(s) 'airflow_sanity_check' retrieved from /opt/airflow/dags/sanity_checks.py
[2026-06-16T10:25:21.417+0000] {logging_mixin.py:190} INFO - [2026-06-16T10:25:21.417+0000] {dag.py:3211} INFO - Sync 1 DAGs
[2026-06-16T10:25:21.440+0000] {logging_mixin.py:190} INFO - [2026-06-16T10:25:21.439+0000] {dag.py:4138} INFO - Setting next_dagrun for airflow_sanity_check to None, run_after=None
[2026-06-16T10:25:21.469+0000] {processor.py:208} INFO - Processing /opt/airflow/dags/sanity_checks.py took 0.126 seconds
[2026-06-16T10:25:51.809+0000] {processor.py:186} INFO - Started process (PID=1736) to work on /opt/airflow/dags/sanity_checks.py
[2026-06-16T10:25:51.811+0000] {processor.py:914} INFO - Processing file /opt/airflow/dags/sanity_checks.py for tasks to queue
[2026-06-16T10:25:51.814+0000] {logging_mixin.py:190} INFO - [2026-06-16T10:25:51.814+0000] {dagbag.py:587} INFO - Filling up the DagBag from /opt/airflow/dags/sanity_checks.py
[2026-06-16T10:25:51.831+0000] {processor.py:925} INFO - DAG(s) 'airflow_sanity_check' retrieved from /opt/airflow/dags/sanity_checks.py
[2026-06-16T10:25:51.873+0000] {logging_mixin.py:190} INFO - [2026-06-16T10:25:51.873+0000] {dag.py:3211} INFO - Sync 1 DAGs
[2026-06-16T10:25:51.894+0000] {logging_mixin.py:190} INFO - [2026-06-16T10:25:51.894+0000] {dag.py:4138} INFO - Setting next_dagrun for airflow_sanity_check to None, run_after=None
[2026-06-16T10:25:51.924+0000] {processor.py:208} INFO - Processing /opt/airflow/dags/sanity_checks.py took 0.123 seconds
[2026-06-16T10:26:22.257+0000] {processor.py:186} INFO - Started process (PID=1746) to work on /opt/airflow/dags/sanity_checks.py
[2026-06-16T10:26:22.259+0000] {processor.py:914} INFO - Processing file /opt/airflow/dags/sanity_checks.py for tasks to queue
[2026-06-16T10:26:22.264+0000] {logging_mixin.py:190} INFO - [2026-06-16T10:26:22.264+0000] {dagbag.py:587} INFO - Filling up the DagBag from /opt/airflow/dags/sanity_checks.py
[2026-06-16T10:26:22.293+0000] {processor.py:925} INFO - DAG(s) 'airflow_sanity_check' retrieved from /opt/airflow/dags/sanity_checks.py
[2026-06-16T10:26:22.337+0000] {logging_mixin.py:190} INFO - [2026-06-16T10:26:22.336+0000] {dag.py:3211} INFO - Sync 1 DAGs
[2026-06-16T10:26:22.359+0000] {logging_mixin.py:190} INFO - [2026-06-16T10:26:22.359+0000] {dag.py:4138} INFO - Setting next_dagrun for airflow_sanity_check to None, run_after=None
[2026-06-16T10:26:22.389+0000] {processor.py:208} INFO - Processing /opt/airflow/dags/sanity_checks.py took 0.146 seconds
[2026-06-16T14:50:32.229+0000] {processor.py:186} INFO - Started process (PID=164) to work on /opt/airflow/dags/sanity_checks.py
[2026-06-16T14:50:32.232+0000] {processor.py:914} INFO - Processing file /opt/airflow/dags/sanity_checks.py for tasks to queue
[2026-06-16T14:50:32.237+0000] {logging_mixin.py:190} INFO - [2026-06-16T14:50:32.236+0000] {dagbag.py:587} INFO - Filling up the DagBag from /opt/airflow/dags/sanity_checks.py
[2026-06-16T14:50:32.278+0000] {processor.py:925} INFO - DAG(s) 'airflow_sanity_check' retrieved from /opt/airflow/dags/sanity_checks.py
[2026-06-16T14:50:32.348+0000] {logging_mixin.py:190} INFO - [2026-06-16T14:50:32.348+0000] {dag.py:3211} INFO - Sync 1 DAGs
[2026-06-16T14:50:32.389+0000] {logging_mixin.py:190} INFO - [2026-06-16T14:50:32.389+0000] {dag.py:4138} INFO - Setting next_dagrun for airflow_sanity_check to None, run_after=None
[2026-06-16T14:50:32.441+0000] {processor.py:208} INFO - Processing /opt/airflow/dags/sanity_checks.py took 0.226 seconds
[2026-06-16T14:51:02.809+0000] {processor.py:186} INFO - Started process (PID=177) to work on /opt/airflow/dags/sanity_checks.py
[2026-06-16T14:51:02.813+0000] {processor.py:914} INFO - Processing file /opt/airflow/dags/sanity_checks.py for tasks to queue
[2026-06-16T14:51:02.832+0000] {logging_mixin.py:190} INFO - [2026-06-16T14:51:02.831+0000] {dagbag.py:587} INFO - Filling up the DagBag from /opt/airflow/dags/sanity_checks.py
[2026-06-16T14:51:02.858+0000] {processor.py:925} INFO - DAG(s) 'airflow_sanity_check' retrieved from /opt/airflow/dags/sanity_checks.py
[2026-06-16T14:51:02.923+0000] {logging_mixin.py:190} INFO - [2026-06-16T14:51:02.922+0000] {dag.py:3211} INFO - Sync 1 DAGs
[2026-06-16T14:51:02.954+0000] {logging_mixin.py:190} INFO - [2026-06-16T14:51:02.954+0000] {dag.py:4138} INFO - Setting next_dagrun for airflow_sanity_check to None, run_after=None
[2026-06-16T14:51:02.991+0000] {processor.py:208} INFO - Processing /opt/airflow/dags/sanity_checks.py took 0.198 seconds
[2026-06-16T14:51:33.303+0000] {processor.py:186} INFO - Started process (PID=187) to work on /opt/airflow/dags/sanity_checks.py
[2026-06-16T14:51:33.306+0000] {processor.py:914} INFO - Processing file /opt/airflow/dags/sanity_checks.py for tasks to queue
[2026-06-16T14:51:33.313+0000] {logging_mixin.py:190} INFO - [2026-06-16T14:51:33.313+0000] {dagbag.py:587} INFO - Filling up the DagBag from /opt/airflow/dags/sanity_checks.py
[2026-06-16T14:51:33.340+0000] {processor.py:925} INFO - DAG(s) 'airflow_sanity_check' retrieved from /opt/airflow/dags/sanity_checks.py
[2026-06-16T14:51:33.417+0000] {logging_mixin.py:190} INFO - [2026-06-16T14:51:33.416+0000] {dag.py:3211} INFO - Sync 1 DAGs
[2026-06-16T14:51:33.472+0000] {logging_mixin.py:190} INFO - [2026-06-16T14:51:33.472+0000] {dag.py:4138} INFO - Setting next_dagrun for airflow_sanity_check to None, run_after=None
[2026-06-16T14:51:33.507+0000] {processor.py:208} INFO - Processing /opt/airflow/dags/sanity_checks.py took 0.222 seconds
[2026-06-16T14:52:03.808+0000] {processor.py:186} INFO - Started process (PID=197) to work on /opt/airflow/dags/sanity_checks.py
[2026-06-16T14:52:03.810+0000] {processor.py:914} INFO - Processing file /opt/airflow/dags/sanity_checks.py for tasks to queue
[2026-06-16T14:52:03.813+0000] {logging_mixin.py:190} INFO - [2026-06-16T14:52:03.813+0000] {dagbag.py:587} INFO - Filling up the DagBag from /opt/airflow/dags/sanity_checks.py
[2026-06-16T14:52:03.828+0000] {processor.py:925} INFO - DAG(s) 'airflow_sanity_check' retrieved from /opt/airflow/dags/sanity_checks.py
[2026-06-16T14:52:03.873+0000] {logging_mixin.py:190} INFO - [2026-06-16T14:52:03.872+0000] {dag.py:3211} INFO - Sync 1 DAGs
[2026-06-16T14:52:03.905+0000] {logging_mixin.py:190} INFO - [2026-06-16T14:52:03.904+0000] {dag.py:4138} INFO - Setting next_dagrun for airflow_sanity_check to None, run_after=None
[2026-06-16T14:52:03.943+0000] {processor.py:208} INFO - Processing /opt/airflow/dags/sanity_checks.py took 0.144 seconds
[2026-06-16T14:52:34.247+0000] {processor.py:186} INFO - Started process (PID=207) to work on /opt/airflow/dags/sanity_checks.py
[2026-06-16T14:52:34.248+0000] {processor.py:914} INFO - Processing file /opt/airflow/dags/sanity_checks.py for tasks to queue
[2026-06-16T14:52:34.251+0000] {logging_mixin.py:190} INFO - [2026-06-16T14:52:34.251+0000] {dagbag.py:587} INFO - Filling up the DagBag from /opt/airflow/dags/sanity_checks.py
[2026-06-16T14:52:34.267+0000] {processor.py:925} INFO - DAG(s) 'airflow_sanity_check' retrieved from /opt/airflow/dags/sanity_checks.py
[2026-06-16T14:52:34.310+0000] {logging_mixin.py:190} INFO - [2026-06-16T14:52:34.310+0000] {dag.py:3211} INFO - Sync 1 DAGs
[2026-06-16T14:52:34.337+0000] {logging_mixin.py:190} INFO - [2026-06-16T14:52:34.337+0000] {dag.py:4138} INFO - Setting next_dagrun for airflow_sanity_check to None, run_after=None
[2026-06-16T14:52:34.367+0000] {processor.py:208} INFO - Processing /opt/airflow/dags/sanity_checks.py took 0.129 seconds
[2026-06-16T14:53:04.665+0000] {processor.py:186} INFO - Started process (PID=217) to work on /opt/airflow/dags/sanity_checks.py
[2026-06-16T14:53:04.666+0000] {processor.py:914} INFO - Processing file /opt/airflow/dags/sanity_checks.py for tasks to queue
[2026-06-16T14:53:04.669+0000] {logging_mixin.py:190} INFO - [2026-06-16T14:53:04.669+0000] {dagbag.py:587} INFO - Filling up the DagBag from /opt/airflow/dags/sanity_checks.py
[2026-06-16T14:53:04.686+0000] {processor.py:925} INFO - DAG(s) 'airflow_sanity_check' retrieved from /opt/airflow/dags/sanity_checks.py
[2026-06-16T14:53:04.729+0000] {logging_mixin.py:190} INFO - [2026-06-16T14:53:04.728+0000] {dag.py:3211} INFO - Sync 1 DAGs
[2026-06-16T14:53:04.751+0000] {logging_mixin.py:190} INFO - [2026-06-16T14:53:04.751+0000] {dag.py:4138} INFO - Setting next_dagrun for airflow_sanity_check to None, run_after=None
[2026-06-16T14:53:04.779+0000] {processor.py:208} INFO - Processing /opt/airflow/dags/sanity_checks.py took 0.123 seconds
[2026-06-16T14:53:35.083+0000] {processor.py:186} INFO - Started process (PID=227) to work on /opt/airflow/dags/sanity_checks.py
[2026-06-16T14:53:35.085+0000] {processor.py:914} INFO - Processing file /opt/airflow/dags/sanity_checks.py for tasks to queue
[2026-06-16T14:53:35.090+0000] {logging_mixin.py:190} INFO - [2026-06-16T14:53:35.089+0000] {dagbag.py:587} INFO - Filling up the DagBag from /opt/airflow/dags/sanity_checks.py
[2026-06-16T14:53:35.105+0000] {processor.py:925} INFO - DAG(s) 'airflow_sanity_check' retrieved from /opt/airflow/dags/sanity_checks.py
[2026-06-16T14:53:35.148+0000] {logging_mixin.py:190} INFO - [2026-06-16T14:53:35.147+0000] {dag.py:3211} INFO - Sync 1 DAGs
[2026-06-16T14:53:35.172+0000] {logging_mixin.py:190} INFO - [2026-06-16T14:53:35.172+0000] {dag.py:4138} INFO - Setting next_dagrun for airflow_sanity_check to None, run_after=None
[2026-06-16T14:53:35.205+0000] {processor.py:208} INFO - Processing /opt/airflow/dags/sanity_checks.py took 0.130 seconds
[2026-06-16T14:54:05.511+0000] {processor.py:186} INFO - Started process (PID=237) to work on /opt/airflow/dags/sanity_checks.py
[2026-06-16T14:54:05.513+0000] {processor.py:914} INFO - Processing file /opt/airflow/dags/sanity_checks.py for tasks to queue
[2026-06-16T14:54:05.517+0000] {logging_mixin.py:190} INFO - [2026-06-16T14:54:05.517+0000] {dagbag.py:587} INFO - Filling up the DagBag from /opt/airflow/dags/sanity_checks.py
[2026-06-16T14:54:05.533+0000] {processor.py:925} INFO - DAG(s) 'airflow_sanity_check' retrieved from /opt/airflow/dags/sanity_checks.py
[2026-06-16T14:54:05.576+0000] {logging_mixin.py:190} INFO - [2026-06-16T14:54:05.575+0000] {dag.py:3211} INFO - Sync 1 DAGs
[2026-06-16T14:54:05.597+0000] {logging_mixin.py:190} INFO - [2026-06-16T14:54:05.597+0000] {dag.py:4138} INFO - Setting next_dagrun for airflow_sanity_check to None, run_after=None
[2026-06-16T14:54:05.625+0000] {processor.py:208} INFO - Processing /opt/airflow/dags/sanity_checks.py took 0.126 seconds
[2026-06-16T14:54:36.031+0000] {processor.py:186} INFO - Started process (PID=247) to work on /opt/airflow/dags/sanity_checks.py
[2026-06-16T14:54:36.034+0000] {processor.py:914} INFO - Processing file /opt/airflow/dags/sanity_checks.py for tasks to queue
[2026-06-16T14:54:36.039+0000] {logging_mixin.py:190} INFO - [2026-06-16T14:54:36.039+0000] {dagbag.py:587} INFO - Filling up the DagBag from /opt/airflow/dags/sanity_checks.py
[2026-06-16T14:54:36.065+0000] {processor.py:925} INFO - DAG(s) 'airflow_sanity_check' retrieved from /opt/airflow/dags/sanity_checks.py
[2026-06-16T14:54:36.135+0000] {logging_mixin.py:190} INFO - [2026-06-16T14:54:36.134+0000] {dag.py:3211} INFO - Sync 1 DAGs
[2026-06-16T14:54:36.176+0000] {logging_mixin.py:190} INFO - [2026-06-16T14:54:36.176+0000] {dag.py:4138} INFO - Setting next_dagrun for airflow_sanity_check to None, run_after=None
[2026-06-16T14:54:36.231+0000] {processor.py:208} INFO - Processing /opt/airflow/dags/sanity_checks.py took 0.222 seconds
[2026-06-16T14:55:06.531+0000] {processor.py:186} INFO - Started process (PID=267) to work on /opt/airflow/dags/sanity_checks.py
[2026-06-16T14:55:06.533+0000] {processor.py:914} INFO - Processing file /opt/airflow/dags/sanity_checks.py for tasks to queue
[2026-06-16T14:55:06.541+0000] {logging_mixin.py:190} INFO - [2026-06-16T14:55:06.539+0000] {dagbag.py:587} INFO - Filling up the DagBag from /opt/airflow/dags/sanity_checks.py
[2026-06-16T14:55:06.572+0000] {processor.py:925} INFO - DAG(s) 'airflow_sanity_check' retrieved from /opt/airflow/dags/sanity_checks.py
[2026-06-16T14:55:06.648+0000] {logging_mixin.py:190} INFO - [2026-06-16T14:55:06.648+0000] {dag.py:3211} INFO - Sync 1 DAGs
[2026-06-16T14:55:06.686+0000] {logging_mixin.py:190} INFO - [2026-06-16T14:55:06.685+0000] {dag.py:4138} INFO - Setting next_dagrun for airflow_sanity_check to None, run_after=None
[2026-06-16T14:55:06.720+0000] {processor.py:208} INFO - Processing /opt/airflow/dags/sanity_checks.py took 0.216 seconds
[2026-06-16T14:55:37.043+0000] {processor.py:186} INFO - Started process (PID=277) to work on /opt/airflow/dags/sanity_checks.py
[2026-06-16T14:55:37.045+0000] {processor.py:914} INFO - Processing file /opt/airflow/dags/sanity_checks.py for tasks to queue
[2026-06-16T14:55:37.049+0000] {logging_mixin.py:190} INFO - [2026-06-16T14:55:37.048+0000] {dagbag.py:587} INFO - Filling up the DagBag from /opt/airflow/dags/sanity_checks.py
[2026-06-16T14:55:37.065+0000] {processor.py:925} INFO - DAG(s) 'airflow_sanity_check' retrieved from /opt/airflow/dags/sanity_checks.py
[2026-06-16T14:55:37.108+0000] {logging_mixin.py:190} INFO - [2026-06-16T14:55:37.108+0000] {dag.py:3211} INFO - Sync 1 DAGs
[2026-06-16T14:55:37.133+0000] {logging_mixin.py:190} INFO - [2026-06-16T14:55:37.132+0000] {dag.py:4138} INFO - Setting next_dagrun for airflow_sanity_check to None, run_after=None
[2026-06-16T14:55:37.158+0000] {processor.py:208} INFO - Processing /opt/airflow/dags/sanity_checks.py took 0.126 seconds
[2026-06-16T14:56:07.451+0000] {processor.py:186} INFO - Started process (PID=287) to work on /opt/airflow/dags/sanity_checks.py
[2026-06-16T14:56:07.453+0000] {processor.py:914} INFO - Processing file /opt/airflow/dags/sanity_checks.py for tasks to queue
[2026-06-16T14:56:07.456+0000] {logging_mixin.py:190} INFO - [2026-06-16T14:56:07.456+0000] {dagbag.py:587} INFO - Filling up the DagBag from /opt/airflow/dags/sanity_checks.py
[2026-06-16T14:56:07.472+0000] {processor.py:925} INFO - DAG(s) 'airflow_sanity_check' retrieved from /opt/airflow/dags/sanity_checks.py
[2026-06-16T14:56:07.525+0000] {logging_mixin.py:190} INFO - [2026-06-16T14:56:07.524+0000] {dag.py:3211} INFO - Sync 1 DAGs
[2026-06-16T14:56:07.549+0000] {logging_mixin.py:190} INFO - [2026-06-16T14:56:07.548+0000] {dag.py:4138} INFO - Setting next_dagrun for airflow_sanity_check to None, run_after=None
[2026-06-16T14:56:07.582+0000] {processor.py:208} INFO - Processing /opt/airflow/dags/sanity_checks.py took 0.141 seconds
[2026-06-16T14:56:37.870+0000] {processor.py:186} INFO - Started process (PID=297) to work on /opt/airflow/dags/sanity_checks.py
[2026-06-16T14:56:37.872+0000] {processor.py:914} INFO - Processing file /opt/airflow/dags/sanity_checks.py for tasks to queue
[2026-06-16T14:56:37.877+0000] {logging_mixin.py:190} INFO - [2026-06-16T14:56:37.877+0000] {dagbag.py:587} INFO - Filling up the DagBag from /opt/airflow/dags/sanity_checks.py
[2026-06-16T14:56:37.893+0000] {processor.py:925} INFO - DAG(s) 'airflow_sanity_check' retrieved from /opt/airflow/dags/sanity_checks.py
[2026-06-16T14:56:37.935+0000] {logging_mixin.py:190} INFO - [2026-06-16T14:56:37.934+0000] {dag.py:3211} INFO - Sync 1 DAGs
[2026-06-16T14:56:37.962+0000] {logging_mixin.py:190} INFO - [2026-06-16T14:56:37.961+0000] {dag.py:4138} INFO - Setting next_dagrun for airflow_sanity_check to None, run_after=None
[2026-06-16T14:56:37.994+0000] {processor.py:208} INFO - Processing /opt/airflow/dags/sanity_checks.py took 0.132 seconds
[2026-06-16T14:57:08.321+0000] {processor.py:186} INFO - Started process (PID=307) to work on /opt/airflow/dags/sanity_checks.py
[2026-06-16T14:57:08.323+0000] {processor.py:914} INFO - Processing file /opt/airflow/dags/sanity_checks.py for tasks to queue
[2026-06-16T14:57:08.328+0000] {logging_mixin.py:190} INFO - [2026-06-16T14:57:08.327+0000] {dagbag.py:587} INFO - Filling up the DagBag from /opt/airflow/dags/sanity_checks.py
[2026-06-16T14:57:08.348+0000] {processor.py:925} INFO - DAG(s) 'airflow_sanity_check' retrieved from /opt/airflow/dags/sanity_checks.py
[2026-06-16T14:57:08.398+0000] {logging_mixin.py:190} INFO - [2026-06-16T14:57:08.397+0000] {dag.py:3211} INFO - Sync 1 DAGs
[2026-06-16T14:57:08.420+0000] {logging_mixin.py:190} INFO - [2026-06-16T14:57:08.420+0000] {dag.py:4138} INFO - Setting next_dagrun for airflow_sanity_check to None, run_after=None
[2026-06-16T14:57:08.448+0000] {processor.py:208} INFO - Processing /opt/airflow/dags/sanity_checks.py took 0.139 seconds
[2026-06-16T14:57:38.741+0000] {processor.py:186} INFO - Started process (PID=317) to work on /opt/airflow/dags/sanity_checks.py
[2026-06-16T14:57:38.743+0000] {processor.py:914} INFO - Processing file /opt/airflow/dags/sanity_checks.py for tasks to queue
[2026-06-16T14:57:38.751+0000] {logging_mixin.py:190} INFO - [2026-06-16T14:57:38.750+0000] {dagbag.py:587} INFO - Filling up the DagBag from /opt/airflow/dags/sanity_checks.py
[2026-06-16T14:57:38.769+0000] {processor.py:925} INFO - DAG(s) 'airflow_sanity_check' retrieved from /opt/airflow/dags/sanity_checks.py
[2026-06-16T14:57:38.821+0000] {logging_mixin.py:190} INFO - [2026-06-16T14:57:38.821+0000] {dag.py:3211} INFO - Sync 1 DAGs
[2026-06-16T14:57:38.849+0000] {logging_mixin.py:190} INFO - [2026-06-16T14:57:38.849+0000] {dag.py:4138} INFO - Setting next_dagrun for airflow_sanity_check to None, run_after=None
[2026-06-16T14:57:38.876+0000] {processor.py:208} INFO - Processing /opt/airflow/dags/sanity_checks.py took 0.144 seconds
[2026-06-16T14:58:09.169+0000] {processor.py:186} INFO - Started process (PID=327) to work on /opt/airflow/dags/sanity_checks.py
[2026-06-16T14:58:09.171+0000] {processor.py:914} INFO - Processing file /opt/airflow/dags/sanity_checks.py for tasks to queue
[2026-06-16T14:58:09.174+0000] {logging_mixin.py:190} INFO - [2026-06-16T14:58:09.173+0000] {dagbag.py:587} INFO - Filling up the DagBag from /opt/airflow/dags/sanity_checks.py
[2026-06-16T14:58:09.190+0000] {processor.py:925} INFO - DAG(s) 'airflow_sanity_check' retrieved from /opt/airflow/dags/sanity_checks.py
[2026-06-16T14:58:09.238+0000] {logging_mixin.py:190} INFO - [2026-06-16T14:58:09.238+0000] {dag.py:3211} INFO - Sync 1 DAGs
[2026-06-16T14:58:09.260+0000] {logging_mixin.py:190} INFO - [2026-06-16T14:58:09.260+0000] {dag.py:4138} INFO - Setting next_dagrun for airflow_sanity_check to None, run_after=None
[2026-06-16T14:58:09.289+0000] {processor.py:208} INFO - Processing /opt/airflow/dags/sanity_checks.py took 0.130 seconds
[2026-06-16T14:58:39.592+0000] {processor.py:186} INFO - Started process (PID=337) to work on /opt/airflow/dags/sanity_checks.py
[2026-06-16T14:58:39.595+0000] {processor.py:914} INFO - Processing file /opt/airflow/dags/sanity_checks.py for tasks to queue
[2026-06-16T14:58:39.599+0000] {logging_mixin.py:190} INFO - [2026-06-16T14:58:39.598+0000] {dagbag.py:587} INFO - Filling up the DagBag from /opt/airflow/dags/sanity_checks.py
[2026-06-16T14:58:39.616+0000] {processor.py:925} INFO - DAG(s) 'airflow_sanity_check' retrieved from /opt/airflow/dags/sanity_checks.py
[2026-06-16T14:58:39.663+0000] {logging_mixin.py:190} INFO - [2026-06-16T14:58:39.663+0000] {dag.py:3211} INFO - Sync 1 DAGs
[2026-06-16T14:58:39.698+0000] {logging_mixin.py:190} INFO - [2026-06-16T14:58:39.698+0000] {dag.py:4138} INFO - Setting next_dagrun for airflow_sanity_check to None, run_after=None
[2026-06-16T14:58:39.731+0000] {processor.py:208} INFO - Processing /opt/airflow/dags/sanity_checks.py took 0.150 seconds
[2026-06-16T14:59:10.026+0000] {processor.py:186} INFO - Started process (PID=347) to work on /opt/airflow/dags/sanity_checks.py
[2026-06-16T14:59:10.028+0000] {processor.py:914} INFO - Processing file /opt/airflow/dags/sanity_checks.py for tasks to queue
[2026-06-16T14:59:10.031+0000] {logging_mixin.py:190} INFO - [2026-06-16T14:59:10.031+0000] {dagbag.py:587} INFO - Filling up the DagBag from /opt/airflow/dags/sanity_checks.py
[2026-06-16T14:59:10.047+0000] {processor.py:925} INFO - DAG(s) 'airflow_sanity_check' retrieved from /opt/airflow/dags/sanity_checks.py
[2026-06-16T14:59:10.092+0000] {logging_mixin.py:190} INFO - [2026-06-16T14:59:10.091+0000] {dag.py:3211} INFO - Sync 1 DAGs
[2026-06-16T14:59:10.114+0000] {logging_mixin.py:190} INFO - [2026-06-16T14:59:10.114+0000] {dag.py:4138} INFO - Setting next_dagrun for airflow_sanity_check to None, run_after=None
[2026-06-16T14:59:10.143+0000] {processor.py:208} INFO - Processing /opt/airflow/dags/sanity_checks.py took 0.129 seconds
[2026-06-16T14:59:40.447+0000] {processor.py:186} INFO - Started process (PID=357) to work on /opt/airflow/dags/sanity_checks.py
[2026-06-16T14:59:40.448+0000] {processor.py:914} INFO - Processing file /opt/airflow/dags/sanity_checks.py for tasks to queue
[2026-06-16T14:59:40.452+0000] {logging_mixin.py:190} INFO - [2026-06-16T14:59:40.451+0000] {dagbag.py:587} INFO - Filling up the DagBag from /opt/airflow/dags/sanity_checks.py
[2026-06-16T14:59:40.468+0000] {processor.py:925} INFO - DAG(s) 'airflow_sanity_check' retrieved from /opt/airflow/dags/sanity_checks.py
[2026-06-16T14:59:40.513+0000] {logging_mixin.py:190} INFO - [2026-06-16T14:59:40.513+0000] {dag.py:3211} INFO - Sync 1 DAGs
[2026-06-16T14:59:40.535+0000] {logging_mixin.py:190} INFO - [2026-06-16T14:59:40.534+0000] {dag.py:4138} INFO - Setting next_dagrun for airflow_sanity_check to None, run_after=None
[2026-06-16T14:59:40.565+0000] {processor.py:208} INFO - Processing /opt/airflow/dags/sanity_checks.py took 0.127 seconds
[2026-06-16T15:00:10.857+0000] {processor.py:186} INFO - Started process (PID=367) to work on /opt/airflow/dags/sanity_checks.py
[2026-06-16T15:00:10.859+0000] {processor.py:914} INFO - Processing file /opt/airflow/dags/sanity_checks.py for tasks to queue
[2026-06-16T15:00:10.863+0000] {logging_mixin.py:190} INFO - [2026-06-16T15:00:10.862+0000] {dagbag.py:587} INFO - Filling up the DagBag from /opt/airflow/dags/sanity_checks.py
[2026-06-16T15:00:10.884+0000] {processor.py:925} INFO - DAG(s) 'airflow_sanity_check' retrieved from /opt/airflow/dags/sanity_checks.py
[2026-06-16T15:00:10.933+0000] {logging_mixin.py:190} INFO - [2026-06-16T15:00:10.932+0000] {dag.py:3211} INFO - Sync 1 DAGs
[2026-06-16T15:00:10.957+0000] {logging_mixin.py:190} INFO - [2026-06-16T15:00:10.956+0000] {dag.py:4138} INFO - Setting next_dagrun for airflow_sanity_check to None, run_after=None
[2026-06-16T15:00:10.987+0000] {processor.py:208} INFO - Processing /opt/airflow/dags/sanity_checks.py took 0.138 seconds
[2026-06-16T15:00:41.297+0000] {processor.py:186} INFO - Started process (PID=377) to work on /opt/airflow/dags/sanity_checks.py
[2026-06-16T15:00:41.299+0000] {processor.py:914} INFO - Processing file /opt/airflow/dags/sanity_checks.py for tasks to queue
[2026-06-16T15:00:41.304+0000] {logging_mixin.py:190} INFO - [2026-06-16T15:00:41.304+0000] {dagbag.py:587} INFO - Filling up the DagBag from /opt/airflow/dags/sanity_checks.py
[2026-06-16T15:00:41.323+0000] {processor.py:925} INFO - DAG(s) 'airflow_sanity_check' retrieved from /opt/airflow/dags/sanity_checks.py
[2026-06-16T15:00:41.380+0000] {logging_mixin.py:190} INFO - [2026-06-16T15:00:41.379+0000] {dag.py:3211} INFO - Sync 1 DAGs
[2026-06-16T15:00:41.409+0000] {logging_mixin.py:190} INFO - [2026-06-16T15:00:41.409+0000] {dag.py:4138} INFO - Setting next_dagrun for airflow_sanity_check to None, run_after=None
[2026-06-16T15:00:41.446+0000] {processor.py:208} INFO - Processing /opt/airflow/dags/sanity_checks.py took 0.164 seconds
[2026-06-16T15:01:11.741+0000] {processor.py:186} INFO - Started process (PID=387) to work on /opt/airflow/dags/sanity_checks.py
[2026-06-16T15:01:11.742+0000] {processor.py:914} INFO - Processing file /opt/airflow/dags/sanity_checks.py for tasks to queue
[2026-06-16T15:01:11.746+0000] {logging_mixin.py:190} INFO - [2026-06-16T15:01:11.745+0000] {dagbag.py:587} INFO - Filling up the DagBag from /opt/airflow/dags/sanity_checks.py
[2026-06-16T15:01:11.764+0000] {processor.py:925} INFO - DAG(s) 'airflow_sanity_check' retrieved from /opt/airflow/dags/sanity_checks.py
[2026-06-16T15:01:11.815+0000] {logging_mixin.py:190} INFO - [2026-06-16T15:01:11.815+0000] {dag.py:3211} INFO - Sync 1 DAGs
[2026-06-16T15:01:11.838+0000] {logging_mixin.py:190} INFO - [2026-06-16T15:01:11.838+0000] {dag.py:4138} INFO - Setting next_dagrun for airflow_sanity_check to None, run_after=None
[2026-06-16T15:01:11.866+0000] {processor.py:208} INFO - Processing /opt/airflow/dags/sanity_checks.py took 0.134 seconds
[2026-06-16T15:01:42.206+0000] {processor.py:186} INFO - Started process (PID=397) to work on /opt/airflow/dags/sanity_checks.py
[2026-06-16T15:01:42.208+0000] {processor.py:914} INFO - Processing file /opt/airflow/dags/sanity_checks.py for tasks to queue
[2026-06-16T15:01:42.212+0000] {logging_mixin.py:190} INFO - [2026-06-16T15:01:42.211+0000] {dagbag.py:587} INFO - Filling up the DagBag from /opt/airflow/dags/sanity_checks.py
[2026-06-16T15:01:42.228+0000] {processor.py:925} INFO - DAG(s) 'airflow_sanity_check' retrieved from /opt/airflow/dags/sanity_checks.py
[2026-06-16T15:01:42.287+0000] {logging_mixin.py:190} INFO - [2026-06-16T15:01:42.287+0000] {dag.py:3211} INFO - Sync 1 DAGs
[2026-06-16T15:01:42.322+0000] {logging_mixin.py:190} INFO - [2026-06-16T15:01:42.321+0000] {dag.py:4138} INFO - Setting next_dagrun for airflow_sanity_check to None, run_after=None
[2026-06-16T15:01:42.353+0000] {processor.py:208} INFO - Processing /opt/airflow/dags/sanity_checks.py took 0.159 seconds
[2026-06-16T15:02:13.231+0000] {processor.py:186} INFO - Started process (PID=407) to work on /opt/airflow/dags/sanity_checks.py
[2026-06-16T15:02:13.233+0000] {processor.py:914} INFO - Processing file /opt/airflow/dags/sanity_checks.py for tasks to queue
[2026-06-16T15:02:13.240+0000] {logging_mixin.py:190} INFO - [2026-06-16T15:02:13.239+0000] {dagbag.py:587} INFO - Filling up the DagBag from /opt/airflow/dags/sanity_checks.py
[2026-06-16T15:02:13.270+0000] {processor.py:925} INFO - DAG(s) 'airflow_sanity_check' retrieved from /opt/airflow/dags/sanity_checks.py
[2026-06-16T15:02:13.318+0000] {logging_mixin.py:190} INFO - [2026-06-16T15:02:13.318+0000] {dag.py:3211} INFO - Sync 1 DAGs
[2026-06-16T15:02:13.342+0000] {logging_mixin.py:190} INFO - [2026-06-16T15:02:13.341+0000] {dag.py:4138} INFO - Setting next_dagrun for airflow_sanity_check to None, run_after=None
[2026-06-16T15:02:13.370+0000] {processor.py:208} INFO - Processing /opt/airflow/dags/sanity_checks.py took 0.187 seconds
[2026-06-16T15:03:24.356+0000] {processor.py:186} INFO - Started process (PID=417) to work on /opt/airflow/dags/sanity_checks.py
[2026-06-16T15:03:24.357+0000] {processor.py:914} INFO - Processing file /opt/airflow/dags/sanity_checks.py for tasks to queue
[2026-06-16T15:03:24.361+0000] {logging_mixin.py:190} INFO - [2026-06-16T15:03:24.361+0000] {dagbag.py:587} INFO - Filling up the DagBag from /opt/airflow/dags/sanity_checks.py
[2026-06-16T15:03:24.376+0000] {processor.py:925} INFO - DAG(s) 'airflow_sanity_check' retrieved from /opt/airflow/dags/sanity_checks.py
[2026-06-16T15:03:24.427+0000] {logging_mixin.py:190} INFO - [2026-06-16T15:03:24.427+0000] {dag.py:3211} INFO - Sync 1 DAGs
[2026-06-16T15:03:24.449+0000] {logging_mixin.py:190} INFO - [2026-06-16T15:03:24.448+0000] {dag.py:4138} INFO - Setting next_dagrun for airflow_sanity_check to None, run_after=None
[2026-06-16T15:03:24.479+0000] {processor.py:208} INFO - Processing /opt/airflow/dags/sanity_checks.py took 0.136 seconds
[2026-06-16T15:06:53.264+0000] {processor.py:186} INFO - Started process (PID=427) to work on /opt/airflow/dags/sanity_checks.py
[2026-06-16T15:06:53.267+0000] {processor.py:914} INFO - Processing file /opt/airflow/dags/sanity_checks.py for tasks to queue
[2026-06-16T15:06:53.272+0000] {logging_mixin.py:190} INFO - [2026-06-16T15:06:53.272+0000] {dagbag.py:587} INFO - Filling up the DagBag from /opt/airflow/dags/sanity_checks.py
[2026-06-16T15:06:53.289+0000] {processor.py:925} INFO - DAG(s) 'airflow_sanity_check' retrieved from /opt/airflow/dags/sanity_checks.py
[2026-06-16T15:06:53.333+0000] {logging_mixin.py:190} INFO - [2026-06-16T15:06:53.333+0000] {dag.py:3211} INFO - Sync 1 DAGs
[2026-06-16T15:06:53.357+0000] {logging_mixin.py:190} INFO - [2026-06-16T15:06:53.357+0000] {dag.py:4138} INFO - Setting next_dagrun for airflow_sanity_check to None, run_after=None
[2026-06-16T15:06:53.384+0000] {processor.py:208} INFO - Processing /opt/airflow/dags/sanity_checks.py took 0.135 seconds
[2026-06-16T15:07:23.664+0000] {processor.py:186} INFO - Started process (PID=437) to work on /opt/airflow/dags/sanity_checks.py
[2026-06-16T15:07:23.666+0000] {processor.py:914} INFO - Processing file /opt/airflow/dags/sanity_checks.py for tasks to queue
[2026-06-16T15:07:23.671+0000] {logging_mixin.py:190} INFO - [2026-06-16T15:07:23.670+0000] {dagbag.py:587} INFO - Filling up the DagBag from /opt/airflow/dags/sanity_checks.py
[2026-06-16T15:07:23.694+0000] {processor.py:925} INFO - DAG(s) 'airflow_sanity_check' retrieved from /opt/airflow/dags/sanity_checks.py
[2026-06-16T15:07:23.736+0000] {logging_mixin.py:190} INFO - [2026-06-16T15:07:23.736+0000] {dag.py:3211} INFO - Sync 1 DAGs
[2026-06-16T15:07:23.756+0000] {logging_mixin.py:190} INFO - [2026-06-16T15:07:23.756+0000] {dag.py:4138} INFO - Setting next_dagrun for airflow_sanity_check to None, run_after=None
[2026-06-16T15:07:23.789+0000] {processor.py:208} INFO - Processing /opt/airflow/dags/sanity_checks.py took 0.134 seconds
[2026-06-16T15:07:54.144+0000] {processor.py:186} INFO - Started process (PID=447) to work on /opt/airflow/dags/sanity_checks.py
[2026-06-16T15:07:54.147+0000] {processor.py:914} INFO - Processing file /opt/airflow/dags/sanity_checks.py for tasks to queue
[2026-06-16T15:07:54.151+0000] {logging_mixin.py:190} INFO - [2026-06-16T15:07:54.151+0000] {dagbag.py:587} INFO - Filling up the DagBag from /opt/airflow/dags/sanity_checks.py
[2026-06-16T15:07:54.184+0000] {processor.py:925} INFO - DAG(s) 'airflow_sanity_check' retrieved from /opt/airflow/dags/sanity_checks.py
[2026-06-16T15:07:54.245+0000] {logging_mixin.py:190} INFO - [2026-06-16T15:07:54.244+0000] {dag.py:3211} INFO - Sync 1 DAGs
[2026-06-16T15:07:54.308+0000] {logging_mixin.py:190} INFO - [2026-06-16T15:07:54.307+0000] {dag.py:4138} INFO - Setting next_dagrun for airflow_sanity_check to None, run_after=None
[2026-06-16T15:07:54.414+0000] {processor.py:208} INFO - Processing /opt/airflow/dags/sanity_checks.py took 0.286 seconds
[2026-06-16T15:08:24.891+0000] {processor.py:186} INFO - Started process (PID=457) to work on /opt/airflow/dags/sanity_checks.py
[2026-06-16T15:08:24.893+0000] {processor.py:914} INFO - Processing file /opt/airflow/dags/sanity_checks.py for tasks to queue
[2026-06-16T15:08:24.897+0000] {logging_mixin.py:190} INFO - [2026-06-16T15:08:24.896+0000] {dagbag.py:587} INFO - Filling up the DagBag from /opt/airflow/dags/sanity_checks.py
[2026-06-16T15:08:24.916+0000] {processor.py:925} INFO - DAG(s) 'airflow_sanity_check' retrieved from /opt/airflow/dags/sanity_checks.py
[2026-06-16T15:08:24.967+0000] {logging_mixin.py:190} INFO - [2026-06-16T15:08:24.966+0000] {dag.py:3211} INFO - Sync 1 DAGs
[2026-06-16T15:08:24.999+0000] {logging_mixin.py:190} INFO - [2026-06-16T15:08:24.999+0000] {dag.py:4138} INFO - Setting next_dagrun for airflow_sanity_check to None, run_after=None
[2026-06-16T15:08:25.034+0000] {processor.py:208} INFO - Processing /opt/airflow/dags/sanity_checks.py took 0.154 seconds
[2026-06-16T15:08:55.308+0000] {processor.py:186} INFO - Started process (PID=467) to work on /opt/airflow/dags/sanity_checks.py
[2026-06-16T15:08:55.310+0000] {processor.py:914} INFO - Processing file /opt/airflow/dags/sanity_checks.py for tasks to queue
[2026-06-16T15:08:55.314+0000] {logging_mixin.py:190} INFO - [2026-06-16T15:08:55.313+0000] {dagbag.py:587} INFO - Filling up the DagBag from /opt/airflow/dags/sanity_checks.py
[2026-06-16T15:08:55.329+0000] {processor.py:925} INFO - DAG(s) 'airflow_sanity_check' retrieved from /opt/airflow/dags/sanity_checks.py
[2026-06-16T15:08:55.376+0000] {logging_mixin.py:190} INFO - [2026-06-16T15:08:55.376+0000] {dag.py:3211} INFO - Sync 1 DAGs
[2026-06-16T15:08:55.400+0000] {logging_mixin.py:190} INFO - [2026-06-16T15:08:55.399+0000] {dag.py:4138} INFO - Setting next_dagrun for airflow_sanity_check to None, run_after=None
[2026-06-16T15:08:55.426+0000] {processor.py:208} INFO - Processing /opt/airflow/dags/sanity_checks.py took 0.125 seconds
[2026-06-16T15:09:25.716+0000] {processor.py:186} INFO - Started process (PID=477) to work on /opt/airflow/dags/sanity_checks.py
[2026-06-16T15:09:25.718+0000] {processor.py:914} INFO - Processing file /opt/airflow/dags/sanity_checks.py for tasks to queue
[2026-06-16T15:09:25.721+0000] {logging_mixin.py:190} INFO - [2026-06-16T15:09:25.721+0000] {dagbag.py:587} INFO - Filling up the DagBag from /opt/airflow/dags/sanity_checks.py
[2026-06-16T15:09:25.737+0000] {processor.py:925} INFO - DAG(s) 'airflow_sanity_check' retrieved from /opt/airflow/dags/sanity_checks.py
[2026-06-16T15:09:25.782+0000] {logging_mixin.py:190} INFO - [2026-06-16T15:09:25.781+0000] {dag.py:3211} INFO - Sync 1 DAGs
[2026-06-16T15:09:25.804+0000] {logging_mixin.py:190} INFO - [2026-06-16T15:09:25.803+0000] {dag.py:4138} INFO - Setting next_dagrun for airflow_sanity_check to None, run_after=None
[2026-06-16T15:09:25.828+0000] {processor.py:208} INFO - Processing /opt/airflow/dags/sanity_checks.py took 0.121 seconds
[2026-06-16T15:09:56.117+0000] {processor.py:186} INFO - Started process (PID=487) to work on /opt/airflow/dags/sanity_checks.py
[2026-06-16T15:09:56.119+0000] {processor.py:914} INFO - Processing file /opt/airflow/dags/sanity_checks.py for tasks to queue
[2026-06-16T15:09:56.125+0000] {logging_mixin.py:190} INFO - [2026-06-16T15:09:56.124+0000] {dagbag.py:587} INFO - Filling up the DagBag from /opt/airflow/dags/sanity_checks.py
[2026-06-16T15:09:56.145+0000] {processor.py:925} INFO - DAG(s) 'airflow_sanity_check' retrieved from /opt/airflow/dags/sanity_checks.py
[2026-06-16T15:09:56.191+0000] {logging_mixin.py:190} INFO - [2026-06-16T15:09:56.191+0000] {dag.py:3211} INFO - Sync 1 DAGs
[2026-06-16T15:09:56.212+0000] {logging_mixin.py:190} INFO - [2026-06-16T15:09:56.212+0000] {dag.py:4138} INFO - Setting next_dagrun for airflow_sanity_check to None, run_after=None
[2026-06-16T15:09:56.241+0000] {processor.py:208} INFO - Processing /opt/airflow/dags/sanity_checks.py took 0.132 seconds
[2026-06-16T15:10:26.697+0000] {processor.py:186} INFO - Started process (PID=497) to work on /opt/airflow/dags/sanity_checks.py
[2026-06-16T15:10:26.699+0000] {processor.py:914} INFO - Processing file /opt/airflow/dags/sanity_checks.py for tasks to queue
[2026-06-16T15:10:26.703+0000] {logging_mixin.py:190} INFO - [2026-06-16T15:10:26.703+0000] {dagbag.py:587} INFO - Filling up the DagBag from /opt/airflow/dags/sanity_checks.py
[2026-06-16T15:10:26.718+0000] {processor.py:925} INFO - DAG(s) 'airflow_sanity_check' retrieved from /opt/airflow/dags/sanity_checks.py
[2026-06-16T15:10:26.763+0000] {logging_mixin.py:190} INFO - [2026-06-16T15:10:26.762+0000] {dag.py:3211} INFO - Sync 1 DAGs
[2026-06-16T15:10:26.796+0000] {logging_mixin.py:190} INFO - [2026-06-16T15:10:26.796+0000] {dag.py:4138} INFO - Setting next_dagrun for airflow_sanity_check to None, run_after=None
[2026-06-16T15:10:26.826+0000] {processor.py:208} INFO - Processing /opt/airflow/dags/sanity_checks.py took 0.140 seconds
[2026-06-16T15:10:57.148+0000] {processor.py:186} INFO - Started process (PID=507) to work on /opt/airflow/dags/sanity_checks.py
[2026-06-16T15:10:57.150+0000] {processor.py:914} INFO - Processing file /opt/airflow/dags/sanity_checks.py for tasks to queue
[2026-06-16T15:10:57.153+0000] {logging_mixin.py:190} INFO - [2026-06-16T15:10:57.152+0000] {dagbag.py:587} INFO - Filling up the DagBag from /opt/airflow/dags/sanity_checks.py
[2026-06-16T15:10:57.174+0000] {processor.py:925} INFO - DAG(s) 'airflow_sanity_check' retrieved from /opt/airflow/dags/sanity_checks.py
[2026-06-16T15:10:57.226+0000] {logging_mixin.py:190} INFO - [2026-06-16T15:10:57.225+0000] {dag.py:3211} INFO - Sync 1 DAGs
[2026-06-16T15:10:57.251+0000] {logging_mixin.py:190} INFO - [2026-06-16T15:10:57.251+0000] {dag.py:4138} INFO - Setting next_dagrun for airflow_sanity_check to None, run_after=None
[2026-06-16T15:10:57.281+0000] {processor.py:208} INFO - Processing /opt/airflow/dags/sanity_checks.py took 0.144 seconds
[2026-06-16T15:11:27.588+0000] {processor.py:186} INFO - Started process (PID=517) to work on /opt/airflow/dags/sanity_checks.py
[2026-06-16T15:11:27.590+0000] {processor.py:914} INFO - Processing file /opt/airflow/dags/sanity_checks.py for tasks to queue
[2026-06-16T15:11:27.596+0000] {logging_mixin.py:190} INFO - [2026-06-16T15:11:27.595+0000] {dagbag.py:587} INFO - Filling up the DagBag from /opt/airflow/dags/sanity_checks.py
[2026-06-16T15:11:27.617+0000] {processor.py:925} INFO - DAG(s) 'airflow_sanity_check' retrieved from /opt/airflow/dags/sanity_checks.py
[2026-06-16T15:11:27.667+0000] {logging_mixin.py:190} INFO - [2026-06-16T15:11:27.666+0000] {dag.py:3211} INFO - Sync 1 DAGs
[2026-06-16T15:11:27.690+0000] {logging_mixin.py:190} INFO - [2026-06-16T15:11:27.690+0000] {dag.py:4138} INFO - Setting next_dagrun for airflow_sanity_check to None, run_after=None
[2026-06-16T15:11:27.716+0000] {processor.py:208} INFO - Processing /opt/airflow/dags/sanity_checks.py took 0.137 seconds
[2026-06-16T15:11:58.024+0000] {processor.py:186} INFO - Started process (PID=527) to work on /opt/airflow/dags/sanity_checks.py
[2026-06-16T15:11:58.025+0000] {processor.py:914} INFO - Processing file /opt/airflow/dags/sanity_checks.py for tasks to queue
[2026-06-16T15:11:58.029+0000] {logging_mixin.py:190} INFO - [2026-06-16T15:11:58.028+0000] {dagbag.py:587} INFO - Filling up the DagBag from /opt/airflow/dags/sanity_checks.py
[2026-06-16T15:11:58.043+0000] {processor.py:925} INFO - DAG(s) 'airflow_sanity_check' retrieved from /opt/airflow/dags/sanity_checks.py
[2026-06-16T15:11:58.092+0000] {logging_mixin.py:190} INFO - [2026-06-16T15:11:58.091+0000] {dag.py:3211} INFO - Sync 1 DAGs
[2026-06-16T15:11:58.116+0000] {logging_mixin.py:190} INFO - [2026-06-16T15:11:58.116+0000] {dag.py:4138} INFO - Setting next_dagrun for airflow_sanity_check to None, run_after=None
[2026-06-16T15:11:58.150+0000] {processor.py:208} INFO - Processing /opt/airflow/dags/sanity_checks.py took 0.134 seconds
[2026-06-16T15:12:28.441+0000] {processor.py:186} INFO - Started process (PID=537) to work on /opt/airflow/dags/sanity_checks.py
[2026-06-16T15:12:28.443+0000] {processor.py:914} INFO - Processing file /opt/airflow/dags/sanity_checks.py for tasks to queue
[2026-06-16T15:12:28.446+0000] {logging_mixin.py:190} INFO - [2026-06-16T15:12:28.446+0000] {dagbag.py:587} INFO - Filling up the DagBag from /opt/airflow/dags/sanity_checks.py
[2026-06-16T15:12:28.462+0000] {processor.py:925} INFO - DAG(s) 'airflow_sanity_check' retrieved from /opt/airflow/dags/sanity_checks.py
[2026-06-16T15:12:28.503+0000] {logging_mixin.py:190} INFO - [2026-06-16T15:12:28.502+0000] {dag.py:3211} INFO - Sync 1 DAGs
[2026-06-16T15:12:28.523+0000] {logging_mixin.py:190} INFO - [2026-06-16T15:12:28.523+0000] {dag.py:4138} INFO - Setting next_dagrun for airflow_sanity_check to None, run_after=None
[2026-06-16T15:12:28.555+0000] {processor.py:208} INFO - Processing /opt/airflow/dags/sanity_checks.py took 0.123 seconds
[2026-06-16T15:12:58.834+0000] {processor.py:186} INFO - Started process (PID=547) to work on /opt/airflow/dags/sanity_checks.py
[2026-06-16T15:12:58.836+0000] {processor.py:914} INFO - Processing file /opt/airflow/dags/sanity_checks.py for tasks to queue
[2026-06-16T15:12:58.839+0000] {logging_mixin.py:190} INFO - [2026-06-16T15:12:58.839+0000] {dagbag.py:587} INFO - Filling up the DagBag from /opt/airflow/dags/sanity_checks.py
[2026-06-16T15:12:58.854+0000] {processor.py:925} INFO - DAG(s) 'airflow_sanity_check' retrieved from /opt/airflow/dags/sanity_checks.py
[2026-06-16T15:12:58.898+0000] {logging_mixin.py:190} INFO - [2026-06-16T15:12:58.898+0000] {dag.py:3211} INFO - Sync 1 DAGs
[2026-06-16T15:12:58.920+0000] {logging_mixin.py:190} INFO - [2026-06-16T15:12:58.919+0000] {dag.py:4138} INFO - Setting next_dagrun for airflow_sanity_check to None, run_after=None
[2026-06-16T15:12:58.956+0000] {processor.py:208} INFO - Processing /opt/airflow/dags/sanity_checks.py took 0.131 seconds
[2026-06-16T15:13:29.245+0000] {processor.py:186} INFO - Started process (PID=557) to work on /opt/airflow/dags/sanity_checks.py
[2026-06-16T15:13:29.247+0000] {processor.py:914} INFO - Processing file /opt/airflow/dags/sanity_checks.py for tasks to queue
[2026-06-16T15:13:29.251+0000] {logging_mixin.py:190} INFO - [2026-06-16T15:13:29.250+0000] {dagbag.py:587} INFO - Filling up the DagBag from /opt/airflow/dags/sanity_checks.py
[2026-06-16T15:13:29.265+0000] {processor.py:925} INFO - DAG(s) 'airflow_sanity_check' retrieved from /opt/airflow/dags/sanity_checks.py
[2026-06-16T15:13:29.305+0000] {logging_mixin.py:190} INFO - [2026-06-16T15:13:29.305+0000] {dag.py:3211} INFO - Sync 1 DAGs
[2026-06-16T15:13:29.329+0000] {logging_mixin.py:190} INFO - [2026-06-16T15:13:29.328+0000] {dag.py:4138} INFO - Setting next_dagrun for airflow_sanity_check to None, run_after=None
[2026-06-16T15:13:29.356+0000] {processor.py:208} INFO - Processing /opt/airflow/dags/sanity_checks.py took 0.119 seconds
[2026-06-16T15:13:59.646+0000] {processor.py:186} INFO - Started process (PID=567) to work on /opt/airflow/dags/sanity_checks.py
[2026-06-16T15:13:59.648+0000] {processor.py:914} INFO - Processing file /opt/airflow/dags/sanity_checks.py for tasks to queue
[2026-06-16T15:13:59.652+0000] {logging_mixin.py:190} INFO - [2026-06-16T15:13:59.652+0000] {dagbag.py:587} INFO - Filling up the DagBag from /opt/airflow/dags/sanity_checks.py
[2026-06-16T15:13:59.669+0000] {processor.py:925} INFO - DAG(s) 'airflow_sanity_check' retrieved from /opt/airflow/dags/sanity_checks.py
[2026-06-16T15:13:59.723+0000] {logging_mixin.py:190} INFO - [2026-06-16T15:13:59.723+0000] {dag.py:3211} INFO - Sync 1 DAGs
[2026-06-16T15:13:59.746+0000] {logging_mixin.py:190} INFO - [2026-06-16T15:13:59.746+0000] {dag.py:4138} INFO - Setting next_dagrun for airflow_sanity_check to None, run_after=None
[2026-06-16T15:13:59.774+0000] {processor.py:208} INFO - Processing /opt/airflow/dags/sanity_checks.py took 0.138 seconds
[2026-06-16T15:14:30.110+0000] {processor.py:186} INFO - Started process (PID=577) to work on /opt/airflow/dags/sanity_checks.py
[2026-06-16T15:14:30.112+0000] {processor.py:914} INFO - Processing file /opt/airflow/dags/sanity_checks.py for tasks to queue
[2026-06-16T15:14:30.116+0000] {logging_mixin.py:190} INFO - [2026-06-16T15:14:30.115+0000] {dagbag.py:587} INFO - Filling up the DagBag from /opt/airflow/dags/sanity_checks.py
[2026-06-16T15:14:30.136+0000] {processor.py:925} INFO - DAG(s) 'airflow_sanity_check' retrieved from /opt/airflow/dags/sanity_checks.py
[2026-06-16T15:14:30.188+0000] {logging_mixin.py:190} INFO - [2026-06-16T15:14:30.188+0000] {dag.py:3211} INFO - Sync 1 DAGs
[2026-06-16T15:14:30.217+0000] {logging_mixin.py:190} INFO - [2026-06-16T15:14:30.216+0000] {dag.py:4138} INFO - Setting next_dagrun for airflow_sanity_check to None, run_after=None
[2026-06-16T15:14:30.247+0000] {processor.py:208} INFO - Processing /opt/airflow/dags/sanity_checks.py took 0.147 seconds
[2026-06-16T15:15:00.720+0000] {processor.py:186} INFO - Started process (PID=587) to work on /opt/airflow/dags/sanity_checks.py
[2026-06-16T15:15:00.722+0000] {processor.py:914} INFO - Processing file /opt/airflow/dags/sanity_checks.py for tasks to queue
[2026-06-16T15:15:00.726+0000] {logging_mixin.py:190} INFO - [2026-06-16T15:15:00.725+0000] {dagbag.py:587} INFO - Filling up the DagBag from /opt/airflow/dags/sanity_checks.py
[2026-06-16T15:15:00.749+0000] {processor.py:925} INFO - DAG(s) 'airflow_sanity_check' retrieved from /opt/airflow/dags/sanity_checks.py
[2026-06-16T15:15:00.796+0000] {logging_mixin.py:190} INFO - [2026-06-16T15:15:00.796+0000] {dag.py:3211} INFO - Sync 1 DAGs
[2026-06-16T15:15:00.821+0000] {logging_mixin.py:190} INFO - [2026-06-16T15:15:00.820+0000] {dag.py:4138} INFO - Setting next_dagrun for airflow_sanity_check to None, run_after=None
[2026-06-16T15:15:00.845+0000] {processor.py:208} INFO - Processing /opt/airflow/dags/sanity_checks.py took 0.141 seconds
[2026-06-16T15:15:31.150+0000] {processor.py:186} INFO - Started process (PID=597) to work on /opt/airflow/dags/sanity_checks.py
[2026-06-16T15:15:31.153+0000] {processor.py:914} INFO - Processing file /opt/airflow/dags/sanity_checks.py for tasks to queue
[2026-06-16T15:15:31.158+0000] {logging_mixin.py:190} INFO - [2026-06-16T15:15:31.157+0000] {dagbag.py:587} INFO - Filling up the DagBag from /opt/airflow/dags/sanity_checks.py
[2026-06-16T15:15:31.174+0000] {processor.py:925} INFO - DAG(s) 'airflow_sanity_check' retrieved from /opt/airflow/dags/sanity_checks.py
[2026-06-16T15:15:31.227+0000] {logging_mixin.py:190} INFO - [2026-06-16T15:15:31.226+0000] {dag.py:3211} INFO - Sync 1 DAGs
[2026-06-16T15:15:31.249+0000] {logging_mixin.py:190} INFO - [2026-06-16T15:15:31.248+0000] {dag.py:4138} INFO - Setting next_dagrun for airflow_sanity_check to None, run_after=None
[2026-06-16T15:15:31.276+0000] {processor.py:208} INFO - Processing /opt/airflow/dags/sanity_checks.py took 0.136 seconds
[2026-06-16T15:16:01.585+0000] {processor.py:186} INFO - Started process (PID=607) to work on /opt/airflow/dags/sanity_checks.py
[2026-06-16T15:16:01.589+0000] {processor.py:914} INFO - Processing file /opt/airflow/dags/sanity_checks.py for tasks to queue
[2026-06-16T15:16:01.592+0000] {logging_mixin.py:190} INFO - [2026-06-16T15:16:01.592+0000] {dagbag.py:587} INFO - Filling up the DagBag from /opt/airflow/dags/sanity_checks.py
[2026-06-16T15:16:01.613+0000] {processor.py:925} INFO - DAG(s) 'airflow_sanity_check' retrieved from /opt/airflow/dags/sanity_checks.py
[2026-06-16T15:16:01.663+0000] {logging_mixin.py:190} INFO - [2026-06-16T15:16:01.663+0000] {dag.py:3211} INFO - Sync 1 DAGs
[2026-06-16T15:16:01.685+0000] {logging_mixin.py:190} INFO - [2026-06-16T15:16:01.685+0000] {dag.py:4138} INFO - Setting next_dagrun for airflow_sanity_check to None, run_after=None
[2026-06-16T15:16:01.718+0000] {processor.py:208} INFO - Processing /opt/airflow/dags/sanity_checks.py took 0.144 seconds
[2026-06-16T15:16:32.032+0000] {processor.py:186} INFO - Started process (PID=617) to work on /opt/airflow/dags/sanity_checks.py
[2026-06-16T15:16:32.033+0000] {processor.py:914} INFO - Processing file /opt/airflow/dags/sanity_checks.py for tasks to queue
[2026-06-16T15:16:32.037+0000] {logging_mixin.py:190} INFO - [2026-06-16T15:16:32.037+0000] {dagbag.py:587} INFO - Filling up the DagBag from /opt/airflow/dags/sanity_checks.py
[2026-06-16T15:16:32.052+0000] {processor.py:925} INFO - DAG(s) 'airflow_sanity_check' retrieved from /opt/airflow/dags/sanity_checks.py
[2026-06-16T15:16:32.098+0000] {logging_mixin.py:190} INFO - [2026-06-16T15:16:32.098+0000] {dag.py:3211} INFO - Sync 1 DAGs
[2026-06-16T15:16:32.120+0000] {logging_mixin.py:190} INFO - [2026-06-16T15:16:32.119+0000] {dag.py:4138} INFO - Setting next_dagrun for airflow_sanity_check to None, run_after=None
[2026-06-16T15:16:32.146+0000] {processor.py:208} INFO - Processing /opt/airflow/dags/sanity_checks.py took 0.123 seconds
[2026-06-16T15:17:02.655+0000] {processor.py:186} INFO - Started process (PID=627) to work on /opt/airflow/dags/sanity_checks.py
[2026-06-16T15:17:02.657+0000] {processor.py:914} INFO - Processing file /opt/airflow/dags/sanity_checks.py for tasks to queue
[2026-06-16T15:17:02.660+0000] {logging_mixin.py:190} INFO - [2026-06-16T15:17:02.660+0000] {dagbag.py:587} INFO - Filling up the DagBag from /opt/airflow/dags/sanity_checks.py
[2026-06-16T15:17:02.676+0000] {processor.py:925} INFO - DAG(s) 'airflow_sanity_check' retrieved from /opt/airflow/dags/sanity_checks.py
[2026-06-16T15:17:02.718+0000] {logging_mixin.py:190} INFO - [2026-06-16T15:17:02.718+0000] {dag.py:3211} INFO - Sync 1 DAGs
[2026-06-16T15:17:02.740+0000] {logging_mixin.py:190} INFO - [2026-06-16T15:17:02.740+0000] {dag.py:4138} INFO - Setting next_dagrun for airflow_sanity_check to None, run_after=None
[2026-06-16T15:17:02.767+0000] {processor.py:208} INFO - Processing /opt/airflow/dags/sanity_checks.py took 0.120 seconds
[2026-06-16T15:17:33.119+0000] {processor.py:186} INFO - Started process (PID=637) to work on /opt/airflow/dags/sanity_checks.py
[2026-06-16T15:17:33.121+0000] {processor.py:914} INFO - Processing file /opt/airflow/dags/sanity_checks.py for tasks to queue
[2026-06-16T15:17:33.124+0000] {logging_mixin.py:190} INFO - [2026-06-16T15:17:33.123+0000] {dagbag.py:587} INFO - Filling up the DagBag from /opt/airflow/dags/sanity_checks.py
[2026-06-16T15:17:33.139+0000] {processor.py:925} INFO - DAG(s) 'airflow_sanity_check' retrieved from /opt/airflow/dags/sanity_checks.py
[2026-06-16T15:17:33.180+0000] {logging_mixin.py:190} INFO - [2026-06-16T15:17:33.179+0000] {dag.py:3211} INFO - Sync 1 DAGs
[2026-06-16T15:17:33.200+0000] {logging_mixin.py:190} INFO - [2026-06-16T15:17:33.200+0000] {dag.py:4138} INFO - Setting next_dagrun for airflow_sanity_check to None, run_after=None
[2026-06-16T15:17:33.232+0000] {processor.py:208} INFO - Processing /opt/airflow/dags/sanity_checks.py took 0.121 seconds
[2026-06-16T15:18:03.551+0000] {processor.py:186} INFO - Started process (PID=647) to work on /opt/airflow/dags/sanity_checks.py
[2026-06-16T15:18:03.552+0000] {processor.py:914} INFO - Processing file /opt/airflow/dags/sanity_checks.py for tasks to queue
[2026-06-16T15:18:03.556+0000] {logging_mixin.py:190} INFO - [2026-06-16T15:18:03.555+0000] {dagbag.py:587} INFO - Filling up the DagBag from /opt/airflow/dags/sanity_checks.py
[2026-06-16T15:18:03.577+0000] {processor.py:925} INFO - DAG(s) 'airflow_sanity_check' retrieved from /opt/airflow/dags/sanity_checks.py
[2026-06-16T15:18:03.622+0000] {logging_mixin.py:190} INFO - [2026-06-16T15:18:03.622+0000] {dag.py:3211} INFO - Sync 1 DAGs
[2026-06-16T15:18:03.648+0000] {logging_mixin.py:190} INFO - [2026-06-16T15:18:03.648+0000] {dag.py:4138} INFO - Setting next_dagrun for airflow_sanity_check to None, run_after=None
[2026-06-16T15:18:03.677+0000] {processor.py:208} INFO - Processing /opt/airflow/dags/sanity_checks.py took 0.136 seconds
[2026-06-16T15:18:34.069+0000] {processor.py:186} INFO - Started process (PID=657) to work on /opt/airflow/dags/sanity_checks.py
[2026-06-16T15:18:34.070+0000] {processor.py:914} INFO - Processing file /opt/airflow/dags/sanity_checks.py for tasks to queue
[2026-06-16T15:18:34.074+0000] {logging_mixin.py:190} INFO - [2026-06-16T15:18:34.073+0000] {dagbag.py:587} INFO - Filling up the DagBag from /opt/airflow/dags/sanity_checks.py
[2026-06-16T15:18:34.091+0000] {processor.py:925} INFO - DAG(s) 'airflow_sanity_check' retrieved from /opt/airflow/dags/sanity_checks.py
[2026-06-16T15:18:34.135+0000] {logging_mixin.py:190} INFO - [2026-06-16T15:18:34.134+0000] {dag.py:3211} INFO - Sync 1 DAGs
[2026-06-16T15:18:34.165+0000] {logging_mixin.py:190} INFO - [2026-06-16T15:18:34.164+0000] {dag.py:4138} INFO - Setting next_dagrun for airflow_sanity_check to None, run_after=None
[2026-06-16T15:18:34.194+0000] {processor.py:208} INFO - Processing /opt/airflow/dags/sanity_checks.py took 0.135 seconds
[2026-06-16T15:19:04.600+0000] {processor.py:186} INFO - Started process (PID=667) to work on /opt/airflow/dags/sanity_checks.py
[2026-06-16T15:19:04.605+0000] {processor.py:914} INFO - Processing file /opt/airflow/dags/sanity_checks.py for tasks to queue
[2026-06-16T15:19:04.613+0000] {logging_mixin.py:190} INFO - [2026-06-16T15:19:04.612+0000] {dagbag.py:587} INFO - Filling up the DagBag from /opt/airflow/dags/sanity_checks.py
[2026-06-16T15:19:04.634+0000] {processor.py:925} INFO - DAG(s) 'airflow_sanity_check' retrieved from /opt/airflow/dags/sanity_checks.py
[2026-06-16T15:19:04.719+0000] {logging_mixin.py:190} INFO - [2026-06-16T15:19:04.719+0000] {dag.py:3211} INFO - Sync 1 DAGs
[2026-06-16T15:19:04.762+0000] {logging_mixin.py:190} INFO - [2026-06-16T15:19:04.761+0000] {dag.py:4138} INFO - Setting next_dagrun for airflow_sanity_check to None, run_after=None
[2026-06-16T15:19:04.795+0000] {processor.py:208} INFO - Processing /opt/airflow/dags/sanity_checks.py took 0.212 seconds
[2026-06-16T15:19:35.115+0000] {processor.py:186} INFO - Started process (PID=677) to work on /opt/airflow/dags/sanity_checks.py
[2026-06-16T15:19:35.116+0000] {processor.py:914} INFO - Processing file /opt/airflow/dags/sanity_checks.py for tasks to queue
[2026-06-16T15:19:35.121+0000] {logging_mixin.py:190} INFO - [2026-06-16T15:19:35.120+0000] {dagbag.py:587} INFO - Filling up the DagBag from /opt/airflow/dags/sanity_checks.py
[2026-06-16T15:19:35.135+0000] {processor.py:925} INFO - DAG(s) 'airflow_sanity_check' retrieved from /opt/airflow/dags/sanity_checks.py
[2026-06-16T15:19:35.177+0000] {logging_mixin.py:190} INFO - [2026-06-16T15:19:35.177+0000] {dag.py:3211} INFO - Sync 1 DAGs
[2026-06-16T15:19:35.200+0000] {logging_mixin.py:190} INFO - [2026-06-16T15:19:35.199+0000] {dag.py:4138} INFO - Setting next_dagrun for airflow_sanity_check to None, run_after=None
[2026-06-16T15:19:35.227+0000] {processor.py:208} INFO - Processing /opt/airflow/dags/sanity_checks.py took 0.123 seconds
[2026-06-16T15:20:05.698+0000] {processor.py:186} INFO - Started process (PID=687) to work on /opt/airflow/dags/sanity_checks.py
[2026-06-16T15:20:05.706+0000] {processor.py:914} INFO - Processing file /opt/airflow/dags/sanity_checks.py for tasks to queue
[2026-06-16T15:20:05.712+0000] {logging_mixin.py:190} INFO - [2026-06-16T15:20:05.712+0000] {dagbag.py:587} INFO - Filling up the DagBag from /opt/airflow/dags/sanity_checks.py
[2026-06-16T15:20:05.729+0000] {processor.py:925} INFO - DAG(s) 'airflow_sanity_check' retrieved from /opt/airflow/dags/sanity_checks.py
[2026-06-16T15:20:05.775+0000] {logging_mixin.py:190} INFO - [2026-06-16T15:20:05.774+0000] {dag.py:3211} INFO - Sync 1 DAGs
[2026-06-16T15:20:05.796+0000] {logging_mixin.py:190} INFO - [2026-06-16T15:20:05.795+0000] {dag.py:4138} INFO - Setting next_dagrun for airflow_sanity_check to None, run_after=None
[2026-06-16T15:20:05.824+0000] {processor.py:208} INFO - Processing /opt/airflow/dags/sanity_checks.py took 0.136 seconds
[2026-06-16T15:20:36.143+0000] {processor.py:186} INFO - Started process (PID=697) to work on /opt/airflow/dags/sanity_checks.py
[2026-06-16T15:20:36.145+0000] {processor.py:914} INFO - Processing file /opt/airflow/dags/sanity_checks.py for tasks to queue
[2026-06-16T15:20:36.149+0000] {logging_mixin.py:190} INFO - [2026-06-16T15:20:36.149+0000] {dagbag.py:587} INFO - Filling up the DagBag from /opt/airflow/dags/sanity_checks.py
[2026-06-16T15:20:36.165+0000] {processor.py:925} INFO - DAG(s) 'airflow_sanity_check' retrieved from /opt/airflow/dags/sanity_checks.py
[2026-06-16T15:20:36.211+0000] {logging_mixin.py:190} INFO - [2026-06-16T15:20:36.211+0000] {dag.py:3211} INFO - Sync 1 DAGs
[2026-06-16T15:20:36.235+0000] {logging_mixin.py:190} INFO - [2026-06-16T15:20:36.235+0000] {dag.py:4138} INFO - Setting next_dagrun for airflow_sanity_check to None, run_after=None
[2026-06-16T15:20:36.273+0000] {processor.py:208} INFO - Processing /opt/airflow/dags/sanity_checks.py took 0.142 seconds
[2026-06-16T15:21:06.648+0000] {processor.py:186} INFO - Started process (PID=707) to work on /opt/airflow/dags/sanity_checks.py
[2026-06-16T15:21:06.653+0000] {processor.py:914} INFO - Processing file /opt/airflow/dags/sanity_checks.py for tasks to queue
[2026-06-16T15:21:06.662+0000] {logging_mixin.py:190} INFO - [2026-06-16T15:21:06.661+0000] {dagbag.py:587} INFO - Filling up the DagBag from /opt/airflow/dags/sanity_checks.py
[2026-06-16T15:21:06.713+0000] {processor.py:925} INFO - DAG(s) 'airflow_sanity_check' retrieved from /opt/airflow/dags/sanity_checks.py
[2026-06-16T15:21:06.777+0000] {logging_mixin.py:190} INFO - [2026-06-16T15:21:06.777+0000] {dag.py:3211} INFO - Sync 1 DAGs
[2026-06-16T15:21:06.801+0000] {logging_mixin.py:190} INFO - [2026-06-16T15:21:06.801+0000] {dag.py:4138} INFO - Setting next_dagrun for airflow_sanity_check to None, run_after=None
[2026-06-16T15:21:06.834+0000] {processor.py:208} INFO - Processing /opt/airflow/dags/sanity_checks.py took 0.201 seconds
[2026-06-16T15:21:37.197+0000] {processor.py:186} INFO - Started process (PID=717) to work on /opt/airflow/dags/sanity_checks.py
[2026-06-16T15:21:37.200+0000] {processor.py:914} INFO - Processing file /opt/airflow/dags/sanity_checks.py for tasks to queue
[2026-06-16T15:21:37.205+0000] {logging_mixin.py:190} INFO - [2026-06-16T15:21:37.205+0000] {dagbag.py:587} INFO - Filling up the DagBag from /opt/airflow/dags/sanity_checks.py
[2026-06-16T15:21:37.221+0000] {processor.py:925} INFO - DAG(s) 'airflow_sanity_check' retrieved from /opt/airflow/dags/sanity_checks.py
[2026-06-16T15:21:37.263+0000] {logging_mixin.py:190} INFO - [2026-06-16T15:21:37.263+0000] {dag.py:3211} INFO - Sync 1 DAGs
[2026-06-16T15:21:37.284+0000] {logging_mixin.py:190} INFO - [2026-06-16T15:21:37.284+0000] {dag.py:4138} INFO - Setting next_dagrun for airflow_sanity_check to None, run_after=None
[2026-06-16T15:21:37.316+0000] {processor.py:208} INFO - Processing /opt/airflow/dags/sanity_checks.py took 0.176 seconds
[2026-06-16T15:22:07.664+0000] {processor.py:186} INFO - Started process (PID=727) to work on /opt/airflow/dags/sanity_checks.py
[2026-06-16T15:22:07.665+0000] {processor.py:914} INFO - Processing file /opt/airflow/dags/sanity_checks.py for tasks to queue
[2026-06-16T15:22:07.669+0000] {logging_mixin.py:190} INFO - [2026-06-16T15:22:07.669+0000] {dagbag.py:587} INFO - Filling up the DagBag from /opt/airflow/dags/sanity_checks.py
[2026-06-16T15:22:07.687+0000] {processor.py:925} INFO - DAG(s) 'airflow_sanity_check' retrieved from /opt/airflow/dags/sanity_checks.py
[2026-06-16T15:22:07.731+0000] {logging_mixin.py:190} INFO - [2026-06-16T15:22:07.730+0000] {dag.py:3211} INFO - Sync 1 DAGs
[2026-06-16T15:22:07.752+0000] {logging_mixin.py:190} INFO - [2026-06-16T15:22:07.752+0000] {dag.py:4138} INFO - Setting next_dagrun for airflow_sanity_check to None, run_after=None
[2026-06-16T15:22:07.785+0000] {processor.py:208} INFO - Processing /opt/airflow/dags/sanity_checks.py took 0.129 seconds
[2026-06-16T15:22:38.102+0000] {processor.py:186} INFO - Started process (PID=737) to work on /opt/airflow/dags/sanity_checks.py
[2026-06-16T15:22:38.103+0000] {processor.py:914} INFO - Processing file /opt/airflow/dags/sanity_checks.py for tasks to queue
[2026-06-16T15:22:38.108+0000] {logging_mixin.py:190} INFO - [2026-06-16T15:22:38.107+0000] {dagbag.py:587} INFO - Filling up the DagBag from /opt/airflow/dags/sanity_checks.py
[2026-06-16T15:22:38.129+0000] {processor.py:925} INFO - DAG(s) 'airflow_sanity_check' retrieved from /opt/airflow/dags/sanity_checks.py
[2026-06-16T15:22:38.174+0000] {logging_mixin.py:190} INFO - [2026-06-16T15:22:38.173+0000] {dag.py:3211} INFO - Sync 1 DAGs
[2026-06-16T15:22:38.195+0000] {logging_mixin.py:190} INFO - [2026-06-16T15:22:38.195+0000] {dag.py:4138} INFO - Setting next_dagrun for airflow_sanity_check to None, run_after=None
[2026-06-16T15:22:38.226+0000] {processor.py:208} INFO - Processing /opt/airflow/dags/sanity_checks.py took 0.139 seconds
[2026-06-16T15:23:08.781+0000] {processor.py:186} INFO - Started process (PID=747) to work on /opt/airflow/dags/sanity_checks.py
[2026-06-16T15:23:08.783+0000] {processor.py:914} INFO - Processing file /opt/airflow/dags/sanity_checks.py for tasks to queue
[2026-06-16T15:23:08.790+0000] {logging_mixin.py:190} INFO - [2026-06-16T15:23:08.789+0000] {dagbag.py:587} INFO - Filling up the DagBag from /opt/airflow/dags/sanity_checks.py
[2026-06-16T15:23:08.813+0000] {processor.py:925} INFO - DAG(s) 'airflow_sanity_check' retrieved from /opt/airflow/dags/sanity_checks.py
[2026-06-16T15:23:08.868+0000] {logging_mixin.py:190} INFO - [2026-06-16T15:23:08.867+0000] {dag.py:3211} INFO - Sync 1 DAGs
[2026-06-16T15:23:08.902+0000] {logging_mixin.py:190} INFO - [2026-06-16T15:23:08.902+0000] {dag.py:4138} INFO - Setting next_dagrun for airflow_sanity_check to None, run_after=None
[2026-06-16T15:23:08.944+0000] {processor.py:208} INFO - Processing /opt/airflow/dags/sanity_checks.py took 0.174 seconds
[2026-06-16T15:23:39.254+0000] {processor.py:186} INFO - Started process (PID=757) to work on /opt/airflow/dags/sanity_checks.py
[2026-06-16T15:23:39.255+0000] {processor.py:914} INFO - Processing file /opt/airflow/dags/sanity_checks.py for tasks to queue
[2026-06-16T15:23:39.260+0000] {logging_mixin.py:190} INFO - [2026-06-16T15:23:39.259+0000] {dagbag.py:587} INFO - Filling up the DagBag from /opt/airflow/dags/sanity_checks.py
[2026-06-16T15:23:39.279+0000] {processor.py:925} INFO - DAG(s) 'airflow_sanity_check' retrieved from /opt/airflow/dags/sanity_checks.py
[2026-06-16T15:23:39.321+0000] {logging_mixin.py:190} INFO - [2026-06-16T15:23:39.321+0000] {dag.py:3211} INFO - Sync 1 DAGs
[2026-06-16T15:23:39.345+0000] {logging_mixin.py:190} INFO - [2026-06-16T15:23:39.345+0000] {dag.py:4138} INFO - Setting next_dagrun for airflow_sanity_check to None, run_after=None
[2026-06-16T15:23:39.373+0000] {processor.py:208} INFO - Processing /opt/airflow/dags/sanity_checks.py took 0.129 seconds
[2026-06-16T15:24:09.711+0000] {processor.py:186} INFO - Started process (PID=767) to work on /opt/airflow/dags/sanity_checks.py
[2026-06-16T15:24:09.712+0000] {processor.py:914} INFO - Processing file /opt/airflow/dags/sanity_checks.py for tasks to queue
[2026-06-16T15:24:09.715+0000] {logging_mixin.py:190} INFO - [2026-06-16T15:24:09.715+0000] {dagbag.py:587} INFO - Filling up the DagBag from /opt/airflow/dags/sanity_checks.py
[2026-06-16T15:24:09.735+0000] {processor.py:925} INFO - DAG(s) 'airflow_sanity_check' retrieved from /opt/airflow/dags/sanity_checks.py
[2026-06-16T15:24:09.778+0000] {logging_mixin.py:190} INFO - [2026-06-16T15:24:09.777+0000] {dag.py:3211} INFO - Sync 1 DAGs
[2026-06-16T15:24:09.803+0000] {logging_mixin.py:190} INFO - [2026-06-16T15:24:09.803+0000] {dag.py:4138} INFO - Setting next_dagrun for airflow_sanity_check to None, run_after=None
[2026-06-16T15:24:09.832+0000] {processor.py:208} INFO - Processing /opt/airflow/dags/sanity_checks.py took 0.130 seconds
[2026-06-16T15:24:40.139+0000] {processor.py:186} INFO - Started process (PID=777) to work on /opt/airflow/dags/sanity_checks.py
[2026-06-16T15:24:40.143+0000] {processor.py:914} INFO - Processing file /opt/airflow/dags/sanity_checks.py for tasks to queue
[2026-06-16T15:24:40.150+0000] {logging_mixin.py:190} INFO - [2026-06-16T15:24:40.149+0000] {dagbag.py:587} INFO - Filling up the DagBag from /opt/airflow/dags/sanity_checks.py
[2026-06-16T15:24:40.173+0000] {processor.py:925} INFO - DAG(s) 'airflow_sanity_check' retrieved from /opt/airflow/dags/sanity_checks.py
[2026-06-16T15:24:40.229+0000] {logging_mixin.py:190} INFO - [2026-06-16T15:24:40.228+0000] {dag.py:3211} INFO - Sync 1 DAGs
[2026-06-16T15:24:40.259+0000] {logging_mixin.py:190} INFO - [2026-06-16T15:24:40.259+0000] {dag.py:4138} INFO - Setting next_dagrun for airflow_sanity_check to None, run_after=None
[2026-06-16T15:24:40.287+0000] {processor.py:208} INFO - Processing /opt/airflow/dags/sanity_checks.py took 0.159 seconds
[2026-06-16T15:25:10.666+0000] {processor.py:186} INFO - Started process (PID=787) to work on /opt/airflow/dags/sanity_checks.py
[2026-06-16T15:25:10.668+0000] {processor.py:914} INFO - Processing file /opt/airflow/dags/sanity_checks.py for tasks to queue
[2026-06-16T15:25:10.672+0000] {logging_mixin.py:190} INFO - [2026-06-16T15:25:10.672+0000] {dagbag.py:587} INFO - Filling up the DagBag from /opt/airflow/dags/sanity_checks.py
[2026-06-16T15:25:10.690+0000] {processor.py:925} INFO - DAG(s) 'airflow_sanity_check' retrieved from /opt/airflow/dags/sanity_checks.py
[2026-06-16T15:25:10.734+0000] {logging_mixin.py:190} INFO - [2026-06-16T15:25:10.734+0000] {dag.py:3211} INFO - Sync 1 DAGs
[2026-06-16T15:25:10.760+0000] {logging_mixin.py:190} INFO - [2026-06-16T15:25:10.760+0000] {dag.py:4138} INFO - Setting next_dagrun for airflow_sanity_check to None, run_after=None
[2026-06-16T15:25:10.789+0000] {processor.py:208} INFO - Processing /opt/airflow/dags/sanity_checks.py took 0.137 seconds
[2026-06-16T15:25:41.231+0000] {processor.py:186} INFO - Started process (PID=797) to work on /opt/airflow/dags/sanity_checks.py
[2026-06-16T15:25:41.233+0000] {processor.py:914} INFO - Processing file /opt/airflow/dags/sanity_checks.py for tasks to queue
[2026-06-16T15:25:41.237+0000] {logging_mixin.py:190} INFO - [2026-06-16T15:25:41.236+0000] {dagbag.py:587} INFO - Filling up the DagBag from /opt/airflow/dags/sanity_checks.py
[2026-06-16T15:25:41.255+0000] {processor.py:925} INFO - DAG(s) 'airflow_sanity_check' retrieved from /opt/airflow/dags/sanity_checks.py
[2026-06-16T15:25:41.307+0000] {logging_mixin.py:190} INFO - [2026-06-16T15:25:41.306+0000] {dag.py:3211} INFO - Sync 1 DAGs
[2026-06-16T15:25:41.333+0000] {logging_mixin.py:190} INFO - [2026-06-16T15:25:41.333+0000] {dag.py:4138} INFO - Setting next_dagrun for airflow_sanity_check to None, run_after=None
[2026-06-16T15:25:41.363+0000] {processor.py:208} INFO - Processing /opt/airflow/dags/sanity_checks.py took 0.144 seconds
[2026-06-16T15:26:11.706+0000] {processor.py:186} INFO - Started process (PID=807) to work on /opt/airflow/dags/sanity_checks.py
[2026-06-16T15:26:11.708+0000] {processor.py:914} INFO - Processing file /opt/airflow/dags/sanity_checks.py for tasks to queue
[2026-06-16T15:26:11.720+0000] {logging_mixin.py:190} INFO - [2026-06-16T15:26:11.719+0000] {dagbag.py:587} INFO - Filling up the DagBag from /opt/airflow/dags/sanity_checks.py
[2026-06-16T15:26:11.803+0000] {processor.py:925} INFO - DAG(s) 'airflow_sanity_check' retrieved from /opt/airflow/dags/sanity_checks.py
[2026-06-16T15:26:11.860+0000] {logging_mixin.py:190} INFO - [2026-06-16T15:26:11.859+0000] {dag.py:3211} INFO - Sync 1 DAGs
[2026-06-16T15:26:11.886+0000] {logging_mixin.py:190} INFO - [2026-06-16T15:26:11.886+0000] {dag.py:4138} INFO - Setting next_dagrun for airflow_sanity_check to None, run_after=None
[2026-06-16T15:26:11.916+0000] {processor.py:208} INFO - Processing /opt/airflow/dags/sanity_checks.py took 0.231 seconds
[2026-06-16T15:26:42.260+0000] {processor.py:186} INFO - Started process (PID=817) to work on /opt/airflow/dags/sanity_checks.py
[2026-06-16T15:26:42.262+0000] {processor.py:914} INFO - Processing file /opt/airflow/dags/sanity_checks.py for tasks to queue
[2026-06-16T15:26:42.274+0000] {logging_mixin.py:190} INFO - [2026-06-16T15:26:42.273+0000] {dagbag.py:587} INFO - Filling up the DagBag from /opt/airflow/dags/sanity_checks.py
[2026-06-16T15:26:42.303+0000] {processor.py:925} INFO - DAG(s) 'airflow_sanity_check' retrieved from /opt/airflow/dags/sanity_checks.py
[2026-06-16T15:26:42.377+0000] {logging_mixin.py:190} INFO - [2026-06-16T15:26:42.376+0000] {dag.py:3211} INFO - Sync 1 DAGs
[2026-06-16T15:26:42.403+0000] {logging_mixin.py:190} INFO - [2026-06-16T15:26:42.403+0000] {dag.py:4138} INFO - Setting next_dagrun for airflow_sanity_check to None, run_after=None
[2026-06-16T15:26:42.451+0000] {processor.py:208} INFO - Processing /opt/airflow/dags/sanity_checks.py took 0.207 seconds
[2026-06-16T15:27:12.773+0000] {processor.py:186} INFO - Started process (PID=827) to work on /opt/airflow/dags/sanity_checks.py
[2026-06-16T15:27:12.775+0000] {processor.py:914} INFO - Processing file /opt/airflow/dags/sanity_checks.py for tasks to queue
[2026-06-16T15:27:12.778+0000] {logging_mixin.py:190} INFO - [2026-06-16T15:27:12.778+0000] {dagbag.py:587} INFO - Filling up the DagBag from /opt/airflow/dags/sanity_checks.py
[2026-06-16T15:27:12.796+0000] {processor.py:925} INFO - DAG(s) 'airflow_sanity_check' retrieved from /opt/airflow/dags/sanity_checks.py
[2026-06-16T15:27:12.854+0000] {logging_mixin.py:190} INFO - [2026-06-16T15:27:12.853+0000] {dag.py:3211} INFO - Sync 1 DAGs
[2026-06-16T15:27:12.876+0000] {logging_mixin.py:190} INFO - [2026-06-16T15:27:12.876+0000] {dag.py:4138} INFO - Setting next_dagrun for airflow_sanity_check to None, run_after=None
[2026-06-16T15:27:12.905+0000] {processor.py:208} INFO - Processing /opt/airflow/dags/sanity_checks.py took 0.142 seconds
[2026-06-16T15:27:43.195+0000] {processor.py:186} INFO - Started process (PID=837) to work on /opt/airflow/dags/sanity_checks.py
[2026-06-16T15:27:43.197+0000] {processor.py:914} INFO - Processing file /opt/airflow/dags/sanity_checks.py for tasks to queue
[2026-06-16T15:27:43.200+0000] {logging_mixin.py:190} INFO - [2026-06-16T15:27:43.200+0000] {dagbag.py:587} INFO - Filling up the DagBag from /opt/airflow/dags/sanity_checks.py
[2026-06-16T15:27:43.215+0000] {processor.py:925} INFO - DAG(s) 'airflow_sanity_check' retrieved from /opt/airflow/dags/sanity_checks.py
[2026-06-16T15:27:43.258+0000] {logging_mixin.py:190} INFO - [2026-06-16T15:27:43.258+0000] {dag.py:3211} INFO - Sync 1 DAGs
[2026-06-16T15:27:43.285+0000] {logging_mixin.py:190} INFO - [2026-06-16T15:27:43.285+0000] {dag.py:4138} INFO - Setting next_dagrun for airflow_sanity_check to None, run_after=None
[2026-06-16T15:27:43.310+0000] {processor.py:208} INFO - Processing /opt/airflow/dags/sanity_checks.py took 0.125 seconds
[2026-06-16T15:28:13.672+0000] {processor.py:186} INFO - Started process (PID=847) to work on /opt/airflow/dags/sanity_checks.py
[2026-06-16T15:28:13.677+0000] {processor.py:914} INFO - Processing file /opt/airflow/dags/sanity_checks.py for tasks to queue
[2026-06-16T15:28:13.689+0000] {logging_mixin.py:190} INFO - [2026-06-16T15:28:13.686+0000] {dagbag.py:587} INFO - Filling up the DagBag from /opt/airflow/dags/sanity_checks.py
[2026-06-16T15:28:13.718+0000] {processor.py:925} INFO - DAG(s) 'airflow_sanity_check' retrieved from /opt/airflow/dags/sanity_checks.py
[2026-06-16T15:28:13.809+0000] {logging_mixin.py:190} INFO - [2026-06-16T15:28:13.808+0000] {dag.py:3211} INFO - Sync 1 DAGs
[2026-06-16T15:28:13.834+0000] {logging_mixin.py:190} INFO - [2026-06-16T15:28:13.834+0000] {dag.py:4138} INFO - Setting next_dagrun for airflow_sanity_check to None, run_after=None
[2026-06-16T15:28:13.861+0000] {processor.py:208} INFO - Processing /opt/airflow/dags/sanity_checks.py took 0.211 seconds
[2026-06-16T15:28:44.191+0000] {processor.py:186} INFO - Started process (PID=857) to work on /opt/airflow/dags/sanity_checks.py
[2026-06-16T15:28:44.194+0000] {processor.py:914} INFO - Processing file /opt/airflow/dags/sanity_checks.py for tasks to queue
[2026-06-16T15:28:44.198+0000] {logging_mixin.py:190} INFO - [2026-06-16T15:28:44.197+0000] {dagbag.py:587} INFO - Filling up the DagBag from /opt/airflow/dags/sanity_checks.py
[2026-06-16T15:28:44.214+0000] {processor.py:925} INFO - DAG(s) 'airflow_sanity_check' retrieved from /opt/airflow/dags/sanity_checks.py
[2026-06-16T15:28:44.260+0000] {logging_mixin.py:190} INFO - [2026-06-16T15:28:44.260+0000] {dag.py:3211} INFO - Sync 1 DAGs
[2026-06-16T15:28:44.283+0000] {logging_mixin.py:190} INFO - [2026-06-16T15:28:44.283+0000] {dag.py:4138} INFO - Setting next_dagrun for airflow_sanity_check to None, run_after=None
[2026-06-16T15:28:44.312+0000] {processor.py:208} INFO - Processing /opt/airflow/dags/sanity_checks.py took 0.130 seconds
[2026-06-16T15:29:14.668+0000] {processor.py:186} INFO - Started process (PID=867) to work on /opt/airflow/dags/sanity_checks.py
[2026-06-16T15:29:14.671+0000] {processor.py:914} INFO - Processing file /opt/airflow/dags/sanity_checks.py for tasks to queue
[2026-06-16T15:29:14.677+0000] {logging_mixin.py:190} INFO - [2026-06-16T15:29:14.676+0000] {dagbag.py:587} INFO - Filling up the DagBag from /opt/airflow/dags/sanity_checks.py
[2026-06-16T15:29:14.695+0000] {processor.py:925} INFO - DAG(s) 'airflow_sanity_check' retrieved from /opt/airflow/dags/sanity_checks.py
[2026-06-16T15:29:14.747+0000] {logging_mixin.py:190} INFO - [2026-06-16T15:29:14.747+0000] {dag.py:3211} INFO - Sync 1 DAGs
[2026-06-16T15:29:14.772+0000] {logging_mixin.py:190} INFO - [2026-06-16T15:29:14.772+0000] {dag.py:4138} INFO - Setting next_dagrun for airflow_sanity_check to None, run_after=None
[2026-06-16T15:29:14.803+0000] {processor.py:208} INFO - Processing /opt/airflow/dags/sanity_checks.py took 0.149 seconds
[2026-06-16T15:29:45.101+0000] {processor.py:186} INFO - Started process (PID=877) to work on /opt/airflow/dags/sanity_checks.py
[2026-06-16T15:29:45.102+0000] {processor.py:914} INFO - Processing file /opt/airflow/dags/sanity_checks.py for tasks to queue
[2026-06-16T15:29:45.105+0000] {logging_mixin.py:190} INFO - [2026-06-16T15:29:45.105+0000] {dagbag.py:587} INFO - Filling up the DagBag from /opt/airflow/dags/sanity_checks.py
[2026-06-16T15:29:45.168+0000] {processor.py:925} INFO - DAG(s) 'airflow_sanity_check' retrieved from /opt/airflow/dags/sanity_checks.py
[2026-06-16T15:29:45.226+0000] {logging_mixin.py:190} INFO - [2026-06-16T15:29:45.226+0000] {dag.py:3211} INFO - Sync 1 DAGs
[2026-06-16T15:29:45.248+0000] {logging_mixin.py:190} INFO - [2026-06-16T15:29:45.248+0000] {dag.py:4138} INFO - Setting next_dagrun for airflow_sanity_check to None, run_after=None
[2026-06-16T15:29:45.282+0000] {processor.py:208} INFO - Processing /opt/airflow/dags/sanity_checks.py took 0.190 seconds
[2026-06-16T15:30:15.588+0000] {processor.py:186} INFO - Started process (PID=887) to work on /opt/airflow/dags/sanity_checks.py
[2026-06-16T15:30:15.590+0000] {processor.py:914} INFO - Processing file /opt/airflow/dags/sanity_checks.py for tasks to queue
[2026-06-16T15:30:15.595+0000] {logging_mixin.py:190} INFO - [2026-06-16T15:30:15.594+0000] {dagbag.py:587} INFO - Filling up the DagBag from /opt/airflow/dags/sanity_checks.py
[2026-06-16T15:30:15.611+0000] {processor.py:925} INFO - DAG(s) 'airflow_sanity_check' retrieved from /opt/airflow/dags/sanity_checks.py
[2026-06-16T15:30:15.657+0000] {logging_mixin.py:190} INFO - [2026-06-16T15:30:15.656+0000] {dag.py:3211} INFO - Sync 1 DAGs
[2026-06-16T15:30:15.691+0000] {logging_mixin.py:190} INFO - [2026-06-16T15:30:15.690+0000] {dag.py:4138} INFO - Setting next_dagrun for airflow_sanity_check to None, run_after=None
[2026-06-16T15:30:15.718+0000] {processor.py:208} INFO - Processing /opt/airflow/dags/sanity_checks.py took 0.143 seconds
[2026-06-16T15:30:46.030+0000] {processor.py:186} INFO - Started process (PID=897) to work on /opt/airflow/dags/sanity_checks.py
[2026-06-16T15:30:46.033+0000] {processor.py:914} INFO - Processing file /opt/airflow/dags/sanity_checks.py for tasks to queue
[2026-06-16T15:30:46.037+0000] {logging_mixin.py:190} INFO - [2026-06-16T15:30:46.036+0000] {dagbag.py:587} INFO - Filling up the DagBag from /opt/airflow/dags/sanity_checks.py
[2026-06-16T15:30:46.053+0000] {processor.py:925} INFO - DAG(s) 'airflow_sanity_check' retrieved from /opt/airflow/dags/sanity_checks.py
[2026-06-16T15:30:46.108+0000] {logging_mixin.py:190} INFO - [2026-06-16T15:30:46.107+0000] {dag.py:3211} INFO - Sync 1 DAGs
[2026-06-16T15:30:46.133+0000] {logging_mixin.py:190} INFO - [2026-06-16T15:30:46.133+0000] {dag.py:4138} INFO - Setting next_dagrun for airflow_sanity_check to None, run_after=None
[2026-06-16T15:30:46.163+0000] {processor.py:208} INFO - Processing /opt/airflow/dags/sanity_checks.py took 0.142 seconds
[2026-06-16T15:31:16.513+0000] {processor.py:186} INFO - Started process (PID=907) to work on /opt/airflow/dags/sanity_checks.py
[2026-06-16T15:31:16.515+0000] {processor.py:914} INFO - Processing file /opt/airflow/dags/sanity_checks.py for tasks to queue
[2026-06-16T15:31:16.520+0000] {logging_mixin.py:190} INFO - [2026-06-16T15:31:16.519+0000] {dagbag.py:587} INFO - Filling up the DagBag from /opt/airflow/dags/sanity_checks.py
[2026-06-16T15:31:16.538+0000] {processor.py:925} INFO - DAG(s) 'airflow_sanity_check' retrieved from /opt/airflow/dags/sanity_checks.py
[2026-06-16T15:31:16.595+0000] {logging_mixin.py:190} INFO - [2026-06-16T15:31:16.595+0000] {dag.py:3211} INFO - Sync 1 DAGs
[2026-06-16T15:31:16.619+0000] {logging_mixin.py:190} INFO - [2026-06-16T15:31:16.619+0000] {dag.py:4138} INFO - Setting next_dagrun for airflow_sanity_check to None, run_after=None
[2026-06-16T15:31:16.646+0000] {processor.py:208} INFO - Processing /opt/airflow/dags/sanity_checks.py took 0.151 seconds
[2026-06-16T15:31:46.959+0000] {processor.py:186} INFO - Started process (PID=917) to work on /opt/airflow/dags/sanity_checks.py
[2026-06-16T15:31:46.960+0000] {processor.py:914} INFO - Processing file /opt/airflow/dags/sanity_checks.py for tasks to queue
[2026-06-16T15:31:46.964+0000] {logging_mixin.py:190} INFO - [2026-06-16T15:31:46.963+0000] {dagbag.py:587} INFO - Filling up the DagBag from /opt/airflow/dags/sanity_checks.py
[2026-06-16T15:31:46.980+0000] {processor.py:925} INFO - DAG(s) 'airflow_sanity_check' retrieved from /opt/airflow/dags/sanity_checks.py
[2026-06-16T15:31:47.026+0000] {logging_mixin.py:190} INFO - [2026-06-16T15:31:47.026+0000] {dag.py:3211} INFO - Sync 1 DAGs
[2026-06-16T15:31:47.048+0000] {logging_mixin.py:190} INFO - [2026-06-16T15:31:47.048+0000] {dag.py:4138} INFO - Setting next_dagrun for airflow_sanity_check to None, run_after=None
[2026-06-16T15:31:47.078+0000] {processor.py:208} INFO - Processing /opt/airflow/dags/sanity_checks.py took 0.129 seconds
[2026-06-16T15:32:17.394+0000] {processor.py:186} INFO - Started process (PID=927) to work on /opt/airflow/dags/sanity_checks.py
[2026-06-16T15:32:17.395+0000] {processor.py:914} INFO - Processing file /opt/airflow/dags/sanity_checks.py for tasks to queue
[2026-06-16T15:32:17.399+0000] {logging_mixin.py:190} INFO - [2026-06-16T15:32:17.399+0000] {dagbag.py:587} INFO - Filling up the DagBag from /opt/airflow/dags/sanity_checks.py
[2026-06-16T15:32:17.415+0000] {processor.py:925} INFO - DAG(s) 'airflow_sanity_check' retrieved from /opt/airflow/dags/sanity_checks.py
[2026-06-16T15:32:17.464+0000] {logging_mixin.py:190} INFO - [2026-06-16T15:32:17.464+0000] {dag.py:3211} INFO - Sync 1 DAGs
[2026-06-16T15:32:17.486+0000] {logging_mixin.py:190} INFO - [2026-06-16T15:32:17.486+0000] {dag.py:4138} INFO - Setting next_dagrun for airflow_sanity_check to None, run_after=None
[2026-06-16T15:32:17.512+0000] {processor.py:208} INFO - Processing /opt/airflow/dags/sanity_checks.py took 0.128 seconds
[2026-06-16T15:32:47.830+0000] {processor.py:186} INFO - Started process (PID=937) to work on /opt/airflow/dags/sanity_checks.py
[2026-06-16T15:32:47.831+0000] {processor.py:914} INFO - Processing file /opt/airflow/dags/sanity_checks.py for tasks to queue
[2026-06-16T15:32:47.834+0000] {logging_mixin.py:190} INFO - [2026-06-16T15:32:47.834+0000] {dagbag.py:587} INFO - Filling up the DagBag from /opt/airflow/dags/sanity_checks.py
[2026-06-16T15:32:47.851+0000] {processor.py:925} INFO - DAG(s) 'airflow_sanity_check' retrieved from /opt/airflow/dags/sanity_checks.py
[2026-06-16T15:32:47.898+0000] {logging_mixin.py:190} INFO - [2026-06-16T15:32:47.897+0000] {dag.py:3211} INFO - Sync 1 DAGs
[2026-06-16T15:32:47.921+0000] {logging_mixin.py:190} INFO - [2026-06-16T15:32:47.921+0000] {dag.py:4138} INFO - Setting next_dagrun for airflow_sanity_check to None, run_after=None
[2026-06-16T15:32:47.951+0000] {processor.py:208} INFO - Processing /opt/airflow/dags/sanity_checks.py took 0.131 seconds
[2026-06-16T15:33:18.239+0000] {processor.py:186} INFO - Started process (PID=947) to work on /opt/airflow/dags/sanity_checks.py
[2026-06-16T15:33:18.241+0000] {processor.py:914} INFO - Processing file /opt/airflow/dags/sanity_checks.py for tasks to queue
[2026-06-16T15:33:18.246+0000] {logging_mixin.py:190} INFO - [2026-06-16T15:33:18.245+0000] {dagbag.py:587} INFO - Filling up the DagBag from /opt/airflow/dags/sanity_checks.py
[2026-06-16T15:33:18.264+0000] {processor.py:925} INFO - DAG(s) 'airflow_sanity_check' retrieved from /opt/airflow/dags/sanity_checks.py
[2026-06-16T15:33:18.317+0000] {logging_mixin.py:190} INFO - [2026-06-16T15:33:18.317+0000] {dag.py:3211} INFO - Sync 1 DAGs
[2026-06-16T15:33:18.347+0000] {logging_mixin.py:190} INFO - [2026-06-16T15:33:18.346+0000] {dag.py:4138} INFO - Setting next_dagrun for airflow_sanity_check to None, run_after=None
[2026-06-16T15:33:18.375+0000] {processor.py:208} INFO - Processing /opt/airflow/dags/sanity_checks.py took 0.144 seconds
[2026-06-16T15:33:48.683+0000] {processor.py:186} INFO - Started process (PID=957) to work on /opt/airflow/dags/sanity_checks.py
[2026-06-16T15:33:48.685+0000] {processor.py:914} INFO - Processing file /opt/airflow/dags/sanity_checks.py for tasks to queue
[2026-06-16T15:33:48.688+0000] {logging_mixin.py:190} INFO - [2026-06-16T15:33:48.688+0000] {dagbag.py:587} INFO - Filling up the DagBag from /opt/airflow/dags/sanity_checks.py
[2026-06-16T15:33:48.703+0000] {processor.py:925} INFO - DAG(s) 'airflow_sanity_check' retrieved from /opt/airflow/dags/sanity_checks.py
[2026-06-16T15:33:48.753+0000] {logging_mixin.py:190} INFO - [2026-06-16T15:33:48.753+0000] {dag.py:3211} INFO - Sync 1 DAGs
[2026-06-16T15:33:48.776+0000] {logging_mixin.py:190} INFO - [2026-06-16T15:33:48.775+0000] {dag.py:4138} INFO - Setting next_dagrun for airflow_sanity_check to None, run_after=None
[2026-06-16T15:33:48.805+0000] {processor.py:208} INFO - Processing /opt/airflow/dags/sanity_checks.py took 0.134 seconds
[2026-06-16T15:34:19.140+0000] {processor.py:186} INFO - Started process (PID=967) to work on /opt/airflow/dags/sanity_checks.py
[2026-06-16T15:34:19.141+0000] {processor.py:914} INFO - Processing file /opt/airflow/dags/sanity_checks.py for tasks to queue
[2026-06-16T15:34:19.144+0000] {logging_mixin.py:190} INFO - [2026-06-16T15:34:19.144+0000] {dagbag.py:587} INFO - Filling up the DagBag from /opt/airflow/dags/sanity_checks.py
[2026-06-16T15:34:19.161+0000] {processor.py:925} INFO - DAG(s) 'airflow_sanity_check' retrieved from /opt/airflow/dags/sanity_checks.py
[2026-06-16T15:34:19.211+0000] {logging_mixin.py:190} INFO - [2026-06-16T15:34:19.211+0000] {dag.py:3211} INFO - Sync 1 DAGs
[2026-06-16T15:34:19.240+0000] {logging_mixin.py:190} INFO - [2026-06-16T15:34:19.239+0000] {dag.py:4138} INFO - Setting next_dagrun for airflow_sanity_check to None, run_after=None
[2026-06-16T15:34:19.267+0000] {processor.py:208} INFO - Processing /opt/airflow/dags/sanity_checks.py took 0.137 seconds
[2026-06-16T15:34:49.569+0000] {processor.py:186} INFO - Started process (PID=977) to work on /opt/airflow/dags/sanity_checks.py
[2026-06-16T15:34:49.571+0000] {processor.py:914} INFO - Processing file /opt/airflow/dags/sanity_checks.py for tasks to queue
[2026-06-16T15:34:49.575+0000] {logging_mixin.py:190} INFO - [2026-06-16T15:34:49.574+0000] {dagbag.py:587} INFO - Filling up the DagBag from /opt/airflow/dags/sanity_checks.py
[2026-06-16T15:34:49.591+0000] {processor.py:925} INFO - DAG(s) 'airflow_sanity_check' retrieved from /opt/airflow/dags/sanity_checks.py
[2026-06-16T15:34:49.643+0000] {logging_mixin.py:190} INFO - [2026-06-16T15:34:49.643+0000] {dag.py:3211} INFO - Sync 1 DAGs
[2026-06-16T15:34:49.669+0000] {logging_mixin.py:190} INFO - [2026-06-16T15:34:49.668+0000] {dag.py:4138} INFO - Setting next_dagrun for airflow_sanity_check to None, run_after=None
[2026-06-16T15:34:49.699+0000] {processor.py:208} INFO - Processing /opt/airflow/dags/sanity_checks.py took 0.139 seconds
[2026-06-16T15:35:19.988+0000] {processor.py:186} INFO - Started process (PID=987) to work on /opt/airflow/dags/sanity_checks.py
[2026-06-16T15:35:19.990+0000] {processor.py:914} INFO - Processing file /opt/airflow/dags/sanity_checks.py for tasks to queue
[2026-06-16T15:35:19.994+0000] {logging_mixin.py:190} INFO - [2026-06-16T15:35:19.994+0000] {dagbag.py:587} INFO - Filling up the DagBag from /opt/airflow/dags/sanity_checks.py
[2026-06-16T15:35:20.013+0000] {processor.py:925} INFO - DAG(s) 'airflow_sanity_check' retrieved from /opt/airflow/dags/sanity_checks.py
[2026-06-16T15:35:20.072+0000] {logging_mixin.py:190} INFO - [2026-06-16T15:35:20.072+0000] {dag.py:3211} INFO - Sync 1 DAGs
[2026-06-16T15:35:20.098+0000] {logging_mixin.py:190} INFO - [2026-06-16T15:35:20.098+0000] {dag.py:4138} INFO - Setting next_dagrun for airflow_sanity_check to None, run_after=None
[2026-06-16T15:35:20.127+0000] {processor.py:208} INFO - Processing /opt/airflow/dags/sanity_checks.py took 0.149 seconds
[2026-06-16T15:35:50.423+0000] {processor.py:186} INFO - Started process (PID=997) to work on /opt/airflow/dags/sanity_checks.py
[2026-06-16T15:35:50.425+0000] {processor.py:914} INFO - Processing file /opt/airflow/dags/sanity_checks.py for tasks to queue
[2026-06-16T15:35:50.430+0000] {logging_mixin.py:190} INFO - [2026-06-16T15:35:50.429+0000] {dagbag.py:587} INFO - Filling up the DagBag from /opt/airflow/dags/sanity_checks.py
[2026-06-16T15:35:50.445+0000] {processor.py:925} INFO - DAG(s) 'airflow_sanity_check' retrieved from /opt/airflow/dags/sanity_checks.py
[2026-06-16T15:35:50.495+0000] {logging_mixin.py:190} INFO - [2026-06-16T15:35:50.494+0000] {dag.py:3211} INFO - Sync 1 DAGs
[2026-06-16T15:35:50.519+0000] {logging_mixin.py:190} INFO - [2026-06-16T15:35:50.519+0000] {dag.py:4138} INFO - Setting next_dagrun for airflow_sanity_check to None, run_after=None
[2026-06-16T15:35:50.550+0000] {processor.py:208} INFO - Processing /opt/airflow/dags/sanity_checks.py took 0.135 seconds
[2026-06-16T15:36:20.859+0000] {processor.py:186} INFO - Started process (PID=1007) to work on /opt/airflow/dags/sanity_checks.py
[2026-06-16T15:36:20.861+0000] {processor.py:914} INFO - Processing file /opt/airflow/dags/sanity_checks.py for tasks to queue
[2026-06-16T15:36:20.864+0000] {logging_mixin.py:190} INFO - [2026-06-16T15:36:20.864+0000] {dagbag.py:587} INFO - Filling up the DagBag from /opt/airflow/dags/sanity_checks.py
[2026-06-16T15:36:20.882+0000] {processor.py:925} INFO - DAG(s) 'airflow_sanity_check' retrieved from /opt/airflow/dags/sanity_checks.py
[2026-06-16T15:36:20.926+0000] {logging_mixin.py:190} INFO - [2026-06-16T15:36:20.926+0000] {dag.py:3211} INFO - Sync 1 DAGs
[2026-06-16T15:36:20.948+0000] {logging_mixin.py:190} INFO - [2026-06-16T15:36:20.948+0000] {dag.py:4138} INFO - Setting next_dagrun for airflow_sanity_check to None, run_after=None
[2026-06-16T15:36:20.976+0000] {processor.py:208} INFO - Processing /opt/airflow/dags/sanity_checks.py took 0.126 seconds
[2026-06-16T15:36:51.276+0000] {processor.py:186} INFO - Started process (PID=1017) to work on /opt/airflow/dags/sanity_checks.py
[2026-06-16T15:36:51.278+0000] {processor.py:914} INFO - Processing file /opt/airflow/dags/sanity_checks.py for tasks to queue
[2026-06-16T15:36:51.281+0000] {logging_mixin.py:190} INFO - [2026-06-16T15:36:51.281+0000] {dagbag.py:587} INFO - Filling up the DagBag from /opt/airflow/dags/sanity_checks.py
[2026-06-16T15:36:51.301+0000] {processor.py:925} INFO - DAG(s) 'airflow_sanity_check' retrieved from /opt/airflow/dags/sanity_checks.py
[2026-06-16T15:36:51.377+0000] {logging_mixin.py:190} INFO - [2026-06-16T15:36:51.377+0000] {dag.py:3211} INFO - Sync 1 DAGs
[2026-06-16T15:36:51.402+0000] {logging_mixin.py:190} INFO - [2026-06-16T15:36:51.402+0000] {dag.py:4138} INFO - Setting next_dagrun for airflow_sanity_check to None, run_after=None
[2026-06-16T15:36:51.438+0000] {processor.py:208} INFO - Processing /opt/airflow/dags/sanity_checks.py took 0.171 seconds
[2026-06-16T15:37:22.448+0000] {processor.py:186} INFO - Started process (PID=1027) to work on /opt/airflow/dags/sanity_checks.py
[2026-06-16T15:37:22.450+0000] {processor.py:914} INFO - Processing file /opt/airflow/dags/sanity_checks.py for tasks to queue
[2026-06-16T15:37:22.456+0000] {logging_mixin.py:190} INFO - [2026-06-16T15:37:22.455+0000] {dagbag.py:587} INFO - Filling up the DagBag from /opt/airflow/dags/sanity_checks.py
[2026-06-16T15:37:22.515+0000] {processor.py:925} INFO - DAG(s) 'airflow_sanity_check' retrieved from /opt/airflow/dags/sanity_checks.py
[2026-06-16T15:37:22.601+0000] {logging_mixin.py:190} INFO - [2026-06-16T15:37:22.600+0000] {dag.py:3211} INFO - Sync 1 DAGs
[2026-06-16T15:37:22.648+0000] {logging_mixin.py:190} INFO - [2026-06-16T15:37:22.648+0000] {dag.py:4138} INFO - Setting next_dagrun for airflow_sanity_check to None, run_after=None
[2026-06-16T15:37:22.705+0000] {processor.py:208} INFO - Processing /opt/airflow/dags/sanity_checks.py took 0.281 seconds
[2026-06-16T15:37:53.105+0000] {processor.py:186} INFO - Started process (PID=1037) to work on /opt/airflow/dags/sanity_checks.py
[2026-06-16T15:37:53.107+0000] {processor.py:914} INFO - Processing file /opt/airflow/dags/sanity_checks.py for tasks to queue
[2026-06-16T15:37:53.113+0000] {logging_mixin.py:190} INFO - [2026-06-16T15:37:53.112+0000] {dagbag.py:587} INFO - Filling up the DagBag from /opt/airflow/dags/sanity_checks.py
[2026-06-16T15:37:53.135+0000] {processor.py:925} INFO - DAG(s) 'airflow_sanity_check' retrieved from /opt/airflow/dags/sanity_checks.py
[2026-06-16T15:37:53.204+0000] {logging_mixin.py:190} INFO - [2026-06-16T15:37:53.203+0000] {dag.py:3211} INFO - Sync 1 DAGs
[2026-06-16T15:37:53.263+0000] {logging_mixin.py:190} INFO - [2026-06-16T15:37:53.262+0000] {dag.py:4138} INFO - Setting next_dagrun for airflow_sanity_check to None, run_after=None
[2026-06-16T15:37:53.402+0000] {processor.py:208} INFO - Processing /opt/airflow/dags/sanity_checks.py took 0.319 seconds
[2026-06-16T15:38:23.893+0000] {processor.py:186} INFO - Started process (PID=1047) to work on /opt/airflow/dags/sanity_checks.py
[2026-06-16T15:38:23.896+0000] {processor.py:914} INFO - Processing file /opt/airflow/dags/sanity_checks.py for tasks to queue
[2026-06-16T15:38:23.902+0000] {logging_mixin.py:190} INFO - [2026-06-16T15:38:23.901+0000] {dagbag.py:587} INFO - Filling up the DagBag from /opt/airflow/dags/sanity_checks.py
[2026-06-16T15:38:23.936+0000] {processor.py:925} INFO - DAG(s) 'airflow_sanity_check' retrieved from /opt/airflow/dags/sanity_checks.py
[2026-06-16T15:38:24.035+0000] {logging_mixin.py:190} INFO - [2026-06-16T15:38:24.034+0000] {dag.py:3211} INFO - Sync 1 DAGs
[2026-06-16T15:38:24.061+0000] {logging_mixin.py:190} INFO - [2026-06-16T15:38:24.060+0000] {dag.py:4138} INFO - Setting next_dagrun for airflow_sanity_check to None, run_after=None
[2026-06-16T15:38:24.102+0000] {processor.py:208} INFO - Processing /opt/airflow/dags/sanity_checks.py took 0.228 seconds
[2026-06-16T15:38:54.477+0000] {processor.py:186} INFO - Started process (PID=1057) to work on /opt/airflow/dags/sanity_checks.py
[2026-06-16T15:38:54.543+0000] {processor.py:914} INFO - Processing file /opt/airflow/dags/sanity_checks.py for tasks to queue
[2026-06-16T15:38:54.567+0000] {logging_mixin.py:190} INFO - [2026-06-16T15:38:54.566+0000] {dagbag.py:587} INFO - Filling up the DagBag from /opt/airflow/dags/sanity_checks.py
[2026-06-16T15:38:54.616+0000] {processor.py:925} INFO - DAG(s) 'airflow_sanity_check' retrieved from /opt/airflow/dags/sanity_checks.py
[2026-06-16T15:38:54.710+0000] {logging_mixin.py:190} INFO - [2026-06-16T15:38:54.709+0000] {dag.py:3211} INFO - Sync 1 DAGs
[2026-06-16T15:38:54.752+0000] {logging_mixin.py:190} INFO - [2026-06-16T15:38:54.750+0000] {dag.py:4138} INFO - Setting next_dagrun for airflow_sanity_check to None, run_after=None
[2026-06-16T15:38:54.805+0000] {processor.py:208} INFO - Processing /opt/airflow/dags/sanity_checks.py took 0.347 seconds
[2026-06-16T15:39:25.277+0000] {processor.py:186} INFO - Started process (PID=1067) to work on /opt/airflow/dags/sanity_checks.py
[2026-06-16T15:39:25.278+0000] {processor.py:914} INFO - Processing file /opt/airflow/dags/sanity_checks.py for tasks to queue
[2026-06-16T15:39:25.282+0000] {logging_mixin.py:190} INFO - [2026-06-16T15:39:25.281+0000] {dagbag.py:587} INFO - Filling up the DagBag from /opt/airflow/dags/sanity_checks.py
[2026-06-16T15:39:25.300+0000] {processor.py:925} INFO - DAG(s) 'airflow_sanity_check' retrieved from /opt/airflow/dags/sanity_checks.py
[2026-06-16T15:39:25.352+0000] {logging_mixin.py:190} INFO - [2026-06-16T15:39:25.352+0000] {dag.py:3211} INFO - Sync 1 DAGs
[2026-06-16T15:39:25.377+0000] {logging_mixin.py:190} INFO - [2026-06-16T15:39:25.377+0000] {dag.py:4138} INFO - Setting next_dagrun for airflow_sanity_check to None, run_after=None
[2026-06-16T15:39:25.409+0000] {processor.py:208} INFO - Processing /opt/airflow/dags/sanity_checks.py took 0.140 seconds
[2026-06-16T15:39:55.815+0000] {processor.py:186} INFO - Started process (PID=1077) to work on /opt/airflow/dags/sanity_checks.py
[2026-06-16T15:39:55.817+0000] {processor.py:914} INFO - Processing file /opt/airflow/dags/sanity_checks.py for tasks to queue
[2026-06-16T15:39:55.821+0000] {logging_mixin.py:190} INFO - [2026-06-16T15:39:55.821+0000] {dagbag.py:587} INFO - Filling up the DagBag from /opt/airflow/dags/sanity_checks.py
[2026-06-16T15:39:55.838+0000] {processor.py:925} INFO - DAG(s) 'airflow_sanity_check' retrieved from /opt/airflow/dags/sanity_checks.py
[2026-06-16T15:39:55.879+0000] {logging_mixin.py:190} INFO - [2026-06-16T15:39:55.879+0000] {dag.py:3211} INFO - Sync 1 DAGs
[2026-06-16T15:39:55.901+0000] {logging_mixin.py:190} INFO - [2026-06-16T15:39:55.900+0000] {dag.py:4138} INFO - Setting next_dagrun for airflow_sanity_check to None, run_after=None
[2026-06-16T15:39:55.927+0000] {processor.py:208} INFO - Processing /opt/airflow/dags/sanity_checks.py took 0.128 seconds
[2026-06-16T15:40:26.237+0000] {processor.py:186} INFO - Started process (PID=1087) to work on /opt/airflow/dags/sanity_checks.py
[2026-06-16T15:40:26.239+0000] {processor.py:914} INFO - Processing file /opt/airflow/dags/sanity_checks.py for tasks to queue
[2026-06-16T15:40:26.242+0000] {logging_mixin.py:190} INFO - [2026-06-16T15:40:26.242+0000] {dagbag.py:587} INFO - Filling up the DagBag from /opt/airflow/dags/sanity_checks.py
[2026-06-16T15:40:26.259+0000] {processor.py:925} INFO - DAG(s) 'airflow_sanity_check' retrieved from /opt/airflow/dags/sanity_checks.py
[2026-06-16T15:40:26.303+0000] {logging_mixin.py:190} INFO - [2026-06-16T15:40:26.303+0000] {dag.py:3211} INFO - Sync 1 DAGs
[2026-06-16T15:40:26.329+0000] {logging_mixin.py:190} INFO - [2026-06-16T15:40:26.329+0000] {dag.py:4138} INFO - Setting next_dagrun for airflow_sanity_check to None, run_after=None
[2026-06-16T15:40:26.358+0000] {processor.py:208} INFO - Processing /opt/airflow/dags/sanity_checks.py took 0.131 seconds
[2026-06-16T15:40:56.663+0000] {processor.py:186} INFO - Started process (PID=1097) to work on /opt/airflow/dags/sanity_checks.py
[2026-06-16T15:40:56.665+0000] {processor.py:914} INFO - Processing file /opt/airflow/dags/sanity_checks.py for tasks to queue
[2026-06-16T15:40:56.668+0000] {logging_mixin.py:190} INFO - [2026-06-16T15:40:56.668+0000] {dagbag.py:587} INFO - Filling up the DagBag from /opt/airflow/dags/sanity_checks.py
[2026-06-16T15:40:56.686+0000] {processor.py:925} INFO - DAG(s) 'airflow_sanity_check' retrieved from /opt/airflow/dags/sanity_checks.py
[2026-06-16T15:40:56.728+0000] {logging_mixin.py:190} INFO - [2026-06-16T15:40:56.727+0000] {dag.py:3211} INFO - Sync 1 DAGs
[2026-06-16T15:40:56.750+0000] {logging_mixin.py:190} INFO - [2026-06-16T15:40:56.749+0000] {dag.py:4138} INFO - Setting next_dagrun for airflow_sanity_check to None, run_after=None
[2026-06-16T15:40:56.779+0000] {processor.py:208} INFO - Processing /opt/airflow/dags/sanity_checks.py took 0.124 seconds
[2026-06-16T15:41:27.095+0000] {processor.py:186} INFO - Started process (PID=1107) to work on /opt/airflow/dags/sanity_checks.py
[2026-06-16T15:41:27.096+0000] {processor.py:914} INFO - Processing file /opt/airflow/dags/sanity_checks.py for tasks to queue
[2026-06-16T15:41:27.101+0000] {logging_mixin.py:190} INFO - [2026-06-16T15:41:27.101+0000] {dagbag.py:587} INFO - Filling up the DagBag from /opt/airflow/dags/sanity_checks.py
[2026-06-16T15:41:27.117+0000] {processor.py:925} INFO - DAG(s) 'airflow_sanity_check' retrieved from /opt/airflow/dags/sanity_checks.py
[2026-06-16T15:41:27.168+0000] {logging_mixin.py:190} INFO - [2026-06-16T15:41:27.168+0000] {dag.py:3211} INFO - Sync 1 DAGs
[2026-06-16T15:41:27.194+0000] {logging_mixin.py:190} INFO - [2026-06-16T15:41:27.193+0000] {dag.py:4138} INFO - Setting next_dagrun for airflow_sanity_check to None, run_after=None
[2026-06-16T15:41:27.222+0000] {processor.py:208} INFO - Processing /opt/airflow/dags/sanity_checks.py took 0.137 seconds
[2026-06-16T15:41:57.524+0000] {processor.py:186} INFO - Started process (PID=1117) to work on /opt/airflow/dags/sanity_checks.py
[2026-06-16T15:41:57.526+0000] {processor.py:914} INFO - Processing file /opt/airflow/dags/sanity_checks.py for tasks to queue
[2026-06-16T15:41:57.531+0000] {logging_mixin.py:190} INFO - [2026-06-16T15:41:57.531+0000] {dagbag.py:587} INFO - Filling up the DagBag from /opt/airflow/dags/sanity_checks.py
[2026-06-16T15:41:57.555+0000] {processor.py:925} INFO - DAG(s) 'airflow_sanity_check' retrieved from /opt/airflow/dags/sanity_checks.py
[2026-06-16T15:41:57.610+0000] {logging_mixin.py:190} INFO - [2026-06-16T15:41:57.609+0000] {dag.py:3211} INFO - Sync 1 DAGs
[2026-06-16T15:41:57.645+0000] {logging_mixin.py:190} INFO - [2026-06-16T15:41:57.645+0000] {dag.py:4138} INFO - Setting next_dagrun for airflow_sanity_check to None, run_after=None
[2026-06-16T15:41:57.684+0000] {processor.py:208} INFO - Processing /opt/airflow/dags/sanity_checks.py took 0.171 seconds
[2026-06-16T15:42:28.029+0000] {processor.py:186} INFO - Started process (PID=1127) to work on /opt/airflow/dags/sanity_checks.py
[2026-06-16T15:42:28.032+0000] {processor.py:914} INFO - Processing file /opt/airflow/dags/sanity_checks.py for tasks to queue
[2026-06-16T15:42:28.037+0000] {logging_mixin.py:190} INFO - [2026-06-16T15:42:28.036+0000] {dagbag.py:587} INFO - Filling up the DagBag from /opt/airflow/dags/sanity_checks.py
[2026-06-16T15:42:28.069+0000] {processor.py:925} INFO - DAG(s) 'airflow_sanity_check' retrieved from /opt/airflow/dags/sanity_checks.py
[2026-06-16T15:42:28.129+0000] {logging_mixin.py:190} INFO - [2026-06-16T15:42:28.128+0000] {dag.py:3211} INFO - Sync 1 DAGs
[2026-06-16T15:42:28.153+0000] {logging_mixin.py:190} INFO - [2026-06-16T15:42:28.153+0000] {dag.py:4138} INFO - Setting next_dagrun for airflow_sanity_check to None, run_after=None
[2026-06-16T15:42:28.189+0000] {processor.py:208} INFO - Processing /opt/airflow/dags/sanity_checks.py took 0.175 seconds
[2026-06-16T15:42:58.497+0000] {processor.py:186} INFO - Started process (PID=1137) to work on /opt/airflow/dags/sanity_checks.py
[2026-06-16T15:42:58.498+0000] {processor.py:914} INFO - Processing file /opt/airflow/dags/sanity_checks.py for tasks to queue
[2026-06-16T15:42:58.502+0000] {logging_mixin.py:190} INFO - [2026-06-16T15:42:58.501+0000] {dagbag.py:587} INFO - Filling up the DagBag from /opt/airflow/dags/sanity_checks.py
[2026-06-16T15:42:58.522+0000] {processor.py:925} INFO - DAG(s) 'airflow_sanity_check' retrieved from /opt/airflow/dags/sanity_checks.py
[2026-06-16T15:42:58.582+0000] {logging_mixin.py:190} INFO - [2026-06-16T15:42:58.582+0000] {dag.py:3211} INFO - Sync 1 DAGs
[2026-06-16T15:42:58.605+0000] {logging_mixin.py:190} INFO - [2026-06-16T15:42:58.604+0000] {dag.py:4138} INFO - Setting next_dagrun for airflow_sanity_check to None, run_after=None
[2026-06-16T15:42:58.636+0000] {processor.py:208} INFO - Processing /opt/airflow/dags/sanity_checks.py took 0.147 seconds
[2026-06-16T15:43:29.059+0000] {processor.py:186} INFO - Started process (PID=1147) to work on /opt/airflow/dags/sanity_checks.py
[2026-06-16T15:43:29.061+0000] {processor.py:914} INFO - Processing file /opt/airflow/dags/sanity_checks.py for tasks to queue
[2026-06-16T15:43:29.064+0000] {logging_mixin.py:190} INFO - [2026-06-16T15:43:29.064+0000] {dagbag.py:587} INFO - Filling up the DagBag from /opt/airflow/dags/sanity_checks.py
[2026-06-16T15:43:29.086+0000] {processor.py:925} INFO - DAG(s) 'airflow_sanity_check' retrieved from /opt/airflow/dags/sanity_checks.py
[2026-06-16T15:43:29.151+0000] {logging_mixin.py:190} INFO - [2026-06-16T15:43:29.150+0000] {dag.py:3211} INFO - Sync 1 DAGs
[2026-06-16T15:43:29.188+0000] {logging_mixin.py:190} INFO - [2026-06-16T15:43:29.188+0000] {dag.py:4138} INFO - Setting next_dagrun for airflow_sanity_check to None, run_after=None
[2026-06-16T15:43:29.217+0000] {processor.py:208} INFO - Processing /opt/airflow/dags/sanity_checks.py took 0.167 seconds
[2026-06-16T15:43:59.536+0000] {processor.py:186} INFO - Started process (PID=1157) to work on /opt/airflow/dags/sanity_checks.py
[2026-06-16T15:43:59.537+0000] {processor.py:914} INFO - Processing file /opt/airflow/dags/sanity_checks.py for tasks to queue
[2026-06-16T15:43:59.541+0000] {logging_mixin.py:190} INFO - [2026-06-16T15:43:59.541+0000] {dagbag.py:587} INFO - Filling up the DagBag from /opt/airflow/dags/sanity_checks.py
[2026-06-16T15:43:59.561+0000] {processor.py:925} INFO - DAG(s) 'airflow_sanity_check' retrieved from /opt/airflow/dags/sanity_checks.py
[2026-06-16T15:43:59.624+0000] {logging_mixin.py:190} INFO - [2026-06-16T15:43:59.623+0000] {dag.py:3211} INFO - Sync 1 DAGs
[2026-06-16T15:43:59.651+0000] {logging_mixin.py:190} INFO - [2026-06-16T15:43:59.650+0000] {dag.py:4138} INFO - Setting next_dagrun for airflow_sanity_check to None, run_after=None
[2026-06-16T15:43:59.681+0000] {processor.py:208} INFO - Processing /opt/airflow/dags/sanity_checks.py took 0.158 seconds
[2026-06-16T15:44:30.169+0000] {processor.py:186} INFO - Started process (PID=1167) to work on /opt/airflow/dags/sanity_checks.py
[2026-06-16T15:44:30.171+0000] {processor.py:914} INFO - Processing file /opt/airflow/dags/sanity_checks.py for tasks to queue
[2026-06-16T15:44:30.178+0000] {logging_mixin.py:190} INFO - [2026-06-16T15:44:30.177+0000] {dagbag.py:587} INFO - Filling up the DagBag from /opt/airflow/dags/sanity_checks.py
[2026-06-16T15:44:30.202+0000] {processor.py:925} INFO - DAG(s) 'airflow_sanity_check' retrieved from /opt/airflow/dags/sanity_checks.py
[2026-06-16T15:44:30.245+0000] {logging_mixin.py:190} INFO - [2026-06-16T15:44:30.245+0000] {dag.py:3211} INFO - Sync 1 DAGs
[2026-06-16T15:44:30.269+0000] {logging_mixin.py:190} INFO - [2026-06-16T15:44:30.269+0000] {dag.py:4138} INFO - Setting next_dagrun for airflow_sanity_check to None, run_after=None
[2026-06-16T15:44:30.301+0000] {processor.py:208} INFO - Processing /opt/airflow/dags/sanity_checks.py took 0.141 seconds
[2026-06-16T15:45:00.596+0000] {processor.py:186} INFO - Started process (PID=1177) to work on /opt/airflow/dags/sanity_checks.py
[2026-06-16T15:45:00.598+0000] {processor.py:914} INFO - Processing file /opt/airflow/dags/sanity_checks.py for tasks to queue
[2026-06-16T15:45:00.602+0000] {logging_mixin.py:190} INFO - [2026-06-16T15:45:00.602+0000] {dagbag.py:587} INFO - Filling up the DagBag from /opt/airflow/dags/sanity_checks.py
[2026-06-16T15:45:00.620+0000] {processor.py:925} INFO - DAG(s) 'airflow_sanity_check' retrieved from /opt/airflow/dags/sanity_checks.py
[2026-06-16T15:45:00.669+0000] {logging_mixin.py:190} INFO - [2026-06-16T15:45:00.668+0000] {dag.py:3211} INFO - Sync 1 DAGs
[2026-06-16T15:45:00.695+0000] {logging_mixin.py:190} INFO - [2026-06-16T15:45:00.694+0000] {dag.py:4138} INFO - Setting next_dagrun for airflow_sanity_check to None, run_after=None
[2026-06-16T15:45:00.724+0000] {processor.py:208} INFO - Processing /opt/airflow/dags/sanity_checks.py took 0.138 seconds
[2026-06-16T15:45:31.550+0000] {processor.py:186} INFO - Started process (PID=1187) to work on /opt/airflow/dags/sanity_checks.py
[2026-06-16T15:45:31.625+0000] {processor.py:914} INFO - Processing file /opt/airflow/dags/sanity_checks.py for tasks to queue
[2026-06-16T15:45:31.657+0000] {logging_mixin.py:190} INFO - [2026-06-16T15:45:31.656+0000] {dagbag.py:587} INFO - Filling up the DagBag from /opt/airflow/dags/sanity_checks.py
[2026-06-16T15:45:31.767+0000] {processor.py:925} INFO - DAG(s) 'airflow_sanity_check' retrieved from /opt/airflow/dags/sanity_checks.py
[2026-06-16T15:45:31.858+0000] {logging_mixin.py:190} INFO - [2026-06-16T15:45:31.857+0000] {dag.py:3211} INFO - Sync 1 DAGs
[2026-06-16T15:45:31.884+0000] {logging_mixin.py:190} INFO - [2026-06-16T15:45:31.883+0000] {dag.py:4138} INFO - Setting next_dagrun for airflow_sanity_check to None, run_after=None
[2026-06-16T15:45:31.913+0000] {processor.py:208} INFO - Processing /opt/airflow/dags/sanity_checks.py took 0.649 seconds
[2026-06-16T15:46:02.258+0000] {processor.py:186} INFO - Started process (PID=1197) to work on /opt/airflow/dags/sanity_checks.py
[2026-06-16T15:46:02.259+0000] {processor.py:914} INFO - Processing file /opt/airflow/dags/sanity_checks.py for tasks to queue
[2026-06-16T15:46:02.262+0000] {logging_mixin.py:190} INFO - [2026-06-16T15:46:02.262+0000] {dagbag.py:587} INFO - Filling up the DagBag from /opt/airflow/dags/sanity_checks.py
[2026-06-16T15:46:02.279+0000] {processor.py:925} INFO - DAG(s) 'airflow_sanity_check' retrieved from /opt/airflow/dags/sanity_checks.py
[2026-06-16T15:46:02.324+0000] {logging_mixin.py:190} INFO - [2026-06-16T15:46:02.323+0000] {dag.py:3211} INFO - Sync 1 DAGs
[2026-06-16T15:46:02.346+0000] {logging_mixin.py:190} INFO - [2026-06-16T15:46:02.346+0000] {dag.py:4138} INFO - Setting next_dagrun for airflow_sanity_check to None, run_after=None
[2026-06-16T15:46:02.371+0000] {processor.py:208} INFO - Processing /opt/airflow/dags/sanity_checks.py took 0.123 seconds
[2026-06-16T15:46:32.687+0000] {processor.py:186} INFO - Started process (PID=1207) to work on /opt/airflow/dags/sanity_checks.py
[2026-06-16T15:46:32.689+0000] {processor.py:914} INFO - Processing file /opt/airflow/dags/sanity_checks.py for tasks to queue
[2026-06-16T15:46:32.698+0000] {logging_mixin.py:190} INFO - [2026-06-16T15:46:32.696+0000] {dagbag.py:587} INFO - Filling up the DagBag from /opt/airflow/dags/sanity_checks.py
[2026-06-16T15:46:32.733+0000] {processor.py:925} INFO - DAG(s) 'airflow_sanity_check' retrieved from /opt/airflow/dags/sanity_checks.py
[2026-06-16T15:46:32.783+0000] {logging_mixin.py:190} INFO - [2026-06-16T15:46:32.782+0000] {dag.py:3211} INFO - Sync 1 DAGs
[2026-06-16T15:46:32.806+0000] {logging_mixin.py:190} INFO - [2026-06-16T15:46:32.805+0000] {dag.py:4138} INFO - Setting next_dagrun for airflow_sanity_check to None, run_after=None
[2026-06-16T15:46:32.842+0000] {processor.py:208} INFO - Processing /opt/airflow/dags/sanity_checks.py took 0.167 seconds
[2026-06-16T15:47:03.156+0000] {processor.py:186} INFO - Started process (PID=1217) to work on /opt/airflow/dags/sanity_checks.py
[2026-06-16T15:47:03.158+0000] {processor.py:914} INFO - Processing file /opt/airflow/dags/sanity_checks.py for tasks to queue
[2026-06-16T15:47:03.161+0000] {logging_mixin.py:190} INFO - [2026-06-16T15:47:03.160+0000] {dagbag.py:587} INFO - Filling up the DagBag from /opt/airflow/dags/sanity_checks.py
[2026-06-16T15:47:03.177+0000] {processor.py:925} INFO - DAG(s) 'airflow_sanity_check' retrieved from /opt/airflow/dags/sanity_checks.py
[2026-06-16T15:47:03.222+0000] {logging_mixin.py:190} INFO - [2026-06-16T15:47:03.221+0000] {dag.py:3211} INFO - Sync 1 DAGs
[2026-06-16T15:47:03.244+0000] {logging_mixin.py:190} INFO - [2026-06-16T15:47:03.244+0000] {dag.py:4138} INFO - Setting next_dagrun for airflow_sanity_check to None, run_after=None
[2026-06-16T15:47:03.270+0000] {processor.py:208} INFO - Processing /opt/airflow/dags/sanity_checks.py took 0.123 seconds
[2026-06-16T15:47:33.571+0000] {processor.py:186} INFO - Started process (PID=1227) to work on /opt/airflow/dags/sanity_checks.py
[2026-06-16T15:47:33.574+0000] {processor.py:914} INFO - Processing file /opt/airflow/dags/sanity_checks.py for tasks to queue
[2026-06-16T15:47:33.580+0000] {logging_mixin.py:190} INFO - [2026-06-16T15:47:33.579+0000] {dagbag.py:587} INFO - Filling up the DagBag from /opt/airflow/dags/sanity_checks.py
[2026-06-16T15:47:33.608+0000] {processor.py:925} INFO - DAG(s) 'airflow_sanity_check' retrieved from /opt/airflow/dags/sanity_checks.py
[2026-06-16T15:47:33.669+0000] {logging_mixin.py:190} INFO - [2026-06-16T15:47:33.668+0000] {dag.py:3211} INFO - Sync 1 DAGs
[2026-06-16T15:47:33.699+0000] {logging_mixin.py:190} INFO - [2026-06-16T15:47:33.699+0000] {dag.py:4138} INFO - Setting next_dagrun for airflow_sanity_check to None, run_after=None
[2026-06-16T15:47:33.738+0000] {processor.py:208} INFO - Processing /opt/airflow/dags/sanity_checks.py took 0.179 seconds
[2026-06-16T15:48:04.053+0000] {processor.py:186} INFO - Started process (PID=1237) to work on /opt/airflow/dags/sanity_checks.py
[2026-06-16T15:48:04.055+0000] {processor.py:914} INFO - Processing file /opt/airflow/dags/sanity_checks.py for tasks to queue
[2026-06-16T15:48:04.060+0000] {logging_mixin.py:190} INFO - [2026-06-16T15:48:04.059+0000] {dagbag.py:587} INFO - Filling up the DagBag from /opt/airflow/dags/sanity_checks.py
[2026-06-16T15:48:04.077+0000] {processor.py:925} INFO - DAG(s) 'airflow_sanity_check' retrieved from /opt/airflow/dags/sanity_checks.py
[2026-06-16T15:48:04.121+0000] {logging_mixin.py:190} INFO - [2026-06-16T15:48:04.121+0000] {dag.py:3211} INFO - Sync 1 DAGs
[2026-06-16T15:48:04.142+0000] {logging_mixin.py:190} INFO - [2026-06-16T15:48:04.142+0000] {dag.py:4138} INFO - Setting next_dagrun for airflow_sanity_check to None, run_after=None
[2026-06-16T15:48:04.171+0000] {processor.py:208} INFO - Processing /opt/airflow/dags/sanity_checks.py took 0.127 seconds
[2026-06-16T15:48:34.460+0000] {processor.py:186} INFO - Started process (PID=1247) to work on /opt/airflow/dags/sanity_checks.py
[2026-06-16T15:48:34.461+0000] {processor.py:914} INFO - Processing file /opt/airflow/dags/sanity_checks.py for tasks to queue
[2026-06-16T15:48:34.466+0000] {logging_mixin.py:190} INFO - [2026-06-16T15:48:34.465+0000] {dagbag.py:587} INFO - Filling up the DagBag from /opt/airflow/dags/sanity_checks.py
[2026-06-16T15:48:34.482+0000] {processor.py:925} INFO - DAG(s) 'airflow_sanity_check' retrieved from /opt/airflow/dags/sanity_checks.py
[2026-06-16T15:48:34.526+0000] {logging_mixin.py:190} INFO - [2026-06-16T15:48:34.525+0000] {dag.py:3211} INFO - Sync 1 DAGs
[2026-06-16T15:48:34.549+0000] {logging_mixin.py:190} INFO - [2026-06-16T15:48:34.549+0000] {dag.py:4138} INFO - Setting next_dagrun for airflow_sanity_check to None, run_after=None
[2026-06-16T15:48:34.576+0000] {processor.py:208} INFO - Processing /opt/airflow/dags/sanity_checks.py took 0.125 seconds
[2026-06-16T15:49:04.932+0000] {processor.py:186} INFO - Started process (PID=1257) to work on /opt/airflow/dags/sanity_checks.py
[2026-06-16T15:49:04.934+0000] {processor.py:914} INFO - Processing file /opt/airflow/dags/sanity_checks.py for tasks to queue
[2026-06-16T15:49:04.938+0000] {logging_mixin.py:190} INFO - [2026-06-16T15:49:04.937+0000] {dagbag.py:587} INFO - Filling up the DagBag from /opt/airflow/dags/sanity_checks.py
[2026-06-16T15:49:04.953+0000] {processor.py:925} INFO - DAG(s) 'airflow_sanity_check' retrieved from /opt/airflow/dags/sanity_checks.py
[2026-06-16T15:49:04.999+0000] {logging_mixin.py:190} INFO - [2026-06-16T15:49:04.999+0000] {dag.py:3211} INFO - Sync 1 DAGs
[2026-06-16T15:49:05.019+0000] {logging_mixin.py:190} INFO - [2026-06-16T15:49:05.019+0000] {dag.py:4138} INFO - Setting next_dagrun for airflow_sanity_check to None, run_after=None
[2026-06-16T15:49:05.047+0000] {processor.py:208} INFO - Processing /opt/airflow/dags/sanity_checks.py took 0.124 seconds
[2026-06-16T15:49:35.358+0000] {processor.py:186} INFO - Started process (PID=1267) to work on /opt/airflow/dags/sanity_checks.py
[2026-06-16T15:49:35.359+0000] {processor.py:914} INFO - Processing file /opt/airflow/dags/sanity_checks.py for tasks to queue
[2026-06-16T15:49:35.363+0000] {logging_mixin.py:190} INFO - [2026-06-16T15:49:35.363+0000] {dagbag.py:587} INFO - Filling up the DagBag from /opt/airflow/dags/sanity_checks.py
[2026-06-16T15:49:35.382+0000] {processor.py:925} INFO - DAG(s) 'airflow_sanity_check' retrieved from /opt/airflow/dags/sanity_checks.py
[2026-06-16T15:49:35.431+0000] {logging_mixin.py:190} INFO - [2026-06-16T15:49:35.430+0000] {dag.py:3211} INFO - Sync 1 DAGs
[2026-06-16T15:49:35.456+0000] {logging_mixin.py:190} INFO - [2026-06-16T15:49:35.455+0000] {dag.py:4138} INFO - Setting next_dagrun for airflow_sanity_check to None, run_after=None
[2026-06-16T15:49:35.489+0000] {processor.py:208} INFO - Processing /opt/airflow/dags/sanity_checks.py took 0.141 seconds
[2026-06-16T15:50:05.795+0000] {processor.py:186} INFO - Started process (PID=1277) to work on /opt/airflow/dags/sanity_checks.py
[2026-06-16T15:50:05.797+0000] {processor.py:914} INFO - Processing file /opt/airflow/dags/sanity_checks.py for tasks to queue
[2026-06-16T15:50:05.800+0000] {logging_mixin.py:190} INFO - [2026-06-16T15:50:05.799+0000] {dagbag.py:587} INFO - Filling up the DagBag from /opt/airflow/dags/sanity_checks.py
[2026-06-16T15:50:05.815+0000] {processor.py:925} INFO - DAG(s) 'airflow_sanity_check' retrieved from /opt/airflow/dags/sanity_checks.py
[2026-06-16T15:50:05.859+0000] {logging_mixin.py:190} INFO - [2026-06-16T15:50:05.859+0000] {dag.py:3211} INFO - Sync 1 DAGs
[2026-06-16T15:50:05.883+0000] {logging_mixin.py:190} INFO - [2026-06-16T15:50:05.883+0000] {dag.py:4138} INFO - Setting next_dagrun for airflow_sanity_check to None, run_after=None
[2026-06-16T15:50:05.912+0000] {processor.py:208} INFO - Processing /opt/airflow/dags/sanity_checks.py took 0.125 seconds
[2026-06-16T15:50:36.274+0000] {processor.py:186} INFO - Started process (PID=1287) to work on /opt/airflow/dags/sanity_checks.py
[2026-06-16T15:50:36.276+0000] {processor.py:914} INFO - Processing file /opt/airflow/dags/sanity_checks.py for tasks to queue
[2026-06-16T15:50:36.279+0000] {logging_mixin.py:190} INFO - [2026-06-16T15:50:36.279+0000] {dagbag.py:587} INFO - Filling up the DagBag from /opt/airflow/dags/sanity_checks.py
[2026-06-16T15:50:36.297+0000] {processor.py:925} INFO - DAG(s) 'airflow_sanity_check' retrieved from /opt/airflow/dags/sanity_checks.py
[2026-06-16T15:50:36.341+0000] {logging_mixin.py:190} INFO - [2026-06-16T15:50:36.341+0000] {dag.py:3211} INFO - Sync 1 DAGs
[2026-06-16T15:50:36.363+0000] {logging_mixin.py:190} INFO - [2026-06-16T15:50:36.363+0000] {dag.py:4138} INFO - Setting next_dagrun for airflow_sanity_check to None, run_after=None
[2026-06-16T15:50:36.390+0000] {processor.py:208} INFO - Processing /opt/airflow/dags/sanity_checks.py took 0.124 seconds
[2026-06-16T15:51:06.690+0000] {processor.py:186} INFO - Started process (PID=1297) to work on /opt/airflow/dags/sanity_checks.py
[2026-06-16T15:51:06.692+0000] {processor.py:914} INFO - Processing file /opt/airflow/dags/sanity_checks.py for tasks to queue
[2026-06-16T15:51:06.697+0000] {logging_mixin.py:190} INFO - [2026-06-16T15:51:06.696+0000] {dagbag.py:587} INFO - Filling up the DagBag from /opt/airflow/dags/sanity_checks.py
[2026-06-16T15:51:06.711+0000] {processor.py:925} INFO - DAG(s) 'airflow_sanity_check' retrieved from /opt/airflow/dags/sanity_checks.py
[2026-06-16T15:51:06.756+0000] {logging_mixin.py:190} INFO - [2026-06-16T15:51:06.756+0000] {dag.py:3211} INFO - Sync 1 DAGs
[2026-06-16T15:51:06.777+0000] {logging_mixin.py:190} INFO - [2026-06-16T15:51:06.777+0000] {dag.py:4138} INFO - Setting next_dagrun for airflow_sanity_check to None, run_after=None
[2026-06-16T15:51:06.805+0000] {processor.py:208} INFO - Processing /opt/airflow/dags/sanity_checks.py took 0.123 seconds
[2026-06-16T15:51:37.161+0000] {processor.py:186} INFO - Started process (PID=1307) to work on /opt/airflow/dags/sanity_checks.py
[2026-06-16T15:51:37.162+0000] {processor.py:914} INFO - Processing file /opt/airflow/dags/sanity_checks.py for tasks to queue
[2026-06-16T15:51:37.166+0000] {logging_mixin.py:190} INFO - [2026-06-16T15:51:37.165+0000] {dagbag.py:587} INFO - Filling up the DagBag from /opt/airflow/dags/sanity_checks.py
[2026-06-16T15:51:37.184+0000] {processor.py:925} INFO - DAG(s) 'airflow_sanity_check' retrieved from /opt/airflow/dags/sanity_checks.py
[2026-06-16T15:51:37.236+0000] {logging_mixin.py:190} INFO - [2026-06-16T15:51:37.236+0000] {dag.py:3211} INFO - Sync 1 DAGs
[2026-06-16T15:51:37.265+0000] {logging_mixin.py:190} INFO - [2026-06-16T15:51:37.265+0000] {dag.py:4138} INFO - Setting next_dagrun for airflow_sanity_check to None, run_after=None
[2026-06-16T15:51:37.298+0000] {processor.py:208} INFO - Processing /opt/airflow/dags/sanity_checks.py took 0.147 seconds
[2026-06-16T15:52:07.744+0000] {processor.py:186} INFO - Started process (PID=1317) to work on /opt/airflow/dags/sanity_checks.py
[2026-06-16T15:52:07.746+0000] {processor.py:914} INFO - Processing file /opt/airflow/dags/sanity_checks.py for tasks to queue
[2026-06-16T15:52:07.749+0000] {logging_mixin.py:190} INFO - [2026-06-16T15:52:07.749+0000] {dagbag.py:587} INFO - Filling up the DagBag from /opt/airflow/dags/sanity_checks.py
[2026-06-16T15:52:07.767+0000] {processor.py:925} INFO - DAG(s) 'airflow_sanity_check' retrieved from /opt/airflow/dags/sanity_checks.py
[2026-06-16T15:52:07.808+0000] {logging_mixin.py:190} INFO - [2026-06-16T15:52:07.808+0000] {dag.py:3211} INFO - Sync 1 DAGs
[2026-06-16T15:52:07.833+0000] {logging_mixin.py:190} INFO - [2026-06-16T15:52:07.832+0000] {dag.py:4138} INFO - Setting next_dagrun for airflow_sanity_check to None, run_after=None
[2026-06-16T15:52:07.863+0000] {processor.py:208} INFO - Processing /opt/airflow/dags/sanity_checks.py took 0.127 seconds
[2026-06-16T15:52:38.160+0000] {processor.py:186} INFO - Started process (PID=1327) to work on /opt/airflow/dags/sanity_checks.py
[2026-06-16T15:52:38.162+0000] {processor.py:914} INFO - Processing file /opt/airflow/dags/sanity_checks.py for tasks to queue
[2026-06-16T15:52:38.166+0000] {logging_mixin.py:190} INFO - [2026-06-16T15:52:38.165+0000] {dagbag.py:587} INFO - Filling up the DagBag from /opt/airflow/dags/sanity_checks.py
[2026-06-16T15:52:38.184+0000] {processor.py:925} INFO - DAG(s) 'airflow_sanity_check' retrieved from /opt/airflow/dags/sanity_checks.py
[2026-06-16T15:52:38.236+0000] {logging_mixin.py:190} INFO - [2026-06-16T15:52:38.236+0000] {dag.py:3211} INFO - Sync 1 DAGs
[2026-06-16T15:52:38.259+0000] {logging_mixin.py:190} INFO - [2026-06-16T15:52:38.259+0000] {dag.py:4138} INFO - Setting next_dagrun for airflow_sanity_check to None, run_after=None
[2026-06-16T15:52:38.292+0000] {processor.py:208} INFO - Processing /opt/airflow/dags/sanity_checks.py took 0.142 seconds
[2026-06-16T15:53:08.730+0000] {processor.py:186} INFO - Started process (PID=1337) to work on /opt/airflow/dags/sanity_checks.py
[2026-06-16T15:53:08.732+0000] {processor.py:914} INFO - Processing file /opt/airflow/dags/sanity_checks.py for tasks to queue
[2026-06-16T15:53:08.737+0000] {logging_mixin.py:190} INFO - [2026-06-16T15:53:08.737+0000] {dagbag.py:587} INFO - Filling up the DagBag from /opt/airflow/dags/sanity_checks.py
[2026-06-16T15:53:08.757+0000] {processor.py:925} INFO - DAG(s) 'airflow_sanity_check' retrieved from /opt/airflow/dags/sanity_checks.py
[2026-06-16T15:53:08.811+0000] {logging_mixin.py:190} INFO - [2026-06-16T15:53:08.810+0000] {dag.py:3211} INFO - Sync 1 DAGs
[2026-06-16T15:53:08.844+0000] {logging_mixin.py:190} INFO - [2026-06-16T15:53:08.844+0000] {dag.py:4138} INFO - Setting next_dagrun for airflow_sanity_check to None, run_after=None
[2026-06-16T15:53:08.877+0000] {processor.py:208} INFO - Processing /opt/airflow/dags/sanity_checks.py took 0.158 seconds
[2026-06-16T15:53:39.217+0000] {processor.py:186} INFO - Started process (PID=1347) to work on /opt/airflow/dags/sanity_checks.py
[2026-06-16T15:53:39.218+0000] {processor.py:914} INFO - Processing file /opt/airflow/dags/sanity_checks.py for tasks to queue
[2026-06-16T15:53:39.223+0000] {logging_mixin.py:190} INFO - [2026-06-16T15:53:39.222+0000] {dagbag.py:587} INFO - Filling up the DagBag from /opt/airflow/dags/sanity_checks.py
[2026-06-16T15:53:39.242+0000] {processor.py:925} INFO - DAG(s) 'airflow_sanity_check' retrieved from /opt/airflow/dags/sanity_checks.py
[2026-06-16T15:53:39.289+0000] {logging_mixin.py:190} INFO - [2026-06-16T15:53:39.288+0000] {dag.py:3211} INFO - Sync 1 DAGs
[2026-06-16T15:53:39.311+0000] {logging_mixin.py:190} INFO - [2026-06-16T15:53:39.310+0000] {dag.py:4138} INFO - Setting next_dagrun for airflow_sanity_check to None, run_after=None
[2026-06-16T15:53:39.338+0000] {processor.py:208} INFO - Processing /opt/airflow/dags/sanity_checks.py took 0.139 seconds
[2026-06-16T15:54:09.651+0000] {processor.py:186} INFO - Started process (PID=1357) to work on /opt/airflow/dags/sanity_checks.py
[2026-06-16T15:54:09.653+0000] {processor.py:914} INFO - Processing file /opt/airflow/dags/sanity_checks.py for tasks to queue
[2026-06-16T15:54:09.657+0000] {logging_mixin.py:190} INFO - [2026-06-16T15:54:09.656+0000] {dagbag.py:587} INFO - Filling up the DagBag from /opt/airflow/dags/sanity_checks.py
[2026-06-16T15:54:09.678+0000] {processor.py:925} INFO - DAG(s) 'airflow_sanity_check' retrieved from /opt/airflow/dags/sanity_checks.py
[2026-06-16T15:54:09.726+0000] {logging_mixin.py:190} INFO - [2026-06-16T15:54:09.725+0000] {dag.py:3211} INFO - Sync 1 DAGs
[2026-06-16T15:54:09.748+0000] {logging_mixin.py:190} INFO - [2026-06-16T15:54:09.747+0000] {dag.py:4138} INFO - Setting next_dagrun for airflow_sanity_check to None, run_after=None
[2026-06-16T15:54:09.781+0000] {processor.py:208} INFO - Processing /opt/airflow/dags/sanity_checks.py took 0.142 seconds
[2026-06-16T15:54:40.081+0000] {processor.py:186} INFO - Started process (PID=1367) to work on /opt/airflow/dags/sanity_checks.py
[2026-06-16T15:54:40.083+0000] {processor.py:914} INFO - Processing file /opt/airflow/dags/sanity_checks.py for tasks to queue
[2026-06-16T15:54:40.087+0000] {logging_mixin.py:190} INFO - [2026-06-16T15:54:40.086+0000] {dagbag.py:587} INFO - Filling up the DagBag from /opt/airflow/dags/sanity_checks.py
[2026-06-16T15:54:40.103+0000] {processor.py:925} INFO - DAG(s) 'airflow_sanity_check' retrieved from /opt/airflow/dags/sanity_checks.py
[2026-06-16T15:54:40.149+0000] {logging_mixin.py:190} INFO - [2026-06-16T15:54:40.148+0000] {dag.py:3211} INFO - Sync 1 DAGs
[2026-06-16T15:54:40.180+0000] {logging_mixin.py:190} INFO - [2026-06-16T15:54:40.180+0000] {dag.py:4138} INFO - Setting next_dagrun for airflow_sanity_check to None, run_after=None
[2026-06-16T15:54:40.216+0000] {processor.py:208} INFO - Processing /opt/airflow/dags/sanity_checks.py took 0.144 seconds
[2026-06-16T15:55:10.512+0000] {processor.py:186} INFO - Started process (PID=1377) to work on /opt/airflow/dags/sanity_checks.py
[2026-06-16T15:55:10.514+0000] {processor.py:914} INFO - Processing file /opt/airflow/dags/sanity_checks.py for tasks to queue
[2026-06-16T15:55:10.522+0000] {logging_mixin.py:190} INFO - [2026-06-16T15:55:10.521+0000] {dagbag.py:587} INFO - Filling up the DagBag from /opt/airflow/dags/sanity_checks.py
[2026-06-16T15:55:10.541+0000] {processor.py:925} INFO - DAG(s) 'airflow_sanity_check' retrieved from /opt/airflow/dags/sanity_checks.py
[2026-06-16T15:55:10.588+0000] {logging_mixin.py:190} INFO - [2026-06-16T15:55:10.588+0000] {dag.py:3211} INFO - Sync 1 DAGs
[2026-06-16T15:55:10.612+0000] {logging_mixin.py:190} INFO - [2026-06-16T15:55:10.612+0000] {dag.py:4138} INFO - Setting next_dagrun for airflow_sanity_check to None, run_after=None
[2026-06-16T15:55:10.644+0000] {processor.py:208} INFO - Processing /opt/airflow/dags/sanity_checks.py took 0.143 seconds
[2026-06-16T15:55:40.976+0000] {processor.py:186} INFO - Started process (PID=1387) to work on /opt/airflow/dags/sanity_checks.py
[2026-06-16T15:55:40.978+0000] {processor.py:914} INFO - Processing file /opt/airflow/dags/sanity_checks.py for tasks to queue
[2026-06-16T15:55:40.983+0000] {logging_mixin.py:190} INFO - [2026-06-16T15:55:40.983+0000] {dagbag.py:587} INFO - Filling up the DagBag from /opt/airflow/dags/sanity_checks.py
[2026-06-16T15:55:40.999+0000] {processor.py:925} INFO - DAG(s) 'airflow_sanity_check' retrieved from /opt/airflow/dags/sanity_checks.py
[2026-06-16T15:55:41.050+0000] {logging_mixin.py:190} INFO - [2026-06-16T15:55:41.050+0000] {dag.py:3211} INFO - Sync 1 DAGs
[2026-06-16T15:55:41.072+0000] {logging_mixin.py:190} INFO - [2026-06-16T15:55:41.072+0000] {dag.py:4138} INFO - Setting next_dagrun for airflow_sanity_check to None, run_after=None
[2026-06-16T15:55:41.101+0000] {processor.py:208} INFO - Processing /opt/airflow/dags/sanity_checks.py took 0.137 seconds
[2026-06-16T15:56:11.387+0000] {processor.py:186} INFO - Started process (PID=1397) to work on /opt/airflow/dags/sanity_checks.py
[2026-06-16T15:56:11.388+0000] {processor.py:914} INFO - Processing file /opt/airflow/dags/sanity_checks.py for tasks to queue
[2026-06-16T15:56:11.392+0000] {logging_mixin.py:190} INFO - [2026-06-16T15:56:11.391+0000] {dagbag.py:587} INFO - Filling up the DagBag from /opt/airflow/dags/sanity_checks.py
[2026-06-16T15:56:11.409+0000] {processor.py:925} INFO - DAG(s) 'airflow_sanity_check' retrieved from /opt/airflow/dags/sanity_checks.py
[2026-06-16T15:56:11.454+0000] {logging_mixin.py:190} INFO - [2026-06-16T15:56:11.454+0000] {dag.py:3211} INFO - Sync 1 DAGs
[2026-06-16T15:56:11.478+0000] {logging_mixin.py:190} INFO - [2026-06-16T15:56:11.478+0000] {dag.py:4138} INFO - Setting next_dagrun for airflow_sanity_check to None, run_after=None
[2026-06-16T15:56:11.512+0000] {processor.py:208} INFO - Processing /opt/airflow/dags/sanity_checks.py took 0.134 seconds
[2026-06-16T15:56:41.884+0000] {processor.py:186} INFO - Started process (PID=1407) to work on /opt/airflow/dags/sanity_checks.py
[2026-06-16T15:56:41.886+0000] {processor.py:914} INFO - Processing file /opt/airflow/dags/sanity_checks.py for tasks to queue
[2026-06-16T15:56:41.889+0000] {logging_mixin.py:190} INFO - [2026-06-16T15:56:41.889+0000] {dagbag.py:587} INFO - Filling up the DagBag from /opt/airflow/dags/sanity_checks.py
[2026-06-16T15:56:41.905+0000] {processor.py:925} INFO - DAG(s) 'airflow_sanity_check' retrieved from /opt/airflow/dags/sanity_checks.py
[2026-06-16T15:56:41.989+0000] {logging_mixin.py:190} INFO - [2026-06-16T15:56:41.989+0000] {dag.py:3211} INFO - Sync 1 DAGs
[2026-06-16T15:56:42.012+0000] {logging_mixin.py:190} INFO - [2026-06-16T15:56:42.011+0000] {dag.py:4138} INFO - Setting next_dagrun for airflow_sanity_check to None, run_after=None
[2026-06-16T15:56:42.084+0000] {processor.py:208} INFO - Processing /opt/airflow/dags/sanity_checks.py took 0.224 seconds
[2026-06-16T15:57:12.234+0000] {processor.py:186} INFO - Started process (PID=1417) to work on /opt/airflow/dags/sanity_checks.py
[2026-06-16T15:57:12.235+0000] {processor.py:914} INFO - Processing file /opt/airflow/dags/sanity_checks.py for tasks to queue
[2026-06-16T15:57:12.241+0000] {logging_mixin.py:190} INFO - [2026-06-16T15:57:12.241+0000] {dagbag.py:587} INFO - Filling up the DagBag from /opt/airflow/dags/sanity_checks.py
[2026-06-16T15:57:12.256+0000] {processor.py:925} INFO - DAG(s) 'airflow_sanity_check' retrieved from /opt/airflow/dags/sanity_checks.py
[2026-06-16T15:57:12.301+0000] {logging_mixin.py:190} INFO - [2026-06-16T15:57:12.301+0000] {dag.py:3211} INFO - Sync 1 DAGs
[2026-06-16T15:57:12.322+0000] {logging_mixin.py:190} INFO - [2026-06-16T15:57:12.322+0000] {dag.py:4138} INFO - Setting next_dagrun for airflow_sanity_check to None, run_after=None
[2026-06-16T15:57:12.351+0000] {processor.py:208} INFO - Processing /opt/airflow/dags/sanity_checks.py took 0.127 seconds
[2026-06-16T15:57:42.676+0000] {processor.py:186} INFO - Started process (PID=1427) to work on /opt/airflow/dags/sanity_checks.py
[2026-06-16T15:57:42.678+0000] {processor.py:914} INFO - Processing file /opt/airflow/dags/sanity_checks.py for tasks to queue
[2026-06-16T15:57:42.682+0000] {logging_mixin.py:190} INFO - [2026-06-16T15:57:42.682+0000] {dagbag.py:587} INFO - Filling up the DagBag from /opt/airflow/dags/sanity_checks.py
[2026-06-16T15:57:42.700+0000] {processor.py:925} INFO - DAG(s) 'airflow_sanity_check' retrieved from /opt/airflow/dags/sanity_checks.py
[2026-06-16T15:57:42.748+0000] {logging_mixin.py:190} INFO - [2026-06-16T15:57:42.748+0000] {dag.py:3211} INFO - Sync 1 DAGs
[2026-06-16T15:57:42.772+0000] {logging_mixin.py:190} INFO - [2026-06-16T15:57:42.772+0000] {dag.py:4138} INFO - Setting next_dagrun for airflow_sanity_check to None, run_after=None
[2026-06-16T15:57:42.803+0000] {processor.py:208} INFO - Processing /opt/airflow/dags/sanity_checks.py took 0.136 seconds
[2026-06-16T15:58:13.133+0000] {processor.py:186} INFO - Started process (PID=1437) to work on /opt/airflow/dags/sanity_checks.py
[2026-06-16T15:58:13.135+0000] {processor.py:914} INFO - Processing file /opt/airflow/dags/sanity_checks.py for tasks to queue
[2026-06-16T15:58:13.144+0000] {logging_mixin.py:190} INFO - [2026-06-16T15:58:13.143+0000] {dagbag.py:587} INFO - Filling up the DagBag from /opt/airflow/dags/sanity_checks.py
[2026-06-16T15:58:13.172+0000] {processor.py:925} INFO - DAG(s) 'airflow_sanity_check' retrieved from /opt/airflow/dags/sanity_checks.py
[2026-06-16T15:58:13.241+0000] {logging_mixin.py:190} INFO - [2026-06-16T15:58:13.241+0000] {dag.py:3211} INFO - Sync 1 DAGs
[2026-06-16T15:58:13.271+0000] {logging_mixin.py:190} INFO - [2026-06-16T15:58:13.270+0000] {dag.py:4138} INFO - Setting next_dagrun for airflow_sanity_check to None, run_after=None
[2026-06-16T15:58:13.299+0000] {processor.py:208} INFO - Processing /opt/airflow/dags/sanity_checks.py took 0.175 seconds
[2026-06-16T15:58:43.636+0000] {processor.py:186} INFO - Started process (PID=1447) to work on /opt/airflow/dags/sanity_checks.py
[2026-06-16T15:58:43.637+0000] {processor.py:914} INFO - Processing file /opt/airflow/dags/sanity_checks.py for tasks to queue
[2026-06-16T15:58:43.641+0000] {logging_mixin.py:190} INFO - [2026-06-16T15:58:43.641+0000] {dagbag.py:587} INFO - Filling up the DagBag from /opt/airflow/dags/sanity_checks.py
[2026-06-16T15:58:43.657+0000] {processor.py:925} INFO - DAG(s) 'airflow_sanity_check' retrieved from /opt/airflow/dags/sanity_checks.py
[2026-06-16T15:58:43.709+0000] {logging_mixin.py:190} INFO - [2026-06-16T15:58:43.708+0000] {dag.py:3211} INFO - Sync 1 DAGs
[2026-06-16T15:58:43.735+0000] {logging_mixin.py:190} INFO - [2026-06-16T15:58:43.734+0000] {dag.py:4138} INFO - Setting next_dagrun for airflow_sanity_check to None, run_after=None
[2026-06-16T15:58:43.761+0000] {processor.py:208} INFO - Processing /opt/airflow/dags/sanity_checks.py took 0.135 seconds
[2026-06-16T15:59:14.065+0000] {processor.py:186} INFO - Started process (PID=1457) to work on /opt/airflow/dags/sanity_checks.py
[2026-06-16T15:59:14.067+0000] {processor.py:914} INFO - Processing file /opt/airflow/dags/sanity_checks.py for tasks to queue
[2026-06-16T15:59:14.070+0000] {logging_mixin.py:190} INFO - [2026-06-16T15:59:14.070+0000] {dagbag.py:587} INFO - Filling up the DagBag from /opt/airflow/dags/sanity_checks.py
[2026-06-16T15:59:14.086+0000] {processor.py:925} INFO - DAG(s) 'airflow_sanity_check' retrieved from /opt/airflow/dags/sanity_checks.py
[2026-06-16T15:59:14.127+0000] {logging_mixin.py:190} INFO - [2026-06-16T15:59:14.127+0000] {dag.py:3211} INFO - Sync 1 DAGs
[2026-06-16T15:59:14.147+0000] {logging_mixin.py:190} INFO - [2026-06-16T15:59:14.147+0000] {dag.py:4138} INFO - Setting next_dagrun for airflow_sanity_check to None, run_after=None
[2026-06-16T15:59:14.174+0000] {processor.py:208} INFO - Processing /opt/airflow/dags/sanity_checks.py took 0.117 seconds
[2026-06-16T15:59:44.467+0000] {processor.py:186} INFO - Started process (PID=1467) to work on /opt/airflow/dags/sanity_checks.py
[2026-06-16T15:59:44.469+0000] {processor.py:914} INFO - Processing file /opt/airflow/dags/sanity_checks.py for tasks to queue
[2026-06-16T15:59:44.472+0000] {logging_mixin.py:190} INFO - [2026-06-16T15:59:44.472+0000] {dagbag.py:587} INFO - Filling up the DagBag from /opt/airflow/dags/sanity_checks.py
[2026-06-16T15:59:44.488+0000] {processor.py:925} INFO - DAG(s) 'airflow_sanity_check' retrieved from /opt/airflow/dags/sanity_checks.py
[2026-06-16T15:59:44.530+0000] {logging_mixin.py:190} INFO - [2026-06-16T15:59:44.530+0000] {dag.py:3211} INFO - Sync 1 DAGs
[2026-06-16T15:59:44.554+0000] {logging_mixin.py:190} INFO - [2026-06-16T15:59:44.553+0000] {dag.py:4138} INFO - Setting next_dagrun for airflow_sanity_check to None, run_after=None
[2026-06-16T15:59:44.580+0000] {processor.py:208} INFO - Processing /opt/airflow/dags/sanity_checks.py took 0.122 seconds
[2026-06-16T16:00:14.882+0000] {processor.py:186} INFO - Started process (PID=1477) to work on /opt/airflow/dags/sanity_checks.py
[2026-06-16T16:00:14.884+0000] {processor.py:914} INFO - Processing file /opt/airflow/dags/sanity_checks.py for tasks to queue
[2026-06-16T16:00:14.888+0000] {logging_mixin.py:190} INFO - [2026-06-16T16:00:14.887+0000] {dagbag.py:587} INFO - Filling up the DagBag from /opt/airflow/dags/sanity_checks.py
[2026-06-16T16:00:14.907+0000] {processor.py:925} INFO - DAG(s) 'airflow_sanity_check' retrieved from /opt/airflow/dags/sanity_checks.py
[2026-06-16T16:00:14.951+0000] {logging_mixin.py:190} INFO - [2026-06-16T16:00:14.951+0000] {dag.py:3211} INFO - Sync 1 DAGs
[2026-06-16T16:00:14.976+0000] {logging_mixin.py:190} INFO - [2026-06-16T16:00:14.975+0000] {dag.py:4138} INFO - Setting next_dagrun for airflow_sanity_check to None, run_after=None
[2026-06-16T16:00:15.003+0000] {processor.py:208} INFO - Processing /opt/airflow/dags/sanity_checks.py took 0.131 seconds
[2026-06-16T16:00:45.299+0000] {processor.py:186} INFO - Started process (PID=1487) to work on /opt/airflow/dags/sanity_checks.py
[2026-06-16T16:00:45.301+0000] {processor.py:914} INFO - Processing file /opt/airflow/dags/sanity_checks.py for tasks to queue
[2026-06-16T16:00:45.304+0000] {logging_mixin.py:190} INFO - [2026-06-16T16:00:45.303+0000] {dagbag.py:587} INFO - Filling up the DagBag from /opt/airflow/dags/sanity_checks.py
[2026-06-16T16:00:45.320+0000] {processor.py:925} INFO - DAG(s) 'airflow_sanity_check' retrieved from /opt/airflow/dags/sanity_checks.py
[2026-06-16T16:00:45.360+0000] {logging_mixin.py:190} INFO - [2026-06-16T16:00:45.360+0000] {dag.py:3211} INFO - Sync 1 DAGs
[2026-06-16T16:00:45.382+0000] {logging_mixin.py:190} INFO - [2026-06-16T16:00:45.381+0000] {dag.py:4138} INFO - Setting next_dagrun for airflow_sanity_check to None, run_after=None
[2026-06-16T16:00:45.410+0000] {processor.py:208} INFO - Processing /opt/airflow/dags/sanity_checks.py took 0.119 seconds
[2026-06-16T16:01:15.718+0000] {processor.py:186} INFO - Started process (PID=1497) to work on /opt/airflow/dags/sanity_checks.py
[2026-06-16T16:01:15.719+0000] {processor.py:914} INFO - Processing file /opt/airflow/dags/sanity_checks.py for tasks to queue
[2026-06-16T16:01:15.723+0000] {logging_mixin.py:190} INFO - [2026-06-16T16:01:15.722+0000] {dagbag.py:587} INFO - Filling up the DagBag from /opt/airflow/dags/sanity_checks.py
[2026-06-16T16:01:15.738+0000] {processor.py:925} INFO - DAG(s) 'airflow_sanity_check' retrieved from /opt/airflow/dags/sanity_checks.py
[2026-06-16T16:01:15.786+0000] {logging_mixin.py:190} INFO - [2026-06-16T16:01:15.786+0000] {dag.py:3211} INFO - Sync 1 DAGs
[2026-06-16T16:01:15.810+0000] {logging_mixin.py:190} INFO - [2026-06-16T16:01:15.810+0000] {dag.py:4138} INFO - Setting next_dagrun for airflow_sanity_check to None, run_after=None
[2026-06-16T16:01:15.840+0000] {processor.py:208} INFO - Processing /opt/airflow/dags/sanity_checks.py took 0.132 seconds
[2026-06-16T16:01:46.139+0000] {processor.py:186} INFO - Started process (PID=1507) to work on /opt/airflow/dags/sanity_checks.py
[2026-06-16T16:01:46.141+0000] {processor.py:914} INFO - Processing file /opt/airflow/dags/sanity_checks.py for tasks to queue
[2026-06-16T16:01:46.148+0000] {logging_mixin.py:190} INFO - [2026-06-16T16:01:46.147+0000] {dagbag.py:587} INFO - Filling up the DagBag from /opt/airflow/dags/sanity_checks.py
[2026-06-16T16:01:46.162+0000] {processor.py:925} INFO - DAG(s) 'airflow_sanity_check' retrieved from /opt/airflow/dags/sanity_checks.py
[2026-06-16T16:01:46.204+0000] {logging_mixin.py:190} INFO - [2026-06-16T16:01:46.204+0000] {dag.py:3211} INFO - Sync 1 DAGs
[2026-06-16T16:01:46.226+0000] {logging_mixin.py:190} INFO - [2026-06-16T16:01:46.226+0000] {dag.py:4138} INFO - Setting next_dagrun for airflow_sanity_check to None, run_after=None
[2026-06-16T16:01:46.259+0000] {processor.py:208} INFO - Processing /opt/airflow/dags/sanity_checks.py took 0.128 seconds
[2026-06-16T16:02:16.615+0000] {processor.py:186} INFO - Started process (PID=1517) to work on /opt/airflow/dags/sanity_checks.py
[2026-06-16T16:02:16.617+0000] {processor.py:914} INFO - Processing file /opt/airflow/dags/sanity_checks.py for tasks to queue
[2026-06-16T16:02:16.622+0000] {logging_mixin.py:190} INFO - [2026-06-16T16:02:16.620+0000] {dagbag.py:587} INFO - Filling up the DagBag from /opt/airflow/dags/sanity_checks.py
[2026-06-16T16:02:16.645+0000] {processor.py:925} INFO - DAG(s) 'airflow_sanity_check' retrieved from /opt/airflow/dags/sanity_checks.py
[2026-06-16T16:02:16.690+0000] {logging_mixin.py:190} INFO - [2026-06-16T16:02:16.689+0000] {dag.py:3211} INFO - Sync 1 DAGs
[2026-06-16T16:02:16.712+0000] {logging_mixin.py:190} INFO - [2026-06-16T16:02:16.712+0000] {dag.py:4138} INFO - Setting next_dagrun for airflow_sanity_check to None, run_after=None
[2026-06-16T16:02:16.744+0000] {processor.py:208} INFO - Processing /opt/airflow/dags/sanity_checks.py took 0.151 seconds
[2026-06-16T16:02:47.044+0000] {processor.py:186} INFO - Started process (PID=1527) to work on /opt/airflow/dags/sanity_checks.py
[2026-06-16T16:02:47.045+0000] {processor.py:914} INFO - Processing file /opt/airflow/dags/sanity_checks.py for tasks to queue
[2026-06-16T16:02:47.049+0000] {logging_mixin.py:190} INFO - [2026-06-16T16:02:47.049+0000] {dagbag.py:587} INFO - Filling up the DagBag from /opt/airflow/dags/sanity_checks.py
[2026-06-16T16:02:47.069+0000] {processor.py:925} INFO - DAG(s) 'airflow_sanity_check' retrieved from /opt/airflow/dags/sanity_checks.py
[2026-06-16T16:02:47.115+0000] {logging_mixin.py:190} INFO - [2026-06-16T16:02:47.114+0000] {dag.py:3211} INFO - Sync 1 DAGs
[2026-06-16T16:02:47.138+0000] {logging_mixin.py:190} INFO - [2026-06-16T16:02:47.137+0000] {dag.py:4138} INFO - Setting next_dagrun for airflow_sanity_check to None, run_after=None
[2026-06-16T16:02:47.170+0000] {processor.py:208} INFO - Processing /opt/airflow/dags/sanity_checks.py took 0.135 seconds
[2026-06-16T16:03:17.447+0000] {processor.py:186} INFO - Started process (PID=1537) to work on /opt/airflow/dags/sanity_checks.py
[2026-06-16T16:03:17.449+0000] {processor.py:914} INFO - Processing file /opt/airflow/dags/sanity_checks.py for tasks to queue
[2026-06-16T16:03:17.452+0000] {logging_mixin.py:190} INFO - [2026-06-16T16:03:17.452+0000] {dagbag.py:587} INFO - Filling up the DagBag from /opt/airflow/dags/sanity_checks.py
[2026-06-16T16:03:17.469+0000] {processor.py:925} INFO - DAG(s) 'airflow_sanity_check' retrieved from /opt/airflow/dags/sanity_checks.py
[2026-06-16T16:03:17.515+0000] {logging_mixin.py:190} INFO - [2026-06-16T16:03:17.514+0000] {dag.py:3211} INFO - Sync 1 DAGs
[2026-06-16T16:03:17.539+0000] {logging_mixin.py:190} INFO - [2026-06-16T16:03:17.539+0000] {dag.py:4138} INFO - Setting next_dagrun for airflow_sanity_check to None, run_after=None
[2026-06-16T16:03:17.566+0000] {processor.py:208} INFO - Processing /opt/airflow/dags/sanity_checks.py took 0.127 seconds
[2026-06-16T16:03:47.857+0000] {processor.py:186} INFO - Started process (PID=1547) to work on /opt/airflow/dags/sanity_checks.py
[2026-06-16T16:03:47.858+0000] {processor.py:914} INFO - Processing file /opt/airflow/dags/sanity_checks.py for tasks to queue
[2026-06-16T16:03:47.861+0000] {logging_mixin.py:190} INFO - [2026-06-16T16:03:47.861+0000] {dagbag.py:587} INFO - Filling up the DagBag from /opt/airflow/dags/sanity_checks.py
[2026-06-16T16:03:47.877+0000] {processor.py:925} INFO - DAG(s) 'airflow_sanity_check' retrieved from /opt/airflow/dags/sanity_checks.py
[2026-06-16T16:03:47.921+0000] {logging_mixin.py:190} INFO - [2026-06-16T16:03:47.921+0000] {dag.py:3211} INFO - Sync 1 DAGs
[2026-06-16T16:03:47.943+0000] {logging_mixin.py:190} INFO - [2026-06-16T16:03:47.943+0000] {dag.py:4138} INFO - Setting next_dagrun for airflow_sanity_check to None, run_after=None
[2026-06-16T16:03:47.969+0000] {processor.py:208} INFO - Processing /opt/airflow/dags/sanity_checks.py took 0.121 seconds
[2026-06-16T16:04:18.396+0000] {processor.py:186} INFO - Started process (PID=1557) to work on /opt/airflow/dags/sanity_checks.py
[2026-06-16T16:04:18.398+0000] {processor.py:914} INFO - Processing file /opt/airflow/dags/sanity_checks.py for tasks to queue
[2026-06-16T16:04:18.402+0000] {logging_mixin.py:190} INFO - [2026-06-16T16:04:18.402+0000] {dagbag.py:587} INFO - Filling up the DagBag from /opt/airflow/dags/sanity_checks.py
[2026-06-16T16:04:18.419+0000] {processor.py:925} INFO - DAG(s) 'airflow_sanity_check' retrieved from /opt/airflow/dags/sanity_checks.py
[2026-06-16T16:04:18.473+0000] {logging_mixin.py:190} INFO - [2026-06-16T16:04:18.472+0000] {dag.py:3211} INFO - Sync 1 DAGs
[2026-06-16T16:04:18.496+0000] {logging_mixin.py:190} INFO - [2026-06-16T16:04:18.495+0000] {dag.py:4138} INFO - Setting next_dagrun for airflow_sanity_check to None, run_after=None
[2026-06-16T16:04:18.532+0000] {processor.py:208} INFO - Processing /opt/airflow/dags/sanity_checks.py took 0.145 seconds
[2026-06-16T16:04:48.846+0000] {processor.py:186} INFO - Started process (PID=1567) to work on /opt/airflow/dags/sanity_checks.py
[2026-06-16T16:04:48.847+0000] {processor.py:914} INFO - Processing file /opt/airflow/dags/sanity_checks.py for tasks to queue
[2026-06-16T16:04:48.851+0000] {logging_mixin.py:190} INFO - [2026-06-16T16:04:48.850+0000] {dagbag.py:587} INFO - Filling up the DagBag from /opt/airflow/dags/sanity_checks.py
[2026-06-16T16:04:48.866+0000] {processor.py:925} INFO - DAG(s) 'airflow_sanity_check' retrieved from /opt/airflow/dags/sanity_checks.py
[2026-06-16T16:04:48.909+0000] {logging_mixin.py:190} INFO - [2026-06-16T16:04:48.908+0000] {dag.py:3211} INFO - Sync 1 DAGs
[2026-06-16T16:04:48.932+0000] {logging_mixin.py:190} INFO - [2026-06-16T16:04:48.932+0000] {dag.py:4138} INFO - Setting next_dagrun for airflow_sanity_check to None, run_after=None
[2026-06-16T16:04:48.958+0000] {processor.py:208} INFO - Processing /opt/airflow/dags/sanity_checks.py took 0.120 seconds
[2026-06-16T16:05:19.257+0000] {processor.py:186} INFO - Started process (PID=1577) to work on /opt/airflow/dags/sanity_checks.py
[2026-06-16T16:05:19.260+0000] {processor.py:914} INFO - Processing file /opt/airflow/dags/sanity_checks.py for tasks to queue
[2026-06-16T16:05:19.265+0000] {logging_mixin.py:190} INFO - [2026-06-16T16:05:19.265+0000] {dagbag.py:587} INFO - Filling up the DagBag from /opt/airflow/dags/sanity_checks.py
[2026-06-16T16:05:19.285+0000] {processor.py:925} INFO - DAG(s) 'airflow_sanity_check' retrieved from /opt/airflow/dags/sanity_checks.py
[2026-06-16T16:05:19.344+0000] {logging_mixin.py:190} INFO - [2026-06-16T16:05:19.343+0000] {dag.py:3211} INFO - Sync 1 DAGs
[2026-06-16T16:05:19.367+0000] {logging_mixin.py:190} INFO - [2026-06-16T16:05:19.367+0000] {dag.py:4138} INFO - Setting next_dagrun for airflow_sanity_check to None, run_after=None
[2026-06-16T16:05:19.399+0000] {processor.py:208} INFO - Processing /opt/airflow/dags/sanity_checks.py took 0.156 seconds
[2026-06-16T16:05:49.716+0000] {processor.py:186} INFO - Started process (PID=1587) to work on /opt/airflow/dags/sanity_checks.py
[2026-06-16T16:05:49.718+0000] {processor.py:914} INFO - Processing file /opt/airflow/dags/sanity_checks.py for tasks to queue
[2026-06-16T16:05:49.721+0000] {logging_mixin.py:190} INFO - [2026-06-16T16:05:49.720+0000] {dagbag.py:587} INFO - Filling up the DagBag from /opt/airflow/dags/sanity_checks.py
[2026-06-16T16:05:49.736+0000] {processor.py:925} INFO - DAG(s) 'airflow_sanity_check' retrieved from /opt/airflow/dags/sanity_checks.py
[2026-06-16T16:05:49.777+0000] {logging_mixin.py:190} INFO - [2026-06-16T16:05:49.776+0000] {dag.py:3211} INFO - Sync 1 DAGs
[2026-06-16T16:05:49.799+0000] {logging_mixin.py:190} INFO - [2026-06-16T16:05:49.799+0000] {dag.py:4138} INFO - Setting next_dagrun for airflow_sanity_check to None, run_after=None
[2026-06-16T16:05:49.824+0000] {processor.py:208} INFO - Processing /opt/airflow/dags/sanity_checks.py took 0.118 seconds
[2026-06-16T16:06:20.375+0000] {processor.py:186} INFO - Started process (PID=1597) to work on /opt/airflow/dags/sanity_checks.py
[2026-06-16T16:06:20.377+0000] {processor.py:914} INFO - Processing file /opt/airflow/dags/sanity_checks.py for tasks to queue
[2026-06-16T16:06:20.381+0000] {logging_mixin.py:190} INFO - [2026-06-16T16:06:20.380+0000] {dagbag.py:587} INFO - Filling up the DagBag from /opt/airflow/dags/sanity_checks.py
[2026-06-16T16:06:20.396+0000] {processor.py:925} INFO - DAG(s) 'airflow_sanity_check' retrieved from /opt/airflow/dags/sanity_checks.py
[2026-06-16T16:06:20.440+0000] {logging_mixin.py:190} INFO - [2026-06-16T16:06:20.439+0000] {dag.py:3211} INFO - Sync 1 DAGs
[2026-06-16T16:06:20.471+0000] {logging_mixin.py:190} INFO - [2026-06-16T16:06:20.470+0000] {dag.py:4138} INFO - Setting next_dagrun for airflow_sanity_check to None, run_after=None
[2026-06-16T16:06:20.501+0000] {processor.py:208} INFO - Processing /opt/airflow/dags/sanity_checks.py took 0.141 seconds
[2026-06-16T16:06:50.826+0000] {processor.py:186} INFO - Started process (PID=1607) to work on /opt/airflow/dags/sanity_checks.py
[2026-06-16T16:06:50.827+0000] {processor.py:914} INFO - Processing file /opt/airflow/dags/sanity_checks.py for tasks to queue
[2026-06-16T16:06:50.830+0000] {logging_mixin.py:190} INFO - [2026-06-16T16:06:50.830+0000] {dagbag.py:587} INFO - Filling up the DagBag from /opt/airflow/dags/sanity_checks.py
[2026-06-16T16:06:50.848+0000] {processor.py:925} INFO - DAG(s) 'airflow_sanity_check' retrieved from /opt/airflow/dags/sanity_checks.py
[2026-06-16T16:06:50.907+0000] {logging_mixin.py:190} INFO - [2026-06-16T16:06:50.906+0000] {dag.py:3211} INFO - Sync 1 DAGs
[2026-06-16T16:06:50.929+0000] {logging_mixin.py:190} INFO - [2026-06-16T16:06:50.928+0000] {dag.py:4138} INFO - Setting next_dagrun for airflow_sanity_check to None, run_after=None
[2026-06-16T16:06:50.957+0000] {processor.py:208} INFO - Processing /opt/airflow/dags/sanity_checks.py took 0.142 seconds
[2026-06-16T16:07:21.291+0000] {processor.py:186} INFO - Started process (PID=1617) to work on /opt/airflow/dags/sanity_checks.py
[2026-06-16T16:07:21.293+0000] {processor.py:914} INFO - Processing file /opt/airflow/dags/sanity_checks.py for tasks to queue
[2026-06-16T16:07:21.302+0000] {logging_mixin.py:190} INFO - [2026-06-16T16:07:21.301+0000] {dagbag.py:587} INFO - Filling up the DagBag from /opt/airflow/dags/sanity_checks.py
[2026-06-16T16:07:21.318+0000] {processor.py:925} INFO - DAG(s) 'airflow_sanity_check' retrieved from /opt/airflow/dags/sanity_checks.py
[2026-06-16T16:07:21.371+0000] {logging_mixin.py:190} INFO - [2026-06-16T16:07:21.370+0000] {dag.py:3211} INFO - Sync 1 DAGs
[2026-06-16T16:07:21.393+0000] {logging_mixin.py:190} INFO - [2026-06-16T16:07:21.393+0000] {dag.py:4138} INFO - Setting next_dagrun for airflow_sanity_check to None, run_after=None
[2026-06-16T16:07:21.423+0000] {processor.py:208} INFO - Processing /opt/airflow/dags/sanity_checks.py took 0.141 seconds
[2026-06-16T16:07:51.742+0000] {processor.py:186} INFO - Started process (PID=1627) to work on /opt/airflow/dags/sanity_checks.py
[2026-06-16T16:07:51.744+0000] {processor.py:914} INFO - Processing file /opt/airflow/dags/sanity_checks.py for tasks to queue
[2026-06-16T16:07:51.749+0000] {logging_mixin.py:190} INFO - [2026-06-16T16:07:51.748+0000] {dagbag.py:587} INFO - Filling up the DagBag from /opt/airflow/dags/sanity_checks.py
[2026-06-16T16:07:51.765+0000] {processor.py:925} INFO - DAG(s) 'airflow_sanity_check' retrieved from /opt/airflow/dags/sanity_checks.py
[2026-06-16T16:07:51.809+0000] {logging_mixin.py:190} INFO - [2026-06-16T16:07:51.808+0000] {dag.py:3211} INFO - Sync 1 DAGs
[2026-06-16T16:07:51.829+0000] {logging_mixin.py:190} INFO - [2026-06-16T16:07:51.829+0000] {dag.py:4138} INFO - Setting next_dagrun for airflow_sanity_check to None, run_after=None
[2026-06-16T16:07:51.859+0000] {processor.py:208} INFO - Processing /opt/airflow/dags/sanity_checks.py took 0.125 seconds
[2026-06-16T16:08:22.189+0000] {processor.py:186} INFO - Started process (PID=1637) to work on /opt/airflow/dags/sanity_checks.py
[2026-06-16T16:08:22.191+0000] {processor.py:914} INFO - Processing file /opt/airflow/dags/sanity_checks.py for tasks to queue
[2026-06-16T16:08:22.196+0000] {logging_mixin.py:190} INFO - [2026-06-16T16:08:22.196+0000] {dagbag.py:587} INFO - Filling up the DagBag from /opt/airflow/dags/sanity_checks.py
[2026-06-16T16:08:22.212+0000] {processor.py:925} INFO - DAG(s) 'airflow_sanity_check' retrieved from /opt/airflow/dags/sanity_checks.py
[2026-06-16T16:08:22.262+0000] {logging_mixin.py:190} INFO - [2026-06-16T16:08:22.262+0000] {dag.py:3211} INFO - Sync 1 DAGs
[2026-06-16T16:08:22.283+0000] {logging_mixin.py:190} INFO - [2026-06-16T16:08:22.283+0000] {dag.py:4138} INFO - Setting next_dagrun for airflow_sanity_check to None, run_after=None
[2026-06-16T16:08:22.334+0000] {processor.py:208} INFO - Processing /opt/airflow/dags/sanity_checks.py took 0.153 seconds
[2026-06-16T16:08:52.733+0000] {processor.py:186} INFO - Started process (PID=1647) to work on /opt/airflow/dags/sanity_checks.py
[2026-06-16T16:08:52.735+0000] {processor.py:914} INFO - Processing file /opt/airflow/dags/sanity_checks.py for tasks to queue
[2026-06-16T16:08:52.738+0000] {logging_mixin.py:190} INFO - [2026-06-16T16:08:52.738+0000] {dagbag.py:587} INFO - Filling up the DagBag from /opt/airflow/dags/sanity_checks.py
[2026-06-16T16:08:52.754+0000] {processor.py:925} INFO - DAG(s) 'airflow_sanity_check' retrieved from /opt/airflow/dags/sanity_checks.py
[2026-06-16T16:08:52.795+0000] {logging_mixin.py:190} INFO - [2026-06-16T16:08:52.794+0000] {dag.py:3211} INFO - Sync 1 DAGs
[2026-06-16T16:08:52.816+0000] {logging_mixin.py:190} INFO - [2026-06-16T16:08:52.816+0000] {dag.py:4138} INFO - Setting next_dagrun for airflow_sanity_check to None, run_after=None
[2026-06-16T16:08:52.842+0000] {processor.py:208} INFO - Processing /opt/airflow/dags/sanity_checks.py took 0.117 seconds
[2026-06-16T16:09:23.215+0000] {processor.py:186} INFO - Started process (PID=1657) to work on /opt/airflow/dags/sanity_checks.py
[2026-06-16T16:09:23.216+0000] {processor.py:914} INFO - Processing file /opt/airflow/dags/sanity_checks.py for tasks to queue
[2026-06-16T16:09:23.220+0000] {logging_mixin.py:190} INFO - [2026-06-16T16:09:23.220+0000] {dagbag.py:587} INFO - Filling up the DagBag from /opt/airflow/dags/sanity_checks.py
[2026-06-16T16:09:23.246+0000] {processor.py:925} INFO - DAG(s) 'airflow_sanity_check' retrieved from /opt/airflow/dags/sanity_checks.py
[2026-06-16T16:09:23.330+0000] {logging_mixin.py:190} INFO - [2026-06-16T16:09:23.329+0000] {dag.py:3211} INFO - Sync 1 DAGs
[2026-06-16T16:09:23.367+0000] {logging_mixin.py:190} INFO - [2026-06-16T16:09:23.367+0000] {dag.py:4138} INFO - Setting next_dagrun for airflow_sanity_check to None, run_after=None
[2026-06-16T16:09:23.399+0000] {processor.py:208} INFO - Processing /opt/airflow/dags/sanity_checks.py took 0.205 seconds
[2026-06-16T16:09:53.724+0000] {processor.py:186} INFO - Started process (PID=1667) to work on /opt/airflow/dags/sanity_checks.py
[2026-06-16T16:09:53.725+0000] {processor.py:914} INFO - Processing file /opt/airflow/dags/sanity_checks.py for tasks to queue
[2026-06-16T16:09:53.729+0000] {logging_mixin.py:190} INFO - [2026-06-16T16:09:53.729+0000] {dagbag.py:587} INFO - Filling up the DagBag from /opt/airflow/dags/sanity_checks.py
[2026-06-16T16:09:53.749+0000] {processor.py:925} INFO - DAG(s) 'airflow_sanity_check' retrieved from /opt/airflow/dags/sanity_checks.py
[2026-06-16T16:09:53.799+0000] {logging_mixin.py:190} INFO - [2026-06-16T16:09:53.798+0000] {dag.py:3211} INFO - Sync 1 DAGs
[2026-06-16T16:09:53.822+0000] {logging_mixin.py:190} INFO - [2026-06-16T16:09:53.822+0000] {dag.py:4138} INFO - Setting next_dagrun for airflow_sanity_check to None, run_after=None
[2026-06-16T16:09:53.852+0000] {processor.py:208} INFO - Processing /opt/airflow/dags/sanity_checks.py took 0.137 seconds
[2026-06-16T16:10:24.139+0000] {processor.py:186} INFO - Started process (PID=1677) to work on /opt/airflow/dags/sanity_checks.py
[2026-06-16T16:10:24.141+0000] {processor.py:914} INFO - Processing file /opt/airflow/dags/sanity_checks.py for tasks to queue
[2026-06-16T16:10:24.144+0000] {logging_mixin.py:190} INFO - [2026-06-16T16:10:24.144+0000] {dagbag.py:587} INFO - Filling up the DagBag from /opt/airflow/dags/sanity_checks.py
[2026-06-16T16:10:24.161+0000] {processor.py:925} INFO - DAG(s) 'airflow_sanity_check' retrieved from /opt/airflow/dags/sanity_checks.py
[2026-06-16T16:10:24.205+0000] {logging_mixin.py:190} INFO - [2026-06-16T16:10:24.204+0000] {dag.py:3211} INFO - Sync 1 DAGs
[2026-06-16T16:10:24.237+0000] {logging_mixin.py:190} INFO - [2026-06-16T16:10:24.236+0000] {dag.py:4138} INFO - Setting next_dagrun for airflow_sanity_check to None, run_after=None
[2026-06-16T16:10:24.266+0000] {processor.py:208} INFO - Processing /opt/airflow/dags/sanity_checks.py took 0.136 seconds
