[2026-07-21T13:44:19.870+0000] {processor.py:186} INFO - Started process (PID=33784) to work on /opt/airflow/dags/tmdb_incremental_sync.py
[2026-07-21T13:44:19.872+0000] {processor.py:914} INFO - Processing file /opt/airflow/dags/tmdb_incremental_sync.py for tasks to queue
[2026-07-21T13:44:19.883+0000] {logging_mixin.py:190} INFO - [2026-07-21T13:44:19.883+0000] {dagbag.py:587} INFO - Filling up the DagBag from /opt/airflow/dags/tmdb_incremental_sync.py
[2026-07-21T13:44:19.953+0000] {processor.py:925} INFO - DAG(s) 'tmdb_incremental_sync' retrieved from /opt/airflow/dags/tmdb_incremental_sync.py
[2026-07-21T13:44:20.258+0000] {logging_mixin.py:190} INFO - [2026-07-21T13:44:20.257+0000] {dag.py:3211} INFO - Sync 1 DAGs
[2026-07-21T13:44:20.381+0000] {logging_mixin.py:190} INFO - [2026-07-21T13:44:20.381+0000] {dag.py:4138} INFO - Setting next_dagrun for tmdb_incremental_sync to 2026-07-20 00:00:00+00:00, run_after=2026-07-21 00:00:00+00:00
[2026-07-21T13:44:20.415+0000] {processor.py:208} INFO - Processing /opt/airflow/dags/tmdb_incremental_sync.py took 0.568 seconds
[2026-07-21T13:44:51.156+0000] {processor.py:186} INFO - Started process (PID=33797) to work on /opt/airflow/dags/tmdb_incremental_sync.py
[2026-07-21T13:44:51.206+0000] {processor.py:914} INFO - Processing file /opt/airflow/dags/tmdb_incremental_sync.py for tasks to queue
[2026-07-21T13:44:51.266+0000] {logging_mixin.py:190} INFO - [2026-07-21T13:44:51.259+0000] {dagbag.py:587} INFO - Filling up the DagBag from /opt/airflow/dags/tmdb_incremental_sync.py
[2026-07-21T13:44:51.503+0000] {processor.py:925} INFO - DAG(s) 'tmdb_incremental_sync' retrieved from /opt/airflow/dags/tmdb_incremental_sync.py
[2026-07-21T13:44:51.671+0000] {logging_mixin.py:190} INFO - [2026-07-21T13:44:51.670+0000] {dag.py:3211} INFO - Sync 1 DAGs
[2026-07-21T13:44:51.820+0000] {logging_mixin.py:190} INFO - [2026-07-21T13:44:51.820+0000] {dag.py:4138} INFO - Setting next_dagrun for tmdb_incremental_sync to 2026-07-21 00:00:00+00:00, run_after=2026-07-22 00:00:00+00:00
[2026-07-21T13:44:51.851+0000] {processor.py:208} INFO - Processing /opt/airflow/dags/tmdb_incremental_sync.py took 0.818 seconds
[2026-07-21T13:45:22.407+0000] {processor.py:186} INFO - Started process (PID=33817) to work on /opt/airflow/dags/tmdb_incremental_sync.py
[2026-07-21T13:45:22.423+0000] {processor.py:914} INFO - Processing file /opt/airflow/dags/tmdb_incremental_sync.py for tasks to queue
[2026-07-21T13:45:22.448+0000] {logging_mixin.py:190} INFO - [2026-07-21T13:45:22.445+0000] {dagbag.py:587} INFO - Filling up the DagBag from /opt/airflow/dags/tmdb_incremental_sync.py
[2026-07-21T13:45:22.497+0000] {processor.py:925} INFO - DAG(s) 'tmdb_incremental_sync' retrieved from /opt/airflow/dags/tmdb_incremental_sync.py
[2026-07-21T13:45:22.692+0000] {logging_mixin.py:190} INFO - [2026-07-21T13:45:22.686+0000] {dag.py:3211} INFO - Sync 1 DAGs
[2026-07-21T13:45:22.823+0000] {logging_mixin.py:190} INFO - [2026-07-21T13:45:22.822+0000] {dag.py:4138} INFO - Setting next_dagrun for tmdb_incremental_sync to 2026-07-21 00:00:00+00:00, run_after=2026-07-22 00:00:00+00:00
[2026-07-21T13:45:22.850+0000] {processor.py:208} INFO - Processing /opt/airflow/dags/tmdb_incremental_sync.py took 0.507 seconds
[2026-07-21T13:45:53.248+0000] {processor.py:186} INFO - Started process (PID=33824) to work on /opt/airflow/dags/tmdb_incremental_sync.py
[2026-07-21T13:45:53.250+0000] {processor.py:914} INFO - Processing file /opt/airflow/dags/tmdb_incremental_sync.py for tasks to queue
[2026-07-21T13:45:53.258+0000] {logging_mixin.py:190} INFO - [2026-07-21T13:45:53.258+0000] {dagbag.py:587} INFO - Filling up the DagBag from /opt/airflow/dags/tmdb_incremental_sync.py
[2026-07-21T13:45:53.294+0000] {processor.py:925} INFO - DAG(s) 'tmdb_incremental_sync' retrieved from /opt/airflow/dags/tmdb_incremental_sync.py
[2026-07-21T13:45:53.341+0000] {logging_mixin.py:190} INFO - [2026-07-21T13:45:53.341+0000] {dag.py:3211} INFO - Sync 1 DAGs
[2026-07-21T13:45:53.382+0000] {logging_mixin.py:190} INFO - [2026-07-21T13:45:53.382+0000] {dag.py:4138} INFO - Setting next_dagrun for tmdb_incremental_sync to 2026-07-21 00:00:00+00:00, run_after=2026-07-22 00:00:00+00:00
[2026-07-21T13:45:53.413+0000] {processor.py:208} INFO - Processing /opt/airflow/dags/tmdb_incremental_sync.py took 0.183 seconds
[2026-07-21T13:46:23.694+0000] {processor.py:186} INFO - Started process (PID=33834) to work on /opt/airflow/dags/tmdb_incremental_sync.py
[2026-07-21T13:46:23.696+0000] {processor.py:914} INFO - Processing file /opt/airflow/dags/tmdb_incremental_sync.py for tasks to queue
[2026-07-21T13:46:23.700+0000] {logging_mixin.py:190} INFO - [2026-07-21T13:46:23.700+0000] {dagbag.py:587} INFO - Filling up the DagBag from /opt/airflow/dags/tmdb_incremental_sync.py
[2026-07-21T13:46:23.746+0000] {processor.py:925} INFO - DAG(s) 'tmdb_incremental_sync' retrieved from /opt/airflow/dags/tmdb_incremental_sync.py
[2026-07-21T13:46:23.799+0000] {logging_mixin.py:190} INFO - [2026-07-21T13:46:23.798+0000] {dag.py:3211} INFO - Sync 1 DAGs
[2026-07-21T13:46:23.841+0000] {logging_mixin.py:190} INFO - [2026-07-21T13:46:23.840+0000] {dag.py:4138} INFO - Setting next_dagrun for tmdb_incremental_sync to 2026-07-21 00:00:00+00:00, run_after=2026-07-22 00:00:00+00:00
[2026-07-21T13:46:23.871+0000] {processor.py:208} INFO - Processing /opt/airflow/dags/tmdb_incremental_sync.py took 0.187 seconds
[2026-07-21T13:46:54.068+0000] {processor.py:186} INFO - Started process (PID=33854) to work on /opt/airflow/dags/tmdb_incremental_sync.py
[2026-07-21T13:46:54.073+0000] {processor.py:914} INFO - Processing file /opt/airflow/dags/tmdb_incremental_sync.py for tasks to queue
[2026-07-21T13:46:54.077+0000] {logging_mixin.py:190} INFO - [2026-07-21T13:46:54.076+0000] {dagbag.py:587} INFO - Filling up the DagBag from /opt/airflow/dags/tmdb_incremental_sync.py
[2026-07-21T13:46:54.111+0000] {processor.py:925} INFO - DAG(s) 'tmdb_incremental_sync' retrieved from /opt/airflow/dags/tmdb_incremental_sync.py
[2026-07-21T13:46:54.175+0000] {logging_mixin.py:190} INFO - [2026-07-21T13:46:54.175+0000] {dag.py:3211} INFO - Sync 1 DAGs
[2026-07-21T13:46:54.255+0000] {logging_mixin.py:190} INFO - [2026-07-21T13:46:54.254+0000] {dag.py:4138} INFO - Setting next_dagrun for tmdb_incremental_sync to 2026-07-21 00:00:00+00:00, run_after=2026-07-22 00:00:00+00:00
[2026-07-21T13:46:54.298+0000] {processor.py:208} INFO - Processing /opt/airflow/dags/tmdb_incremental_sync.py took 0.250 seconds
[2026-07-21T13:47:24.508+0000] {processor.py:186} INFO - Started process (PID=33864) to work on /opt/airflow/dags/tmdb_incremental_sync.py
[2026-07-21T13:47:24.509+0000] {processor.py:914} INFO - Processing file /opt/airflow/dags/tmdb_incremental_sync.py for tasks to queue
[2026-07-21T13:47:24.513+0000] {logging_mixin.py:190} INFO - [2026-07-21T13:47:24.513+0000] {dagbag.py:587} INFO - Filling up the DagBag from /opt/airflow/dags/tmdb_incremental_sync.py
[2026-07-21T13:47:24.551+0000] {processor.py:925} INFO - DAG(s) 'tmdb_incremental_sync' retrieved from /opt/airflow/dags/tmdb_incremental_sync.py
[2026-07-21T13:47:24.643+0000] {logging_mixin.py:190} INFO - [2026-07-21T13:47:24.643+0000] {dag.py:3211} INFO - Sync 1 DAGs
[2026-07-21T13:47:24.726+0000] {logging_mixin.py:190} INFO - [2026-07-21T13:47:24.725+0000] {dag.py:4138} INFO - Setting next_dagrun for tmdb_incremental_sync to 2026-07-21 00:00:00+00:00, run_after=2026-07-22 00:00:00+00:00
[2026-07-21T13:47:24.766+0000] {processor.py:208} INFO - Processing /opt/airflow/dags/tmdb_incremental_sync.py took 0.267 seconds
[2026-07-21T13:47:55.070+0000] {processor.py:186} INFO - Started process (PID=33874) to work on /opt/airflow/dags/tmdb_incremental_sync.py
[2026-07-21T13:47:55.074+0000] {processor.py:914} INFO - Processing file /opt/airflow/dags/tmdb_incremental_sync.py for tasks to queue
[2026-07-21T13:47:55.084+0000] {logging_mixin.py:190} INFO - [2026-07-21T13:47:55.083+0000] {dagbag.py:587} INFO - Filling up the DagBag from /opt/airflow/dags/tmdb_incremental_sync.py
[2026-07-21T13:47:55.205+0000] {processor.py:925} INFO - DAG(s) 'tmdb_incremental_sync' retrieved from /opt/airflow/dags/tmdb_incremental_sync.py
[2026-07-21T13:47:55.342+0000] {logging_mixin.py:190} INFO - [2026-07-21T13:47:55.342+0000] {dag.py:3211} INFO - Sync 1 DAGs
[2026-07-21T13:47:55.478+0000] {logging_mixin.py:190} INFO - [2026-07-21T13:47:55.478+0000] {dag.py:4138} INFO - Setting next_dagrun for tmdb_incremental_sync to 2026-07-21 00:00:00+00:00, run_after=2026-07-22 00:00:00+00:00
[2026-07-21T13:47:55.612+0000] {processor.py:208} INFO - Processing /opt/airflow/dags/tmdb_incremental_sync.py took 0.601 seconds
[2026-07-21T13:48:25.953+0000] {processor.py:186} INFO - Started process (PID=33884) to work on /opt/airflow/dags/tmdb_incremental_sync.py
[2026-07-21T13:48:25.956+0000] {processor.py:914} INFO - Processing file /opt/airflow/dags/tmdb_incremental_sync.py for tasks to queue
[2026-07-21T13:48:25.970+0000] {logging_mixin.py:190} INFO - [2026-07-21T13:48:25.969+0000] {dagbag.py:587} INFO - Filling up the DagBag from /opt/airflow/dags/tmdb_incremental_sync.py
[2026-07-21T13:48:26.051+0000] {processor.py:925} INFO - DAG(s) 'tmdb_incremental_sync' retrieved from /opt/airflow/dags/tmdb_incremental_sync.py
[2026-07-21T13:48:26.203+0000] {logging_mixin.py:190} INFO - [2026-07-21T13:48:26.203+0000] {dag.py:3211} INFO - Sync 1 DAGs
[2026-07-21T13:48:26.302+0000] {logging_mixin.py:190} INFO - [2026-07-21T13:48:26.301+0000] {dag.py:4138} INFO - Setting next_dagrun for tmdb_incremental_sync to 2026-07-21 00:00:00+00:00, run_after=2026-07-22 00:00:00+00:00
[2026-07-21T13:48:26.343+0000] {processor.py:208} INFO - Processing /opt/airflow/dags/tmdb_incremental_sync.py took 0.413 seconds
[2026-07-21T13:48:57.276+0000] {processor.py:186} INFO - Started process (PID=33894) to work on /opt/airflow/dags/tmdb_incremental_sync.py
[2026-07-21T13:48:57.285+0000] {processor.py:914} INFO - Processing file /opt/airflow/dags/tmdb_incremental_sync.py for tasks to queue
[2026-07-21T13:48:57.299+0000] {logging_mixin.py:190} INFO - [2026-07-21T13:48:57.295+0000] {dagbag.py:587} INFO - Filling up the DagBag from /opt/airflow/dags/tmdb_incremental_sync.py
[2026-07-21T13:48:57.775+0000] {processor.py:925} INFO - DAG(s) 'tmdb_incremental_sync' retrieved from /opt/airflow/dags/tmdb_incremental_sync.py
[2026-07-21T13:48:57.976+0000] {logging_mixin.py:190} INFO - [2026-07-21T13:48:57.975+0000] {dag.py:3211} INFO - Sync 1 DAGs
[2026-07-21T13:48:58.102+0000] {logging_mixin.py:190} INFO - [2026-07-21T13:48:58.101+0000] {dag.py:4138} INFO - Setting next_dagrun for tmdb_incremental_sync to 2026-07-21 00:00:00+00:00, run_after=2026-07-22 00:00:00+00:00
[2026-07-21T13:48:58.209+0000] {processor.py:208} INFO - Processing /opt/airflow/dags/tmdb_incremental_sync.py took 0.949 seconds
[2026-07-21T13:49:30.046+0000] {processor.py:186} INFO - Started process (PID=33904) to work on /opt/airflow/dags/tmdb_incremental_sync.py
[2026-07-21T13:49:30.087+0000] {processor.py:914} INFO - Processing file /opt/airflow/dags/tmdb_incremental_sync.py for tasks to queue
[2026-07-21T13:49:30.204+0000] {logging_mixin.py:190} INFO - [2026-07-21T13:49:30.203+0000] {dagbag.py:587} INFO - Filling up the DagBag from /opt/airflow/dags/tmdb_incremental_sync.py
[2026-07-21T13:49:31.358+0000] {processor.py:925} INFO - DAG(s) 'tmdb_incremental_sync' retrieved from /opt/airflow/dags/tmdb_incremental_sync.py
[2026-07-21T13:49:31.938+0000] {logging_mixin.py:190} INFO - [2026-07-21T13:49:31.937+0000] {dag.py:3211} INFO - Sync 1 DAGs
[2026-07-21T13:49:32.073+0000] {logging_mixin.py:190} INFO - [2026-07-21T13:49:32.072+0000] {dag.py:4138} INFO - Setting next_dagrun for tmdb_incremental_sync to 2026-07-21 00:00:00+00:00, run_after=2026-07-22 00:00:00+00:00
[2026-07-21T13:49:32.137+0000] {processor.py:208} INFO - Processing /opt/airflow/dags/tmdb_incremental_sync.py took 2.235 seconds
[2026-07-21T13:50:03.651+0000] {processor.py:186} INFO - Started process (PID=33917) to work on /opt/airflow/dags/tmdb_incremental_sync.py
[2026-07-21T13:50:03.668+0000] {processor.py:914} INFO - Processing file /opt/airflow/dags/tmdb_incremental_sync.py for tasks to queue
[2026-07-21T13:50:03.783+0000] {logging_mixin.py:190} INFO - [2026-07-21T13:50:03.771+0000] {dagbag.py:587} INFO - Filling up the DagBag from /opt/airflow/dags/tmdb_incremental_sync.py
[2026-07-21T13:50:05.114+0000] {processor.py:925} INFO - DAG(s) 'tmdb_incremental_sync' retrieved from /opt/airflow/dags/tmdb_incremental_sync.py
[2026-07-21T13:50:06.085+0000] {logging_mixin.py:190} INFO - [2026-07-21T13:50:06.083+0000] {dag.py:3211} INFO - Sync 1 DAGs
[2026-07-21T13:50:06.511+0000] {logging_mixin.py:190} INFO - [2026-07-21T13:50:06.484+0000] {dag.py:4138} INFO - Setting next_dagrun for tmdb_incremental_sync to 2026-07-21 00:00:00+00:00, run_after=2026-07-22 00:00:00+00:00
[2026-07-21T13:50:06.791+0000] {processor.py:208} INFO - Processing /opt/airflow/dags/tmdb_incremental_sync.py took 3.373 seconds
[2026-07-21T13:50:36.903+0000] {processor.py:186} INFO - Started process (PID=33927) to work on /opt/airflow/dags/tmdb_incremental_sync.py
[2026-07-21T13:50:36.906+0000] {processor.py:914} INFO - Processing file /opt/airflow/dags/tmdb_incremental_sync.py for tasks to queue
[2026-07-21T13:50:36.918+0000] {logging_mixin.py:190} INFO - [2026-07-21T13:50:36.917+0000] {dagbag.py:587} INFO - Filling up the DagBag from /opt/airflow/dags/tmdb_incremental_sync.py
[2026-07-21T13:50:36.955+0000] {processor.py:925} INFO - DAG(s) 'tmdb_incremental_sync' retrieved from /opt/airflow/dags/tmdb_incremental_sync.py
[2026-07-21T13:50:37.005+0000] {logging_mixin.py:190} INFO - [2026-07-21T13:50:37.005+0000] {dag.py:3211} INFO - Sync 1 DAGs
[2026-07-21T13:50:37.052+0000] {logging_mixin.py:190} INFO - [2026-07-21T13:50:37.051+0000] {dag.py:4138} INFO - Setting next_dagrun for tmdb_incremental_sync to 2026-07-21 00:00:00+00:00, run_after=2026-07-22 00:00:00+00:00
[2026-07-21T13:50:37.089+0000] {processor.py:208} INFO - Processing /opt/airflow/dags/tmdb_incremental_sync.py took 0.209 seconds
[2026-07-21T13:51:07.384+0000] {processor.py:186} INFO - Started process (PID=33937) to work on /opt/airflow/dags/tmdb_incremental_sync.py
[2026-07-21T13:51:07.387+0000] {processor.py:914} INFO - Processing file /opt/airflow/dags/tmdb_incremental_sync.py for tasks to queue
[2026-07-21T13:51:07.393+0000] {logging_mixin.py:190} INFO - [2026-07-21T13:51:07.392+0000] {dagbag.py:587} INFO - Filling up the DagBag from /opt/airflow/dags/tmdb_incremental_sync.py
[2026-07-21T13:51:07.456+0000] {processor.py:925} INFO - DAG(s) 'tmdb_incremental_sync' retrieved from /opt/airflow/dags/tmdb_incremental_sync.py
[2026-07-21T13:51:07.522+0000] {logging_mixin.py:190} INFO - [2026-07-21T13:51:07.522+0000] {dag.py:3211} INFO - Sync 1 DAGs
[2026-07-21T13:51:07.605+0000] {logging_mixin.py:190} INFO - [2026-07-21T13:51:07.605+0000] {dag.py:4138} INFO - Setting next_dagrun for tmdb_incremental_sync to 2026-07-21 00:00:00+00:00, run_after=2026-07-22 00:00:00+00:00
[2026-07-21T13:51:07.639+0000] {processor.py:208} INFO - Processing /opt/airflow/dags/tmdb_incremental_sync.py took 0.266 seconds
[2026-07-21T13:51:37.973+0000] {processor.py:186} INFO - Started process (PID=33947) to work on /opt/airflow/dags/tmdb_incremental_sync.py
[2026-07-21T13:51:37.975+0000] {processor.py:914} INFO - Processing file /opt/airflow/dags/tmdb_incremental_sync.py for tasks to queue
[2026-07-21T13:51:37.981+0000] {logging_mixin.py:190} INFO - [2026-07-21T13:51:37.980+0000] {dagbag.py:587} INFO - Filling up the DagBag from /opt/airflow/dags/tmdb_incremental_sync.py
[2026-07-21T13:51:38.055+0000] {processor.py:925} INFO - DAG(s) 'tmdb_incremental_sync' retrieved from /opt/airflow/dags/tmdb_incremental_sync.py
[2026-07-21T13:51:38.160+0000] {logging_mixin.py:190} INFO - [2026-07-21T13:51:38.159+0000] {dag.py:3211} INFO - Sync 1 DAGs
[2026-07-21T13:51:38.232+0000] {logging_mixin.py:190} INFO - [2026-07-21T13:51:38.231+0000] {dag.py:4138} INFO - Setting next_dagrun for tmdb_incremental_sync to 2026-07-21 00:00:00+00:00, run_after=2026-07-22 00:00:00+00:00
[2026-07-21T13:51:38.268+0000] {processor.py:208} INFO - Processing /opt/airflow/dags/tmdb_incremental_sync.py took 0.314 seconds
[2026-07-21T13:52:08.542+0000] {processor.py:186} INFO - Started process (PID=33957) to work on /opt/airflow/dags/tmdb_incremental_sync.py
[2026-07-21T13:52:08.543+0000] {processor.py:914} INFO - Processing file /opt/airflow/dags/tmdb_incremental_sync.py for tasks to queue
[2026-07-21T13:52:08.547+0000] {logging_mixin.py:190} INFO - [2026-07-21T13:52:08.547+0000] {dagbag.py:587} INFO - Filling up the DagBag from /opt/airflow/dags/tmdb_incremental_sync.py
[2026-07-21T13:52:08.591+0000] {processor.py:925} INFO - DAG(s) 'tmdb_incremental_sync' retrieved from /opt/airflow/dags/tmdb_incremental_sync.py
[2026-07-21T13:52:08.640+0000] {logging_mixin.py:190} INFO - [2026-07-21T13:52:08.639+0000] {dag.py:3211} INFO - Sync 1 DAGs
[2026-07-21T13:52:08.707+0000] {logging_mixin.py:190} INFO - [2026-07-21T13:52:08.706+0000] {dag.py:4138} INFO - Setting next_dagrun for tmdb_incremental_sync to 2026-07-21 00:00:00+00:00, run_after=2026-07-22 00:00:00+00:00
[2026-07-21T13:52:08.738+0000] {processor.py:208} INFO - Processing /opt/airflow/dags/tmdb_incremental_sync.py took 0.206 seconds
[2026-07-21T13:52:39.051+0000] {processor.py:186} INFO - Started process (PID=33977) to work on /opt/airflow/dags/tmdb_incremental_sync.py
[2026-07-21T13:52:39.053+0000] {processor.py:914} INFO - Processing file /opt/airflow/dags/tmdb_incremental_sync.py for tasks to queue
[2026-07-21T13:52:39.058+0000] {logging_mixin.py:190} INFO - [2026-07-21T13:52:39.058+0000] {dagbag.py:587} INFO - Filling up the DagBag from /opt/airflow/dags/tmdb_incremental_sync.py
[2026-07-21T13:52:39.120+0000] {processor.py:925} INFO - DAG(s) 'tmdb_incremental_sync' retrieved from /opt/airflow/dags/tmdb_incremental_sync.py
[2026-07-21T13:52:39.185+0000] {logging_mixin.py:190} INFO - [2026-07-21T13:52:39.184+0000] {dag.py:3211} INFO - Sync 1 DAGs
[2026-07-21T13:52:39.264+0000] {logging_mixin.py:190} INFO - [2026-07-21T13:52:39.263+0000] {dag.py:4138} INFO - Setting next_dagrun for tmdb_incremental_sync to 2026-07-21 00:00:00+00:00, run_after=2026-07-22 00:00:00+00:00
[2026-07-21T13:52:39.297+0000] {processor.py:208} INFO - Processing /opt/airflow/dags/tmdb_incremental_sync.py took 0.261 seconds
[2026-07-21T13:53:09.822+0000] {processor.py:186} INFO - Started process (PID=33987) to work on /opt/airflow/dags/tmdb_incremental_sync.py
[2026-07-21T13:53:09.823+0000] {processor.py:914} INFO - Processing file /opt/airflow/dags/tmdb_incremental_sync.py for tasks to queue
[2026-07-21T13:53:09.827+0000] {logging_mixin.py:190} INFO - [2026-07-21T13:53:09.827+0000] {dagbag.py:587} INFO - Filling up the DagBag from /opt/airflow/dags/tmdb_incremental_sync.py
[2026-07-21T13:53:09.865+0000] {processor.py:925} INFO - DAG(s) 'tmdb_incremental_sync' retrieved from /opt/airflow/dags/tmdb_incremental_sync.py
[2026-07-21T13:53:09.975+0000] {logging_mixin.py:190} INFO - [2026-07-21T13:53:09.974+0000] {dag.py:3211} INFO - Sync 1 DAGs
[2026-07-21T13:53:10.045+0000] {logging_mixin.py:190} INFO - [2026-07-21T13:53:10.044+0000] {dag.py:4138} INFO - Setting next_dagrun for tmdb_incremental_sync to 2026-07-21 00:00:00+00:00, run_after=2026-07-22 00:00:00+00:00
[2026-07-21T13:53:10.087+0000] {processor.py:208} INFO - Processing /opt/airflow/dags/tmdb_incremental_sync.py took 0.275 seconds
[2026-07-21T13:53:40.352+0000] {processor.py:186} INFO - Started process (PID=33997) to work on /opt/airflow/dags/tmdb_incremental_sync.py
[2026-07-21T13:53:40.354+0000] {processor.py:914} INFO - Processing file /opt/airflow/dags/tmdb_incremental_sync.py for tasks to queue
[2026-07-21T13:53:40.358+0000] {logging_mixin.py:190} INFO - [2026-07-21T13:53:40.357+0000] {dagbag.py:587} INFO - Filling up the DagBag from /opt/airflow/dags/tmdb_incremental_sync.py
[2026-07-21T13:53:40.413+0000] {processor.py:925} INFO - DAG(s) 'tmdb_incremental_sync' retrieved from /opt/airflow/dags/tmdb_incremental_sync.py
[2026-07-21T13:53:40.477+0000] {logging_mixin.py:190} INFO - [2026-07-21T13:53:40.477+0000] {dag.py:3211} INFO - Sync 1 DAGs
[2026-07-21T13:53:40.581+0000] {logging_mixin.py:190} INFO - [2026-07-21T13:53:40.581+0000] {dag.py:4138} INFO - Setting next_dagrun for tmdb_incremental_sync to 2026-07-21 00:00:00+00:00, run_after=2026-07-22 00:00:00+00:00
[2026-07-21T13:53:40.617+0000] {processor.py:208} INFO - Processing /opt/airflow/dags/tmdb_incremental_sync.py took 0.274 seconds
[2026-07-21T13:54:10.940+0000] {processor.py:186} INFO - Started process (PID=34007) to work on /opt/airflow/dags/tmdb_incremental_sync.py
[2026-07-21T13:54:10.941+0000] {processor.py:914} INFO - Processing file /opt/airflow/dags/tmdb_incremental_sync.py for tasks to queue
[2026-07-21T13:54:10.945+0000] {logging_mixin.py:190} INFO - [2026-07-21T13:54:10.945+0000] {dagbag.py:587} INFO - Filling up the DagBag from /opt/airflow/dags/tmdb_incremental_sync.py
[2026-07-21T13:54:10.980+0000] {processor.py:925} INFO - DAG(s) 'tmdb_incremental_sync' retrieved from /opt/airflow/dags/tmdb_incremental_sync.py
[2026-07-21T13:54:11.052+0000] {logging_mixin.py:190} INFO - [2026-07-21T13:54:11.052+0000] {dag.py:3211} INFO - Sync 1 DAGs
[2026-07-21T13:54:11.121+0000] {logging_mixin.py:190} INFO - [2026-07-21T13:54:11.121+0000] {dag.py:4138} INFO - Setting next_dagrun for tmdb_incremental_sync to 2026-07-21 00:00:00+00:00, run_after=2026-07-22 00:00:00+00:00
[2026-07-21T13:54:11.162+0000] {processor.py:208} INFO - Processing /opt/airflow/dags/tmdb_incremental_sync.py took 0.234 seconds
[2026-07-21T13:54:42.035+0000] {processor.py:186} INFO - Started process (PID=34017) to work on /opt/airflow/dags/tmdb_incremental_sync.py
[2026-07-21T13:54:42.074+0000] {processor.py:914} INFO - Processing file /opt/airflow/dags/tmdb_incremental_sync.py for tasks to queue
[2026-07-21T13:54:42.127+0000] {logging_mixin.py:190} INFO - [2026-07-21T13:54:42.123+0000] {dagbag.py:587} INFO - Filling up the DagBag from /opt/airflow/dags/tmdb_incremental_sync.py
[2026-07-21T13:54:42.181+0000] {processor.py:925} INFO - DAG(s) 'tmdb_incremental_sync' retrieved from /opt/airflow/dags/tmdb_incremental_sync.py
[2026-07-21T13:54:42.340+0000] {logging_mixin.py:190} INFO - [2026-07-21T13:54:42.339+0000] {dag.py:3211} INFO - Sync 1 DAGs
[2026-07-21T13:54:42.378+0000] {logging_mixin.py:190} INFO - [2026-07-21T13:54:42.378+0000] {dag.py:4138} INFO - Setting next_dagrun for tmdb_incremental_sync to 2026-07-21 00:00:00+00:00, run_after=2026-07-22 00:00:00+00:00
[2026-07-21T13:54:42.408+0000] {processor.py:208} INFO - Processing /opt/airflow/dags/tmdb_incremental_sync.py took 0.484 seconds
[2026-07-21T13:55:12.830+0000] {processor.py:186} INFO - Started process (PID=34027) to work on /opt/airflow/dags/tmdb_incremental_sync.py
[2026-07-21T13:55:12.832+0000] {processor.py:914} INFO - Processing file /opt/airflow/dags/tmdb_incremental_sync.py for tasks to queue
[2026-07-21T13:55:12.836+0000] {logging_mixin.py:190} INFO - [2026-07-21T13:55:12.835+0000] {dagbag.py:587} INFO - Filling up the DagBag from /opt/airflow/dags/tmdb_incremental_sync.py
[2026-07-21T13:55:12.868+0000] {processor.py:925} INFO - DAG(s) 'tmdb_incremental_sync' retrieved from /opt/airflow/dags/tmdb_incremental_sync.py
[2026-07-21T13:55:12.913+0000] {logging_mixin.py:190} INFO - [2026-07-21T13:55:12.912+0000] {dag.py:3211} INFO - Sync 1 DAGs
[2026-07-21T13:55:12.953+0000] {logging_mixin.py:190} INFO - [2026-07-21T13:55:12.952+0000] {dag.py:4138} INFO - Setting next_dagrun for tmdb_incremental_sync to 2026-07-21 00:00:00+00:00, run_after=2026-07-22 00:00:00+00:00
[2026-07-21T13:55:12.986+0000] {processor.py:208} INFO - Processing /opt/airflow/dags/tmdb_incremental_sync.py took 0.164 seconds
[2026-07-21T13:55:43.384+0000] {processor.py:186} INFO - Started process (PID=34037) to work on /opt/airflow/dags/tmdb_incremental_sync.py
[2026-07-21T13:55:43.385+0000] {processor.py:914} INFO - Processing file /opt/airflow/dags/tmdb_incremental_sync.py for tasks to queue
[2026-07-21T13:55:43.389+0000] {logging_mixin.py:190} INFO - [2026-07-21T13:55:43.388+0000] {dagbag.py:587} INFO - Filling up the DagBag from /opt/airflow/dags/tmdb_incremental_sync.py
[2026-07-21T13:55:43.426+0000] {processor.py:925} INFO - DAG(s) 'tmdb_incremental_sync' retrieved from /opt/airflow/dags/tmdb_incremental_sync.py
[2026-07-21T13:55:43.470+0000] {logging_mixin.py:190} INFO - [2026-07-21T13:55:43.469+0000] {dag.py:3211} INFO - Sync 1 DAGs
[2026-07-21T13:55:43.509+0000] {logging_mixin.py:190} INFO - [2026-07-21T13:55:43.508+0000] {dag.py:4138} INFO - Setting next_dagrun for tmdb_incremental_sync to 2026-07-21 00:00:00+00:00, run_after=2026-07-22 00:00:00+00:00
[2026-07-21T13:55:43.534+0000] {processor.py:208} INFO - Processing /opt/airflow/dags/tmdb_incremental_sync.py took 0.159 seconds
[2026-07-21T13:56:13.819+0000] {processor.py:186} INFO - Started process (PID=34047) to work on /opt/airflow/dags/tmdb_incremental_sync.py
[2026-07-21T13:56:13.820+0000] {processor.py:914} INFO - Processing file /opt/airflow/dags/tmdb_incremental_sync.py for tasks to queue
[2026-07-21T13:56:13.824+0000] {logging_mixin.py:190} INFO - [2026-07-21T13:56:13.823+0000] {dagbag.py:587} INFO - Filling up the DagBag from /opt/airflow/dags/tmdb_incremental_sync.py
[2026-07-21T13:56:13.854+0000] {processor.py:925} INFO - DAG(s) 'tmdb_incremental_sync' retrieved from /opt/airflow/dags/tmdb_incremental_sync.py
[2026-07-21T13:56:13.898+0000] {logging_mixin.py:190} INFO - [2026-07-21T13:56:13.898+0000] {dag.py:3211} INFO - Sync 1 DAGs
[2026-07-21T13:56:13.942+0000] {logging_mixin.py:190} INFO - [2026-07-21T13:56:13.941+0000] {dag.py:4138} INFO - Setting next_dagrun for tmdb_incremental_sync to 2026-07-21 00:00:00+00:00, run_after=2026-07-22 00:00:00+00:00
[2026-07-21T13:56:13.972+0000] {processor.py:208} INFO - Processing /opt/airflow/dags/tmdb_incremental_sync.py took 0.164 seconds
[2026-07-21T13:56:44.262+0000] {processor.py:186} INFO - Started process (PID=34057) to work on /opt/airflow/dags/tmdb_incremental_sync.py
[2026-07-21T13:56:44.264+0000] {processor.py:914} INFO - Processing file /opt/airflow/dags/tmdb_incremental_sync.py for tasks to queue
[2026-07-21T13:56:44.267+0000] {logging_mixin.py:190} INFO - [2026-07-21T13:56:44.266+0000] {dagbag.py:587} INFO - Filling up the DagBag from /opt/airflow/dags/tmdb_incremental_sync.py
[2026-07-21T13:56:44.299+0000] {processor.py:925} INFO - DAG(s) 'tmdb_incremental_sync' retrieved from /opt/airflow/dags/tmdb_incremental_sync.py
[2026-07-21T13:56:44.340+0000] {logging_mixin.py:190} INFO - [2026-07-21T13:56:44.340+0000] {dag.py:3211} INFO - Sync 1 DAGs
[2026-07-21T13:56:44.384+0000] {logging_mixin.py:190} INFO - [2026-07-21T13:56:44.383+0000] {dag.py:4138} INFO - Setting next_dagrun for tmdb_incremental_sync to 2026-07-21 00:00:00+00:00, run_after=2026-07-22 00:00:00+00:00
[2026-07-21T13:56:44.412+0000] {processor.py:208} INFO - Processing /opt/airflow/dags/tmdb_incremental_sync.py took 0.158 seconds
[2026-07-21T13:57:14.705+0000] {processor.py:186} INFO - Started process (PID=34067) to work on /opt/airflow/dags/tmdb_incremental_sync.py
[2026-07-21T13:57:14.706+0000] {processor.py:914} INFO - Processing file /opt/airflow/dags/tmdb_incremental_sync.py for tasks to queue
[2026-07-21T13:57:14.710+0000] {logging_mixin.py:190} INFO - [2026-07-21T13:57:14.709+0000] {dagbag.py:587} INFO - Filling up the DagBag from /opt/airflow/dags/tmdb_incremental_sync.py
[2026-07-21T13:57:14.744+0000] {processor.py:925} INFO - DAG(s) 'tmdb_incremental_sync' retrieved from /opt/airflow/dags/tmdb_incremental_sync.py
[2026-07-21T13:57:14.804+0000] {logging_mixin.py:190} INFO - [2026-07-21T13:57:14.804+0000] {dag.py:3211} INFO - Sync 1 DAGs
[2026-07-21T13:57:14.842+0000] {logging_mixin.py:190} INFO - [2026-07-21T13:57:14.842+0000] {dag.py:4138} INFO - Setting next_dagrun for tmdb_incremental_sync to 2026-07-21 00:00:00+00:00, run_after=2026-07-22 00:00:00+00:00
[2026-07-21T13:57:14.869+0000] {processor.py:208} INFO - Processing /opt/airflow/dags/tmdb_incremental_sync.py took 0.173 seconds
[2026-07-21T13:57:45.166+0000] {processor.py:186} INFO - Started process (PID=34077) to work on /opt/airflow/dags/tmdb_incremental_sync.py
[2026-07-21T13:57:45.167+0000] {processor.py:914} INFO - Processing file /opt/airflow/dags/tmdb_incremental_sync.py for tasks to queue
[2026-07-21T13:57:45.171+0000] {logging_mixin.py:190} INFO - [2026-07-21T13:57:45.170+0000] {dagbag.py:587} INFO - Filling up the DagBag from /opt/airflow/dags/tmdb_incremental_sync.py
[2026-07-21T13:57:45.225+0000] {processor.py:925} INFO - DAG(s) 'tmdb_incremental_sync' retrieved from /opt/airflow/dags/tmdb_incremental_sync.py
[2026-07-21T13:57:45.267+0000] {logging_mixin.py:190} INFO - [2026-07-21T13:57:45.267+0000] {dag.py:3211} INFO - Sync 1 DAGs
[2026-07-21T13:57:45.328+0000] {logging_mixin.py:190} INFO - [2026-07-21T13:57:45.327+0000] {dag.py:4138} INFO - Setting next_dagrun for tmdb_incremental_sync to 2026-07-21 00:00:00+00:00, run_after=2026-07-22 00:00:00+00:00
[2026-07-21T13:57:45.353+0000] {processor.py:208} INFO - Processing /opt/airflow/dags/tmdb_incremental_sync.py took 0.195 seconds
[2026-07-21T13:58:15.618+0000] {processor.py:186} INFO - Started process (PID=34087) to work on /opt/airflow/dags/tmdb_incremental_sync.py
[2026-07-21T13:58:15.619+0000] {processor.py:914} INFO - Processing file /opt/airflow/dags/tmdb_incremental_sync.py for tasks to queue
[2026-07-21T13:58:15.624+0000] {logging_mixin.py:190} INFO - [2026-07-21T13:58:15.624+0000] {dagbag.py:587} INFO - Filling up the DagBag from /opt/airflow/dags/tmdb_incremental_sync.py
[2026-07-21T13:58:15.660+0000] {processor.py:925} INFO - DAG(s) 'tmdb_incremental_sync' retrieved from /opt/airflow/dags/tmdb_incremental_sync.py
[2026-07-21T13:58:15.703+0000] {logging_mixin.py:190} INFO - [2026-07-21T13:58:15.702+0000] {dag.py:3211} INFO - Sync 1 DAGs
[2026-07-21T13:58:15.741+0000] {logging_mixin.py:190} INFO - [2026-07-21T13:58:15.741+0000] {dag.py:4138} INFO - Setting next_dagrun for tmdb_incremental_sync to 2026-07-21 00:00:00+00:00, run_after=2026-07-22 00:00:00+00:00
[2026-07-21T13:58:15.769+0000] {processor.py:208} INFO - Processing /opt/airflow/dags/tmdb_incremental_sync.py took 0.159 seconds
[2026-07-21T13:58:46.108+0000] {processor.py:186} INFO - Started process (PID=34097) to work on /opt/airflow/dags/tmdb_incremental_sync.py
[2026-07-21T13:58:46.109+0000] {processor.py:914} INFO - Processing file /opt/airflow/dags/tmdb_incremental_sync.py for tasks to queue
[2026-07-21T13:58:46.113+0000] {logging_mixin.py:190} INFO - [2026-07-21T13:58:46.112+0000] {dagbag.py:587} INFO - Filling up the DagBag from /opt/airflow/dags/tmdb_incremental_sync.py
[2026-07-21T13:58:46.145+0000] {processor.py:925} INFO - DAG(s) 'tmdb_incremental_sync' retrieved from /opt/airflow/dags/tmdb_incremental_sync.py
[2026-07-21T13:58:46.214+0000] {logging_mixin.py:190} INFO - [2026-07-21T13:58:46.213+0000] {dag.py:3211} INFO - Sync 1 DAGs
[2026-07-21T13:58:46.259+0000] {logging_mixin.py:190} INFO - [2026-07-21T13:58:46.259+0000] {dag.py:4138} INFO - Setting next_dagrun for tmdb_incremental_sync to 2026-07-21 00:00:00+00:00, run_after=2026-07-22 00:00:00+00:00
[2026-07-21T13:58:46.296+0000] {processor.py:208} INFO - Processing /opt/airflow/dags/tmdb_incremental_sync.py took 0.199 seconds
[2026-07-21T13:59:16.597+0000] {processor.py:186} INFO - Started process (PID=34107) to work on /opt/airflow/dags/tmdb_incremental_sync.py
[2026-07-21T13:59:16.599+0000] {processor.py:914} INFO - Processing file /opt/airflow/dags/tmdb_incremental_sync.py for tasks to queue
[2026-07-21T13:59:16.602+0000] {logging_mixin.py:190} INFO - [2026-07-21T13:59:16.602+0000] {dagbag.py:587} INFO - Filling up the DagBag from /opt/airflow/dags/tmdb_incremental_sync.py
[2026-07-21T13:59:16.634+0000] {processor.py:925} INFO - DAG(s) 'tmdb_incremental_sync' retrieved from /opt/airflow/dags/tmdb_incremental_sync.py
[2026-07-21T13:59:16.683+0000] {logging_mixin.py:190} INFO - [2026-07-21T13:59:16.683+0000] {dag.py:3211} INFO - Sync 1 DAGs
[2026-07-21T13:59:16.721+0000] {logging_mixin.py:190} INFO - [2026-07-21T13:59:16.721+0000] {dag.py:4138} INFO - Setting next_dagrun for tmdb_incremental_sync to 2026-07-21 00:00:00+00:00, run_after=2026-07-22 00:00:00+00:00
[2026-07-21T13:59:16.748+0000] {processor.py:208} INFO - Processing /opt/airflow/dags/tmdb_incremental_sync.py took 0.161 seconds
[2026-07-21T13:59:47.065+0000] {processor.py:186} INFO - Started process (PID=34117) to work on /opt/airflow/dags/tmdb_incremental_sync.py
[2026-07-21T13:59:47.066+0000] {processor.py:914} INFO - Processing file /opt/airflow/dags/tmdb_incremental_sync.py for tasks to queue
[2026-07-21T13:59:47.070+0000] {logging_mixin.py:190} INFO - [2026-07-21T13:59:47.070+0000] {dagbag.py:587} INFO - Filling up the DagBag from /opt/airflow/dags/tmdb_incremental_sync.py
[2026-07-21T13:59:47.110+0000] {processor.py:925} INFO - DAG(s) 'tmdb_incremental_sync' retrieved from /opt/airflow/dags/tmdb_incremental_sync.py
[2026-07-21T13:59:47.155+0000] {logging_mixin.py:190} INFO - [2026-07-21T13:59:47.154+0000] {dag.py:3211} INFO - Sync 1 DAGs
[2026-07-21T13:59:47.194+0000] {logging_mixin.py:190} INFO - [2026-07-21T13:59:47.193+0000] {dag.py:4138} INFO - Setting next_dagrun for tmdb_incremental_sync to 2026-07-21 00:00:00+00:00, run_after=2026-07-22 00:00:00+00:00
[2026-07-21T13:59:47.222+0000] {processor.py:208} INFO - Processing /opt/airflow/dags/tmdb_incremental_sync.py took 0.168 seconds
[2026-07-21T14:00:17.511+0000] {processor.py:186} INFO - Started process (PID=34127) to work on /opt/airflow/dags/tmdb_incremental_sync.py
[2026-07-21T14:00:17.512+0000] {processor.py:914} INFO - Processing file /opt/airflow/dags/tmdb_incremental_sync.py for tasks to queue
[2026-07-21T14:00:17.516+0000] {logging_mixin.py:190} INFO - [2026-07-21T14:00:17.515+0000] {dagbag.py:587} INFO - Filling up the DagBag from /opt/airflow/dags/tmdb_incremental_sync.py
[2026-07-21T14:00:17.546+0000] {processor.py:925} INFO - DAG(s) 'tmdb_incremental_sync' retrieved from /opt/airflow/dags/tmdb_incremental_sync.py
[2026-07-21T14:00:17.587+0000] {logging_mixin.py:190} INFO - [2026-07-21T14:00:17.587+0000] {dag.py:3211} INFO - Sync 1 DAGs
[2026-07-21T14:00:17.627+0000] {logging_mixin.py:190} INFO - [2026-07-21T14:00:17.627+0000] {dag.py:4138} INFO - Setting next_dagrun for tmdb_incremental_sync to 2026-07-21 00:00:00+00:00, run_after=2026-07-22 00:00:00+00:00
[2026-07-21T14:00:17.657+0000] {processor.py:208} INFO - Processing /opt/airflow/dags/tmdb_incremental_sync.py took 0.155 seconds
[2026-07-21T14:00:47.988+0000] {processor.py:186} INFO - Started process (PID=34137) to work on /opt/airflow/dags/tmdb_incremental_sync.py
[2026-07-21T14:00:47.991+0000] {processor.py:914} INFO - Processing file /opt/airflow/dags/tmdb_incremental_sync.py for tasks to queue
[2026-07-21T14:00:47.995+0000] {logging_mixin.py:190} INFO - [2026-07-21T14:00:47.994+0000] {dagbag.py:587} INFO - Filling up the DagBag from /opt/airflow/dags/tmdb_incremental_sync.py
[2026-07-21T14:00:48.026+0000] {processor.py:925} INFO - DAG(s) 'tmdb_incremental_sync' retrieved from /opt/airflow/dags/tmdb_incremental_sync.py
[2026-07-21T14:00:48.073+0000] {logging_mixin.py:190} INFO - [2026-07-21T14:00:48.072+0000] {dag.py:3211} INFO - Sync 1 DAGs
[2026-07-21T14:00:48.115+0000] {logging_mixin.py:190} INFO - [2026-07-21T14:00:48.113+0000] {dag.py:4138} INFO - Setting next_dagrun for tmdb_incremental_sync to 2026-07-21 00:00:00+00:00, run_after=2026-07-22 00:00:00+00:00
[2026-07-21T14:00:48.150+0000] {processor.py:208} INFO - Processing /opt/airflow/dags/tmdb_incremental_sync.py took 0.171 seconds
[2026-07-21T14:01:18.452+0000] {processor.py:186} INFO - Started process (PID=34147) to work on /opt/airflow/dags/tmdb_incremental_sync.py
[2026-07-21T14:01:18.455+0000] {processor.py:914} INFO - Processing file /opt/airflow/dags/tmdb_incremental_sync.py for tasks to queue
[2026-07-21T14:01:18.459+0000] {logging_mixin.py:190} INFO - [2026-07-21T14:01:18.459+0000] {dagbag.py:587} INFO - Filling up the DagBag from /opt/airflow/dags/tmdb_incremental_sync.py
[2026-07-21T14:01:18.496+0000] {processor.py:925} INFO - DAG(s) 'tmdb_incremental_sync' retrieved from /opt/airflow/dags/tmdb_incremental_sync.py
[2026-07-21T14:01:18.538+0000] {logging_mixin.py:190} INFO - [2026-07-21T14:01:18.538+0000] {dag.py:3211} INFO - Sync 1 DAGs
[2026-07-21T14:01:18.579+0000] {logging_mixin.py:190} INFO - [2026-07-21T14:01:18.578+0000] {dag.py:4138} INFO - Setting next_dagrun for tmdb_incremental_sync to 2026-07-21 00:00:00+00:00, run_after=2026-07-22 00:00:00+00:00
[2026-07-21T14:01:18.606+0000] {processor.py:208} INFO - Processing /opt/airflow/dags/tmdb_incremental_sync.py took 0.166 seconds
[2026-07-21T14:01:48.909+0000] {processor.py:186} INFO - Started process (PID=34157) to work on /opt/airflow/dags/tmdb_incremental_sync.py
[2026-07-21T14:01:48.911+0000] {processor.py:914} INFO - Processing file /opt/airflow/dags/tmdb_incremental_sync.py for tasks to queue
[2026-07-21T14:01:48.915+0000] {logging_mixin.py:190} INFO - [2026-07-21T14:01:48.914+0000] {dagbag.py:587} INFO - Filling up the DagBag from /opt/airflow/dags/tmdb_incremental_sync.py
[2026-07-21T14:01:48.951+0000] {processor.py:925} INFO - DAG(s) 'tmdb_incremental_sync' retrieved from /opt/airflow/dags/tmdb_incremental_sync.py
[2026-07-21T14:01:48.993+0000] {logging_mixin.py:190} INFO - [2026-07-21T14:01:48.992+0000] {dag.py:3211} INFO - Sync 1 DAGs
[2026-07-21T14:01:49.031+0000] {logging_mixin.py:190} INFO - [2026-07-21T14:01:49.030+0000] {dag.py:4138} INFO - Setting next_dagrun for tmdb_incremental_sync to 2026-07-21 00:00:00+00:00, run_after=2026-07-22 00:00:00+00:00
[2026-07-21T14:01:49.056+0000] {processor.py:208} INFO - Processing /opt/airflow/dags/tmdb_incremental_sync.py took 0.156 seconds
[2026-07-21T14:02:19.361+0000] {processor.py:186} INFO - Started process (PID=34167) to work on /opt/airflow/dags/tmdb_incremental_sync.py
[2026-07-21T14:02:19.362+0000] {processor.py:914} INFO - Processing file /opt/airflow/dags/tmdb_incremental_sync.py for tasks to queue
[2026-07-21T14:02:19.365+0000] {logging_mixin.py:190} INFO - [2026-07-21T14:02:19.365+0000] {dagbag.py:587} INFO - Filling up the DagBag from /opt/airflow/dags/tmdb_incremental_sync.py
[2026-07-21T14:02:19.394+0000] {processor.py:925} INFO - DAG(s) 'tmdb_incremental_sync' retrieved from /opt/airflow/dags/tmdb_incremental_sync.py
[2026-07-21T14:02:19.439+0000] {logging_mixin.py:190} INFO - [2026-07-21T14:02:19.439+0000] {dag.py:3211} INFO - Sync 1 DAGs
[2026-07-21T14:02:19.478+0000] {logging_mixin.py:190} INFO - [2026-07-21T14:02:19.477+0000] {dag.py:4138} INFO - Setting next_dagrun for tmdb_incremental_sync to 2026-07-21 00:00:00+00:00, run_after=2026-07-22 00:00:00+00:00
[2026-07-21T14:02:19.504+0000] {processor.py:208} INFO - Processing /opt/airflow/dags/tmdb_incremental_sync.py took 0.152 seconds
[2026-07-21T14:02:49.804+0000] {processor.py:186} INFO - Started process (PID=34177) to work on /opt/airflow/dags/tmdb_incremental_sync.py
[2026-07-21T14:02:49.806+0000] {processor.py:914} INFO - Processing file /opt/airflow/dags/tmdb_incremental_sync.py for tasks to queue
[2026-07-21T14:02:49.810+0000] {logging_mixin.py:190} INFO - [2026-07-21T14:02:49.810+0000] {dagbag.py:587} INFO - Filling up the DagBag from /opt/airflow/dags/tmdb_incremental_sync.py
[2026-07-21T14:02:49.846+0000] {processor.py:925} INFO - DAG(s) 'tmdb_incremental_sync' retrieved from /opt/airflow/dags/tmdb_incremental_sync.py
[2026-07-21T14:02:49.893+0000] {logging_mixin.py:190} INFO - [2026-07-21T14:02:49.892+0000] {dag.py:3211} INFO - Sync 1 DAGs
[2026-07-21T14:02:49.934+0000] {logging_mixin.py:190} INFO - [2026-07-21T14:02:49.934+0000] {dag.py:4138} INFO - Setting next_dagrun for tmdb_incremental_sync to 2026-07-21 00:00:00+00:00, run_after=2026-07-22 00:00:00+00:00
[2026-07-21T14:02:49.972+0000] {processor.py:208} INFO - Processing /opt/airflow/dags/tmdb_incremental_sync.py took 0.178 seconds
[2026-07-21T14:03:20.251+0000] {processor.py:186} INFO - Started process (PID=34187) to work on /opt/airflow/dags/tmdb_incremental_sync.py
[2026-07-21T14:03:20.252+0000] {processor.py:914} INFO - Processing file /opt/airflow/dags/tmdb_incremental_sync.py for tasks to queue
[2026-07-21T14:03:20.255+0000] {logging_mixin.py:190} INFO - [2026-07-21T14:03:20.255+0000] {dagbag.py:587} INFO - Filling up the DagBag from /opt/airflow/dags/tmdb_incremental_sync.py
[2026-07-21T14:03:20.285+0000] {processor.py:925} INFO - DAG(s) 'tmdb_incremental_sync' retrieved from /opt/airflow/dags/tmdb_incremental_sync.py
[2026-07-21T14:03:20.327+0000] {logging_mixin.py:190} INFO - [2026-07-21T14:03:20.326+0000] {dag.py:3211} INFO - Sync 1 DAGs
[2026-07-21T14:03:20.364+0000] {logging_mixin.py:190} INFO - [2026-07-21T14:03:20.364+0000] {dag.py:4138} INFO - Setting next_dagrun for tmdb_incremental_sync to 2026-07-21 00:00:00+00:00, run_after=2026-07-22 00:00:00+00:00
[2026-07-21T14:03:20.392+0000] {processor.py:208} INFO - Processing /opt/airflow/dags/tmdb_incremental_sync.py took 0.149 seconds
[2026-07-21T14:03:50.698+0000] {processor.py:186} INFO - Started process (PID=34197) to work on /opt/airflow/dags/tmdb_incremental_sync.py
[2026-07-21T14:03:50.700+0000] {processor.py:914} INFO - Processing file /opt/airflow/dags/tmdb_incremental_sync.py for tasks to queue
[2026-07-21T14:03:50.704+0000] {logging_mixin.py:190} INFO - [2026-07-21T14:03:50.704+0000] {dagbag.py:587} INFO - Filling up the DagBag from /opt/airflow/dags/tmdb_incremental_sync.py
[2026-07-21T14:03:50.745+0000] {processor.py:925} INFO - DAG(s) 'tmdb_incremental_sync' retrieved from /opt/airflow/dags/tmdb_incremental_sync.py
[2026-07-21T14:03:50.796+0000] {logging_mixin.py:190} INFO - [2026-07-21T14:03:50.796+0000] {dag.py:3211} INFO - Sync 1 DAGs
[2026-07-21T14:03:50.843+0000] {logging_mixin.py:190} INFO - [2026-07-21T14:03:50.843+0000] {dag.py:4138} INFO - Setting next_dagrun for tmdb_incremental_sync to 2026-07-21 00:00:00+00:00, run_after=2026-07-22 00:00:00+00:00
[2026-07-21T14:03:50.890+0000] {processor.py:208} INFO - Processing /opt/airflow/dags/tmdb_incremental_sync.py took 0.206 seconds
[2026-07-21T14:04:21.175+0000] {processor.py:186} INFO - Started process (PID=34207) to work on /opt/airflow/dags/tmdb_incremental_sync.py
[2026-07-21T14:04:21.177+0000] {processor.py:914} INFO - Processing file /opt/airflow/dags/tmdb_incremental_sync.py for tasks to queue
[2026-07-21T14:04:21.182+0000] {logging_mixin.py:190} INFO - [2026-07-21T14:04:21.181+0000] {dagbag.py:587} INFO - Filling up the DagBag from /opt/airflow/dags/tmdb_incremental_sync.py
[2026-07-21T14:04:21.213+0000] {processor.py:925} INFO - DAG(s) 'tmdb_incremental_sync' retrieved from /opt/airflow/dags/tmdb_incremental_sync.py
[2026-07-21T14:04:21.257+0000] {logging_mixin.py:190} INFO - [2026-07-21T14:04:21.256+0000] {dag.py:3211} INFO - Sync 1 DAGs
[2026-07-21T14:04:21.294+0000] {logging_mixin.py:190} INFO - [2026-07-21T14:04:21.294+0000] {dag.py:4138} INFO - Setting next_dagrun for tmdb_incremental_sync to 2026-07-21 00:00:00+00:00, run_after=2026-07-22 00:00:00+00:00
[2026-07-21T14:04:21.328+0000] {processor.py:208} INFO - Processing /opt/airflow/dags/tmdb_incremental_sync.py took 0.160 seconds
[2026-07-21T14:04:51.602+0000] {processor.py:186} INFO - Started process (PID=34217) to work on /opt/airflow/dags/tmdb_incremental_sync.py
[2026-07-21T14:04:51.604+0000] {processor.py:914} INFO - Processing file /opt/airflow/dags/tmdb_incremental_sync.py for tasks to queue
[2026-07-21T14:04:51.609+0000] {logging_mixin.py:190} INFO - [2026-07-21T14:04:51.609+0000] {dagbag.py:587} INFO - Filling up the DagBag from /opt/airflow/dags/tmdb_incremental_sync.py
[2026-07-21T14:04:51.646+0000] {processor.py:925} INFO - DAG(s) 'tmdb_incremental_sync' retrieved from /opt/airflow/dags/tmdb_incremental_sync.py
[2026-07-21T14:04:51.697+0000] {logging_mixin.py:190} INFO - [2026-07-21T14:04:51.697+0000] {dag.py:3211} INFO - Sync 1 DAGs
[2026-07-21T14:04:51.740+0000] {logging_mixin.py:190} INFO - [2026-07-21T14:04:51.739+0000] {dag.py:4138} INFO - Setting next_dagrun for tmdb_incremental_sync to 2026-07-21 00:00:00+00:00, run_after=2026-07-22 00:00:00+00:00
[2026-07-21T14:04:51.768+0000] {processor.py:208} INFO - Processing /opt/airflow/dags/tmdb_incremental_sync.py took 0.175 seconds
[2026-07-21T14:05:22.060+0000] {processor.py:186} INFO - Started process (PID=34227) to work on /opt/airflow/dags/tmdb_incremental_sync.py
[2026-07-21T14:05:22.061+0000] {processor.py:914} INFO - Processing file /opt/airflow/dags/tmdb_incremental_sync.py for tasks to queue
[2026-07-21T14:05:22.064+0000] {logging_mixin.py:190} INFO - [2026-07-21T14:05:22.064+0000] {dagbag.py:587} INFO - Filling up the DagBag from /opt/airflow/dags/tmdb_incremental_sync.py
[2026-07-21T14:05:22.097+0000] {processor.py:925} INFO - DAG(s) 'tmdb_incremental_sync' retrieved from /opt/airflow/dags/tmdb_incremental_sync.py
[2026-07-21T14:05:22.141+0000] {logging_mixin.py:190} INFO - [2026-07-21T14:05:22.141+0000] {dag.py:3211} INFO - Sync 1 DAGs
[2026-07-21T14:05:22.179+0000] {logging_mixin.py:190} INFO - [2026-07-21T14:05:22.179+0000] {dag.py:4138} INFO - Setting next_dagrun for tmdb_incremental_sync to 2026-07-21 00:00:00+00:00, run_after=2026-07-22 00:00:00+00:00
[2026-07-21T14:05:22.207+0000] {processor.py:208} INFO - Processing /opt/airflow/dags/tmdb_incremental_sync.py took 0.156 seconds
[2026-07-21T14:05:52.503+0000] {processor.py:186} INFO - Started process (PID=34237) to work on /opt/airflow/dags/tmdb_incremental_sync.py
[2026-07-21T14:05:52.505+0000] {processor.py:914} INFO - Processing file /opt/airflow/dags/tmdb_incremental_sync.py for tasks to queue
[2026-07-21T14:05:52.508+0000] {logging_mixin.py:190} INFO - [2026-07-21T14:05:52.508+0000] {dagbag.py:587} INFO - Filling up the DagBag from /opt/airflow/dags/tmdb_incremental_sync.py
[2026-07-21T14:05:52.538+0000] {processor.py:925} INFO - DAG(s) 'tmdb_incremental_sync' retrieved from /opt/airflow/dags/tmdb_incremental_sync.py
[2026-07-21T14:05:52.580+0000] {logging_mixin.py:190} INFO - [2026-07-21T14:05:52.579+0000] {dag.py:3211} INFO - Sync 1 DAGs
[2026-07-21T14:05:52.617+0000] {logging_mixin.py:190} INFO - [2026-07-21T14:05:52.616+0000] {dag.py:4138} INFO - Setting next_dagrun for tmdb_incremental_sync to 2026-07-21 00:00:00+00:00, run_after=2026-07-22 00:00:00+00:00
[2026-07-21T14:05:52.648+0000] {processor.py:208} INFO - Processing /opt/airflow/dags/tmdb_incremental_sync.py took 0.153 seconds
[2026-07-21T14:06:22.959+0000] {processor.py:186} INFO - Started process (PID=34247) to work on /opt/airflow/dags/tmdb_incremental_sync.py
[2026-07-21T14:06:22.960+0000] {processor.py:914} INFO - Processing file /opt/airflow/dags/tmdb_incremental_sync.py for tasks to queue
[2026-07-21T14:06:22.968+0000] {logging_mixin.py:190} INFO - [2026-07-21T14:06:22.967+0000] {dagbag.py:587} INFO - Filling up the DagBag from /opt/airflow/dags/tmdb_incremental_sync.py
[2026-07-21T14:06:23.011+0000] {processor.py:925} INFO - DAG(s) 'tmdb_incremental_sync' retrieved from /opt/airflow/dags/tmdb_incremental_sync.py
[2026-07-21T14:06:23.058+0000] {logging_mixin.py:190} INFO - [2026-07-21T14:06:23.057+0000] {dag.py:3211} INFO - Sync 1 DAGs
[2026-07-21T14:06:23.102+0000] {logging_mixin.py:190} INFO - [2026-07-21T14:06:23.101+0000] {dag.py:4138} INFO - Setting next_dagrun for tmdb_incremental_sync to 2026-07-21 00:00:00+00:00, run_after=2026-07-22 00:00:00+00:00
[2026-07-21T14:06:23.132+0000] {processor.py:208} INFO - Processing /opt/airflow/dags/tmdb_incremental_sync.py took 0.185 seconds
[2026-07-21T14:06:53.432+0000] {processor.py:186} INFO - Started process (PID=34257) to work on /opt/airflow/dags/tmdb_incremental_sync.py
[2026-07-21T14:06:53.434+0000] {processor.py:914} INFO - Processing file /opt/airflow/dags/tmdb_incremental_sync.py for tasks to queue
[2026-07-21T14:06:53.437+0000] {logging_mixin.py:190} INFO - [2026-07-21T14:06:53.437+0000] {dagbag.py:587} INFO - Filling up the DagBag from /opt/airflow/dags/tmdb_incremental_sync.py
[2026-07-21T14:06:53.469+0000] {processor.py:925} INFO - DAG(s) 'tmdb_incremental_sync' retrieved from /opt/airflow/dags/tmdb_incremental_sync.py
[2026-07-21T14:06:53.511+0000] {logging_mixin.py:190} INFO - [2026-07-21T14:06:53.511+0000] {dag.py:3211} INFO - Sync 1 DAGs
[2026-07-21T14:06:53.550+0000] {logging_mixin.py:190} INFO - [2026-07-21T14:06:53.550+0000] {dag.py:4138} INFO - Setting next_dagrun for tmdb_incremental_sync to 2026-07-21 00:00:00+00:00, run_after=2026-07-22 00:00:00+00:00
[2026-07-21T14:06:53.576+0000] {processor.py:208} INFO - Processing /opt/airflow/dags/tmdb_incremental_sync.py took 0.153 seconds
[2026-07-21T14:07:23.878+0000] {processor.py:186} INFO - Started process (PID=34267) to work on /opt/airflow/dags/tmdb_incremental_sync.py
[2026-07-21T14:07:23.880+0000] {processor.py:914} INFO - Processing file /opt/airflow/dags/tmdb_incremental_sync.py for tasks to queue
[2026-07-21T14:07:23.884+0000] {logging_mixin.py:190} INFO - [2026-07-21T14:07:23.884+0000] {dagbag.py:587} INFO - Filling up the DagBag from /opt/airflow/dags/tmdb_incremental_sync.py
[2026-07-21T14:07:23.913+0000] {processor.py:925} INFO - DAG(s) 'tmdb_incremental_sync' retrieved from /opt/airflow/dags/tmdb_incremental_sync.py
[2026-07-21T14:07:23.957+0000] {logging_mixin.py:190} INFO - [2026-07-21T14:07:23.956+0000] {dag.py:3211} INFO - Sync 1 DAGs
[2026-07-21T14:07:23.995+0000] {logging_mixin.py:190} INFO - [2026-07-21T14:07:23.995+0000] {dag.py:4138} INFO - Setting next_dagrun for tmdb_incremental_sync to 2026-07-21 00:00:00+00:00, run_after=2026-07-22 00:00:00+00:00
[2026-07-21T14:07:24.022+0000] {processor.py:208} INFO - Processing /opt/airflow/dags/tmdb_incremental_sync.py took 0.151 seconds
[2026-07-21T14:07:54.338+0000] {processor.py:186} INFO - Started process (PID=34277) to work on /opt/airflow/dags/tmdb_incremental_sync.py
[2026-07-21T14:07:54.339+0000] {processor.py:914} INFO - Processing file /opt/airflow/dags/tmdb_incremental_sync.py for tasks to queue
[2026-07-21T14:07:54.343+0000] {logging_mixin.py:190} INFO - [2026-07-21T14:07:54.343+0000] {dagbag.py:587} INFO - Filling up the DagBag from /opt/airflow/dags/tmdb_incremental_sync.py
[2026-07-21T14:07:54.372+0000] {processor.py:925} INFO - DAG(s) 'tmdb_incremental_sync' retrieved from /opt/airflow/dags/tmdb_incremental_sync.py
[2026-07-21T14:07:54.414+0000] {logging_mixin.py:190} INFO - [2026-07-21T14:07:54.413+0000] {dag.py:3211} INFO - Sync 1 DAGs
[2026-07-21T14:07:54.452+0000] {logging_mixin.py:190} INFO - [2026-07-21T14:07:54.451+0000] {dag.py:4138} INFO - Setting next_dagrun for tmdb_incremental_sync to 2026-07-21 00:00:00+00:00, run_after=2026-07-22 00:00:00+00:00
[2026-07-21T14:07:54.478+0000] {processor.py:208} INFO - Processing /opt/airflow/dags/tmdb_incremental_sync.py took 0.148 seconds
[2026-07-21T14:08:24.780+0000] {processor.py:186} INFO - Started process (PID=34287) to work on /opt/airflow/dags/tmdb_incremental_sync.py
[2026-07-21T14:08:24.781+0000] {processor.py:914} INFO - Processing file /opt/airflow/dags/tmdb_incremental_sync.py for tasks to queue
[2026-07-21T14:08:24.785+0000] {logging_mixin.py:190} INFO - [2026-07-21T14:08:24.784+0000] {dagbag.py:587} INFO - Filling up the DagBag from /opt/airflow/dags/tmdb_incremental_sync.py
[2026-07-21T14:08:24.816+0000] {processor.py:925} INFO - DAG(s) 'tmdb_incremental_sync' retrieved from /opt/airflow/dags/tmdb_incremental_sync.py
[2026-07-21T14:08:24.859+0000] {logging_mixin.py:190} INFO - [2026-07-21T14:08:24.858+0000] {dag.py:3211} INFO - Sync 1 DAGs
[2026-07-21T14:08:24.898+0000] {logging_mixin.py:190} INFO - [2026-07-21T14:08:24.898+0000] {dag.py:4138} INFO - Setting next_dagrun for tmdb_incremental_sync to 2026-07-21 00:00:00+00:00, run_after=2026-07-22 00:00:00+00:00
[2026-07-21T14:08:24.927+0000] {processor.py:208} INFO - Processing /opt/airflow/dags/tmdb_incremental_sync.py took 0.157 seconds
[2026-07-21T14:08:55.225+0000] {processor.py:186} INFO - Started process (PID=34297) to work on /opt/airflow/dags/tmdb_incremental_sync.py
[2026-07-21T14:08:55.227+0000] {processor.py:914} INFO - Processing file /opt/airflow/dags/tmdb_incremental_sync.py for tasks to queue
[2026-07-21T14:08:55.230+0000] {logging_mixin.py:190} INFO - [2026-07-21T14:08:55.230+0000] {dagbag.py:587} INFO - Filling up the DagBag from /opt/airflow/dags/tmdb_incremental_sync.py
[2026-07-21T14:08:55.259+0000] {processor.py:925} INFO - DAG(s) 'tmdb_incremental_sync' retrieved from /opt/airflow/dags/tmdb_incremental_sync.py
[2026-07-21T14:08:55.301+0000] {logging_mixin.py:190} INFO - [2026-07-21T14:08:55.301+0000] {dag.py:3211} INFO - Sync 1 DAGs
[2026-07-21T14:08:55.339+0000] {logging_mixin.py:190} INFO - [2026-07-21T14:08:55.339+0000] {dag.py:4138} INFO - Setting next_dagrun for tmdb_incremental_sync to 2026-07-21 00:00:00+00:00, run_after=2026-07-22 00:00:00+00:00
[2026-07-21T14:08:55.370+0000] {processor.py:208} INFO - Processing /opt/airflow/dags/tmdb_incremental_sync.py took 0.155 seconds
[2026-07-21T14:09:25.672+0000] {processor.py:186} INFO - Started process (PID=34307) to work on /opt/airflow/dags/tmdb_incremental_sync.py
[2026-07-21T14:09:25.673+0000] {processor.py:914} INFO - Processing file /opt/airflow/dags/tmdb_incremental_sync.py for tasks to queue
[2026-07-21T14:09:25.676+0000] {logging_mixin.py:190} INFO - [2026-07-21T14:09:25.676+0000] {dagbag.py:587} INFO - Filling up the DagBag from /opt/airflow/dags/tmdb_incremental_sync.py
[2026-07-21T14:09:25.707+0000] {processor.py:925} INFO - DAG(s) 'tmdb_incremental_sync' retrieved from /opt/airflow/dags/tmdb_incremental_sync.py
[2026-07-21T14:09:25.748+0000] {logging_mixin.py:190} INFO - [2026-07-21T14:09:25.748+0000] {dag.py:3211} INFO - Sync 1 DAGs
[2026-07-21T14:09:25.788+0000] {logging_mixin.py:190} INFO - [2026-07-21T14:09:25.788+0000] {dag.py:4138} INFO - Setting next_dagrun for tmdb_incremental_sync to 2026-07-21 00:00:00+00:00, run_after=2026-07-22 00:00:00+00:00
[2026-07-21T14:09:25.816+0000] {processor.py:208} INFO - Processing /opt/airflow/dags/tmdb_incremental_sync.py took 0.152 seconds
[2026-07-21T14:09:56.107+0000] {processor.py:186} INFO - Started process (PID=34317) to work on /opt/airflow/dags/tmdb_incremental_sync.py
[2026-07-21T14:09:56.109+0000] {processor.py:914} INFO - Processing file /opt/airflow/dags/tmdb_incremental_sync.py for tasks to queue
[2026-07-21T14:09:56.112+0000] {logging_mixin.py:190} INFO - [2026-07-21T14:09:56.112+0000] {dagbag.py:587} INFO - Filling up the DagBag from /opt/airflow/dags/tmdb_incremental_sync.py
[2026-07-21T14:09:56.147+0000] {processor.py:925} INFO - DAG(s) 'tmdb_incremental_sync' retrieved from /opt/airflow/dags/tmdb_incremental_sync.py
[2026-07-21T14:09:56.201+0000] {logging_mixin.py:190} INFO - [2026-07-21T14:09:56.200+0000] {dag.py:3211} INFO - Sync 1 DAGs
[2026-07-21T14:09:56.239+0000] {logging_mixin.py:190} INFO - [2026-07-21T14:09:56.239+0000] {dag.py:4138} INFO - Setting next_dagrun for tmdb_incremental_sync to 2026-07-21 00:00:00+00:00, run_after=2026-07-22 00:00:00+00:00
[2026-07-21T14:09:56.266+0000] {processor.py:208} INFO - Processing /opt/airflow/dags/tmdb_incremental_sync.py took 0.168 seconds
[2026-07-21T14:10:26.559+0000] {processor.py:186} INFO - Started process (PID=34327) to work on /opt/airflow/dags/tmdb_incremental_sync.py
[2026-07-21T14:10:26.560+0000] {processor.py:914} INFO - Processing file /opt/airflow/dags/tmdb_incremental_sync.py for tasks to queue
[2026-07-21T14:10:26.564+0000] {logging_mixin.py:190} INFO - [2026-07-21T14:10:26.564+0000] {dagbag.py:587} INFO - Filling up the DagBag from /opt/airflow/dags/tmdb_incremental_sync.py
[2026-07-21T14:10:26.595+0000] {processor.py:925} INFO - DAG(s) 'tmdb_incremental_sync' retrieved from /opt/airflow/dags/tmdb_incremental_sync.py
[2026-07-21T14:10:26.637+0000] {logging_mixin.py:190} INFO - [2026-07-21T14:10:26.637+0000] {dag.py:3211} INFO - Sync 1 DAGs
[2026-07-21T14:10:26.674+0000] {logging_mixin.py:190} INFO - [2026-07-21T14:10:26.674+0000] {dag.py:4138} INFO - Setting next_dagrun for tmdb_incremental_sync to 2026-07-21 00:00:00+00:00, run_after=2026-07-22 00:00:00+00:00
[2026-07-21T14:10:26.704+0000] {processor.py:208} INFO - Processing /opt/airflow/dags/tmdb_incremental_sync.py took 0.155 seconds
[2026-07-21T14:10:57.001+0000] {processor.py:186} INFO - Started process (PID=34337) to work on /opt/airflow/dags/tmdb_incremental_sync.py
[2026-07-21T14:10:57.002+0000] {processor.py:914} INFO - Processing file /opt/airflow/dags/tmdb_incremental_sync.py for tasks to queue
[2026-07-21T14:10:57.006+0000] {logging_mixin.py:190} INFO - [2026-07-21T14:10:57.005+0000] {dagbag.py:587} INFO - Filling up the DagBag from /opt/airflow/dags/tmdb_incremental_sync.py
[2026-07-21T14:10:57.036+0000] {processor.py:925} INFO - DAG(s) 'tmdb_incremental_sync' retrieved from /opt/airflow/dags/tmdb_incremental_sync.py
[2026-07-21T14:10:57.078+0000] {logging_mixin.py:190} INFO - [2026-07-21T14:10:57.078+0000] {dag.py:3211} INFO - Sync 1 DAGs
[2026-07-21T14:10:57.120+0000] {logging_mixin.py:190} INFO - [2026-07-21T14:10:57.119+0000] {dag.py:4138} INFO - Setting next_dagrun for tmdb_incremental_sync to 2026-07-21 00:00:00+00:00, run_after=2026-07-22 00:00:00+00:00
[2026-07-21T14:10:57.146+0000] {processor.py:208} INFO - Processing /opt/airflow/dags/tmdb_incremental_sync.py took 0.156 seconds
[2026-07-21T14:11:27.443+0000] {processor.py:186} INFO - Started process (PID=34347) to work on /opt/airflow/dags/tmdb_incremental_sync.py
[2026-07-21T14:11:27.445+0000] {processor.py:914} INFO - Processing file /opt/airflow/dags/tmdb_incremental_sync.py for tasks to queue
[2026-07-21T14:11:27.448+0000] {logging_mixin.py:190} INFO - [2026-07-21T14:11:27.448+0000] {dagbag.py:587} INFO - Filling up the DagBag from /opt/airflow/dags/tmdb_incremental_sync.py
[2026-07-21T14:11:27.478+0000] {processor.py:925} INFO - DAG(s) 'tmdb_incremental_sync' retrieved from /opt/airflow/dags/tmdb_incremental_sync.py
[2026-07-21T14:11:27.524+0000] {logging_mixin.py:190} INFO - [2026-07-21T14:11:27.524+0000] {dag.py:3211} INFO - Sync 1 DAGs
[2026-07-21T14:11:27.563+0000] {logging_mixin.py:190} INFO - [2026-07-21T14:11:27.563+0000] {dag.py:4138} INFO - Setting next_dagrun for tmdb_incremental_sync to 2026-07-21 00:00:00+00:00, run_after=2026-07-22 00:00:00+00:00
[2026-07-21T14:11:27.591+0000] {processor.py:208} INFO - Processing /opt/airflow/dags/tmdb_incremental_sync.py took 0.157 seconds
[2026-07-21T14:11:57.876+0000] {processor.py:186} INFO - Started process (PID=34357) to work on /opt/airflow/dags/tmdb_incremental_sync.py
[2026-07-21T14:11:57.878+0000] {processor.py:914} INFO - Processing file /opt/airflow/dags/tmdb_incremental_sync.py for tasks to queue
[2026-07-21T14:11:57.881+0000] {logging_mixin.py:190} INFO - [2026-07-21T14:11:57.881+0000] {dagbag.py:587} INFO - Filling up the DagBag from /opt/airflow/dags/tmdb_incremental_sync.py
[2026-07-21T14:11:57.910+0000] {processor.py:925} INFO - DAG(s) 'tmdb_incremental_sync' retrieved from /opt/airflow/dags/tmdb_incremental_sync.py
[2026-07-21T14:11:57.954+0000] {logging_mixin.py:190} INFO - [2026-07-21T14:11:57.954+0000] {dag.py:3211} INFO - Sync 1 DAGs
[2026-07-21T14:11:57.993+0000] {logging_mixin.py:190} INFO - [2026-07-21T14:11:57.993+0000] {dag.py:4138} INFO - Setting next_dagrun for tmdb_incremental_sync to 2026-07-21 00:00:00+00:00, run_after=2026-07-22 00:00:00+00:00
[2026-07-21T14:11:58.019+0000] {processor.py:208} INFO - Processing /opt/airflow/dags/tmdb_incremental_sync.py took 0.151 seconds
[2026-07-21T14:12:28.309+0000] {processor.py:186} INFO - Started process (PID=34367) to work on /opt/airflow/dags/tmdb_incremental_sync.py
[2026-07-21T14:12:28.310+0000] {processor.py:914} INFO - Processing file /opt/airflow/dags/tmdb_incremental_sync.py for tasks to queue
[2026-07-21T14:12:28.313+0000] {logging_mixin.py:190} INFO - [2026-07-21T14:12:28.313+0000] {dagbag.py:587} INFO - Filling up the DagBag from /opt/airflow/dags/tmdb_incremental_sync.py
[2026-07-21T14:12:28.343+0000] {processor.py:925} INFO - DAG(s) 'tmdb_incremental_sync' retrieved from /opt/airflow/dags/tmdb_incremental_sync.py
[2026-07-21T14:12:28.384+0000] {logging_mixin.py:190} INFO - [2026-07-21T14:12:28.384+0000] {dag.py:3211} INFO - Sync 1 DAGs
[2026-07-21T14:12:28.423+0000] {logging_mixin.py:190} INFO - [2026-07-21T14:12:28.422+0000] {dag.py:4138} INFO - Setting next_dagrun for tmdb_incremental_sync to 2026-07-21 00:00:00+00:00, run_after=2026-07-22 00:00:00+00:00
[2026-07-21T14:12:28.449+0000] {processor.py:208} INFO - Processing /opt/airflow/dags/tmdb_incremental_sync.py took 0.148 seconds
[2026-07-21T14:12:58.762+0000] {processor.py:186} INFO - Started process (PID=34377) to work on /opt/airflow/dags/tmdb_incremental_sync.py
[2026-07-21T14:12:58.763+0000] {processor.py:914} INFO - Processing file /opt/airflow/dags/tmdb_incremental_sync.py for tasks to queue
[2026-07-21T14:12:58.766+0000] {logging_mixin.py:190} INFO - [2026-07-21T14:12:58.766+0000] {dagbag.py:587} INFO - Filling up the DagBag from /opt/airflow/dags/tmdb_incremental_sync.py
[2026-07-21T14:12:58.797+0000] {processor.py:925} INFO - DAG(s) 'tmdb_incremental_sync' retrieved from /opt/airflow/dags/tmdb_incremental_sync.py
[2026-07-21T14:12:58.843+0000] {logging_mixin.py:190} INFO - [2026-07-21T14:12:58.843+0000] {dag.py:3211} INFO - Sync 1 DAGs
[2026-07-21T14:12:58.882+0000] {logging_mixin.py:190} INFO - [2026-07-21T14:12:58.882+0000] {dag.py:4138} INFO - Setting next_dagrun for tmdb_incremental_sync to 2026-07-21 00:00:00+00:00, run_after=2026-07-22 00:00:00+00:00
[2026-07-21T14:12:58.908+0000] {processor.py:208} INFO - Processing /opt/airflow/dags/tmdb_incremental_sync.py took 0.155 seconds
[2026-07-21T14:13:29.207+0000] {processor.py:186} INFO - Started process (PID=34387) to work on /opt/airflow/dags/tmdb_incremental_sync.py
[2026-07-21T14:13:29.209+0000] {processor.py:914} INFO - Processing file /opt/airflow/dags/tmdb_incremental_sync.py for tasks to queue
[2026-07-21T14:13:29.217+0000] {logging_mixin.py:190} INFO - [2026-07-21T14:13:29.216+0000] {dagbag.py:587} INFO - Filling up the DagBag from /opt/airflow/dags/tmdb_incremental_sync.py
[2026-07-21T14:13:29.252+0000] {processor.py:925} INFO - DAG(s) 'tmdb_incremental_sync' retrieved from /opt/airflow/dags/tmdb_incremental_sync.py
[2026-07-21T14:13:29.296+0000] {logging_mixin.py:190} INFO - [2026-07-21T14:13:29.296+0000] {dag.py:3211} INFO - Sync 1 DAGs
[2026-07-21T14:13:29.334+0000] {logging_mixin.py:190} INFO - [2026-07-21T14:13:29.333+0000] {dag.py:4138} INFO - Setting next_dagrun for tmdb_incremental_sync to 2026-07-21 00:00:00+00:00, run_after=2026-07-22 00:00:00+00:00
[2026-07-21T14:13:29.358+0000] {processor.py:208} INFO - Processing /opt/airflow/dags/tmdb_incremental_sync.py took 0.159 seconds
[2026-07-21T14:13:59.666+0000] {processor.py:186} INFO - Started process (PID=34397) to work on /opt/airflow/dags/tmdb_incremental_sync.py
[2026-07-21T14:13:59.667+0000] {processor.py:914} INFO - Processing file /opt/airflow/dags/tmdb_incremental_sync.py for tasks to queue
[2026-07-21T14:13:59.671+0000] {logging_mixin.py:190} INFO - [2026-07-21T14:13:59.671+0000] {dagbag.py:587} INFO - Filling up the DagBag from /opt/airflow/dags/tmdb_incremental_sync.py
[2026-07-21T14:13:59.700+0000] {processor.py:925} INFO - DAG(s) 'tmdb_incremental_sync' retrieved from /opt/airflow/dags/tmdb_incremental_sync.py
[2026-07-21T14:13:59.746+0000] {logging_mixin.py:190} INFO - [2026-07-21T14:13:59.746+0000] {dag.py:3211} INFO - Sync 1 DAGs
[2026-07-21T14:13:59.785+0000] {logging_mixin.py:190} INFO - [2026-07-21T14:13:59.784+0000] {dag.py:4138} INFO - Setting next_dagrun for tmdb_incremental_sync to 2026-07-21 00:00:00+00:00, run_after=2026-07-22 00:00:00+00:00
[2026-07-21T14:13:59.818+0000] {processor.py:208} INFO - Processing /opt/airflow/dags/tmdb_incremental_sync.py took 0.161 seconds
[2026-07-21T14:14:30.146+0000] {processor.py:186} INFO - Started process (PID=34407) to work on /opt/airflow/dags/tmdb_incremental_sync.py
[2026-07-21T14:14:30.148+0000] {processor.py:914} INFO - Processing file /opt/airflow/dags/tmdb_incremental_sync.py for tasks to queue
[2026-07-21T14:14:30.151+0000] {logging_mixin.py:190} INFO - [2026-07-21T14:14:30.151+0000] {dagbag.py:587} INFO - Filling up the DagBag from /opt/airflow/dags/tmdb_incremental_sync.py
[2026-07-21T14:14:30.200+0000] {processor.py:925} INFO - DAG(s) 'tmdb_incremental_sync' retrieved from /opt/airflow/dags/tmdb_incremental_sync.py
[2026-07-21T14:14:30.249+0000] {logging_mixin.py:190} INFO - [2026-07-21T14:14:30.249+0000] {dag.py:3211} INFO - Sync 1 DAGs
[2026-07-21T14:14:30.288+0000] {logging_mixin.py:190} INFO - [2026-07-21T14:14:30.288+0000] {dag.py:4138} INFO - Setting next_dagrun for tmdb_incremental_sync to 2026-07-21 00:00:00+00:00, run_after=2026-07-22 00:00:00+00:00
[2026-07-21T14:14:30.321+0000] {processor.py:208} INFO - Processing /opt/airflow/dags/tmdb_incremental_sync.py took 0.184 seconds
[2026-07-21T14:15:00.620+0000] {processor.py:186} INFO - Started process (PID=34417) to work on /opt/airflow/dags/tmdb_incremental_sync.py
[2026-07-21T14:15:00.622+0000] {processor.py:914} INFO - Processing file /opt/airflow/dags/tmdb_incremental_sync.py for tasks to queue
[2026-07-21T14:15:00.625+0000] {logging_mixin.py:190} INFO - [2026-07-21T14:15:00.625+0000] {dagbag.py:587} INFO - Filling up the DagBag from /opt/airflow/dags/tmdb_incremental_sync.py
[2026-07-21T14:15:00.655+0000] {processor.py:925} INFO - DAG(s) 'tmdb_incremental_sync' retrieved from /opt/airflow/dags/tmdb_incremental_sync.py
[2026-07-21T14:15:00.697+0000] {logging_mixin.py:190} INFO - [2026-07-21T14:15:00.697+0000] {dag.py:3211} INFO - Sync 1 DAGs
[2026-07-21T14:15:00.737+0000] {logging_mixin.py:190} INFO - [2026-07-21T14:15:00.736+0000] {dag.py:4138} INFO - Setting next_dagrun for tmdb_incremental_sync to 2026-07-21 00:00:00+00:00, run_after=2026-07-22 00:00:00+00:00
[2026-07-21T14:15:00.764+0000] {processor.py:208} INFO - Processing /opt/airflow/dags/tmdb_incremental_sync.py took 0.151 seconds
[2026-07-21T14:15:31.068+0000] {processor.py:186} INFO - Started process (PID=34427) to work on /opt/airflow/dags/tmdb_incremental_sync.py
[2026-07-21T14:15:31.070+0000] {processor.py:914} INFO - Processing file /opt/airflow/dags/tmdb_incremental_sync.py for tasks to queue
[2026-07-21T14:15:31.073+0000] {logging_mixin.py:190} INFO - [2026-07-21T14:15:31.073+0000] {dagbag.py:587} INFO - Filling up the DagBag from /opt/airflow/dags/tmdb_incremental_sync.py
[2026-07-21T14:15:31.105+0000] {processor.py:925} INFO - DAG(s) 'tmdb_incremental_sync' retrieved from /opt/airflow/dags/tmdb_incremental_sync.py
[2026-07-21T14:15:31.146+0000] {logging_mixin.py:190} INFO - [2026-07-21T14:15:31.146+0000] {dag.py:3211} INFO - Sync 1 DAGs
[2026-07-21T14:15:31.189+0000] {logging_mixin.py:190} INFO - [2026-07-21T14:15:31.189+0000] {dag.py:4138} INFO - Setting next_dagrun for tmdb_incremental_sync to 2026-07-21 00:00:00+00:00, run_after=2026-07-22 00:00:00+00:00
[2026-07-21T14:15:31.218+0000] {processor.py:208} INFO - Processing /opt/airflow/dags/tmdb_incremental_sync.py took 0.157 seconds
[2026-07-21T14:16:01.524+0000] {processor.py:186} INFO - Started process (PID=34437) to work on /opt/airflow/dags/tmdb_incremental_sync.py
[2026-07-21T14:16:01.525+0000] {processor.py:914} INFO - Processing file /opt/airflow/dags/tmdb_incremental_sync.py for tasks to queue
[2026-07-21T14:16:01.529+0000] {logging_mixin.py:190} INFO - [2026-07-21T14:16:01.528+0000] {dagbag.py:587} INFO - Filling up the DagBag from /opt/airflow/dags/tmdb_incremental_sync.py
[2026-07-21T14:16:01.558+0000] {processor.py:925} INFO - DAG(s) 'tmdb_incremental_sync' retrieved from /opt/airflow/dags/tmdb_incremental_sync.py
[2026-07-21T14:16:01.601+0000] {logging_mixin.py:190} INFO - [2026-07-21T14:16:01.601+0000] {dag.py:3211} INFO - Sync 1 DAGs
[2026-07-21T14:16:01.639+0000] {logging_mixin.py:190} INFO - [2026-07-21T14:16:01.639+0000] {dag.py:4138} INFO - Setting next_dagrun for tmdb_incremental_sync to 2026-07-21 00:00:00+00:00, run_after=2026-07-22 00:00:00+00:00
[2026-07-21T14:16:01.665+0000] {processor.py:208} INFO - Processing /opt/airflow/dags/tmdb_incremental_sync.py took 0.149 seconds
[2026-07-21T14:16:31.980+0000] {processor.py:186} INFO - Started process (PID=34447) to work on /opt/airflow/dags/tmdb_incremental_sync.py
[2026-07-21T14:16:31.981+0000] {processor.py:914} INFO - Processing file /opt/airflow/dags/tmdb_incremental_sync.py for tasks to queue
[2026-07-21T14:16:31.985+0000] {logging_mixin.py:190} INFO - [2026-07-21T14:16:31.984+0000] {dagbag.py:587} INFO - Filling up the DagBag from /opt/airflow/dags/tmdb_incremental_sync.py
[2026-07-21T14:16:32.019+0000] {processor.py:925} INFO - DAG(s) 'tmdb_incremental_sync' retrieved from /opt/airflow/dags/tmdb_incremental_sync.py
[2026-07-21T14:16:32.060+0000] {logging_mixin.py:190} INFO - [2026-07-21T14:16:32.060+0000] {dag.py:3211} INFO - Sync 1 DAGs
[2026-07-21T14:16:32.101+0000] {logging_mixin.py:190} INFO - [2026-07-21T14:16:32.101+0000] {dag.py:4138} INFO - Setting next_dagrun for tmdb_incremental_sync to 2026-07-21 00:00:00+00:00, run_after=2026-07-22 00:00:00+00:00
[2026-07-21T14:16:32.129+0000] {processor.py:208} INFO - Processing /opt/airflow/dags/tmdb_incremental_sync.py took 0.157 seconds
[2026-07-21T14:17:02.435+0000] {processor.py:186} INFO - Started process (PID=34457) to work on /opt/airflow/dags/tmdb_incremental_sync.py
[2026-07-21T14:17:02.436+0000] {processor.py:914} INFO - Processing file /opt/airflow/dags/tmdb_incremental_sync.py for tasks to queue
[2026-07-21T14:17:02.440+0000] {logging_mixin.py:190} INFO - [2026-07-21T14:17:02.440+0000] {dagbag.py:587} INFO - Filling up the DagBag from /opt/airflow/dags/tmdb_incremental_sync.py
[2026-07-21T14:17:02.470+0000] {processor.py:925} INFO - DAG(s) 'tmdb_incremental_sync' retrieved from /opt/airflow/dags/tmdb_incremental_sync.py
[2026-07-21T14:17:02.511+0000] {logging_mixin.py:190} INFO - [2026-07-21T14:17:02.511+0000] {dag.py:3211} INFO - Sync 1 DAGs
[2026-07-21T14:17:02.550+0000] {logging_mixin.py:190} INFO - [2026-07-21T14:17:02.550+0000] {dag.py:4138} INFO - Setting next_dagrun for tmdb_incremental_sync to 2026-07-21 00:00:00+00:00, run_after=2026-07-22 00:00:00+00:00
[2026-07-21T14:17:02.575+0000] {processor.py:208} INFO - Processing /opt/airflow/dags/tmdb_incremental_sync.py took 0.148 seconds
[2026-07-21T14:17:32.867+0000] {processor.py:186} INFO - Started process (PID=34467) to work on /opt/airflow/dags/tmdb_incremental_sync.py
[2026-07-21T14:17:32.869+0000] {processor.py:914} INFO - Processing file /opt/airflow/dags/tmdb_incremental_sync.py for tasks to queue
[2026-07-21T14:17:32.872+0000] {logging_mixin.py:190} INFO - [2026-07-21T14:17:32.872+0000] {dagbag.py:587} INFO - Filling up the DagBag from /opt/airflow/dags/tmdb_incremental_sync.py
[2026-07-21T14:17:32.904+0000] {processor.py:925} INFO - DAG(s) 'tmdb_incremental_sync' retrieved from /opt/airflow/dags/tmdb_incremental_sync.py
[2026-07-21T14:17:32.951+0000] {logging_mixin.py:190} INFO - [2026-07-21T14:17:32.951+0000] {dag.py:3211} INFO - Sync 1 DAGs
[2026-07-21T14:17:32.993+0000] {logging_mixin.py:190} INFO - [2026-07-21T14:17:32.992+0000] {dag.py:4138} INFO - Setting next_dagrun for tmdb_incremental_sync to 2026-07-21 00:00:00+00:00, run_after=2026-07-22 00:00:00+00:00
[2026-07-21T14:17:33.022+0000] {processor.py:208} INFO - Processing /opt/airflow/dags/tmdb_incremental_sync.py took 0.166 seconds
[2026-07-21T14:18:03.328+0000] {processor.py:186} INFO - Started process (PID=34477) to work on /opt/airflow/dags/tmdb_incremental_sync.py
[2026-07-21T14:18:03.329+0000] {processor.py:914} INFO - Processing file /opt/airflow/dags/tmdb_incremental_sync.py for tasks to queue
[2026-07-21T14:18:03.332+0000] {logging_mixin.py:190} INFO - [2026-07-21T14:18:03.332+0000] {dagbag.py:587} INFO - Filling up the DagBag from /opt/airflow/dags/tmdb_incremental_sync.py
[2026-07-21T14:18:03.365+0000] {processor.py:925} INFO - DAG(s) 'tmdb_incremental_sync' retrieved from /opt/airflow/dags/tmdb_incremental_sync.py
[2026-07-21T14:18:03.407+0000] {logging_mixin.py:190} INFO - [2026-07-21T14:18:03.407+0000] {dag.py:3211} INFO - Sync 1 DAGs
[2026-07-21T14:18:03.447+0000] {logging_mixin.py:190} INFO - [2026-07-21T14:18:03.447+0000] {dag.py:4138} INFO - Setting next_dagrun for tmdb_incremental_sync to 2026-07-21 00:00:00+00:00, run_after=2026-07-22 00:00:00+00:00
[2026-07-21T14:18:03.472+0000] {processor.py:208} INFO - Processing /opt/airflow/dags/tmdb_incremental_sync.py took 0.153 seconds
[2026-07-21T14:18:33.771+0000] {processor.py:186} INFO - Started process (PID=34487) to work on /opt/airflow/dags/tmdb_incremental_sync.py
[2026-07-21T14:18:33.773+0000] {processor.py:914} INFO - Processing file /opt/airflow/dags/tmdb_incremental_sync.py for tasks to queue
[2026-07-21T14:18:33.776+0000] {logging_mixin.py:190} INFO - [2026-07-21T14:18:33.776+0000] {dagbag.py:587} INFO - Filling up the DagBag from /opt/airflow/dags/tmdb_incremental_sync.py
[2026-07-21T14:18:33.805+0000] {processor.py:925} INFO - DAG(s) 'tmdb_incremental_sync' retrieved from /opt/airflow/dags/tmdb_incremental_sync.py
[2026-07-21T14:18:33.849+0000] {logging_mixin.py:190} INFO - [2026-07-21T14:18:33.848+0000] {dag.py:3211} INFO - Sync 1 DAGs
[2026-07-21T14:18:33.886+0000] {logging_mixin.py:190} INFO - [2026-07-21T14:18:33.886+0000] {dag.py:4138} INFO - Setting next_dagrun for tmdb_incremental_sync to 2026-07-21 00:00:00+00:00, run_after=2026-07-22 00:00:00+00:00
[2026-07-21T14:18:33.915+0000] {processor.py:208} INFO - Processing /opt/airflow/dags/tmdb_incremental_sync.py took 0.151 seconds
[2026-07-21T14:19:04.259+0000] {processor.py:186} INFO - Started process (PID=34497) to work on /opt/airflow/dags/tmdb_incremental_sync.py
[2026-07-21T14:19:04.260+0000] {processor.py:914} INFO - Processing file /opt/airflow/dags/tmdb_incremental_sync.py for tasks to queue
[2026-07-21T14:19:04.264+0000] {logging_mixin.py:190} INFO - [2026-07-21T14:19:04.264+0000] {dagbag.py:587} INFO - Filling up the DagBag from /opt/airflow/dags/tmdb_incremental_sync.py
[2026-07-21T14:19:04.295+0000] {processor.py:925} INFO - DAG(s) 'tmdb_incremental_sync' retrieved from /opt/airflow/dags/tmdb_incremental_sync.py
[2026-07-21T14:19:04.337+0000] {logging_mixin.py:190} INFO - [2026-07-21T14:19:04.337+0000] {dag.py:3211} INFO - Sync 1 DAGs
[2026-07-21T14:19:04.380+0000] {logging_mixin.py:190} INFO - [2026-07-21T14:19:04.379+0000] {dag.py:4138} INFO - Setting next_dagrun for tmdb_incremental_sync to 2026-07-21 00:00:00+00:00, run_after=2026-07-22 00:00:00+00:00
[2026-07-21T14:19:04.406+0000] {processor.py:208} INFO - Processing /opt/airflow/dags/tmdb_incremental_sync.py took 0.156 seconds
[2026-07-21T14:19:34.741+0000] {processor.py:186} INFO - Started process (PID=34507) to work on /opt/airflow/dags/tmdb_incremental_sync.py
[2026-07-21T14:19:34.743+0000] {processor.py:914} INFO - Processing file /opt/airflow/dags/tmdb_incremental_sync.py for tasks to queue
[2026-07-21T14:19:34.750+0000] {logging_mixin.py:190} INFO - [2026-07-21T14:19:34.748+0000] {dagbag.py:587} INFO - Filling up the DagBag from /opt/airflow/dags/tmdb_incremental_sync.py
[2026-07-21T14:19:34.796+0000] {processor.py:925} INFO - DAG(s) 'tmdb_incremental_sync' retrieved from /opt/airflow/dags/tmdb_incremental_sync.py
[2026-07-21T14:19:34.845+0000] {logging_mixin.py:190} INFO - [2026-07-21T14:19:34.845+0000] {dag.py:3211} INFO - Sync 1 DAGs
[2026-07-21T14:19:34.889+0000] {logging_mixin.py:190} INFO - [2026-07-21T14:19:34.889+0000] {dag.py:4138} INFO - Setting next_dagrun for tmdb_incremental_sync to 2026-07-21 00:00:00+00:00, run_after=2026-07-22 00:00:00+00:00
[2026-07-21T14:19:34.916+0000] {processor.py:208} INFO - Processing /opt/airflow/dags/tmdb_incremental_sync.py took 0.188 seconds
[2026-07-21T14:20:05.285+0000] {processor.py:186} INFO - Started process (PID=34517) to work on /opt/airflow/dags/tmdb_incremental_sync.py
[2026-07-21T14:20:05.286+0000] {processor.py:914} INFO - Processing file /opt/airflow/dags/tmdb_incremental_sync.py for tasks to queue
[2026-07-21T14:20:05.289+0000] {logging_mixin.py:190} INFO - [2026-07-21T14:20:05.289+0000] {dagbag.py:587} INFO - Filling up the DagBag from /opt/airflow/dags/tmdb_incremental_sync.py
[2026-07-21T14:20:05.319+0000] {processor.py:925} INFO - DAG(s) 'tmdb_incremental_sync' retrieved from /opt/airflow/dags/tmdb_incremental_sync.py
[2026-07-21T14:20:05.381+0000] {logging_mixin.py:190} INFO - [2026-07-21T14:20:05.381+0000] {dag.py:3211} INFO - Sync 1 DAGs
[2026-07-21T14:20:05.421+0000] {logging_mixin.py:190} INFO - [2026-07-21T14:20:05.420+0000] {dag.py:4138} INFO - Setting next_dagrun for tmdb_incremental_sync to 2026-07-21 00:00:00+00:00, run_after=2026-07-22 00:00:00+00:00
[2026-07-21T14:20:05.450+0000] {processor.py:208} INFO - Processing /opt/airflow/dags/tmdb_incremental_sync.py took 0.173 seconds
[2026-07-21T14:20:35.745+0000] {processor.py:186} INFO - Started process (PID=34527) to work on /opt/airflow/dags/tmdb_incremental_sync.py
[2026-07-21T14:20:35.747+0000] {processor.py:914} INFO - Processing file /opt/airflow/dags/tmdb_incremental_sync.py for tasks to queue
[2026-07-21T14:20:35.750+0000] {logging_mixin.py:190} INFO - [2026-07-21T14:20:35.750+0000] {dagbag.py:587} INFO - Filling up the DagBag from /opt/airflow/dags/tmdb_incremental_sync.py
[2026-07-21T14:20:35.780+0000] {processor.py:925} INFO - DAG(s) 'tmdb_incremental_sync' retrieved from /opt/airflow/dags/tmdb_incremental_sync.py
[2026-07-21T14:20:35.821+0000] {logging_mixin.py:190} INFO - [2026-07-21T14:20:35.821+0000] {dag.py:3211} INFO - Sync 1 DAGs
[2026-07-21T14:20:35.862+0000] {logging_mixin.py:190} INFO - [2026-07-21T14:20:35.862+0000] {dag.py:4138} INFO - Setting next_dagrun for tmdb_incremental_sync to 2026-07-21 00:00:00+00:00, run_after=2026-07-22 00:00:00+00:00
[2026-07-21T14:20:35.890+0000] {processor.py:208} INFO - Processing /opt/airflow/dags/tmdb_incremental_sync.py took 0.153 seconds
[2026-07-21T14:21:06.216+0000] {processor.py:186} INFO - Started process (PID=34537) to work on /opt/airflow/dags/tmdb_incremental_sync.py
[2026-07-21T14:21:06.222+0000] {processor.py:914} INFO - Processing file /opt/airflow/dags/tmdb_incremental_sync.py for tasks to queue
[2026-07-21T14:21:06.230+0000] {logging_mixin.py:190} INFO - [2026-07-21T14:21:06.230+0000] {dagbag.py:587} INFO - Filling up the DagBag from /opt/airflow/dags/tmdb_incremental_sync.py
[2026-07-21T14:21:06.329+0000] {processor.py:925} INFO - DAG(s) 'tmdb_incremental_sync' retrieved from /opt/airflow/dags/tmdb_incremental_sync.py
[2026-07-21T14:21:06.473+0000] {logging_mixin.py:190} INFO - [2026-07-21T14:21:06.473+0000] {dag.py:3211} INFO - Sync 1 DAGs
[2026-07-21T14:21:06.653+0000] {logging_mixin.py:190} INFO - [2026-07-21T14:21:06.653+0000] {dag.py:4138} INFO - Setting next_dagrun for tmdb_incremental_sync to 2026-07-21 00:00:00+00:00, run_after=2026-07-22 00:00:00+00:00
[2026-07-21T14:21:06.746+0000] {processor.py:208} INFO - Processing /opt/airflow/dags/tmdb_incremental_sync.py took 0.543 seconds
[2026-07-21T14:21:37.027+0000] {processor.py:186} INFO - Started process (PID=34547) to work on /opt/airflow/dags/tmdb_incremental_sync.py
[2026-07-21T14:21:37.029+0000] {processor.py:914} INFO - Processing file /opt/airflow/dags/tmdb_incremental_sync.py for tasks to queue
[2026-07-21T14:21:37.033+0000] {logging_mixin.py:190} INFO - [2026-07-21T14:21:37.032+0000] {dagbag.py:587} INFO - Filling up the DagBag from /opt/airflow/dags/tmdb_incremental_sync.py
[2026-07-21T14:21:37.066+0000] {processor.py:925} INFO - DAG(s) 'tmdb_incremental_sync' retrieved from /opt/airflow/dags/tmdb_incremental_sync.py
[2026-07-21T14:21:37.111+0000] {logging_mixin.py:190} INFO - [2026-07-21T14:21:37.110+0000] {dag.py:3211} INFO - Sync 1 DAGs
[2026-07-21T14:21:37.150+0000] {logging_mixin.py:190} INFO - [2026-07-21T14:21:37.150+0000] {dag.py:4138} INFO - Setting next_dagrun for tmdb_incremental_sync to 2026-07-21 00:00:00+00:00, run_after=2026-07-22 00:00:00+00:00
[2026-07-21T14:21:37.179+0000] {processor.py:208} INFO - Processing /opt/airflow/dags/tmdb_incremental_sync.py took 0.162 seconds
[2026-07-21T14:22:07.489+0000] {processor.py:186} INFO - Started process (PID=34557) to work on /opt/airflow/dags/tmdb_incremental_sync.py
[2026-07-21T14:22:07.490+0000] {processor.py:914} INFO - Processing file /opt/airflow/dags/tmdb_incremental_sync.py for tasks to queue
[2026-07-21T14:22:07.493+0000] {logging_mixin.py:190} INFO - [2026-07-21T14:22:07.493+0000] {dagbag.py:587} INFO - Filling up the DagBag from /opt/airflow/dags/tmdb_incremental_sync.py
[2026-07-21T14:22:07.523+0000] {processor.py:925} INFO - DAG(s) 'tmdb_incremental_sync' retrieved from /opt/airflow/dags/tmdb_incremental_sync.py
[2026-07-21T14:22:07.564+0000] {logging_mixin.py:190} INFO - [2026-07-21T14:22:07.563+0000] {dag.py:3211} INFO - Sync 1 DAGs
[2026-07-21T14:22:07.601+0000] {logging_mixin.py:190} INFO - [2026-07-21T14:22:07.601+0000] {dag.py:4138} INFO - Setting next_dagrun for tmdb_incremental_sync to 2026-07-21 00:00:00+00:00, run_after=2026-07-22 00:00:00+00:00
[2026-07-21T14:22:07.635+0000] {processor.py:208} INFO - Processing /opt/airflow/dags/tmdb_incremental_sync.py took 0.154 seconds
[2026-07-21T14:22:38.006+0000] {processor.py:186} INFO - Started process (PID=34567) to work on /opt/airflow/dags/tmdb_incremental_sync.py
[2026-07-21T14:22:38.008+0000] {processor.py:914} INFO - Processing file /opt/airflow/dags/tmdb_incremental_sync.py for tasks to queue
[2026-07-21T14:22:38.012+0000] {logging_mixin.py:190} INFO - [2026-07-21T14:22:38.011+0000] {dagbag.py:587} INFO - Filling up the DagBag from /opt/airflow/dags/tmdb_incremental_sync.py
[2026-07-21T14:22:38.043+0000] {processor.py:925} INFO - DAG(s) 'tmdb_incremental_sync' retrieved from /opt/airflow/dags/tmdb_incremental_sync.py
[2026-07-21T14:22:38.085+0000] {logging_mixin.py:190} INFO - [2026-07-21T14:22:38.084+0000] {dag.py:3211} INFO - Sync 1 DAGs
[2026-07-21T14:22:38.126+0000] {logging_mixin.py:190} INFO - [2026-07-21T14:22:38.126+0000] {dag.py:4138} INFO - Setting next_dagrun for tmdb_incremental_sync to 2026-07-21 00:00:00+00:00, run_after=2026-07-22 00:00:00+00:00
[2026-07-21T14:22:38.166+0000] {processor.py:208} INFO - Processing /opt/airflow/dags/tmdb_incremental_sync.py took 0.168 seconds
[2026-07-21T14:23:08.467+0000] {processor.py:186} INFO - Started process (PID=34577) to work on /opt/airflow/dags/tmdb_incremental_sync.py
[2026-07-21T14:23:08.468+0000] {processor.py:914} INFO - Processing file /opt/airflow/dags/tmdb_incremental_sync.py for tasks to queue
[2026-07-21T14:23:08.473+0000] {logging_mixin.py:190} INFO - [2026-07-21T14:23:08.472+0000] {dagbag.py:587} INFO - Filling up the DagBag from /opt/airflow/dags/tmdb_incremental_sync.py
[2026-07-21T14:23:08.504+0000] {processor.py:925} INFO - DAG(s) 'tmdb_incremental_sync' retrieved from /opt/airflow/dags/tmdb_incremental_sync.py
[2026-07-21T14:23:08.547+0000] {logging_mixin.py:190} INFO - [2026-07-21T14:23:08.547+0000] {dag.py:3211} INFO - Sync 1 DAGs
[2026-07-21T14:23:08.595+0000] {logging_mixin.py:190} INFO - [2026-07-21T14:23:08.595+0000] {dag.py:4138} INFO - Setting next_dagrun for tmdb_incremental_sync to 2026-07-21 00:00:00+00:00, run_after=2026-07-22 00:00:00+00:00
[2026-07-21T14:23:08.623+0000] {processor.py:208} INFO - Processing /opt/airflow/dags/tmdb_incremental_sync.py took 0.164 seconds
[2026-07-21T14:23:38.912+0000] {processor.py:186} INFO - Started process (PID=34587) to work on /opt/airflow/dags/tmdb_incremental_sync.py
[2026-07-21T14:23:38.914+0000] {processor.py:914} INFO - Processing file /opt/airflow/dags/tmdb_incremental_sync.py for tasks to queue
[2026-07-21T14:23:38.917+0000] {logging_mixin.py:190} INFO - [2026-07-21T14:23:38.917+0000] {dagbag.py:587} INFO - Filling up the DagBag from /opt/airflow/dags/tmdb_incremental_sync.py
[2026-07-21T14:23:38.946+0000] {processor.py:925} INFO - DAG(s) 'tmdb_incremental_sync' retrieved from /opt/airflow/dags/tmdb_incremental_sync.py
[2026-07-21T14:23:38.989+0000] {logging_mixin.py:190} INFO - [2026-07-21T14:23:38.988+0000] {dag.py:3211} INFO - Sync 1 DAGs
[2026-07-21T14:23:39.027+0000] {logging_mixin.py:190} INFO - [2026-07-21T14:23:39.027+0000] {dag.py:4138} INFO - Setting next_dagrun for tmdb_incremental_sync to 2026-07-21 00:00:00+00:00, run_after=2026-07-22 00:00:00+00:00
[2026-07-21T14:23:39.053+0000] {processor.py:208} INFO - Processing /opt/airflow/dags/tmdb_incremental_sync.py took 0.150 seconds
[2026-07-21T14:24:09.362+0000] {processor.py:186} INFO - Started process (PID=34597) to work on /opt/airflow/dags/tmdb_incremental_sync.py
[2026-07-21T14:24:09.364+0000] {processor.py:914} INFO - Processing file /opt/airflow/dags/tmdb_incremental_sync.py for tasks to queue
[2026-07-21T14:24:09.368+0000] {logging_mixin.py:190} INFO - [2026-07-21T14:24:09.367+0000] {dagbag.py:587} INFO - Filling up the DagBag from /opt/airflow/dags/tmdb_incremental_sync.py
[2026-07-21T14:24:09.400+0000] {processor.py:925} INFO - DAG(s) 'tmdb_incremental_sync' retrieved from /opt/airflow/dags/tmdb_incremental_sync.py
[2026-07-21T14:24:09.444+0000] {logging_mixin.py:190} INFO - [2026-07-21T14:24:09.444+0000] {dag.py:3211} INFO - Sync 1 DAGs
[2026-07-21T14:24:09.487+0000] {logging_mixin.py:190} INFO - [2026-07-21T14:24:09.487+0000] {dag.py:4138} INFO - Setting next_dagrun for tmdb_incremental_sync to 2026-07-21 00:00:00+00:00, run_after=2026-07-22 00:00:00+00:00
[2026-07-21T14:24:09.516+0000] {processor.py:208} INFO - Processing /opt/airflow/dags/tmdb_incremental_sync.py took 0.164 seconds
[2026-07-21T14:24:39.852+0000] {processor.py:186} INFO - Started process (PID=34607) to work on /opt/airflow/dags/tmdb_incremental_sync.py
[2026-07-21T14:24:39.853+0000] {processor.py:914} INFO - Processing file /opt/airflow/dags/tmdb_incremental_sync.py for tasks to queue
[2026-07-21T14:24:39.859+0000] {logging_mixin.py:190} INFO - [2026-07-21T14:24:39.858+0000] {dagbag.py:587} INFO - Filling up the DagBag from /opt/airflow/dags/tmdb_incremental_sync.py
[2026-07-21T14:24:39.904+0000] {processor.py:925} INFO - DAG(s) 'tmdb_incremental_sync' retrieved from /opt/airflow/dags/tmdb_incremental_sync.py
[2026-07-21T14:24:39.958+0000] {logging_mixin.py:190} INFO - [2026-07-21T14:24:39.957+0000] {dag.py:3211} INFO - Sync 1 DAGs
[2026-07-21T14:24:39.996+0000] {logging_mixin.py:190} INFO - [2026-07-21T14:24:39.996+0000] {dag.py:4138} INFO - Setting next_dagrun for tmdb_incremental_sync to 2026-07-21 00:00:00+00:00, run_after=2026-07-22 00:00:00+00:00
[2026-07-21T14:24:40.023+0000] {processor.py:208} INFO - Processing /opt/airflow/dags/tmdb_incremental_sync.py took 0.181 seconds
[2026-07-21T14:25:10.330+0000] {processor.py:186} INFO - Started process (PID=34617) to work on /opt/airflow/dags/tmdb_incremental_sync.py
[2026-07-21T14:25:10.332+0000] {processor.py:914} INFO - Processing file /opt/airflow/dags/tmdb_incremental_sync.py for tasks to queue
[2026-07-21T14:25:10.335+0000] {logging_mixin.py:190} INFO - [2026-07-21T14:25:10.334+0000] {dagbag.py:587} INFO - Filling up the DagBag from /opt/airflow/dags/tmdb_incremental_sync.py
[2026-07-21T14:25:10.366+0000] {processor.py:925} INFO - DAG(s) 'tmdb_incremental_sync' retrieved from /opt/airflow/dags/tmdb_incremental_sync.py
[2026-07-21T14:25:10.410+0000] {logging_mixin.py:190} INFO - [2026-07-21T14:25:10.410+0000] {dag.py:3211} INFO - Sync 1 DAGs
[2026-07-21T14:25:10.450+0000] {logging_mixin.py:190} INFO - [2026-07-21T14:25:10.450+0000] {dag.py:4138} INFO - Setting next_dagrun for tmdb_incremental_sync to 2026-07-21 00:00:00+00:00, run_after=2026-07-22 00:00:00+00:00
[2026-07-21T14:25:10.558+0000] {processor.py:208} INFO - Processing /opt/airflow/dags/tmdb_incremental_sync.py took 0.236 seconds
[2026-07-21T14:25:40.851+0000] {processor.py:186} INFO - Started process (PID=34627) to work on /opt/airflow/dags/tmdb_incremental_sync.py
[2026-07-21T14:25:40.853+0000] {processor.py:914} INFO - Processing file /opt/airflow/dags/tmdb_incremental_sync.py for tasks to queue
[2026-07-21T14:25:40.857+0000] {logging_mixin.py:190} INFO - [2026-07-21T14:25:40.857+0000] {dagbag.py:587} INFO - Filling up the DagBag from /opt/airflow/dags/tmdb_incremental_sync.py
[2026-07-21T14:25:40.888+0000] {processor.py:925} INFO - DAG(s) 'tmdb_incremental_sync' retrieved from /opt/airflow/dags/tmdb_incremental_sync.py
[2026-07-21T14:25:40.938+0000] {logging_mixin.py:190} INFO - [2026-07-21T14:25:40.937+0000] {dag.py:3211} INFO - Sync 1 DAGs
[2026-07-21T14:25:40.979+0000] {logging_mixin.py:190} INFO - [2026-07-21T14:25:40.978+0000] {dag.py:4138} INFO - Setting next_dagrun for tmdb_incremental_sync to 2026-07-21 00:00:00+00:00, run_after=2026-07-22 00:00:00+00:00
[2026-07-21T14:25:41.010+0000] {processor.py:208} INFO - Processing /opt/airflow/dags/tmdb_incremental_sync.py took 0.167 seconds
[2026-07-21T14:26:11.305+0000] {processor.py:186} INFO - Started process (PID=34637) to work on /opt/airflow/dags/tmdb_incremental_sync.py
[2026-07-21T14:26:11.306+0000] {processor.py:914} INFO - Processing file /opt/airflow/dags/tmdb_incremental_sync.py for tasks to queue
[2026-07-21T14:26:11.311+0000] {logging_mixin.py:190} INFO - [2026-07-21T14:26:11.310+0000] {dagbag.py:587} INFO - Filling up the DagBag from /opt/airflow/dags/tmdb_incremental_sync.py
[2026-07-21T14:26:11.339+0000] {processor.py:925} INFO - DAG(s) 'tmdb_incremental_sync' retrieved from /opt/airflow/dags/tmdb_incremental_sync.py
[2026-07-21T14:26:11.381+0000] {logging_mixin.py:190} INFO - [2026-07-21T14:26:11.381+0000] {dag.py:3211} INFO - Sync 1 DAGs
[2026-07-21T14:26:11.421+0000] {logging_mixin.py:190} INFO - [2026-07-21T14:26:11.421+0000] {dag.py:4138} INFO - Setting next_dagrun for tmdb_incremental_sync to 2026-07-21 00:00:00+00:00, run_after=2026-07-22 00:00:00+00:00
[2026-07-21T14:26:11.448+0000] {processor.py:208} INFO - Processing /opt/airflow/dags/tmdb_incremental_sync.py took 0.151 seconds
[2026-07-21T14:26:41.750+0000] {processor.py:186} INFO - Started process (PID=34647) to work on /opt/airflow/dags/tmdb_incremental_sync.py
[2026-07-21T14:26:41.751+0000] {processor.py:914} INFO - Processing file /opt/airflow/dags/tmdb_incremental_sync.py for tasks to queue
[2026-07-21T14:26:41.755+0000] {logging_mixin.py:190} INFO - [2026-07-21T14:26:41.754+0000] {dagbag.py:587} INFO - Filling up the DagBag from /opt/airflow/dags/tmdb_incremental_sync.py
[2026-07-21T14:26:41.789+0000] {processor.py:925} INFO - DAG(s) 'tmdb_incremental_sync' retrieved from /opt/airflow/dags/tmdb_incremental_sync.py
[2026-07-21T14:26:41.832+0000] {logging_mixin.py:190} INFO - [2026-07-21T14:26:41.831+0000] {dag.py:3211} INFO - Sync 1 DAGs
[2026-07-21T14:26:41.873+0000] {logging_mixin.py:190} INFO - [2026-07-21T14:26:41.872+0000] {dag.py:4138} INFO - Setting next_dagrun for tmdb_incremental_sync to 2026-07-21 00:00:00+00:00, run_after=2026-07-22 00:00:00+00:00
[2026-07-21T14:26:41.900+0000] {processor.py:208} INFO - Processing /opt/airflow/dags/tmdb_incremental_sync.py took 0.159 seconds
[2026-07-21T14:27:12.197+0000] {processor.py:186} INFO - Started process (PID=34657) to work on /opt/airflow/dags/tmdb_incremental_sync.py
[2026-07-21T14:27:12.199+0000] {processor.py:914} INFO - Processing file /opt/airflow/dags/tmdb_incremental_sync.py for tasks to queue
[2026-07-21T14:27:12.203+0000] {logging_mixin.py:190} INFO - [2026-07-21T14:27:12.203+0000] {dagbag.py:587} INFO - Filling up the DagBag from /opt/airflow/dags/tmdb_incremental_sync.py
[2026-07-21T14:27:12.236+0000] {processor.py:925} INFO - DAG(s) 'tmdb_incremental_sync' retrieved from /opt/airflow/dags/tmdb_incremental_sync.py
[2026-07-21T14:27:12.281+0000] {logging_mixin.py:190} INFO - [2026-07-21T14:27:12.280+0000] {dag.py:3211} INFO - Sync 1 DAGs
[2026-07-21T14:27:12.321+0000] {logging_mixin.py:190} INFO - [2026-07-21T14:27:12.321+0000] {dag.py:4138} INFO - Setting next_dagrun for tmdb_incremental_sync to 2026-07-21 00:00:00+00:00, run_after=2026-07-22 00:00:00+00:00
[2026-07-21T14:27:12.349+0000] {processor.py:208} INFO - Processing /opt/airflow/dags/tmdb_incremental_sync.py took 0.161 seconds
[2026-07-21T14:27:42.651+0000] {processor.py:186} INFO - Started process (PID=34667) to work on /opt/airflow/dags/tmdb_incremental_sync.py
[2026-07-21T14:27:42.652+0000] {processor.py:914} INFO - Processing file /opt/airflow/dags/tmdb_incremental_sync.py for tasks to queue
[2026-07-21T14:27:42.656+0000] {logging_mixin.py:190} INFO - [2026-07-21T14:27:42.655+0000] {dagbag.py:587} INFO - Filling up the DagBag from /opt/airflow/dags/tmdb_incremental_sync.py
[2026-07-21T14:27:42.686+0000] {processor.py:925} INFO - DAG(s) 'tmdb_incremental_sync' retrieved from /opt/airflow/dags/tmdb_incremental_sync.py
[2026-07-21T14:27:42.729+0000] {logging_mixin.py:190} INFO - [2026-07-21T14:27:42.728+0000] {dag.py:3211} INFO - Sync 1 DAGs
[2026-07-21T14:27:42.767+0000] {logging_mixin.py:190} INFO - [2026-07-21T14:27:42.766+0000] {dag.py:4138} INFO - Setting next_dagrun for tmdb_incremental_sync to 2026-07-21 00:00:00+00:00, run_after=2026-07-22 00:00:00+00:00
[2026-07-21T14:27:42.792+0000] {processor.py:208} INFO - Processing /opt/airflow/dags/tmdb_incremental_sync.py took 0.149 seconds
[2026-07-21T14:28:13.103+0000] {processor.py:186} INFO - Started process (PID=34677) to work on /opt/airflow/dags/tmdb_incremental_sync.py
[2026-07-21T14:28:13.104+0000] {processor.py:914} INFO - Processing file /opt/airflow/dags/tmdb_incremental_sync.py for tasks to queue
[2026-07-21T14:28:13.108+0000] {logging_mixin.py:190} INFO - [2026-07-21T14:28:13.108+0000] {dagbag.py:587} INFO - Filling up the DagBag from /opt/airflow/dags/tmdb_incremental_sync.py
[2026-07-21T14:28:13.141+0000] {processor.py:925} INFO - DAG(s) 'tmdb_incremental_sync' retrieved from /opt/airflow/dags/tmdb_incremental_sync.py
[2026-07-21T14:28:13.183+0000] {logging_mixin.py:190} INFO - [2026-07-21T14:28:13.182+0000] {dag.py:3211} INFO - Sync 1 DAGs
[2026-07-21T14:28:13.220+0000] {logging_mixin.py:190} INFO - [2026-07-21T14:28:13.219+0000] {dag.py:4138} INFO - Setting next_dagrun for tmdb_incremental_sync to 2026-07-21 00:00:00+00:00, run_after=2026-07-22 00:00:00+00:00
[2026-07-21T14:28:13.245+0000] {processor.py:208} INFO - Processing /opt/airflow/dags/tmdb_incremental_sync.py took 0.151 seconds
[2026-07-21T14:28:43.581+0000] {processor.py:186} INFO - Started process (PID=34687) to work on /opt/airflow/dags/tmdb_incremental_sync.py
[2026-07-21T14:28:43.583+0000] {processor.py:914} INFO - Processing file /opt/airflow/dags/tmdb_incremental_sync.py for tasks to queue
[2026-07-21T14:28:43.590+0000] {logging_mixin.py:190} INFO - [2026-07-21T14:28:43.587+0000] {dagbag.py:587} INFO - Filling up the DagBag from /opt/airflow/dags/tmdb_incremental_sync.py
[2026-07-21T14:28:43.625+0000] {processor.py:925} INFO - DAG(s) 'tmdb_incremental_sync' retrieved from /opt/airflow/dags/tmdb_incremental_sync.py
[2026-07-21T14:28:43.685+0000] {logging_mixin.py:190} INFO - [2026-07-21T14:28:43.685+0000] {dag.py:3211} INFO - Sync 1 DAGs
[2026-07-21T14:28:43.733+0000] {logging_mixin.py:190} INFO - [2026-07-21T14:28:43.732+0000] {dag.py:4138} INFO - Setting next_dagrun for tmdb_incremental_sync to 2026-07-21 00:00:00+00:00, run_after=2026-07-22 00:00:00+00:00
[2026-07-21T14:28:43.761+0000] {processor.py:208} INFO - Processing /opt/airflow/dags/tmdb_incremental_sync.py took 0.192 seconds
[2026-07-21T14:29:14.005+0000] {processor.py:186} INFO - Started process (PID=34697) to work on /opt/airflow/dags/tmdb_incremental_sync.py
[2026-07-21T14:29:14.008+0000] {processor.py:914} INFO - Processing file /opt/airflow/dags/tmdb_incremental_sync.py for tasks to queue
[2026-07-21T14:29:14.012+0000] {logging_mixin.py:190} INFO - [2026-07-21T14:29:14.012+0000] {dagbag.py:587} INFO - Filling up the DagBag from /opt/airflow/dags/tmdb_incremental_sync.py
[2026-07-21T14:29:14.045+0000] {processor.py:925} INFO - DAG(s) 'tmdb_incremental_sync' retrieved from /opt/airflow/dags/tmdb_incremental_sync.py
[2026-07-21T14:29:14.088+0000] {logging_mixin.py:190} INFO - [2026-07-21T14:29:14.088+0000] {dag.py:3211} INFO - Sync 1 DAGs
[2026-07-21T14:29:14.133+0000] {logging_mixin.py:190} INFO - [2026-07-21T14:29:14.133+0000] {dag.py:4138} INFO - Setting next_dagrun for tmdb_incremental_sync to 2026-07-21 00:00:00+00:00, run_after=2026-07-22 00:00:00+00:00
[2026-07-21T14:29:14.170+0000] {processor.py:208} INFO - Processing /opt/airflow/dags/tmdb_incremental_sync.py took 0.173 seconds
[2026-07-21T14:29:44.584+0000] {processor.py:186} INFO - Started process (PID=34707) to work on /opt/airflow/dags/tmdb_incremental_sync.py
[2026-07-21T14:29:44.585+0000] {processor.py:914} INFO - Processing file /opt/airflow/dags/tmdb_incremental_sync.py for tasks to queue
[2026-07-21T14:29:44.589+0000] {logging_mixin.py:190} INFO - [2026-07-21T14:29:44.588+0000] {dagbag.py:587} INFO - Filling up the DagBag from /opt/airflow/dags/tmdb_incremental_sync.py
[2026-07-21T14:29:44.624+0000] {processor.py:925} INFO - DAG(s) 'tmdb_incremental_sync' retrieved from /opt/airflow/dags/tmdb_incremental_sync.py
[2026-07-21T14:29:44.672+0000] {logging_mixin.py:190} INFO - [2026-07-21T14:29:44.671+0000] {dag.py:3211} INFO - Sync 1 DAGs
[2026-07-21T14:29:44.717+0000] {logging_mixin.py:190} INFO - [2026-07-21T14:29:44.716+0000] {dag.py:4138} INFO - Setting next_dagrun for tmdb_incremental_sync to 2026-07-21 00:00:00+00:00, run_after=2026-07-22 00:00:00+00:00
[2026-07-21T14:29:44.743+0000] {processor.py:208} INFO - Processing /opt/airflow/dags/tmdb_incremental_sync.py took 0.172 seconds
[2026-07-21T14:30:15.090+0000] {processor.py:186} INFO - Started process (PID=34717) to work on /opt/airflow/dags/tmdb_incremental_sync.py
[2026-07-21T14:30:15.092+0000] {processor.py:914} INFO - Processing file /opt/airflow/dags/tmdb_incremental_sync.py for tasks to queue
[2026-07-21T14:30:15.095+0000] {logging_mixin.py:190} INFO - [2026-07-21T14:30:15.095+0000] {dagbag.py:587} INFO - Filling up the DagBag from /opt/airflow/dags/tmdb_incremental_sync.py
[2026-07-21T14:30:15.128+0000] {processor.py:925} INFO - DAG(s) 'tmdb_incremental_sync' retrieved from /opt/airflow/dags/tmdb_incremental_sync.py
[2026-07-21T14:30:15.170+0000] {logging_mixin.py:190} INFO - [2026-07-21T14:30:15.170+0000] {dag.py:3211} INFO - Sync 1 DAGs
[2026-07-21T14:30:15.210+0000] {logging_mixin.py:190} INFO - [2026-07-21T14:30:15.209+0000] {dag.py:4138} INFO - Setting next_dagrun for tmdb_incremental_sync to 2026-07-21 00:00:00+00:00, run_after=2026-07-22 00:00:00+00:00
[2026-07-21T14:30:15.240+0000] {processor.py:208} INFO - Processing /opt/airflow/dags/tmdb_incremental_sync.py took 0.158 seconds
[2026-07-21T14:30:45.541+0000] {processor.py:186} INFO - Started process (PID=34727) to work on /opt/airflow/dags/tmdb_incremental_sync.py
[2026-07-21T14:30:45.542+0000] {processor.py:914} INFO - Processing file /opt/airflow/dags/tmdb_incremental_sync.py for tasks to queue
[2026-07-21T14:30:45.545+0000] {logging_mixin.py:190} INFO - [2026-07-21T14:30:45.545+0000] {dagbag.py:587} INFO - Filling up the DagBag from /opt/airflow/dags/tmdb_incremental_sync.py
[2026-07-21T14:30:45.580+0000] {processor.py:925} INFO - DAG(s) 'tmdb_incremental_sync' retrieved from /opt/airflow/dags/tmdb_incremental_sync.py
[2026-07-21T14:30:45.627+0000] {logging_mixin.py:190} INFO - [2026-07-21T14:30:45.627+0000] {dag.py:3211} INFO - Sync 1 DAGs
[2026-07-21T14:30:45.672+0000] {logging_mixin.py:190} INFO - [2026-07-21T14:30:45.671+0000] {dag.py:4138} INFO - Setting next_dagrun for tmdb_incremental_sync to 2026-07-21 00:00:00+00:00, run_after=2026-07-22 00:00:00+00:00
[2026-07-21T14:30:45.707+0000] {processor.py:208} INFO - Processing /opt/airflow/dags/tmdb_incremental_sync.py took 0.175 seconds
[2026-07-21T14:31:16.000+0000] {processor.py:186} INFO - Started process (PID=34737) to work on /opt/airflow/dags/tmdb_incremental_sync.py
[2026-07-21T14:31:16.001+0000] {processor.py:914} INFO - Processing file /opt/airflow/dags/tmdb_incremental_sync.py for tasks to queue
[2026-07-21T14:31:16.005+0000] {logging_mixin.py:190} INFO - [2026-07-21T14:31:16.004+0000] {dagbag.py:587} INFO - Filling up the DagBag from /opt/airflow/dags/tmdb_incremental_sync.py
[2026-07-21T14:31:16.039+0000] {processor.py:925} INFO - DAG(s) 'tmdb_incremental_sync' retrieved from /opt/airflow/dags/tmdb_incremental_sync.py
[2026-07-21T14:31:16.081+0000] {logging_mixin.py:190} INFO - [2026-07-21T14:31:16.080+0000] {dag.py:3211} INFO - Sync 1 DAGs
[2026-07-21T14:31:16.118+0000] {logging_mixin.py:190} INFO - [2026-07-21T14:31:16.118+0000] {dag.py:4138} INFO - Setting next_dagrun for tmdb_incremental_sync to 2026-07-21 00:00:00+00:00, run_after=2026-07-22 00:00:00+00:00
[2026-07-21T14:31:16.146+0000] {processor.py:208} INFO - Processing /opt/airflow/dags/tmdb_incremental_sync.py took 0.157 seconds
[2026-07-21T14:31:46.453+0000] {processor.py:186} INFO - Started process (PID=34747) to work on /opt/airflow/dags/tmdb_incremental_sync.py
[2026-07-21T14:31:46.454+0000] {processor.py:914} INFO - Processing file /opt/airflow/dags/tmdb_incremental_sync.py for tasks to queue
[2026-07-21T14:31:46.458+0000] {logging_mixin.py:190} INFO - [2026-07-21T14:31:46.458+0000] {dagbag.py:587} INFO - Filling up the DagBag from /opt/airflow/dags/tmdb_incremental_sync.py
[2026-07-21T14:31:46.487+0000] {processor.py:925} INFO - DAG(s) 'tmdb_incremental_sync' retrieved from /opt/airflow/dags/tmdb_incremental_sync.py
[2026-07-21T14:31:46.529+0000] {logging_mixin.py:190} INFO - [2026-07-21T14:31:46.528+0000] {dag.py:3211} INFO - Sync 1 DAGs
[2026-07-21T14:31:46.569+0000] {logging_mixin.py:190} INFO - [2026-07-21T14:31:46.568+0000] {dag.py:4138} INFO - Setting next_dagrun for tmdb_incremental_sync to 2026-07-21 00:00:00+00:00, run_after=2026-07-22 00:00:00+00:00
[2026-07-21T14:31:46.595+0000] {processor.py:208} INFO - Processing /opt/airflow/dags/tmdb_incremental_sync.py took 0.150 seconds
[2026-07-21T14:32:16.905+0000] {processor.py:186} INFO - Started process (PID=34757) to work on /opt/airflow/dags/tmdb_incremental_sync.py
[2026-07-21T14:32:16.906+0000] {processor.py:914} INFO - Processing file /opt/airflow/dags/tmdb_incremental_sync.py for tasks to queue
[2026-07-21T14:32:16.910+0000] {logging_mixin.py:190} INFO - [2026-07-21T14:32:16.910+0000] {dagbag.py:587} INFO - Filling up the DagBag from /opt/airflow/dags/tmdb_incremental_sync.py
[2026-07-21T14:32:16.939+0000] {processor.py:925} INFO - DAG(s) 'tmdb_incremental_sync' retrieved from /opt/airflow/dags/tmdb_incremental_sync.py
[2026-07-21T14:32:16.981+0000] {logging_mixin.py:190} INFO - [2026-07-21T14:32:16.980+0000] {dag.py:3211} INFO - Sync 1 DAGs
[2026-07-21T14:32:17.020+0000] {logging_mixin.py:190} INFO - [2026-07-21T14:32:17.019+0000] {dag.py:4138} INFO - Setting next_dagrun for tmdb_incremental_sync to 2026-07-21 00:00:00+00:00, run_after=2026-07-22 00:00:00+00:00
[2026-07-21T14:32:17.044+0000] {processor.py:208} INFO - Processing /opt/airflow/dags/tmdb_incremental_sync.py took 0.147 seconds
[2026-07-21T14:32:47.359+0000] {processor.py:186} INFO - Started process (PID=34767) to work on /opt/airflow/dags/tmdb_incremental_sync.py
[2026-07-21T14:32:47.360+0000] {processor.py:914} INFO - Processing file /opt/airflow/dags/tmdb_incremental_sync.py for tasks to queue
[2026-07-21T14:32:47.364+0000] {logging_mixin.py:190} INFO - [2026-07-21T14:32:47.363+0000] {dagbag.py:587} INFO - Filling up the DagBag from /opt/airflow/dags/tmdb_incremental_sync.py
[2026-07-21T14:32:47.393+0000] {processor.py:925} INFO - DAG(s) 'tmdb_incremental_sync' retrieved from /opt/airflow/dags/tmdb_incremental_sync.py
[2026-07-21T14:32:47.435+0000] {logging_mixin.py:190} INFO - [2026-07-21T14:32:47.435+0000] {dag.py:3211} INFO - Sync 1 DAGs
[2026-07-21T14:32:47.474+0000] {logging_mixin.py:190} INFO - [2026-07-21T14:32:47.473+0000] {dag.py:4138} INFO - Setting next_dagrun for tmdb_incremental_sync to 2026-07-21 00:00:00+00:00, run_after=2026-07-22 00:00:00+00:00
[2026-07-21T14:32:47.500+0000] {processor.py:208} INFO - Processing /opt/airflow/dags/tmdb_incremental_sync.py took 0.149 seconds
[2026-07-21T14:33:17.815+0000] {processor.py:186} INFO - Started process (PID=34777) to work on /opt/airflow/dags/tmdb_incremental_sync.py
[2026-07-21T14:33:17.817+0000] {processor.py:914} INFO - Processing file /opt/airflow/dags/tmdb_incremental_sync.py for tasks to queue
[2026-07-21T14:33:17.820+0000] {logging_mixin.py:190} INFO - [2026-07-21T14:33:17.820+0000] {dagbag.py:587} INFO - Filling up the DagBag from /opt/airflow/dags/tmdb_incremental_sync.py
[2026-07-21T14:33:17.850+0000] {processor.py:925} INFO - DAG(s) 'tmdb_incremental_sync' retrieved from /opt/airflow/dags/tmdb_incremental_sync.py
[2026-07-21T14:33:17.891+0000] {logging_mixin.py:190} INFO - [2026-07-21T14:33:17.891+0000] {dag.py:3211} INFO - Sync 1 DAGs
[2026-07-21T14:33:17.929+0000] {logging_mixin.py:190} INFO - [2026-07-21T14:33:17.929+0000] {dag.py:4138} INFO - Setting next_dagrun for tmdb_incremental_sync to 2026-07-21 00:00:00+00:00, run_after=2026-07-22 00:00:00+00:00
[2026-07-21T14:33:17.956+0000] {processor.py:208} INFO - Processing /opt/airflow/dags/tmdb_incremental_sync.py took 0.150 seconds
[2026-07-21T14:33:48.258+0000] {processor.py:186} INFO - Started process (PID=34787) to work on /opt/airflow/dags/tmdb_incremental_sync.py
[2026-07-21T14:33:48.259+0000] {processor.py:914} INFO - Processing file /opt/airflow/dags/tmdb_incremental_sync.py for tasks to queue
[2026-07-21T14:33:48.263+0000] {logging_mixin.py:190} INFO - [2026-07-21T14:33:48.262+0000] {dagbag.py:587} INFO - Filling up the DagBag from /opt/airflow/dags/tmdb_incremental_sync.py
[2026-07-21T14:33:48.294+0000] {processor.py:925} INFO - DAG(s) 'tmdb_incremental_sync' retrieved from /opt/airflow/dags/tmdb_incremental_sync.py
[2026-07-21T14:33:48.337+0000] {logging_mixin.py:190} INFO - [2026-07-21T14:33:48.336+0000] {dag.py:3211} INFO - Sync 1 DAGs
[2026-07-21T14:33:48.375+0000] {logging_mixin.py:190} INFO - [2026-07-21T14:33:48.374+0000] {dag.py:4138} INFO - Setting next_dagrun for tmdb_incremental_sync to 2026-07-21 00:00:00+00:00, run_after=2026-07-22 00:00:00+00:00
[2026-07-21T14:33:48.401+0000] {processor.py:208} INFO - Processing /opt/airflow/dags/tmdb_incremental_sync.py took 0.151 seconds
[2026-07-21T14:34:18.712+0000] {processor.py:186} INFO - Started process (PID=34797) to work on /opt/airflow/dags/tmdb_incremental_sync.py
[2026-07-21T14:34:18.713+0000] {processor.py:914} INFO - Processing file /opt/airflow/dags/tmdb_incremental_sync.py for tasks to queue
[2026-07-21T14:34:18.717+0000] {logging_mixin.py:190} INFO - [2026-07-21T14:34:18.717+0000] {dagbag.py:587} INFO - Filling up the DagBag from /opt/airflow/dags/tmdb_incremental_sync.py
[2026-07-21T14:34:18.747+0000] {processor.py:925} INFO - DAG(s) 'tmdb_incremental_sync' retrieved from /opt/airflow/dags/tmdb_incremental_sync.py
[2026-07-21T14:34:18.787+0000] {logging_mixin.py:190} INFO - [2026-07-21T14:34:18.787+0000] {dag.py:3211} INFO - Sync 1 DAGs
[2026-07-21T14:34:18.825+0000] {logging_mixin.py:190} INFO - [2026-07-21T14:34:18.825+0000] {dag.py:4138} INFO - Setting next_dagrun for tmdb_incremental_sync to 2026-07-21 00:00:00+00:00, run_after=2026-07-22 00:00:00+00:00
[2026-07-21T14:34:18.854+0000] {processor.py:208} INFO - Processing /opt/airflow/dags/tmdb_incremental_sync.py took 0.150 seconds
[2026-07-21T14:34:49.165+0000] {processor.py:186} INFO - Started process (PID=34807) to work on /opt/airflow/dags/tmdb_incremental_sync.py
[2026-07-21T14:34:49.166+0000] {processor.py:914} INFO - Processing file /opt/airflow/dags/tmdb_incremental_sync.py for tasks to queue
[2026-07-21T14:34:49.171+0000] {logging_mixin.py:190} INFO - [2026-07-21T14:34:49.170+0000] {dagbag.py:587} INFO - Filling up the DagBag from /opt/airflow/dags/tmdb_incremental_sync.py
[2026-07-21T14:34:49.201+0000] {processor.py:925} INFO - DAG(s) 'tmdb_incremental_sync' retrieved from /opt/airflow/dags/tmdb_incremental_sync.py
[2026-07-21T14:34:49.243+0000] {logging_mixin.py:190} INFO - [2026-07-21T14:34:49.242+0000] {dag.py:3211} INFO - Sync 1 DAGs
[2026-07-21T14:34:49.282+0000] {logging_mixin.py:190} INFO - [2026-07-21T14:34:49.281+0000] {dag.py:4138} INFO - Setting next_dagrun for tmdb_incremental_sync to 2026-07-21 00:00:00+00:00, run_after=2026-07-22 00:00:00+00:00
[2026-07-21T14:34:49.309+0000] {processor.py:208} INFO - Processing /opt/airflow/dags/tmdb_incremental_sync.py took 0.152 seconds
[2026-07-21T14:35:19.632+0000] {processor.py:186} INFO - Started process (PID=34817) to work on /opt/airflow/dags/tmdb_incremental_sync.py
[2026-07-21T14:35:19.633+0000] {processor.py:914} INFO - Processing file /opt/airflow/dags/tmdb_incremental_sync.py for tasks to queue
[2026-07-21T14:35:19.638+0000] {logging_mixin.py:190} INFO - [2026-07-21T14:35:19.637+0000] {dagbag.py:587} INFO - Filling up the DagBag from /opt/airflow/dags/tmdb_incremental_sync.py
[2026-07-21T14:35:19.667+0000] {processor.py:925} INFO - DAG(s) 'tmdb_incremental_sync' retrieved from /opt/airflow/dags/tmdb_incremental_sync.py
[2026-07-21T14:35:19.710+0000] {logging_mixin.py:190} INFO - [2026-07-21T14:35:19.709+0000] {dag.py:3211} INFO - Sync 1 DAGs
[2026-07-21T14:35:19.746+0000] {logging_mixin.py:190} INFO - [2026-07-21T14:35:19.746+0000] {dag.py:4138} INFO - Setting next_dagrun for tmdb_incremental_sync to 2026-07-21 00:00:00+00:00, run_after=2026-07-22 00:00:00+00:00
[2026-07-21T14:35:19.773+0000] {processor.py:208} INFO - Processing /opt/airflow/dags/tmdb_incremental_sync.py took 0.150 seconds
[2026-07-21T14:35:50.094+0000] {processor.py:186} INFO - Started process (PID=34827) to work on /opt/airflow/dags/tmdb_incremental_sync.py
[2026-07-21T14:35:50.095+0000] {processor.py:914} INFO - Processing file /opt/airflow/dags/tmdb_incremental_sync.py for tasks to queue
[2026-07-21T14:35:50.099+0000] {logging_mixin.py:190} INFO - [2026-07-21T14:35:50.098+0000] {dagbag.py:587} INFO - Filling up the DagBag from /opt/airflow/dags/tmdb_incremental_sync.py
[2026-07-21T14:35:50.129+0000] {processor.py:925} INFO - DAG(s) 'tmdb_incremental_sync' retrieved from /opt/airflow/dags/tmdb_incremental_sync.py
[2026-07-21T14:35:50.171+0000] {logging_mixin.py:190} INFO - [2026-07-21T14:35:50.171+0000] {dag.py:3211} INFO - Sync 1 DAGs
[2026-07-21T14:35:50.210+0000] {logging_mixin.py:190} INFO - [2026-07-21T14:35:50.210+0000] {dag.py:4138} INFO - Setting next_dagrun for tmdb_incremental_sync to 2026-07-21 00:00:00+00:00, run_after=2026-07-22 00:00:00+00:00
[2026-07-21T14:35:50.236+0000] {processor.py:208} INFO - Processing /opt/airflow/dags/tmdb_incremental_sync.py took 0.150 seconds
[2026-07-21T14:36:20.531+0000] {processor.py:186} INFO - Started process (PID=34837) to work on /opt/airflow/dags/tmdb_incremental_sync.py
[2026-07-21T14:36:20.533+0000] {processor.py:914} INFO - Processing file /opt/airflow/dags/tmdb_incremental_sync.py for tasks to queue
[2026-07-21T14:36:20.536+0000] {logging_mixin.py:190} INFO - [2026-07-21T14:36:20.536+0000] {dagbag.py:587} INFO - Filling up the DagBag from /opt/airflow/dags/tmdb_incremental_sync.py
[2026-07-21T14:36:20.566+0000] {processor.py:925} INFO - DAG(s) 'tmdb_incremental_sync' retrieved from /opt/airflow/dags/tmdb_incremental_sync.py
[2026-07-21T14:36:20.607+0000] {logging_mixin.py:190} INFO - [2026-07-21T14:36:20.607+0000] {dag.py:3211} INFO - Sync 1 DAGs
[2026-07-21T14:36:20.645+0000] {logging_mixin.py:190} INFO - [2026-07-21T14:36:20.645+0000] {dag.py:4138} INFO - Setting next_dagrun for tmdb_incremental_sync to 2026-07-21 00:00:00+00:00, run_after=2026-07-22 00:00:00+00:00
[2026-07-21T14:36:20.670+0000] {processor.py:208} INFO - Processing /opt/airflow/dags/tmdb_incremental_sync.py took 0.147 seconds
[2026-07-21T14:36:50.998+0000] {processor.py:186} INFO - Started process (PID=34847) to work on /opt/airflow/dags/tmdb_incremental_sync.py
[2026-07-21T14:36:50.999+0000] {processor.py:914} INFO - Processing file /opt/airflow/dags/tmdb_incremental_sync.py for tasks to queue
[2026-07-21T14:36:51.003+0000] {logging_mixin.py:190} INFO - [2026-07-21T14:36:51.002+0000] {dagbag.py:587} INFO - Filling up the DagBag from /opt/airflow/dags/tmdb_incremental_sync.py
[2026-07-21T14:36:51.036+0000] {processor.py:925} INFO - DAG(s) 'tmdb_incremental_sync' retrieved from /opt/airflow/dags/tmdb_incremental_sync.py
[2026-07-21T14:36:51.078+0000] {logging_mixin.py:190} INFO - [2026-07-21T14:36:51.078+0000] {dag.py:3211} INFO - Sync 1 DAGs
[2026-07-21T14:36:51.117+0000] {logging_mixin.py:190} INFO - [2026-07-21T14:36:51.117+0000] {dag.py:4138} INFO - Setting next_dagrun for tmdb_incremental_sync to 2026-07-21 00:00:00+00:00, run_after=2026-07-22 00:00:00+00:00
[2026-07-21T14:36:51.146+0000] {processor.py:208} INFO - Processing /opt/airflow/dags/tmdb_incremental_sync.py took 0.158 seconds
[2026-07-21T14:37:21.453+0000] {processor.py:186} INFO - Started process (PID=34857) to work on /opt/airflow/dags/tmdb_incremental_sync.py
[2026-07-21T14:37:21.454+0000] {processor.py:914} INFO - Processing file /opt/airflow/dags/tmdb_incremental_sync.py for tasks to queue
[2026-07-21T14:37:21.458+0000] {logging_mixin.py:190} INFO - [2026-07-21T14:37:21.457+0000] {dagbag.py:587} INFO - Filling up the DagBag from /opt/airflow/dags/tmdb_incremental_sync.py
[2026-07-21T14:37:21.488+0000] {processor.py:925} INFO - DAG(s) 'tmdb_incremental_sync' retrieved from /opt/airflow/dags/tmdb_incremental_sync.py
[2026-07-21T14:37:21.530+0000] {logging_mixin.py:190} INFO - [2026-07-21T14:37:21.530+0000] {dag.py:3211} INFO - Sync 1 DAGs
[2026-07-21T14:37:21.570+0000] {logging_mixin.py:190} INFO - [2026-07-21T14:37:21.570+0000] {dag.py:4138} INFO - Setting next_dagrun for tmdb_incremental_sync to 2026-07-21 00:00:00+00:00, run_after=2026-07-22 00:00:00+00:00
[2026-07-21T14:37:21.595+0000] {processor.py:208} INFO - Processing /opt/airflow/dags/tmdb_incremental_sync.py took 0.150 seconds
[2026-07-21T14:37:51.888+0000] {processor.py:186} INFO - Started process (PID=34867) to work on /opt/airflow/dags/tmdb_incremental_sync.py
[2026-07-21T14:37:51.889+0000] {processor.py:914} INFO - Processing file /opt/airflow/dags/tmdb_incremental_sync.py for tasks to queue
[2026-07-21T14:37:51.893+0000] {logging_mixin.py:190} INFO - [2026-07-21T14:37:51.892+0000] {dagbag.py:587} INFO - Filling up the DagBag from /opt/airflow/dags/tmdb_incremental_sync.py
[2026-07-21T14:37:51.923+0000] {processor.py:925} INFO - DAG(s) 'tmdb_incremental_sync' retrieved from /opt/airflow/dags/tmdb_incremental_sync.py
[2026-07-21T14:37:51.962+0000] {logging_mixin.py:190} INFO - [2026-07-21T14:37:51.962+0000] {dag.py:3211} INFO - Sync 1 DAGs
[2026-07-21T14:37:52.001+0000] {logging_mixin.py:190} INFO - [2026-07-21T14:37:52.001+0000] {dag.py:4138} INFO - Setting next_dagrun for tmdb_incremental_sync to 2026-07-21 00:00:00+00:00, run_after=2026-07-22 00:00:00+00:00
[2026-07-21T14:37:52.027+0000] {processor.py:208} INFO - Processing /opt/airflow/dags/tmdb_incremental_sync.py took 0.148 seconds
[2026-07-21T14:38:22.327+0000] {processor.py:186} INFO - Started process (PID=34877) to work on /opt/airflow/dags/tmdb_incremental_sync.py
[2026-07-21T14:38:22.328+0000] {processor.py:914} INFO - Processing file /opt/airflow/dags/tmdb_incremental_sync.py for tasks to queue
[2026-07-21T14:38:22.333+0000] {logging_mixin.py:190} INFO - [2026-07-21T14:38:22.332+0000] {dagbag.py:587} INFO - Filling up the DagBag from /opt/airflow/dags/tmdb_incremental_sync.py
[2026-07-21T14:38:22.364+0000] {processor.py:925} INFO - DAG(s) 'tmdb_incremental_sync' retrieved from /opt/airflow/dags/tmdb_incremental_sync.py
[2026-07-21T14:38:22.405+0000] {logging_mixin.py:190} INFO - [2026-07-21T14:38:22.405+0000] {dag.py:3211} INFO - Sync 1 DAGs
[2026-07-21T14:38:22.441+0000] {logging_mixin.py:190} INFO - [2026-07-21T14:38:22.441+0000] {dag.py:4138} INFO - Setting next_dagrun for tmdb_incremental_sync to 2026-07-21 00:00:00+00:00, run_after=2026-07-22 00:00:00+00:00
[2026-07-21T14:38:22.469+0000] {processor.py:208} INFO - Processing /opt/airflow/dags/tmdb_incremental_sync.py took 0.151 seconds
[2026-07-21T14:38:52.761+0000] {processor.py:186} INFO - Started process (PID=34887) to work on /opt/airflow/dags/tmdb_incremental_sync.py
[2026-07-21T14:38:52.763+0000] {processor.py:914} INFO - Processing file /opt/airflow/dags/tmdb_incremental_sync.py for tasks to queue
[2026-07-21T14:38:52.767+0000] {logging_mixin.py:190} INFO - [2026-07-21T14:38:52.767+0000] {dagbag.py:587} INFO - Filling up the DagBag from /opt/airflow/dags/tmdb_incremental_sync.py
[2026-07-21T14:38:52.796+0000] {processor.py:925} INFO - DAG(s) 'tmdb_incremental_sync' retrieved from /opt/airflow/dags/tmdb_incremental_sync.py
[2026-07-21T14:38:52.839+0000] {logging_mixin.py:190} INFO - [2026-07-21T14:38:52.838+0000] {dag.py:3211} INFO - Sync 1 DAGs
[2026-07-21T14:38:52.876+0000] {logging_mixin.py:190} INFO - [2026-07-21T14:38:52.876+0000] {dag.py:4138} INFO - Setting next_dagrun for tmdb_incremental_sync to 2026-07-21 00:00:00+00:00, run_after=2026-07-22 00:00:00+00:00
[2026-07-21T14:38:52.902+0000] {processor.py:208} INFO - Processing /opt/airflow/dags/tmdb_incremental_sync.py took 0.148 seconds
[2026-07-21T14:39:23.209+0000] {processor.py:186} INFO - Started process (PID=34897) to work on /opt/airflow/dags/tmdb_incremental_sync.py
[2026-07-21T14:39:23.211+0000] {processor.py:914} INFO - Processing file /opt/airflow/dags/tmdb_incremental_sync.py for tasks to queue
[2026-07-21T14:39:23.214+0000] {logging_mixin.py:190} INFO - [2026-07-21T14:39:23.214+0000] {dagbag.py:587} INFO - Filling up the DagBag from /opt/airflow/dags/tmdb_incremental_sync.py
[2026-07-21T14:39:23.244+0000] {processor.py:925} INFO - DAG(s) 'tmdb_incremental_sync' retrieved from /opt/airflow/dags/tmdb_incremental_sync.py
[2026-07-21T14:39:23.284+0000] {logging_mixin.py:190} INFO - [2026-07-21T14:39:23.284+0000] {dag.py:3211} INFO - Sync 1 DAGs
[2026-07-21T14:39:23.322+0000] {logging_mixin.py:190} INFO - [2026-07-21T14:39:23.322+0000] {dag.py:4138} INFO - Setting next_dagrun for tmdb_incremental_sync to 2026-07-21 00:00:00+00:00, run_after=2026-07-22 00:00:00+00:00
[2026-07-21T14:39:23.348+0000] {processor.py:208} INFO - Processing /opt/airflow/dags/tmdb_incremental_sync.py took 0.147 seconds
[2026-07-21T14:39:53.676+0000] {processor.py:186} INFO - Started process (PID=34907) to work on /opt/airflow/dags/tmdb_incremental_sync.py
[2026-07-21T14:39:53.678+0000] {processor.py:914} INFO - Processing file /opt/airflow/dags/tmdb_incremental_sync.py for tasks to queue
[2026-07-21T14:39:53.681+0000] {logging_mixin.py:190} INFO - [2026-07-21T14:39:53.681+0000] {dagbag.py:587} INFO - Filling up the DagBag from /opt/airflow/dags/tmdb_incremental_sync.py
[2026-07-21T14:39:53.712+0000] {processor.py:925} INFO - DAG(s) 'tmdb_incremental_sync' retrieved from /opt/airflow/dags/tmdb_incremental_sync.py
[2026-07-21T14:39:53.755+0000] {logging_mixin.py:190} INFO - [2026-07-21T14:39:53.754+0000] {dag.py:3211} INFO - Sync 1 DAGs
[2026-07-21T14:39:53.792+0000] {logging_mixin.py:190} INFO - [2026-07-21T14:39:53.791+0000] {dag.py:4138} INFO - Setting next_dagrun for tmdb_incremental_sync to 2026-07-21 00:00:00+00:00, run_after=2026-07-22 00:00:00+00:00
[2026-07-21T14:39:53.819+0000] {processor.py:208} INFO - Processing /opt/airflow/dags/tmdb_incremental_sync.py took 0.151 seconds
[2026-07-21T14:40:24.127+0000] {processor.py:186} INFO - Started process (PID=34917) to work on /opt/airflow/dags/tmdb_incremental_sync.py
[2026-07-21T14:40:24.129+0000] {processor.py:914} INFO - Processing file /opt/airflow/dags/tmdb_incremental_sync.py for tasks to queue
[2026-07-21T14:40:24.132+0000] {logging_mixin.py:190} INFO - [2026-07-21T14:40:24.132+0000] {dagbag.py:587} INFO - Filling up the DagBag from /opt/airflow/dags/tmdb_incremental_sync.py
[2026-07-21T14:40:24.164+0000] {processor.py:925} INFO - DAG(s) 'tmdb_incremental_sync' retrieved from /opt/airflow/dags/tmdb_incremental_sync.py
[2026-07-21T14:40:24.204+0000] {logging_mixin.py:190} INFO - [2026-07-21T14:40:24.204+0000] {dag.py:3211} INFO - Sync 1 DAGs
[2026-07-21T14:40:24.243+0000] {logging_mixin.py:190} INFO - [2026-07-21T14:40:24.242+0000] {dag.py:4138} INFO - Setting next_dagrun for tmdb_incremental_sync to 2026-07-21 00:00:00+00:00, run_after=2026-07-22 00:00:00+00:00
[2026-07-21T14:40:24.268+0000] {processor.py:208} INFO - Processing /opt/airflow/dags/tmdb_incremental_sync.py took 0.150 seconds
[2026-07-21T14:40:54.572+0000] {processor.py:186} INFO - Started process (PID=34927) to work on /opt/airflow/dags/tmdb_incremental_sync.py
[2026-07-21T14:40:54.574+0000] {processor.py:914} INFO - Processing file /opt/airflow/dags/tmdb_incremental_sync.py for tasks to queue
[2026-07-21T14:40:54.577+0000] {logging_mixin.py:190} INFO - [2026-07-21T14:40:54.577+0000] {dagbag.py:587} INFO - Filling up the DagBag from /opt/airflow/dags/tmdb_incremental_sync.py
[2026-07-21T14:40:54.609+0000] {processor.py:925} INFO - DAG(s) 'tmdb_incremental_sync' retrieved from /opt/airflow/dags/tmdb_incremental_sync.py
[2026-07-21T14:40:54.651+0000] {logging_mixin.py:190} INFO - [2026-07-21T14:40:54.651+0000] {dag.py:3211} INFO - Sync 1 DAGs
[2026-07-21T14:40:54.694+0000] {logging_mixin.py:190} INFO - [2026-07-21T14:40:54.694+0000] {dag.py:4138} INFO - Setting next_dagrun for tmdb_incremental_sync to 2026-07-21 00:00:00+00:00, run_after=2026-07-22 00:00:00+00:00
[2026-07-21T14:40:54.724+0000] {processor.py:208} INFO - Processing /opt/airflow/dags/tmdb_incremental_sync.py took 0.161 seconds
[2026-07-21T14:41:25.081+0000] {processor.py:186} INFO - Started process (PID=34937) to work on /opt/airflow/dags/tmdb_incremental_sync.py
[2026-07-21T14:41:25.083+0000] {processor.py:914} INFO - Processing file /opt/airflow/dags/tmdb_incremental_sync.py for tasks to queue
[2026-07-21T14:41:25.087+0000] {logging_mixin.py:190} INFO - [2026-07-21T14:41:25.086+0000] {dagbag.py:587} INFO - Filling up the DagBag from /opt/airflow/dags/tmdb_incremental_sync.py
[2026-07-21T14:41:25.117+0000] {processor.py:925} INFO - DAG(s) 'tmdb_incremental_sync' retrieved from /opt/airflow/dags/tmdb_incremental_sync.py
[2026-07-21T14:41:25.158+0000] {logging_mixin.py:190} INFO - [2026-07-21T14:41:25.158+0000] {dag.py:3211} INFO - Sync 1 DAGs
[2026-07-21T14:41:25.197+0000] {logging_mixin.py:190} INFO - [2026-07-21T14:41:25.197+0000] {dag.py:4138} INFO - Setting next_dagrun for tmdb_incremental_sync to 2026-07-21 00:00:00+00:00, run_after=2026-07-22 00:00:00+00:00
[2026-07-21T14:41:25.225+0000] {processor.py:208} INFO - Processing /opt/airflow/dags/tmdb_incremental_sync.py took 0.152 seconds
[2026-07-21T14:42:42.820+0000] {processor.py:186} INFO - Started process (PID=34947) to work on /opt/airflow/dags/tmdb_incremental_sync.py
[2026-07-21T14:42:42.821+0000] {processor.py:914} INFO - Processing file /opt/airflow/dags/tmdb_incremental_sync.py for tasks to queue
[2026-07-21T14:42:42.824+0000] {logging_mixin.py:190} INFO - [2026-07-21T14:42:42.824+0000] {dagbag.py:587} INFO - Filling up the DagBag from /opt/airflow/dags/tmdb_incremental_sync.py
[2026-07-21T14:42:42.854+0000] {processor.py:925} INFO - DAG(s) 'tmdb_incremental_sync' retrieved from /opt/airflow/dags/tmdb_incremental_sync.py
[2026-07-21T14:42:42.896+0000] {logging_mixin.py:190} INFO - [2026-07-21T14:42:42.896+0000] {dag.py:3211} INFO - Sync 1 DAGs
[2026-07-21T14:42:42.933+0000] {logging_mixin.py:190} INFO - [2026-07-21T14:42:42.933+0000] {dag.py:4138} INFO - Setting next_dagrun for tmdb_incremental_sync to 2026-07-21 00:00:00+00:00, run_after=2026-07-22 00:00:00+00:00
[2026-07-21T14:42:42.959+0000] {processor.py:208} INFO - Processing /opt/airflow/dags/tmdb_incremental_sync.py took 0.147 seconds
[2026-07-21T15:13:35.609+0000] {processor.py:186} INFO - Started process (PID=34957) to work on /opt/airflow/dags/tmdb_incremental_sync.py
[2026-07-21T15:13:35.618+0000] {processor.py:914} INFO - Processing file /opt/airflow/dags/tmdb_incremental_sync.py for tasks to queue
[2026-07-21T15:13:35.637+0000] {logging_mixin.py:190} INFO - [2026-07-21T15:13:35.635+0000] {dagbag.py:587} INFO - Filling up the DagBag from /opt/airflow/dags/tmdb_incremental_sync.py
[2026-07-21T15:13:35.781+0000] {processor.py:925} INFO - DAG(s) 'tmdb_incremental_sync' retrieved from /opt/airflow/dags/tmdb_incremental_sync.py
[2026-07-21T15:13:35.974+0000] {logging_mixin.py:190} INFO - [2026-07-21T15:13:35.973+0000] {dag.py:3211} INFO - Sync 1 DAGs
[2026-07-21T15:13:36.165+0000] {logging_mixin.py:190} INFO - [2026-07-21T15:13:36.163+0000] {dag.py:4138} INFO - Setting next_dagrun for tmdb_incremental_sync to 2026-07-21 00:00:00+00:00, run_after=2026-07-22 00:00:00+00:00
[2026-07-21T15:13:36.285+0000] {processor.py:208} INFO - Processing /opt/airflow/dags/tmdb_incremental_sync.py took 0.719 seconds
[2026-07-21T15:14:07.025+0000] {processor.py:186} INFO - Started process (PID=34967) to work on /opt/airflow/dags/tmdb_incremental_sync.py
[2026-07-21T15:14:07.031+0000] {processor.py:914} INFO - Processing file /opt/airflow/dags/tmdb_incremental_sync.py for tasks to queue
[2026-07-21T15:14:07.046+0000] {logging_mixin.py:190} INFO - [2026-07-21T15:14:07.044+0000] {dagbag.py:587} INFO - Filling up the DagBag from /opt/airflow/dags/tmdb_incremental_sync.py
[2026-07-21T15:14:07.130+0000] {processor.py:925} INFO - DAG(s) 'tmdb_incremental_sync' retrieved from /opt/airflow/dags/tmdb_incremental_sync.py
[2026-07-21T15:14:07.240+0000] {logging_mixin.py:190} INFO - [2026-07-21T15:14:07.240+0000] {dag.py:3211} INFO - Sync 1 DAGs
[2026-07-21T15:14:07.351+0000] {logging_mixin.py:190} INFO - [2026-07-21T15:14:07.350+0000] {dag.py:4138} INFO - Setting next_dagrun for tmdb_incremental_sync to 2026-07-21 00:00:00+00:00, run_after=2026-07-22 00:00:00+00:00
[2026-07-21T15:14:07.419+0000] {processor.py:208} INFO - Processing /opt/airflow/dags/tmdb_incremental_sync.py took 0.433 seconds
[2026-07-21T15:14:37.849+0000] {processor.py:186} INFO - Started process (PID=34977) to work on /opt/airflow/dags/tmdb_incremental_sync.py
[2026-07-21T15:14:37.853+0000] {processor.py:914} INFO - Processing file /opt/airflow/dags/tmdb_incremental_sync.py for tasks to queue
[2026-07-21T15:14:37.863+0000] {logging_mixin.py:190} INFO - [2026-07-21T15:14:37.861+0000] {dagbag.py:587} INFO - Filling up the DagBag from /opt/airflow/dags/tmdb_incremental_sync.py
[2026-07-21T15:14:37.960+0000] {processor.py:925} INFO - DAG(s) 'tmdb_incremental_sync' retrieved from /opt/airflow/dags/tmdb_incremental_sync.py
[2026-07-21T15:14:38.091+0000] {logging_mixin.py:190} INFO - [2026-07-21T15:14:38.090+0000] {dag.py:3211} INFO - Sync 1 DAGs
[2026-07-21T15:14:38.213+0000] {logging_mixin.py:190} INFO - [2026-07-21T15:14:38.212+0000] {dag.py:4138} INFO - Setting next_dagrun for tmdb_incremental_sync to 2026-07-21 00:00:00+00:00, run_after=2026-07-22 00:00:00+00:00
[2026-07-21T15:14:38.297+0000] {processor.py:208} INFO - Processing /opt/airflow/dags/tmdb_incremental_sync.py took 0.481 seconds
[2026-07-21T15:15:08.868+0000] {processor.py:186} INFO - Started process (PID=34987) to work on /opt/airflow/dags/tmdb_incremental_sync.py
[2026-07-21T15:15:08.872+0000] {processor.py:914} INFO - Processing file /opt/airflow/dags/tmdb_incremental_sync.py for tasks to queue
[2026-07-21T15:15:08.883+0000] {logging_mixin.py:190} INFO - [2026-07-21T15:15:08.881+0000] {dagbag.py:587} INFO - Filling up the DagBag from /opt/airflow/dags/tmdb_incremental_sync.py
[2026-07-21T15:15:08.966+0000] {processor.py:925} INFO - DAG(s) 'tmdb_incremental_sync' retrieved from /opt/airflow/dags/tmdb_incremental_sync.py
[2026-07-21T15:15:09.082+0000] {logging_mixin.py:190} INFO - [2026-07-21T15:15:09.081+0000] {dag.py:3211} INFO - Sync 1 DAGs
[2026-07-21T15:15:09.183+0000] {logging_mixin.py:190} INFO - [2026-07-21T15:15:09.182+0000] {dag.py:4138} INFO - Setting next_dagrun for tmdb_incremental_sync to 2026-07-21 00:00:00+00:00, run_after=2026-07-22 00:00:00+00:00
[2026-07-21T15:15:09.258+0000] {processor.py:208} INFO - Processing /opt/airflow/dags/tmdb_incremental_sync.py took 0.416 seconds
[2026-07-21T15:15:39.677+0000] {processor.py:186} INFO - Started process (PID=34997) to work on /opt/airflow/dags/tmdb_incremental_sync.py
[2026-07-21T15:15:39.680+0000] {processor.py:914} INFO - Processing file /opt/airflow/dags/tmdb_incremental_sync.py for tasks to queue
[2026-07-21T15:15:39.687+0000] {logging_mixin.py:190} INFO - [2026-07-21T15:15:39.686+0000] {dagbag.py:587} INFO - Filling up the DagBag from /opt/airflow/dags/tmdb_incremental_sync.py
[2026-07-21T15:15:39.755+0000] {processor.py:925} INFO - DAG(s) 'tmdb_incremental_sync' retrieved from /opt/airflow/dags/tmdb_incremental_sync.py
[2026-07-21T15:15:39.835+0000] {logging_mixin.py:190} INFO - [2026-07-21T15:15:39.835+0000] {dag.py:3211} INFO - Sync 1 DAGs
[2026-07-21T15:15:39.909+0000] {logging_mixin.py:190} INFO - [2026-07-21T15:15:39.908+0000] {dag.py:4138} INFO - Setting next_dagrun for tmdb_incremental_sync to 2026-07-21 00:00:00+00:00, run_after=2026-07-22 00:00:00+00:00
[2026-07-21T15:15:39.963+0000] {processor.py:208} INFO - Processing /opt/airflow/dags/tmdb_incremental_sync.py took 0.304 seconds
[2026-07-21T15:16:10.327+0000] {processor.py:186} INFO - Started process (PID=35007) to work on /opt/airflow/dags/tmdb_incremental_sync.py
[2026-07-21T15:16:10.329+0000] {processor.py:914} INFO - Processing file /opt/airflow/dags/tmdb_incremental_sync.py for tasks to queue
[2026-07-21T15:16:10.335+0000] {logging_mixin.py:190} INFO - [2026-07-21T15:16:10.334+0000] {dagbag.py:587} INFO - Filling up the DagBag from /opt/airflow/dags/tmdb_incremental_sync.py
[2026-07-21T15:16:10.392+0000] {processor.py:925} INFO - DAG(s) 'tmdb_incremental_sync' retrieved from /opt/airflow/dags/tmdb_incremental_sync.py
[2026-07-21T15:16:10.463+0000] {logging_mixin.py:190} INFO - [2026-07-21T15:16:10.463+0000] {dag.py:3211} INFO - Sync 1 DAGs
[2026-07-21T15:16:10.529+0000] {logging_mixin.py:190} INFO - [2026-07-21T15:16:10.529+0000] {dag.py:4138} INFO - Setting next_dagrun for tmdb_incremental_sync to 2026-07-21 00:00:00+00:00, run_after=2026-07-22 00:00:00+00:00
[2026-07-21T15:16:10.577+0000] {processor.py:208} INFO - Processing /opt/airflow/dags/tmdb_incremental_sync.py took 0.265 seconds
[2026-07-21T15:16:40.938+0000] {processor.py:186} INFO - Started process (PID=35017) to work on /opt/airflow/dags/tmdb_incremental_sync.py
[2026-07-21T15:16:40.940+0000] {processor.py:914} INFO - Processing file /opt/airflow/dags/tmdb_incremental_sync.py for tasks to queue
[2026-07-21T15:16:40.947+0000] {logging_mixin.py:190} INFO - [2026-07-21T15:16:40.946+0000] {dagbag.py:587} INFO - Filling up the DagBag from /opt/airflow/dags/tmdb_incremental_sync.py
[2026-07-21T15:16:41.009+0000] {processor.py:925} INFO - DAG(s) 'tmdb_incremental_sync' retrieved from /opt/airflow/dags/tmdb_incremental_sync.py
[2026-07-21T15:16:41.087+0000] {logging_mixin.py:190} INFO - [2026-07-21T15:16:41.086+0000] {dag.py:3211} INFO - Sync 1 DAGs
[2026-07-21T15:16:41.155+0000] {logging_mixin.py:190} INFO - [2026-07-21T15:16:41.154+0000] {dag.py:4138} INFO - Setting next_dagrun for tmdb_incremental_sync to 2026-07-21 00:00:00+00:00, run_after=2026-07-22 00:00:00+00:00
[2026-07-21T15:16:41.207+0000] {processor.py:208} INFO - Processing /opt/airflow/dags/tmdb_incremental_sync.py took 0.285 seconds
[2026-07-21T15:17:11.728+0000] {processor.py:186} INFO - Started process (PID=35027) to work on /opt/airflow/dags/tmdb_incremental_sync.py
[2026-07-21T15:17:11.732+0000] {processor.py:914} INFO - Processing file /opt/airflow/dags/tmdb_incremental_sync.py for tasks to queue
[2026-07-21T15:17:11.744+0000] {logging_mixin.py:190} INFO - [2026-07-21T15:17:11.742+0000] {dagbag.py:587} INFO - Filling up the DagBag from /opt/airflow/dags/tmdb_incremental_sync.py
[2026-07-21T15:17:11.832+0000] {processor.py:925} INFO - DAG(s) 'tmdb_incremental_sync' retrieved from /opt/airflow/dags/tmdb_incremental_sync.py
[2026-07-21T15:17:11.992+0000] {logging_mixin.py:190} INFO - [2026-07-21T15:17:11.990+0000] {dag.py:3211} INFO - Sync 1 DAGs
[2026-07-21T15:17:12.173+0000] {logging_mixin.py:190} INFO - [2026-07-21T15:17:12.172+0000] {dag.py:4138} INFO - Setting next_dagrun for tmdb_incremental_sync to 2026-07-21 00:00:00+00:00, run_after=2026-07-22 00:00:00+00:00
[2026-07-21T15:17:12.244+0000] {processor.py:208} INFO - Processing /opt/airflow/dags/tmdb_incremental_sync.py took 0.538 seconds
[2026-07-21T15:17:42.682+0000] {processor.py:186} INFO - Started process (PID=35037) to work on /opt/airflow/dags/tmdb_incremental_sync.py
[2026-07-21T15:17:42.685+0000] {processor.py:914} INFO - Processing file /opt/airflow/dags/tmdb_incremental_sync.py for tasks to queue
[2026-07-21T15:17:42.696+0000] {logging_mixin.py:190} INFO - [2026-07-21T15:17:42.695+0000] {dagbag.py:587} INFO - Filling up the DagBag from /opt/airflow/dags/tmdb_incremental_sync.py
[2026-07-21T15:17:42.769+0000] {processor.py:925} INFO - DAG(s) 'tmdb_incremental_sync' retrieved from /opt/airflow/dags/tmdb_incremental_sync.py
[2026-07-21T15:17:42.869+0000] {logging_mixin.py:190} INFO - [2026-07-21T15:17:42.868+0000] {dag.py:3211} INFO - Sync 1 DAGs
[2026-07-21T15:17:42.965+0000] {logging_mixin.py:190} INFO - [2026-07-21T15:17:42.965+0000] {dag.py:4138} INFO - Setting next_dagrun for tmdb_incremental_sync to 2026-07-21 00:00:00+00:00, run_after=2026-07-22 00:00:00+00:00
[2026-07-21T15:17:43.028+0000] {processor.py:208} INFO - Processing /opt/airflow/dags/tmdb_incremental_sync.py took 0.367 seconds
[2026-07-21T15:18:13.451+0000] {processor.py:186} INFO - Started process (PID=35047) to work on /opt/airflow/dags/tmdb_incremental_sync.py
[2026-07-21T15:18:13.454+0000] {processor.py:914} INFO - Processing file /opt/airflow/dags/tmdb_incremental_sync.py for tasks to queue
[2026-07-21T15:18:13.461+0000] {logging_mixin.py:190} INFO - [2026-07-21T15:18:13.460+0000] {dagbag.py:587} INFO - Filling up the DagBag from /opt/airflow/dags/tmdb_incremental_sync.py
[2026-07-21T15:18:13.530+0000] {processor.py:925} INFO - DAG(s) 'tmdb_incremental_sync' retrieved from /opt/airflow/dags/tmdb_incremental_sync.py
[2026-07-21T15:18:13.619+0000] {logging_mixin.py:190} INFO - [2026-07-21T15:18:13.618+0000] {dag.py:3211} INFO - Sync 1 DAGs
[2026-07-21T15:18:13.691+0000] {logging_mixin.py:190} INFO - [2026-07-21T15:18:13.690+0000] {dag.py:4138} INFO - Setting next_dagrun for tmdb_incremental_sync to 2026-07-21 00:00:00+00:00, run_after=2026-07-22 00:00:00+00:00
[2026-07-21T15:18:13.742+0000] {processor.py:208} INFO - Processing /opt/airflow/dags/tmdb_incremental_sync.py took 0.316 seconds
[2026-07-21T15:18:44.100+0000] {processor.py:186} INFO - Started process (PID=35057) to work on /opt/airflow/dags/tmdb_incremental_sync.py
[2026-07-21T15:18:44.102+0000] {processor.py:914} INFO - Processing file /opt/airflow/dags/tmdb_incremental_sync.py for tasks to queue
[2026-07-21T15:18:44.107+0000] {logging_mixin.py:190} INFO - [2026-07-21T15:18:44.106+0000] {dagbag.py:587} INFO - Filling up the DagBag from /opt/airflow/dags/tmdb_incremental_sync.py
[2026-07-21T15:18:44.150+0000] {processor.py:925} INFO - DAG(s) 'tmdb_incremental_sync' retrieved from /opt/airflow/dags/tmdb_incremental_sync.py
[2026-07-21T15:18:44.208+0000] {logging_mixin.py:190} INFO - [2026-07-21T15:18:44.208+0000] {dag.py:3211} INFO - Sync 1 DAGs
[2026-07-21T15:18:44.262+0000] {logging_mixin.py:190} INFO - [2026-07-21T15:18:44.261+0000] {dag.py:4138} INFO - Setting next_dagrun for tmdb_incremental_sync to 2026-07-21 00:00:00+00:00, run_after=2026-07-22 00:00:00+00:00
[2026-07-21T15:18:44.300+0000] {processor.py:208} INFO - Processing /opt/airflow/dags/tmdb_incremental_sync.py took 0.214 seconds
[2026-07-21T15:19:14.668+0000] {processor.py:186} INFO - Started process (PID=35067) to work on /opt/airflow/dags/tmdb_incremental_sync.py
[2026-07-21T15:19:14.671+0000] {processor.py:914} INFO - Processing file /opt/airflow/dags/tmdb_incremental_sync.py for tasks to queue
[2026-07-21T15:19:14.679+0000] {logging_mixin.py:190} INFO - [2026-07-21T15:19:14.678+0000] {dagbag.py:587} INFO - Filling up the DagBag from /opt/airflow/dags/tmdb_incremental_sync.py
[2026-07-21T15:19:14.743+0000] {processor.py:925} INFO - DAG(s) 'tmdb_incremental_sync' retrieved from /opt/airflow/dags/tmdb_incremental_sync.py
[2026-07-21T15:19:14.830+0000] {logging_mixin.py:190} INFO - [2026-07-21T15:19:14.829+0000] {dag.py:3211} INFO - Sync 1 DAGs
[2026-07-21T15:19:14.915+0000] {logging_mixin.py:190} INFO - [2026-07-21T15:19:14.914+0000] {dag.py:4138} INFO - Setting next_dagrun for tmdb_incremental_sync to 2026-07-21 00:00:00+00:00, run_after=2026-07-22 00:00:00+00:00
[2026-07-21T15:19:14.974+0000] {processor.py:208} INFO - Processing /opt/airflow/dags/tmdb_incremental_sync.py took 0.323 seconds
[2026-07-21T15:19:45.339+0000] {processor.py:186} INFO - Started process (PID=35077) to work on /opt/airflow/dags/tmdb_incremental_sync.py
[2026-07-21T15:19:45.341+0000] {processor.py:914} INFO - Processing file /opt/airflow/dags/tmdb_incremental_sync.py for tasks to queue
[2026-07-21T15:19:45.347+0000] {logging_mixin.py:190} INFO - [2026-07-21T15:19:45.346+0000] {dagbag.py:587} INFO - Filling up the DagBag from /opt/airflow/dags/tmdb_incremental_sync.py
[2026-07-21T15:19:45.394+0000] {processor.py:925} INFO - DAG(s) 'tmdb_incremental_sync' retrieved from /opt/airflow/dags/tmdb_incremental_sync.py
[2026-07-21T15:19:45.458+0000] {logging_mixin.py:190} INFO - [2026-07-21T15:19:45.457+0000] {dag.py:3211} INFO - Sync 1 DAGs
[2026-07-21T15:19:45.517+0000] {logging_mixin.py:190} INFO - [2026-07-21T15:19:45.516+0000] {dag.py:4138} INFO - Setting next_dagrun for tmdb_incremental_sync to 2026-07-21 00:00:00+00:00, run_after=2026-07-22 00:00:00+00:00
[2026-07-21T15:19:45.557+0000] {processor.py:208} INFO - Processing /opt/airflow/dags/tmdb_incremental_sync.py took 0.230 seconds
[2026-07-21T15:20:15.878+0000] {processor.py:186} INFO - Started process (PID=35087) to work on /opt/airflow/dags/tmdb_incremental_sync.py
[2026-07-21T15:20:15.882+0000] {processor.py:914} INFO - Processing file /opt/airflow/dags/tmdb_incremental_sync.py for tasks to queue
[2026-07-21T15:20:15.891+0000] {logging_mixin.py:190} INFO - [2026-07-21T15:20:15.890+0000] {dagbag.py:587} INFO - Filling up the DagBag from /opt/airflow/dags/tmdb_incremental_sync.py
[2026-07-21T15:20:15.942+0000] {processor.py:925} INFO - DAG(s) 'tmdb_incremental_sync' retrieved from /opt/airflow/dags/tmdb_incremental_sync.py
[2026-07-21T15:20:16.007+0000] {logging_mixin.py:190} INFO - [2026-07-21T15:20:16.006+0000] {dag.py:3211} INFO - Sync 1 DAGs
[2026-07-21T15:20:16.067+0000] {logging_mixin.py:190} INFO - [2026-07-21T15:20:16.066+0000] {dag.py:4138} INFO - Setting next_dagrun for tmdb_incremental_sync to 2026-07-21 00:00:00+00:00, run_after=2026-07-22 00:00:00+00:00
[2026-07-21T15:20:16.110+0000] {processor.py:208} INFO - Processing /opt/airflow/dags/tmdb_incremental_sync.py took 0.245 seconds
[2026-07-21T15:20:46.443+0000] {processor.py:186} INFO - Started process (PID=35097) to work on /opt/airflow/dags/tmdb_incremental_sync.py
[2026-07-21T15:20:46.445+0000] {processor.py:914} INFO - Processing file /opt/airflow/dags/tmdb_incremental_sync.py for tasks to queue
[2026-07-21T15:20:46.450+0000] {logging_mixin.py:190} INFO - [2026-07-21T15:20:46.449+0000] {dagbag.py:587} INFO - Filling up the DagBag from /opt/airflow/dags/tmdb_incremental_sync.py
[2026-07-21T15:20:46.493+0000] {processor.py:925} INFO - DAG(s) 'tmdb_incremental_sync' retrieved from /opt/airflow/dags/tmdb_incremental_sync.py
[2026-07-21T15:20:46.554+0000] {logging_mixin.py:190} INFO - [2026-07-21T15:20:46.554+0000] {dag.py:3211} INFO - Sync 1 DAGs
[2026-07-21T15:20:46.607+0000] {logging_mixin.py:190} INFO - [2026-07-21T15:20:46.606+0000] {dag.py:4138} INFO - Setting next_dagrun for tmdb_incremental_sync to 2026-07-21 00:00:00+00:00, run_after=2026-07-22 00:00:00+00:00
[2026-07-21T15:20:46.647+0000] {processor.py:208} INFO - Processing /opt/airflow/dags/tmdb_incremental_sync.py took 0.217 seconds
[2026-07-21T15:21:16.980+0000] {processor.py:186} INFO - Started process (PID=35107) to work on /opt/airflow/dags/tmdb_incremental_sync.py
[2026-07-21T15:21:16.982+0000] {processor.py:914} INFO - Processing file /opt/airflow/dags/tmdb_incremental_sync.py for tasks to queue
[2026-07-21T15:21:16.987+0000] {logging_mixin.py:190} INFO - [2026-07-21T15:21:16.986+0000] {dagbag.py:587} INFO - Filling up the DagBag from /opt/airflow/dags/tmdb_incremental_sync.py
[2026-07-21T15:21:17.028+0000] {processor.py:925} INFO - DAG(s) 'tmdb_incremental_sync' retrieved from /opt/airflow/dags/tmdb_incremental_sync.py
[2026-07-21T15:21:17.085+0000] {logging_mixin.py:190} INFO - [2026-07-21T15:21:17.085+0000] {dag.py:3211} INFO - Sync 1 DAGs
[2026-07-21T15:21:17.137+0000] {logging_mixin.py:190} INFO - [2026-07-21T15:21:17.136+0000] {dag.py:4138} INFO - Setting next_dagrun for tmdb_incremental_sync to 2026-07-21 00:00:00+00:00, run_after=2026-07-22 00:00:00+00:00
[2026-07-21T15:21:17.173+0000] {processor.py:208} INFO - Processing /opt/airflow/dags/tmdb_incremental_sync.py took 0.205 seconds
[2026-07-21T15:21:47.477+0000] {processor.py:186} INFO - Started process (PID=35117) to work on /opt/airflow/dags/tmdb_incremental_sync.py
[2026-07-21T15:21:47.479+0000] {processor.py:914} INFO - Processing file /opt/airflow/dags/tmdb_incremental_sync.py for tasks to queue
[2026-07-21T15:21:47.483+0000] {logging_mixin.py:190} INFO - [2026-07-21T15:21:47.482+0000] {dagbag.py:587} INFO - Filling up the DagBag from /opt/airflow/dags/tmdb_incremental_sync.py
[2026-07-21T15:21:47.523+0000] {processor.py:925} INFO - DAG(s) 'tmdb_incremental_sync' retrieved from /opt/airflow/dags/tmdb_incremental_sync.py
[2026-07-21T15:21:47.575+0000] {logging_mixin.py:190} INFO - [2026-07-21T15:21:47.575+0000] {dag.py:3211} INFO - Sync 1 DAGs
[2026-07-21T15:21:47.629+0000] {logging_mixin.py:190} INFO - [2026-07-21T15:21:47.628+0000] {dag.py:4138} INFO - Setting next_dagrun for tmdb_incremental_sync to 2026-07-21 00:00:00+00:00, run_after=2026-07-22 00:00:00+00:00
[2026-07-21T15:21:47.664+0000] {processor.py:208} INFO - Processing /opt/airflow/dags/tmdb_incremental_sync.py took 0.198 seconds
[2026-07-21T15:22:17.972+0000] {processor.py:186} INFO - Started process (PID=35127) to work on /opt/airflow/dags/tmdb_incremental_sync.py
[2026-07-21T15:22:17.974+0000] {processor.py:914} INFO - Processing file /opt/airflow/dags/tmdb_incremental_sync.py for tasks to queue
[2026-07-21T15:22:17.979+0000] {logging_mixin.py:190} INFO - [2026-07-21T15:22:17.978+0000] {dagbag.py:587} INFO - Filling up the DagBag from /opt/airflow/dags/tmdb_incremental_sync.py
[2026-07-21T15:22:18.018+0000] {processor.py:925} INFO - DAG(s) 'tmdb_incremental_sync' retrieved from /opt/airflow/dags/tmdb_incremental_sync.py
[2026-07-21T15:22:18.070+0000] {logging_mixin.py:190} INFO - [2026-07-21T15:22:18.069+0000] {dag.py:3211} INFO - Sync 1 DAGs
[2026-07-21T15:22:18.116+0000] {logging_mixin.py:190} INFO - [2026-07-21T15:22:18.116+0000] {dag.py:4138} INFO - Setting next_dagrun for tmdb_incremental_sync to 2026-07-21 00:00:00+00:00, run_after=2026-07-22 00:00:00+00:00
[2026-07-21T15:22:18.154+0000] {processor.py:208} INFO - Processing /opt/airflow/dags/tmdb_incremental_sync.py took 0.192 seconds
[2026-07-21T15:22:48.461+0000] {processor.py:186} INFO - Started process (PID=35137) to work on /opt/airflow/dags/tmdb_incremental_sync.py
[2026-07-21T15:22:48.463+0000] {processor.py:914} INFO - Processing file /opt/airflow/dags/tmdb_incremental_sync.py for tasks to queue
[2026-07-21T15:22:48.467+0000] {logging_mixin.py:190} INFO - [2026-07-21T15:22:48.466+0000] {dagbag.py:587} INFO - Filling up the DagBag from /opt/airflow/dags/tmdb_incremental_sync.py
[2026-07-21T15:22:48.504+0000] {processor.py:925} INFO - DAG(s) 'tmdb_incremental_sync' retrieved from /opt/airflow/dags/tmdb_incremental_sync.py
[2026-07-21T15:22:48.554+0000] {logging_mixin.py:190} INFO - [2026-07-21T15:22:48.554+0000] {dag.py:3211} INFO - Sync 1 DAGs
[2026-07-21T15:22:48.601+0000] {logging_mixin.py:190} INFO - [2026-07-21T15:22:48.601+0000] {dag.py:4138} INFO - Setting next_dagrun for tmdb_incremental_sync to 2026-07-21 00:00:00+00:00, run_after=2026-07-22 00:00:00+00:00
[2026-07-21T15:22:48.636+0000] {processor.py:208} INFO - Processing /opt/airflow/dags/tmdb_incremental_sync.py took 0.184 seconds
[2026-07-21T15:23:18.950+0000] {processor.py:186} INFO - Started process (PID=35147) to work on /opt/airflow/dags/tmdb_incremental_sync.py
[2026-07-21T15:23:18.952+0000] {processor.py:914} INFO - Processing file /opt/airflow/dags/tmdb_incremental_sync.py for tasks to queue
[2026-07-21T15:23:18.957+0000] {logging_mixin.py:190} INFO - [2026-07-21T15:23:18.956+0000] {dagbag.py:587} INFO - Filling up the DagBag from /opt/airflow/dags/tmdb_incremental_sync.py
[2026-07-21T15:23:18.993+0000] {processor.py:925} INFO - DAG(s) 'tmdb_incremental_sync' retrieved from /opt/airflow/dags/tmdb_incremental_sync.py
[2026-07-21T15:23:19.042+0000] {logging_mixin.py:190} INFO - [2026-07-21T15:23:19.042+0000] {dag.py:3211} INFO - Sync 1 DAGs
[2026-07-21T15:23:19.089+0000] {logging_mixin.py:190} INFO - [2026-07-21T15:23:19.088+0000] {dag.py:4138} INFO - Setting next_dagrun for tmdb_incremental_sync to 2026-07-21 00:00:00+00:00, run_after=2026-07-22 00:00:00+00:00
[2026-07-21T15:23:19.125+0000] {processor.py:208} INFO - Processing /opt/airflow/dags/tmdb_incremental_sync.py took 0.185 seconds
[2026-07-21T15:23:49.469+0000] {processor.py:186} INFO - Started process (PID=35157) to work on /opt/airflow/dags/tmdb_incremental_sync.py
[2026-07-21T15:23:49.470+0000] {processor.py:914} INFO - Processing file /opt/airflow/dags/tmdb_incremental_sync.py for tasks to queue
[2026-07-21T15:23:49.475+0000] {logging_mixin.py:190} INFO - [2026-07-21T15:23:49.474+0000] {dagbag.py:587} INFO - Filling up the DagBag from /opt/airflow/dags/tmdb_incremental_sync.py
[2026-07-21T15:23:49.511+0000] {processor.py:925} INFO - DAG(s) 'tmdb_incremental_sync' retrieved from /opt/airflow/dags/tmdb_incremental_sync.py
[2026-07-21T15:23:49.561+0000] {logging_mixin.py:190} INFO - [2026-07-21T15:23:49.561+0000] {dag.py:3211} INFO - Sync 1 DAGs
[2026-07-21T15:23:49.606+0000] {logging_mixin.py:190} INFO - [2026-07-21T15:23:49.605+0000] {dag.py:4138} INFO - Setting next_dagrun for tmdb_incremental_sync to 2026-07-21 00:00:00+00:00, run_after=2026-07-22 00:00:00+00:00
[2026-07-21T15:23:49.638+0000] {processor.py:208} INFO - Processing /opt/airflow/dags/tmdb_incremental_sync.py took 0.180 seconds
[2026-07-21T15:24:19.951+0000] {processor.py:186} INFO - Started process (PID=35167) to work on /opt/airflow/dags/tmdb_incremental_sync.py
[2026-07-21T15:24:19.953+0000] {processor.py:914} INFO - Processing file /opt/airflow/dags/tmdb_incremental_sync.py for tasks to queue
[2026-07-21T15:24:19.957+0000] {logging_mixin.py:190} INFO - [2026-07-21T15:24:19.957+0000] {dagbag.py:587} INFO - Filling up the DagBag from /opt/airflow/dags/tmdb_incremental_sync.py
[2026-07-21T15:24:19.994+0000] {processor.py:925} INFO - DAG(s) 'tmdb_incremental_sync' retrieved from /opt/airflow/dags/tmdb_incremental_sync.py
[2026-07-21T15:24:20.044+0000] {logging_mixin.py:190} INFO - [2026-07-21T15:24:20.043+0000] {dag.py:3211} INFO - Sync 1 DAGs
[2026-07-21T15:24:20.089+0000] {logging_mixin.py:190} INFO - [2026-07-21T15:24:20.089+0000] {dag.py:4138} INFO - Setting next_dagrun for tmdb_incremental_sync to 2026-07-21 00:00:00+00:00, run_after=2026-07-22 00:00:00+00:00
[2026-07-21T15:24:20.122+0000] {processor.py:208} INFO - Processing /opt/airflow/dags/tmdb_incremental_sync.py took 0.181 seconds
[2026-07-21T15:24:50.440+0000] {processor.py:186} INFO - Started process (PID=35177) to work on /opt/airflow/dags/tmdb_incremental_sync.py
[2026-07-21T15:24:50.442+0000] {processor.py:914} INFO - Processing file /opt/airflow/dags/tmdb_incremental_sync.py for tasks to queue
[2026-07-21T15:24:50.447+0000] {logging_mixin.py:190} INFO - [2026-07-21T15:24:50.447+0000] {dagbag.py:587} INFO - Filling up the DagBag from /opt/airflow/dags/tmdb_incremental_sync.py
[2026-07-21T15:24:50.495+0000] {processor.py:925} INFO - DAG(s) 'tmdb_incremental_sync' retrieved from /opt/airflow/dags/tmdb_incremental_sync.py
[2026-07-21T15:24:50.616+0000] {logging_mixin.py:190} INFO - [2026-07-21T15:24:50.616+0000] {dag.py:3211} INFO - Sync 1 DAGs
[2026-07-21T15:24:50.700+0000] {logging_mixin.py:190} INFO - [2026-07-21T15:24:50.700+0000] {dag.py:4138} INFO - Setting next_dagrun for tmdb_incremental_sync to 2026-07-21 00:00:00+00:00, run_after=2026-07-22 00:00:00+00:00
[2026-07-21T15:24:50.744+0000] {processor.py:208} INFO - Processing /opt/airflow/dags/tmdb_incremental_sync.py took 0.317 seconds
[2026-07-21T15:25:21.083+0000] {processor.py:186} INFO - Started process (PID=35187) to work on /opt/airflow/dags/tmdb_incremental_sync.py
[2026-07-21T15:25:21.085+0000] {processor.py:914} INFO - Processing file /opt/airflow/dags/tmdb_incremental_sync.py for tasks to queue
[2026-07-21T15:25:21.090+0000] {logging_mixin.py:190} INFO - [2026-07-21T15:25:21.089+0000] {dagbag.py:587} INFO - Filling up the DagBag from /opt/airflow/dags/tmdb_incremental_sync.py
[2026-07-21T15:25:21.138+0000] {processor.py:925} INFO - DAG(s) 'tmdb_incremental_sync' retrieved from /opt/airflow/dags/tmdb_incremental_sync.py
[2026-07-21T15:25:21.199+0000] {logging_mixin.py:190} INFO - [2026-07-21T15:25:21.199+0000] {dag.py:3211} INFO - Sync 1 DAGs
[2026-07-21T15:25:21.255+0000] {logging_mixin.py:190} INFO - [2026-07-21T15:25:21.255+0000] {dag.py:4138} INFO - Setting next_dagrun for tmdb_incremental_sync to 2026-07-21 00:00:00+00:00, run_after=2026-07-22 00:00:00+00:00
[2026-07-21T15:25:21.299+0000] {processor.py:208} INFO - Processing /opt/airflow/dags/tmdb_incremental_sync.py took 0.230 seconds
[2026-07-21T15:25:51.629+0000] {processor.py:186} INFO - Started process (PID=35197) to work on /opt/airflow/dags/tmdb_incremental_sync.py
[2026-07-21T15:25:51.632+0000] {processor.py:914} INFO - Processing file /opt/airflow/dags/tmdb_incremental_sync.py for tasks to queue
[2026-07-21T15:25:51.637+0000] {logging_mixin.py:190} INFO - [2026-07-21T15:25:51.637+0000] {dagbag.py:587} INFO - Filling up the DagBag from /opt/airflow/dags/tmdb_incremental_sync.py
[2026-07-21T15:25:51.684+0000] {processor.py:925} INFO - DAG(s) 'tmdb_incremental_sync' retrieved from /opt/airflow/dags/tmdb_incremental_sync.py
[2026-07-21T15:25:51.744+0000] {logging_mixin.py:190} INFO - [2026-07-21T15:25:51.744+0000] {dag.py:3211} INFO - Sync 1 DAGs
[2026-07-21T15:25:51.803+0000] {logging_mixin.py:190} INFO - [2026-07-21T15:25:51.802+0000] {dag.py:4138} INFO - Setting next_dagrun for tmdb_incremental_sync to 2026-07-21 00:00:00+00:00, run_after=2026-07-22 00:00:00+00:00
[2026-07-21T15:25:51.845+0000] {processor.py:208} INFO - Processing /opt/airflow/dags/tmdb_incremental_sync.py took 0.230 seconds
[2026-07-21T15:26:22.174+0000] {processor.py:186} INFO - Started process (PID=35207) to work on /opt/airflow/dags/tmdb_incremental_sync.py
[2026-07-21T15:26:22.176+0000] {processor.py:914} INFO - Processing file /opt/airflow/dags/tmdb_incremental_sync.py for tasks to queue
[2026-07-21T15:26:22.182+0000] {logging_mixin.py:190} INFO - [2026-07-21T15:26:22.181+0000] {dagbag.py:587} INFO - Filling up the DagBag from /opt/airflow/dags/tmdb_incremental_sync.py
[2026-07-21T15:26:22.225+0000] {processor.py:925} INFO - DAG(s) 'tmdb_incremental_sync' retrieved from /opt/airflow/dags/tmdb_incremental_sync.py
[2026-07-21T15:26:22.284+0000] {logging_mixin.py:190} INFO - [2026-07-21T15:26:22.283+0000] {dag.py:3211} INFO - Sync 1 DAGs
[2026-07-21T15:26:22.341+0000] {logging_mixin.py:190} INFO - [2026-07-21T15:26:22.340+0000] {dag.py:4138} INFO - Setting next_dagrun for tmdb_incremental_sync to 2026-07-21 00:00:00+00:00, run_after=2026-07-22 00:00:00+00:00
[2026-07-21T15:26:22.381+0000] {processor.py:208} INFO - Processing /opt/airflow/dags/tmdb_incremental_sync.py took 0.219 seconds
[2026-07-21T15:26:52.711+0000] {processor.py:186} INFO - Started process (PID=35217) to work on /opt/airflow/dags/tmdb_incremental_sync.py
[2026-07-21T15:26:52.714+0000] {processor.py:914} INFO - Processing file /opt/airflow/dags/tmdb_incremental_sync.py for tasks to queue
[2026-07-21T15:26:52.721+0000] {logging_mixin.py:190} INFO - [2026-07-21T15:26:52.721+0000] {dagbag.py:587} INFO - Filling up the DagBag from /opt/airflow/dags/tmdb_incremental_sync.py
[2026-07-21T15:26:52.776+0000] {processor.py:925} INFO - DAG(s) 'tmdb_incremental_sync' retrieved from /opt/airflow/dags/tmdb_incremental_sync.py
[2026-07-21T15:26:52.846+0000] {logging_mixin.py:190} INFO - [2026-07-21T15:26:52.845+0000] {dag.py:3211} INFO - Sync 1 DAGs
[2026-07-21T15:26:52.908+0000] {logging_mixin.py:190} INFO - [2026-07-21T15:26:52.908+0000] {dag.py:4138} INFO - Setting next_dagrun for tmdb_incremental_sync to 2026-07-21 00:00:00+00:00, run_after=2026-07-22 00:00:00+00:00
[2026-07-21T15:26:52.952+0000] {processor.py:208} INFO - Processing /opt/airflow/dags/tmdb_incremental_sync.py took 0.254 seconds
[2026-07-21T15:27:23.259+0000] {processor.py:186} INFO - Started process (PID=35227) to work on /opt/airflow/dags/tmdb_incremental_sync.py
[2026-07-21T15:27:23.261+0000] {processor.py:914} INFO - Processing file /opt/airflow/dags/tmdb_incremental_sync.py for tasks to queue
[2026-07-21T15:27:23.265+0000] {logging_mixin.py:190} INFO - [2026-07-21T15:27:23.264+0000] {dagbag.py:587} INFO - Filling up the DagBag from /opt/airflow/dags/tmdb_incremental_sync.py
[2026-07-21T15:27:23.303+0000] {processor.py:925} INFO - DAG(s) 'tmdb_incremental_sync' retrieved from /opt/airflow/dags/tmdb_incremental_sync.py
[2026-07-21T15:27:23.356+0000] {logging_mixin.py:190} INFO - [2026-07-21T15:27:23.355+0000] {dag.py:3211} INFO - Sync 1 DAGs
[2026-07-21T15:27:23.405+0000] {logging_mixin.py:190} INFO - [2026-07-21T15:27:23.405+0000] {dag.py:4138} INFO - Setting next_dagrun for tmdb_incremental_sync to 2026-07-21 00:00:00+00:00, run_after=2026-07-22 00:00:00+00:00
[2026-07-21T15:27:23.441+0000] {processor.py:208} INFO - Processing /opt/airflow/dags/tmdb_incremental_sync.py took 0.193 seconds
[2026-07-21T15:27:53.769+0000] {processor.py:186} INFO - Started process (PID=35237) to work on /opt/airflow/dags/tmdb_incremental_sync.py
[2026-07-21T15:27:53.771+0000] {processor.py:914} INFO - Processing file /opt/airflow/dags/tmdb_incremental_sync.py for tasks to queue
[2026-07-21T15:27:53.777+0000] {logging_mixin.py:190} INFO - [2026-07-21T15:27:53.776+0000] {dagbag.py:587} INFO - Filling up the DagBag from /opt/airflow/dags/tmdb_incremental_sync.py
[2026-07-21T15:27:53.831+0000] {processor.py:925} INFO - DAG(s) 'tmdb_incremental_sync' retrieved from /opt/airflow/dags/tmdb_incremental_sync.py
[2026-07-21T15:27:53.900+0000] {logging_mixin.py:190} INFO - [2026-07-21T15:27:53.899+0000] {dag.py:3211} INFO - Sync 1 DAGs
[2026-07-21T15:27:53.966+0000] {logging_mixin.py:190} INFO - [2026-07-21T15:27:53.966+0000] {dag.py:4138} INFO - Setting next_dagrun for tmdb_incremental_sync to 2026-07-21 00:00:00+00:00, run_after=2026-07-22 00:00:00+00:00
[2026-07-21T15:27:54.018+0000] {processor.py:208} INFO - Processing /opt/airflow/dags/tmdb_incremental_sync.py took 0.265 seconds
[2026-07-21T15:28:24.352+0000] {processor.py:186} INFO - Started process (PID=35247) to work on /opt/airflow/dags/tmdb_incremental_sync.py
[2026-07-21T15:28:24.354+0000] {processor.py:914} INFO - Processing file /opt/airflow/dags/tmdb_incremental_sync.py for tasks to queue
[2026-07-21T15:28:24.360+0000] {logging_mixin.py:190} INFO - [2026-07-21T15:28:24.359+0000] {dagbag.py:587} INFO - Filling up the DagBag from /opt/airflow/dags/tmdb_incremental_sync.py
[2026-07-21T15:28:24.412+0000] {processor.py:925} INFO - DAG(s) 'tmdb_incremental_sync' retrieved from /opt/airflow/dags/tmdb_incremental_sync.py
[2026-07-21T15:28:24.482+0000] {logging_mixin.py:190} INFO - [2026-07-21T15:28:24.482+0000] {dag.py:3211} INFO - Sync 1 DAGs
[2026-07-21T15:28:24.548+0000] {logging_mixin.py:190} INFO - [2026-07-21T15:28:24.548+0000] {dag.py:4138} INFO - Setting next_dagrun for tmdb_incremental_sync to 2026-07-21 00:00:00+00:00, run_after=2026-07-22 00:00:00+00:00
[2026-07-21T15:28:24.593+0000] {processor.py:208} INFO - Processing /opt/airflow/dags/tmdb_incremental_sync.py took 0.256 seconds
[2026-07-21T15:28:55.002+0000] {processor.py:186} INFO - Started process (PID=35257) to work on /opt/airflow/dags/tmdb_incremental_sync.py
[2026-07-21T15:28:55.004+0000] {processor.py:914} INFO - Processing file /opt/airflow/dags/tmdb_incremental_sync.py for tasks to queue
[2026-07-21T15:28:55.010+0000] {logging_mixin.py:190} INFO - [2026-07-21T15:28:55.009+0000] {dagbag.py:587} INFO - Filling up the DagBag from /opt/airflow/dags/tmdb_incremental_sync.py
[2026-07-21T15:28:55.053+0000] {processor.py:925} INFO - DAG(s) 'tmdb_incremental_sync' retrieved from /opt/airflow/dags/tmdb_incremental_sync.py
[2026-07-21T15:28:55.109+0000] {logging_mixin.py:190} INFO - [2026-07-21T15:28:55.108+0000] {dag.py:3211} INFO - Sync 1 DAGs
[2026-07-21T15:28:55.163+0000] {logging_mixin.py:190} INFO - [2026-07-21T15:28:55.162+0000] {dag.py:4138} INFO - Setting next_dagrun for tmdb_incremental_sync to 2026-07-21 00:00:00+00:00, run_after=2026-07-22 00:00:00+00:00
[2026-07-21T15:28:55.188+0000] {processor.py:208} INFO - Processing /opt/airflow/dags/tmdb_incremental_sync.py took 0.196 seconds
[2026-07-21T15:29:25.468+0000] {processor.py:186} INFO - Started process (PID=35267) to work on /opt/airflow/dags/tmdb_incremental_sync.py
[2026-07-21T15:29:25.470+0000] {processor.py:914} INFO - Processing file /opt/airflow/dags/tmdb_incremental_sync.py for tasks to queue
[2026-07-21T15:29:25.474+0000] {logging_mixin.py:190} INFO - [2026-07-21T15:29:25.473+0000] {dagbag.py:587} INFO - Filling up the DagBag from /opt/airflow/dags/tmdb_incremental_sync.py
[2026-07-21T15:29:25.503+0000] {processor.py:925} INFO - DAG(s) 'tmdb_incremental_sync' retrieved from /opt/airflow/dags/tmdb_incremental_sync.py
[2026-07-21T15:29:25.545+0000] {logging_mixin.py:190} INFO - [2026-07-21T15:29:25.544+0000] {dag.py:3211} INFO - Sync 1 DAGs
[2026-07-21T15:29:25.582+0000] {logging_mixin.py:190} INFO - [2026-07-21T15:29:25.582+0000] {dag.py:4138} INFO - Setting next_dagrun for tmdb_incremental_sync to 2026-07-21 00:00:00+00:00, run_after=2026-07-22 00:00:00+00:00
[2026-07-21T15:29:25.609+0000] {processor.py:208} INFO - Processing /opt/airflow/dags/tmdb_incremental_sync.py took 0.149 seconds
[2026-07-21T15:29:55.942+0000] {processor.py:186} INFO - Started process (PID=35277) to work on /opt/airflow/dags/tmdb_incremental_sync.py
[2026-07-21T15:29:55.943+0000] {processor.py:914} INFO - Processing file /opt/airflow/dags/tmdb_incremental_sync.py for tasks to queue
[2026-07-21T15:29:55.947+0000] {logging_mixin.py:190} INFO - [2026-07-21T15:29:55.947+0000] {dagbag.py:587} INFO - Filling up the DagBag from /opt/airflow/dags/tmdb_incremental_sync.py
[2026-07-21T15:29:55.979+0000] {processor.py:925} INFO - DAG(s) 'tmdb_incremental_sync' retrieved from /opt/airflow/dags/tmdb_incremental_sync.py
[2026-07-21T15:29:56.020+0000] {logging_mixin.py:190} INFO - [2026-07-21T15:29:56.020+0000] {dag.py:3211} INFO - Sync 1 DAGs
[2026-07-21T15:29:56.059+0000] {logging_mixin.py:190} INFO - [2026-07-21T15:29:56.059+0000] {dag.py:4138} INFO - Setting next_dagrun for tmdb_incremental_sync to 2026-07-21 00:00:00+00:00, run_after=2026-07-22 00:00:00+00:00
[2026-07-21T15:29:56.085+0000] {processor.py:208} INFO - Processing /opt/airflow/dags/tmdb_incremental_sync.py took 0.151 seconds
[2026-07-21T15:30:26.398+0000] {processor.py:186} INFO - Started process (PID=35287) to work on /opt/airflow/dags/tmdb_incremental_sync.py
[2026-07-21T15:30:26.399+0000] {processor.py:914} INFO - Processing file /opt/airflow/dags/tmdb_incremental_sync.py for tasks to queue
[2026-07-21T15:30:26.402+0000] {logging_mixin.py:190} INFO - [2026-07-21T15:30:26.402+0000] {dagbag.py:587} INFO - Filling up the DagBag from /opt/airflow/dags/tmdb_incremental_sync.py
[2026-07-21T15:30:26.432+0000] {processor.py:925} INFO - DAG(s) 'tmdb_incremental_sync' retrieved from /opt/airflow/dags/tmdb_incremental_sync.py
[2026-07-21T15:30:26.475+0000] {logging_mixin.py:190} INFO - [2026-07-21T15:30:26.474+0000] {dag.py:3211} INFO - Sync 1 DAGs
[2026-07-21T15:30:26.512+0000] {logging_mixin.py:190} INFO - [2026-07-21T15:30:26.512+0000] {dag.py:4138} INFO - Setting next_dagrun for tmdb_incremental_sync to 2026-07-21 00:00:00+00:00, run_after=2026-07-22 00:00:00+00:00
[2026-07-21T15:30:26.538+0000] {processor.py:208} INFO - Processing /opt/airflow/dags/tmdb_incremental_sync.py took 0.149 seconds
[2026-07-21T15:30:56.843+0000] {processor.py:186} INFO - Started process (PID=35297) to work on /opt/airflow/dags/tmdb_incremental_sync.py
[2026-07-21T15:30:56.844+0000] {processor.py:914} INFO - Processing file /opt/airflow/dags/tmdb_incremental_sync.py for tasks to queue
[2026-07-21T15:30:56.848+0000] {logging_mixin.py:190} INFO - [2026-07-21T15:30:56.847+0000] {dagbag.py:587} INFO - Filling up the DagBag from /opt/airflow/dags/tmdb_incremental_sync.py
[2026-07-21T15:30:56.877+0000] {processor.py:925} INFO - DAG(s) 'tmdb_incremental_sync' retrieved from /opt/airflow/dags/tmdb_incremental_sync.py
[2026-07-21T15:30:56.919+0000] {logging_mixin.py:190} INFO - [2026-07-21T15:30:56.919+0000] {dag.py:3211} INFO - Sync 1 DAGs
[2026-07-21T15:30:56.958+0000] {logging_mixin.py:190} INFO - [2026-07-21T15:30:56.957+0000] {dag.py:4138} INFO - Setting next_dagrun for tmdb_incremental_sync to 2026-07-21 00:00:00+00:00, run_after=2026-07-22 00:00:00+00:00
[2026-07-21T15:30:56.986+0000] {processor.py:208} INFO - Processing /opt/airflow/dags/tmdb_incremental_sync.py took 0.151 seconds
[2026-07-21T15:31:27.294+0000] {processor.py:186} INFO - Started process (PID=35307) to work on /opt/airflow/dags/tmdb_incremental_sync.py
[2026-07-21T15:31:27.296+0000] {processor.py:914} INFO - Processing file /opt/airflow/dags/tmdb_incremental_sync.py for tasks to queue
[2026-07-21T15:31:27.299+0000] {logging_mixin.py:190} INFO - [2026-07-21T15:31:27.298+0000] {dagbag.py:587} INFO - Filling up the DagBag from /opt/airflow/dags/tmdb_incremental_sync.py
[2026-07-21T15:31:27.328+0000] {processor.py:925} INFO - DAG(s) 'tmdb_incremental_sync' retrieved from /opt/airflow/dags/tmdb_incremental_sync.py
[2026-07-21T15:31:27.370+0000] {logging_mixin.py:190} INFO - [2026-07-21T15:31:27.369+0000] {dag.py:3211} INFO - Sync 1 DAGs
[2026-07-21T15:31:27.409+0000] {logging_mixin.py:190} INFO - [2026-07-21T15:31:27.409+0000] {dag.py:4138} INFO - Setting next_dagrun for tmdb_incremental_sync to 2026-07-21 00:00:00+00:00, run_after=2026-07-22 00:00:00+00:00
[2026-07-21T15:31:27.434+0000] {processor.py:208} INFO - Processing /opt/airflow/dags/tmdb_incremental_sync.py took 0.148 seconds
[2026-07-21T15:31:57.748+0000] {processor.py:186} INFO - Started process (PID=35317) to work on /opt/airflow/dags/tmdb_incremental_sync.py
[2026-07-21T15:31:57.749+0000] {processor.py:914} INFO - Processing file /opt/airflow/dags/tmdb_incremental_sync.py for tasks to queue
[2026-07-21T15:31:57.753+0000] {logging_mixin.py:190} INFO - [2026-07-21T15:31:57.752+0000] {dagbag.py:587} INFO - Filling up the DagBag from /opt/airflow/dags/tmdb_incremental_sync.py
[2026-07-21T15:31:57.785+0000] {processor.py:925} INFO - DAG(s) 'tmdb_incremental_sync' retrieved from /opt/airflow/dags/tmdb_incremental_sync.py
[2026-07-21T15:31:57.827+0000] {logging_mixin.py:190} INFO - [2026-07-21T15:31:57.827+0000] {dag.py:3211} INFO - Sync 1 DAGs
[2026-07-21T15:31:57.865+0000] {logging_mixin.py:190} INFO - [2026-07-21T15:31:57.865+0000] {dag.py:4138} INFO - Setting next_dagrun for tmdb_incremental_sync to 2026-07-21 00:00:00+00:00, run_after=2026-07-22 00:00:00+00:00
[2026-07-21T15:31:57.892+0000] {processor.py:208} INFO - Processing /opt/airflow/dags/tmdb_incremental_sync.py took 0.153 seconds
[2026-07-21T15:32:28.183+0000] {processor.py:186} INFO - Started process (PID=35327) to work on /opt/airflow/dags/tmdb_incremental_sync.py
[2026-07-21T15:32:28.185+0000] {processor.py:914} INFO - Processing file /opt/airflow/dags/tmdb_incremental_sync.py for tasks to queue
[2026-07-21T15:32:28.188+0000] {logging_mixin.py:190} INFO - [2026-07-21T15:32:28.187+0000] {dagbag.py:587} INFO - Filling up the DagBag from /opt/airflow/dags/tmdb_incremental_sync.py
[2026-07-21T15:32:28.217+0000] {processor.py:925} INFO - DAG(s) 'tmdb_incremental_sync' retrieved from /opt/airflow/dags/tmdb_incremental_sync.py
[2026-07-21T15:32:28.260+0000] {logging_mixin.py:190} INFO - [2026-07-21T15:32:28.259+0000] {dag.py:3211} INFO - Sync 1 DAGs
[2026-07-21T15:32:28.297+0000] {logging_mixin.py:190} INFO - [2026-07-21T15:32:28.297+0000] {dag.py:4138} INFO - Setting next_dagrun for tmdb_incremental_sync to 2026-07-21 00:00:00+00:00, run_after=2026-07-22 00:00:00+00:00
[2026-07-21T15:32:28.324+0000] {processor.py:208} INFO - Processing /opt/airflow/dags/tmdb_incremental_sync.py took 0.148 seconds
[2026-07-21T15:32:58.635+0000] {processor.py:186} INFO - Started process (PID=35337) to work on /opt/airflow/dags/tmdb_incremental_sync.py
[2026-07-21T15:32:58.637+0000] {processor.py:914} INFO - Processing file /opt/airflow/dags/tmdb_incremental_sync.py for tasks to queue
[2026-07-21T15:32:58.641+0000] {logging_mixin.py:190} INFO - [2026-07-21T15:32:58.640+0000] {dagbag.py:587} INFO - Filling up the DagBag from /opt/airflow/dags/tmdb_incremental_sync.py
[2026-07-21T15:32:58.672+0000] {processor.py:925} INFO - DAG(s) 'tmdb_incremental_sync' retrieved from /opt/airflow/dags/tmdb_incremental_sync.py
[2026-07-21T15:32:58.716+0000] {logging_mixin.py:190} INFO - [2026-07-21T15:32:58.715+0000] {dag.py:3211} INFO - Sync 1 DAGs
[2026-07-21T15:32:58.754+0000] {logging_mixin.py:190} INFO - [2026-07-21T15:32:58.754+0000] {dag.py:4138} INFO - Setting next_dagrun for tmdb_incremental_sync to 2026-07-21 00:00:00+00:00, run_after=2026-07-22 00:00:00+00:00
[2026-07-21T15:32:58.780+0000] {processor.py:208} INFO - Processing /opt/airflow/dags/tmdb_incremental_sync.py took 0.152 seconds
[2026-07-21T15:33:29.086+0000] {processor.py:186} INFO - Started process (PID=35347) to work on /opt/airflow/dags/tmdb_incremental_sync.py
[2026-07-21T15:33:29.088+0000] {processor.py:914} INFO - Processing file /opt/airflow/dags/tmdb_incremental_sync.py for tasks to queue
[2026-07-21T15:33:29.092+0000] {logging_mixin.py:190} INFO - [2026-07-21T15:33:29.092+0000] {dagbag.py:587} INFO - Filling up the DagBag from /opt/airflow/dags/tmdb_incremental_sync.py
[2026-07-21T15:33:29.124+0000] {processor.py:925} INFO - DAG(s) 'tmdb_incremental_sync' retrieved from /opt/airflow/dags/tmdb_incremental_sync.py
[2026-07-21T15:33:29.166+0000] {logging_mixin.py:190} INFO - [2026-07-21T15:33:29.166+0000] {dag.py:3211} INFO - Sync 1 DAGs
[2026-07-21T15:33:29.205+0000] {logging_mixin.py:190} INFO - [2026-07-21T15:33:29.204+0000] {dag.py:4138} INFO - Setting next_dagrun for tmdb_incremental_sync to 2026-07-21 00:00:00+00:00, run_after=2026-07-22 00:00:00+00:00
[2026-07-21T15:33:29.231+0000] {processor.py:208} INFO - Processing /opt/airflow/dags/tmdb_incremental_sync.py took 0.154 seconds
[2026-07-21T15:33:59.580+0000] {processor.py:186} INFO - Started process (PID=35357) to work on /opt/airflow/dags/tmdb_incremental_sync.py
[2026-07-21T15:33:59.582+0000] {processor.py:914} INFO - Processing file /opt/airflow/dags/tmdb_incremental_sync.py for tasks to queue
[2026-07-21T15:33:59.586+0000] {logging_mixin.py:190} INFO - [2026-07-21T15:33:59.585+0000] {dagbag.py:587} INFO - Filling up the DagBag from /opt/airflow/dags/tmdb_incremental_sync.py
[2026-07-21T15:33:59.626+0000] {processor.py:925} INFO - DAG(s) 'tmdb_incremental_sync' retrieved from /opt/airflow/dags/tmdb_incremental_sync.py
[2026-07-21T15:33:59.676+0000] {logging_mixin.py:190} INFO - [2026-07-21T15:33:59.676+0000] {dag.py:3211} INFO - Sync 1 DAGs
[2026-07-21T15:33:59.721+0000] {logging_mixin.py:190} INFO - [2026-07-21T15:33:59.720+0000] {dag.py:4138} INFO - Setting next_dagrun for tmdb_incremental_sync to 2026-07-21 00:00:00+00:00, run_after=2026-07-22 00:00:00+00:00
[2026-07-21T15:33:59.747+0000] {processor.py:208} INFO - Processing /opt/airflow/dags/tmdb_incremental_sync.py took 0.175 seconds
[2026-07-21T15:34:30.047+0000] {processor.py:186} INFO - Started process (PID=35367) to work on /opt/airflow/dags/tmdb_incremental_sync.py
[2026-07-21T15:34:30.049+0000] {processor.py:914} INFO - Processing file /opt/airflow/dags/tmdb_incremental_sync.py for tasks to queue
[2026-07-21T15:34:30.052+0000] {logging_mixin.py:190} INFO - [2026-07-21T15:34:30.052+0000] {dagbag.py:587} INFO - Filling up the DagBag from /opt/airflow/dags/tmdb_incremental_sync.py
[2026-07-21T15:34:30.082+0000] {processor.py:925} INFO - DAG(s) 'tmdb_incremental_sync' retrieved from /opt/airflow/dags/tmdb_incremental_sync.py
[2026-07-21T15:34:30.124+0000] {logging_mixin.py:190} INFO - [2026-07-21T15:34:30.124+0000] {dag.py:3211} INFO - Sync 1 DAGs
[2026-07-21T15:34:30.163+0000] {logging_mixin.py:190} INFO - [2026-07-21T15:34:30.163+0000] {dag.py:4138} INFO - Setting next_dagrun for tmdb_incremental_sync to 2026-07-21 00:00:00+00:00, run_after=2026-07-22 00:00:00+00:00
[2026-07-21T15:34:30.189+0000] {processor.py:208} INFO - Processing /opt/airflow/dags/tmdb_incremental_sync.py took 0.149 seconds
[2026-07-21T15:35:00.557+0000] {processor.py:186} INFO - Started process (PID=35377) to work on /opt/airflow/dags/tmdb_incremental_sync.py
[2026-07-21T15:35:00.559+0000] {processor.py:914} INFO - Processing file /opt/airflow/dags/tmdb_incremental_sync.py for tasks to queue
[2026-07-21T15:35:00.563+0000] {logging_mixin.py:190} INFO - [2026-07-21T15:35:00.563+0000] {dagbag.py:587} INFO - Filling up the DagBag from /opt/airflow/dags/tmdb_incremental_sync.py
[2026-07-21T15:35:00.598+0000] {processor.py:925} INFO - DAG(s) 'tmdb_incremental_sync' retrieved from /opt/airflow/dags/tmdb_incremental_sync.py
[2026-07-21T15:35:00.644+0000] {logging_mixin.py:190} INFO - [2026-07-21T15:35:00.643+0000] {dag.py:3211} INFO - Sync 1 DAGs
[2026-07-21T15:35:00.696+0000] {logging_mixin.py:190} INFO - [2026-07-21T15:35:00.696+0000] {dag.py:4138} INFO - Setting next_dagrun for tmdb_incremental_sync to 2026-07-21 00:00:00+00:00, run_after=2026-07-22 00:00:00+00:00
[2026-07-21T15:35:00.729+0000] {processor.py:208} INFO - Processing /opt/airflow/dags/tmdb_incremental_sync.py took 0.182 seconds
[2026-07-21T15:35:31.007+0000] {processor.py:186} INFO - Started process (PID=35387) to work on /opt/airflow/dags/tmdb_incremental_sync.py
[2026-07-21T15:35:31.008+0000] {processor.py:914} INFO - Processing file /opt/airflow/dags/tmdb_incremental_sync.py for tasks to queue
[2026-07-21T15:35:31.013+0000] {logging_mixin.py:190} INFO - [2026-07-21T15:35:31.013+0000] {dagbag.py:587} INFO - Filling up the DagBag from /opt/airflow/dags/tmdb_incremental_sync.py
[2026-07-21T15:35:31.044+0000] {processor.py:925} INFO - DAG(s) 'tmdb_incremental_sync' retrieved from /opt/airflow/dags/tmdb_incremental_sync.py
[2026-07-21T15:35:31.086+0000] {logging_mixin.py:190} INFO - [2026-07-21T15:35:31.086+0000] {dag.py:3211} INFO - Sync 1 DAGs
[2026-07-21T15:35:31.125+0000] {logging_mixin.py:190} INFO - [2026-07-21T15:35:31.125+0000] {dag.py:4138} INFO - Setting next_dagrun for tmdb_incremental_sync to 2026-07-21 00:00:00+00:00, run_after=2026-07-22 00:00:00+00:00
[2026-07-21T15:35:31.152+0000] {processor.py:208} INFO - Processing /opt/airflow/dags/tmdb_incremental_sync.py took 0.154 seconds
[2026-07-21T15:36:01.468+0000] {processor.py:186} INFO - Started process (PID=35397) to work on /opt/airflow/dags/tmdb_incremental_sync.py
[2026-07-21T15:36:01.469+0000] {processor.py:914} INFO - Processing file /opt/airflow/dags/tmdb_incremental_sync.py for tasks to queue
[2026-07-21T15:36:01.473+0000] {logging_mixin.py:190} INFO - [2026-07-21T15:36:01.473+0000] {dagbag.py:587} INFO - Filling up the DagBag from /opt/airflow/dags/tmdb_incremental_sync.py
[2026-07-21T15:36:01.501+0000] {processor.py:925} INFO - DAG(s) 'tmdb_incremental_sync' retrieved from /opt/airflow/dags/tmdb_incremental_sync.py
[2026-07-21T15:36:01.544+0000] {logging_mixin.py:190} INFO - [2026-07-21T15:36:01.544+0000] {dag.py:3211} INFO - Sync 1 DAGs
[2026-07-21T15:36:01.582+0000] {logging_mixin.py:190} INFO - [2026-07-21T15:36:01.581+0000] {dag.py:4138} INFO - Setting next_dagrun for tmdb_incremental_sync to 2026-07-21 00:00:00+00:00, run_after=2026-07-22 00:00:00+00:00
[2026-07-21T15:36:01.608+0000] {processor.py:208} INFO - Processing /opt/airflow/dags/tmdb_incremental_sync.py took 0.147 seconds
[2026-07-21T15:36:31.905+0000] {processor.py:186} INFO - Started process (PID=35407) to work on /opt/airflow/dags/tmdb_incremental_sync.py
[2026-07-21T15:36:31.906+0000] {processor.py:914} INFO - Processing file /opt/airflow/dags/tmdb_incremental_sync.py for tasks to queue
[2026-07-21T15:36:31.910+0000] {logging_mixin.py:190} INFO - [2026-07-21T15:36:31.909+0000] {dagbag.py:587} INFO - Filling up the DagBag from /opt/airflow/dags/tmdb_incremental_sync.py
[2026-07-21T15:36:31.943+0000] {processor.py:925} INFO - DAG(s) 'tmdb_incremental_sync' retrieved from /opt/airflow/dags/tmdb_incremental_sync.py
[2026-07-21T15:36:31.998+0000] {logging_mixin.py:190} INFO - [2026-07-21T15:36:31.997+0000] {dag.py:3211} INFO - Sync 1 DAGs
[2026-07-21T15:36:32.052+0000] {logging_mixin.py:190} INFO - [2026-07-21T15:36:32.052+0000] {dag.py:4138} INFO - Setting next_dagrun for tmdb_incremental_sync to 2026-07-21 00:00:00+00:00, run_after=2026-07-22 00:00:00+00:00
[2026-07-21T15:36:32.088+0000] {processor.py:208} INFO - Processing /opt/airflow/dags/tmdb_incremental_sync.py took 0.193 seconds
[2026-07-21T15:37:02.364+0000] {processor.py:186} INFO - Started process (PID=35417) to work on /opt/airflow/dags/tmdb_incremental_sync.py
[2026-07-21T15:37:02.366+0000] {processor.py:914} INFO - Processing file /opt/airflow/dags/tmdb_incremental_sync.py for tasks to queue
[2026-07-21T15:37:02.369+0000] {logging_mixin.py:190} INFO - [2026-07-21T15:37:02.369+0000] {dagbag.py:587} INFO - Filling up the DagBag from /opt/airflow/dags/tmdb_incremental_sync.py
[2026-07-21T15:37:02.400+0000] {processor.py:925} INFO - DAG(s) 'tmdb_incremental_sync' retrieved from /opt/airflow/dags/tmdb_incremental_sync.py
[2026-07-21T15:37:02.443+0000] {logging_mixin.py:190} INFO - [2026-07-21T15:37:02.443+0000] {dag.py:3211} INFO - Sync 1 DAGs
[2026-07-21T15:37:02.483+0000] {logging_mixin.py:190} INFO - [2026-07-21T15:37:02.483+0000] {dag.py:4138} INFO - Setting next_dagrun for tmdb_incremental_sync to 2026-07-21 00:00:00+00:00, run_after=2026-07-22 00:00:00+00:00
[2026-07-21T15:37:02.511+0000] {processor.py:208} INFO - Processing /opt/airflow/dags/tmdb_incremental_sync.py took 0.155 seconds
[2026-07-21T15:37:32.788+0000] {processor.py:186} INFO - Started process (PID=35427) to work on /opt/airflow/dags/tmdb_incremental_sync.py
[2026-07-21T15:37:32.790+0000] {processor.py:914} INFO - Processing file /opt/airflow/dags/tmdb_incremental_sync.py for tasks to queue
[2026-07-21T15:37:32.793+0000] {logging_mixin.py:190} INFO - [2026-07-21T15:37:32.793+0000] {dagbag.py:587} INFO - Filling up the DagBag from /opt/airflow/dags/tmdb_incremental_sync.py
[2026-07-21T15:37:32.825+0000] {processor.py:925} INFO - DAG(s) 'tmdb_incremental_sync' retrieved from /opt/airflow/dags/tmdb_incremental_sync.py
[2026-07-21T15:37:32.867+0000] {logging_mixin.py:190} INFO - [2026-07-21T15:37:32.867+0000] {dag.py:3211} INFO - Sync 1 DAGs
[2026-07-21T15:37:32.908+0000] {logging_mixin.py:190} INFO - [2026-07-21T15:37:32.907+0000] {dag.py:4138} INFO - Setting next_dagrun for tmdb_incremental_sync to 2026-07-21 00:00:00+00:00, run_after=2026-07-22 00:00:00+00:00
[2026-07-21T15:37:32.935+0000] {processor.py:208} INFO - Processing /opt/airflow/dags/tmdb_incremental_sync.py took 0.155 seconds
[2026-07-21T15:38:03.224+0000] {processor.py:186} INFO - Started process (PID=35437) to work on /opt/airflow/dags/tmdb_incremental_sync.py
[2026-07-21T15:38:03.226+0000] {processor.py:914} INFO - Processing file /opt/airflow/dags/tmdb_incremental_sync.py for tasks to queue
[2026-07-21T15:38:03.229+0000] {logging_mixin.py:190} INFO - [2026-07-21T15:38:03.229+0000] {dagbag.py:587} INFO - Filling up the DagBag from /opt/airflow/dags/tmdb_incremental_sync.py
[2026-07-21T15:38:03.260+0000] {processor.py:925} INFO - DAG(s) 'tmdb_incremental_sync' retrieved from /opt/airflow/dags/tmdb_incremental_sync.py
[2026-07-21T15:38:03.303+0000] {logging_mixin.py:190} INFO - [2026-07-21T15:38:03.303+0000] {dag.py:3211} INFO - Sync 1 DAGs
[2026-07-21T15:38:03.340+0000] {logging_mixin.py:190} INFO - [2026-07-21T15:38:03.339+0000] {dag.py:4138} INFO - Setting next_dagrun for tmdb_incremental_sync to 2026-07-21 00:00:00+00:00, run_after=2026-07-22 00:00:00+00:00
[2026-07-21T15:38:03.366+0000] {processor.py:208} INFO - Processing /opt/airflow/dags/tmdb_incremental_sync.py took 0.150 seconds
[2026-07-21T15:38:33.684+0000] {processor.py:186} INFO - Started process (PID=35447) to work on /opt/airflow/dags/tmdb_incremental_sync.py
[2026-07-21T15:38:33.685+0000] {processor.py:914} INFO - Processing file /opt/airflow/dags/tmdb_incremental_sync.py for tasks to queue
[2026-07-21T15:38:33.689+0000] {logging_mixin.py:190} INFO - [2026-07-21T15:38:33.688+0000] {dagbag.py:587} INFO - Filling up the DagBag from /opt/airflow/dags/tmdb_incremental_sync.py
[2026-07-21T15:38:33.720+0000] {processor.py:925} INFO - DAG(s) 'tmdb_incremental_sync' retrieved from /opt/airflow/dags/tmdb_incremental_sync.py
[2026-07-21T15:38:33.761+0000] {logging_mixin.py:190} INFO - [2026-07-21T15:38:33.761+0000] {dag.py:3211} INFO - Sync 1 DAGs
[2026-07-21T15:38:33.798+0000] {logging_mixin.py:190} INFO - [2026-07-21T15:38:33.798+0000] {dag.py:4138} INFO - Setting next_dagrun for tmdb_incremental_sync to 2026-07-21 00:00:00+00:00, run_after=2026-07-22 00:00:00+00:00
[2026-07-21T15:38:33.828+0000] {processor.py:208} INFO - Processing /opt/airflow/dags/tmdb_incremental_sync.py took 0.152 seconds
[2026-07-21T15:39:04.140+0000] {processor.py:186} INFO - Started process (PID=35457) to work on /opt/airflow/dags/tmdb_incremental_sync.py
[2026-07-21T15:39:04.142+0000] {processor.py:914} INFO - Processing file /opt/airflow/dags/tmdb_incremental_sync.py for tasks to queue
[2026-07-21T15:39:04.146+0000] {logging_mixin.py:190} INFO - [2026-07-21T15:39:04.146+0000] {dagbag.py:587} INFO - Filling up the DagBag from /opt/airflow/dags/tmdb_incremental_sync.py
[2026-07-21T15:39:04.177+0000] {processor.py:925} INFO - DAG(s) 'tmdb_incremental_sync' retrieved from /opt/airflow/dags/tmdb_incremental_sync.py
[2026-07-21T15:39:04.219+0000] {logging_mixin.py:190} INFO - [2026-07-21T15:39:04.218+0000] {dag.py:3211} INFO - Sync 1 DAGs
[2026-07-21T15:39:04.256+0000] {logging_mixin.py:190} INFO - [2026-07-21T15:39:04.256+0000] {dag.py:4138} INFO - Setting next_dagrun for tmdb_incremental_sync to 2026-07-21 00:00:00+00:00, run_after=2026-07-22 00:00:00+00:00
[2026-07-21T15:39:04.282+0000] {processor.py:208} INFO - Processing /opt/airflow/dags/tmdb_incremental_sync.py took 0.149 seconds
[2026-07-21T15:39:34.592+0000] {processor.py:186} INFO - Started process (PID=35467) to work on /opt/airflow/dags/tmdb_incremental_sync.py
[2026-07-21T15:39:34.593+0000] {processor.py:914} INFO - Processing file /opt/airflow/dags/tmdb_incremental_sync.py for tasks to queue
[2026-07-21T15:39:34.597+0000] {logging_mixin.py:190} INFO - [2026-07-21T15:39:34.596+0000] {dagbag.py:587} INFO - Filling up the DagBag from /opt/airflow/dags/tmdb_incremental_sync.py
[2026-07-21T15:39:34.626+0000] {processor.py:925} INFO - DAG(s) 'tmdb_incremental_sync' retrieved from /opt/airflow/dags/tmdb_incremental_sync.py
[2026-07-21T15:39:34.669+0000] {logging_mixin.py:190} INFO - [2026-07-21T15:39:34.669+0000] {dag.py:3211} INFO - Sync 1 DAGs
[2026-07-21T15:39:34.708+0000] {logging_mixin.py:190} INFO - [2026-07-21T15:39:34.708+0000] {dag.py:4138} INFO - Setting next_dagrun for tmdb_incremental_sync to 2026-07-21 00:00:00+00:00, run_after=2026-07-22 00:00:00+00:00
[2026-07-21T15:39:34.735+0000] {processor.py:208} INFO - Processing /opt/airflow/dags/tmdb_incremental_sync.py took 0.152 seconds
[2026-07-21T15:40:05.040+0000] {processor.py:186} INFO - Started process (PID=35477) to work on /opt/airflow/dags/tmdb_incremental_sync.py
[2026-07-21T15:40:05.042+0000] {processor.py:914} INFO - Processing file /opt/airflow/dags/tmdb_incremental_sync.py for tasks to queue
[2026-07-21T15:40:05.045+0000] {logging_mixin.py:190} INFO - [2026-07-21T15:40:05.045+0000] {dagbag.py:587} INFO - Filling up the DagBag from /opt/airflow/dags/tmdb_incremental_sync.py
[2026-07-21T15:40:05.075+0000] {processor.py:925} INFO - DAG(s) 'tmdb_incremental_sync' retrieved from /opt/airflow/dags/tmdb_incremental_sync.py
[2026-07-21T15:40:05.117+0000] {logging_mixin.py:190} INFO - [2026-07-21T15:40:05.117+0000] {dag.py:3211} INFO - Sync 1 DAGs
[2026-07-21T15:40:05.157+0000] {logging_mixin.py:190} INFO - [2026-07-21T15:40:05.157+0000] {dag.py:4138} INFO - Setting next_dagrun for tmdb_incremental_sync to 2026-07-21 00:00:00+00:00, run_after=2026-07-22 00:00:00+00:00
[2026-07-21T15:40:05.185+0000] {processor.py:208} INFO - Processing /opt/airflow/dags/tmdb_incremental_sync.py took 0.153 seconds
[2026-07-21T15:40:35.490+0000] {processor.py:186} INFO - Started process (PID=35487) to work on /opt/airflow/dags/tmdb_incremental_sync.py
[2026-07-21T15:40:35.492+0000] {processor.py:914} INFO - Processing file /opt/airflow/dags/tmdb_incremental_sync.py for tasks to queue
[2026-07-21T15:40:35.495+0000] {logging_mixin.py:190} INFO - [2026-07-21T15:40:35.495+0000] {dagbag.py:587} INFO - Filling up the DagBag from /opt/airflow/dags/tmdb_incremental_sync.py
[2026-07-21T15:40:35.524+0000] {processor.py:925} INFO - DAG(s) 'tmdb_incremental_sync' retrieved from /opt/airflow/dags/tmdb_incremental_sync.py
[2026-07-21T15:40:35.568+0000] {logging_mixin.py:190} INFO - [2026-07-21T15:40:35.567+0000] {dag.py:3211} INFO - Sync 1 DAGs
[2026-07-21T15:40:35.605+0000] {logging_mixin.py:190} INFO - [2026-07-21T15:40:35.605+0000] {dag.py:4138} INFO - Setting next_dagrun for tmdb_incremental_sync to 2026-07-21 00:00:00+00:00, run_after=2026-07-22 00:00:00+00:00
[2026-07-21T15:40:35.632+0000] {processor.py:208} INFO - Processing /opt/airflow/dags/tmdb_incremental_sync.py took 0.150 seconds
[2026-07-21T15:41:05.965+0000] {processor.py:186} INFO - Started process (PID=35497) to work on /opt/airflow/dags/tmdb_incremental_sync.py
[2026-07-21T15:41:05.967+0000] {processor.py:914} INFO - Processing file /opt/airflow/dags/tmdb_incremental_sync.py for tasks to queue
[2026-07-21T15:41:05.970+0000] {logging_mixin.py:190} INFO - [2026-07-21T15:41:05.970+0000] {dagbag.py:587} INFO - Filling up the DagBag from /opt/airflow/dags/tmdb_incremental_sync.py
[2026-07-21T15:41:06.004+0000] {processor.py:925} INFO - DAG(s) 'tmdb_incremental_sync' retrieved from /opt/airflow/dags/tmdb_incremental_sync.py
[2026-07-21T15:41:06.047+0000] {logging_mixin.py:190} INFO - [2026-07-21T15:41:06.047+0000] {dag.py:3211} INFO - Sync 1 DAGs
[2026-07-21T15:41:06.090+0000] {logging_mixin.py:190} INFO - [2026-07-21T15:41:06.090+0000] {dag.py:4138} INFO - Setting next_dagrun for tmdb_incremental_sync to 2026-07-21 00:00:00+00:00, run_after=2026-07-22 00:00:00+00:00
[2026-07-21T15:41:06.122+0000] {processor.py:208} INFO - Processing /opt/airflow/dags/tmdb_incremental_sync.py took 0.165 seconds
[2026-07-21T15:41:36.420+0000] {processor.py:186} INFO - Started process (PID=35507) to work on /opt/airflow/dags/tmdb_incremental_sync.py
[2026-07-21T15:41:36.422+0000] {processor.py:914} INFO - Processing file /opt/airflow/dags/tmdb_incremental_sync.py for tasks to queue
[2026-07-21T15:41:36.426+0000] {logging_mixin.py:190} INFO - [2026-07-21T15:41:36.425+0000] {dagbag.py:587} INFO - Filling up the DagBag from /opt/airflow/dags/tmdb_incremental_sync.py
[2026-07-21T15:41:36.459+0000] {processor.py:925} INFO - DAG(s) 'tmdb_incremental_sync' retrieved from /opt/airflow/dags/tmdb_incremental_sync.py
[2026-07-21T15:41:36.504+0000] {logging_mixin.py:190} INFO - [2026-07-21T15:41:36.504+0000] {dag.py:3211} INFO - Sync 1 DAGs
[2026-07-21T15:41:36.543+0000] {logging_mixin.py:190} INFO - [2026-07-21T15:41:36.543+0000] {dag.py:4138} INFO - Setting next_dagrun for tmdb_incremental_sync to 2026-07-21 00:00:00+00:00, run_after=2026-07-22 00:00:00+00:00
[2026-07-21T15:41:36.571+0000] {processor.py:208} INFO - Processing /opt/airflow/dags/tmdb_incremental_sync.py took 0.159 seconds
[2026-07-21T15:42:06.876+0000] {processor.py:186} INFO - Started process (PID=35517) to work on /opt/airflow/dags/tmdb_incremental_sync.py
[2026-07-21T15:42:06.877+0000] {processor.py:914} INFO - Processing file /opt/airflow/dags/tmdb_incremental_sync.py for tasks to queue
[2026-07-21T15:42:06.881+0000] {logging_mixin.py:190} INFO - [2026-07-21T15:42:06.881+0000] {dagbag.py:587} INFO - Filling up the DagBag from /opt/airflow/dags/tmdb_incremental_sync.py
[2026-07-21T15:42:06.910+0000] {processor.py:925} INFO - DAG(s) 'tmdb_incremental_sync' retrieved from /opt/airflow/dags/tmdb_incremental_sync.py
[2026-07-21T15:42:06.952+0000] {logging_mixin.py:190} INFO - [2026-07-21T15:42:06.951+0000] {dag.py:3211} INFO - Sync 1 DAGs
[2026-07-21T15:42:06.989+0000] {logging_mixin.py:190} INFO - [2026-07-21T15:42:06.989+0000] {dag.py:4138} INFO - Setting next_dagrun for tmdb_incremental_sync to 2026-07-21 00:00:00+00:00, run_after=2026-07-22 00:00:00+00:00
[2026-07-21T15:42:07.015+0000] {processor.py:208} INFO - Processing /opt/airflow/dags/tmdb_incremental_sync.py took 0.147 seconds
[2026-07-21T15:42:37.308+0000] {processor.py:186} INFO - Started process (PID=35527) to work on /opt/airflow/dags/tmdb_incremental_sync.py
[2026-07-21T15:42:37.309+0000] {processor.py:914} INFO - Processing file /opt/airflow/dags/tmdb_incremental_sync.py for tasks to queue
[2026-07-21T15:42:37.314+0000] {logging_mixin.py:190} INFO - [2026-07-21T15:42:37.313+0000] {dagbag.py:587} INFO - Filling up the DagBag from /opt/airflow/dags/tmdb_incremental_sync.py
[2026-07-21T15:42:37.343+0000] {processor.py:925} INFO - DAG(s) 'tmdb_incremental_sync' retrieved from /opt/airflow/dags/tmdb_incremental_sync.py
[2026-07-21T15:42:37.384+0000] {logging_mixin.py:190} INFO - [2026-07-21T15:42:37.383+0000] {dag.py:3211} INFO - Sync 1 DAGs
[2026-07-21T15:42:37.424+0000] {logging_mixin.py:190} INFO - [2026-07-21T15:42:37.424+0000] {dag.py:4138} INFO - Setting next_dagrun for tmdb_incremental_sync to 2026-07-21 00:00:00+00:00, run_after=2026-07-22 00:00:00+00:00
[2026-07-21T15:42:37.451+0000] {processor.py:208} INFO - Processing /opt/airflow/dags/tmdb_incremental_sync.py took 0.151 seconds
[2026-07-21T15:43:07.753+0000] {processor.py:186} INFO - Started process (PID=35537) to work on /opt/airflow/dags/tmdb_incremental_sync.py
[2026-07-21T15:43:07.754+0000] {processor.py:914} INFO - Processing file /opt/airflow/dags/tmdb_incremental_sync.py for tasks to queue
[2026-07-21T15:43:07.759+0000] {logging_mixin.py:190} INFO - [2026-07-21T15:43:07.758+0000] {dagbag.py:587} INFO - Filling up the DagBag from /opt/airflow/dags/tmdb_incremental_sync.py
[2026-07-21T15:43:07.796+0000] {processor.py:925} INFO - DAG(s) 'tmdb_incremental_sync' retrieved from /opt/airflow/dags/tmdb_incremental_sync.py
[2026-07-21T15:43:07.843+0000] {logging_mixin.py:190} INFO - [2026-07-21T15:43:07.842+0000] {dag.py:3211} INFO - Sync 1 DAGs
[2026-07-21T15:43:07.883+0000] {logging_mixin.py:190} INFO - [2026-07-21T15:43:07.883+0000] {dag.py:4138} INFO - Setting next_dagrun for tmdb_incremental_sync to 2026-07-21 00:00:00+00:00, run_after=2026-07-22 00:00:00+00:00
[2026-07-21T15:43:07.911+0000] {processor.py:208} INFO - Processing /opt/airflow/dags/tmdb_incremental_sync.py took 0.168 seconds
[2026-07-21T15:43:38.249+0000] {processor.py:186} INFO - Started process (PID=35547) to work on /opt/airflow/dags/tmdb_incremental_sync.py
[2026-07-21T15:43:38.250+0000] {processor.py:914} INFO - Processing file /opt/airflow/dags/tmdb_incremental_sync.py for tasks to queue
[2026-07-21T15:43:38.254+0000] {logging_mixin.py:190} INFO - [2026-07-21T15:43:38.254+0000] {dagbag.py:587} INFO - Filling up the DagBag from /opt/airflow/dags/tmdb_incremental_sync.py
[2026-07-21T15:43:38.287+0000] {processor.py:925} INFO - DAG(s) 'tmdb_incremental_sync' retrieved from /opt/airflow/dags/tmdb_incremental_sync.py
[2026-07-21T15:43:38.333+0000] {logging_mixin.py:190} INFO - [2026-07-21T15:43:38.333+0000] {dag.py:3211} INFO - Sync 1 DAGs
[2026-07-21T15:43:38.374+0000] {logging_mixin.py:190} INFO - [2026-07-21T15:43:38.374+0000] {dag.py:4138} INFO - Setting next_dagrun for tmdb_incremental_sync to 2026-07-21 00:00:00+00:00, run_after=2026-07-22 00:00:00+00:00
[2026-07-21T15:43:38.403+0000] {processor.py:208} INFO - Processing /opt/airflow/dags/tmdb_incremental_sync.py took 0.164 seconds
[2026-07-21T15:44:08.800+0000] {processor.py:186} INFO - Started process (PID=35557) to work on /opt/airflow/dags/tmdb_incremental_sync.py
[2026-07-21T15:44:08.802+0000] {processor.py:914} INFO - Processing file /opt/airflow/dags/tmdb_incremental_sync.py for tasks to queue
[2026-07-21T15:44:08.805+0000] {logging_mixin.py:190} INFO - [2026-07-21T15:44:08.805+0000] {dagbag.py:587} INFO - Filling up the DagBag from /opt/airflow/dags/tmdb_incremental_sync.py
[2026-07-21T15:44:08.839+0000] {processor.py:925} INFO - DAG(s) 'tmdb_incremental_sync' retrieved from /opt/airflow/dags/tmdb_incremental_sync.py
[2026-07-21T15:44:08.880+0000] {logging_mixin.py:190} INFO - [2026-07-21T15:44:08.879+0000] {dag.py:3211} INFO - Sync 1 DAGs
[2026-07-21T15:44:08.918+0000] {logging_mixin.py:190} INFO - [2026-07-21T15:44:08.917+0000] {dag.py:4138} INFO - Setting next_dagrun for tmdb_incremental_sync to 2026-07-21 00:00:00+00:00, run_after=2026-07-22 00:00:00+00:00
[2026-07-21T15:44:08.945+0000] {processor.py:208} INFO - Processing /opt/airflow/dags/tmdb_incremental_sync.py took 0.154 seconds
[2026-07-21T15:44:39.232+0000] {processor.py:186} INFO - Started process (PID=35567) to work on /opt/airflow/dags/tmdb_incremental_sync.py
[2026-07-21T15:44:39.233+0000] {processor.py:914} INFO - Processing file /opt/airflow/dags/tmdb_incremental_sync.py for tasks to queue
[2026-07-21T15:44:39.237+0000] {logging_mixin.py:190} INFO - [2026-07-21T15:44:39.237+0000] {dagbag.py:587} INFO - Filling up the DagBag from /opt/airflow/dags/tmdb_incremental_sync.py
[2026-07-21T15:44:39.271+0000] {processor.py:925} INFO - DAG(s) 'tmdb_incremental_sync' retrieved from /opt/airflow/dags/tmdb_incremental_sync.py
[2026-07-21T15:44:39.315+0000] {logging_mixin.py:190} INFO - [2026-07-21T15:44:39.315+0000] {dag.py:3211} INFO - Sync 1 DAGs
[2026-07-21T15:44:39.357+0000] {logging_mixin.py:190} INFO - [2026-07-21T15:44:39.357+0000] {dag.py:4138} INFO - Setting next_dagrun for tmdb_incremental_sync to 2026-07-21 00:00:00+00:00, run_after=2026-07-22 00:00:00+00:00
[2026-07-21T15:44:39.384+0000] {processor.py:208} INFO - Processing /opt/airflow/dags/tmdb_incremental_sync.py took 0.162 seconds
[2026-07-21T15:45:09.680+0000] {processor.py:186} INFO - Started process (PID=35577) to work on /opt/airflow/dags/tmdb_incremental_sync.py
[2026-07-21T15:45:09.681+0000] {processor.py:914} INFO - Processing file /opt/airflow/dags/tmdb_incremental_sync.py for tasks to queue
[2026-07-21T15:45:09.685+0000] {logging_mixin.py:190} INFO - [2026-07-21T15:45:09.684+0000] {dagbag.py:587} INFO - Filling up the DagBag from /opt/airflow/dags/tmdb_incremental_sync.py
[2026-07-21T15:45:09.715+0000] {processor.py:925} INFO - DAG(s) 'tmdb_incremental_sync' retrieved from /opt/airflow/dags/tmdb_incremental_sync.py
[2026-07-21T15:45:09.757+0000] {logging_mixin.py:190} INFO - [2026-07-21T15:45:09.756+0000] {dag.py:3211} INFO - Sync 1 DAGs
[2026-07-21T15:45:09.797+0000] {logging_mixin.py:190} INFO - [2026-07-21T15:45:09.797+0000] {dag.py:4138} INFO - Setting next_dagrun for tmdb_incremental_sync to 2026-07-21 00:00:00+00:00, run_after=2026-07-22 00:00:00+00:00
[2026-07-21T15:45:09.824+0000] {processor.py:208} INFO - Processing /opt/airflow/dags/tmdb_incremental_sync.py took 0.153 seconds
[2026-07-21T15:45:40.108+0000] {processor.py:186} INFO - Started process (PID=35587) to work on /opt/airflow/dags/tmdb_incremental_sync.py
[2026-07-21T15:45:40.109+0000] {processor.py:914} INFO - Processing file /opt/airflow/dags/tmdb_incremental_sync.py for tasks to queue
[2026-07-21T15:45:40.113+0000] {logging_mixin.py:190} INFO - [2026-07-21T15:45:40.112+0000] {dagbag.py:587} INFO - Filling up the DagBag from /opt/airflow/dags/tmdb_incremental_sync.py
[2026-07-21T15:45:40.142+0000] {processor.py:925} INFO - DAG(s) 'tmdb_incremental_sync' retrieved from /opt/airflow/dags/tmdb_incremental_sync.py
[2026-07-21T15:45:40.185+0000] {logging_mixin.py:190} INFO - [2026-07-21T15:45:40.184+0000] {dag.py:3211} INFO - Sync 1 DAGs
[2026-07-21T15:45:40.224+0000] {logging_mixin.py:190} INFO - [2026-07-21T15:45:40.224+0000] {dag.py:4138} INFO - Setting next_dagrun for tmdb_incremental_sync to 2026-07-21 00:00:00+00:00, run_after=2026-07-22 00:00:00+00:00
[2026-07-21T15:45:40.249+0000] {processor.py:208} INFO - Processing /opt/airflow/dags/tmdb_incremental_sync.py took 0.150 seconds
[2026-07-21T15:46:10.553+0000] {processor.py:186} INFO - Started process (PID=35597) to work on /opt/airflow/dags/tmdb_incremental_sync.py
[2026-07-21T15:46:10.554+0000] {processor.py:914} INFO - Processing file /opt/airflow/dags/tmdb_incremental_sync.py for tasks to queue
[2026-07-21T15:46:10.557+0000] {logging_mixin.py:190} INFO - [2026-07-21T15:46:10.557+0000] {dagbag.py:587} INFO - Filling up the DagBag from /opt/airflow/dags/tmdb_incremental_sync.py
[2026-07-21T15:46:10.587+0000] {processor.py:925} INFO - DAG(s) 'tmdb_incremental_sync' retrieved from /opt/airflow/dags/tmdb_incremental_sync.py
[2026-07-21T15:46:10.630+0000] {logging_mixin.py:190} INFO - [2026-07-21T15:46:10.630+0000] {dag.py:3211} INFO - Sync 1 DAGs
[2026-07-21T15:46:10.669+0000] {logging_mixin.py:190} INFO - [2026-07-21T15:46:10.668+0000] {dag.py:4138} INFO - Setting next_dagrun for tmdb_incremental_sync to 2026-07-21 00:00:00+00:00, run_after=2026-07-22 00:00:00+00:00
[2026-07-21T15:46:10.698+0000] {processor.py:208} INFO - Processing /opt/airflow/dags/tmdb_incremental_sync.py took 0.155 seconds
[2026-07-21T15:46:40.995+0000] {processor.py:186} INFO - Started process (PID=35607) to work on /opt/airflow/dags/tmdb_incremental_sync.py
[2026-07-21T15:46:40.996+0000] {processor.py:914} INFO - Processing file /opt/airflow/dags/tmdb_incremental_sync.py for tasks to queue
[2026-07-21T15:46:40.999+0000] {logging_mixin.py:190} INFO - [2026-07-21T15:46:40.999+0000] {dagbag.py:587} INFO - Filling up the DagBag from /opt/airflow/dags/tmdb_incremental_sync.py
[2026-07-21T15:46:41.035+0000] {processor.py:925} INFO - DAG(s) 'tmdb_incremental_sync' retrieved from /opt/airflow/dags/tmdb_incremental_sync.py
[2026-07-21T15:46:41.078+0000] {logging_mixin.py:190} INFO - [2026-07-21T15:46:41.077+0000] {dag.py:3211} INFO - Sync 1 DAGs
[2026-07-21T15:46:41.116+0000] {logging_mixin.py:190} INFO - [2026-07-21T15:46:41.116+0000] {dag.py:4138} INFO - Setting next_dagrun for tmdb_incremental_sync to 2026-07-21 00:00:00+00:00, run_after=2026-07-22 00:00:00+00:00
[2026-07-21T15:46:41.142+0000] {processor.py:208} INFO - Processing /opt/airflow/dags/tmdb_incremental_sync.py took 0.159 seconds
[2026-07-21T15:47:11.462+0000] {processor.py:186} INFO - Started process (PID=35617) to work on /opt/airflow/dags/tmdb_incremental_sync.py
[2026-07-21T15:47:11.463+0000] {processor.py:914} INFO - Processing file /opt/airflow/dags/tmdb_incremental_sync.py for tasks to queue
[2026-07-21T15:47:11.466+0000] {logging_mixin.py:190} INFO - [2026-07-21T15:47:11.466+0000] {dagbag.py:587} INFO - Filling up the DagBag from /opt/airflow/dags/tmdb_incremental_sync.py
[2026-07-21T15:47:11.497+0000] {processor.py:925} INFO - DAG(s) 'tmdb_incremental_sync' retrieved from /opt/airflow/dags/tmdb_incremental_sync.py
[2026-07-21T15:47:11.539+0000] {logging_mixin.py:190} INFO - [2026-07-21T15:47:11.539+0000] {dag.py:3211} INFO - Sync 1 DAGs
[2026-07-21T15:47:11.577+0000] {logging_mixin.py:190} INFO - [2026-07-21T15:47:11.576+0000] {dag.py:4138} INFO - Setting next_dagrun for tmdb_incremental_sync to 2026-07-21 00:00:00+00:00, run_after=2026-07-22 00:00:00+00:00
[2026-07-21T15:47:11.603+0000] {processor.py:208} INFO - Processing /opt/airflow/dags/tmdb_incremental_sync.py took 0.149 seconds
[2026-07-21T15:47:41.913+0000] {processor.py:186} INFO - Started process (PID=35627) to work on /opt/airflow/dags/tmdb_incremental_sync.py
[2026-07-21T15:47:41.914+0000] {processor.py:914} INFO - Processing file /opt/airflow/dags/tmdb_incremental_sync.py for tasks to queue
[2026-07-21T15:47:41.918+0000] {logging_mixin.py:190} INFO - [2026-07-21T15:47:41.918+0000] {dagbag.py:587} INFO - Filling up the DagBag from /opt/airflow/dags/tmdb_incremental_sync.py
[2026-07-21T15:47:41.948+0000] {processor.py:925} INFO - DAG(s) 'tmdb_incremental_sync' retrieved from /opt/airflow/dags/tmdb_incremental_sync.py
[2026-07-21T15:47:41.989+0000] {logging_mixin.py:190} INFO - [2026-07-21T15:47:41.989+0000] {dag.py:3211} INFO - Sync 1 DAGs
[2026-07-21T15:47:42.027+0000] {logging_mixin.py:190} INFO - [2026-07-21T15:47:42.027+0000] {dag.py:4138} INFO - Setting next_dagrun for tmdb_incremental_sync to 2026-07-21 00:00:00+00:00, run_after=2026-07-22 00:00:00+00:00
[2026-07-21T15:47:42.056+0000] {processor.py:208} INFO - Processing /opt/airflow/dags/tmdb_incremental_sync.py took 0.150 seconds
[2026-07-21T15:48:12.363+0000] {processor.py:186} INFO - Started process (PID=35637) to work on /opt/airflow/dags/tmdb_incremental_sync.py
[2026-07-21T15:48:12.364+0000] {processor.py:914} INFO - Processing file /opt/airflow/dags/tmdb_incremental_sync.py for tasks to queue
[2026-07-21T15:48:12.368+0000] {logging_mixin.py:190} INFO - [2026-07-21T15:48:12.368+0000] {dagbag.py:587} INFO - Filling up the DagBag from /opt/airflow/dags/tmdb_incremental_sync.py
[2026-07-21T15:48:12.398+0000] {processor.py:925} INFO - DAG(s) 'tmdb_incremental_sync' retrieved from /opt/airflow/dags/tmdb_incremental_sync.py
[2026-07-21T15:48:12.440+0000] {logging_mixin.py:190} INFO - [2026-07-21T15:48:12.440+0000] {dag.py:3211} INFO - Sync 1 DAGs
[2026-07-21T15:48:12.480+0000] {logging_mixin.py:190} INFO - [2026-07-21T15:48:12.480+0000] {dag.py:4138} INFO - Setting next_dagrun for tmdb_incremental_sync to 2026-07-21 00:00:00+00:00, run_after=2026-07-22 00:00:00+00:00
[2026-07-21T15:48:12.505+0000] {processor.py:208} INFO - Processing /opt/airflow/dags/tmdb_incremental_sync.py took 0.151 seconds
[2026-07-21T15:48:42.834+0000] {processor.py:186} INFO - Started process (PID=35647) to work on /opt/airflow/dags/tmdb_incremental_sync.py
[2026-07-21T15:48:42.835+0000] {processor.py:914} INFO - Processing file /opt/airflow/dags/tmdb_incremental_sync.py for tasks to queue
[2026-07-21T15:48:42.840+0000] {logging_mixin.py:190} INFO - [2026-07-21T15:48:42.839+0000] {dagbag.py:587} INFO - Filling up the DagBag from /opt/airflow/dags/tmdb_incremental_sync.py
[2026-07-21T15:48:42.871+0000] {processor.py:925} INFO - DAG(s) 'tmdb_incremental_sync' retrieved from /opt/airflow/dags/tmdb_incremental_sync.py
[2026-07-21T15:48:42.917+0000] {logging_mixin.py:190} INFO - [2026-07-21T15:48:42.917+0000] {dag.py:3211} INFO - Sync 1 DAGs
[2026-07-21T15:48:42.958+0000] {logging_mixin.py:190} INFO - [2026-07-21T15:48:42.957+0000] {dag.py:4138} INFO - Setting next_dagrun for tmdb_incremental_sync to 2026-07-21 00:00:00+00:00, run_after=2026-07-22 00:00:00+00:00
[2026-07-21T15:48:42.986+0000] {processor.py:208} INFO - Processing /opt/airflow/dags/tmdb_incremental_sync.py took 0.160 seconds
[2026-07-21T15:49:13.295+0000] {processor.py:186} INFO - Started process (PID=35657) to work on /opt/airflow/dags/tmdb_incremental_sync.py
[2026-07-21T15:49:13.297+0000] {processor.py:914} INFO - Processing file /opt/airflow/dags/tmdb_incremental_sync.py for tasks to queue
[2026-07-21T15:49:13.301+0000] {logging_mixin.py:190} INFO - [2026-07-21T15:49:13.300+0000] {dagbag.py:587} INFO - Filling up the DagBag from /opt/airflow/dags/tmdb_incremental_sync.py
[2026-07-21T15:49:13.334+0000] {processor.py:925} INFO - DAG(s) 'tmdb_incremental_sync' retrieved from /opt/airflow/dags/tmdb_incremental_sync.py
[2026-07-21T15:49:13.377+0000] {logging_mixin.py:190} INFO - [2026-07-21T15:49:13.377+0000] {dag.py:3211} INFO - Sync 1 DAGs
[2026-07-21T15:49:13.416+0000] {logging_mixin.py:190} INFO - [2026-07-21T15:49:13.416+0000] {dag.py:4138} INFO - Setting next_dagrun for tmdb_incremental_sync to 2026-07-21 00:00:00+00:00, run_after=2026-07-22 00:00:00+00:00
[2026-07-21T15:49:13.441+0000] {processor.py:208} INFO - Processing /opt/airflow/dags/tmdb_incremental_sync.py took 0.155 seconds
[2026-07-21T15:49:43.739+0000] {processor.py:186} INFO - Started process (PID=35667) to work on /opt/airflow/dags/tmdb_incremental_sync.py
[2026-07-21T15:49:43.740+0000] {processor.py:914} INFO - Processing file /opt/airflow/dags/tmdb_incremental_sync.py for tasks to queue
[2026-07-21T15:49:43.744+0000] {logging_mixin.py:190} INFO - [2026-07-21T15:49:43.743+0000] {dagbag.py:587} INFO - Filling up the DagBag from /opt/airflow/dags/tmdb_incremental_sync.py
[2026-07-21T15:49:43.773+0000] {processor.py:925} INFO - DAG(s) 'tmdb_incremental_sync' retrieved from /opt/airflow/dags/tmdb_incremental_sync.py
[2026-07-21T15:49:43.814+0000] {logging_mixin.py:190} INFO - [2026-07-21T15:49:43.814+0000] {dag.py:3211} INFO - Sync 1 DAGs
[2026-07-21T15:49:43.852+0000] {logging_mixin.py:190} INFO - [2026-07-21T15:49:43.852+0000] {dag.py:4138} INFO - Setting next_dagrun for tmdb_incremental_sync to 2026-07-21 00:00:00+00:00, run_after=2026-07-22 00:00:00+00:00
[2026-07-21T15:49:43.877+0000] {processor.py:208} INFO - Processing /opt/airflow/dags/tmdb_incremental_sync.py took 0.146 seconds
[2026-07-21T15:50:14.279+0000] {processor.py:186} INFO - Started process (PID=35677) to work on /opt/airflow/dags/tmdb_incremental_sync.py
[2026-07-21T15:50:14.281+0000] {processor.py:914} INFO - Processing file /opt/airflow/dags/tmdb_incremental_sync.py for tasks to queue
[2026-07-21T15:50:14.285+0000] {logging_mixin.py:190} INFO - [2026-07-21T15:50:14.285+0000] {dagbag.py:587} INFO - Filling up the DagBag from /opt/airflow/dags/tmdb_incremental_sync.py
[2026-07-21T15:50:14.325+0000] {processor.py:925} INFO - DAG(s) 'tmdb_incremental_sync' retrieved from /opt/airflow/dags/tmdb_incremental_sync.py
[2026-07-21T15:50:14.384+0000] {logging_mixin.py:190} INFO - [2026-07-21T15:50:14.383+0000] {dag.py:3211} INFO - Sync 1 DAGs
[2026-07-21T15:50:14.455+0000] {logging_mixin.py:190} INFO - [2026-07-21T15:50:14.454+0000] {dag.py:4138} INFO - Setting next_dagrun for tmdb_incremental_sync to 2026-07-21 00:00:00+00:00, run_after=2026-07-22 00:00:00+00:00
[2026-07-21T15:50:14.500+0000] {processor.py:208} INFO - Processing /opt/airflow/dags/tmdb_incremental_sync.py took 0.233 seconds
[2026-07-21T15:50:44.792+0000] {processor.py:186} INFO - Started process (PID=35687) to work on /opt/airflow/dags/tmdb_incremental_sync.py
[2026-07-21T15:50:44.793+0000] {processor.py:914} INFO - Processing file /opt/airflow/dags/tmdb_incremental_sync.py for tasks to queue
[2026-07-21T15:50:44.798+0000] {logging_mixin.py:190} INFO - [2026-07-21T15:50:44.797+0000] {dagbag.py:587} INFO - Filling up the DagBag from /opt/airflow/dags/tmdb_incremental_sync.py
[2026-07-21T15:50:44.835+0000] {processor.py:925} INFO - DAG(s) 'tmdb_incremental_sync' retrieved from /opt/airflow/dags/tmdb_incremental_sync.py
[2026-07-21T15:50:44.885+0000] {logging_mixin.py:190} INFO - [2026-07-21T15:50:44.884+0000] {dag.py:3211} INFO - Sync 1 DAGs
[2026-07-21T15:50:44.933+0000] {logging_mixin.py:190} INFO - [2026-07-21T15:50:44.932+0000] {dag.py:4138} INFO - Setting next_dagrun for tmdb_incremental_sync to 2026-07-21 00:00:00+00:00, run_after=2026-07-22 00:00:00+00:00
[2026-07-21T15:50:44.968+0000] {processor.py:208} INFO - Processing /opt/airflow/dags/tmdb_incremental_sync.py took 0.187 seconds
[2026-07-21T15:51:15.285+0000] {processor.py:186} INFO - Started process (PID=35697) to work on /opt/airflow/dags/tmdb_incremental_sync.py
[2026-07-21T15:51:15.286+0000] {processor.py:914} INFO - Processing file /opt/airflow/dags/tmdb_incremental_sync.py for tasks to queue
[2026-07-21T15:51:15.289+0000] {logging_mixin.py:190} INFO - [2026-07-21T15:51:15.289+0000] {dagbag.py:587} INFO - Filling up the DagBag from /opt/airflow/dags/tmdb_incremental_sync.py
[2026-07-21T15:51:15.319+0000] {processor.py:925} INFO - DAG(s) 'tmdb_incremental_sync' retrieved from /opt/airflow/dags/tmdb_incremental_sync.py
[2026-07-21T15:51:15.360+0000] {logging_mixin.py:190} INFO - [2026-07-21T15:51:15.360+0000] {dag.py:3211} INFO - Sync 1 DAGs
[2026-07-21T15:51:15.399+0000] {logging_mixin.py:190} INFO - [2026-07-21T15:51:15.399+0000] {dag.py:4138} INFO - Setting next_dagrun for tmdb_incremental_sync to 2026-07-21 00:00:00+00:00, run_after=2026-07-22 00:00:00+00:00
[2026-07-21T15:51:15.425+0000] {processor.py:208} INFO - Processing /opt/airflow/dags/tmdb_incremental_sync.py took 0.148 seconds
[2026-07-21T15:51:45.733+0000] {processor.py:186} INFO - Started process (PID=35707) to work on /opt/airflow/dags/tmdb_incremental_sync.py
[2026-07-21T15:51:45.734+0000] {processor.py:914} INFO - Processing file /opt/airflow/dags/tmdb_incremental_sync.py for tasks to queue
[2026-07-21T15:51:45.738+0000] {logging_mixin.py:190} INFO - [2026-07-21T15:51:45.738+0000] {dagbag.py:587} INFO - Filling up the DagBag from /opt/airflow/dags/tmdb_incremental_sync.py
[2026-07-21T15:51:45.767+0000] {processor.py:925} INFO - DAG(s) 'tmdb_incremental_sync' retrieved from /opt/airflow/dags/tmdb_incremental_sync.py
[2026-07-21T15:51:45.809+0000] {logging_mixin.py:190} INFO - [2026-07-21T15:51:45.809+0000] {dag.py:3211} INFO - Sync 1 DAGs
[2026-07-21T15:51:45.846+0000] {logging_mixin.py:190} INFO - [2026-07-21T15:51:45.846+0000] {dag.py:4138} INFO - Setting next_dagrun for tmdb_incremental_sync to 2026-07-21 00:00:00+00:00, run_after=2026-07-22 00:00:00+00:00
[2026-07-21T15:51:45.873+0000] {processor.py:208} INFO - Processing /opt/airflow/dags/tmdb_incremental_sync.py took 0.149 seconds
[2026-07-21T15:52:16.180+0000] {processor.py:186} INFO - Started process (PID=35717) to work on /opt/airflow/dags/tmdb_incremental_sync.py
[2026-07-21T15:52:16.181+0000] {processor.py:914} INFO - Processing file /opt/airflow/dags/tmdb_incremental_sync.py for tasks to queue
[2026-07-21T15:52:16.185+0000] {logging_mixin.py:190} INFO - [2026-07-21T15:52:16.185+0000] {dagbag.py:587} INFO - Filling up the DagBag from /opt/airflow/dags/tmdb_incremental_sync.py
[2026-07-21T15:52:16.215+0000] {processor.py:925} INFO - DAG(s) 'tmdb_incremental_sync' retrieved from /opt/airflow/dags/tmdb_incremental_sync.py
[2026-07-21T15:52:16.256+0000] {logging_mixin.py:190} INFO - [2026-07-21T15:52:16.256+0000] {dag.py:3211} INFO - Sync 1 DAGs
[2026-07-21T15:52:16.295+0000] {logging_mixin.py:190} INFO - [2026-07-21T15:52:16.294+0000] {dag.py:4138} INFO - Setting next_dagrun for tmdb_incremental_sync to 2026-07-21 00:00:00+00:00, run_after=2026-07-22 00:00:00+00:00
[2026-07-21T15:52:16.321+0000] {processor.py:208} INFO - Processing /opt/airflow/dags/tmdb_incremental_sync.py took 0.149 seconds
[2026-07-21T15:52:46.621+0000] {processor.py:186} INFO - Started process (PID=35727) to work on /opt/airflow/dags/tmdb_incremental_sync.py
[2026-07-21T15:52:46.623+0000] {processor.py:914} INFO - Processing file /opt/airflow/dags/tmdb_incremental_sync.py for tasks to queue
[2026-07-21T15:52:46.626+0000] {logging_mixin.py:190} INFO - [2026-07-21T15:52:46.626+0000] {dagbag.py:587} INFO - Filling up the DagBag from /opt/airflow/dags/tmdb_incremental_sync.py
[2026-07-21T15:52:46.658+0000] {processor.py:925} INFO - DAG(s) 'tmdb_incremental_sync' retrieved from /opt/airflow/dags/tmdb_incremental_sync.py
[2026-07-21T15:52:46.702+0000] {logging_mixin.py:190} INFO - [2026-07-21T15:52:46.702+0000] {dag.py:3211} INFO - Sync 1 DAGs
[2026-07-21T15:52:46.861+0000] {logging_mixin.py:190} INFO - [2026-07-21T15:52:46.861+0000] {dag.py:4138} INFO - Setting next_dagrun for tmdb_incremental_sync to 2026-07-21 00:00:00+00:00, run_after=2026-07-22 00:00:00+00:00
[2026-07-21T15:52:46.916+0000] {processor.py:208} INFO - Processing /opt/airflow/dags/tmdb_incremental_sync.py took 0.306 seconds
[2026-07-21T15:53:17.224+0000] {processor.py:186} INFO - Started process (PID=35737) to work on /opt/airflow/dags/tmdb_incremental_sync.py
[2026-07-21T15:53:17.225+0000] {processor.py:914} INFO - Processing file /opt/airflow/dags/tmdb_incremental_sync.py for tasks to queue
[2026-07-21T15:53:17.229+0000] {logging_mixin.py:190} INFO - [2026-07-21T15:53:17.228+0000] {dagbag.py:587} INFO - Filling up the DagBag from /opt/airflow/dags/tmdb_incremental_sync.py
[2026-07-21T15:53:17.258+0000] {processor.py:925} INFO - DAG(s) 'tmdb_incremental_sync' retrieved from /opt/airflow/dags/tmdb_incremental_sync.py
[2026-07-21T15:53:17.300+0000] {logging_mixin.py:190} INFO - [2026-07-21T15:53:17.300+0000] {dag.py:3211} INFO - Sync 1 DAGs
[2026-07-21T15:53:17.339+0000] {logging_mixin.py:190} INFO - [2026-07-21T15:53:17.338+0000] {dag.py:4138} INFO - Setting next_dagrun for tmdb_incremental_sync to 2026-07-21 00:00:00+00:00, run_after=2026-07-22 00:00:00+00:00
[2026-07-21T15:53:17.371+0000] {processor.py:208} INFO - Processing /opt/airflow/dags/tmdb_incremental_sync.py took 0.155 seconds
[2026-07-21T15:53:47.787+0000] {processor.py:186} INFO - Started process (PID=35747) to work on /opt/airflow/dags/tmdb_incremental_sync.py
[2026-07-21T15:53:47.788+0000] {processor.py:914} INFO - Processing file /opt/airflow/dags/tmdb_incremental_sync.py for tasks to queue
[2026-07-21T15:53:47.792+0000] {logging_mixin.py:190} INFO - [2026-07-21T15:53:47.792+0000] {dagbag.py:587} INFO - Filling up the DagBag from /opt/airflow/dags/tmdb_incremental_sync.py
[2026-07-21T15:53:47.825+0000] {processor.py:925} INFO - DAG(s) 'tmdb_incremental_sync' retrieved from /opt/airflow/dags/tmdb_incremental_sync.py
[2026-07-21T15:53:47.866+0000] {logging_mixin.py:190} INFO - [2026-07-21T15:53:47.866+0000] {dag.py:3211} INFO - Sync 1 DAGs
[2026-07-21T15:53:47.905+0000] {logging_mixin.py:190} INFO - [2026-07-21T15:53:47.905+0000] {dag.py:4138} INFO - Setting next_dagrun for tmdb_incremental_sync to 2026-07-21 00:00:00+00:00, run_after=2026-07-22 00:00:00+00:00
[2026-07-21T15:53:47.932+0000] {processor.py:208} INFO - Processing /opt/airflow/dags/tmdb_incremental_sync.py took 0.154 seconds
[2026-07-21T15:54:18.248+0000] {processor.py:186} INFO - Started process (PID=35757) to work on /opt/airflow/dags/tmdb_incremental_sync.py
[2026-07-21T15:54:18.249+0000] {processor.py:914} INFO - Processing file /opt/airflow/dags/tmdb_incremental_sync.py for tasks to queue
[2026-07-21T15:54:18.254+0000] {logging_mixin.py:190} INFO - [2026-07-21T15:54:18.253+0000] {dagbag.py:587} INFO - Filling up the DagBag from /opt/airflow/dags/tmdb_incremental_sync.py
[2026-07-21T15:54:18.288+0000] {processor.py:925} INFO - DAG(s) 'tmdb_incremental_sync' retrieved from /opt/airflow/dags/tmdb_incremental_sync.py
[2026-07-21T15:54:18.334+0000] {logging_mixin.py:190} INFO - [2026-07-21T15:54:18.333+0000] {dag.py:3211} INFO - Sync 1 DAGs
[2026-07-21T15:54:18.375+0000] {logging_mixin.py:190} INFO - [2026-07-21T15:54:18.375+0000] {dag.py:4138} INFO - Setting next_dagrun for tmdb_incremental_sync to 2026-07-21 00:00:00+00:00, run_after=2026-07-22 00:00:00+00:00
[2026-07-21T15:54:18.402+0000] {processor.py:208} INFO - Processing /opt/airflow/dags/tmdb_incremental_sync.py took 0.164 seconds
[2026-07-21T15:54:48.710+0000] {processor.py:186} INFO - Started process (PID=35767) to work on /opt/airflow/dags/tmdb_incremental_sync.py
[2026-07-21T15:54:48.712+0000] {processor.py:914} INFO - Processing file /opt/airflow/dags/tmdb_incremental_sync.py for tasks to queue
[2026-07-21T15:54:48.717+0000] {logging_mixin.py:190} INFO - [2026-07-21T15:54:48.716+0000] {dagbag.py:587} INFO - Filling up the DagBag from /opt/airflow/dags/tmdb_incremental_sync.py
[2026-07-21T15:54:48.747+0000] {processor.py:925} INFO - DAG(s) 'tmdb_incremental_sync' retrieved from /opt/airflow/dags/tmdb_incremental_sync.py
[2026-07-21T15:54:48.793+0000] {logging_mixin.py:190} INFO - [2026-07-21T15:54:48.793+0000] {dag.py:3211} INFO - Sync 1 DAGs
[2026-07-21T15:54:48.830+0000] {logging_mixin.py:190} INFO - [2026-07-21T15:54:48.829+0000] {dag.py:4138} INFO - Setting next_dagrun for tmdb_incremental_sync to 2026-07-21 00:00:00+00:00, run_after=2026-07-22 00:00:00+00:00
[2026-07-21T15:54:48.860+0000] {processor.py:208} INFO - Processing /opt/airflow/dags/tmdb_incremental_sync.py took 0.158 seconds
[2026-07-21T15:55:19.157+0000] {processor.py:186} INFO - Started process (PID=35777) to work on /opt/airflow/dags/tmdb_incremental_sync.py
[2026-07-21T15:55:19.158+0000] {processor.py:914} INFO - Processing file /opt/airflow/dags/tmdb_incremental_sync.py for tasks to queue
[2026-07-21T15:55:19.161+0000] {logging_mixin.py:190} INFO - [2026-07-21T15:55:19.161+0000] {dagbag.py:587} INFO - Filling up the DagBag from /opt/airflow/dags/tmdb_incremental_sync.py
[2026-07-21T15:55:19.191+0000] {processor.py:925} INFO - DAG(s) 'tmdb_incremental_sync' retrieved from /opt/airflow/dags/tmdb_incremental_sync.py
[2026-07-21T15:55:19.245+0000] {logging_mixin.py:190} INFO - [2026-07-21T15:55:19.244+0000] {dag.py:3211} INFO - Sync 1 DAGs
[2026-07-21T15:55:19.290+0000] {logging_mixin.py:190} INFO - [2026-07-21T15:55:19.290+0000] {dag.py:4138} INFO - Setting next_dagrun for tmdb_incremental_sync to 2026-07-21 00:00:00+00:00, run_after=2026-07-22 00:00:00+00:00
[2026-07-21T15:55:19.321+0000] {processor.py:208} INFO - Processing /opt/airflow/dags/tmdb_incremental_sync.py took 0.173 seconds
[2026-07-21T15:55:49.617+0000] {processor.py:186} INFO - Started process (PID=35787) to work on /opt/airflow/dags/tmdb_incremental_sync.py
[2026-07-21T15:55:49.619+0000] {processor.py:914} INFO - Processing file /opt/airflow/dags/tmdb_incremental_sync.py for tasks to queue
[2026-07-21T15:55:49.623+0000] {logging_mixin.py:190} INFO - [2026-07-21T15:55:49.623+0000] {dagbag.py:587} INFO - Filling up the DagBag from /opt/airflow/dags/tmdb_incremental_sync.py
[2026-07-21T15:55:49.717+0000] {processor.py:925} INFO - DAG(s) 'tmdb_incremental_sync' retrieved from /opt/airflow/dags/tmdb_incremental_sync.py
[2026-07-21T15:55:49.815+0000] {logging_mixin.py:190} INFO - [2026-07-21T15:55:49.815+0000] {dag.py:3211} INFO - Sync 1 DAGs
[2026-07-21T15:55:49.867+0000] {logging_mixin.py:190} INFO - [2026-07-21T15:55:49.867+0000] {dag.py:4138} INFO - Setting next_dagrun for tmdb_incremental_sync to 2026-07-21 00:00:00+00:00, run_after=2026-07-22 00:00:00+00:00
[2026-07-21T15:55:49.893+0000] {processor.py:208} INFO - Processing /opt/airflow/dags/tmdb_incremental_sync.py took 0.289 seconds
[2026-07-21T15:56:20.164+0000] {processor.py:186} INFO - Started process (PID=35797) to work on /opt/airflow/dags/tmdb_incremental_sync.py
[2026-07-21T15:56:20.165+0000] {processor.py:914} INFO - Processing file /opt/airflow/dags/tmdb_incremental_sync.py for tasks to queue
[2026-07-21T15:56:20.168+0000] {logging_mixin.py:190} INFO - [2026-07-21T15:56:20.168+0000] {dagbag.py:587} INFO - Filling up the DagBag from /opt/airflow/dags/tmdb_incremental_sync.py
[2026-07-21T15:56:20.200+0000] {processor.py:925} INFO - DAG(s) 'tmdb_incremental_sync' retrieved from /opt/airflow/dags/tmdb_incremental_sync.py
[2026-07-21T15:56:20.242+0000] {logging_mixin.py:190} INFO - [2026-07-21T15:56:20.241+0000] {dag.py:3211} INFO - Sync 1 DAGs
[2026-07-21T15:56:20.281+0000] {logging_mixin.py:190} INFO - [2026-07-21T15:56:20.280+0000] {dag.py:4138} INFO - Setting next_dagrun for tmdb_incremental_sync to 2026-07-21 00:00:00+00:00, run_after=2026-07-22 00:00:00+00:00
[2026-07-21T15:56:20.308+0000] {processor.py:208} INFO - Processing /opt/airflow/dags/tmdb_incremental_sync.py took 0.152 seconds
[2026-07-21T15:56:50.607+0000] {processor.py:186} INFO - Started process (PID=35807) to work on /opt/airflow/dags/tmdb_incremental_sync.py
[2026-07-21T15:56:50.609+0000] {processor.py:914} INFO - Processing file /opt/airflow/dags/tmdb_incremental_sync.py for tasks to queue
[2026-07-21T15:56:50.612+0000] {logging_mixin.py:190} INFO - [2026-07-21T15:56:50.611+0000] {dagbag.py:587} INFO - Filling up the DagBag from /opt/airflow/dags/tmdb_incremental_sync.py
[2026-07-21T15:56:50.642+0000] {processor.py:925} INFO - DAG(s) 'tmdb_incremental_sync' retrieved from /opt/airflow/dags/tmdb_incremental_sync.py
[2026-07-21T15:56:50.684+0000] {logging_mixin.py:190} INFO - [2026-07-21T15:56:50.684+0000] {dag.py:3211} INFO - Sync 1 DAGs
[2026-07-21T15:56:50.725+0000] {logging_mixin.py:190} INFO - [2026-07-21T15:56:50.725+0000] {dag.py:4138} INFO - Setting next_dagrun for tmdb_incremental_sync to 2026-07-21 00:00:00+00:00, run_after=2026-07-22 00:00:00+00:00
[2026-07-21T15:56:50.752+0000] {processor.py:208} INFO - Processing /opt/airflow/dags/tmdb_incremental_sync.py took 0.153 seconds
[2026-07-21T15:57:21.066+0000] {processor.py:186} INFO - Started process (PID=35817) to work on /opt/airflow/dags/tmdb_incremental_sync.py
[2026-07-21T15:57:21.068+0000] {processor.py:914} INFO - Processing file /opt/airflow/dags/tmdb_incremental_sync.py for tasks to queue
[2026-07-21T15:57:21.072+0000] {logging_mixin.py:190} INFO - [2026-07-21T15:57:21.071+0000] {dagbag.py:587} INFO - Filling up the DagBag from /opt/airflow/dags/tmdb_incremental_sync.py
[2026-07-21T15:57:21.112+0000] {processor.py:925} INFO - DAG(s) 'tmdb_incremental_sync' retrieved from /opt/airflow/dags/tmdb_incremental_sync.py
[2026-07-21T15:57:21.153+0000] {logging_mixin.py:190} INFO - [2026-07-21T15:57:21.153+0000] {dag.py:3211} INFO - Sync 1 DAGs
[2026-07-21T15:57:21.192+0000] {logging_mixin.py:190} INFO - [2026-07-21T15:57:21.192+0000] {dag.py:4138} INFO - Setting next_dagrun for tmdb_incremental_sync to 2026-07-21 00:00:00+00:00, run_after=2026-07-22 00:00:00+00:00
[2026-07-21T15:57:21.217+0000] {processor.py:208} INFO - Processing /opt/airflow/dags/tmdb_incremental_sync.py took 0.162 seconds
[2026-07-21T15:57:51.530+0000] {processor.py:186} INFO - Started process (PID=35827) to work on /opt/airflow/dags/tmdb_incremental_sync.py
[2026-07-21T15:57:51.531+0000] {processor.py:914} INFO - Processing file /opt/airflow/dags/tmdb_incremental_sync.py for tasks to queue
[2026-07-21T15:57:51.535+0000] {logging_mixin.py:190} INFO - [2026-07-21T15:57:51.535+0000] {dagbag.py:587} INFO - Filling up the DagBag from /opt/airflow/dags/tmdb_incremental_sync.py
[2026-07-21T15:57:51.564+0000] {processor.py:925} INFO - DAG(s) 'tmdb_incremental_sync' retrieved from /opt/airflow/dags/tmdb_incremental_sync.py
[2026-07-21T15:57:51.606+0000] {logging_mixin.py:190} INFO - [2026-07-21T15:57:51.606+0000] {dag.py:3211} INFO - Sync 1 DAGs
[2026-07-21T15:57:51.645+0000] {logging_mixin.py:190} INFO - [2026-07-21T15:57:51.644+0000] {dag.py:4138} INFO - Setting next_dagrun for tmdb_incremental_sync to 2026-07-21 00:00:00+00:00, run_after=2026-07-22 00:00:00+00:00
[2026-07-21T15:57:51.671+0000] {processor.py:208} INFO - Processing /opt/airflow/dags/tmdb_incremental_sync.py took 0.149 seconds
[2026-07-21T15:58:21.985+0000] {processor.py:186} INFO - Started process (PID=35837) to work on /opt/airflow/dags/tmdb_incremental_sync.py
[2026-07-21T15:58:21.986+0000] {processor.py:914} INFO - Processing file /opt/airflow/dags/tmdb_incremental_sync.py for tasks to queue
[2026-07-21T15:58:21.990+0000] {logging_mixin.py:190} INFO - [2026-07-21T15:58:21.990+0000] {dagbag.py:587} INFO - Filling up the DagBag from /opt/airflow/dags/tmdb_incremental_sync.py
[2026-07-21T15:58:22.019+0000] {processor.py:925} INFO - DAG(s) 'tmdb_incremental_sync' retrieved from /opt/airflow/dags/tmdb_incremental_sync.py
[2026-07-21T15:58:22.061+0000] {logging_mixin.py:190} INFO - [2026-07-21T15:58:22.061+0000] {dag.py:3211} INFO - Sync 1 DAGs
[2026-07-21T15:58:22.100+0000] {logging_mixin.py:190} INFO - [2026-07-21T15:58:22.100+0000] {dag.py:4138} INFO - Setting next_dagrun for tmdb_incremental_sync to 2026-07-21 00:00:00+00:00, run_after=2026-07-22 00:00:00+00:00
[2026-07-21T15:58:22.129+0000] {processor.py:208} INFO - Processing /opt/airflow/dags/tmdb_incremental_sync.py took 0.152 seconds
[2026-07-21T15:58:52.448+0000] {processor.py:186} INFO - Started process (PID=35847) to work on /opt/airflow/dags/tmdb_incremental_sync.py
[2026-07-21T15:58:52.449+0000] {processor.py:914} INFO - Processing file /opt/airflow/dags/tmdb_incremental_sync.py for tasks to queue
[2026-07-21T15:58:52.452+0000] {logging_mixin.py:190} INFO - [2026-07-21T15:58:52.452+0000] {dagbag.py:587} INFO - Filling up the DagBag from /opt/airflow/dags/tmdb_incremental_sync.py
[2026-07-21T15:58:52.482+0000] {processor.py:925} INFO - DAG(s) 'tmdb_incremental_sync' retrieved from /opt/airflow/dags/tmdb_incremental_sync.py
[2026-07-21T15:58:52.526+0000] {logging_mixin.py:190} INFO - [2026-07-21T15:58:52.526+0000] {dag.py:3211} INFO - Sync 1 DAGs
[2026-07-21T15:58:52.564+0000] {logging_mixin.py:190} INFO - [2026-07-21T15:58:52.564+0000] {dag.py:4138} INFO - Setting next_dagrun for tmdb_incremental_sync to 2026-07-21 00:00:00+00:00, run_after=2026-07-22 00:00:00+00:00
[2026-07-21T15:58:52.597+0000] {processor.py:208} INFO - Processing /opt/airflow/dags/tmdb_incremental_sync.py took 0.159 seconds
[2026-07-21T15:59:22.884+0000] {processor.py:186} INFO - Started process (PID=35857) to work on /opt/airflow/dags/tmdb_incremental_sync.py
[2026-07-21T15:59:22.885+0000] {processor.py:914} INFO - Processing file /opt/airflow/dags/tmdb_incremental_sync.py for tasks to queue
[2026-07-21T15:59:22.889+0000] {logging_mixin.py:190} INFO - [2026-07-21T15:59:22.888+0000] {dagbag.py:587} INFO - Filling up the DagBag from /opt/airflow/dags/tmdb_incremental_sync.py
[2026-07-21T15:59:22.918+0000] {processor.py:925} INFO - DAG(s) 'tmdb_incremental_sync' retrieved from /opt/airflow/dags/tmdb_incremental_sync.py
[2026-07-21T15:59:22.962+0000] {logging_mixin.py:190} INFO - [2026-07-21T15:59:22.962+0000] {dag.py:3211} INFO - Sync 1 DAGs
[2026-07-21T15:59:23.002+0000] {logging_mixin.py:190} INFO - [2026-07-21T15:59:23.002+0000] {dag.py:4138} INFO - Setting next_dagrun for tmdb_incremental_sync to 2026-07-21 00:00:00+00:00, run_after=2026-07-22 00:00:00+00:00
[2026-07-21T15:59:23.028+0000] {processor.py:208} INFO - Processing /opt/airflow/dags/tmdb_incremental_sync.py took 0.152 seconds
[2026-07-21T15:59:53.350+0000] {processor.py:186} INFO - Started process (PID=35867) to work on /opt/airflow/dags/tmdb_incremental_sync.py
[2026-07-21T15:59:53.352+0000] {processor.py:914} INFO - Processing file /opt/airflow/dags/tmdb_incremental_sync.py for tasks to queue
[2026-07-21T15:59:53.355+0000] {logging_mixin.py:190} INFO - [2026-07-21T15:59:53.355+0000] {dagbag.py:587} INFO - Filling up the DagBag from /opt/airflow/dags/tmdb_incremental_sync.py
[2026-07-21T15:59:53.386+0000] {processor.py:925} INFO - DAG(s) 'tmdb_incremental_sync' retrieved from /opt/airflow/dags/tmdb_incremental_sync.py
[2026-07-21T15:59:53.428+0000] {logging_mixin.py:190} INFO - [2026-07-21T15:59:53.428+0000] {dag.py:3211} INFO - Sync 1 DAGs
[2026-07-21T15:59:53.468+0000] {logging_mixin.py:190} INFO - [2026-07-21T15:59:53.467+0000] {dag.py:4138} INFO - Setting next_dagrun for tmdb_incremental_sync to 2026-07-21 00:00:00+00:00, run_after=2026-07-22 00:00:00+00:00
[2026-07-21T15:59:53.493+0000] {processor.py:208} INFO - Processing /opt/airflow/dags/tmdb_incremental_sync.py took 0.150 seconds
[2026-07-21T16:00:23.809+0000] {processor.py:186} INFO - Started process (PID=35877) to work on /opt/airflow/dags/tmdb_incremental_sync.py
[2026-07-21T16:00:23.810+0000] {processor.py:914} INFO - Processing file /opt/airflow/dags/tmdb_incremental_sync.py for tasks to queue
[2026-07-21T16:00:23.813+0000] {logging_mixin.py:190} INFO - [2026-07-21T16:00:23.813+0000] {dagbag.py:587} INFO - Filling up the DagBag from /opt/airflow/dags/tmdb_incremental_sync.py
[2026-07-21T16:00:23.844+0000] {processor.py:925} INFO - DAG(s) 'tmdb_incremental_sync' retrieved from /opt/airflow/dags/tmdb_incremental_sync.py
[2026-07-21T16:00:23.885+0000] {logging_mixin.py:190} INFO - [2026-07-21T16:00:23.885+0000] {dag.py:3211} INFO - Sync 1 DAGs
[2026-07-21T16:00:23.924+0000] {logging_mixin.py:190} INFO - [2026-07-21T16:00:23.923+0000] {dag.py:4138} INFO - Setting next_dagrun for tmdb_incremental_sync to 2026-07-21 00:00:00+00:00, run_after=2026-07-22 00:00:00+00:00
[2026-07-21T16:00:23.950+0000] {processor.py:208} INFO - Processing /opt/airflow/dags/tmdb_incremental_sync.py took 0.149 seconds
[2026-07-21T16:00:54.263+0000] {processor.py:186} INFO - Started process (PID=35887) to work on /opt/airflow/dags/tmdb_incremental_sync.py
[2026-07-21T16:00:54.264+0000] {processor.py:914} INFO - Processing file /opt/airflow/dags/tmdb_incremental_sync.py for tasks to queue
[2026-07-21T16:00:54.268+0000] {logging_mixin.py:190} INFO - [2026-07-21T16:00:54.268+0000] {dagbag.py:587} INFO - Filling up the DagBag from /opt/airflow/dags/tmdb_incremental_sync.py
[2026-07-21T16:00:54.298+0000] {processor.py:925} INFO - DAG(s) 'tmdb_incremental_sync' retrieved from /opt/airflow/dags/tmdb_incremental_sync.py
[2026-07-21T16:00:54.340+0000] {logging_mixin.py:190} INFO - [2026-07-21T16:00:54.340+0000] {dag.py:3211} INFO - Sync 1 DAGs
[2026-07-21T16:00:54.379+0000] {logging_mixin.py:190} INFO - [2026-07-21T16:00:54.378+0000] {dag.py:4138} INFO - Setting next_dagrun for tmdb_incremental_sync to 2026-07-21 00:00:00+00:00, run_after=2026-07-22 00:00:00+00:00
[2026-07-21T16:00:54.404+0000] {processor.py:208} INFO - Processing /opt/airflow/dags/tmdb_incremental_sync.py took 0.149 seconds
[2026-07-21T16:01:24.702+0000] {processor.py:186} INFO - Started process (PID=35897) to work on /opt/airflow/dags/tmdb_incremental_sync.py
[2026-07-21T16:01:24.703+0000] {processor.py:914} INFO - Processing file /opt/airflow/dags/tmdb_incremental_sync.py for tasks to queue
[2026-07-21T16:01:24.708+0000] {logging_mixin.py:190} INFO - [2026-07-21T16:01:24.707+0000] {dagbag.py:587} INFO - Filling up the DagBag from /opt/airflow/dags/tmdb_incremental_sync.py
[2026-07-21T16:01:24.739+0000] {processor.py:925} INFO - DAG(s) 'tmdb_incremental_sync' retrieved from /opt/airflow/dags/tmdb_incremental_sync.py
[2026-07-21T16:01:24.780+0000] {logging_mixin.py:190} INFO - [2026-07-21T16:01:24.779+0000] {dag.py:3211} INFO - Sync 1 DAGs
[2026-07-21T16:01:24.815+0000] {logging_mixin.py:190} INFO - [2026-07-21T16:01:24.815+0000] {dag.py:4138} INFO - Setting next_dagrun for tmdb_incremental_sync to 2026-07-21 00:00:00+00:00, run_after=2026-07-22 00:00:00+00:00
[2026-07-21T16:01:24.841+0000] {processor.py:208} INFO - Processing /opt/airflow/dags/tmdb_incremental_sync.py took 0.147 seconds
[2026-07-21T16:01:55.151+0000] {processor.py:186} INFO - Started process (PID=35907) to work on /opt/airflow/dags/tmdb_incremental_sync.py
[2026-07-21T16:01:55.152+0000] {processor.py:914} INFO - Processing file /opt/airflow/dags/tmdb_incremental_sync.py for tasks to queue
[2026-07-21T16:01:55.156+0000] {logging_mixin.py:190} INFO - [2026-07-21T16:01:55.155+0000] {dagbag.py:587} INFO - Filling up the DagBag from /opt/airflow/dags/tmdb_incremental_sync.py
[2026-07-21T16:01:55.184+0000] {processor.py:925} INFO - DAG(s) 'tmdb_incremental_sync' retrieved from /opt/airflow/dags/tmdb_incremental_sync.py
[2026-07-21T16:01:55.223+0000] {logging_mixin.py:190} INFO - [2026-07-21T16:01:55.222+0000] {dag.py:3211} INFO - Sync 1 DAGs
[2026-07-21T16:01:55.257+0000] {logging_mixin.py:190} INFO - [2026-07-21T16:01:55.256+0000] {dag.py:4138} INFO - Setting next_dagrun for tmdb_incremental_sync to 2026-07-21 00:00:00+00:00, run_after=2026-07-22 00:00:00+00:00
[2026-07-21T16:01:55.283+0000] {processor.py:208} INFO - Processing /opt/airflow/dags/tmdb_incremental_sync.py took 0.141 seconds
[2026-07-21T16:02:25.586+0000] {processor.py:186} INFO - Started process (PID=35917) to work on /opt/airflow/dags/tmdb_incremental_sync.py
[2026-07-21T16:02:25.588+0000] {processor.py:914} INFO - Processing file /opt/airflow/dags/tmdb_incremental_sync.py for tasks to queue
[2026-07-21T16:02:25.592+0000] {logging_mixin.py:190} INFO - [2026-07-21T16:02:25.592+0000] {dagbag.py:587} INFO - Filling up the DagBag from /opt/airflow/dags/tmdb_incremental_sync.py
[2026-07-21T16:02:25.623+0000] {processor.py:925} INFO - DAG(s) 'tmdb_incremental_sync' retrieved from /opt/airflow/dags/tmdb_incremental_sync.py
[2026-07-21T16:02:25.665+0000] {logging_mixin.py:190} INFO - [2026-07-21T16:02:25.664+0000] {dag.py:3211} INFO - Sync 1 DAGs
[2026-07-21T16:02:25.703+0000] {logging_mixin.py:190} INFO - [2026-07-21T16:02:25.703+0000] {dag.py:4138} INFO - Setting next_dagrun for tmdb_incremental_sync to 2026-07-21 00:00:00+00:00, run_after=2026-07-22 00:00:00+00:00
[2026-07-21T16:02:25.729+0000] {processor.py:208} INFO - Processing /opt/airflow/dags/tmdb_incremental_sync.py took 0.151 seconds
[2026-07-21T16:02:56.021+0000] {processor.py:186} INFO - Started process (PID=35927) to work on /opt/airflow/dags/tmdb_incremental_sync.py
[2026-07-21T16:02:56.022+0000] {processor.py:914} INFO - Processing file /opt/airflow/dags/tmdb_incremental_sync.py for tasks to queue
[2026-07-21T16:02:56.026+0000] {logging_mixin.py:190} INFO - [2026-07-21T16:02:56.025+0000] {dagbag.py:587} INFO - Filling up the DagBag from /opt/airflow/dags/tmdb_incremental_sync.py
[2026-07-21T16:02:56.056+0000] {processor.py:925} INFO - DAG(s) 'tmdb_incremental_sync' retrieved from /opt/airflow/dags/tmdb_incremental_sync.py
[2026-07-21T16:02:56.098+0000] {logging_mixin.py:190} INFO - [2026-07-21T16:02:56.098+0000] {dag.py:3211} INFO - Sync 1 DAGs
[2026-07-21T16:02:56.136+0000] {logging_mixin.py:190} INFO - [2026-07-21T16:02:56.136+0000] {dag.py:4138} INFO - Setting next_dagrun for tmdb_incremental_sync to 2026-07-21 00:00:00+00:00, run_after=2026-07-22 00:00:00+00:00
[2026-07-21T16:02:56.162+0000] {processor.py:208} INFO - Processing /opt/airflow/dags/tmdb_incremental_sync.py took 0.150 seconds
[2026-07-21T16:03:26.473+0000] {processor.py:186} INFO - Started process (PID=35937) to work on /opt/airflow/dags/tmdb_incremental_sync.py
[2026-07-21T16:03:26.475+0000] {processor.py:914} INFO - Processing file /opt/airflow/dags/tmdb_incremental_sync.py for tasks to queue
[2026-07-21T16:03:26.478+0000] {logging_mixin.py:190} INFO - [2026-07-21T16:03:26.478+0000] {dagbag.py:587} INFO - Filling up the DagBag from /opt/airflow/dags/tmdb_incremental_sync.py
[2026-07-21T16:03:26.509+0000] {processor.py:925} INFO - DAG(s) 'tmdb_incremental_sync' retrieved from /opt/airflow/dags/tmdb_incremental_sync.py
[2026-07-21T16:03:26.552+0000] {logging_mixin.py:190} INFO - [2026-07-21T16:03:26.551+0000] {dag.py:3211} INFO - Sync 1 DAGs
[2026-07-21T16:03:26.588+0000] {logging_mixin.py:190} INFO - [2026-07-21T16:03:26.588+0000] {dag.py:4138} INFO - Setting next_dagrun for tmdb_incremental_sync to 2026-07-21 00:00:00+00:00, run_after=2026-07-22 00:00:00+00:00
[2026-07-21T16:03:26.619+0000] {processor.py:208} INFO - Processing /opt/airflow/dags/tmdb_incremental_sync.py took 0.154 seconds
[2026-07-21T16:03:56.955+0000] {processor.py:186} INFO - Started process (PID=35947) to work on /opt/airflow/dags/tmdb_incremental_sync.py
[2026-07-21T16:03:56.956+0000] {processor.py:914} INFO - Processing file /opt/airflow/dags/tmdb_incremental_sync.py for tasks to queue
[2026-07-21T16:03:56.960+0000] {logging_mixin.py:190} INFO - [2026-07-21T16:03:56.959+0000] {dagbag.py:587} INFO - Filling up the DagBag from /opt/airflow/dags/tmdb_incremental_sync.py
[2026-07-21T16:03:56.992+0000] {processor.py:925} INFO - DAG(s) 'tmdb_incremental_sync' retrieved from /opt/airflow/dags/tmdb_incremental_sync.py
[2026-07-21T16:03:57.037+0000] {logging_mixin.py:190} INFO - [2026-07-21T16:03:57.036+0000] {dag.py:3211} INFO - Sync 1 DAGs
[2026-07-21T16:03:57.077+0000] {logging_mixin.py:190} INFO - [2026-07-21T16:03:57.076+0000] {dag.py:4138} INFO - Setting next_dagrun for tmdb_incremental_sync to 2026-07-21 00:00:00+00:00, run_after=2026-07-22 00:00:00+00:00
[2026-07-21T16:03:57.104+0000] {processor.py:208} INFO - Processing /opt/airflow/dags/tmdb_incremental_sync.py took 0.158 seconds
[2026-07-21T16:04:27.440+0000] {processor.py:186} INFO - Started process (PID=35957) to work on /opt/airflow/dags/tmdb_incremental_sync.py
[2026-07-21T16:04:27.441+0000] {processor.py:914} INFO - Processing file /opt/airflow/dags/tmdb_incremental_sync.py for tasks to queue
[2026-07-21T16:04:27.446+0000] {logging_mixin.py:190} INFO - [2026-07-21T16:04:27.445+0000] {dagbag.py:587} INFO - Filling up the DagBag from /opt/airflow/dags/tmdb_incremental_sync.py
[2026-07-21T16:04:27.475+0000] {processor.py:925} INFO - DAG(s) 'tmdb_incremental_sync' retrieved from /opt/airflow/dags/tmdb_incremental_sync.py
[2026-07-21T16:04:27.517+0000] {logging_mixin.py:190} INFO - [2026-07-21T16:04:27.517+0000] {dag.py:3211} INFO - Sync 1 DAGs
[2026-07-21T16:04:27.556+0000] {logging_mixin.py:190} INFO - [2026-07-21T16:04:27.556+0000] {dag.py:4138} INFO - Setting next_dagrun for tmdb_incremental_sync to 2026-07-21 00:00:00+00:00, run_after=2026-07-22 00:00:00+00:00
[2026-07-21T16:04:27.584+0000] {processor.py:208} INFO - Processing /opt/airflow/dags/tmdb_incremental_sync.py took 0.153 seconds
[2026-07-21T16:04:57.884+0000] {processor.py:186} INFO - Started process (PID=35967) to work on /opt/airflow/dags/tmdb_incremental_sync.py
[2026-07-21T16:04:57.886+0000] {processor.py:914} INFO - Processing file /opt/airflow/dags/tmdb_incremental_sync.py for tasks to queue
[2026-07-21T16:04:57.890+0000] {logging_mixin.py:190} INFO - [2026-07-21T16:04:57.889+0000] {dagbag.py:587} INFO - Filling up the DagBag from /opt/airflow/dags/tmdb_incremental_sync.py
[2026-07-21T16:04:57.920+0000] {processor.py:925} INFO - DAG(s) 'tmdb_incremental_sync' retrieved from /opt/airflow/dags/tmdb_incremental_sync.py
[2026-07-21T16:04:57.962+0000] {logging_mixin.py:190} INFO - [2026-07-21T16:04:57.962+0000] {dag.py:3211} INFO - Sync 1 DAGs
[2026-07-21T16:04:58.008+0000] {logging_mixin.py:190} INFO - [2026-07-21T16:04:58.008+0000] {dag.py:4138} INFO - Setting next_dagrun for tmdb_incremental_sync to 2026-07-21 00:00:00+00:00, run_after=2026-07-22 00:00:00+00:00
[2026-07-21T16:04:58.035+0000] {processor.py:208} INFO - Processing /opt/airflow/dags/tmdb_incremental_sync.py took 0.160 seconds
[2026-07-21T16:05:28.337+0000] {processor.py:186} INFO - Started process (PID=35977) to work on /opt/airflow/dags/tmdb_incremental_sync.py
[2026-07-21T16:05:28.338+0000] {processor.py:914} INFO - Processing file /opt/airflow/dags/tmdb_incremental_sync.py for tasks to queue
[2026-07-21T16:05:28.341+0000] {logging_mixin.py:190} INFO - [2026-07-21T16:05:28.341+0000] {dagbag.py:587} INFO - Filling up the DagBag from /opt/airflow/dags/tmdb_incremental_sync.py
[2026-07-21T16:05:28.371+0000] {processor.py:925} INFO - DAG(s) 'tmdb_incremental_sync' retrieved from /opt/airflow/dags/tmdb_incremental_sync.py
[2026-07-21T16:05:28.412+0000] {logging_mixin.py:190} INFO - [2026-07-21T16:05:28.412+0000] {dag.py:3211} INFO - Sync 1 DAGs
[2026-07-21T16:05:28.452+0000] {logging_mixin.py:190} INFO - [2026-07-21T16:05:28.452+0000] {dag.py:4138} INFO - Setting next_dagrun for tmdb_incremental_sync to 2026-07-21 00:00:00+00:00, run_after=2026-07-22 00:00:00+00:00
[2026-07-21T16:05:28.481+0000] {processor.py:208} INFO - Processing /opt/airflow/dags/tmdb_incremental_sync.py took 0.152 seconds
[2026-07-21T16:05:59.406+0000] {processor.py:186} INFO - Started process (PID=35987) to work on /opt/airflow/dags/tmdb_incremental_sync.py
[2026-07-21T16:05:59.413+0000] {processor.py:914} INFO - Processing file /opt/airflow/dags/tmdb_incremental_sync.py for tasks to queue
[2026-07-21T16:05:59.424+0000] {logging_mixin.py:190} INFO - [2026-07-21T16:05:59.423+0000] {dagbag.py:587} INFO - Filling up the DagBag from /opt/airflow/dags/tmdb_incremental_sync.py
[2026-07-21T16:05:59.684+0000] {processor.py:925} INFO - DAG(s) 'tmdb_incremental_sync' retrieved from /opt/airflow/dags/tmdb_incremental_sync.py
[2026-07-21T16:05:59.788+0000] {logging_mixin.py:190} INFO - [2026-07-21T16:05:59.788+0000] {dag.py:3211} INFO - Sync 1 DAGs
[2026-07-21T16:05:59.848+0000] {logging_mixin.py:190} INFO - [2026-07-21T16:05:59.848+0000] {dag.py:4138} INFO - Setting next_dagrun for tmdb_incremental_sync to 2026-07-21 00:00:00+00:00, run_after=2026-07-22 00:00:00+00:00
[2026-07-21T16:05:59.876+0000] {processor.py:208} INFO - Processing /opt/airflow/dags/tmdb_incremental_sync.py took 0.732 seconds
[2026-07-21T16:06:30.196+0000] {processor.py:186} INFO - Started process (PID=35997) to work on /opt/airflow/dags/tmdb_incremental_sync.py
[2026-07-21T16:06:30.198+0000] {processor.py:914} INFO - Processing file /opt/airflow/dags/tmdb_incremental_sync.py for tasks to queue
[2026-07-21T16:06:30.201+0000] {logging_mixin.py:190} INFO - [2026-07-21T16:06:30.201+0000] {dagbag.py:587} INFO - Filling up the DagBag from /opt/airflow/dags/tmdb_incremental_sync.py
[2026-07-21T16:06:30.233+0000] {processor.py:925} INFO - DAG(s) 'tmdb_incremental_sync' retrieved from /opt/airflow/dags/tmdb_incremental_sync.py
[2026-07-21T16:06:30.279+0000] {logging_mixin.py:190} INFO - [2026-07-21T16:06:30.279+0000] {dag.py:3211} INFO - Sync 1 DAGs
[2026-07-21T16:06:30.319+0000] {logging_mixin.py:190} INFO - [2026-07-21T16:06:30.318+0000] {dag.py:4138} INFO - Setting next_dagrun for tmdb_incremental_sync to 2026-07-21 00:00:00+00:00, run_after=2026-07-22 00:00:00+00:00
[2026-07-21T16:06:30.346+0000] {processor.py:208} INFO - Processing /opt/airflow/dags/tmdb_incremental_sync.py took 0.160 seconds
[2026-07-21T16:07:00.711+0000] {processor.py:186} INFO - Started process (PID=36007) to work on /opt/airflow/dags/tmdb_incremental_sync.py
[2026-07-21T16:07:00.712+0000] {processor.py:914} INFO - Processing file /opt/airflow/dags/tmdb_incremental_sync.py for tasks to queue
[2026-07-21T16:07:00.716+0000] {logging_mixin.py:190} INFO - [2026-07-21T16:07:00.715+0000] {dagbag.py:587} INFO - Filling up the DagBag from /opt/airflow/dags/tmdb_incremental_sync.py
[2026-07-21T16:07:00.746+0000] {processor.py:925} INFO - DAG(s) 'tmdb_incremental_sync' retrieved from /opt/airflow/dags/tmdb_incremental_sync.py
[2026-07-21T16:07:00.788+0000] {logging_mixin.py:190} INFO - [2026-07-21T16:07:00.788+0000] {dag.py:3211} INFO - Sync 1 DAGs
[2026-07-21T16:07:00.826+0000] {logging_mixin.py:190} INFO - [2026-07-21T16:07:00.825+0000] {dag.py:4138} INFO - Setting next_dagrun for tmdb_incremental_sync to 2026-07-21 00:00:00+00:00, run_after=2026-07-22 00:00:00+00:00
[2026-07-21T16:07:00.851+0000] {processor.py:208} INFO - Processing /opt/airflow/dags/tmdb_incremental_sync.py took 0.149 seconds
[2026-07-21T16:07:34.904+0000] {processor.py:186} INFO - Started process (PID=36017) to work on /opt/airflow/dags/tmdb_incremental_sync.py
[2026-07-21T16:07:34.905+0000] {processor.py:914} INFO - Processing file /opt/airflow/dags/tmdb_incremental_sync.py for tasks to queue
[2026-07-21T16:07:34.909+0000] {logging_mixin.py:190} INFO - [2026-07-21T16:07:34.908+0000] {dagbag.py:587} INFO - Filling up the DagBag from /opt/airflow/dags/tmdb_incremental_sync.py
[2026-07-21T16:07:34.938+0000] {processor.py:925} INFO - DAG(s) 'tmdb_incremental_sync' retrieved from /opt/airflow/dags/tmdb_incremental_sync.py
[2026-07-21T16:07:34.979+0000] {logging_mixin.py:190} INFO - [2026-07-21T16:07:34.979+0000] {dag.py:3211} INFO - Sync 1 DAGs
[2026-07-21T16:07:35.030+0000] {logging_mixin.py:190} INFO - [2026-07-21T16:07:35.029+0000] {dag.py:4138} INFO - Setting next_dagrun for tmdb_incremental_sync to 2026-07-21 00:00:00+00:00, run_after=2026-07-22 00:00:00+00:00
[2026-07-21T16:07:35.057+0000] {processor.py:208} INFO - Processing /opt/airflow/dags/tmdb_incremental_sync.py took 0.162 seconds
[2026-07-21T16:20:34.038+0000] {processor.py:186} INFO - Started process (PID=36027) to work on /opt/airflow/dags/tmdb_incremental_sync.py
[2026-07-21T16:20:34.040+0000] {processor.py:914} INFO - Processing file /opt/airflow/dags/tmdb_incremental_sync.py for tasks to queue
[2026-07-21T16:20:34.044+0000] {logging_mixin.py:190} INFO - [2026-07-21T16:20:34.043+0000] {dagbag.py:587} INFO - Filling up the DagBag from /opt/airflow/dags/tmdb_incremental_sync.py
[2026-07-21T16:20:34.077+0000] {processor.py:925} INFO - DAG(s) 'tmdb_incremental_sync' retrieved from /opt/airflow/dags/tmdb_incremental_sync.py
[2026-07-21T16:20:34.119+0000] {logging_mixin.py:190} INFO - [2026-07-21T16:20:34.119+0000] {dag.py:3211} INFO - Sync 1 DAGs
[2026-07-21T16:20:34.157+0000] {logging_mixin.py:190} INFO - [2026-07-21T16:20:34.157+0000] {dag.py:4138} INFO - Setting next_dagrun for tmdb_incremental_sync to 2026-07-21 00:00:00+00:00, run_after=2026-07-22 00:00:00+00:00
[2026-07-21T16:20:34.185+0000] {processor.py:208} INFO - Processing /opt/airflow/dags/tmdb_incremental_sync.py took 0.155 seconds
[2026-07-21T16:21:04.500+0000] {processor.py:186} INFO - Started process (PID=36037) to work on /opt/airflow/dags/tmdb_incremental_sync.py
[2026-07-21T16:21:04.501+0000] {processor.py:914} INFO - Processing file /opt/airflow/dags/tmdb_incremental_sync.py for tasks to queue
[2026-07-21T16:21:04.504+0000] {logging_mixin.py:190} INFO - [2026-07-21T16:21:04.504+0000] {dagbag.py:587} INFO - Filling up the DagBag from /opt/airflow/dags/tmdb_incremental_sync.py
[2026-07-21T16:21:04.537+0000] {processor.py:925} INFO - DAG(s) 'tmdb_incremental_sync' retrieved from /opt/airflow/dags/tmdb_incremental_sync.py
[2026-07-21T16:21:04.579+0000] {logging_mixin.py:190} INFO - [2026-07-21T16:21:04.578+0000] {dag.py:3211} INFO - Sync 1 DAGs
[2026-07-21T16:21:04.619+0000] {logging_mixin.py:190} INFO - [2026-07-21T16:21:04.618+0000] {dag.py:4138} INFO - Setting next_dagrun for tmdb_incremental_sync to 2026-07-21 00:00:00+00:00, run_after=2026-07-22 00:00:00+00:00
[2026-07-21T16:21:04.645+0000] {processor.py:208} INFO - Processing /opt/airflow/dags/tmdb_incremental_sync.py took 0.153 seconds
[2026-07-21T16:21:34.935+0000] {processor.py:186} INFO - Started process (PID=36047) to work on /opt/airflow/dags/tmdb_incremental_sync.py
[2026-07-21T16:21:34.937+0000] {processor.py:914} INFO - Processing file /opt/airflow/dags/tmdb_incremental_sync.py for tasks to queue
[2026-07-21T16:21:34.940+0000] {logging_mixin.py:190} INFO - [2026-07-21T16:21:34.940+0000] {dagbag.py:587} INFO - Filling up the DagBag from /opt/airflow/dags/tmdb_incremental_sync.py
[2026-07-21T16:21:34.970+0000] {processor.py:925} INFO - DAG(s) 'tmdb_incremental_sync' retrieved from /opt/airflow/dags/tmdb_incremental_sync.py
[2026-07-21T16:21:35.011+0000] {logging_mixin.py:190} INFO - [2026-07-21T16:21:35.010+0000] {dag.py:3211} INFO - Sync 1 DAGs
[2026-07-21T16:21:35.050+0000] {logging_mixin.py:190} INFO - [2026-07-21T16:21:35.049+0000] {dag.py:4138} INFO - Setting next_dagrun for tmdb_incremental_sync to 2026-07-21 00:00:00+00:00, run_after=2026-07-22 00:00:00+00:00
[2026-07-21T16:21:35.075+0000] {processor.py:208} INFO - Processing /opt/airflow/dags/tmdb_incremental_sync.py took 0.148 seconds
[2026-07-21T16:22:05.390+0000] {processor.py:186} INFO - Started process (PID=36057) to work on /opt/airflow/dags/tmdb_incremental_sync.py
[2026-07-21T16:22:05.391+0000] {processor.py:914} INFO - Processing file /opt/airflow/dags/tmdb_incremental_sync.py for tasks to queue
[2026-07-21T16:22:05.395+0000] {logging_mixin.py:190} INFO - [2026-07-21T16:22:05.395+0000] {dagbag.py:587} INFO - Filling up the DagBag from /opt/airflow/dags/tmdb_incremental_sync.py
[2026-07-21T16:22:05.424+0000] {processor.py:925} INFO - DAG(s) 'tmdb_incremental_sync' retrieved from /opt/airflow/dags/tmdb_incremental_sync.py
[2026-07-21T16:22:05.466+0000] {logging_mixin.py:190} INFO - [2026-07-21T16:22:05.466+0000] {dag.py:3211} INFO - Sync 1 DAGs
[2026-07-21T16:22:05.504+0000] {logging_mixin.py:190} INFO - [2026-07-21T16:22:05.504+0000] {dag.py:4138} INFO - Setting next_dagrun for tmdb_incremental_sync to 2026-07-21 00:00:00+00:00, run_after=2026-07-22 00:00:00+00:00
[2026-07-21T16:22:05.530+0000] {processor.py:208} INFO - Processing /opt/airflow/dags/tmdb_incremental_sync.py took 0.147 seconds
[2026-07-21T16:22:35.847+0000] {processor.py:186} INFO - Started process (PID=36067) to work on /opt/airflow/dags/tmdb_incremental_sync.py
[2026-07-21T16:22:35.849+0000] {processor.py:914} INFO - Processing file /opt/airflow/dags/tmdb_incremental_sync.py for tasks to queue
[2026-07-21T16:22:35.853+0000] {logging_mixin.py:190} INFO - [2026-07-21T16:22:35.852+0000] {dagbag.py:587} INFO - Filling up the DagBag from /opt/airflow/dags/tmdb_incremental_sync.py
[2026-07-21T16:22:35.884+0000] {processor.py:925} INFO - DAG(s) 'tmdb_incremental_sync' retrieved from /opt/airflow/dags/tmdb_incremental_sync.py
[2026-07-21T16:22:35.925+0000] {logging_mixin.py:190} INFO - [2026-07-21T16:22:35.924+0000] {dag.py:3211} INFO - Sync 1 DAGs
[2026-07-21T16:22:35.963+0000] {logging_mixin.py:190} INFO - [2026-07-21T16:22:35.962+0000] {dag.py:4138} INFO - Setting next_dagrun for tmdb_incremental_sync to 2026-07-21 00:00:00+00:00, run_after=2026-07-22 00:00:00+00:00
[2026-07-21T16:22:35.988+0000] {processor.py:208} INFO - Processing /opt/airflow/dags/tmdb_incremental_sync.py took 0.149 seconds
[2026-07-21T16:23:06.289+0000] {processor.py:186} INFO - Started process (PID=36077) to work on /opt/airflow/dags/tmdb_incremental_sync.py
[2026-07-21T16:23:06.290+0000] {processor.py:914} INFO - Processing file /opt/airflow/dags/tmdb_incremental_sync.py for tasks to queue
[2026-07-21T16:23:06.293+0000] {logging_mixin.py:190} INFO - [2026-07-21T16:23:06.293+0000] {dagbag.py:587} INFO - Filling up the DagBag from /opt/airflow/dags/tmdb_incremental_sync.py
[2026-07-21T16:23:06.326+0000] {processor.py:925} INFO - DAG(s) 'tmdb_incremental_sync' retrieved from /opt/airflow/dags/tmdb_incremental_sync.py
[2026-07-21T16:23:06.370+0000] {logging_mixin.py:190} INFO - [2026-07-21T16:23:06.370+0000] {dag.py:3211} INFO - Sync 1 DAGs
[2026-07-21T16:23:06.409+0000] {logging_mixin.py:190} INFO - [2026-07-21T16:23:06.409+0000] {dag.py:4138} INFO - Setting next_dagrun for tmdb_incremental_sync to 2026-07-21 00:00:00+00:00, run_after=2026-07-22 00:00:00+00:00
[2026-07-21T16:23:06.437+0000] {processor.py:208} INFO - Processing /opt/airflow/dags/tmdb_incremental_sync.py took 0.157 seconds
[2026-07-21T16:23:36.757+0000] {processor.py:186} INFO - Started process (PID=36087) to work on /opt/airflow/dags/tmdb_incremental_sync.py
[2026-07-21T16:23:36.759+0000] {processor.py:914} INFO - Processing file /opt/airflow/dags/tmdb_incremental_sync.py for tasks to queue
[2026-07-21T16:23:36.763+0000] {logging_mixin.py:190} INFO - [2026-07-21T16:23:36.762+0000] {dagbag.py:587} INFO - Filling up the DagBag from /opt/airflow/dags/tmdb_incremental_sync.py
[2026-07-21T16:23:36.798+0000] {processor.py:925} INFO - DAG(s) 'tmdb_incremental_sync' retrieved from /opt/airflow/dags/tmdb_incremental_sync.py
[2026-07-21T16:23:36.839+0000] {logging_mixin.py:190} INFO - [2026-07-21T16:23:36.839+0000] {dag.py:3211} INFO - Sync 1 DAGs
[2026-07-21T16:23:36.880+0000] {logging_mixin.py:190} INFO - [2026-07-21T16:23:36.879+0000] {dag.py:4138} INFO - Setting next_dagrun for tmdb_incremental_sync to 2026-07-21 00:00:00+00:00, run_after=2026-07-22 00:00:00+00:00
[2026-07-21T16:23:36.905+0000] {processor.py:208} INFO - Processing /opt/airflow/dags/tmdb_incremental_sync.py took 0.157 seconds
[2026-07-21T16:24:07.204+0000] {processor.py:186} INFO - Started process (PID=36097) to work on /opt/airflow/dags/tmdb_incremental_sync.py
[2026-07-21T16:24:07.205+0000] {processor.py:914} INFO - Processing file /opt/airflow/dags/tmdb_incremental_sync.py for tasks to queue
[2026-07-21T16:24:07.209+0000] {logging_mixin.py:190} INFO - [2026-07-21T16:24:07.208+0000] {dagbag.py:587} INFO - Filling up the DagBag from /opt/airflow/dags/tmdb_incremental_sync.py
[2026-07-21T16:24:07.240+0000] {processor.py:925} INFO - DAG(s) 'tmdb_incremental_sync' retrieved from /opt/airflow/dags/tmdb_incremental_sync.py
[2026-07-21T16:24:07.282+0000] {logging_mixin.py:190} INFO - [2026-07-21T16:24:07.282+0000] {dag.py:3211} INFO - Sync 1 DAGs
[2026-07-21T16:24:07.323+0000] {logging_mixin.py:190} INFO - [2026-07-21T16:24:07.322+0000] {dag.py:4138} INFO - Setting next_dagrun for tmdb_incremental_sync to 2026-07-21 00:00:00+00:00, run_after=2026-07-22 00:00:00+00:00
[2026-07-21T16:24:07.348+0000] {processor.py:208} INFO - Processing /opt/airflow/dags/tmdb_incremental_sync.py took 0.153 seconds
[2026-07-21T16:24:37.664+0000] {processor.py:186} INFO - Started process (PID=36107) to work on /opt/airflow/dags/tmdb_incremental_sync.py
[2026-07-21T16:24:37.666+0000] {processor.py:914} INFO - Processing file /opt/airflow/dags/tmdb_incremental_sync.py for tasks to queue
[2026-07-21T16:24:37.669+0000] {logging_mixin.py:190} INFO - [2026-07-21T16:24:37.669+0000] {dagbag.py:587} INFO - Filling up the DagBag from /opt/airflow/dags/tmdb_incremental_sync.py
[2026-07-21T16:24:37.700+0000] {processor.py:925} INFO - DAG(s) 'tmdb_incremental_sync' retrieved from /opt/airflow/dags/tmdb_incremental_sync.py
[2026-07-21T16:24:37.743+0000] {logging_mixin.py:190} INFO - [2026-07-21T16:24:37.742+0000] {dag.py:3211} INFO - Sync 1 DAGs
[2026-07-21T16:24:37.782+0000] {logging_mixin.py:190} INFO - [2026-07-21T16:24:37.781+0000] {dag.py:4138} INFO - Setting next_dagrun for tmdb_incremental_sync to 2026-07-21 00:00:00+00:00, run_after=2026-07-22 00:00:00+00:00
[2026-07-21T16:24:37.811+0000] {processor.py:208} INFO - Processing /opt/airflow/dags/tmdb_incremental_sync.py took 0.155 seconds
[2026-07-21T16:25:08.113+0000] {processor.py:186} INFO - Started process (PID=36117) to work on /opt/airflow/dags/tmdb_incremental_sync.py
[2026-07-21T16:25:08.115+0000] {processor.py:914} INFO - Processing file /opt/airflow/dags/tmdb_incremental_sync.py for tasks to queue
[2026-07-21T16:25:08.118+0000] {logging_mixin.py:190} INFO - [2026-07-21T16:25:08.118+0000] {dagbag.py:587} INFO - Filling up the DagBag from /opt/airflow/dags/tmdb_incremental_sync.py
[2026-07-21T16:25:08.148+0000] {processor.py:925} INFO - DAG(s) 'tmdb_incremental_sync' retrieved from /opt/airflow/dags/tmdb_incremental_sync.py
[2026-07-21T16:25:08.190+0000] {logging_mixin.py:190} INFO - [2026-07-21T16:25:08.189+0000] {dag.py:3211} INFO - Sync 1 DAGs
[2026-07-21T16:25:08.228+0000] {logging_mixin.py:190} INFO - [2026-07-21T16:25:08.228+0000] {dag.py:4138} INFO - Setting next_dagrun for tmdb_incremental_sync to 2026-07-21 00:00:00+00:00, run_after=2026-07-22 00:00:00+00:00
[2026-07-21T16:25:08.255+0000] {processor.py:208} INFO - Processing /opt/airflow/dags/tmdb_incremental_sync.py took 0.150 seconds
[2026-07-21T16:25:38.581+0000] {processor.py:186} INFO - Started process (PID=36127) to work on /opt/airflow/dags/tmdb_incremental_sync.py
[2026-07-21T16:25:38.582+0000] {processor.py:914} INFO - Processing file /opt/airflow/dags/tmdb_incremental_sync.py for tasks to queue
[2026-07-21T16:25:38.586+0000] {logging_mixin.py:190} INFO - [2026-07-21T16:25:38.586+0000] {dagbag.py:587} INFO - Filling up the DagBag from /opt/airflow/dags/tmdb_incremental_sync.py
[2026-07-21T16:25:38.616+0000] {processor.py:925} INFO - DAG(s) 'tmdb_incremental_sync' retrieved from /opt/airflow/dags/tmdb_incremental_sync.py
[2026-07-21T16:25:38.657+0000] {logging_mixin.py:190} INFO - [2026-07-21T16:25:38.657+0000] {dag.py:3211} INFO - Sync 1 DAGs
[2026-07-21T16:25:38.695+0000] {logging_mixin.py:190} INFO - [2026-07-21T16:25:38.695+0000] {dag.py:4138} INFO - Setting next_dagrun for tmdb_incremental_sync to 2026-07-21 00:00:00+00:00, run_after=2026-07-22 00:00:00+00:00
[2026-07-21T16:25:38.729+0000] {processor.py:208} INFO - Processing /opt/airflow/dags/tmdb_incremental_sync.py took 0.157 seconds
[2026-07-21T16:26:09.039+0000] {processor.py:186} INFO - Started process (PID=36137) to work on /opt/airflow/dags/tmdb_incremental_sync.py
[2026-07-21T16:26:09.040+0000] {processor.py:914} INFO - Processing file /opt/airflow/dags/tmdb_incremental_sync.py for tasks to queue
[2026-07-21T16:26:09.043+0000] {logging_mixin.py:190} INFO - [2026-07-21T16:26:09.043+0000] {dagbag.py:587} INFO - Filling up the DagBag from /opt/airflow/dags/tmdb_incremental_sync.py
[2026-07-21T16:26:09.072+0000] {processor.py:925} INFO - DAG(s) 'tmdb_incremental_sync' retrieved from /opt/airflow/dags/tmdb_incremental_sync.py
[2026-07-21T16:26:09.114+0000] {logging_mixin.py:190} INFO - [2026-07-21T16:26:09.114+0000] {dag.py:3211} INFO - Sync 1 DAGs
[2026-07-21T16:26:09.154+0000] {logging_mixin.py:190} INFO - [2026-07-21T16:26:09.154+0000] {dag.py:4138} INFO - Setting next_dagrun for tmdb_incremental_sync to 2026-07-21 00:00:00+00:00, run_after=2026-07-22 00:00:00+00:00
[2026-07-21T16:26:09.183+0000] {processor.py:208} INFO - Processing /opt/airflow/dags/tmdb_incremental_sync.py took 0.153 seconds
[2026-07-21T16:26:39.491+0000] {processor.py:186} INFO - Started process (PID=36147) to work on /opt/airflow/dags/tmdb_incremental_sync.py
[2026-07-21T16:26:39.492+0000] {processor.py:914} INFO - Processing file /opt/airflow/dags/tmdb_incremental_sync.py for tasks to queue
[2026-07-21T16:26:39.496+0000] {logging_mixin.py:190} INFO - [2026-07-21T16:26:39.495+0000] {dagbag.py:587} INFO - Filling up the DagBag from /opt/airflow/dags/tmdb_incremental_sync.py
[2026-07-21T16:26:39.524+0000] {processor.py:925} INFO - DAG(s) 'tmdb_incremental_sync' retrieved from /opt/airflow/dags/tmdb_incremental_sync.py
[2026-07-21T16:26:39.565+0000] {logging_mixin.py:190} INFO - [2026-07-21T16:26:39.564+0000] {dag.py:3211} INFO - Sync 1 DAGs
[2026-07-21T16:26:39.604+0000] {logging_mixin.py:190} INFO - [2026-07-21T16:26:39.604+0000] {dag.py:4138} INFO - Setting next_dagrun for tmdb_incremental_sync to 2026-07-21 00:00:00+00:00, run_after=2026-07-22 00:00:00+00:00
[2026-07-21T16:26:39.630+0000] {processor.py:208} INFO - Processing /opt/airflow/dags/tmdb_incremental_sync.py took 0.147 seconds
[2026-07-21T16:27:09.933+0000] {processor.py:186} INFO - Started process (PID=36157) to work on /opt/airflow/dags/tmdb_incremental_sync.py
[2026-07-21T16:27:09.934+0000] {processor.py:914} INFO - Processing file /opt/airflow/dags/tmdb_incremental_sync.py for tasks to queue
[2026-07-21T16:27:09.938+0000] {logging_mixin.py:190} INFO - [2026-07-21T16:27:09.937+0000] {dagbag.py:587} INFO - Filling up the DagBag from /opt/airflow/dags/tmdb_incremental_sync.py
[2026-07-21T16:27:09.967+0000] {processor.py:925} INFO - DAG(s) 'tmdb_incremental_sync' retrieved from /opt/airflow/dags/tmdb_incremental_sync.py
[2026-07-21T16:27:10.010+0000] {logging_mixin.py:190} INFO - [2026-07-21T16:27:10.010+0000] {dag.py:3211} INFO - Sync 1 DAGs
[2026-07-21T16:27:10.049+0000] {logging_mixin.py:190} INFO - [2026-07-21T16:27:10.048+0000] {dag.py:4138} INFO - Setting next_dagrun for tmdb_incremental_sync to 2026-07-21 00:00:00+00:00, run_after=2026-07-22 00:00:00+00:00
[2026-07-21T16:27:10.075+0000] {processor.py:208} INFO - Processing /opt/airflow/dags/tmdb_incremental_sync.py took 0.150 seconds
[2026-07-21T16:27:40.396+0000] {processor.py:186} INFO - Started process (PID=36167) to work on /opt/airflow/dags/tmdb_incremental_sync.py
[2026-07-21T16:27:40.398+0000] {processor.py:914} INFO - Processing file /opt/airflow/dags/tmdb_incremental_sync.py for tasks to queue
[2026-07-21T16:27:40.401+0000] {logging_mixin.py:190} INFO - [2026-07-21T16:27:40.401+0000] {dagbag.py:587} INFO - Filling up the DagBag from /opt/airflow/dags/tmdb_incremental_sync.py
[2026-07-21T16:27:40.430+0000] {processor.py:925} INFO - DAG(s) 'tmdb_incremental_sync' retrieved from /opt/airflow/dags/tmdb_incremental_sync.py
[2026-07-21T16:27:40.473+0000] {logging_mixin.py:190} INFO - [2026-07-21T16:27:40.473+0000] {dag.py:3211} INFO - Sync 1 DAGs
[2026-07-21T16:27:40.510+0000] {logging_mixin.py:190} INFO - [2026-07-21T16:27:40.510+0000] {dag.py:4138} INFO - Setting next_dagrun for tmdb_incremental_sync to 2026-07-21 00:00:00+00:00, run_after=2026-07-22 00:00:00+00:00
[2026-07-21T16:27:40.536+0000] {processor.py:208} INFO - Processing /opt/airflow/dags/tmdb_incremental_sync.py took 0.148 seconds
[2026-07-21T16:28:10.842+0000] {processor.py:186} INFO - Started process (PID=36177) to work on /opt/airflow/dags/tmdb_incremental_sync.py
[2026-07-21T16:28:10.843+0000] {processor.py:914} INFO - Processing file /opt/airflow/dags/tmdb_incremental_sync.py for tasks to queue
[2026-07-21T16:28:10.847+0000] {logging_mixin.py:190} INFO - [2026-07-21T16:28:10.846+0000] {dagbag.py:587} INFO - Filling up the DagBag from /opt/airflow/dags/tmdb_incremental_sync.py
[2026-07-21T16:28:10.898+0000] {processor.py:925} INFO - DAG(s) 'tmdb_incremental_sync' retrieved from /opt/airflow/dags/tmdb_incremental_sync.py
[2026-07-21T16:28:10.970+0000] {logging_mixin.py:190} INFO - [2026-07-21T16:28:10.969+0000] {dag.py:3211} INFO - Sync 1 DAGs
[2026-07-21T16:28:11.052+0000] {logging_mixin.py:190} INFO - [2026-07-21T16:28:11.051+0000] {dag.py:4138} INFO - Setting next_dagrun for tmdb_incremental_sync to 2026-07-21 00:00:00+00:00, run_after=2026-07-22 00:00:00+00:00
[2026-07-21T16:28:11.102+0000] {processor.py:208} INFO - Processing /opt/airflow/dags/tmdb_incremental_sync.py took 0.269 seconds
[2026-07-21T16:28:41.524+0000] {processor.py:186} INFO - Started process (PID=36187) to work on /opt/airflow/dags/tmdb_incremental_sync.py
[2026-07-21T16:28:41.526+0000] {processor.py:914} INFO - Processing file /opt/airflow/dags/tmdb_incremental_sync.py for tasks to queue
[2026-07-21T16:28:41.530+0000] {logging_mixin.py:190} INFO - [2026-07-21T16:28:41.529+0000] {dagbag.py:587} INFO - Filling up the DagBag from /opt/airflow/dags/tmdb_incremental_sync.py
[2026-07-21T16:28:41.559+0000] {processor.py:925} INFO - DAG(s) 'tmdb_incremental_sync' retrieved from /opt/airflow/dags/tmdb_incremental_sync.py
[2026-07-21T16:28:41.601+0000] {logging_mixin.py:190} INFO - [2026-07-21T16:28:41.600+0000] {dag.py:3211} INFO - Sync 1 DAGs
[2026-07-21T16:28:41.639+0000] {logging_mixin.py:190} INFO - [2026-07-21T16:28:41.638+0000] {dag.py:4138} INFO - Setting next_dagrun for tmdb_incremental_sync to 2026-07-21 00:00:00+00:00, run_after=2026-07-22 00:00:00+00:00
[2026-07-21T16:28:41.666+0000] {processor.py:208} INFO - Processing /opt/airflow/dags/tmdb_incremental_sync.py took 0.150 seconds
[2026-07-21T16:29:11.962+0000] {processor.py:186} INFO - Started process (PID=36197) to work on /opt/airflow/dags/tmdb_incremental_sync.py
[2026-07-21T16:29:11.964+0000] {processor.py:914} INFO - Processing file /opt/airflow/dags/tmdb_incremental_sync.py for tasks to queue
[2026-07-21T16:29:11.968+0000] {logging_mixin.py:190} INFO - [2026-07-21T16:29:11.967+0000] {dagbag.py:587} INFO - Filling up the DagBag from /opt/airflow/dags/tmdb_incremental_sync.py
[2026-07-21T16:29:11.998+0000] {processor.py:925} INFO - DAG(s) 'tmdb_incremental_sync' retrieved from /opt/airflow/dags/tmdb_incremental_sync.py
[2026-07-21T16:29:12.040+0000] {logging_mixin.py:190} INFO - [2026-07-21T16:29:12.039+0000] {dag.py:3211} INFO - Sync 1 DAGs
[2026-07-21T16:29:12.080+0000] {logging_mixin.py:190} INFO - [2026-07-21T16:29:12.079+0000] {dag.py:4138} INFO - Setting next_dagrun for tmdb_incremental_sync to 2026-07-21 00:00:00+00:00, run_after=2026-07-22 00:00:00+00:00
[2026-07-21T16:29:12.106+0000] {processor.py:208} INFO - Processing /opt/airflow/dags/tmdb_incremental_sync.py took 0.152 seconds
[2026-07-21T16:29:42.405+0000] {processor.py:186} INFO - Started process (PID=36207) to work on /opt/airflow/dags/tmdb_incremental_sync.py
[2026-07-21T16:29:42.407+0000] {processor.py:914} INFO - Processing file /opt/airflow/dags/tmdb_incremental_sync.py for tasks to queue
[2026-07-21T16:29:42.410+0000] {logging_mixin.py:190} INFO - [2026-07-21T16:29:42.410+0000] {dagbag.py:587} INFO - Filling up the DagBag from /opt/airflow/dags/tmdb_incremental_sync.py
[2026-07-21T16:29:42.438+0000] {processor.py:925} INFO - DAG(s) 'tmdb_incremental_sync' retrieved from /opt/airflow/dags/tmdb_incremental_sync.py
[2026-07-21T16:29:42.483+0000] {logging_mixin.py:190} INFO - [2026-07-21T16:29:42.483+0000] {dag.py:3211} INFO - Sync 1 DAGs
[2026-07-21T16:29:42.521+0000] {logging_mixin.py:190} INFO - [2026-07-21T16:29:42.521+0000] {dag.py:4138} INFO - Setting next_dagrun for tmdb_incremental_sync to 2026-07-21 00:00:00+00:00, run_after=2026-07-22 00:00:00+00:00
[2026-07-21T16:29:42.547+0000] {processor.py:208} INFO - Processing /opt/airflow/dags/tmdb_incremental_sync.py took 0.150 seconds
[2026-07-21T16:30:12.829+0000] {processor.py:186} INFO - Started process (PID=36217) to work on /opt/airflow/dags/tmdb_incremental_sync.py
[2026-07-21T16:30:12.831+0000] {processor.py:914} INFO - Processing file /opt/airflow/dags/tmdb_incremental_sync.py for tasks to queue
[2026-07-21T16:30:12.835+0000] {logging_mixin.py:190} INFO - [2026-07-21T16:30:12.834+0000] {dagbag.py:587} INFO - Filling up the DagBag from /opt/airflow/dags/tmdb_incremental_sync.py
[2026-07-21T16:30:12.867+0000] {processor.py:925} INFO - DAG(s) 'tmdb_incremental_sync' retrieved from /opt/airflow/dags/tmdb_incremental_sync.py
[2026-07-21T16:30:12.916+0000] {logging_mixin.py:190} INFO - [2026-07-21T16:30:12.916+0000] {dag.py:3211} INFO - Sync 1 DAGs
[2026-07-21T16:30:12.959+0000] {logging_mixin.py:190} INFO - [2026-07-21T16:30:12.959+0000] {dag.py:4138} INFO - Setting next_dagrun for tmdb_incremental_sync to 2026-07-21 00:00:00+00:00, run_after=2026-07-22 00:00:00+00:00
[2026-07-21T16:30:12.986+0000] {processor.py:208} INFO - Processing /opt/airflow/dags/tmdb_incremental_sync.py took 0.165 seconds
[2026-07-21T16:30:43.320+0000] {processor.py:186} INFO - Started process (PID=36227) to work on /opt/airflow/dags/tmdb_incremental_sync.py
[2026-07-21T16:30:43.321+0000] {processor.py:914} INFO - Processing file /opt/airflow/dags/tmdb_incremental_sync.py for tasks to queue
[2026-07-21T16:30:43.324+0000] {logging_mixin.py:190} INFO - [2026-07-21T16:30:43.324+0000] {dagbag.py:587} INFO - Filling up the DagBag from /opt/airflow/dags/tmdb_incremental_sync.py
[2026-07-21T16:30:43.355+0000] {processor.py:925} INFO - DAG(s) 'tmdb_incremental_sync' retrieved from /opt/airflow/dags/tmdb_incremental_sync.py
[2026-07-21T16:30:43.396+0000] {logging_mixin.py:190} INFO - [2026-07-21T16:30:43.396+0000] {dag.py:3211} INFO - Sync 1 DAGs
[2026-07-21T16:30:43.435+0000] {logging_mixin.py:190} INFO - [2026-07-21T16:30:43.435+0000] {dag.py:4138} INFO - Setting next_dagrun for tmdb_incremental_sync to 2026-07-21 00:00:00+00:00, run_after=2026-07-22 00:00:00+00:00
[2026-07-21T16:30:43.461+0000] {processor.py:208} INFO - Processing /opt/airflow/dags/tmdb_incremental_sync.py took 0.149 seconds
[2026-07-21T16:31:13.770+0000] {processor.py:186} INFO - Started process (PID=36237) to work on /opt/airflow/dags/tmdb_incremental_sync.py
[2026-07-21T16:31:13.771+0000] {processor.py:914} INFO - Processing file /opt/airflow/dags/tmdb_incremental_sync.py for tasks to queue
[2026-07-21T16:31:13.776+0000] {logging_mixin.py:190} INFO - [2026-07-21T16:31:13.775+0000] {dagbag.py:587} INFO - Filling up the DagBag from /opt/airflow/dags/tmdb_incremental_sync.py
[2026-07-21T16:31:13.805+0000] {processor.py:925} INFO - DAG(s) 'tmdb_incremental_sync' retrieved from /opt/airflow/dags/tmdb_incremental_sync.py
[2026-07-21T16:31:13.847+0000] {logging_mixin.py:190} INFO - [2026-07-21T16:31:13.846+0000] {dag.py:3211} INFO - Sync 1 DAGs
[2026-07-21T16:31:13.884+0000] {logging_mixin.py:190} INFO - [2026-07-21T16:31:13.884+0000] {dag.py:4138} INFO - Setting next_dagrun for tmdb_incremental_sync to 2026-07-21 00:00:00+00:00, run_after=2026-07-22 00:00:00+00:00
[2026-07-21T16:31:13.908+0000] {processor.py:208} INFO - Processing /opt/airflow/dags/tmdb_incremental_sync.py took 0.147 seconds
[2026-07-21T16:31:44.230+0000] {processor.py:186} INFO - Started process (PID=36247) to work on /opt/airflow/dags/tmdb_incremental_sync.py
[2026-07-21T16:31:44.232+0000] {processor.py:914} INFO - Processing file /opt/airflow/dags/tmdb_incremental_sync.py for tasks to queue
[2026-07-21T16:31:44.236+0000] {logging_mixin.py:190} INFO - [2026-07-21T16:31:44.235+0000] {dagbag.py:587} INFO - Filling up the DagBag from /opt/airflow/dags/tmdb_incremental_sync.py
[2026-07-21T16:31:44.265+0000] {processor.py:925} INFO - DAG(s) 'tmdb_incremental_sync' retrieved from /opt/airflow/dags/tmdb_incremental_sync.py
[2026-07-21T16:31:44.307+0000] {logging_mixin.py:190} INFO - [2026-07-21T16:31:44.306+0000] {dag.py:3211} INFO - Sync 1 DAGs
[2026-07-21T16:31:44.344+0000] {logging_mixin.py:190} INFO - [2026-07-21T16:31:44.343+0000] {dag.py:4138} INFO - Setting next_dagrun for tmdb_incremental_sync to 2026-07-21 00:00:00+00:00, run_after=2026-07-22 00:00:00+00:00
[2026-07-21T16:31:44.371+0000] {processor.py:208} INFO - Processing /opt/airflow/dags/tmdb_incremental_sync.py took 0.148 seconds
[2026-07-21T16:32:14.737+0000] {processor.py:186} INFO - Started process (PID=36257) to work on /opt/airflow/dags/tmdb_incremental_sync.py
[2026-07-21T16:32:14.739+0000] {processor.py:914} INFO - Processing file /opt/airflow/dags/tmdb_incremental_sync.py for tasks to queue
[2026-07-21T16:32:14.742+0000] {logging_mixin.py:190} INFO - [2026-07-21T16:32:14.741+0000] {dagbag.py:587} INFO - Filling up the DagBag from /opt/airflow/dags/tmdb_incremental_sync.py
[2026-07-21T16:32:14.791+0000] {processor.py:925} INFO - DAG(s) 'tmdb_incremental_sync' retrieved from /opt/airflow/dags/tmdb_incremental_sync.py
[2026-07-21T16:32:14.841+0000] {logging_mixin.py:190} INFO - [2026-07-21T16:32:14.841+0000] {dag.py:3211} INFO - Sync 1 DAGs
[2026-07-21T16:32:14.884+0000] {logging_mixin.py:190} INFO - [2026-07-21T16:32:14.884+0000] {dag.py:4138} INFO - Setting next_dagrun for tmdb_incremental_sync to 2026-07-21 00:00:00+00:00, run_after=2026-07-22 00:00:00+00:00
[2026-07-21T16:32:14.912+0000] {processor.py:208} INFO - Processing /opt/airflow/dags/tmdb_incremental_sync.py took 0.184 seconds
[2026-07-21T16:32:45.208+0000] {processor.py:186} INFO - Started process (PID=36267) to work on /opt/airflow/dags/tmdb_incremental_sync.py
[2026-07-21T16:32:45.209+0000] {processor.py:914} INFO - Processing file /opt/airflow/dags/tmdb_incremental_sync.py for tasks to queue
[2026-07-21T16:32:45.212+0000] {logging_mixin.py:190} INFO - [2026-07-21T16:32:45.212+0000] {dagbag.py:587} INFO - Filling up the DagBag from /opt/airflow/dags/tmdb_incremental_sync.py
[2026-07-21T16:32:45.241+0000] {processor.py:925} INFO - DAG(s) 'tmdb_incremental_sync' retrieved from /opt/airflow/dags/tmdb_incremental_sync.py
[2026-07-21T16:32:45.281+0000] {logging_mixin.py:190} INFO - [2026-07-21T16:32:45.281+0000] {dag.py:3211} INFO - Sync 1 DAGs
[2026-07-21T16:32:45.319+0000] {logging_mixin.py:190} INFO - [2026-07-21T16:32:45.318+0000] {dag.py:4138} INFO - Setting next_dagrun for tmdb_incremental_sync to 2026-07-21 00:00:00+00:00, run_after=2026-07-22 00:00:00+00:00
[2026-07-21T16:32:45.345+0000] {processor.py:208} INFO - Processing /opt/airflow/dags/tmdb_incremental_sync.py took 0.146 seconds
[2026-07-21T16:33:15.664+0000] {processor.py:186} INFO - Started process (PID=36277) to work on /opt/airflow/dags/tmdb_incremental_sync.py
[2026-07-21T16:33:15.666+0000] {processor.py:914} INFO - Processing file /opt/airflow/dags/tmdb_incremental_sync.py for tasks to queue
[2026-07-21T16:33:15.670+0000] {logging_mixin.py:190} INFO - [2026-07-21T16:33:15.669+0000] {dagbag.py:587} INFO - Filling up the DagBag from /opt/airflow/dags/tmdb_incremental_sync.py
[2026-07-21T16:33:15.702+0000] {processor.py:925} INFO - DAG(s) 'tmdb_incremental_sync' retrieved from /opt/airflow/dags/tmdb_incremental_sync.py
[2026-07-21T16:33:15.756+0000] {logging_mixin.py:190} INFO - [2026-07-21T16:33:15.756+0000] {dag.py:3211} INFO - Sync 1 DAGs
[2026-07-21T16:33:15.824+0000] {logging_mixin.py:190} INFO - [2026-07-21T16:33:15.823+0000] {dag.py:4138} INFO - Setting next_dagrun for tmdb_incremental_sync to 2026-07-21 00:00:00+00:00, run_after=2026-07-22 00:00:00+00:00
[2026-07-21T16:33:15.872+0000] {processor.py:208} INFO - Processing /opt/airflow/dags/tmdb_incremental_sync.py took 0.217 seconds
[2026-07-21T16:33:46.275+0000] {processor.py:186} INFO - Started process (PID=36287) to work on /opt/airflow/dags/tmdb_incremental_sync.py
[2026-07-21T16:33:46.276+0000] {processor.py:914} INFO - Processing file /opt/airflow/dags/tmdb_incremental_sync.py for tasks to queue
[2026-07-21T16:33:46.279+0000] {logging_mixin.py:190} INFO - [2026-07-21T16:33:46.279+0000] {dagbag.py:587} INFO - Filling up the DagBag from /opt/airflow/dags/tmdb_incremental_sync.py
[2026-07-21T16:33:46.310+0000] {processor.py:925} INFO - DAG(s) 'tmdb_incremental_sync' retrieved from /opt/airflow/dags/tmdb_incremental_sync.py
[2026-07-21T16:33:46.351+0000] {logging_mixin.py:190} INFO - [2026-07-21T16:33:46.351+0000] {dag.py:3211} INFO - Sync 1 DAGs
[2026-07-21T16:33:46.388+0000] {logging_mixin.py:190} INFO - [2026-07-21T16:33:46.388+0000] {dag.py:4138} INFO - Setting next_dagrun for tmdb_incremental_sync to 2026-07-21 00:00:00+00:00, run_after=2026-07-22 00:00:00+00:00
[2026-07-21T16:33:46.421+0000] {processor.py:208} INFO - Processing /opt/airflow/dags/tmdb_incremental_sync.py took 0.155 seconds
[2026-07-21T16:34:16.790+0000] {processor.py:186} INFO - Started process (PID=36297) to work on /opt/airflow/dags/tmdb_incremental_sync.py
[2026-07-21T16:34:16.792+0000] {processor.py:914} INFO - Processing file /opt/airflow/dags/tmdb_incremental_sync.py for tasks to queue
[2026-07-21T16:34:16.797+0000] {logging_mixin.py:190} INFO - [2026-07-21T16:34:16.796+0000] {dagbag.py:587} INFO - Filling up the DagBag from /opt/airflow/dags/tmdb_incremental_sync.py
[2026-07-21T16:34:16.835+0000] {processor.py:925} INFO - DAG(s) 'tmdb_incremental_sync' retrieved from /opt/airflow/dags/tmdb_incremental_sync.py
[2026-07-21T16:34:16.885+0000] {logging_mixin.py:190} INFO - [2026-07-21T16:34:16.885+0000] {dag.py:3211} INFO - Sync 1 DAGs
[2026-07-21T16:34:16.930+0000] {logging_mixin.py:190} INFO - [2026-07-21T16:34:16.930+0000] {dag.py:4138} INFO - Setting next_dagrun for tmdb_incremental_sync to 2026-07-21 00:00:00+00:00, run_after=2026-07-22 00:00:00+00:00
[2026-07-21T16:34:16.956+0000] {processor.py:208} INFO - Processing /opt/airflow/dags/tmdb_incremental_sync.py took 0.174 seconds
[2026-07-21T16:34:47.267+0000] {processor.py:186} INFO - Started process (PID=36307) to work on /opt/airflow/dags/tmdb_incremental_sync.py
[2026-07-21T16:34:47.268+0000] {processor.py:914} INFO - Processing file /opt/airflow/dags/tmdb_incremental_sync.py for tasks to queue
[2026-07-21T16:34:47.272+0000] {logging_mixin.py:190} INFO - [2026-07-21T16:34:47.272+0000] {dagbag.py:587} INFO - Filling up the DagBag from /opt/airflow/dags/tmdb_incremental_sync.py
[2026-07-21T16:34:47.303+0000] {processor.py:925} INFO - DAG(s) 'tmdb_incremental_sync' retrieved from /opt/airflow/dags/tmdb_incremental_sync.py
[2026-07-21T16:34:47.347+0000] {logging_mixin.py:190} INFO - [2026-07-21T16:34:47.347+0000] {dag.py:3211} INFO - Sync 1 DAGs
[2026-07-21T16:34:47.389+0000] {logging_mixin.py:190} INFO - [2026-07-21T16:34:47.389+0000] {dag.py:4138} INFO - Setting next_dagrun for tmdb_incremental_sync to 2026-07-21 00:00:00+00:00, run_after=2026-07-22 00:00:00+00:00
[2026-07-21T16:34:47.417+0000] {processor.py:208} INFO - Processing /opt/airflow/dags/tmdb_incremental_sync.py took 0.158 seconds
[2026-07-21T16:35:17.723+0000] {processor.py:186} INFO - Started process (PID=36317) to work on /opt/airflow/dags/tmdb_incremental_sync.py
[2026-07-21T16:35:17.725+0000] {processor.py:914} INFO - Processing file /opt/airflow/dags/tmdb_incremental_sync.py for tasks to queue
[2026-07-21T16:35:17.729+0000] {logging_mixin.py:190} INFO - [2026-07-21T16:35:17.728+0000] {dagbag.py:587} INFO - Filling up the DagBag from /opt/airflow/dags/tmdb_incremental_sync.py
[2026-07-21T16:35:17.759+0000] {processor.py:925} INFO - DAG(s) 'tmdb_incremental_sync' retrieved from /opt/airflow/dags/tmdb_incremental_sync.py
[2026-07-21T16:35:17.800+0000] {logging_mixin.py:190} INFO - [2026-07-21T16:35:17.800+0000] {dag.py:3211} INFO - Sync 1 DAGs
[2026-07-21T16:35:17.842+0000] {logging_mixin.py:190} INFO - [2026-07-21T16:35:17.842+0000] {dag.py:4138} INFO - Setting next_dagrun for tmdb_incremental_sync to 2026-07-21 00:00:00+00:00, run_after=2026-07-22 00:00:00+00:00
[2026-07-21T16:35:17.868+0000] {processor.py:208} INFO - Processing /opt/airflow/dags/tmdb_incremental_sync.py took 0.153 seconds
[2026-07-21T16:35:48.258+0000] {processor.py:186} INFO - Started process (PID=36327) to work on /opt/airflow/dags/tmdb_incremental_sync.py
[2026-07-21T16:35:48.259+0000] {processor.py:914} INFO - Processing file /opt/airflow/dags/tmdb_incremental_sync.py for tasks to queue
[2026-07-21T16:35:48.263+0000] {logging_mixin.py:190} INFO - [2026-07-21T16:35:48.262+0000] {dagbag.py:587} INFO - Filling up the DagBag from /opt/airflow/dags/tmdb_incremental_sync.py
[2026-07-21T16:35:48.292+0000] {processor.py:925} INFO - DAG(s) 'tmdb_incremental_sync' retrieved from /opt/airflow/dags/tmdb_incremental_sync.py
[2026-07-21T16:35:48.334+0000] {logging_mixin.py:190} INFO - [2026-07-21T16:35:48.334+0000] {dag.py:3211} INFO - Sync 1 DAGs
[2026-07-21T16:35:48.373+0000] {logging_mixin.py:190} INFO - [2026-07-21T16:35:48.372+0000] {dag.py:4138} INFO - Setting next_dagrun for tmdb_incremental_sync to 2026-07-21 00:00:00+00:00, run_after=2026-07-22 00:00:00+00:00
[2026-07-21T16:35:48.399+0000] {processor.py:208} INFO - Processing /opt/airflow/dags/tmdb_incremental_sync.py took 0.150 seconds
[2026-07-21T16:36:18.697+0000] {processor.py:186} INFO - Started process (PID=36337) to work on /opt/airflow/dags/tmdb_incremental_sync.py
[2026-07-21T16:36:18.698+0000] {processor.py:914} INFO - Processing file /opt/airflow/dags/tmdb_incremental_sync.py for tasks to queue
[2026-07-21T16:36:18.702+0000] {logging_mixin.py:190} INFO - [2026-07-21T16:36:18.701+0000] {dagbag.py:587} INFO - Filling up the DagBag from /opt/airflow/dags/tmdb_incremental_sync.py
[2026-07-21T16:36:18.731+0000] {processor.py:925} INFO - DAG(s) 'tmdb_incremental_sync' retrieved from /opt/airflow/dags/tmdb_incremental_sync.py
[2026-07-21T16:36:18.773+0000] {logging_mixin.py:190} INFO - [2026-07-21T16:36:18.773+0000] {dag.py:3211} INFO - Sync 1 DAGs
[2026-07-21T16:36:18.812+0000] {logging_mixin.py:190} INFO - [2026-07-21T16:36:18.812+0000] {dag.py:4138} INFO - Setting next_dagrun for tmdb_incremental_sync to 2026-07-21 00:00:00+00:00, run_after=2026-07-22 00:00:00+00:00
[2026-07-21T16:36:18.844+0000] {processor.py:208} INFO - Processing /opt/airflow/dags/tmdb_incremental_sync.py took 0.156 seconds
[2026-07-21T16:36:49.153+0000] {processor.py:186} INFO - Started process (PID=36347) to work on /opt/airflow/dags/tmdb_incremental_sync.py
[2026-07-21T16:36:49.155+0000] {processor.py:914} INFO - Processing file /opt/airflow/dags/tmdb_incremental_sync.py for tasks to queue
[2026-07-21T16:36:49.158+0000] {logging_mixin.py:190} INFO - [2026-07-21T16:36:49.158+0000] {dagbag.py:587} INFO - Filling up the DagBag from /opt/airflow/dags/tmdb_incremental_sync.py
[2026-07-21T16:36:49.188+0000] {processor.py:925} INFO - DAG(s) 'tmdb_incremental_sync' retrieved from /opt/airflow/dags/tmdb_incremental_sync.py
[2026-07-21T16:36:49.230+0000] {logging_mixin.py:190} INFO - [2026-07-21T16:36:49.230+0000] {dag.py:3211} INFO - Sync 1 DAGs
[2026-07-21T16:36:49.269+0000] {logging_mixin.py:190} INFO - [2026-07-21T16:36:49.268+0000] {dag.py:4138} INFO - Setting next_dagrun for tmdb_incremental_sync to 2026-07-21 00:00:00+00:00, run_after=2026-07-22 00:00:00+00:00
[2026-07-21T16:36:49.295+0000] {processor.py:208} INFO - Processing /opt/airflow/dags/tmdb_incremental_sync.py took 0.149 seconds
[2026-07-21T16:37:19.608+0000] {processor.py:186} INFO - Started process (PID=36357) to work on /opt/airflow/dags/tmdb_incremental_sync.py
[2026-07-21T16:37:19.609+0000] {processor.py:914} INFO - Processing file /opt/airflow/dags/tmdb_incremental_sync.py for tasks to queue
[2026-07-21T16:37:19.613+0000] {logging_mixin.py:190} INFO - [2026-07-21T16:37:19.612+0000] {dagbag.py:587} INFO - Filling up the DagBag from /opt/airflow/dags/tmdb_incremental_sync.py
[2026-07-21T16:37:19.642+0000] {processor.py:925} INFO - DAG(s) 'tmdb_incremental_sync' retrieved from /opt/airflow/dags/tmdb_incremental_sync.py
[2026-07-21T16:37:19.684+0000] {logging_mixin.py:190} INFO - [2026-07-21T16:37:19.684+0000] {dag.py:3211} INFO - Sync 1 DAGs
[2026-07-21T16:37:19.723+0000] {logging_mixin.py:190} INFO - [2026-07-21T16:37:19.723+0000] {dag.py:4138} INFO - Setting next_dagrun for tmdb_incremental_sync to 2026-07-21 00:00:00+00:00, run_after=2026-07-22 00:00:00+00:00
[2026-07-21T16:37:19.753+0000] {processor.py:208} INFO - Processing /opt/airflow/dags/tmdb_incremental_sync.py took 0.153 seconds
[2026-07-21T16:37:50.065+0000] {processor.py:186} INFO - Started process (PID=36367) to work on /opt/airflow/dags/tmdb_incremental_sync.py
[2026-07-21T16:37:50.066+0000] {processor.py:914} INFO - Processing file /opt/airflow/dags/tmdb_incremental_sync.py for tasks to queue
[2026-07-21T16:37:50.070+0000] {logging_mixin.py:190} INFO - [2026-07-21T16:37:50.070+0000] {dagbag.py:587} INFO - Filling up the DagBag from /opt/airflow/dags/tmdb_incremental_sync.py
[2026-07-21T16:37:50.100+0000] {processor.py:925} INFO - DAG(s) 'tmdb_incremental_sync' retrieved from /opt/airflow/dags/tmdb_incremental_sync.py
[2026-07-21T16:37:50.141+0000] {logging_mixin.py:190} INFO - [2026-07-21T16:37:50.141+0000] {dag.py:3211} INFO - Sync 1 DAGs
[2026-07-21T16:37:50.181+0000] {logging_mixin.py:190} INFO - [2026-07-21T16:37:50.181+0000] {dag.py:4138} INFO - Setting next_dagrun for tmdb_incremental_sync to 2026-07-21 00:00:00+00:00, run_after=2026-07-22 00:00:00+00:00
[2026-07-21T16:37:50.207+0000] {processor.py:208} INFO - Processing /opt/airflow/dags/tmdb_incremental_sync.py took 0.151 seconds
[2026-07-21T16:38:20.526+0000] {processor.py:186} INFO - Started process (PID=36377) to work on /opt/airflow/dags/tmdb_incremental_sync.py
[2026-07-21T16:38:20.527+0000] {processor.py:914} INFO - Processing file /opt/airflow/dags/tmdb_incremental_sync.py for tasks to queue
[2026-07-21T16:38:20.532+0000] {logging_mixin.py:190} INFO - [2026-07-21T16:38:20.531+0000] {dagbag.py:587} INFO - Filling up the DagBag from /opt/airflow/dags/tmdb_incremental_sync.py
[2026-07-21T16:38:20.561+0000] {processor.py:925} INFO - DAG(s) 'tmdb_incremental_sync' retrieved from /opt/airflow/dags/tmdb_incremental_sync.py
[2026-07-21T16:38:20.603+0000] {logging_mixin.py:190} INFO - [2026-07-21T16:38:20.602+0000] {dag.py:3211} INFO - Sync 1 DAGs
[2026-07-21T16:38:20.642+0000] {logging_mixin.py:190} INFO - [2026-07-21T16:38:20.642+0000] {dag.py:4138} INFO - Setting next_dagrun for tmdb_incremental_sync to 2026-07-21 00:00:00+00:00, run_after=2026-07-22 00:00:00+00:00
[2026-07-21T16:38:20.668+0000] {processor.py:208} INFO - Processing /opt/airflow/dags/tmdb_incremental_sync.py took 0.149 seconds
[2026-07-21T16:38:50.990+0000] {processor.py:186} INFO - Started process (PID=36387) to work on /opt/airflow/dags/tmdb_incremental_sync.py
[2026-07-21T16:38:50.991+0000] {processor.py:914} INFO - Processing file /opt/airflow/dags/tmdb_incremental_sync.py for tasks to queue
[2026-07-21T16:38:50.995+0000] {logging_mixin.py:190} INFO - [2026-07-21T16:38:50.994+0000] {dagbag.py:587} INFO - Filling up the DagBag from /opt/airflow/dags/tmdb_incremental_sync.py
[2026-07-21T16:38:51.024+0000] {processor.py:925} INFO - DAG(s) 'tmdb_incremental_sync' retrieved from /opt/airflow/dags/tmdb_incremental_sync.py
[2026-07-21T16:38:51.066+0000] {logging_mixin.py:190} INFO - [2026-07-21T16:38:51.066+0000] {dag.py:3211} INFO - Sync 1 DAGs
[2026-07-21T16:38:51.104+0000] {logging_mixin.py:190} INFO - [2026-07-21T16:38:51.104+0000] {dag.py:4138} INFO - Setting next_dagrun for tmdb_incremental_sync to 2026-07-21 00:00:00+00:00, run_after=2026-07-22 00:00:00+00:00
[2026-07-21T16:38:51.130+0000] {processor.py:208} INFO - Processing /opt/airflow/dags/tmdb_incremental_sync.py took 0.149 seconds
[2026-07-21T16:39:21.440+0000] {processor.py:186} INFO - Started process (PID=36397) to work on /opt/airflow/dags/tmdb_incremental_sync.py
[2026-07-21T16:39:21.441+0000] {processor.py:914} INFO - Processing file /opt/airflow/dags/tmdb_incremental_sync.py for tasks to queue
[2026-07-21T16:39:21.445+0000] {logging_mixin.py:190} INFO - [2026-07-21T16:39:21.444+0000] {dagbag.py:587} INFO - Filling up the DagBag from /opt/airflow/dags/tmdb_incremental_sync.py
[2026-07-21T16:39:21.473+0000] {processor.py:925} INFO - DAG(s) 'tmdb_incremental_sync' retrieved from /opt/airflow/dags/tmdb_incremental_sync.py
[2026-07-21T16:39:21.518+0000] {logging_mixin.py:190} INFO - [2026-07-21T16:39:21.518+0000] {dag.py:3211} INFO - Sync 1 DAGs
[2026-07-21T16:39:21.555+0000] {logging_mixin.py:190} INFO - [2026-07-21T16:39:21.555+0000] {dag.py:4138} INFO - Setting next_dagrun for tmdb_incremental_sync to 2026-07-21 00:00:00+00:00, run_after=2026-07-22 00:00:00+00:00
[2026-07-21T16:39:21.582+0000] {processor.py:208} INFO - Processing /opt/airflow/dags/tmdb_incremental_sync.py took 0.150 seconds
[2026-07-21T16:39:51.876+0000] {processor.py:186} INFO - Started process (PID=36407) to work on /opt/airflow/dags/tmdb_incremental_sync.py
[2026-07-21T16:39:51.877+0000] {processor.py:914} INFO - Processing file /opt/airflow/dags/tmdb_incremental_sync.py for tasks to queue
[2026-07-21T16:39:51.881+0000] {logging_mixin.py:190} INFO - [2026-07-21T16:39:51.880+0000] {dagbag.py:587} INFO - Filling up the DagBag from /opt/airflow/dags/tmdb_incremental_sync.py
[2026-07-21T16:39:51.909+0000] {processor.py:925} INFO - DAG(s) 'tmdb_incremental_sync' retrieved from /opt/airflow/dags/tmdb_incremental_sync.py
[2026-07-21T16:39:51.952+0000] {logging_mixin.py:190} INFO - [2026-07-21T16:39:51.951+0000] {dag.py:3211} INFO - Sync 1 DAGs
[2026-07-21T16:39:51.989+0000] {logging_mixin.py:190} INFO - [2026-07-21T16:39:51.988+0000] {dag.py:4138} INFO - Setting next_dagrun for tmdb_incremental_sync to 2026-07-21 00:00:00+00:00, run_after=2026-07-22 00:00:00+00:00
[2026-07-21T16:39:52.014+0000] {processor.py:208} INFO - Processing /opt/airflow/dags/tmdb_incremental_sync.py took 0.146 seconds
[2026-07-21T16:40:22.314+0000] {processor.py:186} INFO - Started process (PID=36417) to work on /opt/airflow/dags/tmdb_incremental_sync.py
[2026-07-21T16:40:22.315+0000] {processor.py:914} INFO - Processing file /opt/airflow/dags/tmdb_incremental_sync.py for tasks to queue
[2026-07-21T16:40:22.319+0000] {logging_mixin.py:190} INFO - [2026-07-21T16:40:22.318+0000] {dagbag.py:587} INFO - Filling up the DagBag from /opt/airflow/dags/tmdb_incremental_sync.py
[2026-07-21T16:40:22.348+0000] {processor.py:925} INFO - DAG(s) 'tmdb_incremental_sync' retrieved from /opt/airflow/dags/tmdb_incremental_sync.py
[2026-07-21T16:40:22.390+0000] {logging_mixin.py:190} INFO - [2026-07-21T16:40:22.389+0000] {dag.py:3211} INFO - Sync 1 DAGs
[2026-07-21T16:40:22.428+0000] {logging_mixin.py:190} INFO - [2026-07-21T16:40:22.428+0000] {dag.py:4138} INFO - Setting next_dagrun for tmdb_incremental_sync to 2026-07-21 00:00:00+00:00, run_after=2026-07-22 00:00:00+00:00
[2026-07-21T16:40:22.456+0000] {processor.py:208} INFO - Processing /opt/airflow/dags/tmdb_incremental_sync.py took 0.150 seconds
[2026-07-21T16:40:52.775+0000] {processor.py:186} INFO - Started process (PID=36427) to work on /opt/airflow/dags/tmdb_incremental_sync.py
[2026-07-21T16:40:52.776+0000] {processor.py:914} INFO - Processing file /opt/airflow/dags/tmdb_incremental_sync.py for tasks to queue
[2026-07-21T16:40:52.780+0000] {logging_mixin.py:190} INFO - [2026-07-21T16:40:52.780+0000] {dagbag.py:587} INFO - Filling up the DagBag from /opt/airflow/dags/tmdb_incremental_sync.py
[2026-07-21T16:40:52.813+0000] {processor.py:925} INFO - DAG(s) 'tmdb_incremental_sync' retrieved from /opt/airflow/dags/tmdb_incremental_sync.py
[2026-07-21T16:40:52.854+0000] {logging_mixin.py:190} INFO - [2026-07-21T16:40:52.854+0000] {dag.py:3211} INFO - Sync 1 DAGs
[2026-07-21T16:40:52.893+0000] {logging_mixin.py:190} INFO - [2026-07-21T16:40:52.892+0000] {dag.py:4138} INFO - Setting next_dagrun for tmdb_incremental_sync to 2026-07-21 00:00:00+00:00, run_after=2026-07-22 00:00:00+00:00
[2026-07-21T16:40:52.917+0000] {processor.py:208} INFO - Processing /opt/airflow/dags/tmdb_incremental_sync.py took 0.151 seconds
[2026-07-21T16:41:23.228+0000] {processor.py:186} INFO - Started process (PID=36437) to work on /opt/airflow/dags/tmdb_incremental_sync.py
[2026-07-21T16:41:23.230+0000] {processor.py:914} INFO - Processing file /opt/airflow/dags/tmdb_incremental_sync.py for tasks to queue
[2026-07-21T16:41:23.234+0000] {logging_mixin.py:190} INFO - [2026-07-21T16:41:23.234+0000] {dagbag.py:587} INFO - Filling up the DagBag from /opt/airflow/dags/tmdb_incremental_sync.py
[2026-07-21T16:41:23.263+0000] {processor.py:925} INFO - DAG(s) 'tmdb_incremental_sync' retrieved from /opt/airflow/dags/tmdb_incremental_sync.py
[2026-07-21T16:41:23.306+0000] {logging_mixin.py:190} INFO - [2026-07-21T16:41:23.306+0000] {dag.py:3211} INFO - Sync 1 DAGs
[2026-07-21T16:41:23.344+0000] {logging_mixin.py:190} INFO - [2026-07-21T16:41:23.343+0000] {dag.py:4138} INFO - Setting next_dagrun for tmdb_incremental_sync to 2026-07-21 00:00:00+00:00, run_after=2026-07-22 00:00:00+00:00
[2026-07-21T16:41:23.369+0000] {processor.py:208} INFO - Processing /opt/airflow/dags/tmdb_incremental_sync.py took 0.149 seconds
[2026-07-21T16:41:53.691+0000] {processor.py:186} INFO - Started process (PID=36447) to work on /opt/airflow/dags/tmdb_incremental_sync.py
[2026-07-21T16:41:53.693+0000] {processor.py:914} INFO - Processing file /opt/airflow/dags/tmdb_incremental_sync.py for tasks to queue
[2026-07-21T16:41:53.696+0000] {logging_mixin.py:190} INFO - [2026-07-21T16:41:53.696+0000] {dagbag.py:587} INFO - Filling up the DagBag from /opt/airflow/dags/tmdb_incremental_sync.py
[2026-07-21T16:41:53.727+0000] {processor.py:925} INFO - DAG(s) 'tmdb_incremental_sync' retrieved from /opt/airflow/dags/tmdb_incremental_sync.py
[2026-07-21T16:41:53.769+0000] {logging_mixin.py:190} INFO - [2026-07-21T16:41:53.768+0000] {dag.py:3211} INFO - Sync 1 DAGs
[2026-07-21T16:41:53.807+0000] {logging_mixin.py:190} INFO - [2026-07-21T16:41:53.807+0000] {dag.py:4138} INFO - Setting next_dagrun for tmdb_incremental_sync to 2026-07-21 00:00:00+00:00, run_after=2026-07-22 00:00:00+00:00
[2026-07-21T16:41:53.833+0000] {processor.py:208} INFO - Processing /opt/airflow/dags/tmdb_incremental_sync.py took 0.151 seconds
[2026-07-21T16:42:24.153+0000] {processor.py:186} INFO - Started process (PID=36457) to work on /opt/airflow/dags/tmdb_incremental_sync.py
[2026-07-21T16:42:24.154+0000] {processor.py:914} INFO - Processing file /opt/airflow/dags/tmdb_incremental_sync.py for tasks to queue
[2026-07-21T16:42:24.157+0000] {logging_mixin.py:190} INFO - [2026-07-21T16:42:24.157+0000] {dagbag.py:587} INFO - Filling up the DagBag from /opt/airflow/dags/tmdb_incremental_sync.py
[2026-07-21T16:42:24.187+0000] {processor.py:925} INFO - DAG(s) 'tmdb_incremental_sync' retrieved from /opt/airflow/dags/tmdb_incremental_sync.py
[2026-07-21T16:42:24.229+0000] {logging_mixin.py:190} INFO - [2026-07-21T16:42:24.229+0000] {dag.py:3211} INFO - Sync 1 DAGs
[2026-07-21T16:42:24.267+0000] {logging_mixin.py:190} INFO - [2026-07-21T16:42:24.266+0000] {dag.py:4138} INFO - Setting next_dagrun for tmdb_incremental_sync to 2026-07-21 00:00:00+00:00, run_after=2026-07-22 00:00:00+00:00
[2026-07-21T16:42:24.303+0000] {processor.py:208} INFO - Processing /opt/airflow/dags/tmdb_incremental_sync.py took 0.159 seconds
[2026-07-21T16:42:54.605+0000] {processor.py:186} INFO - Started process (PID=36467) to work on /opt/airflow/dags/tmdb_incremental_sync.py
[2026-07-21T16:42:54.607+0000] {processor.py:914} INFO - Processing file /opt/airflow/dags/tmdb_incremental_sync.py for tasks to queue
[2026-07-21T16:42:54.611+0000] {logging_mixin.py:190} INFO - [2026-07-21T16:42:54.610+0000] {dagbag.py:587} INFO - Filling up the DagBag from /opt/airflow/dags/tmdb_incremental_sync.py
[2026-07-21T16:42:54.657+0000] {processor.py:925} INFO - DAG(s) 'tmdb_incremental_sync' retrieved from /opt/airflow/dags/tmdb_incremental_sync.py
[2026-07-21T16:42:54.702+0000] {logging_mixin.py:190} INFO - [2026-07-21T16:42:54.702+0000] {dag.py:3211} INFO - Sync 1 DAGs
[2026-07-21T16:42:54.740+0000] {logging_mixin.py:190} INFO - [2026-07-21T16:42:54.740+0000] {dag.py:4138} INFO - Setting next_dagrun for tmdb_incremental_sync to 2026-07-21 00:00:00+00:00, run_after=2026-07-22 00:00:00+00:00
[2026-07-21T16:42:54.770+0000] {processor.py:208} INFO - Processing /opt/airflow/dags/tmdb_incremental_sync.py took 0.174 seconds
[2026-07-21T16:43:25.111+0000] {processor.py:186} INFO - Started process (PID=36477) to work on /opt/airflow/dags/tmdb_incremental_sync.py
[2026-07-21T16:43:25.112+0000] {processor.py:914} INFO - Processing file /opt/airflow/dags/tmdb_incremental_sync.py for tasks to queue
[2026-07-21T16:43:25.115+0000] {logging_mixin.py:190} INFO - [2026-07-21T16:43:25.115+0000] {dagbag.py:587} INFO - Filling up the DagBag from /opt/airflow/dags/tmdb_incremental_sync.py
[2026-07-21T16:43:25.147+0000] {processor.py:925} INFO - DAG(s) 'tmdb_incremental_sync' retrieved from /opt/airflow/dags/tmdb_incremental_sync.py
[2026-07-21T16:43:25.188+0000] {logging_mixin.py:190} INFO - [2026-07-21T16:43:25.188+0000] {dag.py:3211} INFO - Sync 1 DAGs
[2026-07-21T16:43:25.229+0000] {logging_mixin.py:190} INFO - [2026-07-21T16:43:25.229+0000] {dag.py:4138} INFO - Setting next_dagrun for tmdb_incremental_sync to 2026-07-21 00:00:00+00:00, run_after=2026-07-22 00:00:00+00:00
[2026-07-21T16:43:25.255+0000] {processor.py:208} INFO - Processing /opt/airflow/dags/tmdb_incremental_sync.py took 0.152 seconds
[2026-07-21T16:43:55.608+0000] {processor.py:186} INFO - Started process (PID=36487) to work on /opt/airflow/dags/tmdb_incremental_sync.py
[2026-07-21T16:43:55.610+0000] {processor.py:914} INFO - Processing file /opt/airflow/dags/tmdb_incremental_sync.py for tasks to queue
[2026-07-21T16:43:55.613+0000] {logging_mixin.py:190} INFO - [2026-07-21T16:43:55.613+0000] {dagbag.py:587} INFO - Filling up the DagBag from /opt/airflow/dags/tmdb_incremental_sync.py
[2026-07-21T16:43:55.649+0000] {processor.py:925} INFO - DAG(s) 'tmdb_incremental_sync' retrieved from /opt/airflow/dags/tmdb_incremental_sync.py
[2026-07-21T16:43:55.697+0000] {logging_mixin.py:190} INFO - [2026-07-21T16:43:55.697+0000] {dag.py:3211} INFO - Sync 1 DAGs
[2026-07-21T16:43:55.738+0000] {logging_mixin.py:190} INFO - [2026-07-21T16:43:55.738+0000] {dag.py:4138} INFO - Setting next_dagrun for tmdb_incremental_sync to 2026-07-21 00:00:00+00:00, run_after=2026-07-22 00:00:00+00:00
[2026-07-21T16:43:55.764+0000] {processor.py:208} INFO - Processing /opt/airflow/dags/tmdb_incremental_sync.py took 0.163 seconds
[2026-07-21T16:44:26.083+0000] {processor.py:186} INFO - Started process (PID=36497) to work on /opt/airflow/dags/tmdb_incremental_sync.py
[2026-07-21T16:44:26.084+0000] {processor.py:914} INFO - Processing file /opt/airflow/dags/tmdb_incremental_sync.py for tasks to queue
[2026-07-21T16:44:26.088+0000] {logging_mixin.py:190} INFO - [2026-07-21T16:44:26.088+0000] {dagbag.py:587} INFO - Filling up the DagBag from /opt/airflow/dags/tmdb_incremental_sync.py
[2026-07-21T16:44:26.118+0000] {processor.py:925} INFO - DAG(s) 'tmdb_incremental_sync' retrieved from /opt/airflow/dags/tmdb_incremental_sync.py
[2026-07-21T16:44:26.162+0000] {logging_mixin.py:190} INFO - [2026-07-21T16:44:26.161+0000] {dag.py:3211} INFO - Sync 1 DAGs
[2026-07-21T16:44:26.200+0000] {logging_mixin.py:190} INFO - [2026-07-21T16:44:26.200+0000] {dag.py:4138} INFO - Setting next_dagrun for tmdb_incremental_sync to 2026-07-21 00:00:00+00:00, run_after=2026-07-22 00:00:00+00:00
[2026-07-21T16:44:26.226+0000] {processor.py:208} INFO - Processing /opt/airflow/dags/tmdb_incremental_sync.py took 0.151 seconds
[2026-07-21T16:44:56.545+0000] {processor.py:186} INFO - Started process (PID=36507) to work on /opt/airflow/dags/tmdb_incremental_sync.py
[2026-07-21T16:44:56.547+0000] {processor.py:914} INFO - Processing file /opt/airflow/dags/tmdb_incremental_sync.py for tasks to queue
[2026-07-21T16:44:56.552+0000] {logging_mixin.py:190} INFO - [2026-07-21T16:44:56.551+0000] {dagbag.py:587} INFO - Filling up the DagBag from /opt/airflow/dags/tmdb_incremental_sync.py
[2026-07-21T16:44:56.582+0000] {processor.py:925} INFO - DAG(s) 'tmdb_incremental_sync' retrieved from /opt/airflow/dags/tmdb_incremental_sync.py
[2026-07-21T16:44:56.624+0000] {logging_mixin.py:190} INFO - [2026-07-21T16:44:56.624+0000] {dag.py:3211} INFO - Sync 1 DAGs
[2026-07-21T16:44:56.663+0000] {logging_mixin.py:190} INFO - [2026-07-21T16:44:56.663+0000] {dag.py:4138} INFO - Setting next_dagrun for tmdb_incremental_sync to 2026-07-21 00:00:00+00:00, run_after=2026-07-22 00:00:00+00:00
[2026-07-21T16:44:56.689+0000] {processor.py:208} INFO - Processing /opt/airflow/dags/tmdb_incremental_sync.py took 0.151 seconds
[2026-07-21T16:45:27.002+0000] {processor.py:186} INFO - Started process (PID=36517) to work on /opt/airflow/dags/tmdb_incremental_sync.py
[2026-07-21T16:45:27.003+0000] {processor.py:914} INFO - Processing file /opt/airflow/dags/tmdb_incremental_sync.py for tasks to queue
[2026-07-21T16:45:27.007+0000] {logging_mixin.py:190} INFO - [2026-07-21T16:45:27.006+0000] {dagbag.py:587} INFO - Filling up the DagBag from /opt/airflow/dags/tmdb_incremental_sync.py
[2026-07-21T16:45:27.036+0000] {processor.py:925} INFO - DAG(s) 'tmdb_incremental_sync' retrieved from /opt/airflow/dags/tmdb_incremental_sync.py
[2026-07-21T16:45:27.079+0000] {logging_mixin.py:190} INFO - [2026-07-21T16:45:27.078+0000] {dag.py:3211} INFO - Sync 1 DAGs
[2026-07-21T16:45:27.116+0000] {logging_mixin.py:190} INFO - [2026-07-21T16:45:27.116+0000] {dag.py:4138} INFO - Setting next_dagrun for tmdb_incremental_sync to 2026-07-21 00:00:00+00:00, run_after=2026-07-22 00:00:00+00:00
[2026-07-21T16:45:27.142+0000] {processor.py:208} INFO - Processing /opt/airflow/dags/tmdb_incremental_sync.py took 0.149 seconds
[2026-07-21T16:45:57.465+0000] {processor.py:186} INFO - Started process (PID=36527) to work on /opt/airflow/dags/tmdb_incremental_sync.py
[2026-07-21T16:45:57.466+0000] {processor.py:914} INFO - Processing file /opt/airflow/dags/tmdb_incremental_sync.py for tasks to queue
[2026-07-21T16:45:57.469+0000] {logging_mixin.py:190} INFO - [2026-07-21T16:45:57.469+0000] {dagbag.py:587} INFO - Filling up the DagBag from /opt/airflow/dags/tmdb_incremental_sync.py
[2026-07-21T16:45:57.502+0000] {processor.py:925} INFO - DAG(s) 'tmdb_incremental_sync' retrieved from /opt/airflow/dags/tmdb_incremental_sync.py
[2026-07-21T16:45:57.563+0000] {logging_mixin.py:190} INFO - [2026-07-21T16:45:57.562+0000] {dag.py:3211} INFO - Sync 1 DAGs
[2026-07-21T16:45:57.607+0000] {logging_mixin.py:190} INFO - [2026-07-21T16:45:57.607+0000] {dag.py:4138} INFO - Setting next_dagrun for tmdb_incremental_sync to 2026-07-21 00:00:00+00:00, run_after=2026-07-22 00:00:00+00:00
[2026-07-21T16:45:57.638+0000] {processor.py:208} INFO - Processing /opt/airflow/dags/tmdb_incremental_sync.py took 0.181 seconds
[2026-07-21T16:46:27.938+0000] {processor.py:186} INFO - Started process (PID=36537) to work on /opt/airflow/dags/tmdb_incremental_sync.py
[2026-07-21T16:46:27.939+0000] {processor.py:914} INFO - Processing file /opt/airflow/dags/tmdb_incremental_sync.py for tasks to queue
[2026-07-21T16:46:27.943+0000] {logging_mixin.py:190} INFO - [2026-07-21T16:46:27.942+0000] {dagbag.py:587} INFO - Filling up the DagBag from /opt/airflow/dags/tmdb_incremental_sync.py
[2026-07-21T16:46:27.976+0000] {processor.py:925} INFO - DAG(s) 'tmdb_incremental_sync' retrieved from /opt/airflow/dags/tmdb_incremental_sync.py
[2026-07-21T16:46:28.017+0000] {logging_mixin.py:190} INFO - [2026-07-21T16:46:28.017+0000] {dag.py:3211} INFO - Sync 1 DAGs
[2026-07-21T16:46:28.057+0000] {logging_mixin.py:190} INFO - [2026-07-21T16:46:28.056+0000] {dag.py:4138} INFO - Setting next_dagrun for tmdb_incremental_sync to 2026-07-21 00:00:00+00:00, run_after=2026-07-22 00:00:00+00:00
[2026-07-21T16:46:28.086+0000] {processor.py:208} INFO - Processing /opt/airflow/dags/tmdb_incremental_sync.py took 0.155 seconds
[2026-07-21T16:46:58.485+0000] {processor.py:186} INFO - Started process (PID=36547) to work on /opt/airflow/dags/tmdb_incremental_sync.py
[2026-07-21T16:46:58.487+0000] {processor.py:914} INFO - Processing file /opt/airflow/dags/tmdb_incremental_sync.py for tasks to queue
[2026-07-21T16:46:58.491+0000] {logging_mixin.py:190} INFO - [2026-07-21T16:46:58.490+0000] {dagbag.py:587} INFO - Filling up the DagBag from /opt/airflow/dags/tmdb_incremental_sync.py
[2026-07-21T16:46:58.520+0000] {processor.py:925} INFO - DAG(s) 'tmdb_incremental_sync' retrieved from /opt/airflow/dags/tmdb_incremental_sync.py
[2026-07-21T16:46:58.564+0000] {logging_mixin.py:190} INFO - [2026-07-21T16:46:58.563+0000] {dag.py:3211} INFO - Sync 1 DAGs
[2026-07-21T16:46:58.602+0000] {logging_mixin.py:190} INFO - [2026-07-21T16:46:58.602+0000] {dag.py:4138} INFO - Setting next_dagrun for tmdb_incremental_sync to 2026-07-21 00:00:00+00:00, run_after=2026-07-22 00:00:00+00:00
[2026-07-21T16:46:58.629+0000] {processor.py:208} INFO - Processing /opt/airflow/dags/tmdb_incremental_sync.py took 0.152 seconds
[2026-07-21T16:47:28.954+0000] {processor.py:186} INFO - Started process (PID=36557) to work on /opt/airflow/dags/tmdb_incremental_sync.py
[2026-07-21T16:47:28.955+0000] {processor.py:914} INFO - Processing file /opt/airflow/dags/tmdb_incremental_sync.py for tasks to queue
[2026-07-21T16:47:28.959+0000] {logging_mixin.py:190} INFO - [2026-07-21T16:47:28.959+0000] {dagbag.py:587} INFO - Filling up the DagBag from /opt/airflow/dags/tmdb_incremental_sync.py
[2026-07-21T16:47:28.991+0000] {processor.py:925} INFO - DAG(s) 'tmdb_incremental_sync' retrieved from /opt/airflow/dags/tmdb_incremental_sync.py
[2026-07-21T16:47:29.035+0000] {logging_mixin.py:190} INFO - [2026-07-21T16:47:29.034+0000] {dag.py:3211} INFO - Sync 1 DAGs
[2026-07-21T16:47:29.076+0000] {logging_mixin.py:190} INFO - [2026-07-21T16:47:29.075+0000] {dag.py:4138} INFO - Setting next_dagrun for tmdb_incremental_sync to 2026-07-21 00:00:00+00:00, run_after=2026-07-22 00:00:00+00:00
[2026-07-21T16:47:29.102+0000] {processor.py:208} INFO - Processing /opt/airflow/dags/tmdb_incremental_sync.py took 0.157 seconds
[2026-07-21T16:47:59.429+0000] {processor.py:186} INFO - Started process (PID=36567) to work on /opt/airflow/dags/tmdb_incremental_sync.py
[2026-07-21T16:47:59.430+0000] {processor.py:914} INFO - Processing file /opt/airflow/dags/tmdb_incremental_sync.py for tasks to queue
[2026-07-21T16:47:59.434+0000] {logging_mixin.py:190} INFO - [2026-07-21T16:47:59.434+0000] {dagbag.py:587} INFO - Filling up the DagBag from /opt/airflow/dags/tmdb_incremental_sync.py
[2026-07-21T16:47:59.468+0000] {processor.py:925} INFO - DAG(s) 'tmdb_incremental_sync' retrieved from /opt/airflow/dags/tmdb_incremental_sync.py
[2026-07-21T16:47:59.510+0000] {logging_mixin.py:190} INFO - [2026-07-21T16:47:59.509+0000] {dag.py:3211} INFO - Sync 1 DAGs
[2026-07-21T16:47:59.552+0000] {logging_mixin.py:190} INFO - [2026-07-21T16:47:59.551+0000] {dag.py:4138} INFO - Setting next_dagrun for tmdb_incremental_sync to 2026-07-21 00:00:00+00:00, run_after=2026-07-22 00:00:00+00:00
[2026-07-21T16:47:59.576+0000] {processor.py:208} INFO - Processing /opt/airflow/dags/tmdb_incremental_sync.py took 0.156 seconds
[2026-07-21T16:48:29.919+0000] {processor.py:186} INFO - Started process (PID=36577) to work on /opt/airflow/dags/tmdb_incremental_sync.py
[2026-07-21T16:48:29.921+0000] {processor.py:914} INFO - Processing file /opt/airflow/dags/tmdb_incremental_sync.py for tasks to queue
[2026-07-21T16:48:29.924+0000] {logging_mixin.py:190} INFO - [2026-07-21T16:48:29.924+0000] {dagbag.py:587} INFO - Filling up the DagBag from /opt/airflow/dags/tmdb_incremental_sync.py
[2026-07-21T16:48:29.954+0000] {processor.py:925} INFO - DAG(s) 'tmdb_incremental_sync' retrieved from /opt/airflow/dags/tmdb_incremental_sync.py
[2026-07-21T16:48:29.998+0000] {logging_mixin.py:190} INFO - [2026-07-21T16:48:29.998+0000] {dag.py:3211} INFO - Sync 1 DAGs
[2026-07-21T16:48:30.037+0000] {logging_mixin.py:190} INFO - [2026-07-21T16:48:30.036+0000] {dag.py:4138} INFO - Setting next_dagrun for tmdb_incremental_sync to 2026-07-21 00:00:00+00:00, run_after=2026-07-22 00:00:00+00:00
[2026-07-21T16:48:30.066+0000] {processor.py:208} INFO - Processing /opt/airflow/dags/tmdb_incremental_sync.py took 0.155 seconds
[2026-07-21T16:49:00.388+0000] {processor.py:186} INFO - Started process (PID=36587) to work on /opt/airflow/dags/tmdb_incremental_sync.py
[2026-07-21T16:49:00.390+0000] {processor.py:914} INFO - Processing file /opt/airflow/dags/tmdb_incremental_sync.py for tasks to queue
[2026-07-21T16:49:00.395+0000] {logging_mixin.py:190} INFO - [2026-07-21T16:49:00.394+0000] {dagbag.py:587} INFO - Filling up the DagBag from /opt/airflow/dags/tmdb_incremental_sync.py
[2026-07-21T16:49:00.426+0000] {processor.py:925} INFO - DAG(s) 'tmdb_incremental_sync' retrieved from /opt/airflow/dags/tmdb_incremental_sync.py
[2026-07-21T16:49:00.468+0000] {logging_mixin.py:190} INFO - [2026-07-21T16:49:00.467+0000] {dag.py:3211} INFO - Sync 1 DAGs
[2026-07-21T16:49:00.506+0000] {logging_mixin.py:190} INFO - [2026-07-21T16:49:00.506+0000] {dag.py:4138} INFO - Setting next_dagrun for tmdb_incremental_sync to 2026-07-21 00:00:00+00:00, run_after=2026-07-22 00:00:00+00:00
[2026-07-21T16:49:00.533+0000] {processor.py:208} INFO - Processing /opt/airflow/dags/tmdb_incremental_sync.py took 0.152 seconds
[2026-07-21T16:49:30.857+0000] {processor.py:186} INFO - Started process (PID=36597) to work on /opt/airflow/dags/tmdb_incremental_sync.py
[2026-07-21T16:49:30.858+0000] {processor.py:914} INFO - Processing file /opt/airflow/dags/tmdb_incremental_sync.py for tasks to queue
[2026-07-21T16:49:30.862+0000] {logging_mixin.py:190} INFO - [2026-07-21T16:49:30.861+0000] {dagbag.py:587} INFO - Filling up the DagBag from /opt/airflow/dags/tmdb_incremental_sync.py
[2026-07-21T16:49:30.893+0000] {processor.py:925} INFO - DAG(s) 'tmdb_incremental_sync' retrieved from /opt/airflow/dags/tmdb_incremental_sync.py
[2026-07-21T16:49:30.936+0000] {logging_mixin.py:190} INFO - [2026-07-21T16:49:30.936+0000] {dag.py:3211} INFO - Sync 1 DAGs
[2026-07-21T16:49:30.975+0000] {logging_mixin.py:190} INFO - [2026-07-21T16:49:30.975+0000] {dag.py:4138} INFO - Setting next_dagrun for tmdb_incremental_sync to 2026-07-21 00:00:00+00:00, run_after=2026-07-22 00:00:00+00:00
[2026-07-21T16:49:31.002+0000] {processor.py:208} INFO - Processing /opt/airflow/dags/tmdb_incremental_sync.py took 0.153 seconds
[2026-07-21T16:50:01.324+0000] {processor.py:186} INFO - Started process (PID=36607) to work on /opt/airflow/dags/tmdb_incremental_sync.py
[2026-07-21T16:50:01.326+0000] {processor.py:914} INFO - Processing file /opt/airflow/dags/tmdb_incremental_sync.py for tasks to queue
[2026-07-21T16:50:01.329+0000] {logging_mixin.py:190} INFO - [2026-07-21T16:50:01.328+0000] {dagbag.py:587} INFO - Filling up the DagBag from /opt/airflow/dags/tmdb_incremental_sync.py
[2026-07-21T16:50:01.361+0000] {processor.py:925} INFO - DAG(s) 'tmdb_incremental_sync' retrieved from /opt/airflow/dags/tmdb_incremental_sync.py
[2026-07-21T16:50:01.406+0000] {logging_mixin.py:190} INFO - [2026-07-21T16:50:01.405+0000] {dag.py:3211} INFO - Sync 1 DAGs
[2026-07-21T16:50:01.442+0000] {logging_mixin.py:190} INFO - [2026-07-21T16:50:01.442+0000] {dag.py:4138} INFO - Setting next_dagrun for tmdb_incremental_sync to 2026-07-21 00:00:00+00:00, run_after=2026-07-22 00:00:00+00:00
[2026-07-21T16:50:01.469+0000] {processor.py:208} INFO - Processing /opt/airflow/dags/tmdb_incremental_sync.py took 0.153 seconds
[2026-07-21T16:50:31.777+0000] {processor.py:186} INFO - Started process (PID=36617) to work on /opt/airflow/dags/tmdb_incremental_sync.py
[2026-07-21T16:50:31.778+0000] {processor.py:914} INFO - Processing file /opt/airflow/dags/tmdb_incremental_sync.py for tasks to queue
[2026-07-21T16:50:31.782+0000] {logging_mixin.py:190} INFO - [2026-07-21T16:50:31.782+0000] {dagbag.py:587} INFO - Filling up the DagBag from /opt/airflow/dags/tmdb_incremental_sync.py
[2026-07-21T16:50:31.815+0000] {processor.py:925} INFO - DAG(s) 'tmdb_incremental_sync' retrieved from /opt/airflow/dags/tmdb_incremental_sync.py
[2026-07-21T16:50:31.859+0000] {logging_mixin.py:190} INFO - [2026-07-21T16:50:31.859+0000] {dag.py:3211} INFO - Sync 1 DAGs
[2026-07-21T16:50:31.897+0000] {logging_mixin.py:190} INFO - [2026-07-21T16:50:31.897+0000] {dag.py:4138} INFO - Setting next_dagrun for tmdb_incremental_sync to 2026-07-21 00:00:00+00:00, run_after=2026-07-22 00:00:00+00:00
[2026-07-21T16:50:31.928+0000] {processor.py:208} INFO - Processing /opt/airflow/dags/tmdb_incremental_sync.py took 0.160 seconds
[2026-07-21T16:51:02.304+0000] {processor.py:186} INFO - Started process (PID=36627) to work on /opt/airflow/dags/tmdb_incremental_sync.py
[2026-07-21T16:51:02.305+0000] {processor.py:914} INFO - Processing file /opt/airflow/dags/tmdb_incremental_sync.py for tasks to queue
[2026-07-21T16:51:02.309+0000] {logging_mixin.py:190} INFO - [2026-07-21T16:51:02.308+0000] {dagbag.py:587} INFO - Filling up the DagBag from /opt/airflow/dags/tmdb_incremental_sync.py
[2026-07-21T16:51:02.340+0000] {processor.py:925} INFO - DAG(s) 'tmdb_incremental_sync' retrieved from /opt/airflow/dags/tmdb_incremental_sync.py
[2026-07-21T16:51:02.382+0000] {logging_mixin.py:190} INFO - [2026-07-21T16:51:02.381+0000] {dag.py:3211} INFO - Sync 1 DAGs
[2026-07-21T16:51:02.420+0000] {logging_mixin.py:190} INFO - [2026-07-21T16:51:02.419+0000] {dag.py:4138} INFO - Setting next_dagrun for tmdb_incremental_sync to 2026-07-21 00:00:00+00:00, run_after=2026-07-22 00:00:00+00:00
[2026-07-21T16:51:02.446+0000] {processor.py:208} INFO - Processing /opt/airflow/dags/tmdb_incremental_sync.py took 0.152 seconds
[2026-07-21T16:51:32.751+0000] {processor.py:186} INFO - Started process (PID=36637) to work on /opt/airflow/dags/tmdb_incremental_sync.py
[2026-07-21T16:51:32.753+0000] {processor.py:914} INFO - Processing file /opt/airflow/dags/tmdb_incremental_sync.py for tasks to queue
[2026-07-21T16:51:32.756+0000] {logging_mixin.py:190} INFO - [2026-07-21T16:51:32.755+0000] {dagbag.py:587} INFO - Filling up the DagBag from /opt/airflow/dags/tmdb_incremental_sync.py
[2026-07-21T16:51:32.785+0000] {processor.py:925} INFO - DAG(s) 'tmdb_incremental_sync' retrieved from /opt/airflow/dags/tmdb_incremental_sync.py
[2026-07-21T16:51:32.827+0000] {logging_mixin.py:190} INFO - [2026-07-21T16:51:32.826+0000] {dag.py:3211} INFO - Sync 1 DAGs
[2026-07-21T16:51:32.865+0000] {logging_mixin.py:190} INFO - [2026-07-21T16:51:32.865+0000] {dag.py:4138} INFO - Setting next_dagrun for tmdb_incremental_sync to 2026-07-21 00:00:00+00:00, run_after=2026-07-22 00:00:00+00:00
[2026-07-21T16:51:32.893+0000] {processor.py:208} INFO - Processing /opt/airflow/dags/tmdb_incremental_sync.py took 0.151 seconds
[2026-07-21T16:52:03.204+0000] {processor.py:186} INFO - Started process (PID=36647) to work on /opt/airflow/dags/tmdb_incremental_sync.py
[2026-07-21T16:52:03.206+0000] {processor.py:914} INFO - Processing file /opt/airflow/dags/tmdb_incremental_sync.py for tasks to queue
[2026-07-21T16:52:03.209+0000] {logging_mixin.py:190} INFO - [2026-07-21T16:52:03.209+0000] {dagbag.py:587} INFO - Filling up the DagBag from /opt/airflow/dags/tmdb_incremental_sync.py
[2026-07-21T16:52:03.238+0000] {processor.py:925} INFO - DAG(s) 'tmdb_incremental_sync' retrieved from /opt/airflow/dags/tmdb_incremental_sync.py
[2026-07-21T16:52:03.280+0000] {logging_mixin.py:190} INFO - [2026-07-21T16:52:03.279+0000] {dag.py:3211} INFO - Sync 1 DAGs
[2026-07-21T16:52:03.320+0000] {logging_mixin.py:190} INFO - [2026-07-21T16:52:03.319+0000] {dag.py:4138} INFO - Setting next_dagrun for tmdb_incremental_sync to 2026-07-21 00:00:00+00:00, run_after=2026-07-22 00:00:00+00:00
[2026-07-21T16:52:03.347+0000] {processor.py:208} INFO - Processing /opt/airflow/dags/tmdb_incremental_sync.py took 0.150 seconds
[2026-07-21T16:52:33.663+0000] {processor.py:186} INFO - Started process (PID=36657) to work on /opt/airflow/dags/tmdb_incremental_sync.py
[2026-07-21T16:52:33.665+0000] {processor.py:914} INFO - Processing file /opt/airflow/dags/tmdb_incremental_sync.py for tasks to queue
[2026-07-21T16:52:33.668+0000] {logging_mixin.py:190} INFO - [2026-07-21T16:52:33.667+0000] {dagbag.py:587} INFO - Filling up the DagBag from /opt/airflow/dags/tmdb_incremental_sync.py
[2026-07-21T16:52:33.698+0000] {processor.py:925} INFO - DAG(s) 'tmdb_incremental_sync' retrieved from /opt/airflow/dags/tmdb_incremental_sync.py
[2026-07-21T16:52:33.739+0000] {logging_mixin.py:190} INFO - [2026-07-21T16:52:33.739+0000] {dag.py:3211} INFO - Sync 1 DAGs
[2026-07-21T16:52:33.780+0000] {logging_mixin.py:190} INFO - [2026-07-21T16:52:33.779+0000] {dag.py:4138} INFO - Setting next_dagrun for tmdb_incremental_sync to 2026-07-21 00:00:00+00:00, run_after=2026-07-22 00:00:00+00:00
[2026-07-21T16:52:33.807+0000] {processor.py:208} INFO - Processing /opt/airflow/dags/tmdb_incremental_sync.py took 0.151 seconds
[2026-07-21T16:53:04.121+0000] {processor.py:186} INFO - Started process (PID=36667) to work on /opt/airflow/dags/tmdb_incremental_sync.py
[2026-07-21T16:53:04.122+0000] {processor.py:914} INFO - Processing file /opt/airflow/dags/tmdb_incremental_sync.py for tasks to queue
[2026-07-21T16:53:04.126+0000] {logging_mixin.py:190} INFO - [2026-07-21T16:53:04.125+0000] {dagbag.py:587} INFO - Filling up the DagBag from /opt/airflow/dags/tmdb_incremental_sync.py
[2026-07-21T16:53:04.155+0000] {processor.py:925} INFO - DAG(s) 'tmdb_incremental_sync' retrieved from /opt/airflow/dags/tmdb_incremental_sync.py
[2026-07-21T16:53:04.197+0000] {logging_mixin.py:190} INFO - [2026-07-21T16:53:04.197+0000] {dag.py:3211} INFO - Sync 1 DAGs
[2026-07-21T16:53:04.237+0000] {logging_mixin.py:190} INFO - [2026-07-21T16:53:04.236+0000] {dag.py:4138} INFO - Setting next_dagrun for tmdb_incremental_sync to 2026-07-21 00:00:00+00:00, run_after=2026-07-22 00:00:00+00:00
[2026-07-21T16:53:04.263+0000] {processor.py:208} INFO - Processing /opt/airflow/dags/tmdb_incremental_sync.py took 0.150 seconds
[2026-07-21T16:53:34.560+0000] {processor.py:186} INFO - Started process (PID=36677) to work on /opt/airflow/dags/tmdb_incremental_sync.py
[2026-07-21T16:53:34.562+0000] {processor.py:914} INFO - Processing file /opt/airflow/dags/tmdb_incremental_sync.py for tasks to queue
[2026-07-21T16:53:34.566+0000] {logging_mixin.py:190} INFO - [2026-07-21T16:53:34.565+0000] {dagbag.py:587} INFO - Filling up the DagBag from /opt/airflow/dags/tmdb_incremental_sync.py
[2026-07-21T16:53:34.603+0000] {processor.py:925} INFO - DAG(s) 'tmdb_incremental_sync' retrieved from /opt/airflow/dags/tmdb_incremental_sync.py
[2026-07-21T16:53:34.645+0000] {logging_mixin.py:190} INFO - [2026-07-21T16:53:34.645+0000] {dag.py:3211} INFO - Sync 1 DAGs
[2026-07-21T16:53:34.684+0000] {logging_mixin.py:190} INFO - [2026-07-21T16:53:34.683+0000] {dag.py:4138} INFO - Setting next_dagrun for tmdb_incremental_sync to 2026-07-21 00:00:00+00:00, run_after=2026-07-22 00:00:00+00:00
[2026-07-21T16:53:34.710+0000] {processor.py:208} INFO - Processing /opt/airflow/dags/tmdb_incremental_sync.py took 0.158 seconds
[2026-07-21T16:54:05.023+0000] {processor.py:186} INFO - Started process (PID=36687) to work on /opt/airflow/dags/tmdb_incremental_sync.py
[2026-07-21T16:54:05.025+0000] {processor.py:914} INFO - Processing file /opt/airflow/dags/tmdb_incremental_sync.py for tasks to queue
[2026-07-21T16:54:05.030+0000] {logging_mixin.py:190} INFO - [2026-07-21T16:54:05.029+0000] {dagbag.py:587} INFO - Filling up the DagBag from /opt/airflow/dags/tmdb_incremental_sync.py
[2026-07-21T16:54:05.061+0000] {processor.py:925} INFO - DAG(s) 'tmdb_incremental_sync' retrieved from /opt/airflow/dags/tmdb_incremental_sync.py
[2026-07-21T16:54:05.103+0000] {logging_mixin.py:190} INFO - [2026-07-21T16:54:05.103+0000] {dag.py:3211} INFO - Sync 1 DAGs
[2026-07-21T16:54:05.141+0000] {logging_mixin.py:190} INFO - [2026-07-21T16:54:05.140+0000] {dag.py:4138} INFO - Setting next_dagrun for tmdb_incremental_sync to 2026-07-21 00:00:00+00:00, run_after=2026-07-22 00:00:00+00:00
[2026-07-21T16:54:05.166+0000] {processor.py:208} INFO - Processing /opt/airflow/dags/tmdb_incremental_sync.py took 0.151 seconds
[2026-07-21T16:54:35.480+0000] {processor.py:186} INFO - Started process (PID=36697) to work on /opt/airflow/dags/tmdb_incremental_sync.py
[2026-07-21T16:54:35.481+0000] {processor.py:914} INFO - Processing file /opt/airflow/dags/tmdb_incremental_sync.py for tasks to queue
[2026-07-21T16:54:35.486+0000] {logging_mixin.py:190} INFO - [2026-07-21T16:54:35.485+0000] {dagbag.py:587} INFO - Filling up the DagBag from /opt/airflow/dags/tmdb_incremental_sync.py
[2026-07-21T16:54:35.515+0000] {processor.py:925} INFO - DAG(s) 'tmdb_incremental_sync' retrieved from /opt/airflow/dags/tmdb_incremental_sync.py
[2026-07-21T16:54:35.558+0000] {logging_mixin.py:190} INFO - [2026-07-21T16:54:35.558+0000] {dag.py:3211} INFO - Sync 1 DAGs
[2026-07-21T16:54:35.598+0000] {logging_mixin.py:190} INFO - [2026-07-21T16:54:35.598+0000] {dag.py:4138} INFO - Setting next_dagrun for tmdb_incremental_sync to 2026-07-21 00:00:00+00:00, run_after=2026-07-22 00:00:00+00:00
[2026-07-21T16:54:35.625+0000] {processor.py:208} INFO - Processing /opt/airflow/dags/tmdb_incremental_sync.py took 0.153 seconds
[2026-07-21T16:55:05.926+0000] {processor.py:186} INFO - Started process (PID=36707) to work on /opt/airflow/dags/tmdb_incremental_sync.py
[2026-07-21T16:55:05.928+0000] {processor.py:914} INFO - Processing file /opt/airflow/dags/tmdb_incremental_sync.py for tasks to queue
[2026-07-21T16:55:05.932+0000] {logging_mixin.py:190} INFO - [2026-07-21T16:55:05.932+0000] {dagbag.py:587} INFO - Filling up the DagBag from /opt/airflow/dags/tmdb_incremental_sync.py
[2026-07-21T16:55:05.966+0000] {processor.py:925} INFO - DAG(s) 'tmdb_incremental_sync' retrieved from /opt/airflow/dags/tmdb_incremental_sync.py
[2026-07-21T16:55:06.018+0000] {logging_mixin.py:190} INFO - [2026-07-21T16:55:06.018+0000] {dag.py:3211} INFO - Sync 1 DAGs
[2026-07-21T16:55:06.071+0000] {logging_mixin.py:190} INFO - [2026-07-21T16:55:06.071+0000] {dag.py:4138} INFO - Setting next_dagrun for tmdb_incremental_sync to 2026-07-21 00:00:00+00:00, run_after=2026-07-22 00:00:00+00:00
[2026-07-21T16:55:06.110+0000] {processor.py:208} INFO - Processing /opt/airflow/dags/tmdb_incremental_sync.py took 0.199 seconds
[2026-07-21T16:55:36.395+0000] {processor.py:186} INFO - Started process (PID=36717) to work on /opt/airflow/dags/tmdb_incremental_sync.py
[2026-07-21T16:55:36.397+0000] {processor.py:914} INFO - Processing file /opt/airflow/dags/tmdb_incremental_sync.py for tasks to queue
[2026-07-21T16:55:36.400+0000] {logging_mixin.py:190} INFO - [2026-07-21T16:55:36.400+0000] {dagbag.py:587} INFO - Filling up the DagBag from /opt/airflow/dags/tmdb_incremental_sync.py
[2026-07-21T16:55:36.429+0000] {processor.py:925} INFO - DAG(s) 'tmdb_incremental_sync' retrieved from /opt/airflow/dags/tmdb_incremental_sync.py
[2026-07-21T16:55:36.471+0000] {logging_mixin.py:190} INFO - [2026-07-21T16:55:36.471+0000] {dag.py:3211} INFO - Sync 1 DAGs
[2026-07-21T16:55:36.508+0000] {logging_mixin.py:190} INFO - [2026-07-21T16:55:36.507+0000] {dag.py:4138} INFO - Setting next_dagrun for tmdb_incremental_sync to 2026-07-21 00:00:00+00:00, run_after=2026-07-22 00:00:00+00:00
[2026-07-21T16:55:36.534+0000] {processor.py:208} INFO - Processing /opt/airflow/dags/tmdb_incremental_sync.py took 0.147 seconds
[2026-07-21T16:56:06.865+0000] {processor.py:186} INFO - Started process (PID=36727) to work on /opt/airflow/dags/tmdb_incremental_sync.py
[2026-07-21T16:56:06.866+0000] {processor.py:914} INFO - Processing file /opt/airflow/dags/tmdb_incremental_sync.py for tasks to queue
[2026-07-21T16:56:06.869+0000] {logging_mixin.py:190} INFO - [2026-07-21T16:56:06.869+0000] {dagbag.py:587} INFO - Filling up the DagBag from /opt/airflow/dags/tmdb_incremental_sync.py
[2026-07-21T16:56:06.900+0000] {processor.py:925} INFO - DAG(s) 'tmdb_incremental_sync' retrieved from /opt/airflow/dags/tmdb_incremental_sync.py
[2026-07-21T16:56:06.942+0000] {logging_mixin.py:190} INFO - [2026-07-21T16:56:06.941+0000] {dag.py:3211} INFO - Sync 1 DAGs
[2026-07-21T16:56:06.991+0000] {logging_mixin.py:190} INFO - [2026-07-21T16:56:06.991+0000] {dag.py:4138} INFO - Setting next_dagrun for tmdb_incremental_sync to 2026-07-21 00:00:00+00:00, run_after=2026-07-22 00:00:00+00:00
[2026-07-21T16:56:07.021+0000] {processor.py:208} INFO - Processing /opt/airflow/dags/tmdb_incremental_sync.py took 0.164 seconds
[2026-07-21T16:56:37.372+0000] {processor.py:186} INFO - Started process (PID=36737) to work on /opt/airflow/dags/tmdb_incremental_sync.py
[2026-07-21T16:56:37.374+0000] {processor.py:914} INFO - Processing file /opt/airflow/dags/tmdb_incremental_sync.py for tasks to queue
[2026-07-21T16:56:37.378+0000] {logging_mixin.py:190} INFO - [2026-07-21T16:56:37.377+0000] {dagbag.py:587} INFO - Filling up the DagBag from /opt/airflow/dags/tmdb_incremental_sync.py
[2026-07-21T16:56:37.407+0000] {processor.py:925} INFO - DAG(s) 'tmdb_incremental_sync' retrieved from /opt/airflow/dags/tmdb_incremental_sync.py
[2026-07-21T16:56:37.448+0000] {logging_mixin.py:190} INFO - [2026-07-21T16:56:37.448+0000] {dag.py:3211} INFO - Sync 1 DAGs
[2026-07-21T16:56:37.484+0000] {logging_mixin.py:190} INFO - [2026-07-21T16:56:37.484+0000] {dag.py:4138} INFO - Setting next_dagrun for tmdb_incremental_sync to 2026-07-21 00:00:00+00:00, run_after=2026-07-22 00:00:00+00:00
[2026-07-21T16:56:37.510+0000] {processor.py:208} INFO - Processing /opt/airflow/dags/tmdb_incremental_sync.py took 0.145 seconds
[2026-07-21T16:57:07.825+0000] {processor.py:186} INFO - Started process (PID=36747) to work on /opt/airflow/dags/tmdb_incremental_sync.py
[2026-07-21T16:57:07.827+0000] {processor.py:914} INFO - Processing file /opt/airflow/dags/tmdb_incremental_sync.py for tasks to queue
[2026-07-21T16:57:07.831+0000] {logging_mixin.py:190} INFO - [2026-07-21T16:57:07.831+0000] {dagbag.py:587} INFO - Filling up the DagBag from /opt/airflow/dags/tmdb_incremental_sync.py
[2026-07-21T16:57:07.860+0000] {processor.py:925} INFO - DAG(s) 'tmdb_incremental_sync' retrieved from /opt/airflow/dags/tmdb_incremental_sync.py
[2026-07-21T16:57:07.901+0000] {logging_mixin.py:190} INFO - [2026-07-21T16:57:07.901+0000] {dag.py:3211} INFO - Sync 1 DAGs
[2026-07-21T16:57:07.938+0000] {logging_mixin.py:190} INFO - [2026-07-21T16:57:07.938+0000] {dag.py:4138} INFO - Setting next_dagrun for tmdb_incremental_sync to 2026-07-21 00:00:00+00:00, run_after=2026-07-22 00:00:00+00:00
[2026-07-21T16:57:07.965+0000] {processor.py:208} INFO - Processing /opt/airflow/dags/tmdb_incremental_sync.py took 0.148 seconds
[2026-07-21T16:57:38.285+0000] {processor.py:186} INFO - Started process (PID=36757) to work on /opt/airflow/dags/tmdb_incremental_sync.py
[2026-07-21T16:57:38.286+0000] {processor.py:914} INFO - Processing file /opt/airflow/dags/tmdb_incremental_sync.py for tasks to queue
[2026-07-21T16:57:38.291+0000] {logging_mixin.py:190} INFO - [2026-07-21T16:57:38.290+0000] {dagbag.py:587} INFO - Filling up the DagBag from /opt/airflow/dags/tmdb_incremental_sync.py
[2026-07-21T16:57:38.320+0000] {processor.py:925} INFO - DAG(s) 'tmdb_incremental_sync' retrieved from /opt/airflow/dags/tmdb_incremental_sync.py
[2026-07-21T16:57:38.364+0000] {logging_mixin.py:190} INFO - [2026-07-21T16:57:38.364+0000] {dag.py:3211} INFO - Sync 1 DAGs
[2026-07-21T16:57:38.404+0000] {logging_mixin.py:190} INFO - [2026-07-21T16:57:38.403+0000] {dag.py:4138} INFO - Setting next_dagrun for tmdb_incremental_sync to 2026-07-21 00:00:00+00:00, run_after=2026-07-22 00:00:00+00:00
[2026-07-21T16:57:38.431+0000] {processor.py:208} INFO - Processing /opt/airflow/dags/tmdb_incremental_sync.py took 0.154 seconds
[2026-07-21T16:58:08.730+0000] {processor.py:186} INFO - Started process (PID=36767) to work on /opt/airflow/dags/tmdb_incremental_sync.py
[2026-07-21T16:58:08.731+0000] {processor.py:914} INFO - Processing file /opt/airflow/dags/tmdb_incremental_sync.py for tasks to queue
[2026-07-21T16:58:08.735+0000] {logging_mixin.py:190} INFO - [2026-07-21T16:58:08.734+0000] {dagbag.py:587} INFO - Filling up the DagBag from /opt/airflow/dags/tmdb_incremental_sync.py
[2026-07-21T16:58:08.765+0000] {processor.py:925} INFO - DAG(s) 'tmdb_incremental_sync' retrieved from /opt/airflow/dags/tmdb_incremental_sync.py
[2026-07-21T16:58:08.807+0000] {logging_mixin.py:190} INFO - [2026-07-21T16:58:08.807+0000] {dag.py:3211} INFO - Sync 1 DAGs
[2026-07-21T16:58:08.845+0000] {logging_mixin.py:190} INFO - [2026-07-21T16:58:08.844+0000] {dag.py:4138} INFO - Setting next_dagrun for tmdb_incremental_sync to 2026-07-21 00:00:00+00:00, run_after=2026-07-22 00:00:00+00:00
[2026-07-21T16:58:08.871+0000] {processor.py:208} INFO - Processing /opt/airflow/dags/tmdb_incremental_sync.py took 0.149 seconds
[2026-07-21T16:58:39.181+0000] {processor.py:186} INFO - Started process (PID=36777) to work on /opt/airflow/dags/tmdb_incremental_sync.py
[2026-07-21T16:58:39.182+0000] {processor.py:914} INFO - Processing file /opt/airflow/dags/tmdb_incremental_sync.py for tasks to queue
[2026-07-21T16:58:39.186+0000] {logging_mixin.py:190} INFO - [2026-07-21T16:58:39.185+0000] {dagbag.py:587} INFO - Filling up the DagBag from /opt/airflow/dags/tmdb_incremental_sync.py
[2026-07-21T16:58:39.217+0000] {processor.py:925} INFO - DAG(s) 'tmdb_incremental_sync' retrieved from /opt/airflow/dags/tmdb_incremental_sync.py
[2026-07-21T16:58:39.259+0000] {logging_mixin.py:190} INFO - [2026-07-21T16:58:39.259+0000] {dag.py:3211} INFO - Sync 1 DAGs
[2026-07-21T16:58:39.297+0000] {logging_mixin.py:190} INFO - [2026-07-21T16:58:39.297+0000] {dag.py:4138} INFO - Setting next_dagrun for tmdb_incremental_sync to 2026-07-21 00:00:00+00:00, run_after=2026-07-22 00:00:00+00:00
[2026-07-21T16:58:39.323+0000] {processor.py:208} INFO - Processing /opt/airflow/dags/tmdb_incremental_sync.py took 0.150 seconds
[2026-07-21T16:59:09.642+0000] {processor.py:186} INFO - Started process (PID=36787) to work on /opt/airflow/dags/tmdb_incremental_sync.py
[2026-07-21T16:59:09.643+0000] {processor.py:914} INFO - Processing file /opt/airflow/dags/tmdb_incremental_sync.py for tasks to queue
[2026-07-21T16:59:09.646+0000] {logging_mixin.py:190} INFO - [2026-07-21T16:59:09.646+0000] {dagbag.py:587} INFO - Filling up the DagBag from /opt/airflow/dags/tmdb_incremental_sync.py
[2026-07-21T16:59:09.677+0000] {processor.py:925} INFO - DAG(s) 'tmdb_incremental_sync' retrieved from /opt/airflow/dags/tmdb_incremental_sync.py
[2026-07-21T16:59:09.719+0000] {logging_mixin.py:190} INFO - [2026-07-21T16:59:09.719+0000] {dag.py:3211} INFO - Sync 1 DAGs
[2026-07-21T16:59:09.759+0000] {logging_mixin.py:190} INFO - [2026-07-21T16:59:09.758+0000] {dag.py:4138} INFO - Setting next_dagrun for tmdb_incremental_sync to 2026-07-21 00:00:00+00:00, run_after=2026-07-22 00:00:00+00:00
[2026-07-21T16:59:09.785+0000] {processor.py:208} INFO - Processing /opt/airflow/dags/tmdb_incremental_sync.py took 0.152 seconds
[2026-07-21T16:59:40.092+0000] {processor.py:186} INFO - Started process (PID=36797) to work on /opt/airflow/dags/tmdb_incremental_sync.py
[2026-07-21T16:59:40.094+0000] {processor.py:914} INFO - Processing file /opt/airflow/dags/tmdb_incremental_sync.py for tasks to queue
[2026-07-21T16:59:40.097+0000] {logging_mixin.py:190} INFO - [2026-07-21T16:59:40.097+0000] {dagbag.py:587} INFO - Filling up the DagBag from /opt/airflow/dags/tmdb_incremental_sync.py
[2026-07-21T16:59:40.129+0000] {processor.py:925} INFO - DAG(s) 'tmdb_incremental_sync' retrieved from /opt/airflow/dags/tmdb_incremental_sync.py
[2026-07-21T16:59:40.171+0000] {logging_mixin.py:190} INFO - [2026-07-21T16:59:40.170+0000] {dag.py:3211} INFO - Sync 1 DAGs
[2026-07-21T16:59:40.208+0000] {logging_mixin.py:190} INFO - [2026-07-21T16:59:40.208+0000] {dag.py:4138} INFO - Setting next_dagrun for tmdb_incremental_sync to 2026-07-21 00:00:00+00:00, run_after=2026-07-22 00:00:00+00:00
[2026-07-21T16:59:40.234+0000] {processor.py:208} INFO - Processing /opt/airflow/dags/tmdb_incremental_sync.py took 0.151 seconds
[2026-07-21T17:00:10.534+0000] {processor.py:186} INFO - Started process (PID=36807) to work on /opt/airflow/dags/tmdb_incremental_sync.py
[2026-07-21T17:00:10.536+0000] {processor.py:914} INFO - Processing file /opt/airflow/dags/tmdb_incremental_sync.py for tasks to queue
[2026-07-21T17:00:10.539+0000] {logging_mixin.py:190} INFO - [2026-07-21T17:00:10.539+0000] {dagbag.py:587} INFO - Filling up the DagBag from /opt/airflow/dags/tmdb_incremental_sync.py
[2026-07-21T17:00:10.569+0000] {processor.py:925} INFO - DAG(s) 'tmdb_incremental_sync' retrieved from /opt/airflow/dags/tmdb_incremental_sync.py
[2026-07-21T17:00:10.611+0000] {logging_mixin.py:190} INFO - [2026-07-21T17:00:10.611+0000] {dag.py:3211} INFO - Sync 1 DAGs
[2026-07-21T17:00:10.651+0000] {logging_mixin.py:190} INFO - [2026-07-21T17:00:10.651+0000] {dag.py:4138} INFO - Setting next_dagrun for tmdb_incremental_sync to 2026-07-21 00:00:00+00:00, run_after=2026-07-22 00:00:00+00:00
[2026-07-21T17:00:10.678+0000] {processor.py:208} INFO - Processing /opt/airflow/dags/tmdb_incremental_sync.py took 0.153 seconds
[2026-07-21T17:00:40.982+0000] {processor.py:186} INFO - Started process (PID=36817) to work on /opt/airflow/dags/tmdb_incremental_sync.py
[2026-07-21T17:00:40.984+0000] {processor.py:914} INFO - Processing file /opt/airflow/dags/tmdb_incremental_sync.py for tasks to queue
[2026-07-21T17:00:40.987+0000] {logging_mixin.py:190} INFO - [2026-07-21T17:00:40.986+0000] {dagbag.py:587} INFO - Filling up the DagBag from /opt/airflow/dags/tmdb_incremental_sync.py
[2026-07-21T17:00:41.017+0000] {processor.py:925} INFO - DAG(s) 'tmdb_incremental_sync' retrieved from /opt/airflow/dags/tmdb_incremental_sync.py
[2026-07-21T17:00:41.059+0000] {logging_mixin.py:190} INFO - [2026-07-21T17:00:41.058+0000] {dag.py:3211} INFO - Sync 1 DAGs
[2026-07-21T17:00:41.101+0000] {logging_mixin.py:190} INFO - [2026-07-21T17:00:41.100+0000] {dag.py:4138} INFO - Setting next_dagrun for tmdb_incremental_sync to 2026-07-21 00:00:00+00:00, run_after=2026-07-22 00:00:00+00:00
[2026-07-21T17:00:41.144+0000] {processor.py:208} INFO - Processing /opt/airflow/dags/tmdb_incremental_sync.py took 0.172 seconds
[2026-07-21T17:01:11.441+0000] {processor.py:186} INFO - Started process (PID=36827) to work on /opt/airflow/dags/tmdb_incremental_sync.py
[2026-07-21T17:01:11.442+0000] {processor.py:914} INFO - Processing file /opt/airflow/dags/tmdb_incremental_sync.py for tasks to queue
[2026-07-21T17:01:11.445+0000] {logging_mixin.py:190} INFO - [2026-07-21T17:01:11.445+0000] {dagbag.py:587} INFO - Filling up the DagBag from /opt/airflow/dags/tmdb_incremental_sync.py
[2026-07-21T17:01:11.486+0000] {processor.py:925} INFO - DAG(s) 'tmdb_incremental_sync' retrieved from /opt/airflow/dags/tmdb_incremental_sync.py
[2026-07-21T17:01:11.526+0000] {logging_mixin.py:190} INFO - [2026-07-21T17:01:11.526+0000] {dag.py:3211} INFO - Sync 1 DAGs
[2026-07-21T17:01:11.562+0000] {logging_mixin.py:190} INFO - [2026-07-21T17:01:11.562+0000] {dag.py:4138} INFO - Setting next_dagrun for tmdb_incremental_sync to 2026-07-21 00:00:00+00:00, run_after=2026-07-22 00:00:00+00:00
[2026-07-21T17:01:11.587+0000] {processor.py:208} INFO - Processing /opt/airflow/dags/tmdb_incremental_sync.py took 0.155 seconds
[2026-07-21T17:01:41.881+0000] {processor.py:186} INFO - Started process (PID=36837) to work on /opt/airflow/dags/tmdb_incremental_sync.py
[2026-07-21T17:01:41.883+0000] {processor.py:914} INFO - Processing file /opt/airflow/dags/tmdb_incremental_sync.py for tasks to queue
[2026-07-21T17:01:41.886+0000] {logging_mixin.py:190} INFO - [2026-07-21T17:01:41.886+0000] {dagbag.py:587} INFO - Filling up the DagBag from /opt/airflow/dags/tmdb_incremental_sync.py
[2026-07-21T17:01:41.918+0000] {processor.py:925} INFO - DAG(s) 'tmdb_incremental_sync' retrieved from /opt/airflow/dags/tmdb_incremental_sync.py
[2026-07-21T17:01:41.959+0000] {logging_mixin.py:190} INFO - [2026-07-21T17:01:41.958+0000] {dag.py:3211} INFO - Sync 1 DAGs
[2026-07-21T17:01:41.995+0000] {logging_mixin.py:190} INFO - [2026-07-21T17:01:41.995+0000] {dag.py:4138} INFO - Setting next_dagrun for tmdb_incremental_sync to 2026-07-21 00:00:00+00:00, run_after=2026-07-22 00:00:00+00:00
[2026-07-21T17:01:42.025+0000] {processor.py:208} INFO - Processing /opt/airflow/dags/tmdb_incremental_sync.py took 0.152 seconds
[2026-07-21T17:02:12.336+0000] {processor.py:186} INFO - Started process (PID=36847) to work on /opt/airflow/dags/tmdb_incremental_sync.py
[2026-07-21T17:02:12.338+0000] {processor.py:914} INFO - Processing file /opt/airflow/dags/tmdb_incremental_sync.py for tasks to queue
[2026-07-21T17:02:12.341+0000] {logging_mixin.py:190} INFO - [2026-07-21T17:02:12.340+0000] {dagbag.py:587} INFO - Filling up the DagBag from /opt/airflow/dags/tmdb_incremental_sync.py
[2026-07-21T17:02:12.371+0000] {processor.py:925} INFO - DAG(s) 'tmdb_incremental_sync' retrieved from /opt/airflow/dags/tmdb_incremental_sync.py
[2026-07-21T17:02:12.412+0000] {logging_mixin.py:190} INFO - [2026-07-21T17:02:12.412+0000] {dag.py:3211} INFO - Sync 1 DAGs
[2026-07-21T17:02:12.449+0000] {logging_mixin.py:190} INFO - [2026-07-21T17:02:12.449+0000] {dag.py:4138} INFO - Setting next_dagrun for tmdb_incremental_sync to 2026-07-21 00:00:00+00:00, run_after=2026-07-22 00:00:00+00:00
[2026-07-21T17:02:12.475+0000] {processor.py:208} INFO - Processing /opt/airflow/dags/tmdb_incremental_sync.py took 0.147 seconds
[2026-07-21T17:02:42.774+0000] {processor.py:186} INFO - Started process (PID=36857) to work on /opt/airflow/dags/tmdb_incremental_sync.py
[2026-07-21T17:02:42.775+0000] {processor.py:914} INFO - Processing file /opt/airflow/dags/tmdb_incremental_sync.py for tasks to queue
[2026-07-21T17:02:42.779+0000] {logging_mixin.py:190} INFO - [2026-07-21T17:02:42.778+0000] {dagbag.py:587} INFO - Filling up the DagBag from /opt/airflow/dags/tmdb_incremental_sync.py
[2026-07-21T17:02:42.809+0000] {processor.py:925} INFO - DAG(s) 'tmdb_incremental_sync' retrieved from /opt/airflow/dags/tmdb_incremental_sync.py
[2026-07-21T17:02:42.851+0000] {logging_mixin.py:190} INFO - [2026-07-21T17:02:42.851+0000] {dag.py:3211} INFO - Sync 1 DAGs
[2026-07-21T17:02:42.890+0000] {logging_mixin.py:190} INFO - [2026-07-21T17:02:42.889+0000] {dag.py:4138} INFO - Setting next_dagrun for tmdb_incremental_sync to 2026-07-21 00:00:00+00:00, run_after=2026-07-22 00:00:00+00:00
[2026-07-21T17:02:42.918+0000] {processor.py:208} INFO - Processing /opt/airflow/dags/tmdb_incremental_sync.py took 0.153 seconds
[2026-07-21T17:03:13.213+0000] {processor.py:186} INFO - Started process (PID=36867) to work on /opt/airflow/dags/tmdb_incremental_sync.py
[2026-07-21T17:03:13.214+0000] {processor.py:914} INFO - Processing file /opt/airflow/dags/tmdb_incremental_sync.py for tasks to queue
[2026-07-21T17:03:13.219+0000] {logging_mixin.py:190} INFO - [2026-07-21T17:03:13.218+0000] {dagbag.py:587} INFO - Filling up the DagBag from /opt/airflow/dags/tmdb_incremental_sync.py
[2026-07-21T17:03:13.250+0000] {processor.py:925} INFO - DAG(s) 'tmdb_incremental_sync' retrieved from /opt/airflow/dags/tmdb_incremental_sync.py
[2026-07-21T17:03:13.293+0000] {logging_mixin.py:190} INFO - [2026-07-21T17:03:13.292+0000] {dag.py:3211} INFO - Sync 1 DAGs
[2026-07-21T17:03:13.330+0000] {logging_mixin.py:190} INFO - [2026-07-21T17:03:13.330+0000] {dag.py:4138} INFO - Setting next_dagrun for tmdb_incremental_sync to 2026-07-21 00:00:00+00:00, run_after=2026-07-22 00:00:00+00:00
[2026-07-21T17:03:13.354+0000] {processor.py:208} INFO - Processing /opt/airflow/dags/tmdb_incremental_sync.py took 0.151 seconds
[2026-07-21T17:03:43.692+0000] {processor.py:186} INFO - Started process (PID=36877) to work on /opt/airflow/dags/tmdb_incremental_sync.py
[2026-07-21T17:03:43.694+0000] {processor.py:914} INFO - Processing file /opt/airflow/dags/tmdb_incremental_sync.py for tasks to queue
[2026-07-21T17:03:43.699+0000] {logging_mixin.py:190} INFO - [2026-07-21T17:03:43.698+0000] {dagbag.py:587} INFO - Filling up the DagBag from /opt/airflow/dags/tmdb_incremental_sync.py
[2026-07-21T17:03:43.732+0000] {processor.py:925} INFO - DAG(s) 'tmdb_incremental_sync' retrieved from /opt/airflow/dags/tmdb_incremental_sync.py
[2026-07-21T17:03:43.778+0000] {logging_mixin.py:190} INFO - [2026-07-21T17:03:43.777+0000] {dag.py:3211} INFO - Sync 1 DAGs
[2026-07-21T17:03:43.816+0000] {logging_mixin.py:190} INFO - [2026-07-21T17:03:43.816+0000] {dag.py:4138} INFO - Setting next_dagrun for tmdb_incremental_sync to 2026-07-21 00:00:00+00:00, run_after=2026-07-22 00:00:00+00:00
[2026-07-21T17:03:43.842+0000] {processor.py:208} INFO - Processing /opt/airflow/dags/tmdb_incremental_sync.py took 0.160 seconds
[2026-07-21T17:04:14.150+0000] {processor.py:186} INFO - Started process (PID=36887) to work on /opt/airflow/dags/tmdb_incremental_sync.py
[2026-07-21T17:04:14.152+0000] {processor.py:914} INFO - Processing file /opt/airflow/dags/tmdb_incremental_sync.py for tasks to queue
[2026-07-21T17:04:14.156+0000] {logging_mixin.py:190} INFO - [2026-07-21T17:04:14.155+0000] {dagbag.py:587} INFO - Filling up the DagBag from /opt/airflow/dags/tmdb_incremental_sync.py
[2026-07-21T17:04:14.188+0000] {processor.py:925} INFO - DAG(s) 'tmdb_incremental_sync' retrieved from /opt/airflow/dags/tmdb_incremental_sync.py
[2026-07-21T17:04:14.237+0000] {logging_mixin.py:190} INFO - [2026-07-21T17:04:14.237+0000] {dag.py:3211} INFO - Sync 1 DAGs
[2026-07-21T17:04:14.289+0000] {logging_mixin.py:190} INFO - [2026-07-21T17:04:14.289+0000] {dag.py:4138} INFO - Setting next_dagrun for tmdb_incremental_sync to 2026-07-21 00:00:00+00:00, run_after=2026-07-22 00:00:00+00:00
[2026-07-21T17:04:14.317+0000] {processor.py:208} INFO - Processing /opt/airflow/dags/tmdb_incremental_sync.py took 0.176 seconds
[2026-07-21T17:04:44.601+0000] {processor.py:186} INFO - Started process (PID=36897) to work on /opt/airflow/dags/tmdb_incremental_sync.py
[2026-07-21T17:04:44.603+0000] {processor.py:914} INFO - Processing file /opt/airflow/dags/tmdb_incremental_sync.py for tasks to queue
[2026-07-21T17:04:44.606+0000] {logging_mixin.py:190} INFO - [2026-07-21T17:04:44.605+0000] {dagbag.py:587} INFO - Filling up the DagBag from /opt/airflow/dags/tmdb_incremental_sync.py
[2026-07-21T17:04:44.637+0000] {processor.py:925} INFO - DAG(s) 'tmdb_incremental_sync' retrieved from /opt/airflow/dags/tmdb_incremental_sync.py
[2026-07-21T17:04:44.679+0000] {logging_mixin.py:190} INFO - [2026-07-21T17:04:44.679+0000] {dag.py:3211} INFO - Sync 1 DAGs
[2026-07-21T17:04:44.717+0000] {logging_mixin.py:190} INFO - [2026-07-21T17:04:44.717+0000] {dag.py:4138} INFO - Setting next_dagrun for tmdb_incremental_sync to 2026-07-21 00:00:00+00:00, run_after=2026-07-22 00:00:00+00:00
[2026-07-21T17:04:44.745+0000] {processor.py:208} INFO - Processing /opt/airflow/dags/tmdb_incremental_sync.py took 0.153 seconds
[2026-07-21T17:05:15.056+0000] {processor.py:186} INFO - Started process (PID=36907) to work on /opt/airflow/dags/tmdb_incremental_sync.py
[2026-07-21T17:05:15.058+0000] {processor.py:914} INFO - Processing file /opt/airflow/dags/tmdb_incremental_sync.py for tasks to queue
[2026-07-21T17:05:15.062+0000] {logging_mixin.py:190} INFO - [2026-07-21T17:05:15.061+0000] {dagbag.py:587} INFO - Filling up the DagBag from /opt/airflow/dags/tmdb_incremental_sync.py
[2026-07-21T17:05:15.094+0000] {processor.py:925} INFO - DAG(s) 'tmdb_incremental_sync' retrieved from /opt/airflow/dags/tmdb_incremental_sync.py
[2026-07-21T17:05:15.137+0000] {logging_mixin.py:190} INFO - [2026-07-21T17:05:15.137+0000] {dag.py:3211} INFO - Sync 1 DAGs
[2026-07-21T17:05:15.176+0000] {logging_mixin.py:190} INFO - [2026-07-21T17:05:15.176+0000] {dag.py:4138} INFO - Setting next_dagrun for tmdb_incremental_sync to 2026-07-21 00:00:00+00:00, run_after=2026-07-22 00:00:00+00:00
[2026-07-21T17:05:15.202+0000] {processor.py:208} INFO - Processing /opt/airflow/dags/tmdb_incremental_sync.py took 0.154 seconds
[2026-07-21T17:05:45.543+0000] {processor.py:186} INFO - Started process (PID=36917) to work on /opt/airflow/dags/tmdb_incremental_sync.py
[2026-07-21T17:05:45.544+0000] {processor.py:914} INFO - Processing file /opt/airflow/dags/tmdb_incremental_sync.py for tasks to queue
[2026-07-21T17:05:45.548+0000] {logging_mixin.py:190} INFO - [2026-07-21T17:05:45.547+0000] {dagbag.py:587} INFO - Filling up the DagBag from /opt/airflow/dags/tmdb_incremental_sync.py
[2026-07-21T17:05:45.579+0000] {processor.py:925} INFO - DAG(s) 'tmdb_incremental_sync' retrieved from /opt/airflow/dags/tmdb_incremental_sync.py
[2026-07-21T17:05:45.620+0000] {logging_mixin.py:190} INFO - [2026-07-21T17:05:45.620+0000] {dag.py:3211} INFO - Sync 1 DAGs
[2026-07-21T17:05:45.660+0000] {logging_mixin.py:190} INFO - [2026-07-21T17:05:45.659+0000] {dag.py:4138} INFO - Setting next_dagrun for tmdb_incremental_sync to 2026-07-21 00:00:00+00:00, run_after=2026-07-22 00:00:00+00:00
[2026-07-21T17:05:45.685+0000] {processor.py:208} INFO - Processing /opt/airflow/dags/tmdb_incremental_sync.py took 0.150 seconds
[2026-07-21T17:06:16.037+0000] {processor.py:186} INFO - Started process (PID=36927) to work on /opt/airflow/dags/tmdb_incremental_sync.py
[2026-07-21T17:06:16.038+0000] {processor.py:914} INFO - Processing file /opt/airflow/dags/tmdb_incremental_sync.py for tasks to queue
[2026-07-21T17:06:16.042+0000] {logging_mixin.py:190} INFO - [2026-07-21T17:06:16.042+0000] {dagbag.py:587} INFO - Filling up the DagBag from /opt/airflow/dags/tmdb_incremental_sync.py
[2026-07-21T17:06:16.072+0000] {processor.py:925} INFO - DAG(s) 'tmdb_incremental_sync' retrieved from /opt/airflow/dags/tmdb_incremental_sync.py
[2026-07-21T17:06:16.113+0000] {logging_mixin.py:190} INFO - [2026-07-21T17:06:16.113+0000] {dag.py:3211} INFO - Sync 1 DAGs
[2026-07-21T17:06:16.152+0000] {logging_mixin.py:190} INFO - [2026-07-21T17:06:16.152+0000] {dag.py:4138} INFO - Setting next_dagrun for tmdb_incremental_sync to 2026-07-21 00:00:00+00:00, run_after=2026-07-22 00:00:00+00:00
[2026-07-21T17:06:16.178+0000] {processor.py:208} INFO - Processing /opt/airflow/dags/tmdb_incremental_sync.py took 0.149 seconds
[2026-07-21T17:06:46.497+0000] {processor.py:186} INFO - Started process (PID=36937) to work on /opt/airflow/dags/tmdb_incremental_sync.py
[2026-07-21T17:06:46.499+0000] {processor.py:914} INFO - Processing file /opt/airflow/dags/tmdb_incremental_sync.py for tasks to queue
[2026-07-21T17:06:46.503+0000] {logging_mixin.py:190} INFO - [2026-07-21T17:06:46.503+0000] {dagbag.py:587} INFO - Filling up the DagBag from /opt/airflow/dags/tmdb_incremental_sync.py
[2026-07-21T17:06:46.534+0000] {processor.py:925} INFO - DAG(s) 'tmdb_incremental_sync' retrieved from /opt/airflow/dags/tmdb_incremental_sync.py
[2026-07-21T17:06:46.576+0000] {logging_mixin.py:190} INFO - [2026-07-21T17:06:46.576+0000] {dag.py:3211} INFO - Sync 1 DAGs
[2026-07-21T17:06:46.618+0000] {logging_mixin.py:190} INFO - [2026-07-21T17:06:46.617+0000] {dag.py:4138} INFO - Setting next_dagrun for tmdb_incremental_sync to 2026-07-21 00:00:00+00:00, run_after=2026-07-22 00:00:00+00:00
[2026-07-21T17:06:46.643+0000] {processor.py:208} INFO - Processing /opt/airflow/dags/tmdb_incremental_sync.py took 0.153 seconds
[2026-07-21T17:07:16.958+0000] {processor.py:186} INFO - Started process (PID=36947) to work on /opt/airflow/dags/tmdb_incremental_sync.py
[2026-07-21T17:07:16.959+0000] {processor.py:914} INFO - Processing file /opt/airflow/dags/tmdb_incremental_sync.py for tasks to queue
[2026-07-21T17:07:16.963+0000] {logging_mixin.py:190} INFO - [2026-07-21T17:07:16.962+0000] {dagbag.py:587} INFO - Filling up the DagBag from /opt/airflow/dags/tmdb_incremental_sync.py
[2026-07-21T17:07:16.991+0000] {processor.py:925} INFO - DAG(s) 'tmdb_incremental_sync' retrieved from /opt/airflow/dags/tmdb_incremental_sync.py
[2026-07-21T17:07:17.034+0000] {logging_mixin.py:190} INFO - [2026-07-21T17:07:17.033+0000] {dag.py:3211} INFO - Sync 1 DAGs
[2026-07-21T17:07:17.072+0000] {logging_mixin.py:190} INFO - [2026-07-21T17:07:17.072+0000] {dag.py:4138} INFO - Setting next_dagrun for tmdb_incremental_sync to 2026-07-21 00:00:00+00:00, run_after=2026-07-22 00:00:00+00:00
[2026-07-21T17:07:17.098+0000] {processor.py:208} INFO - Processing /opt/airflow/dags/tmdb_incremental_sync.py took 0.150 seconds
[2026-07-21T17:07:47.405+0000] {processor.py:186} INFO - Started process (PID=36957) to work on /opt/airflow/dags/tmdb_incremental_sync.py
[2026-07-21T17:07:47.406+0000] {processor.py:914} INFO - Processing file /opt/airflow/dags/tmdb_incremental_sync.py for tasks to queue
[2026-07-21T17:07:47.409+0000] {logging_mixin.py:190} INFO - [2026-07-21T17:07:47.409+0000] {dagbag.py:587} INFO - Filling up the DagBag from /opt/airflow/dags/tmdb_incremental_sync.py
[2026-07-21T17:07:47.439+0000] {processor.py:925} INFO - DAG(s) 'tmdb_incremental_sync' retrieved from /opt/airflow/dags/tmdb_incremental_sync.py
[2026-07-21T17:07:47.481+0000] {logging_mixin.py:190} INFO - [2026-07-21T17:07:47.481+0000] {dag.py:3211} INFO - Sync 1 DAGs
[2026-07-21T17:07:47.520+0000] {logging_mixin.py:190} INFO - [2026-07-21T17:07:47.520+0000] {dag.py:4138} INFO - Setting next_dagrun for tmdb_incremental_sync to 2026-07-21 00:00:00+00:00, run_after=2026-07-22 00:00:00+00:00
[2026-07-21T17:07:47.546+0000] {processor.py:208} INFO - Processing /opt/airflow/dags/tmdb_incremental_sync.py took 0.151 seconds
[2026-07-21T17:08:17.833+0000] {processor.py:186} INFO - Started process (PID=36967) to work on /opt/airflow/dags/tmdb_incremental_sync.py
[2026-07-21T17:08:17.835+0000] {processor.py:914} INFO - Processing file /opt/airflow/dags/tmdb_incremental_sync.py for tasks to queue
[2026-07-21T17:08:17.838+0000] {logging_mixin.py:190} INFO - [2026-07-21T17:08:17.837+0000] {dagbag.py:587} INFO - Filling up the DagBag from /opt/airflow/dags/tmdb_incremental_sync.py
[2026-07-21T17:08:17.866+0000] {processor.py:925} INFO - DAG(s) 'tmdb_incremental_sync' retrieved from /opt/airflow/dags/tmdb_incremental_sync.py
[2026-07-21T17:08:17.907+0000] {logging_mixin.py:190} INFO - [2026-07-21T17:08:17.907+0000] {dag.py:3211} INFO - Sync 1 DAGs
[2026-07-21T17:08:17.946+0000] {logging_mixin.py:190} INFO - [2026-07-21T17:08:17.945+0000] {dag.py:4138} INFO - Setting next_dagrun for tmdb_incremental_sync to 2026-07-21 00:00:00+00:00, run_after=2026-07-22 00:00:00+00:00
[2026-07-21T17:08:17.977+0000] {processor.py:208} INFO - Processing /opt/airflow/dags/tmdb_incremental_sync.py took 0.151 seconds
[2026-07-21T17:08:48.272+0000] {processor.py:186} INFO - Started process (PID=36977) to work on /opt/airflow/dags/tmdb_incremental_sync.py
[2026-07-21T17:08:48.273+0000] {processor.py:914} INFO - Processing file /opt/airflow/dags/tmdb_incremental_sync.py for tasks to queue
[2026-07-21T17:08:48.276+0000] {logging_mixin.py:190} INFO - [2026-07-21T17:08:48.276+0000] {dagbag.py:587} INFO - Filling up the DagBag from /opt/airflow/dags/tmdb_incremental_sync.py
[2026-07-21T17:08:48.308+0000] {processor.py:925} INFO - DAG(s) 'tmdb_incremental_sync' retrieved from /opt/airflow/dags/tmdb_incremental_sync.py
[2026-07-21T17:08:48.349+0000] {logging_mixin.py:190} INFO - [2026-07-21T17:08:48.349+0000] {dag.py:3211} INFO - Sync 1 DAGs
[2026-07-21T17:08:48.389+0000] {logging_mixin.py:190} INFO - [2026-07-21T17:08:48.389+0000] {dag.py:4138} INFO - Setting next_dagrun for tmdb_incremental_sync to 2026-07-21 00:00:00+00:00, run_after=2026-07-22 00:00:00+00:00
[2026-07-21T17:08:48.416+0000] {processor.py:208} INFO - Processing /opt/airflow/dags/tmdb_incremental_sync.py took 0.152 seconds
[2026-07-21T17:09:18.739+0000] {processor.py:186} INFO - Started process (PID=36987) to work on /opt/airflow/dags/tmdb_incremental_sync.py
[2026-07-21T17:09:18.740+0000] {processor.py:914} INFO - Processing file /opt/airflow/dags/tmdb_incremental_sync.py for tasks to queue
[2026-07-21T17:09:18.744+0000] {logging_mixin.py:190} INFO - [2026-07-21T17:09:18.744+0000] {dagbag.py:587} INFO - Filling up the DagBag from /opt/airflow/dags/tmdb_incremental_sync.py
[2026-07-21T17:09:18.775+0000] {processor.py:925} INFO - DAG(s) 'tmdb_incremental_sync' retrieved from /opt/airflow/dags/tmdb_incremental_sync.py
[2026-07-21T17:09:18.817+0000] {logging_mixin.py:190} INFO - [2026-07-21T17:09:18.817+0000] {dag.py:3211} INFO - Sync 1 DAGs
[2026-07-21T17:09:18.856+0000] {logging_mixin.py:190} INFO - [2026-07-21T17:09:18.856+0000] {dag.py:4138} INFO - Setting next_dagrun for tmdb_incremental_sync to 2026-07-21 00:00:00+00:00, run_after=2026-07-22 00:00:00+00:00
[2026-07-21T17:09:18.883+0000] {processor.py:208} INFO - Processing /opt/airflow/dags/tmdb_incremental_sync.py took 0.152 seconds
[2026-07-21T17:09:49.188+0000] {processor.py:186} INFO - Started process (PID=36997) to work on /opt/airflow/dags/tmdb_incremental_sync.py
[2026-07-21T17:09:49.189+0000] {processor.py:914} INFO - Processing file /opt/airflow/dags/tmdb_incremental_sync.py for tasks to queue
[2026-07-21T17:09:49.194+0000] {logging_mixin.py:190} INFO - [2026-07-21T17:09:49.193+0000] {dagbag.py:587} INFO - Filling up the DagBag from /opt/airflow/dags/tmdb_incremental_sync.py
[2026-07-21T17:09:49.223+0000] {processor.py:925} INFO - DAG(s) 'tmdb_incremental_sync' retrieved from /opt/airflow/dags/tmdb_incremental_sync.py
[2026-07-21T17:09:49.265+0000] {logging_mixin.py:190} INFO - [2026-07-21T17:09:49.265+0000] {dag.py:3211} INFO - Sync 1 DAGs
[2026-07-21T17:09:49.305+0000] {logging_mixin.py:190} INFO - [2026-07-21T17:09:49.305+0000] {dag.py:4138} INFO - Setting next_dagrun for tmdb_incremental_sync to 2026-07-21 00:00:00+00:00, run_after=2026-07-22 00:00:00+00:00
[2026-07-21T17:09:49.333+0000] {processor.py:208} INFO - Processing /opt/airflow/dags/tmdb_incremental_sync.py took 0.153 seconds
[2026-07-21T17:10:19.630+0000] {processor.py:186} INFO - Started process (PID=37007) to work on /opt/airflow/dags/tmdb_incremental_sync.py
[2026-07-21T17:10:19.631+0000] {processor.py:914} INFO - Processing file /opt/airflow/dags/tmdb_incremental_sync.py for tasks to queue
[2026-07-21T17:10:19.635+0000] {logging_mixin.py:190} INFO - [2026-07-21T17:10:19.635+0000] {dagbag.py:587} INFO - Filling up the DagBag from /opt/airflow/dags/tmdb_incremental_sync.py
[2026-07-21T17:10:19.665+0000] {processor.py:925} INFO - DAG(s) 'tmdb_incremental_sync' retrieved from /opt/airflow/dags/tmdb_incremental_sync.py
[2026-07-21T17:10:19.707+0000] {logging_mixin.py:190} INFO - [2026-07-21T17:10:19.707+0000] {dag.py:3211} INFO - Sync 1 DAGs
[2026-07-21T17:10:19.744+0000] {logging_mixin.py:190} INFO - [2026-07-21T17:10:19.744+0000] {dag.py:4138} INFO - Setting next_dagrun for tmdb_incremental_sync to 2026-07-21 00:00:00+00:00, run_after=2026-07-22 00:00:00+00:00
[2026-07-21T17:10:19.770+0000] {processor.py:208} INFO - Processing /opt/airflow/dags/tmdb_incremental_sync.py took 0.149 seconds
[2026-07-21T17:10:50.098+0000] {processor.py:186} INFO - Started process (PID=37017) to work on /opt/airflow/dags/tmdb_incremental_sync.py
[2026-07-21T17:10:50.099+0000] {processor.py:914} INFO - Processing file /opt/airflow/dags/tmdb_incremental_sync.py for tasks to queue
[2026-07-21T17:10:50.102+0000] {logging_mixin.py:190} INFO - [2026-07-21T17:10:50.102+0000] {dagbag.py:587} INFO - Filling up the DagBag from /opt/airflow/dags/tmdb_incremental_sync.py
[2026-07-21T17:10:50.133+0000] {processor.py:925} INFO - DAG(s) 'tmdb_incremental_sync' retrieved from /opt/airflow/dags/tmdb_incremental_sync.py
[2026-07-21T17:10:50.174+0000] {logging_mixin.py:190} INFO - [2026-07-21T17:10:50.174+0000] {dag.py:3211} INFO - Sync 1 DAGs
[2026-07-21T17:10:50.212+0000] {logging_mixin.py:190} INFO - [2026-07-21T17:10:50.211+0000] {dag.py:4138} INFO - Setting next_dagrun for tmdb_incremental_sync to 2026-07-21 00:00:00+00:00, run_after=2026-07-22 00:00:00+00:00
[2026-07-21T17:10:50.239+0000] {processor.py:208} INFO - Processing /opt/airflow/dags/tmdb_incremental_sync.py took 0.149 seconds
[2026-07-21T17:11:20.552+0000] {processor.py:186} INFO - Started process (PID=37027) to work on /opt/airflow/dags/tmdb_incremental_sync.py
[2026-07-21T17:11:20.553+0000] {processor.py:914} INFO - Processing file /opt/airflow/dags/tmdb_incremental_sync.py for tasks to queue
[2026-07-21T17:11:20.557+0000] {logging_mixin.py:190} INFO - [2026-07-21T17:11:20.556+0000] {dagbag.py:587} INFO - Filling up the DagBag from /opt/airflow/dags/tmdb_incremental_sync.py
[2026-07-21T17:11:20.590+0000] {processor.py:925} INFO - DAG(s) 'tmdb_incremental_sync' retrieved from /opt/airflow/dags/tmdb_incremental_sync.py
[2026-07-21T17:11:20.635+0000] {logging_mixin.py:190} INFO - [2026-07-21T17:11:20.634+0000] {dag.py:3211} INFO - Sync 1 DAGs
[2026-07-21T17:11:20.673+0000] {logging_mixin.py:190} INFO - [2026-07-21T17:11:20.672+0000] {dag.py:4138} INFO - Setting next_dagrun for tmdb_incremental_sync to 2026-07-21 00:00:00+00:00, run_after=2026-07-22 00:00:00+00:00
[2026-07-21T17:11:20.703+0000] {processor.py:208} INFO - Processing /opt/airflow/dags/tmdb_incremental_sync.py took 0.159 seconds
[2026-07-21T17:11:50.996+0000] {processor.py:186} INFO - Started process (PID=37037) to work on /opt/airflow/dags/tmdb_incremental_sync.py
[2026-07-21T17:11:50.998+0000] {processor.py:914} INFO - Processing file /opt/airflow/dags/tmdb_incremental_sync.py for tasks to queue
[2026-07-21T17:11:51.004+0000] {logging_mixin.py:190} INFO - [2026-07-21T17:11:51.003+0000] {dagbag.py:587} INFO - Filling up the DagBag from /opt/airflow/dags/tmdb_incremental_sync.py
[2026-07-21T17:11:51.039+0000] {processor.py:925} INFO - DAG(s) 'tmdb_incremental_sync' retrieved from /opt/airflow/dags/tmdb_incremental_sync.py
[2026-07-21T17:11:51.079+0000] {logging_mixin.py:190} INFO - [2026-07-21T17:11:51.079+0000] {dag.py:3211} INFO - Sync 1 DAGs
[2026-07-21T17:11:51.118+0000] {logging_mixin.py:190} INFO - [2026-07-21T17:11:51.117+0000] {dag.py:4138} INFO - Setting next_dagrun for tmdb_incremental_sync to 2026-07-21 00:00:00+00:00, run_after=2026-07-22 00:00:00+00:00
[2026-07-21T17:11:51.143+0000] {processor.py:208} INFO - Processing /opt/airflow/dags/tmdb_incremental_sync.py took 0.158 seconds
[2026-07-21T17:12:21.452+0000] {processor.py:186} INFO - Started process (PID=37047) to work on /opt/airflow/dags/tmdb_incremental_sync.py
[2026-07-21T17:12:21.453+0000] {processor.py:914} INFO - Processing file /opt/airflow/dags/tmdb_incremental_sync.py for tasks to queue
[2026-07-21T17:12:21.457+0000] {logging_mixin.py:190} INFO - [2026-07-21T17:12:21.457+0000] {dagbag.py:587} INFO - Filling up the DagBag from /opt/airflow/dags/tmdb_incremental_sync.py
[2026-07-21T17:12:21.489+0000] {processor.py:925} INFO - DAG(s) 'tmdb_incremental_sync' retrieved from /opt/airflow/dags/tmdb_incremental_sync.py
[2026-07-21T17:12:21.537+0000] {logging_mixin.py:190} INFO - [2026-07-21T17:12:21.537+0000] {dag.py:3211} INFO - Sync 1 DAGs
[2026-07-21T17:12:21.580+0000] {logging_mixin.py:190} INFO - [2026-07-21T17:12:21.580+0000] {dag.py:4138} INFO - Setting next_dagrun for tmdb_incremental_sync to 2026-07-21 00:00:00+00:00, run_after=2026-07-22 00:00:00+00:00
[2026-07-21T17:12:21.605+0000] {processor.py:208} INFO - Processing /opt/airflow/dags/tmdb_incremental_sync.py took 0.162 seconds
[2026-07-21T17:12:51.901+0000] {processor.py:186} INFO - Started process (PID=37057) to work on /opt/airflow/dags/tmdb_incremental_sync.py
[2026-07-21T17:12:51.902+0000] {processor.py:914} INFO - Processing file /opt/airflow/dags/tmdb_incremental_sync.py for tasks to queue
[2026-07-21T17:12:51.906+0000] {logging_mixin.py:190} INFO - [2026-07-21T17:12:51.906+0000] {dagbag.py:587} INFO - Filling up the DagBag from /opt/airflow/dags/tmdb_incremental_sync.py
[2026-07-21T17:12:51.935+0000] {processor.py:925} INFO - DAG(s) 'tmdb_incremental_sync' retrieved from /opt/airflow/dags/tmdb_incremental_sync.py
[2026-07-21T17:12:51.978+0000] {logging_mixin.py:190} INFO - [2026-07-21T17:12:51.977+0000] {dag.py:3211} INFO - Sync 1 DAGs
[2026-07-21T17:12:52.015+0000] {logging_mixin.py:190} INFO - [2026-07-21T17:12:52.015+0000] {dag.py:4138} INFO - Setting next_dagrun for tmdb_incremental_sync to 2026-07-21 00:00:00+00:00, run_after=2026-07-22 00:00:00+00:00
[2026-07-21T17:12:52.041+0000] {processor.py:208} INFO - Processing /opt/airflow/dags/tmdb_incremental_sync.py took 0.150 seconds
[2026-07-21T17:13:22.343+0000] {processor.py:186} INFO - Started process (PID=37067) to work on /opt/airflow/dags/tmdb_incremental_sync.py
[2026-07-21T17:13:22.344+0000] {processor.py:914} INFO - Processing file /opt/airflow/dags/tmdb_incremental_sync.py for tasks to queue
[2026-07-21T17:13:22.348+0000] {logging_mixin.py:190} INFO - [2026-07-21T17:13:22.347+0000] {dagbag.py:587} INFO - Filling up the DagBag from /opt/airflow/dags/tmdb_incremental_sync.py
[2026-07-21T17:13:22.379+0000] {processor.py:925} INFO - DAG(s) 'tmdb_incremental_sync' retrieved from /opt/airflow/dags/tmdb_incremental_sync.py
[2026-07-21T17:13:22.434+0000] {logging_mixin.py:190} INFO - [2026-07-21T17:13:22.434+0000] {dag.py:3211} INFO - Sync 1 DAGs
[2026-07-21T17:13:22.479+0000] {logging_mixin.py:190} INFO - [2026-07-21T17:13:22.479+0000] {dag.py:4138} INFO - Setting next_dagrun for tmdb_incremental_sync to 2026-07-21 00:00:00+00:00, run_after=2026-07-22 00:00:00+00:00
[2026-07-21T17:13:22.505+0000] {processor.py:208} INFO - Processing /opt/airflow/dags/tmdb_incremental_sync.py took 0.171 seconds
[2026-07-21T17:13:52.794+0000] {processor.py:186} INFO - Started process (PID=37077) to work on /opt/airflow/dags/tmdb_incremental_sync.py
[2026-07-21T17:13:52.795+0000] {processor.py:914} INFO - Processing file /opt/airflow/dags/tmdb_incremental_sync.py for tasks to queue
[2026-07-21T17:13:52.799+0000] {logging_mixin.py:190} INFO - [2026-07-21T17:13:52.798+0000] {dagbag.py:587} INFO - Filling up the DagBag from /opt/airflow/dags/tmdb_incremental_sync.py
[2026-07-21T17:13:52.831+0000] {processor.py:925} INFO - DAG(s) 'tmdb_incremental_sync' retrieved from /opt/airflow/dags/tmdb_incremental_sync.py
[2026-07-21T17:13:52.873+0000] {logging_mixin.py:190} INFO - [2026-07-21T17:13:52.872+0000] {dag.py:3211} INFO - Sync 1 DAGs
[2026-07-21T17:13:52.926+0000] {logging_mixin.py:190} INFO - [2026-07-21T17:13:52.925+0000] {dag.py:4138} INFO - Setting next_dagrun for tmdb_incremental_sync to 2026-07-21 00:00:00+00:00, run_after=2026-07-22 00:00:00+00:00
[2026-07-21T17:13:52.956+0000] {processor.py:208} INFO - Processing /opt/airflow/dags/tmdb_incremental_sync.py took 0.172 seconds
[2026-07-21T17:14:23.258+0000] {processor.py:186} INFO - Started process (PID=37087) to work on /opt/airflow/dags/tmdb_incremental_sync.py
[2026-07-21T17:14:23.259+0000] {processor.py:914} INFO - Processing file /opt/airflow/dags/tmdb_incremental_sync.py for tasks to queue
[2026-07-21T17:14:23.263+0000] {logging_mixin.py:190} INFO - [2026-07-21T17:14:23.263+0000] {dagbag.py:587} INFO - Filling up the DagBag from /opt/airflow/dags/tmdb_incremental_sync.py
[2026-07-21T17:14:23.296+0000] {processor.py:925} INFO - DAG(s) 'tmdb_incremental_sync' retrieved from /opt/airflow/dags/tmdb_incremental_sync.py
[2026-07-21T17:14:23.343+0000] {logging_mixin.py:190} INFO - [2026-07-21T17:14:23.343+0000] {dag.py:3211} INFO - Sync 1 DAGs
[2026-07-21T17:14:23.383+0000] {logging_mixin.py:190} INFO - [2026-07-21T17:14:23.383+0000] {dag.py:4138} INFO - Setting next_dagrun for tmdb_incremental_sync to 2026-07-21 00:00:00+00:00, run_after=2026-07-22 00:00:00+00:00
[2026-07-21T17:14:23.408+0000] {processor.py:208} INFO - Processing /opt/airflow/dags/tmdb_incremental_sync.py took 0.160 seconds
[2026-07-21T17:14:53.734+0000] {processor.py:186} INFO - Started process (PID=37097) to work on /opt/airflow/dags/tmdb_incremental_sync.py
[2026-07-21T17:14:53.736+0000] {processor.py:914} INFO - Processing file /opt/airflow/dags/tmdb_incremental_sync.py for tasks to queue
[2026-07-21T17:14:53.740+0000] {logging_mixin.py:190} INFO - [2026-07-21T17:14:53.739+0000] {dagbag.py:587} INFO - Filling up the DagBag from /opt/airflow/dags/tmdb_incremental_sync.py
[2026-07-21T17:14:53.822+0000] {processor.py:925} INFO - DAG(s) 'tmdb_incremental_sync' retrieved from /opt/airflow/dags/tmdb_incremental_sync.py
[2026-07-21T17:14:53.864+0000] {logging_mixin.py:190} INFO - [2026-07-21T17:14:53.864+0000] {dag.py:3211} INFO - Sync 1 DAGs
[2026-07-21T17:14:53.903+0000] {logging_mixin.py:190} INFO - [2026-07-21T17:14:53.903+0000] {dag.py:4138} INFO - Setting next_dagrun for tmdb_incremental_sync to 2026-07-21 00:00:00+00:00, run_after=2026-07-22 00:00:00+00:00
[2026-07-21T17:14:53.931+0000] {processor.py:208} INFO - Processing /opt/airflow/dags/tmdb_incremental_sync.py took 0.206 seconds
[2026-07-21T17:15:24.234+0000] {processor.py:186} INFO - Started process (PID=37107) to work on /opt/airflow/dags/tmdb_incremental_sync.py
[2026-07-21T17:15:24.235+0000] {processor.py:914} INFO - Processing file /opt/airflow/dags/tmdb_incremental_sync.py for tasks to queue
[2026-07-21T17:15:24.239+0000] {logging_mixin.py:190} INFO - [2026-07-21T17:15:24.238+0000] {dagbag.py:587} INFO - Filling up the DagBag from /opt/airflow/dags/tmdb_incremental_sync.py
[2026-07-21T17:15:24.268+0000] {processor.py:925} INFO - DAG(s) 'tmdb_incremental_sync' retrieved from /opt/airflow/dags/tmdb_incremental_sync.py
[2026-07-21T17:15:24.311+0000] {logging_mixin.py:190} INFO - [2026-07-21T17:15:24.310+0000] {dag.py:3211} INFO - Sync 1 DAGs
[2026-07-21T17:15:24.348+0000] {logging_mixin.py:190} INFO - [2026-07-21T17:15:24.348+0000] {dag.py:4138} INFO - Setting next_dagrun for tmdb_incremental_sync to 2026-07-21 00:00:00+00:00, run_after=2026-07-22 00:00:00+00:00
[2026-07-21T17:15:24.374+0000] {processor.py:208} INFO - Processing /opt/airflow/dags/tmdb_incremental_sync.py took 0.148 seconds
[2026-07-21T17:15:54.689+0000] {processor.py:186} INFO - Started process (PID=37117) to work on /opt/airflow/dags/tmdb_incremental_sync.py
[2026-07-21T17:15:54.690+0000] {processor.py:914} INFO - Processing file /opt/airflow/dags/tmdb_incremental_sync.py for tasks to queue
[2026-07-21T17:15:54.694+0000] {logging_mixin.py:190} INFO - [2026-07-21T17:15:54.694+0000] {dagbag.py:587} INFO - Filling up the DagBag from /opt/airflow/dags/tmdb_incremental_sync.py
[2026-07-21T17:15:54.725+0000] {processor.py:925} INFO - DAG(s) 'tmdb_incremental_sync' retrieved from /opt/airflow/dags/tmdb_incremental_sync.py
[2026-07-21T17:15:54.769+0000] {logging_mixin.py:190} INFO - [2026-07-21T17:15:54.769+0000] {dag.py:3211} INFO - Sync 1 DAGs
[2026-07-21T17:15:54.807+0000] {logging_mixin.py:190} INFO - [2026-07-21T17:15:54.807+0000] {dag.py:4138} INFO - Setting next_dagrun for tmdb_incremental_sync to 2026-07-21 00:00:00+00:00, run_after=2026-07-22 00:00:00+00:00
[2026-07-21T17:15:54.836+0000] {processor.py:208} INFO - Processing /opt/airflow/dags/tmdb_incremental_sync.py took 0.155 seconds
[2026-07-21T17:16:25.156+0000] {processor.py:186} INFO - Started process (PID=37127) to work on /opt/airflow/dags/tmdb_incremental_sync.py
[2026-07-21T17:16:25.157+0000] {processor.py:914} INFO - Processing file /opt/airflow/dags/tmdb_incremental_sync.py for tasks to queue
[2026-07-21T17:16:25.161+0000] {logging_mixin.py:190} INFO - [2026-07-21T17:16:25.160+0000] {dagbag.py:587} INFO - Filling up the DagBag from /opt/airflow/dags/tmdb_incremental_sync.py
[2026-07-21T17:16:25.193+0000] {processor.py:925} INFO - DAG(s) 'tmdb_incremental_sync' retrieved from /opt/airflow/dags/tmdb_incremental_sync.py
[2026-07-21T17:16:25.233+0000] {logging_mixin.py:190} INFO - [2026-07-21T17:16:25.233+0000] {dag.py:3211} INFO - Sync 1 DAGs
[2026-07-21T17:16:25.271+0000] {logging_mixin.py:190} INFO - [2026-07-21T17:16:25.271+0000] {dag.py:4138} INFO - Setting next_dagrun for tmdb_incremental_sync to 2026-07-21 00:00:00+00:00, run_after=2026-07-22 00:00:00+00:00
[2026-07-21T17:16:25.297+0000] {processor.py:208} INFO - Processing /opt/airflow/dags/tmdb_incremental_sync.py took 0.150 seconds
[2026-07-21T17:16:55.615+0000] {processor.py:186} INFO - Started process (PID=37137) to work on /opt/airflow/dags/tmdb_incremental_sync.py
[2026-07-21T17:16:55.616+0000] {processor.py:914} INFO - Processing file /opt/airflow/dags/tmdb_incremental_sync.py for tasks to queue
[2026-07-21T17:16:55.620+0000] {logging_mixin.py:190} INFO - [2026-07-21T17:16:55.619+0000] {dagbag.py:587} INFO - Filling up the DagBag from /opt/airflow/dags/tmdb_incremental_sync.py
[2026-07-21T17:16:55.650+0000] {processor.py:925} INFO - DAG(s) 'tmdb_incremental_sync' retrieved from /opt/airflow/dags/tmdb_incremental_sync.py
[2026-07-21T17:16:55.692+0000] {logging_mixin.py:190} INFO - [2026-07-21T17:16:55.692+0000] {dag.py:3211} INFO - Sync 1 DAGs
[2026-07-21T17:16:55.730+0000] {logging_mixin.py:190} INFO - [2026-07-21T17:16:55.729+0000] {dag.py:4138} INFO - Setting next_dagrun for tmdb_incremental_sync to 2026-07-21 00:00:00+00:00, run_after=2026-07-22 00:00:00+00:00
[2026-07-21T17:16:55.759+0000] {processor.py:208} INFO - Processing /opt/airflow/dags/tmdb_incremental_sync.py took 0.154 seconds
[2026-07-21T17:17:26.082+0000] {processor.py:186} INFO - Started process (PID=37147) to work on /opt/airflow/dags/tmdb_incremental_sync.py
[2026-07-21T17:17:26.083+0000] {processor.py:914} INFO - Processing file /opt/airflow/dags/tmdb_incremental_sync.py for tasks to queue
[2026-07-21T17:17:26.087+0000] {logging_mixin.py:190} INFO - [2026-07-21T17:17:26.087+0000] {dagbag.py:587} INFO - Filling up the DagBag from /opt/airflow/dags/tmdb_incremental_sync.py
[2026-07-21T17:17:26.116+0000] {processor.py:925} INFO - DAG(s) 'tmdb_incremental_sync' retrieved from /opt/airflow/dags/tmdb_incremental_sync.py
[2026-07-21T17:17:26.158+0000] {logging_mixin.py:190} INFO - [2026-07-21T17:17:26.158+0000] {dag.py:3211} INFO - Sync 1 DAGs
[2026-07-21T17:17:26.197+0000] {logging_mixin.py:190} INFO - [2026-07-21T17:17:26.197+0000] {dag.py:4138} INFO - Setting next_dagrun for tmdb_incremental_sync to 2026-07-21 00:00:00+00:00, run_after=2026-07-22 00:00:00+00:00
[2026-07-21T17:17:26.224+0000] {processor.py:208} INFO - Processing /opt/airflow/dags/tmdb_incremental_sync.py took 0.151 seconds
[2026-07-21T17:17:56.532+0000] {processor.py:186} INFO - Started process (PID=37157) to work on /opt/airflow/dags/tmdb_incremental_sync.py
[2026-07-21T17:17:56.533+0000] {processor.py:914} INFO - Processing file /opt/airflow/dags/tmdb_incremental_sync.py for tasks to queue
[2026-07-21T17:17:56.537+0000] {logging_mixin.py:190} INFO - [2026-07-21T17:17:56.536+0000] {dagbag.py:587} INFO - Filling up the DagBag from /opt/airflow/dags/tmdb_incremental_sync.py
[2026-07-21T17:17:56.567+0000] {processor.py:925} INFO - DAG(s) 'tmdb_incremental_sync' retrieved from /opt/airflow/dags/tmdb_incremental_sync.py
[2026-07-21T17:17:56.608+0000] {logging_mixin.py:190} INFO - [2026-07-21T17:17:56.608+0000] {dag.py:3211} INFO - Sync 1 DAGs
[2026-07-21T17:17:56.647+0000] {logging_mixin.py:190} INFO - [2026-07-21T17:17:56.647+0000] {dag.py:4138} INFO - Setting next_dagrun for tmdb_incremental_sync to 2026-07-21 00:00:00+00:00, run_after=2026-07-22 00:00:00+00:00
[2026-07-21T17:17:56.674+0000] {processor.py:208} INFO - Processing /opt/airflow/dags/tmdb_incremental_sync.py took 0.152 seconds
[2026-07-21T17:18:26.974+0000] {processor.py:186} INFO - Started process (PID=37167) to work on /opt/airflow/dags/tmdb_incremental_sync.py
[2026-07-21T17:18:26.975+0000] {processor.py:914} INFO - Processing file /opt/airflow/dags/tmdb_incremental_sync.py for tasks to queue
[2026-07-21T17:18:26.978+0000] {logging_mixin.py:190} INFO - [2026-07-21T17:18:26.978+0000] {dagbag.py:587} INFO - Filling up the DagBag from /opt/airflow/dags/tmdb_incremental_sync.py
[2026-07-21T17:18:27.007+0000] {processor.py:925} INFO - DAG(s) 'tmdb_incremental_sync' retrieved from /opt/airflow/dags/tmdb_incremental_sync.py
[2026-07-21T17:18:27.050+0000] {logging_mixin.py:190} INFO - [2026-07-21T17:18:27.049+0000] {dag.py:3211} INFO - Sync 1 DAGs
[2026-07-21T17:18:27.088+0000] {logging_mixin.py:190} INFO - [2026-07-21T17:18:27.087+0000] {dag.py:4138} INFO - Setting next_dagrun for tmdb_incremental_sync to 2026-07-21 00:00:00+00:00, run_after=2026-07-22 00:00:00+00:00
[2026-07-21T17:18:27.115+0000] {processor.py:208} INFO - Processing /opt/airflow/dags/tmdb_incremental_sync.py took 0.149 seconds
[2026-07-21T17:18:57.430+0000] {processor.py:186} INFO - Started process (PID=37177) to work on /opt/airflow/dags/tmdb_incremental_sync.py
[2026-07-21T17:18:57.431+0000] {processor.py:914} INFO - Processing file /opt/airflow/dags/tmdb_incremental_sync.py for tasks to queue
[2026-07-21T17:18:57.436+0000] {logging_mixin.py:190} INFO - [2026-07-21T17:18:57.435+0000] {dagbag.py:587} INFO - Filling up the DagBag from /opt/airflow/dags/tmdb_incremental_sync.py
[2026-07-21T17:18:57.497+0000] {processor.py:925} INFO - DAG(s) 'tmdb_incremental_sync' retrieved from /opt/airflow/dags/tmdb_incremental_sync.py
[2026-07-21T17:18:57.560+0000] {logging_mixin.py:190} INFO - [2026-07-21T17:18:57.560+0000] {dag.py:3211} INFO - Sync 1 DAGs
[2026-07-21T17:18:57.608+0000] {logging_mixin.py:190} INFO - [2026-07-21T17:18:57.607+0000] {dag.py:4138} INFO - Setting next_dagrun for tmdb_incremental_sync to 2026-07-21 00:00:00+00:00, run_after=2026-07-22 00:00:00+00:00
[2026-07-21T17:18:57.634+0000] {processor.py:208} INFO - Processing /opt/airflow/dags/tmdb_incremental_sync.py took 0.211 seconds
[2026-07-21T17:19:27.934+0000] {processor.py:186} INFO - Started process (PID=37187) to work on /opt/airflow/dags/tmdb_incremental_sync.py
[2026-07-21T17:19:27.935+0000] {processor.py:914} INFO - Processing file /opt/airflow/dags/tmdb_incremental_sync.py for tasks to queue
[2026-07-21T17:19:27.939+0000] {logging_mixin.py:190} INFO - [2026-07-21T17:19:27.939+0000] {dagbag.py:587} INFO - Filling up the DagBag from /opt/airflow/dags/tmdb_incremental_sync.py
[2026-07-21T17:19:27.968+0000] {processor.py:925} INFO - DAG(s) 'tmdb_incremental_sync' retrieved from /opt/airflow/dags/tmdb_incremental_sync.py
[2026-07-21T17:19:28.009+0000] {logging_mixin.py:190} INFO - [2026-07-21T17:19:28.009+0000] {dag.py:3211} INFO - Sync 1 DAGs
[2026-07-21T17:19:28.048+0000] {logging_mixin.py:190} INFO - [2026-07-21T17:19:28.047+0000] {dag.py:4138} INFO - Setting next_dagrun for tmdb_incremental_sync to 2026-07-21 00:00:00+00:00, run_after=2026-07-22 00:00:00+00:00
[2026-07-21T17:19:28.074+0000] {processor.py:208} INFO - Processing /opt/airflow/dags/tmdb_incremental_sync.py took 0.148 seconds
[2026-07-21T17:19:58.373+0000] {processor.py:186} INFO - Started process (PID=37197) to work on /opt/airflow/dags/tmdb_incremental_sync.py
[2026-07-21T17:19:58.374+0000] {processor.py:914} INFO - Processing file /opt/airflow/dags/tmdb_incremental_sync.py for tasks to queue
[2026-07-21T17:19:58.378+0000] {logging_mixin.py:190} INFO - [2026-07-21T17:19:58.377+0000] {dagbag.py:587} INFO - Filling up the DagBag from /opt/airflow/dags/tmdb_incremental_sync.py
[2026-07-21T17:19:58.409+0000] {processor.py:925} INFO - DAG(s) 'tmdb_incremental_sync' retrieved from /opt/airflow/dags/tmdb_incremental_sync.py
[2026-07-21T17:19:58.453+0000] {logging_mixin.py:190} INFO - [2026-07-21T17:19:58.453+0000] {dag.py:3211} INFO - Sync 1 DAGs
[2026-07-21T17:19:58.495+0000] {logging_mixin.py:190} INFO - [2026-07-21T17:19:58.495+0000] {dag.py:4138} INFO - Setting next_dagrun for tmdb_incremental_sync to 2026-07-21 00:00:00+00:00, run_after=2026-07-22 00:00:00+00:00
[2026-07-21T17:19:58.525+0000] {processor.py:208} INFO - Processing /opt/airflow/dags/tmdb_incremental_sync.py took 0.162 seconds
[2026-07-21T17:20:28.856+0000] {processor.py:186} INFO - Started process (PID=37206) to work on /opt/airflow/dags/tmdb_incremental_sync.py
[2026-07-21T17:20:28.858+0000] {processor.py:914} INFO - Processing file /opt/airflow/dags/tmdb_incremental_sync.py for tasks to queue
[2026-07-21T17:20:28.862+0000] {logging_mixin.py:190} INFO - [2026-07-21T17:20:28.861+0000] {dagbag.py:587} INFO - Filling up the DagBag from /opt/airflow/dags/tmdb_incremental_sync.py
[2026-07-21T17:20:28.896+0000] {processor.py:925} INFO - DAG(s) 'tmdb_incremental_sync' retrieved from /opt/airflow/dags/tmdb_incremental_sync.py
[2026-07-21T17:20:28.938+0000] {logging_mixin.py:190} INFO - [2026-07-21T17:20:28.937+0000] {dag.py:3211} INFO - Sync 1 DAGs
[2026-07-21T17:20:28.978+0000] {logging_mixin.py:190} INFO - [2026-07-21T17:20:28.977+0000] {dag.py:4138} INFO - Setting next_dagrun for tmdb_incremental_sync to 2026-07-21 00:00:00+00:00, run_after=2026-07-22 00:00:00+00:00
[2026-07-21T17:20:29.004+0000] {processor.py:208} INFO - Processing /opt/airflow/dags/tmdb_incremental_sync.py took 0.156 seconds
[2026-07-21T17:20:59.345+0000] {processor.py:186} INFO - Started process (PID=37217) to work on /opt/airflow/dags/tmdb_incremental_sync.py
[2026-07-21T17:20:59.347+0000] {processor.py:914} INFO - Processing file /opt/airflow/dags/tmdb_incremental_sync.py for tasks to queue
[2026-07-21T17:20:59.352+0000] {logging_mixin.py:190} INFO - [2026-07-21T17:20:59.351+0000] {dagbag.py:587} INFO - Filling up the DagBag from /opt/airflow/dags/tmdb_incremental_sync.py
[2026-07-21T17:20:59.392+0000] {processor.py:925} INFO - DAG(s) 'tmdb_incremental_sync' retrieved from /opt/airflow/dags/tmdb_incremental_sync.py
[2026-07-21T17:20:59.449+0000] {logging_mixin.py:190} INFO - [2026-07-21T17:20:59.448+0000] {dag.py:3211} INFO - Sync 1 DAGs
[2026-07-21T17:20:59.503+0000] {logging_mixin.py:190} INFO - [2026-07-21T17:20:59.503+0000] {dag.py:4138} INFO - Setting next_dagrun for tmdb_incremental_sync to 2026-07-21 00:00:00+00:00, run_after=2026-07-22 00:00:00+00:00
[2026-07-21T17:20:59.539+0000] {processor.py:208} INFO - Processing /opt/airflow/dags/tmdb_incremental_sync.py took 0.204 seconds
[2026-07-21T17:21:29.835+0000] {processor.py:186} INFO - Started process (PID=37227) to work on /opt/airflow/dags/tmdb_incremental_sync.py
[2026-07-21T17:21:29.845+0000] {processor.py:914} INFO - Processing file /opt/airflow/dags/tmdb_incremental_sync.py for tasks to queue
[2026-07-21T17:21:29.850+0000] {logging_mixin.py:190} INFO - [2026-07-21T17:21:29.849+0000] {dagbag.py:587} INFO - Filling up the DagBag from /opt/airflow/dags/tmdb_incremental_sync.py
[2026-07-21T17:21:29.892+0000] {processor.py:925} INFO - DAG(s) 'tmdb_incremental_sync' retrieved from /opt/airflow/dags/tmdb_incremental_sync.py
[2026-07-21T17:21:29.944+0000] {logging_mixin.py:190} INFO - [2026-07-21T17:21:29.943+0000] {dag.py:3211} INFO - Sync 1 DAGs
[2026-07-21T17:21:29.995+0000] {logging_mixin.py:190} INFO - [2026-07-21T17:21:29.995+0000] {dag.py:4138} INFO - Setting next_dagrun for tmdb_incremental_sync to 2026-07-21 00:00:00+00:00, run_after=2026-07-22 00:00:00+00:00
[2026-07-21T17:21:30.030+0000] {processor.py:208} INFO - Processing /opt/airflow/dags/tmdb_incremental_sync.py took 0.206 seconds
[2026-07-21T17:22:00.440+0000] {processor.py:186} INFO - Started process (PID=37237) to work on /opt/airflow/dags/tmdb_incremental_sync.py
[2026-07-21T17:22:00.442+0000] {processor.py:914} INFO - Processing file /opt/airflow/dags/tmdb_incremental_sync.py for tasks to queue
[2026-07-21T17:22:00.448+0000] {logging_mixin.py:190} INFO - [2026-07-21T17:22:00.447+0000] {dagbag.py:587} INFO - Filling up the DagBag from /opt/airflow/dags/tmdb_incremental_sync.py
[2026-07-21T17:22:00.486+0000] {processor.py:925} INFO - DAG(s) 'tmdb_incremental_sync' retrieved from /opt/airflow/dags/tmdb_incremental_sync.py
[2026-07-21T17:22:00.539+0000] {logging_mixin.py:190} INFO - [2026-07-21T17:22:00.538+0000] {dag.py:3211} INFO - Sync 1 DAGs
[2026-07-21T17:22:00.584+0000] {logging_mixin.py:190} INFO - [2026-07-21T17:22:00.584+0000] {dag.py:4138} INFO - Setting next_dagrun for tmdb_incremental_sync to 2026-07-21 00:00:00+00:00, run_after=2026-07-22 00:00:00+00:00
[2026-07-21T17:22:00.617+0000] {processor.py:208} INFO - Processing /opt/airflow/dags/tmdb_incremental_sync.py took 0.190 seconds
[2026-07-21T17:22:30.899+0000] {processor.py:186} INFO - Started process (PID=37247) to work on /opt/airflow/dags/tmdb_incremental_sync.py
[2026-07-21T17:22:30.900+0000] {processor.py:914} INFO - Processing file /opt/airflow/dags/tmdb_incremental_sync.py for tasks to queue
[2026-07-21T17:22:30.904+0000] {logging_mixin.py:190} INFO - [2026-07-21T17:22:30.903+0000] {dagbag.py:587} INFO - Filling up the DagBag from /opt/airflow/dags/tmdb_incremental_sync.py
[2026-07-21T17:22:30.932+0000] {processor.py:925} INFO - DAG(s) 'tmdb_incremental_sync' retrieved from /opt/airflow/dags/tmdb_incremental_sync.py
[2026-07-21T17:22:30.975+0000] {logging_mixin.py:190} INFO - [2026-07-21T17:22:30.974+0000] {dag.py:3211} INFO - Sync 1 DAGs
[2026-07-21T17:22:31.013+0000] {logging_mixin.py:190} INFO - [2026-07-21T17:22:31.012+0000] {dag.py:4138} INFO - Setting next_dagrun for tmdb_incremental_sync to 2026-07-21 00:00:00+00:00, run_after=2026-07-22 00:00:00+00:00
[2026-07-21T17:22:31.039+0000] {processor.py:208} INFO - Processing /opt/airflow/dags/tmdb_incremental_sync.py took 0.149 seconds
[2026-07-21T17:23:01.334+0000] {processor.py:186} INFO - Started process (PID=37257) to work on /opt/airflow/dags/tmdb_incremental_sync.py
[2026-07-21T17:23:01.336+0000] {processor.py:914} INFO - Processing file /opt/airflow/dags/tmdb_incremental_sync.py for tasks to queue
[2026-07-21T17:23:01.339+0000] {logging_mixin.py:190} INFO - [2026-07-21T17:23:01.339+0000] {dagbag.py:587} INFO - Filling up the DagBag from /opt/airflow/dags/tmdb_incremental_sync.py
[2026-07-21T17:23:01.369+0000] {processor.py:925} INFO - DAG(s) 'tmdb_incremental_sync' retrieved from /opt/airflow/dags/tmdb_incremental_sync.py
[2026-07-21T17:23:01.411+0000] {logging_mixin.py:190} INFO - [2026-07-21T17:23:01.411+0000] {dag.py:3211} INFO - Sync 1 DAGs
[2026-07-21T17:23:01.450+0000] {logging_mixin.py:190} INFO - [2026-07-21T17:23:01.449+0000] {dag.py:4138} INFO - Setting next_dagrun for tmdb_incremental_sync to 2026-07-21 00:00:00+00:00, run_after=2026-07-22 00:00:00+00:00
[2026-07-21T17:23:01.475+0000] {processor.py:208} INFO - Processing /opt/airflow/dags/tmdb_incremental_sync.py took 0.149 seconds
[2026-07-21T17:23:31.783+0000] {processor.py:186} INFO - Started process (PID=37267) to work on /opt/airflow/dags/tmdb_incremental_sync.py
[2026-07-21T17:23:31.784+0000] {processor.py:914} INFO - Processing file /opt/airflow/dags/tmdb_incremental_sync.py for tasks to queue
[2026-07-21T17:23:31.788+0000] {logging_mixin.py:190} INFO - [2026-07-21T17:23:31.787+0000] {dagbag.py:587} INFO - Filling up the DagBag from /opt/airflow/dags/tmdb_incremental_sync.py
[2026-07-21T17:23:31.820+0000] {processor.py:925} INFO - DAG(s) 'tmdb_incremental_sync' retrieved from /opt/airflow/dags/tmdb_incremental_sync.py
[2026-07-21T17:23:31.870+0000] {logging_mixin.py:190} INFO - [2026-07-21T17:23:31.870+0000] {dag.py:3211} INFO - Sync 1 DAGs
[2026-07-21T17:23:31.918+0000] {logging_mixin.py:190} INFO - [2026-07-21T17:23:31.918+0000] {dag.py:4138} INFO - Setting next_dagrun for tmdb_incremental_sync to 2026-07-21 00:00:00+00:00, run_after=2026-07-22 00:00:00+00:00
[2026-07-21T17:23:31.944+0000] {processor.py:208} INFO - Processing /opt/airflow/dags/tmdb_incremental_sync.py took 0.169 seconds
[2026-07-21T17:24:02.253+0000] {processor.py:186} INFO - Started process (PID=37277) to work on /opt/airflow/dags/tmdb_incremental_sync.py
[2026-07-21T17:24:02.254+0000] {processor.py:914} INFO - Processing file /opt/airflow/dags/tmdb_incremental_sync.py for tasks to queue
[2026-07-21T17:24:02.258+0000] {logging_mixin.py:190} INFO - [2026-07-21T17:24:02.257+0000] {dagbag.py:587} INFO - Filling up the DagBag from /opt/airflow/dags/tmdb_incremental_sync.py
[2026-07-21T17:24:02.288+0000] {processor.py:925} INFO - DAG(s) 'tmdb_incremental_sync' retrieved from /opt/airflow/dags/tmdb_incremental_sync.py
[2026-07-21T17:24:02.330+0000] {logging_mixin.py:190} INFO - [2026-07-21T17:24:02.329+0000] {dag.py:3211} INFO - Sync 1 DAGs
[2026-07-21T17:24:02.367+0000] {logging_mixin.py:190} INFO - [2026-07-21T17:24:02.367+0000] {dag.py:4138} INFO - Setting next_dagrun for tmdb_incremental_sync to 2026-07-21 00:00:00+00:00, run_after=2026-07-22 00:00:00+00:00
[2026-07-21T17:24:02.392+0000] {processor.py:208} INFO - Processing /opt/airflow/dags/tmdb_incremental_sync.py took 0.147 seconds
[2026-07-21T17:24:32.705+0000] {processor.py:186} INFO - Started process (PID=37287) to work on /opt/airflow/dags/tmdb_incremental_sync.py
[2026-07-21T17:24:32.707+0000] {processor.py:914} INFO - Processing file /opt/airflow/dags/tmdb_incremental_sync.py for tasks to queue
[2026-07-21T17:24:32.710+0000] {logging_mixin.py:190} INFO - [2026-07-21T17:24:32.710+0000] {dagbag.py:587} INFO - Filling up the DagBag from /opt/airflow/dags/tmdb_incremental_sync.py
[2026-07-21T17:24:32.743+0000] {processor.py:925} INFO - DAG(s) 'tmdb_incremental_sync' retrieved from /opt/airflow/dags/tmdb_incremental_sync.py
[2026-07-21T17:24:32.786+0000] {logging_mixin.py:190} INFO - [2026-07-21T17:24:32.785+0000] {dag.py:3211} INFO - Sync 1 DAGs
[2026-07-21T17:24:32.823+0000] {logging_mixin.py:190} INFO - [2026-07-21T17:24:32.822+0000] {dag.py:4138} INFO - Setting next_dagrun for tmdb_incremental_sync to 2026-07-21 00:00:00+00:00, run_after=2026-07-22 00:00:00+00:00
[2026-07-21T17:24:32.850+0000] {processor.py:208} INFO - Processing /opt/airflow/dags/tmdb_incremental_sync.py took 0.152 seconds
[2026-07-21T17:25:03.144+0000] {processor.py:186} INFO - Started process (PID=37297) to work on /opt/airflow/dags/tmdb_incremental_sync.py
[2026-07-21T17:25:03.145+0000] {processor.py:914} INFO - Processing file /opt/airflow/dags/tmdb_incremental_sync.py for tasks to queue
[2026-07-21T17:25:03.149+0000] {logging_mixin.py:190} INFO - [2026-07-21T17:25:03.149+0000] {dagbag.py:587} INFO - Filling up the DagBag from /opt/airflow/dags/tmdb_incremental_sync.py
[2026-07-21T17:25:03.179+0000] {processor.py:925} INFO - DAG(s) 'tmdb_incremental_sync' retrieved from /opt/airflow/dags/tmdb_incremental_sync.py
[2026-07-21T17:25:03.220+0000] {logging_mixin.py:190} INFO - [2026-07-21T17:25:03.220+0000] {dag.py:3211} INFO - Sync 1 DAGs
[2026-07-21T17:25:03.258+0000] {logging_mixin.py:190} INFO - [2026-07-21T17:25:03.258+0000] {dag.py:4138} INFO - Setting next_dagrun for tmdb_incremental_sync to 2026-07-21 00:00:00+00:00, run_after=2026-07-22 00:00:00+00:00
[2026-07-21T17:25:03.284+0000] {processor.py:208} INFO - Processing /opt/airflow/dags/tmdb_incremental_sync.py took 0.149 seconds
[2026-07-21T17:25:33.590+0000] {processor.py:186} INFO - Started process (PID=37307) to work on /opt/airflow/dags/tmdb_incremental_sync.py
[2026-07-21T17:25:33.591+0000] {processor.py:914} INFO - Processing file /opt/airflow/dags/tmdb_incremental_sync.py for tasks to queue
[2026-07-21T17:25:33.596+0000] {logging_mixin.py:190} INFO - [2026-07-21T17:25:33.595+0000] {dagbag.py:587} INFO - Filling up the DagBag from /opt/airflow/dags/tmdb_incremental_sync.py
[2026-07-21T17:25:33.625+0000] {processor.py:925} INFO - DAG(s) 'tmdb_incremental_sync' retrieved from /opt/airflow/dags/tmdb_incremental_sync.py
[2026-07-21T17:25:33.667+0000] {logging_mixin.py:190} INFO - [2026-07-21T17:25:33.666+0000] {dag.py:3211} INFO - Sync 1 DAGs
[2026-07-21T17:25:33.706+0000] {logging_mixin.py:190} INFO - [2026-07-21T17:25:33.706+0000] {dag.py:4138} INFO - Setting next_dagrun for tmdb_incremental_sync to 2026-07-21 00:00:00+00:00, run_after=2026-07-22 00:00:00+00:00
[2026-07-21T17:25:33.732+0000] {processor.py:208} INFO - Processing /opt/airflow/dags/tmdb_incremental_sync.py took 0.150 seconds
[2026-07-21T17:26:04.067+0000] {processor.py:186} INFO - Started process (PID=37317) to work on /opt/airflow/dags/tmdb_incremental_sync.py
[2026-07-21T17:26:04.068+0000] {processor.py:914} INFO - Processing file /opt/airflow/dags/tmdb_incremental_sync.py for tasks to queue
[2026-07-21T17:26:04.071+0000] {logging_mixin.py:190} INFO - [2026-07-21T17:26:04.071+0000] {dagbag.py:587} INFO - Filling up the DagBag from /opt/airflow/dags/tmdb_incremental_sync.py
[2026-07-21T17:26:04.101+0000] {processor.py:925} INFO - DAG(s) 'tmdb_incremental_sync' retrieved from /opt/airflow/dags/tmdb_incremental_sync.py
[2026-07-21T17:26:04.142+0000] {logging_mixin.py:190} INFO - [2026-07-21T17:26:04.142+0000] {dag.py:3211} INFO - Sync 1 DAGs
[2026-07-21T17:26:04.181+0000] {logging_mixin.py:190} INFO - [2026-07-21T17:26:04.180+0000] {dag.py:4138} INFO - Setting next_dagrun for tmdb_incremental_sync to 2026-07-21 00:00:00+00:00, run_after=2026-07-22 00:00:00+00:00
[2026-07-21T17:26:04.205+0000] {processor.py:208} INFO - Processing /opt/airflow/dags/tmdb_incremental_sync.py took 0.148 seconds
[2026-07-21T17:26:34.510+0000] {processor.py:186} INFO - Started process (PID=37327) to work on /opt/airflow/dags/tmdb_incremental_sync.py
[2026-07-21T17:26:34.511+0000] {processor.py:914} INFO - Processing file /opt/airflow/dags/tmdb_incremental_sync.py for tasks to queue
[2026-07-21T17:26:34.515+0000] {logging_mixin.py:190} INFO - [2026-07-21T17:26:34.514+0000] {dagbag.py:587} INFO - Filling up the DagBag from /opt/airflow/dags/tmdb_incremental_sync.py
[2026-07-21T17:26:34.549+0000] {processor.py:925} INFO - DAG(s) 'tmdb_incremental_sync' retrieved from /opt/airflow/dags/tmdb_incremental_sync.py
[2026-07-21T17:26:34.591+0000] {logging_mixin.py:190} INFO - [2026-07-21T17:26:34.591+0000] {dag.py:3211} INFO - Sync 1 DAGs
[2026-07-21T17:26:34.629+0000] {logging_mixin.py:190} INFO - [2026-07-21T17:26:34.629+0000] {dag.py:4138} INFO - Setting next_dagrun for tmdb_incremental_sync to 2026-07-21 00:00:00+00:00, run_after=2026-07-22 00:00:00+00:00
[2026-07-21T17:26:34.654+0000] {processor.py:208} INFO - Processing /opt/airflow/dags/tmdb_incremental_sync.py took 0.153 seconds
[2026-07-21T17:27:04.955+0000] {processor.py:186} INFO - Started process (PID=37337) to work on /opt/airflow/dags/tmdb_incremental_sync.py
[2026-07-21T17:27:04.957+0000] {processor.py:914} INFO - Processing file /opt/airflow/dags/tmdb_incremental_sync.py for tasks to queue
[2026-07-21T17:27:04.960+0000] {logging_mixin.py:190} INFO - [2026-07-21T17:27:04.960+0000] {dagbag.py:587} INFO - Filling up the DagBag from /opt/airflow/dags/tmdb_incremental_sync.py
[2026-07-21T17:27:04.992+0000] {processor.py:925} INFO - DAG(s) 'tmdb_incremental_sync' retrieved from /opt/airflow/dags/tmdb_incremental_sync.py
[2026-07-21T17:27:05.034+0000] {logging_mixin.py:190} INFO - [2026-07-21T17:27:05.034+0000] {dag.py:3211} INFO - Sync 1 DAGs
[2026-07-21T17:27:05.071+0000] {logging_mixin.py:190} INFO - [2026-07-21T17:27:05.070+0000] {dag.py:4138} INFO - Setting next_dagrun for tmdb_incremental_sync to 2026-07-21 00:00:00+00:00, run_after=2026-07-22 00:00:00+00:00
[2026-07-21T17:27:05.098+0000] {processor.py:208} INFO - Processing /opt/airflow/dags/tmdb_incremental_sync.py took 0.151 seconds
[2026-07-21T17:27:35.436+0000] {processor.py:186} INFO - Started process (PID=37347) to work on /opt/airflow/dags/tmdb_incremental_sync.py
[2026-07-21T17:27:35.437+0000] {processor.py:914} INFO - Processing file /opt/airflow/dags/tmdb_incremental_sync.py for tasks to queue
[2026-07-21T17:27:35.441+0000] {logging_mixin.py:190} INFO - [2026-07-21T17:27:35.440+0000] {dagbag.py:587} INFO - Filling up the DagBag from /opt/airflow/dags/tmdb_incremental_sync.py
[2026-07-21T17:27:35.474+0000] {processor.py:925} INFO - DAG(s) 'tmdb_incremental_sync' retrieved from /opt/airflow/dags/tmdb_incremental_sync.py
[2026-07-21T17:27:35.519+0000] {logging_mixin.py:190} INFO - [2026-07-21T17:27:35.518+0000] {dag.py:3211} INFO - Sync 1 DAGs
[2026-07-21T17:27:35.558+0000] {logging_mixin.py:190} INFO - [2026-07-21T17:27:35.557+0000] {dag.py:4138} INFO - Setting next_dagrun for tmdb_incremental_sync to 2026-07-21 00:00:00+00:00, run_after=2026-07-22 00:00:00+00:00
[2026-07-21T17:27:35.583+0000] {processor.py:208} INFO - Processing /opt/airflow/dags/tmdb_incremental_sync.py took 0.155 seconds
[2026-07-21T17:28:05.892+0000] {processor.py:186} INFO - Started process (PID=37357) to work on /opt/airflow/dags/tmdb_incremental_sync.py
[2026-07-21T17:28:05.893+0000] {processor.py:914} INFO - Processing file /opt/airflow/dags/tmdb_incremental_sync.py for tasks to queue
[2026-07-21T17:28:05.898+0000] {logging_mixin.py:190} INFO - [2026-07-21T17:28:05.897+0000] {dagbag.py:587} INFO - Filling up the DagBag from /opt/airflow/dags/tmdb_incremental_sync.py
[2026-07-21T17:28:05.931+0000] {processor.py:925} INFO - DAG(s) 'tmdb_incremental_sync' retrieved from /opt/airflow/dags/tmdb_incremental_sync.py
[2026-07-21T17:28:05.975+0000] {logging_mixin.py:190} INFO - [2026-07-21T17:28:05.975+0000] {dag.py:3211} INFO - Sync 1 DAGs
[2026-07-21T17:28:06.018+0000] {logging_mixin.py:190} INFO - [2026-07-21T17:28:06.018+0000] {dag.py:4138} INFO - Setting next_dagrun for tmdb_incremental_sync to 2026-07-21 00:00:00+00:00, run_after=2026-07-22 00:00:00+00:00
[2026-07-21T17:28:06.047+0000] {processor.py:208} INFO - Processing /opt/airflow/dags/tmdb_incremental_sync.py took 0.165 seconds
[2026-07-21T17:28:36.342+0000] {processor.py:186} INFO - Started process (PID=37367) to work on /opt/airflow/dags/tmdb_incremental_sync.py
[2026-07-21T17:28:36.343+0000] {processor.py:914} INFO - Processing file /opt/airflow/dags/tmdb_incremental_sync.py for tasks to queue
[2026-07-21T17:28:36.347+0000] {logging_mixin.py:190} INFO - [2026-07-21T17:28:36.347+0000] {dagbag.py:587} INFO - Filling up the DagBag from /opt/airflow/dags/tmdb_incremental_sync.py
[2026-07-21T17:28:36.376+0000] {processor.py:925} INFO - DAG(s) 'tmdb_incremental_sync' retrieved from /opt/airflow/dags/tmdb_incremental_sync.py
[2026-07-21T17:28:36.417+0000] {logging_mixin.py:190} INFO - [2026-07-21T17:28:36.416+0000] {dag.py:3211} INFO - Sync 1 DAGs
[2026-07-21T17:28:36.455+0000] {logging_mixin.py:190} INFO - [2026-07-21T17:28:36.455+0000] {dag.py:4138} INFO - Setting next_dagrun for tmdb_incremental_sync to 2026-07-21 00:00:00+00:00, run_after=2026-07-22 00:00:00+00:00
[2026-07-21T17:28:36.482+0000] {processor.py:208} INFO - Processing /opt/airflow/dags/tmdb_incremental_sync.py took 0.148 seconds
[2026-07-21T17:29:06.791+0000] {processor.py:186} INFO - Started process (PID=37377) to work on /opt/airflow/dags/tmdb_incremental_sync.py
[2026-07-21T17:29:06.792+0000] {processor.py:914} INFO - Processing file /opt/airflow/dags/tmdb_incremental_sync.py for tasks to queue
[2026-07-21T17:29:06.795+0000] {logging_mixin.py:190} INFO - [2026-07-21T17:29:06.795+0000] {dagbag.py:587} INFO - Filling up the DagBag from /opt/airflow/dags/tmdb_incremental_sync.py
[2026-07-21T17:29:06.832+0000] {processor.py:925} INFO - DAG(s) 'tmdb_incremental_sync' retrieved from /opt/airflow/dags/tmdb_incremental_sync.py
[2026-07-21T17:29:06.878+0000] {logging_mixin.py:190} INFO - [2026-07-21T17:29:06.878+0000] {dag.py:3211} INFO - Sync 1 DAGs
[2026-07-21T17:29:06.917+0000] {logging_mixin.py:190} INFO - [2026-07-21T17:29:06.917+0000] {dag.py:4138} INFO - Setting next_dagrun for tmdb_incremental_sync to 2026-07-21 00:00:00+00:00, run_after=2026-07-22 00:00:00+00:00
[2026-07-21T17:29:06.944+0000] {processor.py:208} INFO - Processing /opt/airflow/dags/tmdb_incremental_sync.py took 0.163 seconds
[2026-07-21T17:29:37.243+0000] {processor.py:186} INFO - Started process (PID=37387) to work on /opt/airflow/dags/tmdb_incremental_sync.py
[2026-07-21T17:29:37.245+0000] {processor.py:914} INFO - Processing file /opt/airflow/dags/tmdb_incremental_sync.py for tasks to queue
[2026-07-21T17:29:37.248+0000] {logging_mixin.py:190} INFO - [2026-07-21T17:29:37.248+0000] {dagbag.py:587} INFO - Filling up the DagBag from /opt/airflow/dags/tmdb_incremental_sync.py
[2026-07-21T17:29:37.280+0000] {processor.py:925} INFO - DAG(s) 'tmdb_incremental_sync' retrieved from /opt/airflow/dags/tmdb_incremental_sync.py
[2026-07-21T17:29:37.321+0000] {logging_mixin.py:190} INFO - [2026-07-21T17:29:37.321+0000] {dag.py:3211} INFO - Sync 1 DAGs
[2026-07-21T17:29:37.360+0000] {logging_mixin.py:190} INFO - [2026-07-21T17:29:37.360+0000] {dag.py:4138} INFO - Setting next_dagrun for tmdb_incremental_sync to 2026-07-21 00:00:00+00:00, run_after=2026-07-22 00:00:00+00:00
[2026-07-21T17:29:37.387+0000] {processor.py:208} INFO - Processing /opt/airflow/dags/tmdb_incremental_sync.py took 0.153 seconds
[2026-07-21T17:30:07.690+0000] {processor.py:186} INFO - Started process (PID=37397) to work on /opt/airflow/dags/tmdb_incremental_sync.py
[2026-07-21T17:30:07.692+0000] {processor.py:914} INFO - Processing file /opt/airflow/dags/tmdb_incremental_sync.py for tasks to queue
[2026-07-21T17:30:07.696+0000] {logging_mixin.py:190} INFO - [2026-07-21T17:30:07.695+0000] {dagbag.py:587} INFO - Filling up the DagBag from /opt/airflow/dags/tmdb_incremental_sync.py
[2026-07-21T17:30:07.727+0000] {processor.py:925} INFO - DAG(s) 'tmdb_incremental_sync' retrieved from /opt/airflow/dags/tmdb_incremental_sync.py
[2026-07-21T17:30:07.768+0000] {logging_mixin.py:190} INFO - [2026-07-21T17:30:07.768+0000] {dag.py:3211} INFO - Sync 1 DAGs
[2026-07-21T17:30:07.807+0000] {logging_mixin.py:190} INFO - [2026-07-21T17:30:07.807+0000] {dag.py:4138} INFO - Setting next_dagrun for tmdb_incremental_sync to 2026-07-21 00:00:00+00:00, run_after=2026-07-22 00:00:00+00:00
[2026-07-21T17:30:07.832+0000] {processor.py:208} INFO - Processing /opt/airflow/dags/tmdb_incremental_sync.py took 0.150 seconds
[2026-07-21T17:30:38.148+0000] {processor.py:186} INFO - Started process (PID=37407) to work on /opt/airflow/dags/tmdb_incremental_sync.py
[2026-07-21T17:30:38.149+0000] {processor.py:914} INFO - Processing file /opt/airflow/dags/tmdb_incremental_sync.py for tasks to queue
[2026-07-21T17:30:38.153+0000] {logging_mixin.py:190} INFO - [2026-07-21T17:30:38.152+0000] {dagbag.py:587} INFO - Filling up the DagBag from /opt/airflow/dags/tmdb_incremental_sync.py
[2026-07-21T17:30:38.188+0000] {processor.py:925} INFO - DAG(s) 'tmdb_incremental_sync' retrieved from /opt/airflow/dags/tmdb_incremental_sync.py
[2026-07-21T17:30:38.242+0000] {logging_mixin.py:190} INFO - [2026-07-21T17:30:38.241+0000] {dag.py:3211} INFO - Sync 1 DAGs
[2026-07-21T17:30:38.284+0000] {logging_mixin.py:190} INFO - [2026-07-21T17:30:38.283+0000] {dag.py:4138} INFO - Setting next_dagrun for tmdb_incremental_sync to 2026-07-21 00:00:00+00:00, run_after=2026-07-22 00:00:00+00:00
[2026-07-21T17:30:38.314+0000] {processor.py:208} INFO - Processing /opt/airflow/dags/tmdb_incremental_sync.py took 0.174 seconds
[2026-07-21T17:31:08.627+0000] {processor.py:186} INFO - Started process (PID=37417) to work on /opt/airflow/dags/tmdb_incremental_sync.py
[2026-07-21T17:31:08.628+0000] {processor.py:914} INFO - Processing file /opt/airflow/dags/tmdb_incremental_sync.py for tasks to queue
[2026-07-21T17:31:08.632+0000] {logging_mixin.py:190} INFO - [2026-07-21T17:31:08.632+0000] {dagbag.py:587} INFO - Filling up the DagBag from /opt/airflow/dags/tmdb_incremental_sync.py
[2026-07-21T17:31:08.667+0000] {processor.py:925} INFO - DAG(s) 'tmdb_incremental_sync' retrieved from /opt/airflow/dags/tmdb_incremental_sync.py
[2026-07-21T17:31:08.716+0000] {logging_mixin.py:190} INFO - [2026-07-21T17:31:08.716+0000] {dag.py:3211} INFO - Sync 1 DAGs
[2026-07-21T17:31:08.760+0000] {logging_mixin.py:190} INFO - [2026-07-21T17:31:08.760+0000] {dag.py:4138} INFO - Setting next_dagrun for tmdb_incremental_sync to 2026-07-21 00:00:00+00:00, run_after=2026-07-22 00:00:00+00:00
[2026-07-21T17:31:08.791+0000] {processor.py:208} INFO - Processing /opt/airflow/dags/tmdb_incremental_sync.py took 0.174 seconds
[2026-07-21T17:31:39.106+0000] {processor.py:186} INFO - Started process (PID=37427) to work on /opt/airflow/dags/tmdb_incremental_sync.py
[2026-07-21T17:31:39.108+0000] {processor.py:914} INFO - Processing file /opt/airflow/dags/tmdb_incremental_sync.py for tasks to queue
[2026-07-21T17:31:39.113+0000] {logging_mixin.py:190} INFO - [2026-07-21T17:31:39.112+0000] {dagbag.py:587} INFO - Filling up the DagBag from /opt/airflow/dags/tmdb_incremental_sync.py
[2026-07-21T17:31:39.144+0000] {processor.py:925} INFO - DAG(s) 'tmdb_incremental_sync' retrieved from /opt/airflow/dags/tmdb_incremental_sync.py
[2026-07-21T17:31:39.191+0000] {logging_mixin.py:190} INFO - [2026-07-21T17:31:39.191+0000] {dag.py:3211} INFO - Sync 1 DAGs
[2026-07-21T17:31:39.292+0000] {logging_mixin.py:190} INFO - [2026-07-21T17:31:39.292+0000] {dag.py:4138} INFO - Setting next_dagrun for tmdb_incremental_sync to 2026-07-21 00:00:00+00:00, run_after=2026-07-22 00:00:00+00:00
[2026-07-21T17:31:39.323+0000] {processor.py:208} INFO - Processing /opt/airflow/dags/tmdb_incremental_sync.py took 0.227 seconds
[2026-07-21T17:32:09.625+0000] {processor.py:186} INFO - Started process (PID=37437) to work on /opt/airflow/dags/tmdb_incremental_sync.py
[2026-07-21T17:32:09.626+0000] {processor.py:914} INFO - Processing file /opt/airflow/dags/tmdb_incremental_sync.py for tasks to queue
[2026-07-21T17:32:09.630+0000] {logging_mixin.py:190} INFO - [2026-07-21T17:32:09.629+0000] {dagbag.py:587} INFO - Filling up the DagBag from /opt/airflow/dags/tmdb_incremental_sync.py
[2026-07-21T17:32:09.662+0000] {processor.py:925} INFO - DAG(s) 'tmdb_incremental_sync' retrieved from /opt/airflow/dags/tmdb_incremental_sync.py
[2026-07-21T17:32:09.709+0000] {logging_mixin.py:190} INFO - [2026-07-21T17:32:09.709+0000] {dag.py:3211} INFO - Sync 1 DAGs
[2026-07-21T17:32:09.751+0000] {logging_mixin.py:190} INFO - [2026-07-21T17:32:09.751+0000] {dag.py:4138} INFO - Setting next_dagrun for tmdb_incremental_sync to 2026-07-21 00:00:00+00:00, run_after=2026-07-22 00:00:00+00:00
[2026-07-21T17:32:09.782+0000] {processor.py:208} INFO - Processing /opt/airflow/dags/tmdb_incremental_sync.py took 0.167 seconds
[2026-07-21T17:32:40.105+0000] {processor.py:186} INFO - Started process (PID=37447) to work on /opt/airflow/dags/tmdb_incremental_sync.py
[2026-07-21T17:32:40.106+0000] {processor.py:914} INFO - Processing file /opt/airflow/dags/tmdb_incremental_sync.py for tasks to queue
[2026-07-21T17:32:40.110+0000] {logging_mixin.py:190} INFO - [2026-07-21T17:32:40.109+0000] {dagbag.py:587} INFO - Filling up the DagBag from /opt/airflow/dags/tmdb_incremental_sync.py
[2026-07-21T17:32:40.142+0000] {processor.py:925} INFO - DAG(s) 'tmdb_incremental_sync' retrieved from /opt/airflow/dags/tmdb_incremental_sync.py
[2026-07-21T17:32:40.189+0000] {logging_mixin.py:190} INFO - [2026-07-21T17:32:40.189+0000] {dag.py:3211} INFO - Sync 1 DAGs
[2026-07-21T17:32:40.231+0000] {logging_mixin.py:190} INFO - [2026-07-21T17:32:40.231+0000] {dag.py:4138} INFO - Setting next_dagrun for tmdb_incremental_sync to 2026-07-21 00:00:00+00:00, run_after=2026-07-22 00:00:00+00:00
[2026-07-21T17:32:40.264+0000] {processor.py:208} INFO - Processing /opt/airflow/dags/tmdb_incremental_sync.py took 0.169 seconds
[2026-07-21T17:33:10.584+0000] {processor.py:186} INFO - Started process (PID=37457) to work on /opt/airflow/dags/tmdb_incremental_sync.py
[2026-07-21T17:33:10.585+0000] {processor.py:914} INFO - Processing file /opt/airflow/dags/tmdb_incremental_sync.py for tasks to queue
[2026-07-21T17:33:10.588+0000] {logging_mixin.py:190} INFO - [2026-07-21T17:33:10.588+0000] {dagbag.py:587} INFO - Filling up the DagBag from /opt/airflow/dags/tmdb_incremental_sync.py
[2026-07-21T17:33:10.617+0000] {processor.py:925} INFO - DAG(s) 'tmdb_incremental_sync' retrieved from /opt/airflow/dags/tmdb_incremental_sync.py
[2026-07-21T17:33:10.659+0000] {logging_mixin.py:190} INFO - [2026-07-21T17:33:10.658+0000] {dag.py:3211} INFO - Sync 1 DAGs
[2026-07-21T17:33:10.714+0000] {logging_mixin.py:190} INFO - [2026-07-21T17:33:10.714+0000] {dag.py:4138} INFO - Setting next_dagrun for tmdb_incremental_sync to 2026-07-21 00:00:00+00:00, run_after=2026-07-22 00:00:00+00:00
[2026-07-21T17:33:10.741+0000] {processor.py:208} INFO - Processing /opt/airflow/dags/tmdb_incremental_sync.py took 0.165 seconds
[2026-07-21T17:33:41.042+0000] {processor.py:186} INFO - Started process (PID=37467) to work on /opt/airflow/dags/tmdb_incremental_sync.py
[2026-07-21T17:33:41.044+0000] {processor.py:914} INFO - Processing file /opt/airflow/dags/tmdb_incremental_sync.py for tasks to queue
[2026-07-21T17:33:41.049+0000] {logging_mixin.py:190} INFO - [2026-07-21T17:33:41.048+0000] {dagbag.py:587} INFO - Filling up the DagBag from /opt/airflow/dags/tmdb_incremental_sync.py
[2026-07-21T17:33:41.091+0000] {processor.py:925} INFO - DAG(s) 'tmdb_incremental_sync' retrieved from /opt/airflow/dags/tmdb_incremental_sync.py
[2026-07-21T17:33:41.157+0000] {logging_mixin.py:190} INFO - [2026-07-21T17:33:41.157+0000] {dag.py:3211} INFO - Sync 1 DAGs
[2026-07-21T17:33:41.223+0000] {logging_mixin.py:190} INFO - [2026-07-21T17:33:41.223+0000] {dag.py:4138} INFO - Setting next_dagrun for tmdb_incremental_sync to 2026-07-21 00:00:00+00:00, run_after=2026-07-22 00:00:00+00:00
[2026-07-21T17:33:41.257+0000] {processor.py:208} INFO - Processing /opt/airflow/dags/tmdb_incremental_sync.py took 0.226 seconds
[2026-07-21T17:34:12.105+0000] {processor.py:186} INFO - Started process (PID=37475) to work on /opt/airflow/dags/tmdb_incremental_sync.py
[2026-07-21T17:34:12.187+0000] {processor.py:914} INFO - Processing file /opt/airflow/dags/tmdb_incremental_sync.py for tasks to queue
[2026-07-21T17:34:12.329+0000] {logging_mixin.py:190} INFO - [2026-07-21T17:34:12.308+0000] {dagbag.py:587} INFO - Filling up the DagBag from /opt/airflow/dags/tmdb_incremental_sync.py
[2026-07-21T17:34:12.872+0000] {processor.py:925} INFO - DAG(s) 'tmdb_incremental_sync' retrieved from /opt/airflow/dags/tmdb_incremental_sync.py
[2026-07-21T17:34:13.485+0000] {logging_mixin.py:190} INFO - [2026-07-21T17:34:13.484+0000] {dag.py:3211} INFO - Sync 1 DAGs
[2026-07-21T17:34:13.795+0000] {logging_mixin.py:190} INFO - [2026-07-21T17:34:13.795+0000] {dag.py:4138} INFO - Setting next_dagrun for tmdb_incremental_sync to 2026-07-21 00:00:00+00:00, run_after=2026-07-22 00:00:00+00:00
[2026-07-21T17:34:13.941+0000] {processor.py:208} INFO - Processing /opt/airflow/dags/tmdb_incremental_sync.py took 2.418 seconds
[2026-07-21T17:34:44.255+0000] {processor.py:186} INFO - Started process (PID=37487) to work on /opt/airflow/dags/tmdb_incremental_sync.py
[2026-07-21T17:34:44.256+0000] {processor.py:914} INFO - Processing file /opt/airflow/dags/tmdb_incremental_sync.py for tasks to queue
[2026-07-21T17:34:44.260+0000] {logging_mixin.py:190} INFO - [2026-07-21T17:34:44.260+0000] {dagbag.py:587} INFO - Filling up the DagBag from /opt/airflow/dags/tmdb_incremental_sync.py
[2026-07-21T17:34:44.291+0000] {processor.py:925} INFO - DAG(s) 'tmdb_incremental_sync' retrieved from /opt/airflow/dags/tmdb_incremental_sync.py
[2026-07-21T17:34:44.332+0000] {logging_mixin.py:190} INFO - [2026-07-21T17:34:44.332+0000] {dag.py:3211} INFO - Sync 1 DAGs
[2026-07-21T17:34:44.391+0000] {logging_mixin.py:190} INFO - [2026-07-21T17:34:44.390+0000] {dag.py:4138} INFO - Setting next_dagrun for tmdb_incremental_sync to 2026-07-21 00:00:00+00:00, run_after=2026-07-22 00:00:00+00:00
[2026-07-21T17:34:44.421+0000] {processor.py:208} INFO - Processing /opt/airflow/dags/tmdb_incremental_sync.py took 0.176 seconds
[2026-07-21T17:35:14.692+0000] {processor.py:186} INFO - Started process (PID=37497) to work on /opt/airflow/dags/tmdb_incremental_sync.py
[2026-07-21T17:35:14.694+0000] {processor.py:914} INFO - Processing file /opt/airflow/dags/tmdb_incremental_sync.py for tasks to queue
[2026-07-21T17:35:14.697+0000] {logging_mixin.py:190} INFO - [2026-07-21T17:35:14.696+0000] {dagbag.py:587} INFO - Filling up the DagBag from /opt/airflow/dags/tmdb_incremental_sync.py
[2026-07-21T17:35:14.728+0000] {processor.py:925} INFO - DAG(s) 'tmdb_incremental_sync' retrieved from /opt/airflow/dags/tmdb_incremental_sync.py
[2026-07-21T17:35:14.772+0000] {logging_mixin.py:190} INFO - [2026-07-21T17:35:14.771+0000] {dag.py:3211} INFO - Sync 1 DAGs
[2026-07-21T17:35:14.817+0000] {logging_mixin.py:190} INFO - [2026-07-21T17:35:14.816+0000] {dag.py:4138} INFO - Setting next_dagrun for tmdb_incremental_sync to 2026-07-21 00:00:00+00:00, run_after=2026-07-22 00:00:00+00:00
[2026-07-21T17:35:14.846+0000] {processor.py:208} INFO - Processing /opt/airflow/dags/tmdb_incremental_sync.py took 0.165 seconds
[2026-07-21T17:35:45.222+0000] {processor.py:186} INFO - Started process (PID=37507) to work on /opt/airflow/dags/tmdb_incremental_sync.py
[2026-07-21T17:35:45.223+0000] {processor.py:914} INFO - Processing file /opt/airflow/dags/tmdb_incremental_sync.py for tasks to queue
[2026-07-21T17:35:45.232+0000] {logging_mixin.py:190} INFO - [2026-07-21T17:35:45.231+0000] {dagbag.py:587} INFO - Filling up the DagBag from /opt/airflow/dags/tmdb_incremental_sync.py
[2026-07-21T17:35:45.285+0000] {processor.py:925} INFO - DAG(s) 'tmdb_incremental_sync' retrieved from /opt/airflow/dags/tmdb_incremental_sync.py
[2026-07-21T17:35:45.338+0000] {logging_mixin.py:190} INFO - [2026-07-21T17:35:45.338+0000] {dag.py:3211} INFO - Sync 1 DAGs
[2026-07-21T17:35:45.492+0000] {logging_mixin.py:190} INFO - [2026-07-21T17:35:45.492+0000] {dag.py:4138} INFO - Setting next_dagrun for tmdb_incremental_sync to 2026-07-21 00:00:00+00:00, run_after=2026-07-22 00:00:00+00:00
[2026-07-21T17:35:45.540+0000] {processor.py:208} INFO - Processing /opt/airflow/dags/tmdb_incremental_sync.py took 0.333 seconds
[2026-07-21T17:36:15.962+0000] {processor.py:186} INFO - Started process (PID=37517) to work on /opt/airflow/dags/tmdb_incremental_sync.py
[2026-07-21T17:36:15.963+0000] {processor.py:914} INFO - Processing file /opt/airflow/dags/tmdb_incremental_sync.py for tasks to queue
[2026-07-21T17:36:15.967+0000] {logging_mixin.py:190} INFO - [2026-07-21T17:36:15.966+0000] {dagbag.py:587} INFO - Filling up the DagBag from /opt/airflow/dags/tmdb_incremental_sync.py
[2026-07-21T17:36:15.999+0000] {processor.py:925} INFO - DAG(s) 'tmdb_incremental_sync' retrieved from /opt/airflow/dags/tmdb_incremental_sync.py
[2026-07-21T17:36:16.139+0000] {logging_mixin.py:190} INFO - [2026-07-21T17:36:16.139+0000] {dag.py:3211} INFO - Sync 1 DAGs
[2026-07-21T17:36:16.181+0000] {logging_mixin.py:190} INFO - [2026-07-21T17:36:16.181+0000] {dag.py:4138} INFO - Setting next_dagrun for tmdb_incremental_sync to 2026-07-21 00:00:00+00:00, run_after=2026-07-22 00:00:00+00:00
[2026-07-21T17:36:16.207+0000] {processor.py:208} INFO - Processing /opt/airflow/dags/tmdb_incremental_sync.py took 0.393 seconds
[2026-07-21T17:36:46.544+0000] {processor.py:186} INFO - Started process (PID=37527) to work on /opt/airflow/dags/tmdb_incremental_sync.py
[2026-07-21T17:36:46.545+0000] {processor.py:914} INFO - Processing file /opt/airflow/dags/tmdb_incremental_sync.py for tasks to queue
[2026-07-21T17:36:46.549+0000] {logging_mixin.py:190} INFO - [2026-07-21T17:36:46.549+0000] {dagbag.py:587} INFO - Filling up the DagBag from /opt/airflow/dags/tmdb_incremental_sync.py
[2026-07-21T17:36:46.581+0000] {processor.py:925} INFO - DAG(s) 'tmdb_incremental_sync' retrieved from /opt/airflow/dags/tmdb_incremental_sync.py
[2026-07-21T17:36:46.709+0000] {logging_mixin.py:190} INFO - [2026-07-21T17:36:46.709+0000] {dag.py:3211} INFO - Sync 1 DAGs
[2026-07-21T17:36:46.756+0000] {logging_mixin.py:190} INFO - [2026-07-21T17:36:46.755+0000] {dag.py:4138} INFO - Setting next_dagrun for tmdb_incremental_sync to 2026-07-21 00:00:00+00:00, run_after=2026-07-22 00:00:00+00:00
[2026-07-21T17:36:46.800+0000] {processor.py:208} INFO - Processing /opt/airflow/dags/tmdb_incremental_sync.py took 0.266 seconds
[2026-07-21T17:37:17.061+0000] {processor.py:186} INFO - Started process (PID=37537) to work on /opt/airflow/dags/tmdb_incremental_sync.py
[2026-07-21T17:37:17.063+0000] {processor.py:914} INFO - Processing file /opt/airflow/dags/tmdb_incremental_sync.py for tasks to queue
[2026-07-21T17:37:17.067+0000] {logging_mixin.py:190} INFO - [2026-07-21T17:37:17.067+0000] {dagbag.py:587} INFO - Filling up the DagBag from /opt/airflow/dags/tmdb_incremental_sync.py
[2026-07-21T17:37:17.099+0000] {processor.py:925} INFO - DAG(s) 'tmdb_incremental_sync' retrieved from /opt/airflow/dags/tmdb_incremental_sync.py
[2026-07-21T17:37:17.142+0000] {logging_mixin.py:190} INFO - [2026-07-21T17:37:17.141+0000] {dag.py:3211} INFO - Sync 1 DAGs
[2026-07-21T17:37:17.181+0000] {logging_mixin.py:190} INFO - [2026-07-21T17:37:17.181+0000] {dag.py:4138} INFO - Setting next_dagrun for tmdb_incremental_sync to 2026-07-21 00:00:00+00:00, run_after=2026-07-22 00:00:00+00:00
[2026-07-21T17:37:17.208+0000] {processor.py:208} INFO - Processing /opt/airflow/dags/tmdb_incremental_sync.py took 0.155 seconds
[2026-07-21T17:37:47.531+0000] {processor.py:186} INFO - Started process (PID=37547) to work on /opt/airflow/dags/tmdb_incremental_sync.py
[2026-07-21T17:37:47.532+0000] {processor.py:914} INFO - Processing file /opt/airflow/dags/tmdb_incremental_sync.py for tasks to queue
[2026-07-21T17:37:47.536+0000] {logging_mixin.py:190} INFO - [2026-07-21T17:37:47.536+0000] {dagbag.py:587} INFO - Filling up the DagBag from /opt/airflow/dags/tmdb_incremental_sync.py
[2026-07-21T17:37:47.566+0000] {processor.py:925} INFO - DAG(s) 'tmdb_incremental_sync' retrieved from /opt/airflow/dags/tmdb_incremental_sync.py
[2026-07-21T17:37:47.608+0000] {logging_mixin.py:190} INFO - [2026-07-21T17:37:47.608+0000] {dag.py:3211} INFO - Sync 1 DAGs
[2026-07-21T17:37:47.646+0000] {logging_mixin.py:190} INFO - [2026-07-21T17:37:47.645+0000] {dag.py:4138} INFO - Setting next_dagrun for tmdb_incremental_sync to 2026-07-21 00:00:00+00:00, run_after=2026-07-22 00:00:00+00:00
[2026-07-21T17:37:47.673+0000] {processor.py:208} INFO - Processing /opt/airflow/dags/tmdb_incremental_sync.py took 0.151 seconds
[2026-07-21T17:38:17.977+0000] {processor.py:186} INFO - Started process (PID=37557) to work on /opt/airflow/dags/tmdb_incremental_sync.py
[2026-07-21T17:38:17.978+0000] {processor.py:914} INFO - Processing file /opt/airflow/dags/tmdb_incremental_sync.py for tasks to queue
[2026-07-21T17:38:17.982+0000] {logging_mixin.py:190} INFO - [2026-07-21T17:38:17.981+0000] {dagbag.py:587} INFO - Filling up the DagBag from /opt/airflow/dags/tmdb_incremental_sync.py
[2026-07-21T17:38:18.012+0000] {processor.py:925} INFO - DAG(s) 'tmdb_incremental_sync' retrieved from /opt/airflow/dags/tmdb_incremental_sync.py
[2026-07-21T17:38:18.055+0000] {logging_mixin.py:190} INFO - [2026-07-21T17:38:18.055+0000] {dag.py:3211} INFO - Sync 1 DAGs
[2026-07-21T17:38:18.114+0000] {logging_mixin.py:190} INFO - [2026-07-21T17:38:18.114+0000] {dag.py:4138} INFO - Setting next_dagrun for tmdb_incremental_sync to 2026-07-21 00:00:00+00:00, run_after=2026-07-22 00:00:00+00:00
[2026-07-21T17:38:18.141+0000] {processor.py:208} INFO - Processing /opt/airflow/dags/tmdb_incremental_sync.py took 0.173 seconds
[2026-07-21T17:38:48.427+0000] {processor.py:186} INFO - Started process (PID=37567) to work on /opt/airflow/dags/tmdb_incremental_sync.py
[2026-07-21T17:38:48.428+0000] {processor.py:914} INFO - Processing file /opt/airflow/dags/tmdb_incremental_sync.py for tasks to queue
[2026-07-21T17:38:48.431+0000] {logging_mixin.py:190} INFO - [2026-07-21T17:38:48.431+0000] {dagbag.py:587} INFO - Filling up the DagBag from /opt/airflow/dags/tmdb_incremental_sync.py
[2026-07-21T17:38:48.463+0000] {processor.py:925} INFO - DAG(s) 'tmdb_incremental_sync' retrieved from /opt/airflow/dags/tmdb_incremental_sync.py
[2026-07-21T17:38:48.506+0000] {logging_mixin.py:190} INFO - [2026-07-21T17:38:48.505+0000] {dag.py:3211} INFO - Sync 1 DAGs
[2026-07-21T17:38:48.545+0000] {logging_mixin.py:190} INFO - [2026-07-21T17:38:48.544+0000] {dag.py:4138} INFO - Setting next_dagrun for tmdb_incremental_sync to 2026-07-21 00:00:00+00:00, run_after=2026-07-22 00:00:00+00:00
[2026-07-21T17:38:48.573+0000] {processor.py:208} INFO - Processing /opt/airflow/dags/tmdb_incremental_sync.py took 0.157 seconds
[2026-07-21T17:39:18.896+0000] {processor.py:186} INFO - Started process (PID=37577) to work on /opt/airflow/dags/tmdb_incremental_sync.py
[2026-07-21T17:39:18.897+0000] {processor.py:914} INFO - Processing file /opt/airflow/dags/tmdb_incremental_sync.py for tasks to queue
[2026-07-21T17:39:18.901+0000] {logging_mixin.py:190} INFO - [2026-07-21T17:39:18.900+0000] {dagbag.py:587} INFO - Filling up the DagBag from /opt/airflow/dags/tmdb_incremental_sync.py
[2026-07-21T17:39:18.937+0000] {processor.py:925} INFO - DAG(s) 'tmdb_incremental_sync' retrieved from /opt/airflow/dags/tmdb_incremental_sync.py
[2026-07-21T17:39:18.981+0000] {logging_mixin.py:190} INFO - [2026-07-21T17:39:18.980+0000] {dag.py:3211} INFO - Sync 1 DAGs
[2026-07-21T17:39:19.025+0000] {logging_mixin.py:190} INFO - [2026-07-21T17:39:19.025+0000] {dag.py:4138} INFO - Setting next_dagrun for tmdb_incremental_sync to 2026-07-21 00:00:00+00:00, run_after=2026-07-22 00:00:00+00:00
[2026-07-21T17:39:19.057+0000] {processor.py:208} INFO - Processing /opt/airflow/dags/tmdb_incremental_sync.py took 0.171 seconds
[2026-07-21T17:39:49.400+0000] {processor.py:186} INFO - Started process (PID=37587) to work on /opt/airflow/dags/tmdb_incremental_sync.py
[2026-07-21T17:39:49.401+0000] {processor.py:914} INFO - Processing file /opt/airflow/dags/tmdb_incremental_sync.py for tasks to queue
[2026-07-21T17:39:49.405+0000] {logging_mixin.py:190} INFO - [2026-07-21T17:39:49.404+0000] {dagbag.py:587} INFO - Filling up the DagBag from /opt/airflow/dags/tmdb_incremental_sync.py
[2026-07-21T17:39:49.439+0000] {processor.py:925} INFO - DAG(s) 'tmdb_incremental_sync' retrieved from /opt/airflow/dags/tmdb_incremental_sync.py
[2026-07-21T17:39:49.481+0000] {logging_mixin.py:190} INFO - [2026-07-21T17:39:49.481+0000] {dag.py:3211} INFO - Sync 1 DAGs
[2026-07-21T17:39:49.521+0000] {logging_mixin.py:190} INFO - [2026-07-21T17:39:49.520+0000] {dag.py:4138} INFO - Setting next_dagrun for tmdb_incremental_sync to 2026-07-21 00:00:00+00:00, run_after=2026-07-22 00:00:00+00:00
[2026-07-21T17:39:49.548+0000] {processor.py:208} INFO - Processing /opt/airflow/dags/tmdb_incremental_sync.py took 0.157 seconds
[2026-07-21T17:40:19.850+0000] {processor.py:186} INFO - Started process (PID=37597) to work on /opt/airflow/dags/tmdb_incremental_sync.py
[2026-07-21T17:40:19.851+0000] {processor.py:914} INFO - Processing file /opt/airflow/dags/tmdb_incremental_sync.py for tasks to queue
[2026-07-21T17:40:19.855+0000] {logging_mixin.py:190} INFO - [2026-07-21T17:40:19.854+0000] {dagbag.py:587} INFO - Filling up the DagBag from /opt/airflow/dags/tmdb_incremental_sync.py
[2026-07-21T17:40:19.886+0000] {processor.py:925} INFO - DAG(s) 'tmdb_incremental_sync' retrieved from /opt/airflow/dags/tmdb_incremental_sync.py
[2026-07-21T17:40:19.930+0000] {logging_mixin.py:190} INFO - [2026-07-21T17:40:19.929+0000] {dag.py:3211} INFO - Sync 1 DAGs
[2026-07-21T17:40:19.997+0000] {logging_mixin.py:190} INFO - [2026-07-21T17:40:19.996+0000] {dag.py:4138} INFO - Setting next_dagrun for tmdb_incremental_sync to 2026-07-21 00:00:00+00:00, run_after=2026-07-22 00:00:00+00:00
[2026-07-21T17:40:20.024+0000] {processor.py:208} INFO - Processing /opt/airflow/dags/tmdb_incremental_sync.py took 0.183 seconds
[2026-07-21T17:40:50.344+0000] {processor.py:186} INFO - Started process (PID=37607) to work on /opt/airflow/dags/tmdb_incremental_sync.py
[2026-07-21T17:40:50.345+0000] {processor.py:914} INFO - Processing file /opt/airflow/dags/tmdb_incremental_sync.py for tasks to queue
[2026-07-21T17:40:50.349+0000] {logging_mixin.py:190} INFO - [2026-07-21T17:40:50.349+0000] {dagbag.py:587} INFO - Filling up the DagBag from /opt/airflow/dags/tmdb_incremental_sync.py
[2026-07-21T17:40:50.388+0000] {processor.py:925} INFO - DAG(s) 'tmdb_incremental_sync' retrieved from /opt/airflow/dags/tmdb_incremental_sync.py
[2026-07-21T17:40:50.437+0000] {logging_mixin.py:190} INFO - [2026-07-21T17:40:50.437+0000] {dag.py:3211} INFO - Sync 1 DAGs
[2026-07-21T17:40:50.474+0000] {logging_mixin.py:190} INFO - [2026-07-21T17:40:50.473+0000] {dag.py:4138} INFO - Setting next_dagrun for tmdb_incremental_sync to 2026-07-21 00:00:00+00:00, run_after=2026-07-22 00:00:00+00:00
[2026-07-21T17:40:50.499+0000] {processor.py:208} INFO - Processing /opt/airflow/dags/tmdb_incremental_sync.py took 0.167 seconds
[2026-07-21T17:41:20.773+0000] {processor.py:186} INFO - Started process (PID=37617) to work on /opt/airflow/dags/tmdb_incremental_sync.py
[2026-07-21T17:41:20.774+0000] {processor.py:914} INFO - Processing file /opt/airflow/dags/tmdb_incremental_sync.py for tasks to queue
[2026-07-21T17:41:20.778+0000] {logging_mixin.py:190} INFO - [2026-07-21T17:41:20.777+0000] {dagbag.py:587} INFO - Filling up the DagBag from /opt/airflow/dags/tmdb_incremental_sync.py
[2026-07-21T17:41:20.807+0000] {processor.py:925} INFO - DAG(s) 'tmdb_incremental_sync' retrieved from /opt/airflow/dags/tmdb_incremental_sync.py
[2026-07-21T17:41:20.848+0000] {logging_mixin.py:190} INFO - [2026-07-21T17:41:20.847+0000] {dag.py:3211} INFO - Sync 1 DAGs
[2026-07-21T17:41:20.885+0000] {logging_mixin.py:190} INFO - [2026-07-21T17:41:20.884+0000] {dag.py:4138} INFO - Setting next_dagrun for tmdb_incremental_sync to 2026-07-21 00:00:00+00:00, run_after=2026-07-22 00:00:00+00:00
[2026-07-21T17:41:20.910+0000] {processor.py:208} INFO - Processing /opt/airflow/dags/tmdb_incremental_sync.py took 0.146 seconds
[2026-07-21T17:41:51.320+0000] {processor.py:186} INFO - Started process (PID=37627) to work on /opt/airflow/dags/tmdb_incremental_sync.py
[2026-07-21T17:41:51.322+0000] {processor.py:914} INFO - Processing file /opt/airflow/dags/tmdb_incremental_sync.py for tasks to queue
[2026-07-21T17:41:51.326+0000] {logging_mixin.py:190} INFO - [2026-07-21T17:41:51.325+0000] {dagbag.py:587} INFO - Filling up the DagBag from /opt/airflow/dags/tmdb_incremental_sync.py
[2026-07-21T17:41:51.361+0000] {processor.py:925} INFO - DAG(s) 'tmdb_incremental_sync' retrieved from /opt/airflow/dags/tmdb_incremental_sync.py
[2026-07-21T17:41:51.406+0000] {logging_mixin.py:190} INFO - [2026-07-21T17:41:51.406+0000] {dag.py:3211} INFO - Sync 1 DAGs
[2026-07-21T17:41:51.446+0000] {logging_mixin.py:190} INFO - [2026-07-21T17:41:51.446+0000] {dag.py:4138} INFO - Setting next_dagrun for tmdb_incremental_sync to 2026-07-21 00:00:00+00:00, run_after=2026-07-22 00:00:00+00:00
[2026-07-21T17:41:51.474+0000] {processor.py:208} INFO - Processing /opt/airflow/dags/tmdb_incremental_sync.py took 0.163 seconds
[2026-07-21T17:42:21.887+0000] {processor.py:186} INFO - Started process (PID=37637) to work on /opt/airflow/dags/tmdb_incremental_sync.py
[2026-07-21T17:42:21.888+0000] {processor.py:914} INFO - Processing file /opt/airflow/dags/tmdb_incremental_sync.py for tasks to queue
[2026-07-21T17:42:21.892+0000] {logging_mixin.py:190} INFO - [2026-07-21T17:42:21.892+0000] {dagbag.py:587} INFO - Filling up the DagBag from /opt/airflow/dags/tmdb_incremental_sync.py
[2026-07-21T17:42:21.928+0000] {processor.py:925} INFO - DAG(s) 'tmdb_incremental_sync' retrieved from /opt/airflow/dags/tmdb_incremental_sync.py
[2026-07-21T17:42:21.987+0000] {logging_mixin.py:190} INFO - [2026-07-21T17:42:21.987+0000] {dag.py:3211} INFO - Sync 1 DAGs
[2026-07-21T17:42:22.027+0000] {logging_mixin.py:190} INFO - [2026-07-21T17:42:22.027+0000] {dag.py:4138} INFO - Setting next_dagrun for tmdb_incremental_sync to 2026-07-21 00:00:00+00:00, run_after=2026-07-22 00:00:00+00:00
[2026-07-21T17:42:22.058+0000] {processor.py:208} INFO - Processing /opt/airflow/dags/tmdb_incremental_sync.py took 0.181 seconds
[2026-07-21T17:42:52.343+0000] {processor.py:186} INFO - Started process (PID=37647) to work on /opt/airflow/dags/tmdb_incremental_sync.py
[2026-07-21T17:42:52.344+0000] {processor.py:914} INFO - Processing file /opt/airflow/dags/tmdb_incremental_sync.py for tasks to queue
[2026-07-21T17:42:52.348+0000] {logging_mixin.py:190} INFO - [2026-07-21T17:42:52.348+0000] {dagbag.py:587} INFO - Filling up the DagBag from /opt/airflow/dags/tmdb_incremental_sync.py
[2026-07-21T17:42:52.381+0000] {processor.py:925} INFO - DAG(s) 'tmdb_incremental_sync' retrieved from /opt/airflow/dags/tmdb_incremental_sync.py
[2026-07-21T17:42:52.425+0000] {logging_mixin.py:190} INFO - [2026-07-21T17:42:52.425+0000] {dag.py:3211} INFO - Sync 1 DAGs
[2026-07-21T17:42:52.466+0000] {logging_mixin.py:190} INFO - [2026-07-21T17:42:52.466+0000] {dag.py:4138} INFO - Setting next_dagrun for tmdb_incremental_sync to 2026-07-21 00:00:00+00:00, run_after=2026-07-22 00:00:00+00:00
[2026-07-21T17:42:52.497+0000] {processor.py:208} INFO - Processing /opt/airflow/dags/tmdb_incremental_sync.py took 0.163 seconds
[2026-07-21T17:43:23.131+0000] {processor.py:186} INFO - Started process (PID=37657) to work on /opt/airflow/dags/tmdb_incremental_sync.py
[2026-07-21T17:43:23.133+0000] {processor.py:914} INFO - Processing file /opt/airflow/dags/tmdb_incremental_sync.py for tasks to queue
[2026-07-21T17:43:23.137+0000] {logging_mixin.py:190} INFO - [2026-07-21T17:43:23.136+0000] {dagbag.py:587} INFO - Filling up the DagBag from /opt/airflow/dags/tmdb_incremental_sync.py
[2026-07-21T17:43:23.178+0000] {processor.py:925} INFO - DAG(s) 'tmdb_incremental_sync' retrieved from /opt/airflow/dags/tmdb_incremental_sync.py
[2026-07-21T17:43:23.223+0000] {logging_mixin.py:190} INFO - [2026-07-21T17:43:23.222+0000] {dag.py:3211} INFO - Sync 1 DAGs
[2026-07-21T17:43:23.260+0000] {logging_mixin.py:190} INFO - [2026-07-21T17:43:23.260+0000] {dag.py:4138} INFO - Setting next_dagrun for tmdb_incremental_sync to 2026-07-21 00:00:00+00:00, run_after=2026-07-22 00:00:00+00:00
[2026-07-21T17:43:23.285+0000] {processor.py:208} INFO - Processing /opt/airflow/dags/tmdb_incremental_sync.py took 0.164 seconds
[2026-07-21T17:43:53.707+0000] {processor.py:186} INFO - Started process (PID=37667) to work on /opt/airflow/dags/tmdb_incremental_sync.py
[2026-07-21T17:43:53.709+0000] {processor.py:914} INFO - Processing file /opt/airflow/dags/tmdb_incremental_sync.py for tasks to queue
[2026-07-21T17:43:53.713+0000] {logging_mixin.py:190} INFO - [2026-07-21T17:43:53.713+0000] {dagbag.py:587} INFO - Filling up the DagBag from /opt/airflow/dags/tmdb_incremental_sync.py
[2026-07-21T17:43:53.747+0000] {processor.py:925} INFO - DAG(s) 'tmdb_incremental_sync' retrieved from /opt/airflow/dags/tmdb_incremental_sync.py
[2026-07-21T17:43:53.796+0000] {logging_mixin.py:190} INFO - [2026-07-21T17:43:53.796+0000] {dag.py:3211} INFO - Sync 1 DAGs
[2026-07-21T17:43:53.978+0000] {logging_mixin.py:190} INFO - [2026-07-21T17:43:53.978+0000] {dag.py:4138} INFO - Setting next_dagrun for tmdb_incremental_sync to 2026-07-21 00:00:00+00:00, run_after=2026-07-22 00:00:00+00:00
[2026-07-21T17:43:54.031+0000] {processor.py:208} INFO - Processing /opt/airflow/dags/tmdb_incremental_sync.py took 0.334 seconds
[2026-07-21T17:44:24.329+0000] {processor.py:186} INFO - Started process (PID=37677) to work on /opt/airflow/dags/tmdb_incremental_sync.py
[2026-07-21T17:44:24.330+0000] {processor.py:914} INFO - Processing file /opt/airflow/dags/tmdb_incremental_sync.py for tasks to queue
[2026-07-21T17:44:24.333+0000] {logging_mixin.py:190} INFO - [2026-07-21T17:44:24.333+0000] {dagbag.py:587} INFO - Filling up the DagBag from /opt/airflow/dags/tmdb_incremental_sync.py
[2026-07-21T17:44:24.366+0000] {processor.py:925} INFO - DAG(s) 'tmdb_incremental_sync' retrieved from /opt/airflow/dags/tmdb_incremental_sync.py
[2026-07-21T17:44:24.412+0000] {logging_mixin.py:190} INFO - [2026-07-21T17:44:24.412+0000] {dag.py:3211} INFO - Sync 1 DAGs
[2026-07-21T17:44:24.451+0000] {logging_mixin.py:190} INFO - [2026-07-21T17:44:24.451+0000] {dag.py:4138} INFO - Setting next_dagrun for tmdb_incremental_sync to 2026-07-21 00:00:00+00:00, run_after=2026-07-22 00:00:00+00:00
[2026-07-21T17:44:24.477+0000] {processor.py:208} INFO - Processing /opt/airflow/dags/tmdb_incremental_sync.py took 0.158 seconds
[2026-07-21T17:44:54.733+0000] {processor.py:186} INFO - Started process (PID=37687) to work on /opt/airflow/dags/tmdb_incremental_sync.py
[2026-07-21T17:44:54.735+0000] {processor.py:914} INFO - Processing file /opt/airflow/dags/tmdb_incremental_sync.py for tasks to queue
[2026-07-21T17:44:54.738+0000] {logging_mixin.py:190} INFO - [2026-07-21T17:44:54.738+0000] {dagbag.py:587} INFO - Filling up the DagBag from /opt/airflow/dags/tmdb_incremental_sync.py
[2026-07-21T17:44:54.770+0000] {processor.py:925} INFO - DAG(s) 'tmdb_incremental_sync' retrieved from /opt/airflow/dags/tmdb_incremental_sync.py
[2026-07-21T17:44:54.813+0000] {logging_mixin.py:190} INFO - [2026-07-21T17:44:54.812+0000] {dag.py:3211} INFO - Sync 1 DAGs
[2026-07-21T17:44:54.886+0000] {logging_mixin.py:190} INFO - [2026-07-21T17:44:54.885+0000] {dag.py:4138} INFO - Setting next_dagrun for tmdb_incremental_sync to 2026-07-21 00:00:00+00:00, run_after=2026-07-22 00:00:00+00:00
[2026-07-21T17:44:54.919+0000] {processor.py:208} INFO - Processing /opt/airflow/dags/tmdb_incremental_sync.py took 0.196 seconds
[2026-07-21T17:45:25.229+0000] {processor.py:186} INFO - Started process (PID=37697) to work on /opt/airflow/dags/tmdb_incremental_sync.py
[2026-07-21T17:45:25.232+0000] {processor.py:914} INFO - Processing file /opt/airflow/dags/tmdb_incremental_sync.py for tasks to queue
[2026-07-21T17:45:25.236+0000] {logging_mixin.py:190} INFO - [2026-07-21T17:45:25.236+0000] {dagbag.py:587} INFO - Filling up the DagBag from /opt/airflow/dags/tmdb_incremental_sync.py
[2026-07-21T17:45:25.289+0000] {processor.py:925} INFO - DAG(s) 'tmdb_incremental_sync' retrieved from /opt/airflow/dags/tmdb_incremental_sync.py
[2026-07-21T17:45:25.368+0000] {logging_mixin.py:190} INFO - [2026-07-21T17:45:25.368+0000] {dag.py:3211} INFO - Sync 1 DAGs
[2026-07-21T17:45:25.442+0000] {logging_mixin.py:190} INFO - [2026-07-21T17:45:25.441+0000] {dag.py:4138} INFO - Setting next_dagrun for tmdb_incremental_sync to 2026-07-21 00:00:00+00:00, run_after=2026-07-22 00:00:00+00:00
[2026-07-21T17:45:25.503+0000] {processor.py:208} INFO - Processing /opt/airflow/dags/tmdb_incremental_sync.py took 0.290 seconds
[2026-07-21T17:45:55.827+0000] {processor.py:186} INFO - Started process (PID=37707) to work on /opt/airflow/dags/tmdb_incremental_sync.py
[2026-07-21T17:45:55.828+0000] {processor.py:914} INFO - Processing file /opt/airflow/dags/tmdb_incremental_sync.py for tasks to queue
[2026-07-21T17:45:55.831+0000] {logging_mixin.py:190} INFO - [2026-07-21T17:45:55.831+0000] {dagbag.py:587} INFO - Filling up the DagBag from /opt/airflow/dags/tmdb_incremental_sync.py
[2026-07-21T17:45:55.861+0000] {processor.py:925} INFO - DAG(s) 'tmdb_incremental_sync' retrieved from /opt/airflow/dags/tmdb_incremental_sync.py
[2026-07-21T17:45:55.909+0000] {logging_mixin.py:190} INFO - [2026-07-21T17:45:55.908+0000] {dag.py:3211} INFO - Sync 1 DAGs
[2026-07-21T17:45:55.948+0000] {logging_mixin.py:190} INFO - [2026-07-21T17:45:55.948+0000] {dag.py:4138} INFO - Setting next_dagrun for tmdb_incremental_sync to 2026-07-21 00:00:00+00:00, run_after=2026-07-22 00:00:00+00:00
[2026-07-21T17:45:55.975+0000] {processor.py:208} INFO - Processing /opt/airflow/dags/tmdb_incremental_sync.py took 0.156 seconds
[2026-07-21T17:46:26.319+0000] {processor.py:186} INFO - Started process (PID=37717) to work on /opt/airflow/dags/tmdb_incremental_sync.py
[2026-07-21T17:46:26.320+0000] {processor.py:914} INFO - Processing file /opt/airflow/dags/tmdb_incremental_sync.py for tasks to queue
[2026-07-21T17:46:26.324+0000] {logging_mixin.py:190} INFO - [2026-07-21T17:46:26.324+0000] {dagbag.py:587} INFO - Filling up the DagBag from /opt/airflow/dags/tmdb_incremental_sync.py
[2026-07-21T17:46:26.355+0000] {processor.py:925} INFO - DAG(s) 'tmdb_incremental_sync' retrieved from /opt/airflow/dags/tmdb_incremental_sync.py
[2026-07-21T17:46:26.398+0000] {logging_mixin.py:190} INFO - [2026-07-21T17:46:26.398+0000] {dag.py:3211} INFO - Sync 1 DAGs
[2026-07-21T17:46:26.437+0000] {logging_mixin.py:190} INFO - [2026-07-21T17:46:26.437+0000] {dag.py:4138} INFO - Setting next_dagrun for tmdb_incremental_sync to 2026-07-21 00:00:00+00:00, run_after=2026-07-22 00:00:00+00:00
[2026-07-21T17:46:26.465+0000] {processor.py:208} INFO - Processing /opt/airflow/dags/tmdb_incremental_sync.py took 0.154 seconds
[2026-07-21T17:46:56.748+0000] {processor.py:186} INFO - Started process (PID=37727) to work on /opt/airflow/dags/tmdb_incremental_sync.py
[2026-07-21T17:46:56.749+0000] {processor.py:914} INFO - Processing file /opt/airflow/dags/tmdb_incremental_sync.py for tasks to queue
[2026-07-21T17:46:56.754+0000] {logging_mixin.py:190} INFO - [2026-07-21T17:46:56.753+0000] {dagbag.py:587} INFO - Filling up the DagBag from /opt/airflow/dags/tmdb_incremental_sync.py
[2026-07-21T17:46:56.784+0000] {processor.py:925} INFO - DAG(s) 'tmdb_incremental_sync' retrieved from /opt/airflow/dags/tmdb_incremental_sync.py
[2026-07-21T17:46:56.829+0000] {logging_mixin.py:190} INFO - [2026-07-21T17:46:56.828+0000] {dag.py:3211} INFO - Sync 1 DAGs
[2026-07-21T17:46:56.866+0000] {logging_mixin.py:190} INFO - [2026-07-21T17:46:56.865+0000] {dag.py:4138} INFO - Setting next_dagrun for tmdb_incremental_sync to 2026-07-21 00:00:00+00:00, run_after=2026-07-22 00:00:00+00:00
[2026-07-21T17:46:56.893+0000] {processor.py:208} INFO - Processing /opt/airflow/dags/tmdb_incremental_sync.py took 0.154 seconds
[2026-07-21T17:47:27.193+0000] {processor.py:186} INFO - Started process (PID=37737) to work on /opt/airflow/dags/tmdb_incremental_sync.py
[2026-07-21T17:47:27.195+0000] {processor.py:914} INFO - Processing file /opt/airflow/dags/tmdb_incremental_sync.py for tasks to queue
[2026-07-21T17:47:27.199+0000] {logging_mixin.py:190} INFO - [2026-07-21T17:47:27.198+0000] {dagbag.py:587} INFO - Filling up the DagBag from /opt/airflow/dags/tmdb_incremental_sync.py
[2026-07-21T17:47:27.232+0000] {processor.py:925} INFO - DAG(s) 'tmdb_incremental_sync' retrieved from /opt/airflow/dags/tmdb_incremental_sync.py
[2026-07-21T17:47:27.281+0000] {logging_mixin.py:190} INFO - [2026-07-21T17:47:27.280+0000] {dag.py:3211} INFO - Sync 1 DAGs
[2026-07-21T17:47:27.325+0000] {logging_mixin.py:190} INFO - [2026-07-21T17:47:27.324+0000] {dag.py:4138} INFO - Setting next_dagrun for tmdb_incremental_sync to 2026-07-21 00:00:00+00:00, run_after=2026-07-22 00:00:00+00:00
[2026-07-21T17:47:27.355+0000] {processor.py:208} INFO - Processing /opt/airflow/dags/tmdb_incremental_sync.py took 0.173 seconds
[2026-07-21T17:47:57.657+0000] {processor.py:186} INFO - Started process (PID=37747) to work on /opt/airflow/dags/tmdb_incremental_sync.py
[2026-07-21T17:47:57.659+0000] {processor.py:914} INFO - Processing file /opt/airflow/dags/tmdb_incremental_sync.py for tasks to queue
[2026-07-21T17:47:57.664+0000] {logging_mixin.py:190} INFO - [2026-07-21T17:47:57.663+0000] {dagbag.py:587} INFO - Filling up the DagBag from /opt/airflow/dags/tmdb_incremental_sync.py
[2026-07-21T17:47:57.697+0000] {processor.py:925} INFO - DAG(s) 'tmdb_incremental_sync' retrieved from /opt/airflow/dags/tmdb_incremental_sync.py
[2026-07-21T17:47:57.744+0000] {logging_mixin.py:190} INFO - [2026-07-21T17:47:57.744+0000] {dag.py:3211} INFO - Sync 1 DAGs
[2026-07-21T17:47:57.783+0000] {logging_mixin.py:190} INFO - [2026-07-21T17:47:57.783+0000] {dag.py:4138} INFO - Setting next_dagrun for tmdb_incremental_sync to 2026-07-21 00:00:00+00:00, run_after=2026-07-22 00:00:00+00:00
[2026-07-21T17:47:57.812+0000] {processor.py:208} INFO - Processing /opt/airflow/dags/tmdb_incremental_sync.py took 0.165 seconds
[2026-07-21T17:48:28.243+0000] {processor.py:186} INFO - Started process (PID=37757) to work on /opt/airflow/dags/tmdb_incremental_sync.py
[2026-07-21T17:48:28.245+0000] {processor.py:914} INFO - Processing file /opt/airflow/dags/tmdb_incremental_sync.py for tasks to queue
[2026-07-21T17:48:28.249+0000] {logging_mixin.py:190} INFO - [2026-07-21T17:48:28.248+0000] {dagbag.py:587} INFO - Filling up the DagBag from /opt/airflow/dags/tmdb_incremental_sync.py
[2026-07-21T17:48:28.281+0000] {processor.py:925} INFO - DAG(s) 'tmdb_incremental_sync' retrieved from /opt/airflow/dags/tmdb_incremental_sync.py
[2026-07-21T17:48:28.330+0000] {logging_mixin.py:190} INFO - [2026-07-21T17:48:28.329+0000] {dag.py:3211} INFO - Sync 1 DAGs
[2026-07-21T17:48:28.370+0000] {logging_mixin.py:190} INFO - [2026-07-21T17:48:28.370+0000] {dag.py:4138} INFO - Setting next_dagrun for tmdb_incremental_sync to 2026-07-21 00:00:00+00:00, run_after=2026-07-22 00:00:00+00:00
[2026-07-21T17:48:28.397+0000] {processor.py:208} INFO - Processing /opt/airflow/dags/tmdb_incremental_sync.py took 0.163 seconds
[2026-07-21T17:48:58.690+0000] {processor.py:186} INFO - Started process (PID=37767) to work on /opt/airflow/dags/tmdb_incremental_sync.py
[2026-07-21T17:48:58.692+0000] {processor.py:914} INFO - Processing file /opt/airflow/dags/tmdb_incremental_sync.py for tasks to queue
[2026-07-21T17:48:58.695+0000] {logging_mixin.py:190} INFO - [2026-07-21T17:48:58.695+0000] {dagbag.py:587} INFO - Filling up the DagBag from /opt/airflow/dags/tmdb_incremental_sync.py
[2026-07-21T17:48:58.734+0000] {processor.py:925} INFO - DAG(s) 'tmdb_incremental_sync' retrieved from /opt/airflow/dags/tmdb_incremental_sync.py
[2026-07-21T17:48:58.781+0000] {logging_mixin.py:190} INFO - [2026-07-21T17:48:58.781+0000] {dag.py:3211} INFO - Sync 1 DAGs
[2026-07-21T17:48:58.820+0000] {logging_mixin.py:190} INFO - [2026-07-21T17:48:58.820+0000] {dag.py:4138} INFO - Setting next_dagrun for tmdb_incremental_sync to 2026-07-21 00:00:00+00:00, run_after=2026-07-22 00:00:00+00:00
[2026-07-21T17:48:58.846+0000] {processor.py:208} INFO - Processing /opt/airflow/dags/tmdb_incremental_sync.py took 0.164 seconds
[2026-07-21T17:49:29.120+0000] {processor.py:186} INFO - Started process (PID=37777) to work on /opt/airflow/dags/tmdb_incremental_sync.py
[2026-07-21T17:49:29.122+0000] {processor.py:914} INFO - Processing file /opt/airflow/dags/tmdb_incremental_sync.py for tasks to queue
[2026-07-21T17:49:29.129+0000] {logging_mixin.py:190} INFO - [2026-07-21T17:49:29.128+0000] {dagbag.py:587} INFO - Filling up the DagBag from /opt/airflow/dags/tmdb_incremental_sync.py
[2026-07-21T17:49:29.165+0000] {processor.py:925} INFO - DAG(s) 'tmdb_incremental_sync' retrieved from /opt/airflow/dags/tmdb_incremental_sync.py
[2026-07-21T17:49:29.214+0000] {logging_mixin.py:190} INFO - [2026-07-21T17:49:29.213+0000] {dag.py:3211} INFO - Sync 1 DAGs
[2026-07-21T17:49:29.256+0000] {logging_mixin.py:190} INFO - [2026-07-21T17:49:29.256+0000] {dag.py:4138} INFO - Setting next_dagrun for tmdb_incremental_sync to 2026-07-21 00:00:00+00:00, run_after=2026-07-22 00:00:00+00:00
[2026-07-21T17:49:29.285+0000] {processor.py:208} INFO - Processing /opt/airflow/dags/tmdb_incremental_sync.py took 0.173 seconds
[2026-07-21T17:49:59.571+0000] {processor.py:186} INFO - Started process (PID=37787) to work on /opt/airflow/dags/tmdb_incremental_sync.py
[2026-07-21T17:49:59.573+0000] {processor.py:914} INFO - Processing file /opt/airflow/dags/tmdb_incremental_sync.py for tasks to queue
[2026-07-21T17:49:59.579+0000] {logging_mixin.py:190} INFO - [2026-07-21T17:49:59.578+0000] {dagbag.py:587} INFO - Filling up the DagBag from /opt/airflow/dags/tmdb_incremental_sync.py
[2026-07-21T17:49:59.621+0000] {processor.py:925} INFO - DAG(s) 'tmdb_incremental_sync' retrieved from /opt/airflow/dags/tmdb_incremental_sync.py
[2026-07-21T17:49:59.664+0000] {logging_mixin.py:190} INFO - [2026-07-21T17:49:59.663+0000] {dag.py:3211} INFO - Sync 1 DAGs
[2026-07-21T17:49:59.703+0000] {logging_mixin.py:190} INFO - [2026-07-21T17:49:59.703+0000] {dag.py:4138} INFO - Setting next_dagrun for tmdb_incremental_sync to 2026-07-21 00:00:00+00:00, run_after=2026-07-22 00:00:00+00:00
[2026-07-21T17:49:59.730+0000] {processor.py:208} INFO - Processing /opt/airflow/dags/tmdb_incremental_sync.py took 0.171 seconds
[2026-07-21T17:50:30.103+0000] {processor.py:186} INFO - Started process (PID=37797) to work on /opt/airflow/dags/tmdb_incremental_sync.py
[2026-07-21T17:50:30.105+0000] {processor.py:914} INFO - Processing file /opt/airflow/dags/tmdb_incremental_sync.py for tasks to queue
[2026-07-21T17:50:30.109+0000] {logging_mixin.py:190} INFO - [2026-07-21T17:50:30.108+0000] {dagbag.py:587} INFO - Filling up the DagBag from /opt/airflow/dags/tmdb_incremental_sync.py
[2026-07-21T17:50:30.142+0000] {processor.py:925} INFO - DAG(s) 'tmdb_incremental_sync' retrieved from /opt/airflow/dags/tmdb_incremental_sync.py
[2026-07-21T17:50:30.187+0000] {logging_mixin.py:190} INFO - [2026-07-21T17:50:30.187+0000] {dag.py:3211} INFO - Sync 1 DAGs
[2026-07-21T17:50:30.228+0000] {logging_mixin.py:190} INFO - [2026-07-21T17:50:30.227+0000] {dag.py:4138} INFO - Setting next_dagrun for tmdb_incremental_sync to 2026-07-21 00:00:00+00:00, run_after=2026-07-22 00:00:00+00:00
[2026-07-21T17:50:30.256+0000] {processor.py:208} INFO - Processing /opt/airflow/dags/tmdb_incremental_sync.py took 0.163 seconds
[2026-07-21T17:51:00.590+0000] {processor.py:186} INFO - Started process (PID=37807) to work on /opt/airflow/dags/tmdb_incremental_sync.py
[2026-07-21T17:51:00.591+0000] {processor.py:914} INFO - Processing file /opt/airflow/dags/tmdb_incremental_sync.py for tasks to queue
[2026-07-21T17:51:00.595+0000] {logging_mixin.py:190} INFO - [2026-07-21T17:51:00.594+0000] {dagbag.py:587} INFO - Filling up the DagBag from /opt/airflow/dags/tmdb_incremental_sync.py
[2026-07-21T17:51:00.630+0000] {processor.py:925} INFO - DAG(s) 'tmdb_incremental_sync' retrieved from /opt/airflow/dags/tmdb_incremental_sync.py
[2026-07-21T17:51:00.675+0000] {logging_mixin.py:190} INFO - [2026-07-21T17:51:00.675+0000] {dag.py:3211} INFO - Sync 1 DAGs
[2026-07-21T17:51:00.719+0000] {logging_mixin.py:190} INFO - [2026-07-21T17:51:00.719+0000] {dag.py:4138} INFO - Setting next_dagrun for tmdb_incremental_sync to 2026-07-21 00:00:00+00:00, run_after=2026-07-22 00:00:00+00:00
[2026-07-21T17:51:00.748+0000] {processor.py:208} INFO - Processing /opt/airflow/dags/tmdb_incremental_sync.py took 0.167 seconds
[2026-07-21T17:51:31.175+0000] {processor.py:186} INFO - Started process (PID=37817) to work on /opt/airflow/dags/tmdb_incremental_sync.py
[2026-07-21T17:51:31.177+0000] {processor.py:914} INFO - Processing file /opt/airflow/dags/tmdb_incremental_sync.py for tasks to queue
[2026-07-21T17:51:31.181+0000] {logging_mixin.py:190} INFO - [2026-07-21T17:51:31.180+0000] {dagbag.py:587} INFO - Filling up the DagBag from /opt/airflow/dags/tmdb_incremental_sync.py
[2026-07-21T17:51:31.215+0000] {processor.py:925} INFO - DAG(s) 'tmdb_incremental_sync' retrieved from /opt/airflow/dags/tmdb_incremental_sync.py
[2026-07-21T17:51:31.260+0000] {logging_mixin.py:190} INFO - [2026-07-21T17:51:31.260+0000] {dag.py:3211} INFO - Sync 1 DAGs
[2026-07-21T17:51:31.300+0000] {logging_mixin.py:190} INFO - [2026-07-21T17:51:31.300+0000] {dag.py:4138} INFO - Setting next_dagrun for tmdb_incremental_sync to 2026-07-21 00:00:00+00:00, run_after=2026-07-22 00:00:00+00:00
[2026-07-21T17:51:31.327+0000] {processor.py:208} INFO - Processing /opt/airflow/dags/tmdb_incremental_sync.py took 0.161 seconds
[2026-07-21T17:52:01.599+0000] {processor.py:186} INFO - Started process (PID=37827) to work on /opt/airflow/dags/tmdb_incremental_sync.py
[2026-07-21T17:52:01.600+0000] {processor.py:914} INFO - Processing file /opt/airflow/dags/tmdb_incremental_sync.py for tasks to queue
[2026-07-21T17:52:01.606+0000] {logging_mixin.py:190} INFO - [2026-07-21T17:52:01.605+0000] {dagbag.py:587} INFO - Filling up the DagBag from /opt/airflow/dags/tmdb_incremental_sync.py
[2026-07-21T17:52:01.637+0000] {processor.py:925} INFO - DAG(s) 'tmdb_incremental_sync' retrieved from /opt/airflow/dags/tmdb_incremental_sync.py
[2026-07-21T17:52:01.678+0000] {logging_mixin.py:190} INFO - [2026-07-21T17:52:01.678+0000] {dag.py:3211} INFO - Sync 1 DAGs
[2026-07-21T17:52:01.714+0000] {logging_mixin.py:190} INFO - [2026-07-21T17:52:01.714+0000] {dag.py:4138} INFO - Setting next_dagrun for tmdb_incremental_sync to 2026-07-21 00:00:00+00:00, run_after=2026-07-22 00:00:00+00:00
[2026-07-21T17:52:01.742+0000] {processor.py:208} INFO - Processing /opt/airflow/dags/tmdb_incremental_sync.py took 0.154 seconds
[2026-07-21T17:52:32.043+0000] {processor.py:186} INFO - Started process (PID=37837) to work on /opt/airflow/dags/tmdb_incremental_sync.py
[2026-07-21T17:52:32.044+0000] {processor.py:914} INFO - Processing file /opt/airflow/dags/tmdb_incremental_sync.py for tasks to queue
[2026-07-21T17:52:32.048+0000] {logging_mixin.py:190} INFO - [2026-07-21T17:52:32.048+0000] {dagbag.py:587} INFO - Filling up the DagBag from /opt/airflow/dags/tmdb_incremental_sync.py
[2026-07-21T17:52:32.080+0000] {processor.py:925} INFO - DAG(s) 'tmdb_incremental_sync' retrieved from /opt/airflow/dags/tmdb_incremental_sync.py
[2026-07-21T17:52:32.122+0000] {logging_mixin.py:190} INFO - [2026-07-21T17:52:32.121+0000] {dag.py:3211} INFO - Sync 1 DAGs
[2026-07-21T17:52:32.161+0000] {logging_mixin.py:190} INFO - [2026-07-21T17:52:32.160+0000] {dag.py:4138} INFO - Setting next_dagrun for tmdb_incremental_sync to 2026-07-21 00:00:00+00:00, run_after=2026-07-22 00:00:00+00:00
[2026-07-21T17:52:32.186+0000] {processor.py:208} INFO - Processing /opt/airflow/dags/tmdb_incremental_sync.py took 0.151 seconds
[2026-07-21T17:53:02.577+0000] {processor.py:186} INFO - Started process (PID=37847) to work on /opt/airflow/dags/tmdb_incremental_sync.py
[2026-07-21T17:53:02.578+0000] {processor.py:914} INFO - Processing file /opt/airflow/dags/tmdb_incremental_sync.py for tasks to queue
[2026-07-21T17:53:02.582+0000] {logging_mixin.py:190} INFO - [2026-07-21T17:53:02.582+0000] {dagbag.py:587} INFO - Filling up the DagBag from /opt/airflow/dags/tmdb_incremental_sync.py
[2026-07-21T17:53:02.611+0000] {processor.py:925} INFO - DAG(s) 'tmdb_incremental_sync' retrieved from /opt/airflow/dags/tmdb_incremental_sync.py
[2026-07-21T17:53:02.653+0000] {logging_mixin.py:190} INFO - [2026-07-21T17:53:02.653+0000] {dag.py:3211} INFO - Sync 1 DAGs
[2026-07-21T17:53:02.691+0000] {logging_mixin.py:190} INFO - [2026-07-21T17:53:02.691+0000] {dag.py:4138} INFO - Setting next_dagrun for tmdb_incremental_sync to 2026-07-21 00:00:00+00:00, run_after=2026-07-22 00:00:00+00:00
[2026-07-21T17:53:02.717+0000] {processor.py:208} INFO - Processing /opt/airflow/dags/tmdb_incremental_sync.py took 0.148 seconds
[2026-07-21T17:53:33.095+0000] {processor.py:186} INFO - Started process (PID=37857) to work on /opt/airflow/dags/tmdb_incremental_sync.py
[2026-07-21T17:53:33.097+0000] {processor.py:914} INFO - Processing file /opt/airflow/dags/tmdb_incremental_sync.py for tasks to queue
[2026-07-21T17:53:33.101+0000] {logging_mixin.py:190} INFO - [2026-07-21T17:53:33.101+0000] {dagbag.py:587} INFO - Filling up the DagBag from /opt/airflow/dags/tmdb_incremental_sync.py
[2026-07-21T17:53:33.144+0000] {processor.py:925} INFO - DAG(s) 'tmdb_incremental_sync' retrieved from /opt/airflow/dags/tmdb_incremental_sync.py
[2026-07-21T17:53:33.205+0000] {logging_mixin.py:190} INFO - [2026-07-21T17:53:33.205+0000] {dag.py:3211} INFO - Sync 1 DAGs
[2026-07-21T17:53:33.259+0000] {logging_mixin.py:190} INFO - [2026-07-21T17:53:33.258+0000] {dag.py:4138} INFO - Setting next_dagrun for tmdb_incremental_sync to 2026-07-21 00:00:00+00:00, run_after=2026-07-22 00:00:00+00:00
[2026-07-21T17:53:33.295+0000] {processor.py:208} INFO - Processing /opt/airflow/dags/tmdb_incremental_sync.py took 0.210 seconds
[2026-07-21T17:54:03.593+0000] {processor.py:186} INFO - Started process (PID=37867) to work on /opt/airflow/dags/tmdb_incremental_sync.py
[2026-07-21T17:54:03.595+0000] {processor.py:914} INFO - Processing file /opt/airflow/dags/tmdb_incremental_sync.py for tasks to queue
[2026-07-21T17:54:03.599+0000] {logging_mixin.py:190} INFO - [2026-07-21T17:54:03.598+0000] {dagbag.py:587} INFO - Filling up the DagBag from /opt/airflow/dags/tmdb_incremental_sync.py
[2026-07-21T17:54:03.636+0000] {processor.py:925} INFO - DAG(s) 'tmdb_incremental_sync' retrieved from /opt/airflow/dags/tmdb_incremental_sync.py
[2026-07-21T17:54:03.683+0000] {logging_mixin.py:190} INFO - [2026-07-21T17:54:03.683+0000] {dag.py:3211} INFO - Sync 1 DAGs
[2026-07-21T17:54:03.722+0000] {logging_mixin.py:190} INFO - [2026-07-21T17:54:03.722+0000] {dag.py:4138} INFO - Setting next_dagrun for tmdb_incremental_sync to 2026-07-21 00:00:00+00:00, run_after=2026-07-22 00:00:00+00:00
[2026-07-21T17:54:03.747+0000] {processor.py:208} INFO - Processing /opt/airflow/dags/tmdb_incremental_sync.py took 0.166 seconds
[2026-07-21T17:54:34.096+0000] {processor.py:186} INFO - Started process (PID=37877) to work on /opt/airflow/dags/tmdb_incremental_sync.py
[2026-07-21T17:54:34.099+0000] {processor.py:914} INFO - Processing file /opt/airflow/dags/tmdb_incremental_sync.py for tasks to queue
[2026-07-21T17:54:34.105+0000] {logging_mixin.py:190} INFO - [2026-07-21T17:54:34.104+0000] {dagbag.py:587} INFO - Filling up the DagBag from /opt/airflow/dags/tmdb_incremental_sync.py
[2026-07-21T17:54:34.164+0000] {processor.py:925} INFO - DAG(s) 'tmdb_incremental_sync' retrieved from /opt/airflow/dags/tmdb_incremental_sync.py
[2026-07-21T17:54:34.226+0000] {logging_mixin.py:190} INFO - [2026-07-21T17:54:34.225+0000] {dag.py:3211} INFO - Sync 1 DAGs
[2026-07-21T17:54:34.278+0000] {logging_mixin.py:190} INFO - [2026-07-21T17:54:34.276+0000] {dag.py:4138} INFO - Setting next_dagrun for tmdb_incremental_sync to 2026-07-21 00:00:00+00:00, run_after=2026-07-22 00:00:00+00:00
[2026-07-21T17:54:34.317+0000] {processor.py:208} INFO - Processing /opt/airflow/dags/tmdb_incremental_sync.py took 0.238 seconds
[2026-07-21T17:55:04.624+0000] {processor.py:186} INFO - Started process (PID=37887) to work on /opt/airflow/dags/tmdb_incremental_sync.py
[2026-07-21T17:55:04.626+0000] {processor.py:914} INFO - Processing file /opt/airflow/dags/tmdb_incremental_sync.py for tasks to queue
[2026-07-21T17:55:04.630+0000] {logging_mixin.py:190} INFO - [2026-07-21T17:55:04.629+0000] {dagbag.py:587} INFO - Filling up the DagBag from /opt/airflow/dags/tmdb_incremental_sync.py
[2026-07-21T17:55:04.679+0000] {processor.py:925} INFO - DAG(s) 'tmdb_incremental_sync' retrieved from /opt/airflow/dags/tmdb_incremental_sync.py
[2026-07-21T17:55:04.741+0000] {logging_mixin.py:190} INFO - [2026-07-21T17:55:04.740+0000] {dag.py:3211} INFO - Sync 1 DAGs
[2026-07-21T17:55:04.782+0000] {logging_mixin.py:190} INFO - [2026-07-21T17:55:04.782+0000] {dag.py:4138} INFO - Setting next_dagrun for tmdb_incremental_sync to 2026-07-21 00:00:00+00:00, run_after=2026-07-22 00:00:00+00:00
[2026-07-21T17:55:04.815+0000] {processor.py:208} INFO - Processing /opt/airflow/dags/tmdb_incremental_sync.py took 0.200 seconds
[2026-07-21T17:55:35.105+0000] {processor.py:186} INFO - Started process (PID=37897) to work on /opt/airflow/dags/tmdb_incremental_sync.py
[2026-07-21T17:55:35.106+0000] {processor.py:914} INFO - Processing file /opt/airflow/dags/tmdb_incremental_sync.py for tasks to queue
[2026-07-21T17:55:35.110+0000] {logging_mixin.py:190} INFO - [2026-07-21T17:55:35.110+0000] {dagbag.py:587} INFO - Filling up the DagBag from /opt/airflow/dags/tmdb_incremental_sync.py
[2026-07-21T17:55:35.147+0000] {processor.py:925} INFO - DAG(s) 'tmdb_incremental_sync' retrieved from /opt/airflow/dags/tmdb_incremental_sync.py
[2026-07-21T17:55:35.193+0000] {logging_mixin.py:190} INFO - [2026-07-21T17:55:35.192+0000] {dag.py:3211} INFO - Sync 1 DAGs
[2026-07-21T17:55:35.235+0000] {logging_mixin.py:190} INFO - [2026-07-21T17:55:35.234+0000] {dag.py:4138} INFO - Setting next_dagrun for tmdb_incremental_sync to 2026-07-21 00:00:00+00:00, run_after=2026-07-22 00:00:00+00:00
[2026-07-21T17:55:35.265+0000] {processor.py:208} INFO - Processing /opt/airflow/dags/tmdb_incremental_sync.py took 0.171 seconds
[2026-07-21T17:56:05.576+0000] {processor.py:186} INFO - Started process (PID=37907) to work on /opt/airflow/dags/tmdb_incremental_sync.py
[2026-07-21T17:56:05.578+0000] {processor.py:914} INFO - Processing file /opt/airflow/dags/tmdb_incremental_sync.py for tasks to queue
[2026-07-21T17:56:05.582+0000] {logging_mixin.py:190} INFO - [2026-07-21T17:56:05.582+0000] {dagbag.py:587} INFO - Filling up the DagBag from /opt/airflow/dags/tmdb_incremental_sync.py
[2026-07-21T17:56:05.615+0000] {processor.py:925} INFO - DAG(s) 'tmdb_incremental_sync' retrieved from /opt/airflow/dags/tmdb_incremental_sync.py
[2026-07-21T17:56:05.659+0000] {logging_mixin.py:190} INFO - [2026-07-21T17:56:05.658+0000] {dag.py:3211} INFO - Sync 1 DAGs
[2026-07-21T17:56:05.698+0000] {logging_mixin.py:190} INFO - [2026-07-21T17:56:05.698+0000] {dag.py:4138} INFO - Setting next_dagrun for tmdb_incremental_sync to 2026-07-21 00:00:00+00:00, run_after=2026-07-22 00:00:00+00:00
[2026-07-21T17:56:05.726+0000] {processor.py:208} INFO - Processing /opt/airflow/dags/tmdb_incremental_sync.py took 0.159 seconds
[2026-07-21T17:56:36.023+0000] {processor.py:186} INFO - Started process (PID=37917) to work on /opt/airflow/dags/tmdb_incremental_sync.py
[2026-07-21T17:56:36.025+0000] {processor.py:914} INFO - Processing file /opt/airflow/dags/tmdb_incremental_sync.py for tasks to queue
[2026-07-21T17:56:36.028+0000] {logging_mixin.py:190} INFO - [2026-07-21T17:56:36.028+0000] {dagbag.py:587} INFO - Filling up the DagBag from /opt/airflow/dags/tmdb_incremental_sync.py
[2026-07-21T17:56:36.059+0000] {processor.py:925} INFO - DAG(s) 'tmdb_incremental_sync' retrieved from /opt/airflow/dags/tmdb_incremental_sync.py
[2026-07-21T17:56:36.100+0000] {logging_mixin.py:190} INFO - [2026-07-21T17:56:36.100+0000] {dag.py:3211} INFO - Sync 1 DAGs
[2026-07-21T17:56:36.139+0000] {logging_mixin.py:190} INFO - [2026-07-21T17:56:36.139+0000] {dag.py:4138} INFO - Setting next_dagrun for tmdb_incremental_sync to 2026-07-21 00:00:00+00:00, run_after=2026-07-22 00:00:00+00:00
[2026-07-21T17:56:36.172+0000] {processor.py:208} INFO - Processing /opt/airflow/dags/tmdb_incremental_sync.py took 0.158 seconds
[2026-07-21T17:57:06.483+0000] {processor.py:186} INFO - Started process (PID=37927) to work on /opt/airflow/dags/tmdb_incremental_sync.py
[2026-07-21T17:57:06.485+0000] {processor.py:914} INFO - Processing file /opt/airflow/dags/tmdb_incremental_sync.py for tasks to queue
[2026-07-21T17:57:06.488+0000] {logging_mixin.py:190} INFO - [2026-07-21T17:57:06.488+0000] {dagbag.py:587} INFO - Filling up the DagBag from /opt/airflow/dags/tmdb_incremental_sync.py
[2026-07-21T17:57:06.519+0000] {processor.py:925} INFO - DAG(s) 'tmdb_incremental_sync' retrieved from /opt/airflow/dags/tmdb_incremental_sync.py
[2026-07-21T17:57:06.562+0000] {logging_mixin.py:190} INFO - [2026-07-21T17:57:06.562+0000] {dag.py:3211} INFO - Sync 1 DAGs
[2026-07-21T17:57:06.600+0000] {logging_mixin.py:190} INFO - [2026-07-21T17:57:06.600+0000] {dag.py:4138} INFO - Setting next_dagrun for tmdb_incremental_sync to 2026-07-21 00:00:00+00:00, run_after=2026-07-22 00:00:00+00:00
[2026-07-21T17:57:06.627+0000] {processor.py:208} INFO - Processing /opt/airflow/dags/tmdb_incremental_sync.py took 0.152 seconds
[2026-07-21T17:57:37.064+0000] {processor.py:186} INFO - Started process (PID=37937) to work on /opt/airflow/dags/tmdb_incremental_sync.py
[2026-07-21T17:57:37.066+0000] {processor.py:914} INFO - Processing file /opt/airflow/dags/tmdb_incremental_sync.py for tasks to queue
[2026-07-21T17:57:37.069+0000] {logging_mixin.py:190} INFO - [2026-07-21T17:57:37.069+0000] {dagbag.py:587} INFO - Filling up the DagBag from /opt/airflow/dags/tmdb_incremental_sync.py
[2026-07-21T17:57:37.107+0000] {processor.py:925} INFO - DAG(s) 'tmdb_incremental_sync' retrieved from /opt/airflow/dags/tmdb_incremental_sync.py
[2026-07-21T17:57:37.156+0000] {logging_mixin.py:190} INFO - [2026-07-21T17:57:37.155+0000] {dag.py:3211} INFO - Sync 1 DAGs
[2026-07-21T17:57:37.206+0000] {logging_mixin.py:190} INFO - [2026-07-21T17:57:37.206+0000] {dag.py:4138} INFO - Setting next_dagrun for tmdb_incremental_sync to 2026-07-21 00:00:00+00:00, run_after=2026-07-22 00:00:00+00:00
[2026-07-21T17:57:37.235+0000] {processor.py:208} INFO - Processing /opt/airflow/dags/tmdb_incremental_sync.py took 0.194 seconds
[2026-07-21T17:58:07.539+0000] {processor.py:186} INFO - Started process (PID=37947) to work on /opt/airflow/dags/tmdb_incremental_sync.py
[2026-07-21T17:58:07.541+0000] {processor.py:914} INFO - Processing file /opt/airflow/dags/tmdb_incremental_sync.py for tasks to queue
[2026-07-21T17:58:07.544+0000] {logging_mixin.py:190} INFO - [2026-07-21T17:58:07.544+0000] {dagbag.py:587} INFO - Filling up the DagBag from /opt/airflow/dags/tmdb_incremental_sync.py
[2026-07-21T17:58:07.577+0000] {processor.py:925} INFO - DAG(s) 'tmdb_incremental_sync' retrieved from /opt/airflow/dags/tmdb_incremental_sync.py
[2026-07-21T17:58:07.621+0000] {logging_mixin.py:190} INFO - [2026-07-21T17:58:07.620+0000] {dag.py:3211} INFO - Sync 1 DAGs
[2026-07-21T17:58:07.659+0000] {logging_mixin.py:190} INFO - [2026-07-21T17:58:07.659+0000] {dag.py:4138} INFO - Setting next_dagrun for tmdb_incremental_sync to 2026-07-21 00:00:00+00:00, run_after=2026-07-22 00:00:00+00:00
[2026-07-21T17:58:07.685+0000] {processor.py:208} INFO - Processing /opt/airflow/dags/tmdb_incremental_sync.py took 0.153 seconds
[2026-07-21T17:58:38.229+0000] {processor.py:186} INFO - Started process (PID=37957) to work on /opt/airflow/dags/tmdb_incremental_sync.py
[2026-07-21T17:58:38.248+0000] {processor.py:914} INFO - Processing file /opt/airflow/dags/tmdb_incremental_sync.py for tasks to queue
[2026-07-21T17:58:38.426+0000] {logging_mixin.py:190} INFO - [2026-07-21T17:58:38.405+0000] {dagbag.py:587} INFO - Filling up the DagBag from /opt/airflow/dags/tmdb_incremental_sync.py
[2026-07-21T17:58:38.920+0000] {processor.py:925} INFO - DAG(s) 'tmdb_incremental_sync' retrieved from /opt/airflow/dags/tmdb_incremental_sync.py
[2026-07-21T17:58:39.023+0000] {logging_mixin.py:190} INFO - [2026-07-21T17:58:39.023+0000] {dag.py:3211} INFO - Sync 1 DAGs
[2026-07-21T17:58:39.181+0000] {logging_mixin.py:190} INFO - [2026-07-21T17:58:39.180+0000] {dag.py:4138} INFO - Setting next_dagrun for tmdb_incremental_sync to 2026-07-21 00:00:00+00:00, run_after=2026-07-22 00:00:00+00:00
[2026-07-21T17:58:39.216+0000] {processor.py:208} INFO - Processing /opt/airflow/dags/tmdb_incremental_sync.py took 1.076 seconds
[2026-07-21T17:59:09.475+0000] {processor.py:186} INFO - Started process (PID=37967) to work on /opt/airflow/dags/tmdb_incremental_sync.py
[2026-07-21T17:59:09.477+0000] {processor.py:914} INFO - Processing file /opt/airflow/dags/tmdb_incremental_sync.py for tasks to queue
[2026-07-21T17:59:09.481+0000] {logging_mixin.py:190} INFO - [2026-07-21T17:59:09.481+0000] {dagbag.py:587} INFO - Filling up the DagBag from /opt/airflow/dags/tmdb_incremental_sync.py
[2026-07-21T17:59:09.512+0000] {processor.py:925} INFO - DAG(s) 'tmdb_incremental_sync' retrieved from /opt/airflow/dags/tmdb_incremental_sync.py
[2026-07-21T17:59:09.555+0000] {logging_mixin.py:190} INFO - [2026-07-21T17:59:09.554+0000] {dag.py:3211} INFO - Sync 1 DAGs
[2026-07-21T17:59:09.615+0000] {logging_mixin.py:190} INFO - [2026-07-21T17:59:09.615+0000] {dag.py:4138} INFO - Setting next_dagrun for tmdb_incremental_sync to 2026-07-21 00:00:00+00:00, run_after=2026-07-22 00:00:00+00:00
[2026-07-21T17:59:09.646+0000] {processor.py:208} INFO - Processing /opt/airflow/dags/tmdb_incremental_sync.py took 0.180 seconds
[2026-07-21T17:59:39.939+0000] {processor.py:186} INFO - Started process (PID=37977) to work on /opt/airflow/dags/tmdb_incremental_sync.py
[2026-07-21T17:59:39.940+0000] {processor.py:914} INFO - Processing file /opt/airflow/dags/tmdb_incremental_sync.py for tasks to queue
[2026-07-21T17:59:39.943+0000] {logging_mixin.py:190} INFO - [2026-07-21T17:59:39.943+0000] {dagbag.py:587} INFO - Filling up the DagBag from /opt/airflow/dags/tmdb_incremental_sync.py
[2026-07-21T17:59:39.975+0000] {processor.py:925} INFO - DAG(s) 'tmdb_incremental_sync' retrieved from /opt/airflow/dags/tmdb_incremental_sync.py
[2026-07-21T17:59:40.016+0000] {logging_mixin.py:190} INFO - [2026-07-21T17:59:40.015+0000] {dag.py:3211} INFO - Sync 1 DAGs
[2026-07-21T17:59:40.056+0000] {logging_mixin.py:190} INFO - [2026-07-21T17:59:40.055+0000] {dag.py:4138} INFO - Setting next_dagrun for tmdb_incremental_sync to 2026-07-21 00:00:00+00:00, run_after=2026-07-22 00:00:00+00:00
[2026-07-21T17:59:40.081+0000] {processor.py:208} INFO - Processing /opt/airflow/dags/tmdb_incremental_sync.py took 0.151 seconds
[2026-07-21T18:00:10.391+0000] {processor.py:186} INFO - Started process (PID=37987) to work on /opt/airflow/dags/tmdb_incremental_sync.py
[2026-07-21T18:00:10.392+0000] {processor.py:914} INFO - Processing file /opt/airflow/dags/tmdb_incremental_sync.py for tasks to queue
[2026-07-21T18:00:10.395+0000] {logging_mixin.py:190} INFO - [2026-07-21T18:00:10.395+0000] {dagbag.py:587} INFO - Filling up the DagBag from /opt/airflow/dags/tmdb_incremental_sync.py
[2026-07-21T18:00:10.426+0000] {processor.py:925} INFO - DAG(s) 'tmdb_incremental_sync' retrieved from /opt/airflow/dags/tmdb_incremental_sync.py
[2026-07-21T18:00:10.467+0000] {logging_mixin.py:190} INFO - [2026-07-21T18:00:10.466+0000] {dag.py:3211} INFO - Sync 1 DAGs
[2026-07-21T18:00:10.507+0000] {logging_mixin.py:190} INFO - [2026-07-21T18:00:10.507+0000] {dag.py:4138} INFO - Setting next_dagrun for tmdb_incremental_sync to 2026-07-21 00:00:00+00:00, run_after=2026-07-22 00:00:00+00:00
[2026-07-21T18:00:10.539+0000] {processor.py:208} INFO - Processing /opt/airflow/dags/tmdb_incremental_sync.py took 0.158 seconds
[2026-07-21T18:00:40.852+0000] {processor.py:186} INFO - Started process (PID=37997) to work on /opt/airflow/dags/tmdb_incremental_sync.py
[2026-07-21T18:00:40.853+0000] {processor.py:914} INFO - Processing file /opt/airflow/dags/tmdb_incremental_sync.py for tasks to queue
[2026-07-21T18:00:40.856+0000] {logging_mixin.py:190} INFO - [2026-07-21T18:00:40.856+0000] {dagbag.py:587} INFO - Filling up the DagBag from /opt/airflow/dags/tmdb_incremental_sync.py
[2026-07-21T18:00:40.887+0000] {processor.py:925} INFO - DAG(s) 'tmdb_incremental_sync' retrieved from /opt/airflow/dags/tmdb_incremental_sync.py
[2026-07-21T18:00:40.928+0000] {logging_mixin.py:190} INFO - [2026-07-21T18:00:40.928+0000] {dag.py:3211} INFO - Sync 1 DAGs
[2026-07-21T18:00:40.967+0000] {logging_mixin.py:190} INFO - [2026-07-21T18:00:40.967+0000] {dag.py:4138} INFO - Setting next_dagrun for tmdb_incremental_sync to 2026-07-21 00:00:00+00:00, run_after=2026-07-22 00:00:00+00:00
[2026-07-21T18:00:40.992+0000] {processor.py:208} INFO - Processing /opt/airflow/dags/tmdb_incremental_sync.py took 0.148 seconds
[2026-07-21T18:01:11.338+0000] {processor.py:186} INFO - Started process (PID=38007) to work on /opt/airflow/dags/tmdb_incremental_sync.py
[2026-07-21T18:01:11.339+0000] {processor.py:914} INFO - Processing file /opt/airflow/dags/tmdb_incremental_sync.py for tasks to queue
[2026-07-21T18:01:11.343+0000] {logging_mixin.py:190} INFO - [2026-07-21T18:01:11.342+0000] {dagbag.py:587} INFO - Filling up the DagBag from /opt/airflow/dags/tmdb_incremental_sync.py
[2026-07-21T18:01:11.373+0000] {processor.py:925} INFO - DAG(s) 'tmdb_incremental_sync' retrieved from /opt/airflow/dags/tmdb_incremental_sync.py
[2026-07-21T18:01:11.416+0000] {logging_mixin.py:190} INFO - [2026-07-21T18:01:11.416+0000] {dag.py:3211} INFO - Sync 1 DAGs
[2026-07-21T18:01:11.460+0000] {logging_mixin.py:190} INFO - [2026-07-21T18:01:11.459+0000] {dag.py:4138} INFO - Setting next_dagrun for tmdb_incremental_sync to 2026-07-21 00:00:00+00:00, run_after=2026-07-22 00:00:00+00:00
[2026-07-21T18:01:11.489+0000] {processor.py:208} INFO - Processing /opt/airflow/dags/tmdb_incremental_sync.py took 0.160 seconds
[2026-07-21T18:01:41.786+0000] {processor.py:186} INFO - Started process (PID=38017) to work on /opt/airflow/dags/tmdb_incremental_sync.py
[2026-07-21T18:01:41.787+0000] {processor.py:914} INFO - Processing file /opt/airflow/dags/tmdb_incremental_sync.py for tasks to queue
[2026-07-21T18:01:41.794+0000] {logging_mixin.py:190} INFO - [2026-07-21T18:01:41.794+0000] {dagbag.py:587} INFO - Filling up the DagBag from /opt/airflow/dags/tmdb_incremental_sync.py
[2026-07-21T18:01:41.827+0000] {processor.py:925} INFO - DAG(s) 'tmdb_incremental_sync' retrieved from /opt/airflow/dags/tmdb_incremental_sync.py
[2026-07-21T18:01:41.870+0000] {logging_mixin.py:190} INFO - [2026-07-21T18:01:41.870+0000] {dag.py:3211} INFO - Sync 1 DAGs
[2026-07-21T18:01:41.913+0000] {logging_mixin.py:190} INFO - [2026-07-21T18:01:41.913+0000] {dag.py:4138} INFO - Setting next_dagrun for tmdb_incremental_sync to 2026-07-21 00:00:00+00:00, run_after=2026-07-22 00:00:00+00:00
[2026-07-21T18:01:41.940+0000] {processor.py:208} INFO - Processing /opt/airflow/dags/tmdb_incremental_sync.py took 0.162 seconds
[2026-07-21T18:02:12.238+0000] {processor.py:186} INFO - Started process (PID=38027) to work on /opt/airflow/dags/tmdb_incremental_sync.py
[2026-07-21T18:02:12.240+0000] {processor.py:914} INFO - Processing file /opt/airflow/dags/tmdb_incremental_sync.py for tasks to queue
[2026-07-21T18:02:12.244+0000] {logging_mixin.py:190} INFO - [2026-07-21T18:02:12.244+0000] {dagbag.py:587} INFO - Filling up the DagBag from /opt/airflow/dags/tmdb_incremental_sync.py
[2026-07-21T18:02:12.286+0000] {processor.py:925} INFO - DAG(s) 'tmdb_incremental_sync' retrieved from /opt/airflow/dags/tmdb_incremental_sync.py
[2026-07-21T18:02:12.333+0000] {logging_mixin.py:190} INFO - [2026-07-21T18:02:12.332+0000] {dag.py:3211} INFO - Sync 1 DAGs
[2026-07-21T18:02:12.379+0000] {logging_mixin.py:190} INFO - [2026-07-21T18:02:12.379+0000] {dag.py:4138} INFO - Setting next_dagrun for tmdb_incremental_sync to 2026-07-21 00:00:00+00:00, run_after=2026-07-22 00:00:00+00:00
[2026-07-21T18:02:12.427+0000] {processor.py:208} INFO - Processing /opt/airflow/dags/tmdb_incremental_sync.py took 0.199 seconds
[2026-07-21T18:02:42.694+0000] {processor.py:186} INFO - Started process (PID=38037) to work on /opt/airflow/dags/tmdb_incremental_sync.py
[2026-07-21T18:02:42.696+0000] {processor.py:914} INFO - Processing file /opt/airflow/dags/tmdb_incremental_sync.py for tasks to queue
[2026-07-21T18:02:42.699+0000] {logging_mixin.py:190} INFO - [2026-07-21T18:02:42.699+0000] {dagbag.py:587} INFO - Filling up the DagBag from /opt/airflow/dags/tmdb_incremental_sync.py
[2026-07-21T18:02:42.731+0000] {processor.py:925} INFO - DAG(s) 'tmdb_incremental_sync' retrieved from /opt/airflow/dags/tmdb_incremental_sync.py
[2026-07-21T18:02:42.773+0000] {logging_mixin.py:190} INFO - [2026-07-21T18:02:42.773+0000] {dag.py:3211} INFO - Sync 1 DAGs
[2026-07-21T18:02:42.814+0000] {logging_mixin.py:190} INFO - [2026-07-21T18:02:42.813+0000] {dag.py:4138} INFO - Setting next_dagrun for tmdb_incremental_sync to 2026-07-21 00:00:00+00:00, run_after=2026-07-22 00:00:00+00:00
[2026-07-21T18:02:42.841+0000] {processor.py:208} INFO - Processing /opt/airflow/dags/tmdb_incremental_sync.py took 0.158 seconds
[2026-07-21T18:03:13.141+0000] {processor.py:186} INFO - Started process (PID=38047) to work on /opt/airflow/dags/tmdb_incremental_sync.py
[2026-07-21T18:03:13.142+0000] {processor.py:914} INFO - Processing file /opt/airflow/dags/tmdb_incremental_sync.py for tasks to queue
[2026-07-21T18:03:13.145+0000] {logging_mixin.py:190} INFO - [2026-07-21T18:03:13.145+0000] {dagbag.py:587} INFO - Filling up the DagBag from /opt/airflow/dags/tmdb_incremental_sync.py
[2026-07-21T18:03:13.176+0000] {processor.py:925} INFO - DAG(s) 'tmdb_incremental_sync' retrieved from /opt/airflow/dags/tmdb_incremental_sync.py
[2026-07-21T18:03:13.218+0000] {logging_mixin.py:190} INFO - [2026-07-21T18:03:13.217+0000] {dag.py:3211} INFO - Sync 1 DAGs
[2026-07-21T18:03:13.256+0000] {logging_mixin.py:190} INFO - [2026-07-21T18:03:13.256+0000] {dag.py:4138} INFO - Setting next_dagrun for tmdb_incremental_sync to 2026-07-21 00:00:00+00:00, run_after=2026-07-22 00:00:00+00:00
[2026-07-21T18:03:13.281+0000] {processor.py:208} INFO - Processing /opt/airflow/dags/tmdb_incremental_sync.py took 0.149 seconds
[2026-07-21T18:03:43.589+0000] {processor.py:186} INFO - Started process (PID=38057) to work on /opt/airflow/dags/tmdb_incremental_sync.py
[2026-07-21T18:03:43.591+0000] {processor.py:914} INFO - Processing file /opt/airflow/dags/tmdb_incremental_sync.py for tasks to queue
[2026-07-21T18:03:43.594+0000] {logging_mixin.py:190} INFO - [2026-07-21T18:03:43.594+0000] {dagbag.py:587} INFO - Filling up the DagBag from /opt/airflow/dags/tmdb_incremental_sync.py
[2026-07-21T18:03:43.625+0000] {processor.py:925} INFO - DAG(s) 'tmdb_incremental_sync' retrieved from /opt/airflow/dags/tmdb_incremental_sync.py
[2026-07-21T18:03:43.666+0000] {logging_mixin.py:190} INFO - [2026-07-21T18:03:43.666+0000] {dag.py:3211} INFO - Sync 1 DAGs
[2026-07-21T18:03:43.705+0000] {logging_mixin.py:190} INFO - [2026-07-21T18:03:43.704+0000] {dag.py:4138} INFO - Setting next_dagrun for tmdb_incremental_sync to 2026-07-21 00:00:00+00:00, run_after=2026-07-22 00:00:00+00:00
[2026-07-21T18:03:43.732+0000] {processor.py:208} INFO - Processing /opt/airflow/dags/tmdb_incremental_sync.py took 0.150 seconds
[2026-07-21T18:04:14.053+0000] {processor.py:186} INFO - Started process (PID=38067) to work on /opt/airflow/dags/tmdb_incremental_sync.py
[2026-07-21T18:04:14.055+0000] {processor.py:914} INFO - Processing file /opt/airflow/dags/tmdb_incremental_sync.py for tasks to queue
[2026-07-21T18:04:14.059+0000] {logging_mixin.py:190} INFO - [2026-07-21T18:04:14.058+0000] {dagbag.py:587} INFO - Filling up the DagBag from /opt/airflow/dags/tmdb_incremental_sync.py
[2026-07-21T18:04:14.094+0000] {processor.py:925} INFO - DAG(s) 'tmdb_incremental_sync' retrieved from /opt/airflow/dags/tmdb_incremental_sync.py
[2026-07-21T18:04:14.140+0000] {logging_mixin.py:190} INFO - [2026-07-21T18:04:14.140+0000] {dag.py:3211} INFO - Sync 1 DAGs
[2026-07-21T18:04:14.208+0000] {logging_mixin.py:190} INFO - [2026-07-21T18:04:14.207+0000] {dag.py:4138} INFO - Setting next_dagrun for tmdb_incremental_sync to 2026-07-21 00:00:00+00:00, run_after=2026-07-22 00:00:00+00:00
[2026-07-21T18:04:14.244+0000] {processor.py:208} INFO - Processing /opt/airflow/dags/tmdb_incremental_sync.py took 0.202 seconds
[2026-07-21T18:04:44.513+0000] {processor.py:186} INFO - Started process (PID=38077) to work on /opt/airflow/dags/tmdb_incremental_sync.py
[2026-07-21T18:04:44.514+0000] {processor.py:914} INFO - Processing file /opt/airflow/dags/tmdb_incremental_sync.py for tasks to queue
[2026-07-21T18:04:44.518+0000] {logging_mixin.py:190} INFO - [2026-07-21T18:04:44.517+0000] {dagbag.py:587} INFO - Filling up the DagBag from /opt/airflow/dags/tmdb_incremental_sync.py
[2026-07-21T18:04:44.552+0000] {processor.py:925} INFO - DAG(s) 'tmdb_incremental_sync' retrieved from /opt/airflow/dags/tmdb_incremental_sync.py
[2026-07-21T18:04:44.594+0000] {logging_mixin.py:190} INFO - [2026-07-21T18:04:44.594+0000] {dag.py:3211} INFO - Sync 1 DAGs
[2026-07-21T18:04:44.640+0000] {logging_mixin.py:190} INFO - [2026-07-21T18:04:44.639+0000] {dag.py:4138} INFO - Setting next_dagrun for tmdb_incremental_sync to 2026-07-21 00:00:00+00:00, run_after=2026-07-22 00:00:00+00:00
[2026-07-21T18:04:44.676+0000] {processor.py:208} INFO - Processing /opt/airflow/dags/tmdb_incremental_sync.py took 0.171 seconds
[2026-07-21T18:05:14.978+0000] {processor.py:186} INFO - Started process (PID=38087) to work on /opt/airflow/dags/tmdb_incremental_sync.py
[2026-07-21T18:05:14.979+0000] {processor.py:914} INFO - Processing file /opt/airflow/dags/tmdb_incremental_sync.py for tasks to queue
[2026-07-21T18:05:14.983+0000] {logging_mixin.py:190} INFO - [2026-07-21T18:05:14.983+0000] {dagbag.py:587} INFO - Filling up the DagBag from /opt/airflow/dags/tmdb_incremental_sync.py
[2026-07-21T18:05:15.013+0000] {processor.py:925} INFO - DAG(s) 'tmdb_incremental_sync' retrieved from /opt/airflow/dags/tmdb_incremental_sync.py
[2026-07-21T18:05:15.054+0000] {logging_mixin.py:190} INFO - [2026-07-21T18:05:15.053+0000] {dag.py:3211} INFO - Sync 1 DAGs
[2026-07-21T18:05:15.094+0000] {logging_mixin.py:190} INFO - [2026-07-21T18:05:15.093+0000] {dag.py:4138} INFO - Setting next_dagrun for tmdb_incremental_sync to 2026-07-21 00:00:00+00:00, run_after=2026-07-22 00:00:00+00:00
[2026-07-21T18:05:15.119+0000] {processor.py:208} INFO - Processing /opt/airflow/dags/tmdb_incremental_sync.py took 0.149 seconds
[2026-07-21T18:05:45.495+0000] {processor.py:186} INFO - Started process (PID=38097) to work on /opt/airflow/dags/tmdb_incremental_sync.py
[2026-07-21T18:05:45.497+0000] {processor.py:914} INFO - Processing file /opt/airflow/dags/tmdb_incremental_sync.py for tasks to queue
[2026-07-21T18:05:45.504+0000] {logging_mixin.py:190} INFO - [2026-07-21T18:05:45.503+0000] {dagbag.py:587} INFO - Filling up the DagBag from /opt/airflow/dags/tmdb_incremental_sync.py
[2026-07-21T18:05:45.543+0000] {processor.py:925} INFO - DAG(s) 'tmdb_incremental_sync' retrieved from /opt/airflow/dags/tmdb_incremental_sync.py
[2026-07-21T18:05:45.594+0000] {logging_mixin.py:190} INFO - [2026-07-21T18:05:45.594+0000] {dag.py:3211} INFO - Sync 1 DAGs
[2026-07-21T18:05:45.641+0000] {logging_mixin.py:190} INFO - [2026-07-21T18:05:45.641+0000] {dag.py:4138} INFO - Setting next_dagrun for tmdb_incremental_sync to 2026-07-21 00:00:00+00:00, run_after=2026-07-22 00:00:00+00:00
[2026-07-21T18:05:45.670+0000] {processor.py:208} INFO - Processing /opt/airflow/dags/tmdb_incremental_sync.py took 0.184 seconds
[2026-07-21T18:06:15.993+0000] {processor.py:186} INFO - Started process (PID=38107) to work on /opt/airflow/dags/tmdb_incremental_sync.py
[2026-07-21T18:06:15.994+0000] {processor.py:914} INFO - Processing file /opt/airflow/dags/tmdb_incremental_sync.py for tasks to queue
[2026-07-21T18:06:15.998+0000] {logging_mixin.py:190} INFO - [2026-07-21T18:06:15.997+0000] {dagbag.py:587} INFO - Filling up the DagBag from /opt/airflow/dags/tmdb_incremental_sync.py
[2026-07-21T18:06:16.031+0000] {processor.py:925} INFO - DAG(s) 'tmdb_incremental_sync' retrieved from /opt/airflow/dags/tmdb_incremental_sync.py
[2026-07-21T18:06:16.074+0000] {logging_mixin.py:190} INFO - [2026-07-21T18:06:16.073+0000] {dag.py:3211} INFO - Sync 1 DAGs
[2026-07-21T18:06:16.112+0000] {logging_mixin.py:190} INFO - [2026-07-21T18:06:16.112+0000] {dag.py:4138} INFO - Setting next_dagrun for tmdb_incremental_sync to 2026-07-21 00:00:00+00:00, run_after=2026-07-22 00:00:00+00:00
[2026-07-21T18:06:16.138+0000] {processor.py:208} INFO - Processing /opt/airflow/dags/tmdb_incremental_sync.py took 0.153 seconds
[2026-07-21T18:06:46.485+0000] {processor.py:186} INFO - Started process (PID=38117) to work on /opt/airflow/dags/tmdb_incremental_sync.py
[2026-07-21T18:06:46.486+0000] {processor.py:914} INFO - Processing file /opt/airflow/dags/tmdb_incremental_sync.py for tasks to queue
[2026-07-21T18:06:46.490+0000] {logging_mixin.py:190} INFO - [2026-07-21T18:06:46.490+0000] {dagbag.py:587} INFO - Filling up the DagBag from /opt/airflow/dags/tmdb_incremental_sync.py
[2026-07-21T18:06:46.523+0000] {processor.py:925} INFO - DAG(s) 'tmdb_incremental_sync' retrieved from /opt/airflow/dags/tmdb_incremental_sync.py
[2026-07-21T18:06:46.566+0000] {logging_mixin.py:190} INFO - [2026-07-21T18:06:46.566+0000] {dag.py:3211} INFO - Sync 1 DAGs
[2026-07-21T18:06:46.604+0000] {logging_mixin.py:190} INFO - [2026-07-21T18:06:46.604+0000] {dag.py:4138} INFO - Setting next_dagrun for tmdb_incremental_sync to 2026-07-21 00:00:00+00:00, run_after=2026-07-22 00:00:00+00:00
[2026-07-21T18:06:46.635+0000] {processor.py:208} INFO - Processing /opt/airflow/dags/tmdb_incremental_sync.py took 0.159 seconds
[2026-07-21T18:07:16.941+0000] {processor.py:186} INFO - Started process (PID=38127) to work on /opt/airflow/dags/tmdb_incremental_sync.py
[2026-07-21T18:07:16.942+0000] {processor.py:914} INFO - Processing file /opt/airflow/dags/tmdb_incremental_sync.py for tasks to queue
[2026-07-21T18:07:16.946+0000] {logging_mixin.py:190} INFO - [2026-07-21T18:07:16.945+0000] {dagbag.py:587} INFO - Filling up the DagBag from /opt/airflow/dags/tmdb_incremental_sync.py
[2026-07-21T18:07:16.984+0000] {processor.py:925} INFO - DAG(s) 'tmdb_incremental_sync' retrieved from /opt/airflow/dags/tmdb_incremental_sync.py
[2026-07-21T18:07:17.053+0000] {logging_mixin.py:190} INFO - [2026-07-21T18:07:17.052+0000] {dag.py:3211} INFO - Sync 1 DAGs
[2026-07-21T18:07:17.101+0000] {logging_mixin.py:190} INFO - [2026-07-21T18:07:17.101+0000] {dag.py:4138} INFO - Setting next_dagrun for tmdb_incremental_sync to 2026-07-21 00:00:00+00:00, run_after=2026-07-22 00:00:00+00:00
[2026-07-21T18:07:17.135+0000] {processor.py:208} INFO - Processing /opt/airflow/dags/tmdb_incremental_sync.py took 0.203 seconds
[2026-07-21T18:07:47.443+0000] {processor.py:186} INFO - Started process (PID=38137) to work on /opt/airflow/dags/tmdb_incremental_sync.py
[2026-07-21T18:07:47.445+0000] {processor.py:914} INFO - Processing file /opt/airflow/dags/tmdb_incremental_sync.py for tasks to queue
[2026-07-21T18:07:47.449+0000] {logging_mixin.py:190} INFO - [2026-07-21T18:07:47.448+0000] {dagbag.py:587} INFO - Filling up the DagBag from /opt/airflow/dags/tmdb_incremental_sync.py
[2026-07-21T18:07:47.481+0000] {processor.py:925} INFO - DAG(s) 'tmdb_incremental_sync' retrieved from /opt/airflow/dags/tmdb_incremental_sync.py
[2026-07-21T18:07:47.522+0000] {logging_mixin.py:190} INFO - [2026-07-21T18:07:47.522+0000] {dag.py:3211} INFO - Sync 1 DAGs
[2026-07-21T18:07:47.562+0000] {logging_mixin.py:190} INFO - [2026-07-21T18:07:47.562+0000] {dag.py:4138} INFO - Setting next_dagrun for tmdb_incremental_sync to 2026-07-21 00:00:00+00:00, run_after=2026-07-22 00:00:00+00:00
[2026-07-21T18:07:47.588+0000] {processor.py:208} INFO - Processing /opt/airflow/dags/tmdb_incremental_sync.py took 0.154 seconds
[2026-07-21T18:08:17.890+0000] {processor.py:186} INFO - Started process (PID=38147) to work on /opt/airflow/dags/tmdb_incremental_sync.py
[2026-07-21T18:08:17.891+0000] {processor.py:914} INFO - Processing file /opt/airflow/dags/tmdb_incremental_sync.py for tasks to queue
[2026-07-21T18:08:17.895+0000] {logging_mixin.py:190} INFO - [2026-07-21T18:08:17.895+0000] {dagbag.py:587} INFO - Filling up the DagBag from /opt/airflow/dags/tmdb_incremental_sync.py
[2026-07-21T18:08:17.924+0000] {processor.py:925} INFO - DAG(s) 'tmdb_incremental_sync' retrieved from /opt/airflow/dags/tmdb_incremental_sync.py
[2026-07-21T18:08:17.966+0000] {logging_mixin.py:190} INFO - [2026-07-21T18:08:17.966+0000] {dag.py:3211} INFO - Sync 1 DAGs
[2026-07-21T18:08:18.006+0000] {logging_mixin.py:190} INFO - [2026-07-21T18:08:18.006+0000] {dag.py:4138} INFO - Setting next_dagrun for tmdb_incremental_sync to 2026-07-21 00:00:00+00:00, run_after=2026-07-22 00:00:00+00:00
[2026-07-21T18:08:18.031+0000] {processor.py:208} INFO - Processing /opt/airflow/dags/tmdb_incremental_sync.py took 0.149 seconds
[2026-07-21T18:08:48.463+0000] {processor.py:186} INFO - Started process (PID=38157) to work on /opt/airflow/dags/tmdb_incremental_sync.py
[2026-07-21T18:08:48.465+0000] {processor.py:914} INFO - Processing file /opt/airflow/dags/tmdb_incremental_sync.py for tasks to queue
[2026-07-21T18:08:48.474+0000] {logging_mixin.py:190} INFO - [2026-07-21T18:08:48.473+0000] {dagbag.py:587} INFO - Filling up the DagBag from /opt/airflow/dags/tmdb_incremental_sync.py
[2026-07-21T18:08:48.519+0000] {processor.py:925} INFO - DAG(s) 'tmdb_incremental_sync' retrieved from /opt/airflow/dags/tmdb_incremental_sync.py
[2026-07-21T18:08:48.573+0000] {logging_mixin.py:190} INFO - [2026-07-21T18:08:48.573+0000] {dag.py:3211} INFO - Sync 1 DAGs
[2026-07-21T18:08:48.616+0000] {logging_mixin.py:190} INFO - [2026-07-21T18:08:48.616+0000] {dag.py:4138} INFO - Setting next_dagrun for tmdb_incremental_sync to 2026-07-21 00:00:00+00:00, run_after=2026-07-22 00:00:00+00:00
[2026-07-21T18:08:48.645+0000] {processor.py:208} INFO - Processing /opt/airflow/dags/tmdb_incremental_sync.py took 0.197 seconds
[2026-07-21T18:09:18.972+0000] {processor.py:186} INFO - Started process (PID=38167) to work on /opt/airflow/dags/tmdb_incremental_sync.py
[2026-07-21T18:09:18.974+0000] {processor.py:914} INFO - Processing file /opt/airflow/dags/tmdb_incremental_sync.py for tasks to queue
[2026-07-21T18:09:18.977+0000] {logging_mixin.py:190} INFO - [2026-07-21T18:09:18.977+0000] {dagbag.py:587} INFO - Filling up the DagBag from /opt/airflow/dags/tmdb_incremental_sync.py
[2026-07-21T18:09:19.006+0000] {processor.py:925} INFO - DAG(s) 'tmdb_incremental_sync' retrieved from /opt/airflow/dags/tmdb_incremental_sync.py
[2026-07-21T18:09:19.048+0000] {logging_mixin.py:190} INFO - [2026-07-21T18:09:19.048+0000] {dag.py:3211} INFO - Sync 1 DAGs
[2026-07-21T18:09:19.091+0000] {logging_mixin.py:190} INFO - [2026-07-21T18:09:19.091+0000] {dag.py:4138} INFO - Setting next_dagrun for tmdb_incremental_sync to 2026-07-21 00:00:00+00:00, run_after=2026-07-22 00:00:00+00:00
[2026-07-21T18:09:19.117+0000] {processor.py:208} INFO - Processing /opt/airflow/dags/tmdb_incremental_sync.py took 0.153 seconds
[2026-07-21T18:09:49.545+0000] {processor.py:186} INFO - Started process (PID=38177) to work on /opt/airflow/dags/tmdb_incremental_sync.py
[2026-07-21T18:09:49.547+0000] {processor.py:914} INFO - Processing file /opt/airflow/dags/tmdb_incremental_sync.py for tasks to queue
[2026-07-21T18:09:49.551+0000] {logging_mixin.py:190} INFO - [2026-07-21T18:09:49.550+0000] {dagbag.py:587} INFO - Filling up the DagBag from /opt/airflow/dags/tmdb_incremental_sync.py
[2026-07-21T18:09:49.591+0000] {processor.py:925} INFO - DAG(s) 'tmdb_incremental_sync' retrieved from /opt/airflow/dags/tmdb_incremental_sync.py
[2026-07-21T18:09:49.641+0000] {logging_mixin.py:190} INFO - [2026-07-21T18:09:49.641+0000] {dag.py:3211} INFO - Sync 1 DAGs
[2026-07-21T18:09:49.679+0000] {logging_mixin.py:190} INFO - [2026-07-21T18:09:49.679+0000] {dag.py:4138} INFO - Setting next_dagrun for tmdb_incremental_sync to 2026-07-21 00:00:00+00:00, run_after=2026-07-22 00:00:00+00:00
[2026-07-21T18:09:49.705+0000] {processor.py:208} INFO - Processing /opt/airflow/dags/tmdb_incremental_sync.py took 0.175 seconds
[2026-07-21T18:10:20.166+0000] {processor.py:186} INFO - Started process (PID=38187) to work on /opt/airflow/dags/tmdb_incremental_sync.py
[2026-07-21T18:10:20.167+0000] {processor.py:914} INFO - Processing file /opt/airflow/dags/tmdb_incremental_sync.py for tasks to queue
[2026-07-21T18:10:20.172+0000] {logging_mixin.py:190} INFO - [2026-07-21T18:10:20.172+0000] {dagbag.py:587} INFO - Filling up the DagBag from /opt/airflow/dags/tmdb_incremental_sync.py
[2026-07-21T18:10:20.229+0000] {processor.py:925} INFO - DAG(s) 'tmdb_incremental_sync' retrieved from /opt/airflow/dags/tmdb_incremental_sync.py
[2026-07-21T18:10:20.298+0000] {logging_mixin.py:190} INFO - [2026-07-21T18:10:20.297+0000] {dag.py:3211} INFO - Sync 1 DAGs
[2026-07-21T18:10:20.363+0000] {logging_mixin.py:190} INFO - [2026-07-21T18:10:20.362+0000] {dag.py:4138} INFO - Setting next_dagrun for tmdb_incremental_sync to 2026-07-21 00:00:00+00:00, run_after=2026-07-22 00:00:00+00:00
[2026-07-21T18:10:20.409+0000] {processor.py:208} INFO - Processing /opt/airflow/dags/tmdb_incremental_sync.py took 0.258 seconds
[2026-07-21T18:10:50.908+0000] {processor.py:186} INFO - Started process (PID=38197) to work on /opt/airflow/dags/tmdb_incremental_sync.py
[2026-07-21T18:10:50.910+0000] {processor.py:914} INFO - Processing file /opt/airflow/dags/tmdb_incremental_sync.py for tasks to queue
[2026-07-21T18:10:50.915+0000] {logging_mixin.py:190} INFO - [2026-07-21T18:10:50.914+0000] {dagbag.py:587} INFO - Filling up the DagBag from /opt/airflow/dags/tmdb_incremental_sync.py
[2026-07-21T18:10:50.950+0000] {processor.py:925} INFO - DAG(s) 'tmdb_incremental_sync' retrieved from /opt/airflow/dags/tmdb_incremental_sync.py
[2026-07-21T18:10:51.000+0000] {logging_mixin.py:190} INFO - [2026-07-21T18:10:50.999+0000] {dag.py:3211} INFO - Sync 1 DAGs
[2026-07-21T18:10:51.045+0000] {logging_mixin.py:190} INFO - [2026-07-21T18:10:51.045+0000] {dag.py:4138} INFO - Setting next_dagrun for tmdb_incremental_sync to 2026-07-21 00:00:00+00:00, run_after=2026-07-22 00:00:00+00:00
[2026-07-21T18:10:51.074+0000] {processor.py:208} INFO - Processing /opt/airflow/dags/tmdb_incremental_sync.py took 0.176 seconds
[2026-07-21T18:11:21.422+0000] {processor.py:186} INFO - Started process (PID=38207) to work on /opt/airflow/dags/tmdb_incremental_sync.py
[2026-07-21T18:11:21.424+0000] {processor.py:914} INFO - Processing file /opt/airflow/dags/tmdb_incremental_sync.py for tasks to queue
[2026-07-21T18:11:21.428+0000] {logging_mixin.py:190} INFO - [2026-07-21T18:11:21.428+0000] {dagbag.py:587} INFO - Filling up the DagBag from /opt/airflow/dags/tmdb_incremental_sync.py
[2026-07-21T18:11:21.462+0000] {processor.py:925} INFO - DAG(s) 'tmdb_incremental_sync' retrieved from /opt/airflow/dags/tmdb_incremental_sync.py
[2026-07-21T18:11:21.505+0000] {logging_mixin.py:190} INFO - [2026-07-21T18:11:21.504+0000] {dag.py:3211} INFO - Sync 1 DAGs
[2026-07-21T18:11:21.545+0000] {logging_mixin.py:190} INFO - [2026-07-21T18:11:21.545+0000] {dag.py:4138} INFO - Setting next_dagrun for tmdb_incremental_sync to 2026-07-21 00:00:00+00:00, run_after=2026-07-22 00:00:00+00:00
[2026-07-21T18:11:21.570+0000] {processor.py:208} INFO - Processing /opt/airflow/dags/tmdb_incremental_sync.py took 0.157 seconds
[2026-07-21T18:11:51.855+0000] {processor.py:186} INFO - Started process (PID=38217) to work on /opt/airflow/dags/tmdb_incremental_sync.py
[2026-07-21T18:11:51.856+0000] {processor.py:914} INFO - Processing file /opt/airflow/dags/tmdb_incremental_sync.py for tasks to queue
[2026-07-21T18:11:51.860+0000] {logging_mixin.py:190} INFO - [2026-07-21T18:11:51.859+0000] {dagbag.py:587} INFO - Filling up the DagBag from /opt/airflow/dags/tmdb_incremental_sync.py
[2026-07-21T18:11:51.889+0000] {processor.py:925} INFO - DAG(s) 'tmdb_incremental_sync' retrieved from /opt/airflow/dags/tmdb_incremental_sync.py
[2026-07-21T18:11:51.931+0000] {logging_mixin.py:190} INFO - [2026-07-21T18:11:51.931+0000] {dag.py:3211} INFO - Sync 1 DAGs
[2026-07-21T18:11:51.969+0000] {logging_mixin.py:190} INFO - [2026-07-21T18:11:51.969+0000] {dag.py:4138} INFO - Setting next_dagrun for tmdb_incremental_sync to 2026-07-21 00:00:00+00:00, run_after=2026-07-22 00:00:00+00:00
[2026-07-21T18:11:51.994+0000] {processor.py:208} INFO - Processing /opt/airflow/dags/tmdb_incremental_sync.py took 0.148 seconds
[2026-07-21T18:12:22.459+0000] {processor.py:186} INFO - Started process (PID=38225) to work on /opt/airflow/dags/tmdb_incremental_sync.py
[2026-07-21T18:12:22.461+0000] {processor.py:914} INFO - Processing file /opt/airflow/dags/tmdb_incremental_sync.py for tasks to queue
[2026-07-21T18:12:22.475+0000] {logging_mixin.py:190} INFO - [2026-07-21T18:12:22.473+0000] {dagbag.py:587} INFO - Filling up the DagBag from /opt/airflow/dags/tmdb_incremental_sync.py
[2026-07-21T18:12:22.664+0000] {processor.py:925} INFO - DAG(s) 'tmdb_incremental_sync' retrieved from /opt/airflow/dags/tmdb_incremental_sync.py
[2026-07-21T18:12:22.799+0000] {logging_mixin.py:190} INFO - [2026-07-21T18:12:22.799+0000] {dag.py:3211} INFO - Sync 1 DAGs
[2026-07-21T18:12:22.939+0000] {logging_mixin.py:190} INFO - [2026-07-21T18:12:22.939+0000] {dag.py:4138} INFO - Setting next_dagrun for tmdb_incremental_sync to 2026-07-21 00:00:00+00:00, run_after=2026-07-22 00:00:00+00:00
[2026-07-21T18:12:23.018+0000] {processor.py:208} INFO - Processing /opt/airflow/dags/tmdb_incremental_sync.py took 0.576 seconds
[2026-07-21T18:12:53.410+0000] {processor.py:186} INFO - Started process (PID=38237) to work on /opt/airflow/dags/tmdb_incremental_sync.py
[2026-07-21T18:12:53.453+0000] {processor.py:914} INFO - Processing file /opt/airflow/dags/tmdb_incremental_sync.py for tasks to queue
[2026-07-21T18:12:53.470+0000] {logging_mixin.py:190} INFO - [2026-07-21T18:12:53.470+0000] {dagbag.py:587} INFO - Filling up the DagBag from /opt/airflow/dags/tmdb_incremental_sync.py
[2026-07-21T18:12:53.535+0000] {processor.py:925} INFO - DAG(s) 'tmdb_incremental_sync' retrieved from /opt/airflow/dags/tmdb_incremental_sync.py
[2026-07-21T18:12:53.578+0000] {logging_mixin.py:190} INFO - [2026-07-21T18:12:53.578+0000] {dag.py:3211} INFO - Sync 1 DAGs
[2026-07-21T18:12:53.617+0000] {logging_mixin.py:190} INFO - [2026-07-21T18:12:53.617+0000] {dag.py:4138} INFO - Setting next_dagrun for tmdb_incremental_sync to 2026-07-21 00:00:00+00:00, run_after=2026-07-22 00:00:00+00:00
[2026-07-21T18:12:53.645+0000] {processor.py:208} INFO - Processing /opt/airflow/dags/tmdb_incremental_sync.py took 0.279 seconds
[2026-07-21T18:13:24.192+0000] {processor.py:186} INFO - Started process (PID=38247) to work on /opt/airflow/dags/tmdb_incremental_sync.py
[2026-07-21T18:13:24.197+0000] {processor.py:914} INFO - Processing file /opt/airflow/dags/tmdb_incremental_sync.py for tasks to queue
[2026-07-21T18:13:24.204+0000] {logging_mixin.py:190} INFO - [2026-07-21T18:13:24.203+0000] {dagbag.py:587} INFO - Filling up the DagBag from /opt/airflow/dags/tmdb_incremental_sync.py
[2026-07-21T18:13:24.289+0000] {processor.py:925} INFO - DAG(s) 'tmdb_incremental_sync' retrieved from /opt/airflow/dags/tmdb_incremental_sync.py
[2026-07-21T18:13:24.343+0000] {logging_mixin.py:190} INFO - [2026-07-21T18:13:24.343+0000] {dag.py:3211} INFO - Sync 1 DAGs
[2026-07-21T18:13:24.386+0000] {logging_mixin.py:190} INFO - [2026-07-21T18:13:24.386+0000] {dag.py:4138} INFO - Setting next_dagrun for tmdb_incremental_sync to 2026-07-21 00:00:00+00:00, run_after=2026-07-22 00:00:00+00:00
[2026-07-21T18:13:24.421+0000] {processor.py:208} INFO - Processing /opt/airflow/dags/tmdb_incremental_sync.py took 0.246 seconds
[2026-07-21T18:13:54.689+0000] {processor.py:186} INFO - Started process (PID=38257) to work on /opt/airflow/dags/tmdb_incremental_sync.py
[2026-07-21T18:13:54.691+0000] {processor.py:914} INFO - Processing file /opt/airflow/dags/tmdb_incremental_sync.py for tasks to queue
[2026-07-21T18:13:54.694+0000] {logging_mixin.py:190} INFO - [2026-07-21T18:13:54.694+0000] {dagbag.py:587} INFO - Filling up the DagBag from /opt/airflow/dags/tmdb_incremental_sync.py
[2026-07-21T18:13:54.725+0000] {processor.py:925} INFO - DAG(s) 'tmdb_incremental_sync' retrieved from /opt/airflow/dags/tmdb_incremental_sync.py
[2026-07-21T18:13:54.767+0000] {logging_mixin.py:190} INFO - [2026-07-21T18:13:54.766+0000] {dag.py:3211} INFO - Sync 1 DAGs
[2026-07-21T18:13:54.805+0000] {logging_mixin.py:190} INFO - [2026-07-21T18:13:54.805+0000] {dag.py:4138} INFO - Setting next_dagrun for tmdb_incremental_sync to 2026-07-21 00:00:00+00:00, run_after=2026-07-22 00:00:00+00:00
[2026-07-21T18:13:54.831+0000] {processor.py:208} INFO - Processing /opt/airflow/dags/tmdb_incremental_sync.py took 0.150 seconds
[2026-07-21T18:14:25.140+0000] {processor.py:186} INFO - Started process (PID=38267) to work on /opt/airflow/dags/tmdb_incremental_sync.py
[2026-07-21T18:14:25.142+0000] {processor.py:914} INFO - Processing file /opt/airflow/dags/tmdb_incremental_sync.py for tasks to queue
[2026-07-21T18:14:25.145+0000] {logging_mixin.py:190} INFO - [2026-07-21T18:14:25.145+0000] {dagbag.py:587} INFO - Filling up the DagBag from /opt/airflow/dags/tmdb_incremental_sync.py
[2026-07-21T18:14:25.182+0000] {processor.py:925} INFO - DAG(s) 'tmdb_incremental_sync' retrieved from /opt/airflow/dags/tmdb_incremental_sync.py
[2026-07-21T18:14:25.230+0000] {logging_mixin.py:190} INFO - [2026-07-21T18:14:25.229+0000] {dag.py:3211} INFO - Sync 1 DAGs
[2026-07-21T18:14:25.269+0000] {logging_mixin.py:190} INFO - [2026-07-21T18:14:25.268+0000] {dag.py:4138} INFO - Setting next_dagrun for tmdb_incremental_sync to 2026-07-21 00:00:00+00:00, run_after=2026-07-22 00:00:00+00:00
[2026-07-21T18:14:25.295+0000] {processor.py:208} INFO - Processing /opt/airflow/dags/tmdb_incremental_sync.py took 0.165 seconds
[2026-07-21T18:14:55.601+0000] {processor.py:186} INFO - Started process (PID=38277) to work on /opt/airflow/dags/tmdb_incremental_sync.py
[2026-07-21T18:14:55.602+0000] {processor.py:914} INFO - Processing file /opt/airflow/dags/tmdb_incremental_sync.py for tasks to queue
[2026-07-21T18:14:55.606+0000] {logging_mixin.py:190} INFO - [2026-07-21T18:14:55.606+0000] {dagbag.py:587} INFO - Filling up the DagBag from /opt/airflow/dags/tmdb_incremental_sync.py
[2026-07-21T18:14:55.637+0000] {processor.py:925} INFO - DAG(s) 'tmdb_incremental_sync' retrieved from /opt/airflow/dags/tmdb_incremental_sync.py
[2026-07-21T18:14:55.678+0000] {logging_mixin.py:190} INFO - [2026-07-21T18:14:55.678+0000] {dag.py:3211} INFO - Sync 1 DAGs
[2026-07-21T18:14:55.715+0000] {logging_mixin.py:190} INFO - [2026-07-21T18:14:55.715+0000] {dag.py:4138} INFO - Setting next_dagrun for tmdb_incremental_sync to 2026-07-21 00:00:00+00:00, run_after=2026-07-22 00:00:00+00:00
[2026-07-21T18:14:55.743+0000] {processor.py:208} INFO - Processing /opt/airflow/dags/tmdb_incremental_sync.py took 0.151 seconds
[2026-07-21T18:15:26.039+0000] {processor.py:186} INFO - Started process (PID=38287) to work on /opt/airflow/dags/tmdb_incremental_sync.py
[2026-07-21T18:15:26.040+0000] {processor.py:914} INFO - Processing file /opt/airflow/dags/tmdb_incremental_sync.py for tasks to queue
[2026-07-21T18:15:26.045+0000] {logging_mixin.py:190} INFO - [2026-07-21T18:15:26.044+0000] {dagbag.py:587} INFO - Filling up the DagBag from /opt/airflow/dags/tmdb_incremental_sync.py
[2026-07-21T18:15:26.078+0000] {processor.py:925} INFO - DAG(s) 'tmdb_incremental_sync' retrieved from /opt/airflow/dags/tmdb_incremental_sync.py
[2026-07-21T18:15:26.119+0000] {logging_mixin.py:190} INFO - [2026-07-21T18:15:26.119+0000] {dag.py:3211} INFO - Sync 1 DAGs
[2026-07-21T18:15:26.157+0000] {logging_mixin.py:190} INFO - [2026-07-21T18:15:26.157+0000] {dag.py:4138} INFO - Setting next_dagrun for tmdb_incremental_sync to 2026-07-21 00:00:00+00:00, run_after=2026-07-22 00:00:00+00:00
[2026-07-21T18:15:26.185+0000] {processor.py:208} INFO - Processing /opt/airflow/dags/tmdb_incremental_sync.py took 0.155 seconds
[2026-07-21T18:15:56.520+0000] {processor.py:186} INFO - Started process (PID=38297) to work on /opt/airflow/dags/tmdb_incremental_sync.py
[2026-07-21T18:15:56.521+0000] {processor.py:914} INFO - Processing file /opt/airflow/dags/tmdb_incremental_sync.py for tasks to queue
[2026-07-21T18:15:56.525+0000] {logging_mixin.py:190} INFO - [2026-07-21T18:15:56.524+0000] {dagbag.py:587} INFO - Filling up the DagBag from /opt/airflow/dags/tmdb_incremental_sync.py
[2026-07-21T18:15:56.554+0000] {processor.py:925} INFO - DAG(s) 'tmdb_incremental_sync' retrieved from /opt/airflow/dags/tmdb_incremental_sync.py
[2026-07-21T18:15:56.596+0000] {logging_mixin.py:190} INFO - [2026-07-21T18:15:56.596+0000] {dag.py:3211} INFO - Sync 1 DAGs
[2026-07-21T18:15:56.633+0000] {logging_mixin.py:190} INFO - [2026-07-21T18:15:56.633+0000] {dag.py:4138} INFO - Setting next_dagrun for tmdb_incremental_sync to 2026-07-21 00:00:00+00:00, run_after=2026-07-22 00:00:00+00:00
[2026-07-21T18:15:56.661+0000] {processor.py:208} INFO - Processing /opt/airflow/dags/tmdb_incremental_sync.py took 0.149 seconds
[2026-07-21T18:16:27.098+0000] {processor.py:186} INFO - Started process (PID=38307) to work on /opt/airflow/dags/tmdb_incremental_sync.py
[2026-07-21T18:16:27.100+0000] {processor.py:914} INFO - Processing file /opt/airflow/dags/tmdb_incremental_sync.py for tasks to queue
[2026-07-21T18:16:27.103+0000] {logging_mixin.py:190} INFO - [2026-07-21T18:16:27.103+0000] {dagbag.py:587} INFO - Filling up the DagBag from /opt/airflow/dags/tmdb_incremental_sync.py
[2026-07-21T18:16:27.133+0000] {processor.py:925} INFO - DAG(s) 'tmdb_incremental_sync' retrieved from /opt/airflow/dags/tmdb_incremental_sync.py
[2026-07-21T18:16:27.175+0000] {logging_mixin.py:190} INFO - [2026-07-21T18:16:27.175+0000] {dag.py:3211} INFO - Sync 1 DAGs
[2026-07-21T18:16:27.216+0000] {logging_mixin.py:190} INFO - [2026-07-21T18:16:27.215+0000] {dag.py:4138} INFO - Setting next_dagrun for tmdb_incremental_sync to 2026-07-21 00:00:00+00:00, run_after=2026-07-22 00:00:00+00:00
[2026-07-21T18:16:27.242+0000] {processor.py:208} INFO - Processing /opt/airflow/dags/tmdb_incremental_sync.py took 0.152 seconds
[2026-07-21T18:16:57.615+0000] {processor.py:186} INFO - Started process (PID=38317) to work on /opt/airflow/dags/tmdb_incremental_sync.py
[2026-07-21T18:16:57.617+0000] {processor.py:914} INFO - Processing file /opt/airflow/dags/tmdb_incremental_sync.py for tasks to queue
[2026-07-21T18:16:57.622+0000] {logging_mixin.py:190} INFO - [2026-07-21T18:16:57.621+0000] {dagbag.py:587} INFO - Filling up the DagBag from /opt/airflow/dags/tmdb_incremental_sync.py
[2026-07-21T18:16:57.656+0000] {processor.py:925} INFO - DAG(s) 'tmdb_incremental_sync' retrieved from /opt/airflow/dags/tmdb_incremental_sync.py
[2026-07-21T18:16:57.698+0000] {logging_mixin.py:190} INFO - [2026-07-21T18:16:57.697+0000] {dag.py:3211} INFO - Sync 1 DAGs
[2026-07-21T18:16:57.747+0000] {logging_mixin.py:190} INFO - [2026-07-21T18:16:57.746+0000] {dag.py:4138} INFO - Setting next_dagrun for tmdb_incremental_sync to 2026-07-21 00:00:00+00:00, run_after=2026-07-22 00:00:00+00:00
[2026-07-21T18:16:57.773+0000] {processor.py:208} INFO - Processing /opt/airflow/dags/tmdb_incremental_sync.py took 0.207 seconds
[2026-07-21T18:17:28.074+0000] {processor.py:186} INFO - Started process (PID=38327) to work on /opt/airflow/dags/tmdb_incremental_sync.py
[2026-07-21T18:17:28.075+0000] {processor.py:914} INFO - Processing file /opt/airflow/dags/tmdb_incremental_sync.py for tasks to queue
[2026-07-21T18:17:28.080+0000] {logging_mixin.py:190} INFO - [2026-07-21T18:17:28.079+0000] {dagbag.py:587} INFO - Filling up the DagBag from /opt/airflow/dags/tmdb_incremental_sync.py
[2026-07-21T18:17:28.113+0000] {processor.py:925} INFO - DAG(s) 'tmdb_incremental_sync' retrieved from /opt/airflow/dags/tmdb_incremental_sync.py
[2026-07-21T18:17:28.156+0000] {logging_mixin.py:190} INFO - [2026-07-21T18:17:28.156+0000] {dag.py:3211} INFO - Sync 1 DAGs
[2026-07-21T18:17:28.194+0000] {logging_mixin.py:190} INFO - [2026-07-21T18:17:28.193+0000] {dag.py:4138} INFO - Setting next_dagrun for tmdb_incremental_sync to 2026-07-21 00:00:00+00:00, run_after=2026-07-22 00:00:00+00:00
[2026-07-21T18:17:28.221+0000] {processor.py:208} INFO - Processing /opt/airflow/dags/tmdb_incremental_sync.py took 0.155 seconds
[2026-07-21T18:17:58.526+0000] {processor.py:186} INFO - Started process (PID=38337) to work on /opt/airflow/dags/tmdb_incremental_sync.py
[2026-07-21T18:17:58.528+0000] {processor.py:914} INFO - Processing file /opt/airflow/dags/tmdb_incremental_sync.py for tasks to queue
[2026-07-21T18:17:58.532+0000] {logging_mixin.py:190} INFO - [2026-07-21T18:17:58.531+0000] {dagbag.py:587} INFO - Filling up the DagBag from /opt/airflow/dags/tmdb_incremental_sync.py
[2026-07-21T18:17:58.561+0000] {processor.py:925} INFO - DAG(s) 'tmdb_incremental_sync' retrieved from /opt/airflow/dags/tmdb_incremental_sync.py
[2026-07-21T18:17:58.603+0000] {logging_mixin.py:190} INFO - [2026-07-21T18:17:58.603+0000] {dag.py:3211} INFO - Sync 1 DAGs
[2026-07-21T18:17:58.642+0000] {logging_mixin.py:190} INFO - [2026-07-21T18:17:58.642+0000] {dag.py:4138} INFO - Setting next_dagrun for tmdb_incremental_sync to 2026-07-21 00:00:00+00:00, run_after=2026-07-22 00:00:00+00:00
[2026-07-21T18:17:58.667+0000] {processor.py:208} INFO - Processing /opt/airflow/dags/tmdb_incremental_sync.py took 0.149 seconds
[2026-07-21T18:18:28.957+0000] {processor.py:186} INFO - Started process (PID=38347) to work on /opt/airflow/dags/tmdb_incremental_sync.py
[2026-07-21T18:18:28.959+0000] {processor.py:914} INFO - Processing file /opt/airflow/dags/tmdb_incremental_sync.py for tasks to queue
[2026-07-21T18:18:28.962+0000] {logging_mixin.py:190} INFO - [2026-07-21T18:18:28.962+0000] {dagbag.py:587} INFO - Filling up the DagBag from /opt/airflow/dags/tmdb_incremental_sync.py
[2026-07-21T18:18:28.992+0000] {processor.py:925} INFO - DAG(s) 'tmdb_incremental_sync' retrieved from /opt/airflow/dags/tmdb_incremental_sync.py
[2026-07-21T18:18:29.035+0000] {logging_mixin.py:190} INFO - [2026-07-21T18:18:29.034+0000] {dag.py:3211} INFO - Sync 1 DAGs
[2026-07-21T18:18:29.073+0000] {logging_mixin.py:190} INFO - [2026-07-21T18:18:29.073+0000] {dag.py:4138} INFO - Setting next_dagrun for tmdb_incremental_sync to 2026-07-21 00:00:00+00:00, run_after=2026-07-22 00:00:00+00:00
[2026-07-21T18:18:29.099+0000] {processor.py:208} INFO - Processing /opt/airflow/dags/tmdb_incremental_sync.py took 0.150 seconds
[2026-07-21T18:18:59.401+0000] {processor.py:186} INFO - Started process (PID=38357) to work on /opt/airflow/dags/tmdb_incremental_sync.py
[2026-07-21T18:18:59.403+0000] {processor.py:914} INFO - Processing file /opt/airflow/dags/tmdb_incremental_sync.py for tasks to queue
[2026-07-21T18:18:59.406+0000] {logging_mixin.py:190} INFO - [2026-07-21T18:18:59.406+0000] {dagbag.py:587} INFO - Filling up the DagBag from /opt/airflow/dags/tmdb_incremental_sync.py
[2026-07-21T18:18:59.437+0000] {processor.py:925} INFO - DAG(s) 'tmdb_incremental_sync' retrieved from /opt/airflow/dags/tmdb_incremental_sync.py
[2026-07-21T18:18:59.486+0000] {logging_mixin.py:190} INFO - [2026-07-21T18:18:59.486+0000] {dag.py:3211} INFO - Sync 1 DAGs
[2026-07-21T18:18:59.526+0000] {logging_mixin.py:190} INFO - [2026-07-21T18:18:59.526+0000] {dag.py:4138} INFO - Setting next_dagrun for tmdb_incremental_sync to 2026-07-21 00:00:00+00:00, run_after=2026-07-22 00:00:00+00:00
[2026-07-21T18:18:59.570+0000] {processor.py:208} INFO - Processing /opt/airflow/dags/tmdb_incremental_sync.py took 0.178 seconds
[2026-07-21T18:19:29.877+0000] {processor.py:186} INFO - Started process (PID=38367) to work on /opt/airflow/dags/tmdb_incremental_sync.py
[2026-07-21T18:19:29.878+0000] {processor.py:914} INFO - Processing file /opt/airflow/dags/tmdb_incremental_sync.py for tasks to queue
[2026-07-21T18:19:29.881+0000] {logging_mixin.py:190} INFO - [2026-07-21T18:19:29.881+0000] {dagbag.py:587} INFO - Filling up the DagBag from /opt/airflow/dags/tmdb_incremental_sync.py
[2026-07-21T18:19:29.910+0000] {processor.py:925} INFO - DAG(s) 'tmdb_incremental_sync' retrieved from /opt/airflow/dags/tmdb_incremental_sync.py
[2026-07-21T18:19:29.953+0000] {logging_mixin.py:190} INFO - [2026-07-21T18:19:29.952+0000] {dag.py:3211} INFO - Sync 1 DAGs
[2026-07-21T18:19:29.992+0000] {logging_mixin.py:190} INFO - [2026-07-21T18:19:29.992+0000] {dag.py:4138} INFO - Setting next_dagrun for tmdb_incremental_sync to 2026-07-21 00:00:00+00:00, run_after=2026-07-22 00:00:00+00:00
[2026-07-21T18:19:30.018+0000] {processor.py:208} INFO - Processing /opt/airflow/dags/tmdb_incremental_sync.py took 0.149 seconds
[2026-07-21T18:20:00.527+0000] {processor.py:186} INFO - Started process (PID=38377) to work on /opt/airflow/dags/tmdb_incremental_sync.py
[2026-07-21T18:20:00.530+0000] {processor.py:914} INFO - Processing file /opt/airflow/dags/tmdb_incremental_sync.py for tasks to queue
[2026-07-21T18:20:00.539+0000] {logging_mixin.py:190} INFO - [2026-07-21T18:20:00.538+0000] {dagbag.py:587} INFO - Filling up the DagBag from /opt/airflow/dags/tmdb_incremental_sync.py
[2026-07-21T18:20:00.604+0000] {processor.py:925} INFO - DAG(s) 'tmdb_incremental_sync' retrieved from /opt/airflow/dags/tmdb_incremental_sync.py
[2026-07-21T18:20:00.652+0000] {logging_mixin.py:190} INFO - [2026-07-21T18:20:00.651+0000] {dag.py:3211} INFO - Sync 1 DAGs
[2026-07-21T18:20:00.712+0000] {logging_mixin.py:190} INFO - [2026-07-21T18:20:00.711+0000] {dag.py:4138} INFO - Setting next_dagrun for tmdb_incremental_sync to 2026-07-21 00:00:00+00:00, run_after=2026-07-22 00:00:00+00:00
[2026-07-21T18:20:00.745+0000] {processor.py:208} INFO - Processing /opt/airflow/dags/tmdb_incremental_sync.py took 0.239 seconds
[2026-07-21T18:20:31.036+0000] {processor.py:186} INFO - Started process (PID=38387) to work on /opt/airflow/dags/tmdb_incremental_sync.py
[2026-07-21T18:20:31.037+0000] {processor.py:914} INFO - Processing file /opt/airflow/dags/tmdb_incremental_sync.py for tasks to queue
[2026-07-21T18:20:31.042+0000] {logging_mixin.py:190} INFO - [2026-07-21T18:20:31.041+0000] {dagbag.py:587} INFO - Filling up the DagBag from /opt/airflow/dags/tmdb_incremental_sync.py
[2026-07-21T18:20:31.077+0000] {processor.py:925} INFO - DAG(s) 'tmdb_incremental_sync' retrieved from /opt/airflow/dags/tmdb_incremental_sync.py
[2026-07-21T18:20:31.122+0000] {logging_mixin.py:190} INFO - [2026-07-21T18:20:31.121+0000] {dag.py:3211} INFO - Sync 1 DAGs
[2026-07-21T18:20:31.177+0000] {logging_mixin.py:190} INFO - [2026-07-21T18:20:31.176+0000] {dag.py:4138} INFO - Setting next_dagrun for tmdb_incremental_sync to 2026-07-21 00:00:00+00:00, run_after=2026-07-22 00:00:00+00:00
[2026-07-21T18:20:31.208+0000] {processor.py:208} INFO - Processing /opt/airflow/dags/tmdb_incremental_sync.py took 0.181 seconds
[2026-07-21T18:21:01.532+0000] {processor.py:186} INFO - Started process (PID=38397) to work on /opt/airflow/dags/tmdb_incremental_sync.py
[2026-07-21T18:21:01.533+0000] {processor.py:914} INFO - Processing file /opt/airflow/dags/tmdb_incremental_sync.py for tasks to queue
[2026-07-21T18:21:01.537+0000] {logging_mixin.py:190} INFO - [2026-07-21T18:21:01.537+0000] {dagbag.py:587} INFO - Filling up the DagBag from /opt/airflow/dags/tmdb_incremental_sync.py
[2026-07-21T18:21:01.569+0000] {processor.py:925} INFO - DAG(s) 'tmdb_incremental_sync' retrieved from /opt/airflow/dags/tmdb_incremental_sync.py
[2026-07-21T18:21:01.611+0000] {logging_mixin.py:190} INFO - [2026-07-21T18:21:01.611+0000] {dag.py:3211} INFO - Sync 1 DAGs
[2026-07-21T18:21:01.659+0000] {logging_mixin.py:190} INFO - [2026-07-21T18:21:01.658+0000] {dag.py:4138} INFO - Setting next_dagrun for tmdb_incremental_sync to 2026-07-21 00:00:00+00:00, run_after=2026-07-22 00:00:00+00:00
[2026-07-21T18:21:01.687+0000] {processor.py:208} INFO - Processing /opt/airflow/dags/tmdb_incremental_sync.py took 0.163 seconds
[2026-07-21T18:21:31.991+0000] {processor.py:186} INFO - Started process (PID=38407) to work on /opt/airflow/dags/tmdb_incremental_sync.py
[2026-07-21T18:21:31.992+0000] {processor.py:914} INFO - Processing file /opt/airflow/dags/tmdb_incremental_sync.py for tasks to queue
[2026-07-21T18:21:31.996+0000] {logging_mixin.py:190} INFO - [2026-07-21T18:21:31.995+0000] {dagbag.py:587} INFO - Filling up the DagBag from /opt/airflow/dags/tmdb_incremental_sync.py
[2026-07-21T18:21:32.026+0000] {processor.py:925} INFO - DAG(s) 'tmdb_incremental_sync' retrieved from /opt/airflow/dags/tmdb_incremental_sync.py
[2026-07-21T18:21:32.073+0000] {logging_mixin.py:190} INFO - [2026-07-21T18:21:32.072+0000] {dag.py:3211} INFO - Sync 1 DAGs
[2026-07-21T18:21:32.111+0000] {logging_mixin.py:190} INFO - [2026-07-21T18:21:32.110+0000] {dag.py:4138} INFO - Setting next_dagrun for tmdb_incremental_sync to 2026-07-21 00:00:00+00:00, run_after=2026-07-22 00:00:00+00:00
[2026-07-21T18:21:32.137+0000] {processor.py:208} INFO - Processing /opt/airflow/dags/tmdb_incremental_sync.py took 0.157 seconds
[2026-07-21T18:22:02.455+0000] {processor.py:186} INFO - Started process (PID=38417) to work on /opt/airflow/dags/tmdb_incremental_sync.py
[2026-07-21T18:22:02.456+0000] {processor.py:914} INFO - Processing file /opt/airflow/dags/tmdb_incremental_sync.py for tasks to queue
[2026-07-21T18:22:02.460+0000] {logging_mixin.py:190} INFO - [2026-07-21T18:22:02.459+0000] {dagbag.py:587} INFO - Filling up the DagBag from /opt/airflow/dags/tmdb_incremental_sync.py
[2026-07-21T18:22:02.489+0000] {processor.py:925} INFO - DAG(s) 'tmdb_incremental_sync' retrieved from /opt/airflow/dags/tmdb_incremental_sync.py
[2026-07-21T18:22:02.531+0000] {logging_mixin.py:190} INFO - [2026-07-21T18:22:02.531+0000] {dag.py:3211} INFO - Sync 1 DAGs
[2026-07-21T18:22:02.570+0000] {logging_mixin.py:190} INFO - [2026-07-21T18:22:02.570+0000] {dag.py:4138} INFO - Setting next_dagrun for tmdb_incremental_sync to 2026-07-21 00:00:00+00:00, run_after=2026-07-22 00:00:00+00:00
[2026-07-21T18:22:02.597+0000] {processor.py:208} INFO - Processing /opt/airflow/dags/tmdb_incremental_sync.py took 0.151 seconds
[2026-07-21T18:22:32.926+0000] {processor.py:186} INFO - Started process (PID=38427) to work on /opt/airflow/dags/tmdb_incremental_sync.py
[2026-07-21T18:22:32.927+0000] {processor.py:914} INFO - Processing file /opt/airflow/dags/tmdb_incremental_sync.py for tasks to queue
[2026-07-21T18:22:32.931+0000] {logging_mixin.py:190} INFO - [2026-07-21T18:22:32.930+0000] {dagbag.py:587} INFO - Filling up the DagBag from /opt/airflow/dags/tmdb_incremental_sync.py
[2026-07-21T18:22:32.962+0000] {processor.py:925} INFO - DAG(s) 'tmdb_incremental_sync' retrieved from /opt/airflow/dags/tmdb_incremental_sync.py
[2026-07-21T18:22:33.003+0000] {logging_mixin.py:190} INFO - [2026-07-21T18:22:33.002+0000] {dag.py:3211} INFO - Sync 1 DAGs
[2026-07-21T18:22:33.042+0000] {logging_mixin.py:190} INFO - [2026-07-21T18:22:33.041+0000] {dag.py:4138} INFO - Setting next_dagrun for tmdb_incremental_sync to 2026-07-21 00:00:00+00:00, run_after=2026-07-22 00:00:00+00:00
[2026-07-21T18:22:33.067+0000] {processor.py:208} INFO - Processing /opt/airflow/dags/tmdb_incremental_sync.py took 0.149 seconds
[2026-07-21T18:23:03.365+0000] {processor.py:186} INFO - Started process (PID=38437) to work on /opt/airflow/dags/tmdb_incremental_sync.py
[2026-07-21T18:23:03.366+0000] {processor.py:914} INFO - Processing file /opt/airflow/dags/tmdb_incremental_sync.py for tasks to queue
[2026-07-21T18:23:03.369+0000] {logging_mixin.py:190} INFO - [2026-07-21T18:23:03.369+0000] {dagbag.py:587} INFO - Filling up the DagBag from /opt/airflow/dags/tmdb_incremental_sync.py
[2026-07-21T18:23:03.399+0000] {processor.py:925} INFO - DAG(s) 'tmdb_incremental_sync' retrieved from /opt/airflow/dags/tmdb_incremental_sync.py
[2026-07-21T18:23:03.440+0000] {logging_mixin.py:190} INFO - [2026-07-21T18:23:03.439+0000] {dag.py:3211} INFO - Sync 1 DAGs
[2026-07-21T18:23:03.477+0000] {logging_mixin.py:190} INFO - [2026-07-21T18:23:03.476+0000] {dag.py:4138} INFO - Setting next_dagrun for tmdb_incremental_sync to 2026-07-21 00:00:00+00:00, run_after=2026-07-22 00:00:00+00:00
[2026-07-21T18:23:03.502+0000] {processor.py:208} INFO - Processing /opt/airflow/dags/tmdb_incremental_sync.py took 0.146 seconds
[2026-07-21T18:23:33.968+0000] {processor.py:186} INFO - Started process (PID=38447) to work on /opt/airflow/dags/tmdb_incremental_sync.py
[2026-07-21T18:23:33.970+0000] {processor.py:914} INFO - Processing file /opt/airflow/dags/tmdb_incremental_sync.py for tasks to queue
[2026-07-21T18:23:33.974+0000] {logging_mixin.py:190} INFO - [2026-07-21T18:23:33.974+0000] {dagbag.py:587} INFO - Filling up the DagBag from /opt/airflow/dags/tmdb_incremental_sync.py
[2026-07-21T18:23:34.028+0000] {processor.py:925} INFO - DAG(s) 'tmdb_incremental_sync' retrieved from /opt/airflow/dags/tmdb_incremental_sync.py
[2026-07-21T18:23:34.340+0000] {logging_mixin.py:190} INFO - [2026-07-21T18:23:34.338+0000] {dag.py:3211} INFO - Sync 1 DAGs
[2026-07-21T18:23:34.771+0000] {logging_mixin.py:190} INFO - [2026-07-21T18:23:34.771+0000] {dag.py:4138} INFO - Setting next_dagrun for tmdb_incremental_sync to 2026-07-21 00:00:00+00:00, run_after=2026-07-22 00:00:00+00:00
[2026-07-21T18:23:34.812+0000] {processor.py:208} INFO - Processing /opt/airflow/dags/tmdb_incremental_sync.py took 0.858 seconds
[2026-07-21T18:24:05.108+0000] {processor.py:186} INFO - Started process (PID=38457) to work on /opt/airflow/dags/tmdb_incremental_sync.py
[2026-07-21T18:24:05.109+0000] {processor.py:914} INFO - Processing file /opt/airflow/dags/tmdb_incremental_sync.py for tasks to queue
[2026-07-21T18:24:05.113+0000] {logging_mixin.py:190} INFO - [2026-07-21T18:24:05.113+0000] {dagbag.py:587} INFO - Filling up the DagBag from /opt/airflow/dags/tmdb_incremental_sync.py
[2026-07-21T18:24:05.143+0000] {processor.py:925} INFO - DAG(s) 'tmdb_incremental_sync' retrieved from /opt/airflow/dags/tmdb_incremental_sync.py
[2026-07-21T18:24:05.337+0000] {logging_mixin.py:190} INFO - [2026-07-21T18:24:05.336+0000] {dag.py:3211} INFO - Sync 1 DAGs
[2026-07-21T18:24:05.601+0000] {logging_mixin.py:190} INFO - [2026-07-21T18:24:05.601+0000] {dag.py:4138} INFO - Setting next_dagrun for tmdb_incremental_sync to 2026-07-21 00:00:00+00:00, run_after=2026-07-22 00:00:00+00:00
[2026-07-21T18:24:05.631+0000] {processor.py:208} INFO - Processing /opt/airflow/dags/tmdb_incremental_sync.py took 0.532 seconds
[2026-07-21T18:24:35.905+0000] {processor.py:186} INFO - Started process (PID=38467) to work on /opt/airflow/dags/tmdb_incremental_sync.py
[2026-07-21T18:24:35.906+0000] {processor.py:914} INFO - Processing file /opt/airflow/dags/tmdb_incremental_sync.py for tasks to queue
[2026-07-21T18:24:35.912+0000] {logging_mixin.py:190} INFO - [2026-07-21T18:24:35.911+0000] {dagbag.py:587} INFO - Filling up the DagBag from /opt/airflow/dags/tmdb_incremental_sync.py
[2026-07-21T18:24:35.940+0000] {processor.py:925} INFO - DAG(s) 'tmdb_incremental_sync' retrieved from /opt/airflow/dags/tmdb_incremental_sync.py
[2026-07-21T18:24:35.983+0000] {logging_mixin.py:190} INFO - [2026-07-21T18:24:35.983+0000] {dag.py:3211} INFO - Sync 1 DAGs
[2026-07-21T18:24:36.072+0000] {logging_mixin.py:190} INFO - [2026-07-21T18:24:36.072+0000] {dag.py:4138} INFO - Setting next_dagrun for tmdb_incremental_sync to 2026-07-21 00:00:00+00:00, run_after=2026-07-22 00:00:00+00:00
[2026-07-21T18:24:36.130+0000] {processor.py:208} INFO - Processing /opt/airflow/dags/tmdb_incremental_sync.py took 0.233 seconds
[2026-07-21T18:25:06.456+0000] {processor.py:186} INFO - Started process (PID=38477) to work on /opt/airflow/dags/tmdb_incremental_sync.py
[2026-07-21T18:25:06.458+0000] {processor.py:914} INFO - Processing file /opt/airflow/dags/tmdb_incremental_sync.py for tasks to queue
[2026-07-21T18:25:06.462+0000] {logging_mixin.py:190} INFO - [2026-07-21T18:25:06.462+0000] {dagbag.py:587} INFO - Filling up the DagBag from /opt/airflow/dags/tmdb_incremental_sync.py
[2026-07-21T18:25:06.501+0000] {processor.py:925} INFO - DAG(s) 'tmdb_incremental_sync' retrieved from /opt/airflow/dags/tmdb_incremental_sync.py
[2026-07-21T18:25:06.541+0000] {logging_mixin.py:190} INFO - [2026-07-21T18:25:06.540+0000] {dag.py:3211} INFO - Sync 1 DAGs
[2026-07-21T18:25:06.582+0000] {logging_mixin.py:190} INFO - [2026-07-21T18:25:06.581+0000] {dag.py:4138} INFO - Setting next_dagrun for tmdb_incremental_sync to 2026-07-21 00:00:00+00:00, run_after=2026-07-22 00:00:00+00:00
[2026-07-21T18:25:06.608+0000] {processor.py:208} INFO - Processing /opt/airflow/dags/tmdb_incremental_sync.py took 0.219 seconds
[2026-07-21T18:25:36.920+0000] {processor.py:186} INFO - Started process (PID=38486) to work on /opt/airflow/dags/tmdb_incremental_sync.py
[2026-07-21T18:25:36.922+0000] {processor.py:914} INFO - Processing file /opt/airflow/dags/tmdb_incremental_sync.py for tasks to queue
[2026-07-21T18:25:36.926+0000] {logging_mixin.py:190} INFO - [2026-07-21T18:25:36.925+0000] {dagbag.py:587} INFO - Filling up the DagBag from /opt/airflow/dags/tmdb_incremental_sync.py
[2026-07-21T18:25:36.959+0000] {processor.py:925} INFO - DAG(s) 'tmdb_incremental_sync' retrieved from /opt/airflow/dags/tmdb_incremental_sync.py
[2026-07-21T18:25:37.000+0000] {logging_mixin.py:190} INFO - [2026-07-21T18:25:36.999+0000] {dag.py:3211} INFO - Sync 1 DAGs
[2026-07-21T18:25:37.140+0000] {logging_mixin.py:190} INFO - [2026-07-21T18:25:37.139+0000] {dag.py:4138} INFO - Setting next_dagrun for tmdb_incremental_sync to 2026-07-21 00:00:00+00:00, run_after=2026-07-22 00:00:00+00:00
[2026-07-21T18:25:37.171+0000] {processor.py:208} INFO - Processing /opt/airflow/dags/tmdb_incremental_sync.py took 0.263 seconds
[2026-07-21T18:26:07.493+0000] {processor.py:186} INFO - Started process (PID=38497) to work on /opt/airflow/dags/tmdb_incremental_sync.py
[2026-07-21T18:26:07.495+0000] {processor.py:914} INFO - Processing file /opt/airflow/dags/tmdb_incremental_sync.py for tasks to queue
[2026-07-21T18:26:07.499+0000] {logging_mixin.py:190} INFO - [2026-07-21T18:26:07.498+0000] {dagbag.py:587} INFO - Filling up the DagBag from /opt/airflow/dags/tmdb_incremental_sync.py
[2026-07-21T18:26:07.530+0000] {processor.py:925} INFO - DAG(s) 'tmdb_incremental_sync' retrieved from /opt/airflow/dags/tmdb_incremental_sync.py
[2026-07-21T18:26:07.572+0000] {logging_mixin.py:190} INFO - [2026-07-21T18:26:07.572+0000] {dag.py:3211} INFO - Sync 1 DAGs
[2026-07-21T18:26:07.614+0000] {logging_mixin.py:190} INFO - [2026-07-21T18:26:07.613+0000] {dag.py:4138} INFO - Setting next_dagrun for tmdb_incremental_sync to 2026-07-21 00:00:00+00:00, run_after=2026-07-22 00:00:00+00:00
[2026-07-21T18:26:07.640+0000] {processor.py:208} INFO - Processing /opt/airflow/dags/tmdb_incremental_sync.py took 0.156 seconds
[2026-07-21T18:26:37.946+0000] {processor.py:186} INFO - Started process (PID=38507) to work on /opt/airflow/dags/tmdb_incremental_sync.py
[2026-07-21T18:26:37.949+0000] {processor.py:914} INFO - Processing file /opt/airflow/dags/tmdb_incremental_sync.py for tasks to queue
[2026-07-21T18:26:37.953+0000] {logging_mixin.py:190} INFO - [2026-07-21T18:26:37.952+0000] {dagbag.py:587} INFO - Filling up the DagBag from /opt/airflow/dags/tmdb_incremental_sync.py
[2026-07-21T18:26:37.986+0000] {processor.py:925} INFO - DAG(s) 'tmdb_incremental_sync' retrieved from /opt/airflow/dags/tmdb_incremental_sync.py
[2026-07-21T18:26:38.030+0000] {logging_mixin.py:190} INFO - [2026-07-21T18:26:38.030+0000] {dag.py:3211} INFO - Sync 1 DAGs
[2026-07-21T18:26:38.067+0000] {logging_mixin.py:190} INFO - [2026-07-21T18:26:38.067+0000] {dag.py:4138} INFO - Setting next_dagrun for tmdb_incremental_sync to 2026-07-21 00:00:00+00:00, run_after=2026-07-22 00:00:00+00:00
[2026-07-21T18:26:38.092+0000] {processor.py:208} INFO - Processing /opt/airflow/dags/tmdb_incremental_sync.py took 0.157 seconds
[2026-07-21T18:27:08.450+0000] {processor.py:186} INFO - Started process (PID=38517) to work on /opt/airflow/dags/tmdb_incremental_sync.py
[2026-07-21T18:27:08.452+0000] {processor.py:914} INFO - Processing file /opt/airflow/dags/tmdb_incremental_sync.py for tasks to queue
[2026-07-21T18:27:08.457+0000] {logging_mixin.py:190} INFO - [2026-07-21T18:27:08.456+0000] {dagbag.py:587} INFO - Filling up the DagBag from /opt/airflow/dags/tmdb_incremental_sync.py
[2026-07-21T18:27:08.567+0000] {processor.py:925} INFO - DAG(s) 'tmdb_incremental_sync' retrieved from /opt/airflow/dags/tmdb_incremental_sync.py
[2026-07-21T18:27:08.872+0000] {logging_mixin.py:190} INFO - [2026-07-21T18:27:08.871+0000] {dag.py:3211} INFO - Sync 1 DAGs
[2026-07-21T18:27:09.107+0000] {logging_mixin.py:190} INFO - [2026-07-21T18:27:09.106+0000] {dag.py:4138} INFO - Setting next_dagrun for tmdb_incremental_sync to 2026-07-21 00:00:00+00:00, run_after=2026-07-22 00:00:00+00:00
[2026-07-21T18:27:09.134+0000] {processor.py:208} INFO - Processing /opt/airflow/dags/tmdb_incremental_sync.py took 0.696 seconds
[2026-07-21T18:27:39.388+0000] {processor.py:186} INFO - Started process (PID=38527) to work on /opt/airflow/dags/tmdb_incremental_sync.py
[2026-07-21T18:27:39.389+0000] {processor.py:914} INFO - Processing file /opt/airflow/dags/tmdb_incremental_sync.py for tasks to queue
[2026-07-21T18:27:39.393+0000] {logging_mixin.py:190} INFO - [2026-07-21T18:27:39.392+0000] {dagbag.py:587} INFO - Filling up the DagBag from /opt/airflow/dags/tmdb_incremental_sync.py
[2026-07-21T18:27:39.423+0000] {processor.py:925} INFO - DAG(s) 'tmdb_incremental_sync' retrieved from /opt/airflow/dags/tmdb_incremental_sync.py
[2026-07-21T18:27:39.465+0000] {logging_mixin.py:190} INFO - [2026-07-21T18:27:39.465+0000] {dag.py:3211} INFO - Sync 1 DAGs
[2026-07-21T18:27:39.512+0000] {logging_mixin.py:190} INFO - [2026-07-21T18:27:39.512+0000] {dag.py:4138} INFO - Setting next_dagrun for tmdb_incremental_sync to 2026-07-21 00:00:00+00:00, run_after=2026-07-22 00:00:00+00:00
[2026-07-21T18:27:39.538+0000] {processor.py:208} INFO - Processing /opt/airflow/dags/tmdb_incremental_sync.py took 0.165 seconds
[2026-07-21T18:28:09.840+0000] {processor.py:186} INFO - Started process (PID=38537) to work on /opt/airflow/dags/tmdb_incremental_sync.py
[2026-07-21T18:28:09.842+0000] {processor.py:914} INFO - Processing file /opt/airflow/dags/tmdb_incremental_sync.py for tasks to queue
[2026-07-21T18:28:09.845+0000] {logging_mixin.py:190} INFO - [2026-07-21T18:28:09.844+0000] {dagbag.py:587} INFO - Filling up the DagBag from /opt/airflow/dags/tmdb_incremental_sync.py
[2026-07-21T18:28:09.874+0000] {processor.py:925} INFO - DAG(s) 'tmdb_incremental_sync' retrieved from /opt/airflow/dags/tmdb_incremental_sync.py
[2026-07-21T18:28:09.916+0000] {logging_mixin.py:190} INFO - [2026-07-21T18:28:09.916+0000] {dag.py:3211} INFO - Sync 1 DAGs
[2026-07-21T18:28:10.117+0000] {logging_mixin.py:190} INFO - [2026-07-21T18:28:10.117+0000] {dag.py:4138} INFO - Setting next_dagrun for tmdb_incremental_sync to 2026-07-21 00:00:00+00:00, run_after=2026-07-22 00:00:00+00:00
[2026-07-21T18:28:10.143+0000] {processor.py:208} INFO - Processing /opt/airflow/dags/tmdb_incremental_sync.py took 0.312 seconds
[2026-07-21T18:28:40.412+0000] {processor.py:186} INFO - Started process (PID=38547) to work on /opt/airflow/dags/tmdb_incremental_sync.py
[2026-07-21T18:28:40.413+0000] {processor.py:914} INFO - Processing file /opt/airflow/dags/tmdb_incremental_sync.py for tasks to queue
[2026-07-21T18:28:40.416+0000] {logging_mixin.py:190} INFO - [2026-07-21T18:28:40.416+0000] {dagbag.py:587} INFO - Filling up the DagBag from /opt/airflow/dags/tmdb_incremental_sync.py
[2026-07-21T18:28:40.445+0000] {processor.py:925} INFO - DAG(s) 'tmdb_incremental_sync' retrieved from /opt/airflow/dags/tmdb_incremental_sync.py
[2026-07-21T18:28:40.498+0000] {logging_mixin.py:190} INFO - [2026-07-21T18:28:40.497+0000] {dag.py:3211} INFO - Sync 1 DAGs
[2026-07-21T18:28:40.537+0000] {logging_mixin.py:190} INFO - [2026-07-21T18:28:40.536+0000] {dag.py:4138} INFO - Setting next_dagrun for tmdb_incremental_sync to 2026-07-21 00:00:00+00:00, run_after=2026-07-22 00:00:00+00:00
[2026-07-21T18:28:40.562+0000] {processor.py:208} INFO - Processing /opt/airflow/dags/tmdb_incremental_sync.py took 0.158 seconds
[2026-07-21T18:29:10.831+0000] {processor.py:186} INFO - Started process (PID=38557) to work on /opt/airflow/dags/tmdb_incremental_sync.py
[2026-07-21T18:29:10.832+0000] {processor.py:914} INFO - Processing file /opt/airflow/dags/tmdb_incremental_sync.py for tasks to queue
[2026-07-21T18:29:10.836+0000] {logging_mixin.py:190} INFO - [2026-07-21T18:29:10.835+0000] {dagbag.py:587} INFO - Filling up the DagBag from /opt/airflow/dags/tmdb_incremental_sync.py
[2026-07-21T18:29:10.870+0000] {processor.py:925} INFO - DAG(s) 'tmdb_incremental_sync' retrieved from /opt/airflow/dags/tmdb_incremental_sync.py
[2026-07-21T18:29:10.910+0000] {logging_mixin.py:190} INFO - [2026-07-21T18:29:10.910+0000] {dag.py:3211} INFO - Sync 1 DAGs
[2026-07-21T18:29:10.945+0000] {logging_mixin.py:190} INFO - [2026-07-21T18:29:10.945+0000] {dag.py:4138} INFO - Setting next_dagrun for tmdb_incremental_sync to 2026-07-21 00:00:00+00:00, run_after=2026-07-22 00:00:00+00:00
[2026-07-21T18:29:10.972+0000] {processor.py:208} INFO - Processing /opt/airflow/dags/tmdb_incremental_sync.py took 0.149 seconds
[2026-07-21T18:29:41.272+0000] {processor.py:186} INFO - Started process (PID=38567) to work on /opt/airflow/dags/tmdb_incremental_sync.py
[2026-07-21T18:29:41.273+0000] {processor.py:914} INFO - Processing file /opt/airflow/dags/tmdb_incremental_sync.py for tasks to queue
[2026-07-21T18:29:41.277+0000] {logging_mixin.py:190} INFO - [2026-07-21T18:29:41.276+0000] {dagbag.py:587} INFO - Filling up the DagBag from /opt/airflow/dags/tmdb_incremental_sync.py
[2026-07-21T18:29:41.309+0000] {processor.py:925} INFO - DAG(s) 'tmdb_incremental_sync' retrieved from /opt/airflow/dags/tmdb_incremental_sync.py
[2026-07-21T18:29:41.352+0000] {logging_mixin.py:190} INFO - [2026-07-21T18:29:41.351+0000] {dag.py:3211} INFO - Sync 1 DAGs
[2026-07-21T18:29:41.392+0000] {logging_mixin.py:190} INFO - [2026-07-21T18:29:41.392+0000] {dag.py:4138} INFO - Setting next_dagrun for tmdb_incremental_sync to 2026-07-21 00:00:00+00:00, run_after=2026-07-22 00:00:00+00:00
[2026-07-21T18:29:41.422+0000] {processor.py:208} INFO - Processing /opt/airflow/dags/tmdb_incremental_sync.py took 0.159 seconds
[2026-07-21T18:30:11.704+0000] {processor.py:186} INFO - Started process (PID=38577) to work on /opt/airflow/dags/tmdb_incremental_sync.py
[2026-07-21T18:30:11.706+0000] {processor.py:914} INFO - Processing file /opt/airflow/dags/tmdb_incremental_sync.py for tasks to queue
[2026-07-21T18:30:11.710+0000] {logging_mixin.py:190} INFO - [2026-07-21T18:30:11.709+0000] {dagbag.py:587} INFO - Filling up the DagBag from /opt/airflow/dags/tmdb_incremental_sync.py
[2026-07-21T18:30:11.742+0000] {processor.py:925} INFO - DAG(s) 'tmdb_incremental_sync' retrieved from /opt/airflow/dags/tmdb_incremental_sync.py
[2026-07-21T18:30:11.788+0000] {logging_mixin.py:190} INFO - [2026-07-21T18:30:11.787+0000] {dag.py:3211} INFO - Sync 1 DAGs
[2026-07-21T18:30:11.920+0000] {logging_mixin.py:190} INFO - [2026-07-21T18:30:11.919+0000] {dag.py:4138} INFO - Setting next_dagrun for tmdb_incremental_sync to 2026-07-21 00:00:00+00:00, run_after=2026-07-22 00:00:00+00:00
[2026-07-21T18:30:11.947+0000] {processor.py:208} INFO - Processing /opt/airflow/dags/tmdb_incremental_sync.py took 0.251 seconds
[2026-07-21T18:30:42.253+0000] {processor.py:186} INFO - Started process (PID=38587) to work on /opt/airflow/dags/tmdb_incremental_sync.py
[2026-07-21T18:30:42.254+0000] {processor.py:914} INFO - Processing file /opt/airflow/dags/tmdb_incremental_sync.py for tasks to queue
[2026-07-21T18:30:42.259+0000] {logging_mixin.py:190} INFO - [2026-07-21T18:30:42.258+0000] {dagbag.py:587} INFO - Filling up the DagBag from /opt/airflow/dags/tmdb_incremental_sync.py
[2026-07-21T18:30:42.291+0000] {processor.py:925} INFO - DAG(s) 'tmdb_incremental_sync' retrieved from /opt/airflow/dags/tmdb_incremental_sync.py
[2026-07-21T18:30:42.333+0000] {logging_mixin.py:190} INFO - [2026-07-21T18:30:42.333+0000] {dag.py:3211} INFO - Sync 1 DAGs
[2026-07-21T18:30:42.373+0000] {logging_mixin.py:190} INFO - [2026-07-21T18:30:42.373+0000] {dag.py:4138} INFO - Setting next_dagrun for tmdb_incremental_sync to 2026-07-21 00:00:00+00:00, run_after=2026-07-22 00:00:00+00:00
[2026-07-21T18:30:42.399+0000] {processor.py:208} INFO - Processing /opt/airflow/dags/tmdb_incremental_sync.py took 0.157 seconds
[2026-07-21T18:31:12.782+0000] {processor.py:186} INFO - Started process (PID=38597) to work on /opt/airflow/dags/tmdb_incremental_sync.py
[2026-07-21T18:31:12.783+0000] {processor.py:914} INFO - Processing file /opt/airflow/dags/tmdb_incremental_sync.py for tasks to queue
[2026-07-21T18:31:12.787+0000] {logging_mixin.py:190} INFO - [2026-07-21T18:31:12.786+0000] {dagbag.py:587} INFO - Filling up the DagBag from /opt/airflow/dags/tmdb_incremental_sync.py
[2026-07-21T18:31:12.820+0000] {processor.py:925} INFO - DAG(s) 'tmdb_incremental_sync' retrieved from /opt/airflow/dags/tmdb_incremental_sync.py
[2026-07-21T18:31:12.863+0000] {logging_mixin.py:190} INFO - [2026-07-21T18:31:12.863+0000] {dag.py:3211} INFO - Sync 1 DAGs
[2026-07-21T18:31:12.915+0000] {logging_mixin.py:190} INFO - [2026-07-21T18:31:12.915+0000] {dag.py:4138} INFO - Setting next_dagrun for tmdb_incremental_sync to 2026-07-21 00:00:00+00:00, run_after=2026-07-22 00:00:00+00:00
[2026-07-21T18:31:12.942+0000] {processor.py:208} INFO - Processing /opt/airflow/dags/tmdb_incremental_sync.py took 0.169 seconds
[2026-07-21T18:31:43.418+0000] {processor.py:186} INFO - Started process (PID=38607) to work on /opt/airflow/dags/tmdb_incremental_sync.py
[2026-07-21T18:31:43.422+0000] {processor.py:914} INFO - Processing file /opt/airflow/dags/tmdb_incremental_sync.py for tasks to queue
[2026-07-21T18:31:43.431+0000] {logging_mixin.py:190} INFO - [2026-07-21T18:31:43.430+0000] {dagbag.py:587} INFO - Filling up the DagBag from /opt/airflow/dags/tmdb_incremental_sync.py
[2026-07-21T18:31:43.469+0000] {processor.py:925} INFO - DAG(s) 'tmdb_incremental_sync' retrieved from /opt/airflow/dags/tmdb_incremental_sync.py
[2026-07-21T18:31:43.521+0000] {logging_mixin.py:190} INFO - [2026-07-21T18:31:43.520+0000] {dag.py:3211} INFO - Sync 1 DAGs
[2026-07-21T18:31:43.688+0000] {logging_mixin.py:190} INFO - [2026-07-21T18:31:43.687+0000] {dag.py:4138} INFO - Setting next_dagrun for tmdb_incremental_sync to 2026-07-21 00:00:00+00:00, run_after=2026-07-22 00:00:00+00:00
[2026-07-21T18:31:43.716+0000] {processor.py:208} INFO - Processing /opt/airflow/dags/tmdb_incremental_sync.py took 0.323 seconds
[2026-07-21T18:32:13.991+0000] {processor.py:186} INFO - Started process (PID=38617) to work on /opt/airflow/dags/tmdb_incremental_sync.py
[2026-07-21T18:32:13.992+0000] {processor.py:914} INFO - Processing file /opt/airflow/dags/tmdb_incremental_sync.py for tasks to queue
[2026-07-21T18:32:13.996+0000] {logging_mixin.py:190} INFO - [2026-07-21T18:32:13.996+0000] {dagbag.py:587} INFO - Filling up the DagBag from /opt/airflow/dags/tmdb_incremental_sync.py
[2026-07-21T18:32:14.031+0000] {processor.py:925} INFO - DAG(s) 'tmdb_incremental_sync' retrieved from /opt/airflow/dags/tmdb_incremental_sync.py
[2026-07-21T18:32:14.078+0000] {logging_mixin.py:190} INFO - [2026-07-21T18:32:14.078+0000] {dag.py:3211} INFO - Sync 1 DAGs
[2026-07-21T18:32:14.119+0000] {logging_mixin.py:190} INFO - [2026-07-21T18:32:14.119+0000] {dag.py:4138} INFO - Setting next_dagrun for tmdb_incremental_sync to 2026-07-21 00:00:00+00:00, run_after=2026-07-22 00:00:00+00:00
[2026-07-21T18:32:14.148+0000] {processor.py:208} INFO - Processing /opt/airflow/dags/tmdb_incremental_sync.py took 0.166 seconds
[2026-07-21T18:32:44.446+0000] {processor.py:186} INFO - Started process (PID=38627) to work on /opt/airflow/dags/tmdb_incremental_sync.py
[2026-07-21T18:32:44.447+0000] {processor.py:914} INFO - Processing file /opt/airflow/dags/tmdb_incremental_sync.py for tasks to queue
[2026-07-21T18:32:44.451+0000] {logging_mixin.py:190} INFO - [2026-07-21T18:32:44.450+0000] {dagbag.py:587} INFO - Filling up the DagBag from /opt/airflow/dags/tmdb_incremental_sync.py
[2026-07-21T18:32:44.488+0000] {processor.py:925} INFO - DAG(s) 'tmdb_incremental_sync' retrieved from /opt/airflow/dags/tmdb_incremental_sync.py
[2026-07-21T18:32:44.532+0000] {logging_mixin.py:190} INFO - [2026-07-21T18:32:44.531+0000] {dag.py:3211} INFO - Sync 1 DAGs
[2026-07-21T18:32:44.655+0000] {logging_mixin.py:190} INFO - [2026-07-21T18:32:44.654+0000] {dag.py:4138} INFO - Setting next_dagrun for tmdb_incremental_sync to 2026-07-21 00:00:00+00:00, run_after=2026-07-22 00:00:00+00:00
[2026-07-21T18:32:44.682+0000] {processor.py:208} INFO - Processing /opt/airflow/dags/tmdb_incremental_sync.py took 0.246 seconds
[2026-07-21T18:33:14.962+0000] {processor.py:186} INFO - Started process (PID=38637) to work on /opt/airflow/dags/tmdb_incremental_sync.py
[2026-07-21T18:33:14.963+0000] {processor.py:914} INFO - Processing file /opt/airflow/dags/tmdb_incremental_sync.py for tasks to queue
[2026-07-21T18:33:14.967+0000] {logging_mixin.py:190} INFO - [2026-07-21T18:33:14.967+0000] {dagbag.py:587} INFO - Filling up the DagBag from /opt/airflow/dags/tmdb_incremental_sync.py
[2026-07-21T18:33:15.001+0000] {processor.py:925} INFO - DAG(s) 'tmdb_incremental_sync' retrieved from /opt/airflow/dags/tmdb_incremental_sync.py
[2026-07-21T18:33:15.052+0000] {logging_mixin.py:190} INFO - [2026-07-21T18:33:15.051+0000] {dag.py:3211} INFO - Sync 1 DAGs
[2026-07-21T18:33:15.094+0000] {logging_mixin.py:190} INFO - [2026-07-21T18:33:15.094+0000] {dag.py:4138} INFO - Setting next_dagrun for tmdb_incremental_sync to 2026-07-21 00:00:00+00:00, run_after=2026-07-22 00:00:00+00:00
[2026-07-21T18:33:15.123+0000] {processor.py:208} INFO - Processing /opt/airflow/dags/tmdb_incremental_sync.py took 0.170 seconds
[2026-07-21T18:33:45.413+0000] {processor.py:186} INFO - Started process (PID=38647) to work on /opt/airflow/dags/tmdb_incremental_sync.py
[2026-07-21T18:33:45.415+0000] {processor.py:914} INFO - Processing file /opt/airflow/dags/tmdb_incremental_sync.py for tasks to queue
[2026-07-21T18:33:45.419+0000] {logging_mixin.py:190} INFO - [2026-07-21T18:33:45.418+0000] {dagbag.py:587} INFO - Filling up the DagBag from /opt/airflow/dags/tmdb_incremental_sync.py
[2026-07-21T18:33:45.446+0000] {processor.py:925} INFO - DAG(s) 'tmdb_incremental_sync' retrieved from /opt/airflow/dags/tmdb_incremental_sync.py
[2026-07-21T18:33:45.487+0000] {logging_mixin.py:190} INFO - [2026-07-21T18:33:45.487+0000] {dag.py:3211} INFO - Sync 1 DAGs
[2026-07-21T18:33:45.523+0000] {logging_mixin.py:190} INFO - [2026-07-21T18:33:45.523+0000] {dag.py:4138} INFO - Setting next_dagrun for tmdb_incremental_sync to 2026-07-21 00:00:00+00:00, run_after=2026-07-22 00:00:00+00:00
[2026-07-21T18:33:45.576+0000] {processor.py:208} INFO - Processing /opt/airflow/dags/tmdb_incremental_sync.py took 0.171 seconds
[2026-07-21T18:34:15.849+0000] {processor.py:186} INFO - Started process (PID=38657) to work on /opt/airflow/dags/tmdb_incremental_sync.py
[2026-07-21T18:34:15.850+0000] {processor.py:914} INFO - Processing file /opt/airflow/dags/tmdb_incremental_sync.py for tasks to queue
[2026-07-21T18:34:15.853+0000] {logging_mixin.py:190} INFO - [2026-07-21T18:34:15.853+0000] {dagbag.py:587} INFO - Filling up the DagBag from /opt/airflow/dags/tmdb_incremental_sync.py
[2026-07-21T18:34:15.885+0000] {processor.py:925} INFO - DAG(s) 'tmdb_incremental_sync' retrieved from /opt/airflow/dags/tmdb_incremental_sync.py
[2026-07-21T18:34:15.932+0000] {logging_mixin.py:190} INFO - [2026-07-21T18:34:15.932+0000] {dag.py:3211} INFO - Sync 1 DAGs
[2026-07-21T18:34:15.977+0000] {logging_mixin.py:190} INFO - [2026-07-21T18:34:15.977+0000] {dag.py:4138} INFO - Setting next_dagrun for tmdb_incremental_sync to 2026-07-21 00:00:00+00:00, run_after=2026-07-22 00:00:00+00:00
[2026-07-21T18:34:16.006+0000] {processor.py:208} INFO - Processing /opt/airflow/dags/tmdb_incremental_sync.py took 0.168 seconds
[2026-07-21T18:34:46.304+0000] {processor.py:186} INFO - Started process (PID=38667) to work on /opt/airflow/dags/tmdb_incremental_sync.py
[2026-07-21T18:34:46.305+0000] {processor.py:914} INFO - Processing file /opt/airflow/dags/tmdb_incremental_sync.py for tasks to queue
[2026-07-21T18:34:46.309+0000] {logging_mixin.py:190} INFO - [2026-07-21T18:34:46.308+0000] {dagbag.py:587} INFO - Filling up the DagBag from /opt/airflow/dags/tmdb_incremental_sync.py
[2026-07-21T18:34:46.338+0000] {processor.py:925} INFO - DAG(s) 'tmdb_incremental_sync' retrieved from /opt/airflow/dags/tmdb_incremental_sync.py
[2026-07-21T18:34:46.377+0000] {logging_mixin.py:190} INFO - [2026-07-21T18:34:46.377+0000] {dag.py:3211} INFO - Sync 1 DAGs
[2026-07-21T18:34:46.415+0000] {logging_mixin.py:190} INFO - [2026-07-21T18:34:46.414+0000] {dag.py:4138} INFO - Setting next_dagrun for tmdb_incremental_sync to 2026-07-21 00:00:00+00:00, run_after=2026-07-22 00:00:00+00:00
[2026-07-21T18:34:46.442+0000] {processor.py:208} INFO - Processing /opt/airflow/dags/tmdb_incremental_sync.py took 0.147 seconds
[2026-07-21T18:35:16.727+0000] {processor.py:186} INFO - Started process (PID=38677) to work on /opt/airflow/dags/tmdb_incremental_sync.py
[2026-07-21T18:35:16.729+0000] {processor.py:914} INFO - Processing file /opt/airflow/dags/tmdb_incremental_sync.py for tasks to queue
[2026-07-21T18:35:16.732+0000] {logging_mixin.py:190} INFO - [2026-07-21T18:35:16.732+0000] {dagbag.py:587} INFO - Filling up the DagBag from /opt/airflow/dags/tmdb_incremental_sync.py
[2026-07-21T18:35:16.763+0000] {processor.py:925} INFO - DAG(s) 'tmdb_incremental_sync' retrieved from /opt/airflow/dags/tmdb_incremental_sync.py
[2026-07-21T18:35:16.803+0000] {logging_mixin.py:190} INFO - [2026-07-21T18:35:16.803+0000] {dag.py:3211} INFO - Sync 1 DAGs
[2026-07-21T18:35:16.842+0000] {logging_mixin.py:190} INFO - [2026-07-21T18:35:16.842+0000] {dag.py:4138} INFO - Setting next_dagrun for tmdb_incremental_sync to 2026-07-21 00:00:00+00:00, run_after=2026-07-22 00:00:00+00:00
[2026-07-21T18:35:16.868+0000] {processor.py:208} INFO - Processing /opt/airflow/dags/tmdb_incremental_sync.py took 0.150 seconds
[2026-07-21T18:35:47.242+0000] {processor.py:186} INFO - Started process (PID=38687) to work on /opt/airflow/dags/tmdb_incremental_sync.py
[2026-07-21T18:35:47.253+0000] {processor.py:914} INFO - Processing file /opt/airflow/dags/tmdb_incremental_sync.py for tasks to queue
[2026-07-21T18:35:47.258+0000] {logging_mixin.py:190} INFO - [2026-07-21T18:35:47.257+0000] {dagbag.py:587} INFO - Filling up the DagBag from /opt/airflow/dags/tmdb_incremental_sync.py
[2026-07-21T18:35:47.294+0000] {processor.py:925} INFO - DAG(s) 'tmdb_incremental_sync' retrieved from /opt/airflow/dags/tmdb_incremental_sync.py
[2026-07-21T18:35:47.335+0000] {logging_mixin.py:190} INFO - [2026-07-21T18:35:47.335+0000] {dag.py:3211} INFO - Sync 1 DAGs
[2026-07-21T18:35:47.393+0000] {logging_mixin.py:190} INFO - [2026-07-21T18:35:47.392+0000] {dag.py:4138} INFO - Setting next_dagrun for tmdb_incremental_sync to 2026-07-21 00:00:00+00:00, run_after=2026-07-22 00:00:00+00:00
[2026-07-21T18:35:47.433+0000] {processor.py:208} INFO - Processing /opt/airflow/dags/tmdb_incremental_sync.py took 0.199 seconds
[2026-07-21T18:36:17.716+0000] {processor.py:186} INFO - Started process (PID=38697) to work on /opt/airflow/dags/tmdb_incremental_sync.py
[2026-07-21T18:36:17.718+0000] {processor.py:914} INFO - Processing file /opt/airflow/dags/tmdb_incremental_sync.py for tasks to queue
[2026-07-21T18:36:17.724+0000] {logging_mixin.py:190} INFO - [2026-07-21T18:36:17.723+0000] {dagbag.py:587} INFO - Filling up the DagBag from /opt/airflow/dags/tmdb_incremental_sync.py
[2026-07-21T18:36:17.759+0000] {processor.py:925} INFO - DAG(s) 'tmdb_incremental_sync' retrieved from /opt/airflow/dags/tmdb_incremental_sync.py
[2026-07-21T18:36:17.809+0000] {logging_mixin.py:190} INFO - [2026-07-21T18:36:17.808+0000] {dag.py:3211} INFO - Sync 1 DAGs
[2026-07-21T18:36:17.852+0000] {logging_mixin.py:190} INFO - [2026-07-21T18:36:17.852+0000] {dag.py:4138} INFO - Setting next_dagrun for tmdb_incremental_sync to 2026-07-21 00:00:00+00:00, run_after=2026-07-22 00:00:00+00:00
[2026-07-21T18:36:17.882+0000] {processor.py:208} INFO - Processing /opt/airflow/dags/tmdb_incremental_sync.py took 0.178 seconds
[2026-07-21T18:36:48.280+0000] {processor.py:186} INFO - Started process (PID=38707) to work on /opt/airflow/dags/tmdb_incremental_sync.py
[2026-07-21T18:36:48.281+0000] {processor.py:914} INFO - Processing file /opt/airflow/dags/tmdb_incremental_sync.py for tasks to queue
[2026-07-21T18:36:48.285+0000] {logging_mixin.py:190} INFO - [2026-07-21T18:36:48.284+0000] {dagbag.py:587} INFO - Filling up the DagBag from /opt/airflow/dags/tmdb_incremental_sync.py
[2026-07-21T18:36:48.314+0000] {processor.py:925} INFO - DAG(s) 'tmdb_incremental_sync' retrieved from /opt/airflow/dags/tmdb_incremental_sync.py
[2026-07-21T18:36:48.356+0000] {logging_mixin.py:190} INFO - [2026-07-21T18:36:48.356+0000] {dag.py:3211} INFO - Sync 1 DAGs
[2026-07-21T18:36:48.407+0000] {logging_mixin.py:190} INFO - [2026-07-21T18:36:48.407+0000] {dag.py:4138} INFO - Setting next_dagrun for tmdb_incremental_sync to 2026-07-21 00:00:00+00:00, run_after=2026-07-22 00:00:00+00:00
[2026-07-21T18:36:48.434+0000] {processor.py:208} INFO - Processing /opt/airflow/dags/tmdb_incremental_sync.py took 0.162 seconds
[2026-07-21T18:37:18.721+0000] {processor.py:186} INFO - Started process (PID=38717) to work on /opt/airflow/dags/tmdb_incremental_sync.py
[2026-07-21T18:37:18.722+0000] {processor.py:914} INFO - Processing file /opt/airflow/dags/tmdb_incremental_sync.py for tasks to queue
[2026-07-21T18:37:18.726+0000] {logging_mixin.py:190} INFO - [2026-07-21T18:37:18.725+0000] {dagbag.py:587} INFO - Filling up the DagBag from /opt/airflow/dags/tmdb_incremental_sync.py
[2026-07-21T18:37:18.762+0000] {processor.py:925} INFO - DAG(s) 'tmdb_incremental_sync' retrieved from /opt/airflow/dags/tmdb_incremental_sync.py
[2026-07-21T18:37:18.804+0000] {logging_mixin.py:190} INFO - [2026-07-21T18:37:18.803+0000] {dag.py:3211} INFO - Sync 1 DAGs
[2026-07-21T18:37:18.841+0000] {logging_mixin.py:190} INFO - [2026-07-21T18:37:18.841+0000] {dag.py:4138} INFO - Setting next_dagrun for tmdb_incremental_sync to 2026-07-21 00:00:00+00:00, run_after=2026-07-22 00:00:00+00:00
[2026-07-21T18:37:18.868+0000] {processor.py:208} INFO - Processing /opt/airflow/dags/tmdb_incremental_sync.py took 0.155 seconds
[2026-07-21T18:37:49.172+0000] {processor.py:186} INFO - Started process (PID=38727) to work on /opt/airflow/dags/tmdb_incremental_sync.py
[2026-07-21T18:37:49.173+0000] {processor.py:914} INFO - Processing file /opt/airflow/dags/tmdb_incremental_sync.py for tasks to queue
[2026-07-21T18:37:49.176+0000] {logging_mixin.py:190} INFO - [2026-07-21T18:37:49.176+0000] {dagbag.py:587} INFO - Filling up the DagBag from /opt/airflow/dags/tmdb_incremental_sync.py
[2026-07-21T18:37:49.211+0000] {processor.py:925} INFO - DAG(s) 'tmdb_incremental_sync' retrieved from /opt/airflow/dags/tmdb_incremental_sync.py
[2026-07-21T18:37:49.258+0000] {logging_mixin.py:190} INFO - [2026-07-21T18:37:49.258+0000] {dag.py:3211} INFO - Sync 1 DAGs
[2026-07-21T18:37:49.297+0000] {logging_mixin.py:190} INFO - [2026-07-21T18:37:49.297+0000] {dag.py:4138} INFO - Setting next_dagrun for tmdb_incremental_sync to 2026-07-21 00:00:00+00:00, run_after=2026-07-22 00:00:00+00:00
[2026-07-21T18:37:49.330+0000] {processor.py:208} INFO - Processing /opt/airflow/dags/tmdb_incremental_sync.py took 0.168 seconds
[2026-07-21T18:38:19.614+0000] {processor.py:186} INFO - Started process (PID=38737) to work on /opt/airflow/dags/tmdb_incremental_sync.py
[2026-07-21T18:38:19.616+0000] {processor.py:914} INFO - Processing file /opt/airflow/dags/tmdb_incremental_sync.py for tasks to queue
[2026-07-21T18:38:19.619+0000] {logging_mixin.py:190} INFO - [2026-07-21T18:38:19.619+0000] {dagbag.py:587} INFO - Filling up the DagBag from /opt/airflow/dags/tmdb_incremental_sync.py
[2026-07-21T18:38:19.653+0000] {processor.py:925} INFO - DAG(s) 'tmdb_incremental_sync' retrieved from /opt/airflow/dags/tmdb_incremental_sync.py
[2026-07-21T18:38:19.705+0000] {logging_mixin.py:190} INFO - [2026-07-21T18:38:19.704+0000] {dag.py:3211} INFO - Sync 1 DAGs
[2026-07-21T18:38:19.752+0000] {logging_mixin.py:190} INFO - [2026-07-21T18:38:19.751+0000] {dag.py:4138} INFO - Setting next_dagrun for tmdb_incremental_sync to 2026-07-21 00:00:00+00:00, run_after=2026-07-22 00:00:00+00:00
[2026-07-21T18:38:19.782+0000] {processor.py:208} INFO - Processing /opt/airflow/dags/tmdb_incremental_sync.py took 0.178 seconds
[2026-07-21T18:38:50.160+0000] {processor.py:186} INFO - Started process (PID=38747) to work on /opt/airflow/dags/tmdb_incremental_sync.py
[2026-07-21T18:38:50.162+0000] {processor.py:914} INFO - Processing file /opt/airflow/dags/tmdb_incremental_sync.py for tasks to queue
[2026-07-21T18:38:50.165+0000] {logging_mixin.py:190} INFO - [2026-07-21T18:38:50.165+0000] {dagbag.py:587} INFO - Filling up the DagBag from /opt/airflow/dags/tmdb_incremental_sync.py
[2026-07-21T18:38:50.195+0000] {processor.py:925} INFO - DAG(s) 'tmdb_incremental_sync' retrieved from /opt/airflow/dags/tmdb_incremental_sync.py
[2026-07-21T18:38:50.240+0000] {logging_mixin.py:190} INFO - [2026-07-21T18:38:50.240+0000] {dag.py:3211} INFO - Sync 1 DAGs
[2026-07-21T18:38:50.278+0000] {logging_mixin.py:190} INFO - [2026-07-21T18:38:50.278+0000] {dag.py:4138} INFO - Setting next_dagrun for tmdb_incremental_sync to 2026-07-21 00:00:00+00:00, run_after=2026-07-22 00:00:00+00:00
[2026-07-21T18:38:50.304+0000] {processor.py:208} INFO - Processing /opt/airflow/dags/tmdb_incremental_sync.py took 0.154 seconds
[2026-07-21T18:39:20.648+0000] {processor.py:186} INFO - Started process (PID=38757) to work on /opt/airflow/dags/tmdb_incremental_sync.py
[2026-07-21T18:39:20.649+0000] {processor.py:914} INFO - Processing file /opt/airflow/dags/tmdb_incremental_sync.py for tasks to queue
[2026-07-21T18:39:20.653+0000] {logging_mixin.py:190} INFO - [2026-07-21T18:39:20.653+0000] {dagbag.py:587} INFO - Filling up the DagBag from /opt/airflow/dags/tmdb_incremental_sync.py
[2026-07-21T18:39:20.684+0000] {processor.py:925} INFO - DAG(s) 'tmdb_incremental_sync' retrieved from /opt/airflow/dags/tmdb_incremental_sync.py
[2026-07-21T18:39:20.726+0000] {logging_mixin.py:190} INFO - [2026-07-21T18:39:20.726+0000] {dag.py:3211} INFO - Sync 1 DAGs
[2026-07-21T18:39:20.766+0000] {logging_mixin.py:190} INFO - [2026-07-21T18:39:20.766+0000] {dag.py:4138} INFO - Setting next_dagrun for tmdb_incremental_sync to 2026-07-21 00:00:00+00:00, run_after=2026-07-22 00:00:00+00:00
[2026-07-21T18:39:20.793+0000] {processor.py:208} INFO - Processing /opt/airflow/dags/tmdb_incremental_sync.py took 0.156 seconds
[2026-07-21T18:39:51.194+0000] {processor.py:186} INFO - Started process (PID=38767) to work on /opt/airflow/dags/tmdb_incremental_sync.py
[2026-07-21T18:39:51.195+0000] {processor.py:914} INFO - Processing file /opt/airflow/dags/tmdb_incremental_sync.py for tasks to queue
[2026-07-21T18:39:51.199+0000] {logging_mixin.py:190} INFO - [2026-07-21T18:39:51.199+0000] {dagbag.py:587} INFO - Filling up the DagBag from /opt/airflow/dags/tmdb_incremental_sync.py
[2026-07-21T18:39:51.228+0000] {processor.py:925} INFO - DAG(s) 'tmdb_incremental_sync' retrieved from /opt/airflow/dags/tmdb_incremental_sync.py
[2026-07-21T18:39:51.271+0000] {logging_mixin.py:190} INFO - [2026-07-21T18:39:51.270+0000] {dag.py:3211} INFO - Sync 1 DAGs
[2026-07-21T18:39:51.307+0000] {logging_mixin.py:190} INFO - [2026-07-21T18:39:51.307+0000] {dag.py:4138} INFO - Setting next_dagrun for tmdb_incremental_sync to 2026-07-21 00:00:00+00:00, run_after=2026-07-22 00:00:00+00:00
[2026-07-21T18:39:51.333+0000] {processor.py:208} INFO - Processing /opt/airflow/dags/tmdb_incremental_sync.py took 0.147 seconds
[2026-07-21T18:40:21.724+0000] {processor.py:186} INFO - Started process (PID=38777) to work on /opt/airflow/dags/tmdb_incremental_sync.py
[2026-07-21T18:40:21.726+0000] {processor.py:914} INFO - Processing file /opt/airflow/dags/tmdb_incremental_sync.py for tasks to queue
[2026-07-21T18:40:21.730+0000] {logging_mixin.py:190} INFO - [2026-07-21T18:40:21.729+0000] {dagbag.py:587} INFO - Filling up the DagBag from /opt/airflow/dags/tmdb_incremental_sync.py
[2026-07-21T18:40:21.758+0000] {processor.py:925} INFO - DAG(s) 'tmdb_incremental_sync' retrieved from /opt/airflow/dags/tmdb_incremental_sync.py
[2026-07-21T18:40:21.800+0000] {logging_mixin.py:190} INFO - [2026-07-21T18:40:21.799+0000] {dag.py:3211} INFO - Sync 1 DAGs
[2026-07-21T18:40:21.837+0000] {logging_mixin.py:190} INFO - [2026-07-21T18:40:21.837+0000] {dag.py:4138} INFO - Setting next_dagrun for tmdb_incremental_sync to 2026-07-21 00:00:00+00:00, run_after=2026-07-22 00:00:00+00:00
[2026-07-21T18:40:21.872+0000] {processor.py:208} INFO - Processing /opt/airflow/dags/tmdb_incremental_sync.py took 0.155 seconds
[2026-07-21T18:40:52.184+0000] {processor.py:186} INFO - Started process (PID=38787) to work on /opt/airflow/dags/tmdb_incremental_sync.py
[2026-07-21T18:40:52.186+0000] {processor.py:914} INFO - Processing file /opt/airflow/dags/tmdb_incremental_sync.py for tasks to queue
[2026-07-21T18:40:52.190+0000] {logging_mixin.py:190} INFO - [2026-07-21T18:40:52.189+0000] {dagbag.py:587} INFO - Filling up the DagBag from /opt/airflow/dags/tmdb_incremental_sync.py
[2026-07-21T18:40:52.223+0000] {processor.py:925} INFO - DAG(s) 'tmdb_incremental_sync' retrieved from /opt/airflow/dags/tmdb_incremental_sync.py
[2026-07-21T18:40:52.272+0000] {logging_mixin.py:190} INFO - [2026-07-21T18:40:52.271+0000] {dag.py:3211} INFO - Sync 1 DAGs
[2026-07-21T18:40:52.313+0000] {logging_mixin.py:190} INFO - [2026-07-21T18:40:52.313+0000] {dag.py:4138} INFO - Setting next_dagrun for tmdb_incremental_sync to 2026-07-21 00:00:00+00:00, run_after=2026-07-22 00:00:00+00:00
[2026-07-21T18:40:52.345+0000] {processor.py:208} INFO - Processing /opt/airflow/dags/tmdb_incremental_sync.py took 0.170 seconds
[2026-07-21T18:41:22.680+0000] {processor.py:186} INFO - Started process (PID=38797) to work on /opt/airflow/dags/tmdb_incremental_sync.py
[2026-07-21T18:41:22.682+0000] {processor.py:914} INFO - Processing file /opt/airflow/dags/tmdb_incremental_sync.py for tasks to queue
[2026-07-21T18:41:22.685+0000] {logging_mixin.py:190} INFO - [2026-07-21T18:41:22.684+0000] {dagbag.py:587} INFO - Filling up the DagBag from /opt/airflow/dags/tmdb_incremental_sync.py
[2026-07-21T18:41:22.716+0000] {processor.py:925} INFO - DAG(s) 'tmdb_incremental_sync' retrieved from /opt/airflow/dags/tmdb_incremental_sync.py
[2026-07-21T18:41:22.756+0000] {logging_mixin.py:190} INFO - [2026-07-21T18:41:22.756+0000] {dag.py:3211} INFO - Sync 1 DAGs
[2026-07-21T18:41:22.794+0000] {logging_mixin.py:190} INFO - [2026-07-21T18:41:22.794+0000] {dag.py:4138} INFO - Setting next_dagrun for tmdb_incremental_sync to 2026-07-21 00:00:00+00:00, run_after=2026-07-22 00:00:00+00:00
[2026-07-21T18:41:22.823+0000] {processor.py:208} INFO - Processing /opt/airflow/dags/tmdb_incremental_sync.py took 0.151 seconds
[2026-07-21T18:41:53.129+0000] {processor.py:186} INFO - Started process (PID=38807) to work on /opt/airflow/dags/tmdb_incremental_sync.py
[2026-07-21T18:41:53.131+0000] {processor.py:914} INFO - Processing file /opt/airflow/dags/tmdb_incremental_sync.py for tasks to queue
[2026-07-21T18:41:53.135+0000] {logging_mixin.py:190} INFO - [2026-07-21T18:41:53.134+0000] {dagbag.py:587} INFO - Filling up the DagBag from /opt/airflow/dags/tmdb_incremental_sync.py
[2026-07-21T18:41:53.167+0000] {processor.py:925} INFO - DAG(s) 'tmdb_incremental_sync' retrieved from /opt/airflow/dags/tmdb_incremental_sync.py
[2026-07-21T18:41:53.210+0000] {logging_mixin.py:190} INFO - [2026-07-21T18:41:53.210+0000] {dag.py:3211} INFO - Sync 1 DAGs
[2026-07-21T18:41:53.342+0000] {logging_mixin.py:190} INFO - [2026-07-21T18:41:53.342+0000] {dag.py:4138} INFO - Setting next_dagrun for tmdb_incremental_sync to 2026-07-21 00:00:00+00:00, run_after=2026-07-22 00:00:00+00:00
[2026-07-21T18:41:53.370+0000] {processor.py:208} INFO - Processing /opt/airflow/dags/tmdb_incremental_sync.py took 0.251 seconds
[2026-07-21T18:42:23.812+0000] {processor.py:186} INFO - Started process (PID=38817) to work on /opt/airflow/dags/tmdb_incremental_sync.py
[2026-07-21T18:42:23.814+0000] {processor.py:914} INFO - Processing file /opt/airflow/dags/tmdb_incremental_sync.py for tasks to queue
[2026-07-21T18:42:23.818+0000] {logging_mixin.py:190} INFO - [2026-07-21T18:42:23.817+0000] {dagbag.py:587} INFO - Filling up the DagBag from /opt/airflow/dags/tmdb_incremental_sync.py
[2026-07-21T18:42:23.847+0000] {processor.py:925} INFO - DAG(s) 'tmdb_incremental_sync' retrieved from /opt/airflow/dags/tmdb_incremental_sync.py
[2026-07-21T18:42:23.887+0000] {logging_mixin.py:190} INFO - [2026-07-21T18:42:23.887+0000] {dag.py:3211} INFO - Sync 1 DAGs
[2026-07-21T18:42:23.988+0000] {logging_mixin.py:190} INFO - [2026-07-21T18:42:23.987+0000] {dag.py:4138} INFO - Setting next_dagrun for tmdb_incremental_sync to 2026-07-21 00:00:00+00:00, run_after=2026-07-22 00:00:00+00:00
[2026-07-21T18:42:24.015+0000] {processor.py:208} INFO - Processing /opt/airflow/dags/tmdb_incremental_sync.py took 0.210 seconds
[2026-07-21T18:42:54.314+0000] {processor.py:186} INFO - Started process (PID=38827) to work on /opt/airflow/dags/tmdb_incremental_sync.py
[2026-07-21T18:42:54.316+0000] {processor.py:914} INFO - Processing file /opt/airflow/dags/tmdb_incremental_sync.py for tasks to queue
[2026-07-21T18:42:54.320+0000] {logging_mixin.py:190} INFO - [2026-07-21T18:42:54.319+0000] {dagbag.py:587} INFO - Filling up the DagBag from /opt/airflow/dags/tmdb_incremental_sync.py
[2026-07-21T18:42:54.362+0000] {processor.py:925} INFO - DAG(s) 'tmdb_incremental_sync' retrieved from /opt/airflow/dags/tmdb_incremental_sync.py
[2026-07-21T18:42:54.409+0000] {logging_mixin.py:190} INFO - [2026-07-21T18:42:54.409+0000] {dag.py:3211} INFO - Sync 1 DAGs
[2026-07-21T18:42:54.450+0000] {logging_mixin.py:190} INFO - [2026-07-21T18:42:54.449+0000] {dag.py:4138} INFO - Setting next_dagrun for tmdb_incremental_sync to 2026-07-21 00:00:00+00:00, run_after=2026-07-22 00:00:00+00:00
[2026-07-21T18:42:54.479+0000] {processor.py:208} INFO - Processing /opt/airflow/dags/tmdb_incremental_sync.py took 0.173 seconds
[2026-07-21T18:43:24.769+0000] {processor.py:186} INFO - Started process (PID=38837) to work on /opt/airflow/dags/tmdb_incremental_sync.py
[2026-07-21T18:43:24.771+0000] {processor.py:914} INFO - Processing file /opt/airflow/dags/tmdb_incremental_sync.py for tasks to queue
[2026-07-21T18:43:24.775+0000] {logging_mixin.py:190} INFO - [2026-07-21T18:43:24.775+0000] {dagbag.py:587} INFO - Filling up the DagBag from /opt/airflow/dags/tmdb_incremental_sync.py
[2026-07-21T18:43:24.804+0000] {processor.py:925} INFO - DAG(s) 'tmdb_incremental_sync' retrieved from /opt/airflow/dags/tmdb_incremental_sync.py
[2026-07-21T18:43:24.843+0000] {logging_mixin.py:190} INFO - [2026-07-21T18:43:24.843+0000] {dag.py:3211} INFO - Sync 1 DAGs
[2026-07-21T18:43:24.881+0000] {logging_mixin.py:190} INFO - [2026-07-21T18:43:24.881+0000] {dag.py:4138} INFO - Setting next_dagrun for tmdb_incremental_sync to 2026-07-21 00:00:00+00:00, run_after=2026-07-22 00:00:00+00:00
[2026-07-21T18:43:24.910+0000] {processor.py:208} INFO - Processing /opt/airflow/dags/tmdb_incremental_sync.py took 0.148 seconds
[2026-07-21T18:43:55.212+0000] {processor.py:186} INFO - Started process (PID=38847) to work on /opt/airflow/dags/tmdb_incremental_sync.py
[2026-07-21T18:43:55.213+0000] {processor.py:914} INFO - Processing file /opt/airflow/dags/tmdb_incremental_sync.py for tasks to queue
[2026-07-21T18:43:55.217+0000] {logging_mixin.py:190} INFO - [2026-07-21T18:43:55.216+0000] {dagbag.py:587} INFO - Filling up the DagBag from /opt/airflow/dags/tmdb_incremental_sync.py
[2026-07-21T18:43:55.252+0000] {processor.py:925} INFO - DAG(s) 'tmdb_incremental_sync' retrieved from /opt/airflow/dags/tmdb_incremental_sync.py
[2026-07-21T18:43:55.300+0000] {logging_mixin.py:190} INFO - [2026-07-21T18:43:55.299+0000] {dag.py:3211} INFO - Sync 1 DAGs
[2026-07-21T18:43:55.357+0000] {logging_mixin.py:190} INFO - [2026-07-21T18:43:55.356+0000] {dag.py:4138} INFO - Setting next_dagrun for tmdb_incremental_sync to 2026-07-21 00:00:00+00:00, run_after=2026-07-22 00:00:00+00:00
[2026-07-21T18:43:55.388+0000] {processor.py:208} INFO - Processing /opt/airflow/dags/tmdb_incremental_sync.py took 0.187 seconds
[2026-07-21T18:44:25.756+0000] {processor.py:186} INFO - Started process (PID=38857) to work on /opt/airflow/dags/tmdb_incremental_sync.py
[2026-07-21T18:44:25.758+0000] {processor.py:914} INFO - Processing file /opt/airflow/dags/tmdb_incremental_sync.py for tasks to queue
[2026-07-21T18:44:25.762+0000] {logging_mixin.py:190} INFO - [2026-07-21T18:44:25.761+0000] {dagbag.py:587} INFO - Filling up the DagBag from /opt/airflow/dags/tmdb_incremental_sync.py
[2026-07-21T18:44:25.801+0000] {processor.py:925} INFO - DAG(s) 'tmdb_incremental_sync' retrieved from /opt/airflow/dags/tmdb_incremental_sync.py
[2026-07-21T18:44:25.854+0000] {logging_mixin.py:190} INFO - [2026-07-21T18:44:25.854+0000] {dag.py:3211} INFO - Sync 1 DAGs
[2026-07-21T18:44:25.895+0000] {logging_mixin.py:190} INFO - [2026-07-21T18:44:25.894+0000] {dag.py:4138} INFO - Setting next_dagrun for tmdb_incremental_sync to 2026-07-21 00:00:00+00:00, run_after=2026-07-22 00:00:00+00:00
[2026-07-21T18:44:25.929+0000] {processor.py:208} INFO - Processing /opt/airflow/dags/tmdb_incremental_sync.py took 0.183 seconds
[2026-07-21T18:44:56.350+0000] {processor.py:186} INFO - Started process (PID=38867) to work on /opt/airflow/dags/tmdb_incremental_sync.py
[2026-07-21T18:44:56.352+0000] {processor.py:914} INFO - Processing file /opt/airflow/dags/tmdb_incremental_sync.py for tasks to queue
[2026-07-21T18:44:56.356+0000] {logging_mixin.py:190} INFO - [2026-07-21T18:44:56.355+0000] {dagbag.py:587} INFO - Filling up the DagBag from /opt/airflow/dags/tmdb_incremental_sync.py
[2026-07-21T18:44:56.388+0000] {processor.py:925} INFO - DAG(s) 'tmdb_incremental_sync' retrieved from /opt/airflow/dags/tmdb_incremental_sync.py
[2026-07-21T18:44:56.441+0000] {logging_mixin.py:190} INFO - [2026-07-21T18:44:56.441+0000] {dag.py:3211} INFO - Sync 1 DAGs
[2026-07-21T18:44:56.482+0000] {logging_mixin.py:190} INFO - [2026-07-21T18:44:56.482+0000] {dag.py:4138} INFO - Setting next_dagrun for tmdb_incremental_sync to 2026-07-21 00:00:00+00:00, run_after=2026-07-22 00:00:00+00:00
[2026-07-21T18:44:56.508+0000] {processor.py:208} INFO - Processing /opt/airflow/dags/tmdb_incremental_sync.py took 0.167 seconds
[2026-07-21T18:45:27.013+0000] {processor.py:186} INFO - Started process (PID=38877) to work on /opt/airflow/dags/tmdb_incremental_sync.py
[2026-07-21T18:45:27.015+0000] {processor.py:914} INFO - Processing file /opt/airflow/dags/tmdb_incremental_sync.py for tasks to queue
[2026-07-21T18:45:27.018+0000] {logging_mixin.py:190} INFO - [2026-07-21T18:45:27.018+0000] {dagbag.py:587} INFO - Filling up the DagBag from /opt/airflow/dags/tmdb_incremental_sync.py
[2026-07-21T18:45:27.056+0000] {processor.py:925} INFO - DAG(s) 'tmdb_incremental_sync' retrieved from /opt/airflow/dags/tmdb_incremental_sync.py
[2026-07-21T18:45:27.101+0000] {logging_mixin.py:190} INFO - [2026-07-21T18:45:27.100+0000] {dag.py:3211} INFO - Sync 1 DAGs
[2026-07-21T18:45:27.146+0000] {logging_mixin.py:190} INFO - [2026-07-21T18:45:27.146+0000] {dag.py:4138} INFO - Setting next_dagrun for tmdb_incremental_sync to 2026-07-21 00:00:00+00:00, run_after=2026-07-22 00:00:00+00:00
[2026-07-21T18:45:27.175+0000] {processor.py:208} INFO - Processing /opt/airflow/dags/tmdb_incremental_sync.py took 0.173 seconds
[2026-07-21T18:45:57.491+0000] {processor.py:186} INFO - Started process (PID=38887) to work on /opt/airflow/dags/tmdb_incremental_sync.py
[2026-07-21T18:45:57.493+0000] {processor.py:914} INFO - Processing file /opt/airflow/dags/tmdb_incremental_sync.py for tasks to queue
[2026-07-21T18:45:57.497+0000] {logging_mixin.py:190} INFO - [2026-07-21T18:45:57.497+0000] {dagbag.py:587} INFO - Filling up the DagBag from /opt/airflow/dags/tmdb_incremental_sync.py
[2026-07-21T18:45:57.531+0000] {processor.py:925} INFO - DAG(s) 'tmdb_incremental_sync' retrieved from /opt/airflow/dags/tmdb_incremental_sync.py
[2026-07-21T18:45:57.576+0000] {logging_mixin.py:190} INFO - [2026-07-21T18:45:57.576+0000] {dag.py:3211} INFO - Sync 1 DAGs
[2026-07-21T18:45:57.612+0000] {logging_mixin.py:190} INFO - [2026-07-21T18:45:57.612+0000] {dag.py:4138} INFO - Setting next_dagrun for tmdb_incremental_sync to 2026-07-21 00:00:00+00:00, run_after=2026-07-22 00:00:00+00:00
[2026-07-21T18:45:57.640+0000] {processor.py:208} INFO - Processing /opt/airflow/dags/tmdb_incremental_sync.py took 0.158 seconds
[2026-07-21T18:46:28.093+0000] {processor.py:186} INFO - Started process (PID=38897) to work on /opt/airflow/dags/tmdb_incremental_sync.py
[2026-07-21T18:46:28.094+0000] {processor.py:914} INFO - Processing file /opt/airflow/dags/tmdb_incremental_sync.py for tasks to queue
[2026-07-21T18:46:28.098+0000] {logging_mixin.py:190} INFO - [2026-07-21T18:46:28.098+0000] {dagbag.py:587} INFO - Filling up the DagBag from /opt/airflow/dags/tmdb_incremental_sync.py
[2026-07-21T18:46:28.128+0000] {processor.py:925} INFO - DAG(s) 'tmdb_incremental_sync' retrieved from /opt/airflow/dags/tmdb_incremental_sync.py
[2026-07-21T18:46:28.168+0000] {logging_mixin.py:190} INFO - [2026-07-21T18:46:28.168+0000] {dag.py:3211} INFO - Sync 1 DAGs
[2026-07-21T18:46:28.206+0000] {logging_mixin.py:190} INFO - [2026-07-21T18:46:28.205+0000] {dag.py:4138} INFO - Setting next_dagrun for tmdb_incremental_sync to 2026-07-21 00:00:00+00:00, run_after=2026-07-22 00:00:00+00:00
[2026-07-21T18:46:28.232+0000] {processor.py:208} INFO - Processing /opt/airflow/dags/tmdb_incremental_sync.py took 0.148 seconds
[2026-07-21T18:46:58.569+0000] {processor.py:186} INFO - Started process (PID=38907) to work on /opt/airflow/dags/tmdb_incremental_sync.py
[2026-07-21T18:46:58.571+0000] {processor.py:914} INFO - Processing file /opt/airflow/dags/tmdb_incremental_sync.py for tasks to queue
[2026-07-21T18:46:58.574+0000] {logging_mixin.py:190} INFO - [2026-07-21T18:46:58.574+0000] {dagbag.py:587} INFO - Filling up the DagBag from /opt/airflow/dags/tmdb_incremental_sync.py
[2026-07-21T18:46:58.612+0000] {processor.py:925} INFO - DAG(s) 'tmdb_incremental_sync' retrieved from /opt/airflow/dags/tmdb_incremental_sync.py
[2026-07-21T18:46:58.655+0000] {logging_mixin.py:190} INFO - [2026-07-21T18:46:58.655+0000] {dag.py:3211} INFO - Sync 1 DAGs
[2026-07-21T18:46:58.706+0000] {logging_mixin.py:190} INFO - [2026-07-21T18:46:58.705+0000] {dag.py:4138} INFO - Setting next_dagrun for tmdb_incremental_sync to 2026-07-21 00:00:00+00:00, run_after=2026-07-22 00:00:00+00:00
[2026-07-21T18:46:58.737+0000] {processor.py:208} INFO - Processing /opt/airflow/dags/tmdb_incremental_sync.py took 0.178 seconds
[2026-07-21T18:47:29.010+0000] {processor.py:186} INFO - Started process (PID=38917) to work on /opt/airflow/dags/tmdb_incremental_sync.py
[2026-07-21T18:47:29.012+0000] {processor.py:914} INFO - Processing file /opt/airflow/dags/tmdb_incremental_sync.py for tasks to queue
[2026-07-21T18:47:29.015+0000] {logging_mixin.py:190} INFO - [2026-07-21T18:47:29.015+0000] {dagbag.py:587} INFO - Filling up the DagBag from /opt/airflow/dags/tmdb_incremental_sync.py
[2026-07-21T18:47:29.048+0000] {processor.py:925} INFO - DAG(s) 'tmdb_incremental_sync' retrieved from /opt/airflow/dags/tmdb_incremental_sync.py
[2026-07-21T18:47:29.089+0000] {logging_mixin.py:190} INFO - [2026-07-21T18:47:29.089+0000] {dag.py:3211} INFO - Sync 1 DAGs
[2026-07-21T18:47:29.162+0000] {logging_mixin.py:190} INFO - [2026-07-21T18:47:29.161+0000] {dag.py:4138} INFO - Setting next_dagrun for tmdb_incremental_sync to 2026-07-21 00:00:00+00:00, run_after=2026-07-22 00:00:00+00:00
[2026-07-21T18:47:29.186+0000] {processor.py:208} INFO - Processing /opt/airflow/dags/tmdb_incremental_sync.py took 0.186 seconds
[2026-07-21T18:47:59.486+0000] {processor.py:186} INFO - Started process (PID=38927) to work on /opt/airflow/dags/tmdb_incremental_sync.py
[2026-07-21T18:47:59.488+0000] {processor.py:914} INFO - Processing file /opt/airflow/dags/tmdb_incremental_sync.py for tasks to queue
[2026-07-21T18:47:59.491+0000] {logging_mixin.py:190} INFO - [2026-07-21T18:47:59.491+0000] {dagbag.py:587} INFO - Filling up the DagBag from /opt/airflow/dags/tmdb_incremental_sync.py
[2026-07-21T18:47:59.531+0000] {processor.py:925} INFO - DAG(s) 'tmdb_incremental_sync' retrieved from /opt/airflow/dags/tmdb_incremental_sync.py
[2026-07-21T18:47:59.573+0000] {logging_mixin.py:190} INFO - [2026-07-21T18:47:59.573+0000] {dag.py:3211} INFO - Sync 1 DAGs
[2026-07-21T18:47:59.612+0000] {logging_mixin.py:190} INFO - [2026-07-21T18:47:59.612+0000] {dag.py:4138} INFO - Setting next_dagrun for tmdb_incremental_sync to 2026-07-21 00:00:00+00:00, run_after=2026-07-22 00:00:00+00:00
[2026-07-21T18:47:59.638+0000] {processor.py:208} INFO - Processing /opt/airflow/dags/tmdb_incremental_sync.py took 0.161 seconds
[2026-07-21T18:48:30.029+0000] {processor.py:186} INFO - Started process (PID=38937) to work on /opt/airflow/dags/tmdb_incremental_sync.py
[2026-07-21T18:48:30.030+0000] {processor.py:914} INFO - Processing file /opt/airflow/dags/tmdb_incremental_sync.py for tasks to queue
[2026-07-21T18:48:30.033+0000] {logging_mixin.py:190} INFO - [2026-07-21T18:48:30.033+0000] {dagbag.py:587} INFO - Filling up the DagBag from /opt/airflow/dags/tmdb_incremental_sync.py
[2026-07-21T18:48:30.063+0000] {processor.py:925} INFO - DAG(s) 'tmdb_incremental_sync' retrieved from /opt/airflow/dags/tmdb_incremental_sync.py
[2026-07-21T18:48:30.104+0000] {logging_mixin.py:190} INFO - [2026-07-21T18:48:30.104+0000] {dag.py:3211} INFO - Sync 1 DAGs
[2026-07-21T18:48:30.179+0000] {logging_mixin.py:190} INFO - [2026-07-21T18:48:30.179+0000] {dag.py:4138} INFO - Setting next_dagrun for tmdb_incremental_sync to 2026-07-21 00:00:00+00:00, run_after=2026-07-22 00:00:00+00:00
[2026-07-21T18:48:30.209+0000] {processor.py:208} INFO - Processing /opt/airflow/dags/tmdb_incremental_sync.py took 0.189 seconds
[2026-07-21T18:49:00.680+0000] {processor.py:186} INFO - Started process (PID=38947) to work on /opt/airflow/dags/tmdb_incremental_sync.py
[2026-07-21T18:49:00.682+0000] {processor.py:914} INFO - Processing file /opt/airflow/dags/tmdb_incremental_sync.py for tasks to queue
[2026-07-21T18:49:00.685+0000] {logging_mixin.py:190} INFO - [2026-07-21T18:49:00.685+0000] {dagbag.py:587} INFO - Filling up the DagBag from /opt/airflow/dags/tmdb_incremental_sync.py
[2026-07-21T18:49:00.722+0000] {processor.py:925} INFO - DAG(s) 'tmdb_incremental_sync' retrieved from /opt/airflow/dags/tmdb_incremental_sync.py
[2026-07-21T18:49:00.769+0000] {logging_mixin.py:190} INFO - [2026-07-21T18:49:00.768+0000] {dag.py:3211} INFO - Sync 1 DAGs
[2026-07-21T18:49:00.817+0000] {logging_mixin.py:190} INFO - [2026-07-21T18:49:00.815+0000] {dag.py:4138} INFO - Setting next_dagrun for tmdb_incremental_sync to 2026-07-21 00:00:00+00:00, run_after=2026-07-22 00:00:00+00:00
[2026-07-21T18:49:00.870+0000] {processor.py:208} INFO - Processing /opt/airflow/dags/tmdb_incremental_sync.py took 0.201 seconds
[2026-07-21T18:49:31.143+0000] {processor.py:186} INFO - Started process (PID=38957) to work on /opt/airflow/dags/tmdb_incremental_sync.py
[2026-07-21T18:49:31.145+0000] {processor.py:914} INFO - Processing file /opt/airflow/dags/tmdb_incremental_sync.py for tasks to queue
[2026-07-21T18:49:31.150+0000] {logging_mixin.py:190} INFO - [2026-07-21T18:49:31.149+0000] {dagbag.py:587} INFO - Filling up the DagBag from /opt/airflow/dags/tmdb_incremental_sync.py
[2026-07-21T18:49:31.188+0000] {processor.py:925} INFO - DAG(s) 'tmdb_incremental_sync' retrieved from /opt/airflow/dags/tmdb_incremental_sync.py
[2026-07-21T18:49:31.231+0000] {logging_mixin.py:190} INFO - [2026-07-21T18:49:31.231+0000] {dag.py:3211} INFO - Sync 1 DAGs
[2026-07-21T18:49:31.270+0000] {logging_mixin.py:190} INFO - [2026-07-21T18:49:31.269+0000] {dag.py:4138} INFO - Setting next_dagrun for tmdb_incremental_sync to 2026-07-21 00:00:00+00:00, run_after=2026-07-22 00:00:00+00:00
[2026-07-21T18:49:31.300+0000] {processor.py:208} INFO - Processing /opt/airflow/dags/tmdb_incremental_sync.py took 0.165 seconds
[2026-07-21T18:50:01.711+0000] {processor.py:186} INFO - Started process (PID=38967) to work on /opt/airflow/dags/tmdb_incremental_sync.py
[2026-07-21T18:50:01.713+0000] {processor.py:914} INFO - Processing file /opt/airflow/dags/tmdb_incremental_sync.py for tasks to queue
[2026-07-21T18:50:01.717+0000] {logging_mixin.py:190} INFO - [2026-07-21T18:50:01.717+0000] {dagbag.py:587} INFO - Filling up the DagBag from /opt/airflow/dags/tmdb_incremental_sync.py
[2026-07-21T18:50:01.748+0000] {processor.py:925} INFO - DAG(s) 'tmdb_incremental_sync' retrieved from /opt/airflow/dags/tmdb_incremental_sync.py
[2026-07-21T18:50:01.790+0000] {logging_mixin.py:190} INFO - [2026-07-21T18:50:01.789+0000] {dag.py:3211} INFO - Sync 1 DAGs
[2026-07-21T18:50:01.827+0000] {logging_mixin.py:190} INFO - [2026-07-21T18:50:01.826+0000] {dag.py:4138} INFO - Setting next_dagrun for tmdb_incremental_sync to 2026-07-21 00:00:00+00:00, run_after=2026-07-22 00:00:00+00:00
[2026-07-21T18:50:01.853+0000] {processor.py:208} INFO - Processing /opt/airflow/dags/tmdb_incremental_sync.py took 0.151 seconds
[2026-07-21T18:50:32.163+0000] {processor.py:186} INFO - Started process (PID=38977) to work on /opt/airflow/dags/tmdb_incremental_sync.py
[2026-07-21T18:50:32.164+0000] {processor.py:914} INFO - Processing file /opt/airflow/dags/tmdb_incremental_sync.py for tasks to queue
[2026-07-21T18:50:32.167+0000] {logging_mixin.py:190} INFO - [2026-07-21T18:50:32.167+0000] {dagbag.py:587} INFO - Filling up the DagBag from /opt/airflow/dags/tmdb_incremental_sync.py
[2026-07-21T18:50:32.199+0000] {processor.py:925} INFO - DAG(s) 'tmdb_incremental_sync' retrieved from /opt/airflow/dags/tmdb_incremental_sync.py
[2026-07-21T18:50:32.250+0000] {logging_mixin.py:190} INFO - [2026-07-21T18:50:32.249+0000] {dag.py:3211} INFO - Sync 1 DAGs
[2026-07-21T18:50:32.288+0000] {logging_mixin.py:190} INFO - [2026-07-21T18:50:32.288+0000] {dag.py:4138} INFO - Setting next_dagrun for tmdb_incremental_sync to 2026-07-21 00:00:00+00:00, run_after=2026-07-22 00:00:00+00:00
[2026-07-21T18:50:32.319+0000] {processor.py:208} INFO - Processing /opt/airflow/dags/tmdb_incremental_sync.py took 0.166 seconds
[2026-07-21T18:51:02.666+0000] {processor.py:186} INFO - Started process (PID=38987) to work on /opt/airflow/dags/tmdb_incremental_sync.py
[2026-07-21T18:51:02.667+0000] {processor.py:914} INFO - Processing file /opt/airflow/dags/tmdb_incremental_sync.py for tasks to queue
[2026-07-21T18:51:02.671+0000] {logging_mixin.py:190} INFO - [2026-07-21T18:51:02.670+0000] {dagbag.py:587} INFO - Filling up the DagBag from /opt/airflow/dags/tmdb_incremental_sync.py
[2026-07-21T18:51:02.706+0000] {processor.py:925} INFO - DAG(s) 'tmdb_incremental_sync' retrieved from /opt/airflow/dags/tmdb_incremental_sync.py
[2026-07-21T18:51:02.750+0000] {logging_mixin.py:190} INFO - [2026-07-21T18:51:02.749+0000] {dag.py:3211} INFO - Sync 1 DAGs
[2026-07-21T18:51:02.793+0000] {logging_mixin.py:190} INFO - [2026-07-21T18:51:02.793+0000] {dag.py:4138} INFO - Setting next_dagrun for tmdb_incremental_sync to 2026-07-21 00:00:00+00:00, run_after=2026-07-22 00:00:00+00:00
[2026-07-21T18:51:02.822+0000] {processor.py:208} INFO - Processing /opt/airflow/dags/tmdb_incremental_sync.py took 0.165 seconds
[2026-07-21T18:51:33.139+0000] {processor.py:186} INFO - Started process (PID=38997) to work on /opt/airflow/dags/tmdb_incremental_sync.py
[2026-07-21T18:51:33.141+0000] {processor.py:914} INFO - Processing file /opt/airflow/dags/tmdb_incremental_sync.py for tasks to queue
[2026-07-21T18:51:33.146+0000] {logging_mixin.py:190} INFO - [2026-07-21T18:51:33.146+0000] {dagbag.py:587} INFO - Filling up the DagBag from /opt/airflow/dags/tmdb_incremental_sync.py
[2026-07-21T18:51:33.180+0000] {processor.py:925} INFO - DAG(s) 'tmdb_incremental_sync' retrieved from /opt/airflow/dags/tmdb_incremental_sync.py
[2026-07-21T18:51:33.228+0000] {logging_mixin.py:190} INFO - [2026-07-21T18:51:33.228+0000] {dag.py:3211} INFO - Sync 1 DAGs
[2026-07-21T18:51:33.301+0000] {logging_mixin.py:190} INFO - [2026-07-21T18:51:33.301+0000] {dag.py:4138} INFO - Setting next_dagrun for tmdb_incremental_sync to 2026-07-21 00:00:00+00:00, run_after=2026-07-22 00:00:00+00:00
[2026-07-21T18:51:33.330+0000] {processor.py:208} INFO - Processing /opt/airflow/dags/tmdb_incremental_sync.py took 0.206 seconds
[2026-07-21T18:52:03.627+0000] {processor.py:186} INFO - Started process (PID=39007) to work on /opt/airflow/dags/tmdb_incremental_sync.py
[2026-07-21T18:52:03.629+0000] {processor.py:914} INFO - Processing file /opt/airflow/dags/tmdb_incremental_sync.py for tasks to queue
[2026-07-21T18:52:03.633+0000] {logging_mixin.py:190} INFO - [2026-07-21T18:52:03.632+0000] {dagbag.py:587} INFO - Filling up the DagBag from /opt/airflow/dags/tmdb_incremental_sync.py
[2026-07-21T18:52:03.662+0000] {processor.py:925} INFO - DAG(s) 'tmdb_incremental_sync' retrieved from /opt/airflow/dags/tmdb_incremental_sync.py
[2026-07-21T18:52:03.702+0000] {logging_mixin.py:190} INFO - [2026-07-21T18:52:03.702+0000] {dag.py:3211} INFO - Sync 1 DAGs
[2026-07-21T18:52:03.765+0000] {logging_mixin.py:190} INFO - [2026-07-21T18:52:03.764+0000] {dag.py:4138} INFO - Setting next_dagrun for tmdb_incremental_sync to 2026-07-21 00:00:00+00:00, run_after=2026-07-22 00:00:00+00:00
[2026-07-21T18:52:03.794+0000] {processor.py:208} INFO - Processing /opt/airflow/dags/tmdb_incremental_sync.py took 0.175 seconds
[2026-07-21T18:52:34.207+0000] {processor.py:186} INFO - Started process (PID=39017) to work on /opt/airflow/dags/tmdb_incremental_sync.py
[2026-07-21T18:52:34.208+0000] {processor.py:914} INFO - Processing file /opt/airflow/dags/tmdb_incremental_sync.py for tasks to queue
[2026-07-21T18:52:34.212+0000] {logging_mixin.py:190} INFO - [2026-07-21T18:52:34.212+0000] {dagbag.py:587} INFO - Filling up the DagBag from /opt/airflow/dags/tmdb_incremental_sync.py
[2026-07-21T18:52:34.246+0000] {processor.py:925} INFO - DAG(s) 'tmdb_incremental_sync' retrieved from /opt/airflow/dags/tmdb_incremental_sync.py
[2026-07-21T18:52:34.287+0000] {logging_mixin.py:190} INFO - [2026-07-21T18:52:34.287+0000] {dag.py:3211} INFO - Sync 1 DAGs
[2026-07-21T18:52:34.332+0000] {logging_mixin.py:190} INFO - [2026-07-21T18:52:34.331+0000] {dag.py:4138} INFO - Setting next_dagrun for tmdb_incremental_sync to 2026-07-21 00:00:00+00:00, run_after=2026-07-22 00:00:00+00:00
[2026-07-21T18:52:34.363+0000] {processor.py:208} INFO - Processing /opt/airflow/dags/tmdb_incremental_sync.py took 0.164 seconds
[2026-07-21T18:53:04.664+0000] {processor.py:186} INFO - Started process (PID=39027) to work on /opt/airflow/dags/tmdb_incremental_sync.py
[2026-07-21T18:53:04.666+0000] {processor.py:914} INFO - Processing file /opt/airflow/dags/tmdb_incremental_sync.py for tasks to queue
[2026-07-21T18:53:04.671+0000] {logging_mixin.py:190} INFO - [2026-07-21T18:53:04.670+0000] {dagbag.py:587} INFO - Filling up the DagBag from /opt/airflow/dags/tmdb_incremental_sync.py
[2026-07-21T18:53:04.708+0000] {processor.py:925} INFO - DAG(s) 'tmdb_incremental_sync' retrieved from /opt/airflow/dags/tmdb_incremental_sync.py
[2026-07-21T18:53:04.748+0000] {logging_mixin.py:190} INFO - [2026-07-21T18:53:04.747+0000] {dag.py:3211} INFO - Sync 1 DAGs
[2026-07-21T18:53:04.787+0000] {logging_mixin.py:190} INFO - [2026-07-21T18:53:04.787+0000] {dag.py:4138} INFO - Setting next_dagrun for tmdb_incremental_sync to 2026-07-21 00:00:00+00:00, run_after=2026-07-22 00:00:00+00:00
[2026-07-21T18:53:04.814+0000] {processor.py:208} INFO - Processing /opt/airflow/dags/tmdb_incremental_sync.py took 0.160 seconds
[2026-07-21T18:53:35.121+0000] {processor.py:186} INFO - Started process (PID=39037) to work on /opt/airflow/dags/tmdb_incremental_sync.py
[2026-07-21T18:53:35.123+0000] {processor.py:914} INFO - Processing file /opt/airflow/dags/tmdb_incremental_sync.py for tasks to queue
[2026-07-21T18:53:35.127+0000] {logging_mixin.py:190} INFO - [2026-07-21T18:53:35.126+0000] {dagbag.py:587} INFO - Filling up the DagBag from /opt/airflow/dags/tmdb_incremental_sync.py
[2026-07-21T18:53:35.184+0000] {processor.py:925} INFO - DAG(s) 'tmdb_incremental_sync' retrieved from /opt/airflow/dags/tmdb_incremental_sync.py
[2026-07-21T18:53:35.238+0000] {logging_mixin.py:190} INFO - [2026-07-21T18:53:35.238+0000] {dag.py:3211} INFO - Sync 1 DAGs
[2026-07-21T18:53:35.297+0000] {logging_mixin.py:190} INFO - [2026-07-21T18:53:35.297+0000] {dag.py:4138} INFO - Setting next_dagrun for tmdb_incremental_sync to 2026-07-21 00:00:00+00:00, run_after=2026-07-22 00:00:00+00:00
[2026-07-21T18:53:35.324+0000] {processor.py:208} INFO - Processing /opt/airflow/dags/tmdb_incremental_sync.py took 0.217 seconds
[2026-07-21T18:54:05.598+0000] {processor.py:186} INFO - Started process (PID=39047) to work on /opt/airflow/dags/tmdb_incremental_sync.py
[2026-07-21T18:54:05.600+0000] {processor.py:914} INFO - Processing file /opt/airflow/dags/tmdb_incremental_sync.py for tasks to queue
[2026-07-21T18:54:05.606+0000] {logging_mixin.py:190} INFO - [2026-07-21T18:54:05.605+0000] {dagbag.py:587} INFO - Filling up the DagBag from /opt/airflow/dags/tmdb_incremental_sync.py
[2026-07-21T18:54:05.649+0000] {processor.py:925} INFO - DAG(s) 'tmdb_incremental_sync' retrieved from /opt/airflow/dags/tmdb_incremental_sync.py
[2026-07-21T18:54:05.699+0000] {logging_mixin.py:190} INFO - [2026-07-21T18:54:05.698+0000] {dag.py:3211} INFO - Sync 1 DAGs
[2026-07-21T18:54:05.762+0000] {logging_mixin.py:190} INFO - [2026-07-21T18:54:05.761+0000] {dag.py:4138} INFO - Setting next_dagrun for tmdb_incremental_sync to 2026-07-21 00:00:00+00:00, run_after=2026-07-22 00:00:00+00:00
[2026-07-21T18:54:05.800+0000] {processor.py:208} INFO - Processing /opt/airflow/dags/tmdb_incremental_sync.py took 0.211 seconds
[2026-07-21T18:54:36.282+0000] {processor.py:186} INFO - Started process (PID=39057) to work on /opt/airflow/dags/tmdb_incremental_sync.py
[2026-07-21T18:54:36.306+0000] {processor.py:914} INFO - Processing file /opt/airflow/dags/tmdb_incremental_sync.py for tasks to queue
[2026-07-21T18:54:36.311+0000] {logging_mixin.py:190} INFO - [2026-07-21T18:54:36.310+0000] {dagbag.py:587} INFO - Filling up the DagBag from /opt/airflow/dags/tmdb_incremental_sync.py
[2026-07-21T18:54:36.548+0000] {processor.py:925} INFO - DAG(s) 'tmdb_incremental_sync' retrieved from /opt/airflow/dags/tmdb_incremental_sync.py
[2026-07-21T18:54:36.657+0000] {logging_mixin.py:190} INFO - [2026-07-21T18:54:36.656+0000] {dag.py:3211} INFO - Sync 1 DAGs
[2026-07-21T18:54:36.700+0000] {logging_mixin.py:190} INFO - [2026-07-21T18:54:36.700+0000] {dag.py:4138} INFO - Setting next_dagrun for tmdb_incremental_sync to 2026-07-21 00:00:00+00:00, run_after=2026-07-22 00:00:00+00:00
[2026-07-21T18:54:36.732+0000] {processor.py:208} INFO - Processing /opt/airflow/dags/tmdb_incremental_sync.py took 0.598 seconds
[2026-07-21T18:55:07.082+0000] {processor.py:186} INFO - Started process (PID=39067) to work on /opt/airflow/dags/tmdb_incremental_sync.py
[2026-07-21T18:55:07.084+0000] {processor.py:914} INFO - Processing file /opt/airflow/dags/tmdb_incremental_sync.py for tasks to queue
[2026-07-21T18:55:07.088+0000] {logging_mixin.py:190} INFO - [2026-07-21T18:55:07.088+0000] {dagbag.py:587} INFO - Filling up the DagBag from /opt/airflow/dags/tmdb_incremental_sync.py
[2026-07-21T18:55:07.127+0000] {processor.py:925} INFO - DAG(s) 'tmdb_incremental_sync' retrieved from /opt/airflow/dags/tmdb_incremental_sync.py
[2026-07-21T18:55:07.178+0000] {logging_mixin.py:190} INFO - [2026-07-21T18:55:07.178+0000] {dag.py:3211} INFO - Sync 1 DAGs
[2026-07-21T18:55:07.225+0000] {logging_mixin.py:190} INFO - [2026-07-21T18:55:07.225+0000] {dag.py:4138} INFO - Setting next_dagrun for tmdb_incremental_sync to 2026-07-21 00:00:00+00:00, run_after=2026-07-22 00:00:00+00:00
[2026-07-21T18:55:07.268+0000] {processor.py:208} INFO - Processing /opt/airflow/dags/tmdb_incremental_sync.py took 0.195 seconds
[2026-07-21T18:55:37.550+0000] {processor.py:186} INFO - Started process (PID=39077) to work on /opt/airflow/dags/tmdb_incremental_sync.py
[2026-07-21T18:55:37.552+0000] {processor.py:914} INFO - Processing file /opt/airflow/dags/tmdb_incremental_sync.py for tasks to queue
[2026-07-21T18:55:37.556+0000] {logging_mixin.py:190} INFO - [2026-07-21T18:55:37.556+0000] {dagbag.py:587} INFO - Filling up the DagBag from /opt/airflow/dags/tmdb_incremental_sync.py
[2026-07-21T18:55:37.590+0000] {processor.py:925} INFO - DAG(s) 'tmdb_incremental_sync' retrieved from /opt/airflow/dags/tmdb_incremental_sync.py
[2026-07-21T18:55:37.634+0000] {logging_mixin.py:190} INFO - [2026-07-21T18:55:37.634+0000] {dag.py:3211} INFO - Sync 1 DAGs
[2026-07-21T18:55:37.732+0000] {logging_mixin.py:190} INFO - [2026-07-21T18:55:37.731+0000] {dag.py:4138} INFO - Setting next_dagrun for tmdb_incremental_sync to 2026-07-21 00:00:00+00:00, run_after=2026-07-22 00:00:00+00:00
[2026-07-21T18:55:37.760+0000] {processor.py:208} INFO - Processing /opt/airflow/dags/tmdb_incremental_sync.py took 0.219 seconds
[2026-07-21T18:56:08.090+0000] {processor.py:186} INFO - Started process (PID=39087) to work on /opt/airflow/dags/tmdb_incremental_sync.py
[2026-07-21T18:56:08.091+0000] {processor.py:914} INFO - Processing file /opt/airflow/dags/tmdb_incremental_sync.py for tasks to queue
[2026-07-21T18:56:08.095+0000] {logging_mixin.py:190} INFO - [2026-07-21T18:56:08.095+0000] {dagbag.py:587} INFO - Filling up the DagBag from /opt/airflow/dags/tmdb_incremental_sync.py
[2026-07-21T18:56:08.127+0000] {processor.py:925} INFO - DAG(s) 'tmdb_incremental_sync' retrieved from /opt/airflow/dags/tmdb_incremental_sync.py
[2026-07-21T18:56:08.170+0000] {logging_mixin.py:190} INFO - [2026-07-21T18:56:08.170+0000] {dag.py:3211} INFO - Sync 1 DAGs
[2026-07-21T18:56:08.220+0000] {logging_mixin.py:190} INFO - [2026-07-21T18:56:08.220+0000] {dag.py:4138} INFO - Setting next_dagrun for tmdb_incremental_sync to 2026-07-21 00:00:00+00:00, run_after=2026-07-22 00:00:00+00:00
[2026-07-21T18:56:08.253+0000] {processor.py:208} INFO - Processing /opt/airflow/dags/tmdb_incremental_sync.py took 0.172 seconds
[2026-07-21T18:56:38.528+0000] {processor.py:186} INFO - Started process (PID=39097) to work on /opt/airflow/dags/tmdb_incremental_sync.py
[2026-07-21T18:56:38.530+0000] {processor.py:914} INFO - Processing file /opt/airflow/dags/tmdb_incremental_sync.py for tasks to queue
[2026-07-21T18:56:38.533+0000] {logging_mixin.py:190} INFO - [2026-07-21T18:56:38.533+0000] {dagbag.py:587} INFO - Filling up the DagBag from /opt/airflow/dags/tmdb_incremental_sync.py
[2026-07-21T18:56:38.562+0000] {processor.py:925} INFO - DAG(s) 'tmdb_incremental_sync' retrieved from /opt/airflow/dags/tmdb_incremental_sync.py
[2026-07-21T18:56:38.604+0000] {logging_mixin.py:190} INFO - [2026-07-21T18:56:38.604+0000] {dag.py:3211} INFO - Sync 1 DAGs
[2026-07-21T18:56:38.694+0000] {logging_mixin.py:190} INFO - [2026-07-21T18:56:38.694+0000] {dag.py:4138} INFO - Setting next_dagrun for tmdb_incremental_sync to 2026-07-21 00:00:00+00:00, run_after=2026-07-22 00:00:00+00:00
[2026-07-21T18:56:38.725+0000] {processor.py:208} INFO - Processing /opt/airflow/dags/tmdb_incremental_sync.py took 0.205 seconds
[2026-07-21T18:57:08.997+0000] {processor.py:186} INFO - Started process (PID=39107) to work on /opt/airflow/dags/tmdb_incremental_sync.py
[2026-07-21T18:57:08.998+0000] {processor.py:914} INFO - Processing file /opt/airflow/dags/tmdb_incremental_sync.py for tasks to queue
[2026-07-21T18:57:09.001+0000] {logging_mixin.py:190} INFO - [2026-07-21T18:57:09.001+0000] {dagbag.py:587} INFO - Filling up the DagBag from /opt/airflow/dags/tmdb_incremental_sync.py
[2026-07-21T18:57:09.034+0000] {processor.py:925} INFO - DAG(s) 'tmdb_incremental_sync' retrieved from /opt/airflow/dags/tmdb_incremental_sync.py
[2026-07-21T18:57:09.079+0000] {logging_mixin.py:190} INFO - [2026-07-21T18:57:09.079+0000] {dag.py:3211} INFO - Sync 1 DAGs
[2026-07-21T18:57:09.119+0000] {logging_mixin.py:190} INFO - [2026-07-21T18:57:09.118+0000] {dag.py:4138} INFO - Setting next_dagrun for tmdb_incremental_sync to 2026-07-21 00:00:00+00:00, run_after=2026-07-22 00:00:00+00:00
[2026-07-21T18:57:09.143+0000] {processor.py:208} INFO - Processing /opt/airflow/dags/tmdb_incremental_sync.py took 0.155 seconds
[2026-07-21T18:57:39.448+0000] {processor.py:186} INFO - Started process (PID=39117) to work on /opt/airflow/dags/tmdb_incremental_sync.py
[2026-07-21T18:57:39.449+0000] {processor.py:914} INFO - Processing file /opt/airflow/dags/tmdb_incremental_sync.py for tasks to queue
[2026-07-21T18:57:39.452+0000] {logging_mixin.py:190} INFO - [2026-07-21T18:57:39.452+0000] {dagbag.py:587} INFO - Filling up the DagBag from /opt/airflow/dags/tmdb_incremental_sync.py
[2026-07-21T18:57:39.485+0000] {processor.py:925} INFO - DAG(s) 'tmdb_incremental_sync' retrieved from /opt/airflow/dags/tmdb_incremental_sync.py
[2026-07-21T18:57:39.533+0000] {logging_mixin.py:190} INFO - [2026-07-21T18:57:39.532+0000] {dag.py:3211} INFO - Sync 1 DAGs
[2026-07-21T18:57:39.577+0000] {logging_mixin.py:190} INFO - [2026-07-21T18:57:39.577+0000] {dag.py:4138} INFO - Setting next_dagrun for tmdb_incremental_sync to 2026-07-21 00:00:00+00:00, run_after=2026-07-22 00:00:00+00:00
[2026-07-21T18:57:39.608+0000] {processor.py:208} INFO - Processing /opt/airflow/dags/tmdb_incremental_sync.py took 0.170 seconds
[2026-07-21T18:58:10.075+0000] {processor.py:186} INFO - Started process (PID=39127) to work on /opt/airflow/dags/tmdb_incremental_sync.py
[2026-07-21T18:58:10.077+0000] {processor.py:914} INFO - Processing file /opt/airflow/dags/tmdb_incremental_sync.py for tasks to queue
[2026-07-21T18:58:10.081+0000] {logging_mixin.py:190} INFO - [2026-07-21T18:58:10.081+0000] {dagbag.py:587} INFO - Filling up the DagBag from /opt/airflow/dags/tmdb_incremental_sync.py
[2026-07-21T18:58:10.116+0000] {processor.py:925} INFO - DAG(s) 'tmdb_incremental_sync' retrieved from /opt/airflow/dags/tmdb_incremental_sync.py
[2026-07-21T18:58:10.159+0000] {logging_mixin.py:190} INFO - [2026-07-21T18:58:10.159+0000] {dag.py:3211} INFO - Sync 1 DAGs
[2026-07-21T18:58:10.222+0000] {logging_mixin.py:190} INFO - [2026-07-21T18:58:10.222+0000] {dag.py:4138} INFO - Setting next_dagrun for tmdb_incremental_sync to 2026-07-21 00:00:00+00:00, run_after=2026-07-22 00:00:00+00:00
[2026-07-21T18:58:10.249+0000] {processor.py:208} INFO - Processing /opt/airflow/dags/tmdb_incremental_sync.py took 0.182 seconds
[2026-07-21T18:58:40.546+0000] {processor.py:186} INFO - Started process (PID=39137) to work on /opt/airflow/dags/tmdb_incremental_sync.py
[2026-07-21T18:58:40.548+0000] {processor.py:914} INFO - Processing file /opt/airflow/dags/tmdb_incremental_sync.py for tasks to queue
[2026-07-21T18:58:40.553+0000] {logging_mixin.py:190} INFO - [2026-07-21T18:58:40.552+0000] {dagbag.py:587} INFO - Filling up the DagBag from /opt/airflow/dags/tmdb_incremental_sync.py
[2026-07-21T18:58:40.658+0000] {processor.py:925} INFO - DAG(s) 'tmdb_incremental_sync' retrieved from /opt/airflow/dags/tmdb_incremental_sync.py
[2026-07-21T18:58:40.720+0000] {logging_mixin.py:190} INFO - [2026-07-21T18:58:40.720+0000] {dag.py:3211} INFO - Sync 1 DAGs
[2026-07-21T18:58:40.814+0000] {logging_mixin.py:190} INFO - [2026-07-21T18:58:40.814+0000] {dag.py:4138} INFO - Setting next_dagrun for tmdb_incremental_sync to 2026-07-21 00:00:00+00:00, run_after=2026-07-22 00:00:00+00:00
[2026-07-21T18:58:40.839+0000] {processor.py:208} INFO - Processing /opt/airflow/dags/tmdb_incremental_sync.py took 0.302 seconds
[2026-07-21T18:59:11.134+0000] {processor.py:186} INFO - Started process (PID=39147) to work on /opt/airflow/dags/tmdb_incremental_sync.py
[2026-07-21T18:59:11.135+0000] {processor.py:914} INFO - Processing file /opt/airflow/dags/tmdb_incremental_sync.py for tasks to queue
[2026-07-21T18:59:11.140+0000] {logging_mixin.py:190} INFO - [2026-07-21T18:59:11.139+0000] {dagbag.py:587} INFO - Filling up the DagBag from /opt/airflow/dags/tmdb_incremental_sync.py
[2026-07-21T18:59:11.173+0000] {processor.py:925} INFO - DAG(s) 'tmdb_incremental_sync' retrieved from /opt/airflow/dags/tmdb_incremental_sync.py
[2026-07-21T18:59:11.212+0000] {logging_mixin.py:190} INFO - [2026-07-21T18:59:11.212+0000] {dag.py:3211} INFO - Sync 1 DAGs
[2026-07-21T18:59:11.252+0000] {logging_mixin.py:190} INFO - [2026-07-21T18:59:11.252+0000] {dag.py:4138} INFO - Setting next_dagrun for tmdb_incremental_sync to 2026-07-21 00:00:00+00:00, run_after=2026-07-22 00:00:00+00:00
[2026-07-21T18:59:11.283+0000] {processor.py:208} INFO - Processing /opt/airflow/dags/tmdb_incremental_sync.py took 0.157 seconds
[2026-07-21T19:00:26.377+0000] {processor.py:186} INFO - Started process (PID=39157) to work on /opt/airflow/dags/tmdb_incremental_sync.py
[2026-07-21T19:00:26.378+0000] {processor.py:914} INFO - Processing file /opt/airflow/dags/tmdb_incremental_sync.py for tasks to queue
[2026-07-21T19:00:26.382+0000] {logging_mixin.py:190} INFO - [2026-07-21T19:00:26.381+0000] {dagbag.py:587} INFO - Filling up the DagBag from /opt/airflow/dags/tmdb_incremental_sync.py
[2026-07-21T19:00:26.414+0000] {processor.py:925} INFO - DAG(s) 'tmdb_incremental_sync' retrieved from /opt/airflow/dags/tmdb_incremental_sync.py
[2026-07-21T19:00:26.456+0000] {logging_mixin.py:190} INFO - [2026-07-21T19:00:26.456+0000] {dag.py:3211} INFO - Sync 1 DAGs
[2026-07-21T19:00:26.493+0000] {logging_mixin.py:190} INFO - [2026-07-21T19:00:26.493+0000] {dag.py:4138} INFO - Setting next_dagrun for tmdb_incremental_sync to 2026-07-21 00:00:00+00:00, run_after=2026-07-22 00:00:00+00:00
[2026-07-21T19:00:26.520+0000] {processor.py:208} INFO - Processing /opt/airflow/dags/tmdb_incremental_sync.py took 0.151 seconds
[2026-07-21T19:45:54.643+0000] {processor.py:186} INFO - Started process (PID=39167) to work on /opt/airflow/dags/tmdb_incremental_sync.py
[2026-07-21T19:45:54.645+0000] {processor.py:914} INFO - Processing file /opt/airflow/dags/tmdb_incremental_sync.py for tasks to queue
[2026-07-21T19:45:54.650+0000] {logging_mixin.py:190} INFO - [2026-07-21T19:45:54.649+0000] {dagbag.py:587} INFO - Filling up the DagBag from /opt/airflow/dags/tmdb_incremental_sync.py
[2026-07-21T19:45:54.683+0000] {processor.py:925} INFO - DAG(s) 'tmdb_incremental_sync' retrieved from /opt/airflow/dags/tmdb_incremental_sync.py
[2026-07-21T19:45:54.726+0000] {logging_mixin.py:190} INFO - [2026-07-21T19:45:54.726+0000] {dag.py:3211} INFO - Sync 1 DAGs
[2026-07-21T19:45:54.765+0000] {logging_mixin.py:190} INFO - [2026-07-21T19:45:54.764+0000] {dag.py:4138} INFO - Setting next_dagrun for tmdb_incremental_sync to 2026-07-21 00:00:00+00:00, run_after=2026-07-22 00:00:00+00:00
[2026-07-21T19:45:54.795+0000] {processor.py:208} INFO - Processing /opt/airflow/dags/tmdb_incremental_sync.py took 0.163 seconds
[2026-07-21T19:46:25.165+0000] {processor.py:186} INFO - Started process (PID=39177) to work on /opt/airflow/dags/tmdb_incremental_sync.py
[2026-07-21T19:46:25.167+0000] {processor.py:914} INFO - Processing file /opt/airflow/dags/tmdb_incremental_sync.py for tasks to queue
[2026-07-21T19:46:25.171+0000] {logging_mixin.py:190} INFO - [2026-07-21T19:46:25.170+0000] {dagbag.py:587} INFO - Filling up the DagBag from /opt/airflow/dags/tmdb_incremental_sync.py
[2026-07-21T19:46:25.202+0000] {processor.py:925} INFO - DAG(s) 'tmdb_incremental_sync' retrieved from /opt/airflow/dags/tmdb_incremental_sync.py
[2026-07-21T19:46:25.242+0000] {logging_mixin.py:190} INFO - [2026-07-21T19:46:25.242+0000] {dag.py:3211} INFO - Sync 1 DAGs
[2026-07-21T19:46:25.279+0000] {logging_mixin.py:190} INFO - [2026-07-21T19:46:25.279+0000] {dag.py:4138} INFO - Setting next_dagrun for tmdb_incremental_sync to 2026-07-21 00:00:00+00:00, run_after=2026-07-22 00:00:00+00:00
[2026-07-21T19:46:25.305+0000] {processor.py:208} INFO - Processing /opt/airflow/dags/tmdb_incremental_sync.py took 0.148 seconds
[2026-07-21T19:46:55.650+0000] {processor.py:186} INFO - Started process (PID=39187) to work on /opt/airflow/dags/tmdb_incremental_sync.py
[2026-07-21T19:46:55.651+0000] {processor.py:914} INFO - Processing file /opt/airflow/dags/tmdb_incremental_sync.py for tasks to queue
[2026-07-21T19:46:55.655+0000] {logging_mixin.py:190} INFO - [2026-07-21T19:46:55.654+0000] {dagbag.py:587} INFO - Filling up the DagBag from /opt/airflow/dags/tmdb_incremental_sync.py
[2026-07-21T19:46:55.692+0000] {processor.py:925} INFO - DAG(s) 'tmdb_incremental_sync' retrieved from /opt/airflow/dags/tmdb_incremental_sync.py
[2026-07-21T19:46:55.737+0000] {logging_mixin.py:190} INFO - [2026-07-21T19:46:55.736+0000] {dag.py:3211} INFO - Sync 1 DAGs
[2026-07-21T19:46:55.773+0000] {logging_mixin.py:190} INFO - [2026-07-21T19:46:55.773+0000] {dag.py:4138} INFO - Setting next_dagrun for tmdb_incremental_sync to 2026-07-21 00:00:00+00:00, run_after=2026-07-22 00:00:00+00:00
[2026-07-21T19:46:55.807+0000] {processor.py:208} INFO - Processing /opt/airflow/dags/tmdb_incremental_sync.py took 0.166 seconds
[2026-07-21T19:47:26.101+0000] {processor.py:186} INFO - Started process (PID=39197) to work on /opt/airflow/dags/tmdb_incremental_sync.py
[2026-07-21T19:47:26.102+0000] {processor.py:914} INFO - Processing file /opt/airflow/dags/tmdb_incremental_sync.py for tasks to queue
[2026-07-21T19:47:26.105+0000] {logging_mixin.py:190} INFO - [2026-07-21T19:47:26.105+0000] {dagbag.py:587} INFO - Filling up the DagBag from /opt/airflow/dags/tmdb_incremental_sync.py
[2026-07-21T19:47:26.136+0000] {processor.py:925} INFO - DAG(s) 'tmdb_incremental_sync' retrieved from /opt/airflow/dags/tmdb_incremental_sync.py
[2026-07-21T19:47:26.176+0000] {logging_mixin.py:190} INFO - [2026-07-21T19:47:26.176+0000] {dag.py:3211} INFO - Sync 1 DAGs
[2026-07-21T19:47:26.215+0000] {logging_mixin.py:190} INFO - [2026-07-21T19:47:26.215+0000] {dag.py:4138} INFO - Setting next_dagrun for tmdb_incremental_sync to 2026-07-21 00:00:00+00:00, run_after=2026-07-22 00:00:00+00:00
[2026-07-21T19:47:26.241+0000] {processor.py:208} INFO - Processing /opt/airflow/dags/tmdb_incremental_sync.py took 0.149 seconds
[2026-07-21T19:47:56.553+0000] {processor.py:186} INFO - Started process (PID=39207) to work on /opt/airflow/dags/tmdb_incremental_sync.py
[2026-07-21T19:47:56.555+0000] {processor.py:914} INFO - Processing file /opt/airflow/dags/tmdb_incremental_sync.py for tasks to queue
[2026-07-21T19:47:56.560+0000] {logging_mixin.py:190} INFO - [2026-07-21T19:47:56.559+0000] {dagbag.py:587} INFO - Filling up the DagBag from /opt/airflow/dags/tmdb_incremental_sync.py
[2026-07-21T19:47:56.613+0000] {processor.py:925} INFO - DAG(s) 'tmdb_incremental_sync' retrieved from /opt/airflow/dags/tmdb_incremental_sync.py
[2026-07-21T19:47:56.679+0000] {logging_mixin.py:190} INFO - [2026-07-21T19:47:56.679+0000] {dag.py:3211} INFO - Sync 1 DAGs
[2026-07-21T19:47:56.730+0000] {logging_mixin.py:190} INFO - [2026-07-21T19:47:56.729+0000] {dag.py:4138} INFO - Setting next_dagrun for tmdb_incremental_sync to 2026-07-21 00:00:00+00:00, run_after=2026-07-22 00:00:00+00:00
[2026-07-21T19:47:56.792+0000] {processor.py:208} INFO - Processing /opt/airflow/dags/tmdb_incremental_sync.py took 0.250 seconds
[2026-07-21T19:48:27.071+0000] {processor.py:186} INFO - Started process (PID=39217) to work on /opt/airflow/dags/tmdb_incremental_sync.py
[2026-07-21T19:48:27.073+0000] {processor.py:914} INFO - Processing file /opt/airflow/dags/tmdb_incremental_sync.py for tasks to queue
[2026-07-21T19:48:27.078+0000] {logging_mixin.py:190} INFO - [2026-07-21T19:48:27.077+0000] {dagbag.py:587} INFO - Filling up the DagBag from /opt/airflow/dags/tmdb_incremental_sync.py
[2026-07-21T19:48:27.107+0000] {processor.py:925} INFO - DAG(s) 'tmdb_incremental_sync' retrieved from /opt/airflow/dags/tmdb_incremental_sync.py
[2026-07-21T19:48:27.150+0000] {logging_mixin.py:190} INFO - [2026-07-21T19:48:27.150+0000] {dag.py:3211} INFO - Sync 1 DAGs
[2026-07-21T19:48:27.187+0000] {logging_mixin.py:190} INFO - [2026-07-21T19:48:27.187+0000] {dag.py:4138} INFO - Setting next_dagrun for tmdb_incremental_sync to 2026-07-21 00:00:00+00:00, run_after=2026-07-22 00:00:00+00:00
[2026-07-21T19:48:27.213+0000] {processor.py:208} INFO - Processing /opt/airflow/dags/tmdb_incremental_sync.py took 0.154 seconds
[2026-07-21T19:48:57.517+0000] {processor.py:186} INFO - Started process (PID=39227) to work on /opt/airflow/dags/tmdb_incremental_sync.py
[2026-07-21T19:48:57.518+0000] {processor.py:914} INFO - Processing file /opt/airflow/dags/tmdb_incremental_sync.py for tasks to queue
[2026-07-21T19:48:57.523+0000] {logging_mixin.py:190} INFO - [2026-07-21T19:48:57.522+0000] {dagbag.py:587} INFO - Filling up the DagBag from /opt/airflow/dags/tmdb_incremental_sync.py
[2026-07-21T19:48:57.555+0000] {processor.py:925} INFO - DAG(s) 'tmdb_incremental_sync' retrieved from /opt/airflow/dags/tmdb_incremental_sync.py
[2026-07-21T19:48:57.604+0000] {logging_mixin.py:190} INFO - [2026-07-21T19:48:57.603+0000] {dag.py:3211} INFO - Sync 1 DAGs
[2026-07-21T19:48:57.640+0000] {logging_mixin.py:190} INFO - [2026-07-21T19:48:57.640+0000] {dag.py:4138} INFO - Setting next_dagrun for tmdb_incremental_sync to 2026-07-21 00:00:00+00:00, run_after=2026-07-22 00:00:00+00:00
[2026-07-21T19:48:57.665+0000] {processor.py:208} INFO - Processing /opt/airflow/dags/tmdb_incremental_sync.py took 0.157 seconds
[2026-07-21T19:49:27.966+0000] {processor.py:186} INFO - Started process (PID=39237) to work on /opt/airflow/dags/tmdb_incremental_sync.py
[2026-07-21T19:49:27.967+0000] {processor.py:914} INFO - Processing file /opt/airflow/dags/tmdb_incremental_sync.py for tasks to queue
[2026-07-21T19:49:27.972+0000] {logging_mixin.py:190} INFO - [2026-07-21T19:49:27.971+0000] {dagbag.py:587} INFO - Filling up the DagBag from /opt/airflow/dags/tmdb_incremental_sync.py
[2026-07-21T19:49:28.007+0000] {processor.py:925} INFO - DAG(s) 'tmdb_incremental_sync' retrieved from /opt/airflow/dags/tmdb_incremental_sync.py
[2026-07-21T19:49:28.048+0000] {logging_mixin.py:190} INFO - [2026-07-21T19:49:28.048+0000] {dag.py:3211} INFO - Sync 1 DAGs
[2026-07-21T19:49:28.086+0000] {logging_mixin.py:190} INFO - [2026-07-21T19:49:28.086+0000] {dag.py:4138} INFO - Setting next_dagrun for tmdb_incremental_sync to 2026-07-21 00:00:00+00:00, run_after=2026-07-22 00:00:00+00:00
[2026-07-21T19:49:28.113+0000] {processor.py:208} INFO - Processing /opt/airflow/dags/tmdb_incremental_sync.py took 0.157 seconds
[2026-07-21T19:49:58.410+0000] {processor.py:186} INFO - Started process (PID=39247) to work on /opt/airflow/dags/tmdb_incremental_sync.py
[2026-07-21T19:49:58.411+0000] {processor.py:914} INFO - Processing file /opt/airflow/dags/tmdb_incremental_sync.py for tasks to queue
[2026-07-21T19:49:58.415+0000] {logging_mixin.py:190} INFO - [2026-07-21T19:49:58.414+0000] {dagbag.py:587} INFO - Filling up the DagBag from /opt/airflow/dags/tmdb_incremental_sync.py
[2026-07-21T19:49:58.443+0000] {processor.py:925} INFO - DAG(s) 'tmdb_incremental_sync' retrieved from /opt/airflow/dags/tmdb_incremental_sync.py
[2026-07-21T19:49:58.484+0000] {logging_mixin.py:190} INFO - [2026-07-21T19:49:58.483+0000] {dag.py:3211} INFO - Sync 1 DAGs
[2026-07-21T19:49:58.520+0000] {logging_mixin.py:190} INFO - [2026-07-21T19:49:58.520+0000] {dag.py:4138} INFO - Setting next_dagrun for tmdb_incremental_sync to 2026-07-21 00:00:00+00:00, run_after=2026-07-22 00:00:00+00:00
[2026-07-21T19:49:58.547+0000] {processor.py:208} INFO - Processing /opt/airflow/dags/tmdb_incremental_sync.py took 0.146 seconds
[2026-07-21T19:50:28.827+0000] {processor.py:186} INFO - Started process (PID=39257) to work on /opt/airflow/dags/tmdb_incremental_sync.py
[2026-07-21T19:50:28.829+0000] {processor.py:914} INFO - Processing file /opt/airflow/dags/tmdb_incremental_sync.py for tasks to queue
[2026-07-21T19:50:28.832+0000] {logging_mixin.py:190} INFO - [2026-07-21T19:50:28.832+0000] {dagbag.py:587} INFO - Filling up the DagBag from /opt/airflow/dags/tmdb_incremental_sync.py
[2026-07-21T19:50:28.863+0000] {processor.py:925} INFO - DAG(s) 'tmdb_incremental_sync' retrieved from /opt/airflow/dags/tmdb_incremental_sync.py
[2026-07-21T19:50:28.904+0000] {logging_mixin.py:190} INFO - [2026-07-21T19:50:28.904+0000] {dag.py:3211} INFO - Sync 1 DAGs
[2026-07-21T19:50:28.942+0000] {logging_mixin.py:190} INFO - [2026-07-21T19:50:28.942+0000] {dag.py:4138} INFO - Setting next_dagrun for tmdb_incremental_sync to 2026-07-21 00:00:00+00:00, run_after=2026-07-22 00:00:00+00:00
[2026-07-21T19:50:28.969+0000] {processor.py:208} INFO - Processing /opt/airflow/dags/tmdb_incremental_sync.py took 0.150 seconds
[2026-07-21T19:50:59.289+0000] {processor.py:186} INFO - Started process (PID=39267) to work on /opt/airflow/dags/tmdb_incremental_sync.py
[2026-07-21T19:50:59.290+0000] {processor.py:914} INFO - Processing file /opt/airflow/dags/tmdb_incremental_sync.py for tasks to queue
[2026-07-21T19:50:59.293+0000] {logging_mixin.py:190} INFO - [2026-07-21T19:50:59.293+0000] {dagbag.py:587} INFO - Filling up the DagBag from /opt/airflow/dags/tmdb_incremental_sync.py
[2026-07-21T19:50:59.323+0000] {processor.py:925} INFO - DAG(s) 'tmdb_incremental_sync' retrieved from /opt/airflow/dags/tmdb_incremental_sync.py
[2026-07-21T19:50:59.364+0000] {logging_mixin.py:190} INFO - [2026-07-21T19:50:59.364+0000] {dag.py:3211} INFO - Sync 1 DAGs
[2026-07-21T19:50:59.403+0000] {logging_mixin.py:190} INFO - [2026-07-21T19:50:59.402+0000] {dag.py:4138} INFO - Setting next_dagrun for tmdb_incremental_sync to 2026-07-21 00:00:00+00:00, run_after=2026-07-22 00:00:00+00:00
[2026-07-21T19:50:59.429+0000] {processor.py:208} INFO - Processing /opt/airflow/dags/tmdb_incremental_sync.py took 0.148 seconds
[2026-07-21T19:51:29.740+0000] {processor.py:186} INFO - Started process (PID=39277) to work on /opt/airflow/dags/tmdb_incremental_sync.py
[2026-07-21T19:51:29.741+0000] {processor.py:914} INFO - Processing file /opt/airflow/dags/tmdb_incremental_sync.py for tasks to queue
[2026-07-21T19:51:29.745+0000] {logging_mixin.py:190} INFO - [2026-07-21T19:51:29.745+0000] {dagbag.py:587} INFO - Filling up the DagBag from /opt/airflow/dags/tmdb_incremental_sync.py
[2026-07-21T19:51:29.774+0000] {processor.py:925} INFO - DAG(s) 'tmdb_incremental_sync' retrieved from /opt/airflow/dags/tmdb_incremental_sync.py
[2026-07-21T19:51:29.818+0000] {logging_mixin.py:190} INFO - [2026-07-21T19:51:29.817+0000] {dag.py:3211} INFO - Sync 1 DAGs
[2026-07-21T19:51:29.859+0000] {logging_mixin.py:190} INFO - [2026-07-21T19:51:29.858+0000] {dag.py:4138} INFO - Setting next_dagrun for tmdb_incremental_sync to 2026-07-21 00:00:00+00:00, run_after=2026-07-22 00:00:00+00:00
[2026-07-21T19:51:29.892+0000] {processor.py:208} INFO - Processing /opt/airflow/dags/tmdb_incremental_sync.py took 0.161 seconds
[2026-07-21T19:52:00.280+0000] {processor.py:186} INFO - Started process (PID=39287) to work on /opt/airflow/dags/tmdb_incremental_sync.py
[2026-07-21T19:52:00.281+0000] {processor.py:914} INFO - Processing file /opt/airflow/dags/tmdb_incremental_sync.py for tasks to queue
[2026-07-21T19:52:00.289+0000] {logging_mixin.py:190} INFO - [2026-07-21T19:52:00.287+0000] {dagbag.py:587} INFO - Filling up the DagBag from /opt/airflow/dags/tmdb_incremental_sync.py
[2026-07-21T19:52:00.328+0000] {processor.py:925} INFO - DAG(s) 'tmdb_incremental_sync' retrieved from /opt/airflow/dags/tmdb_incremental_sync.py
[2026-07-21T19:52:00.393+0000] {logging_mixin.py:190} INFO - [2026-07-21T19:52:00.393+0000] {dag.py:3211} INFO - Sync 1 DAGs
[2026-07-21T19:52:00.436+0000] {logging_mixin.py:190} INFO - [2026-07-21T19:52:00.436+0000] {dag.py:4138} INFO - Setting next_dagrun for tmdb_incremental_sync to 2026-07-21 00:00:00+00:00, run_after=2026-07-22 00:00:00+00:00
[2026-07-21T19:52:00.466+0000] {processor.py:208} INFO - Processing /opt/airflow/dags/tmdb_incremental_sync.py took 0.199 seconds
[2026-07-21T19:52:30.769+0000] {processor.py:186} INFO - Started process (PID=39297) to work on /opt/airflow/dags/tmdb_incremental_sync.py
[2026-07-21T19:52:30.770+0000] {processor.py:914} INFO - Processing file /opt/airflow/dags/tmdb_incremental_sync.py for tasks to queue
[2026-07-21T19:52:30.774+0000] {logging_mixin.py:190} INFO - [2026-07-21T19:52:30.773+0000] {dagbag.py:587} INFO - Filling up the DagBag from /opt/airflow/dags/tmdb_incremental_sync.py
[2026-07-21T19:52:30.811+0000] {processor.py:925} INFO - DAG(s) 'tmdb_incremental_sync' retrieved from /opt/airflow/dags/tmdb_incremental_sync.py
[2026-07-21T19:52:30.851+0000] {logging_mixin.py:190} INFO - [2026-07-21T19:52:30.851+0000] {dag.py:3211} INFO - Sync 1 DAGs
[2026-07-21T19:52:30.887+0000] {logging_mixin.py:190} INFO - [2026-07-21T19:52:30.887+0000] {dag.py:4138} INFO - Setting next_dagrun for tmdb_incremental_sync to 2026-07-21 00:00:00+00:00, run_after=2026-07-22 00:00:00+00:00
[2026-07-21T19:52:30.916+0000] {processor.py:208} INFO - Processing /opt/airflow/dags/tmdb_incremental_sync.py took 0.155 seconds
[2026-07-21T19:53:01.304+0000] {processor.py:186} INFO - Started process (PID=39307) to work on /opt/airflow/dags/tmdb_incremental_sync.py
[2026-07-21T19:53:01.305+0000] {processor.py:914} INFO - Processing file /opt/airflow/dags/tmdb_incremental_sync.py for tasks to queue
[2026-07-21T19:53:01.308+0000] {logging_mixin.py:190} INFO - [2026-07-21T19:53:01.308+0000] {dagbag.py:587} INFO - Filling up the DagBag from /opt/airflow/dags/tmdb_incremental_sync.py
[2026-07-21T19:53:01.342+0000] {processor.py:925} INFO - DAG(s) 'tmdb_incremental_sync' retrieved from /opt/airflow/dags/tmdb_incremental_sync.py
[2026-07-21T19:53:01.405+0000] {logging_mixin.py:190} INFO - [2026-07-21T19:53:01.404+0000] {dag.py:3211} INFO - Sync 1 DAGs
[2026-07-21T19:53:01.451+0000] {logging_mixin.py:190} INFO - [2026-07-21T19:53:01.451+0000] {dag.py:4138} INFO - Setting next_dagrun for tmdb_incremental_sync to 2026-07-21 00:00:00+00:00, run_after=2026-07-22 00:00:00+00:00
[2026-07-21T19:53:01.489+0000] {processor.py:208} INFO - Processing /opt/airflow/dags/tmdb_incremental_sync.py took 0.195 seconds
[2026-07-21T19:53:31.779+0000] {processor.py:186} INFO - Started process (PID=39317) to work on /opt/airflow/dags/tmdb_incremental_sync.py
[2026-07-21T19:53:31.781+0000] {processor.py:914} INFO - Processing file /opt/airflow/dags/tmdb_incremental_sync.py for tasks to queue
[2026-07-21T19:53:31.789+0000] {logging_mixin.py:190} INFO - [2026-07-21T19:53:31.787+0000] {dagbag.py:587} INFO - Filling up the DagBag from /opt/airflow/dags/tmdb_incremental_sync.py
[2026-07-21T19:53:31.821+0000] {processor.py:925} INFO - DAG(s) 'tmdb_incremental_sync' retrieved from /opt/airflow/dags/tmdb_incremental_sync.py
[2026-07-21T19:53:31.863+0000] {logging_mixin.py:190} INFO - [2026-07-21T19:53:31.863+0000] {dag.py:3211} INFO - Sync 1 DAGs
[2026-07-21T19:53:31.904+0000] {logging_mixin.py:190} INFO - [2026-07-21T19:53:31.903+0000] {dag.py:4138} INFO - Setting next_dagrun for tmdb_incremental_sync to 2026-07-21 00:00:00+00:00, run_after=2026-07-22 00:00:00+00:00
[2026-07-21T19:53:31.933+0000] {processor.py:208} INFO - Processing /opt/airflow/dags/tmdb_incremental_sync.py took 0.164 seconds
[2026-07-21T19:54:02.210+0000] {processor.py:186} INFO - Started process (PID=39327) to work on /opt/airflow/dags/tmdb_incremental_sync.py
[2026-07-21T19:54:02.211+0000] {processor.py:914} INFO - Processing file /opt/airflow/dags/tmdb_incremental_sync.py for tasks to queue
[2026-07-21T19:54:02.215+0000] {logging_mixin.py:190} INFO - [2026-07-21T19:54:02.214+0000] {dagbag.py:587} INFO - Filling up the DagBag from /opt/airflow/dags/tmdb_incremental_sync.py
[2026-07-21T19:54:02.245+0000] {processor.py:925} INFO - DAG(s) 'tmdb_incremental_sync' retrieved from /opt/airflow/dags/tmdb_incremental_sync.py
[2026-07-21T19:54:02.285+0000] {logging_mixin.py:190} INFO - [2026-07-21T19:54:02.285+0000] {dag.py:3211} INFO - Sync 1 DAGs
[2026-07-21T19:54:02.322+0000] {logging_mixin.py:190} INFO - [2026-07-21T19:54:02.322+0000] {dag.py:4138} INFO - Setting next_dagrun for tmdb_incremental_sync to 2026-07-21 00:00:00+00:00, run_after=2026-07-22 00:00:00+00:00
[2026-07-21T19:54:02.348+0000] {processor.py:208} INFO - Processing /opt/airflow/dags/tmdb_incremental_sync.py took 0.146 seconds
[2026-07-21T19:54:32.638+0000] {processor.py:186} INFO - Started process (PID=39337) to work on /opt/airflow/dags/tmdb_incremental_sync.py
[2026-07-21T19:54:32.640+0000] {processor.py:914} INFO - Processing file /opt/airflow/dags/tmdb_incremental_sync.py for tasks to queue
[2026-07-21T19:54:32.643+0000] {logging_mixin.py:190} INFO - [2026-07-21T19:54:32.643+0000] {dagbag.py:587} INFO - Filling up the DagBag from /opt/airflow/dags/tmdb_incremental_sync.py
[2026-07-21T19:54:32.675+0000] {processor.py:925} INFO - DAG(s) 'tmdb_incremental_sync' retrieved from /opt/airflow/dags/tmdb_incremental_sync.py
[2026-07-21T19:54:32.719+0000] {logging_mixin.py:190} INFO - [2026-07-21T19:54:32.719+0000] {dag.py:3211} INFO - Sync 1 DAGs
[2026-07-21T19:54:32.756+0000] {logging_mixin.py:190} INFO - [2026-07-21T19:54:32.756+0000] {dag.py:4138} INFO - Setting next_dagrun for tmdb_incremental_sync to 2026-07-21 00:00:00+00:00, run_after=2026-07-22 00:00:00+00:00
[2026-07-21T19:54:32.787+0000] {processor.py:208} INFO - Processing /opt/airflow/dags/tmdb_incremental_sync.py took 0.157 seconds
[2026-07-21T19:55:03.084+0000] {processor.py:186} INFO - Started process (PID=39347) to work on /opt/airflow/dags/tmdb_incremental_sync.py
[2026-07-21T19:55:03.085+0000] {processor.py:914} INFO - Processing file /opt/airflow/dags/tmdb_incremental_sync.py for tasks to queue
[2026-07-21T19:55:03.089+0000] {logging_mixin.py:190} INFO - [2026-07-21T19:55:03.088+0000] {dagbag.py:587} INFO - Filling up the DagBag from /opt/airflow/dags/tmdb_incremental_sync.py
[2026-07-21T19:55:03.124+0000] {processor.py:925} INFO - DAG(s) 'tmdb_incremental_sync' retrieved from /opt/airflow/dags/tmdb_incremental_sync.py
[2026-07-21T19:55:03.168+0000] {logging_mixin.py:190} INFO - [2026-07-21T19:55:03.168+0000] {dag.py:3211} INFO - Sync 1 DAGs
[2026-07-21T19:55:03.209+0000] {logging_mixin.py:190} INFO - [2026-07-21T19:55:03.209+0000] {dag.py:4138} INFO - Setting next_dagrun for tmdb_incremental_sync to 2026-07-21 00:00:00+00:00, run_after=2026-07-22 00:00:00+00:00
[2026-07-21T19:55:03.237+0000] {processor.py:208} INFO - Processing /opt/airflow/dags/tmdb_incremental_sync.py took 0.161 seconds
[2026-07-21T19:55:33.547+0000] {processor.py:186} INFO - Started process (PID=39357) to work on /opt/airflow/dags/tmdb_incremental_sync.py
[2026-07-21T19:55:33.548+0000] {processor.py:914} INFO - Processing file /opt/airflow/dags/tmdb_incremental_sync.py for tasks to queue
[2026-07-21T19:55:33.553+0000] {logging_mixin.py:190} INFO - [2026-07-21T19:55:33.552+0000] {dagbag.py:587} INFO - Filling up the DagBag from /opt/airflow/dags/tmdb_incremental_sync.py
[2026-07-21T19:55:33.581+0000] {processor.py:925} INFO - DAG(s) 'tmdb_incremental_sync' retrieved from /opt/airflow/dags/tmdb_incremental_sync.py
[2026-07-21T19:55:33.622+0000] {logging_mixin.py:190} INFO - [2026-07-21T19:55:33.622+0000] {dag.py:3211} INFO - Sync 1 DAGs
[2026-07-21T19:55:33.659+0000] {logging_mixin.py:190} INFO - [2026-07-21T19:55:33.659+0000] {dag.py:4138} INFO - Setting next_dagrun for tmdb_incremental_sync to 2026-07-21 00:00:00+00:00, run_after=2026-07-22 00:00:00+00:00
[2026-07-21T19:55:33.686+0000] {processor.py:208} INFO - Processing /opt/airflow/dags/tmdb_incremental_sync.py took 0.146 seconds
[2026-07-21T19:56:04.061+0000] {processor.py:186} INFO - Started process (PID=39367) to work on /opt/airflow/dags/tmdb_incremental_sync.py
[2026-07-21T19:56:04.062+0000] {processor.py:914} INFO - Processing file /opt/airflow/dags/tmdb_incremental_sync.py for tasks to queue
[2026-07-21T19:56:04.066+0000] {logging_mixin.py:190} INFO - [2026-07-21T19:56:04.065+0000] {dagbag.py:587} INFO - Filling up the DagBag from /opt/airflow/dags/tmdb_incremental_sync.py
[2026-07-21T19:56:04.095+0000] {processor.py:925} INFO - DAG(s) 'tmdb_incremental_sync' retrieved from /opt/airflow/dags/tmdb_incremental_sync.py
[2026-07-21T19:56:04.136+0000] {logging_mixin.py:190} INFO - [2026-07-21T19:56:04.136+0000] {dag.py:3211} INFO - Sync 1 DAGs
[2026-07-21T19:56:04.180+0000] {logging_mixin.py:190} INFO - [2026-07-21T19:56:04.180+0000] {dag.py:4138} INFO - Setting next_dagrun for tmdb_incremental_sync to 2026-07-21 00:00:00+00:00, run_after=2026-07-22 00:00:00+00:00
[2026-07-21T19:56:04.217+0000] {processor.py:208} INFO - Processing /opt/airflow/dags/tmdb_incremental_sync.py took 0.166 seconds
[2026-07-21T19:56:34.511+0000] {processor.py:186} INFO - Started process (PID=39377) to work on /opt/airflow/dags/tmdb_incremental_sync.py
[2026-07-21T19:56:34.512+0000] {processor.py:914} INFO - Processing file /opt/airflow/dags/tmdb_incremental_sync.py for tasks to queue
[2026-07-21T19:56:34.516+0000] {logging_mixin.py:190} INFO - [2026-07-21T19:56:34.515+0000] {dagbag.py:587} INFO - Filling up the DagBag from /opt/airflow/dags/tmdb_incremental_sync.py
[2026-07-21T19:56:34.550+0000] {processor.py:925} INFO - DAG(s) 'tmdb_incremental_sync' retrieved from /opt/airflow/dags/tmdb_incremental_sync.py
[2026-07-21T19:56:34.591+0000] {logging_mixin.py:190} INFO - [2026-07-21T19:56:34.591+0000] {dag.py:3211} INFO - Sync 1 DAGs
[2026-07-21T19:56:34.632+0000] {logging_mixin.py:190} INFO - [2026-07-21T19:56:34.632+0000] {dag.py:4138} INFO - Setting next_dagrun for tmdb_incremental_sync to 2026-07-21 00:00:00+00:00, run_after=2026-07-22 00:00:00+00:00
[2026-07-21T19:56:34.660+0000] {processor.py:208} INFO - Processing /opt/airflow/dags/tmdb_incremental_sync.py took 0.158 seconds
[2026-07-21T19:57:04.965+0000] {processor.py:186} INFO - Started process (PID=39387) to work on /opt/airflow/dags/tmdb_incremental_sync.py
[2026-07-21T19:57:04.967+0000] {processor.py:914} INFO - Processing file /opt/airflow/dags/tmdb_incremental_sync.py for tasks to queue
[2026-07-21T19:57:04.970+0000] {logging_mixin.py:190} INFO - [2026-07-21T19:57:04.970+0000] {dagbag.py:587} INFO - Filling up the DagBag from /opt/airflow/dags/tmdb_incremental_sync.py
[2026-07-21T19:57:05.004+0000] {processor.py:925} INFO - DAG(s) 'tmdb_incremental_sync' retrieved from /opt/airflow/dags/tmdb_incremental_sync.py
[2026-07-21T19:57:05.045+0000] {logging_mixin.py:190} INFO - [2026-07-21T19:57:05.044+0000] {dag.py:3211} INFO - Sync 1 DAGs
[2026-07-21T19:57:05.082+0000] {logging_mixin.py:190} INFO - [2026-07-21T19:57:05.081+0000] {dag.py:4138} INFO - Setting next_dagrun for tmdb_incremental_sync to 2026-07-21 00:00:00+00:00, run_after=2026-07-22 00:00:00+00:00
[2026-07-21T19:57:05.106+0000] {processor.py:208} INFO - Processing /opt/airflow/dags/tmdb_incremental_sync.py took 0.150 seconds
[2026-07-21T19:57:35.404+0000] {processor.py:186} INFO - Started process (PID=39397) to work on /opt/airflow/dags/tmdb_incremental_sync.py
[2026-07-21T19:57:35.406+0000] {processor.py:914} INFO - Processing file /opt/airflow/dags/tmdb_incremental_sync.py for tasks to queue
[2026-07-21T19:57:35.410+0000] {logging_mixin.py:190} INFO - [2026-07-21T19:57:35.409+0000] {dagbag.py:587} INFO - Filling up the DagBag from /opt/airflow/dags/tmdb_incremental_sync.py
[2026-07-21T19:57:35.441+0000] {processor.py:925} INFO - DAG(s) 'tmdb_incremental_sync' retrieved from /opt/airflow/dags/tmdb_incremental_sync.py
[2026-07-21T19:57:35.483+0000] {logging_mixin.py:190} INFO - [2026-07-21T19:57:35.482+0000] {dag.py:3211} INFO - Sync 1 DAGs
[2026-07-21T19:57:35.525+0000] {logging_mixin.py:190} INFO - [2026-07-21T19:57:35.525+0000] {dag.py:4138} INFO - Setting next_dagrun for tmdb_incremental_sync to 2026-07-21 00:00:00+00:00, run_after=2026-07-22 00:00:00+00:00
[2026-07-21T19:57:35.553+0000] {processor.py:208} INFO - Processing /opt/airflow/dags/tmdb_incremental_sync.py took 0.160 seconds
[2026-07-21T19:58:05.871+0000] {processor.py:186} INFO - Started process (PID=39407) to work on /opt/airflow/dags/tmdb_incremental_sync.py
[2026-07-21T19:58:05.872+0000] {processor.py:914} INFO - Processing file /opt/airflow/dags/tmdb_incremental_sync.py for tasks to queue
[2026-07-21T19:58:05.877+0000] {logging_mixin.py:190} INFO - [2026-07-21T19:58:05.876+0000] {dagbag.py:587} INFO - Filling up the DagBag from /opt/airflow/dags/tmdb_incremental_sync.py
[2026-07-21T19:58:05.911+0000] {processor.py:925} INFO - DAG(s) 'tmdb_incremental_sync' retrieved from /opt/airflow/dags/tmdb_incremental_sync.py
[2026-07-21T19:58:05.952+0000] {logging_mixin.py:190} INFO - [2026-07-21T19:58:05.952+0000] {dag.py:3211} INFO - Sync 1 DAGs
[2026-07-21T19:58:05.988+0000] {logging_mixin.py:190} INFO - [2026-07-21T19:58:05.987+0000] {dag.py:4138} INFO - Setting next_dagrun for tmdb_incremental_sync to 2026-07-21 00:00:00+00:00, run_after=2026-07-22 00:00:00+00:00
[2026-07-21T19:58:06.014+0000] {processor.py:208} INFO - Processing /opt/airflow/dags/tmdb_incremental_sync.py took 0.152 seconds
[2026-07-21T19:58:36.304+0000] {processor.py:186} INFO - Started process (PID=39417) to work on /opt/airflow/dags/tmdb_incremental_sync.py
[2026-07-21T19:58:36.306+0000] {processor.py:914} INFO - Processing file /opt/airflow/dags/tmdb_incremental_sync.py for tasks to queue
[2026-07-21T19:58:36.310+0000] {logging_mixin.py:190} INFO - [2026-07-21T19:58:36.310+0000] {dagbag.py:587} INFO - Filling up the DagBag from /opt/airflow/dags/tmdb_incremental_sync.py
[2026-07-21T19:58:36.339+0000] {processor.py:925} INFO - DAG(s) 'tmdb_incremental_sync' retrieved from /opt/airflow/dags/tmdb_incremental_sync.py
[2026-07-21T19:58:36.381+0000] {logging_mixin.py:190} INFO - [2026-07-21T19:58:36.380+0000] {dag.py:3211} INFO - Sync 1 DAGs
[2026-07-21T19:58:36.421+0000] {logging_mixin.py:190} INFO - [2026-07-21T19:58:36.420+0000] {dag.py:4138} INFO - Setting next_dagrun for tmdb_incremental_sync to 2026-07-21 00:00:00+00:00, run_after=2026-07-22 00:00:00+00:00
[2026-07-21T19:58:36.448+0000] {processor.py:208} INFO - Processing /opt/airflow/dags/tmdb_incremental_sync.py took 0.151 seconds
[2026-07-21T19:59:06.753+0000] {processor.py:186} INFO - Started process (PID=39427) to work on /opt/airflow/dags/tmdb_incremental_sync.py
[2026-07-21T19:59:06.755+0000] {processor.py:914} INFO - Processing file /opt/airflow/dags/tmdb_incremental_sync.py for tasks to queue
[2026-07-21T19:59:06.758+0000] {logging_mixin.py:190} INFO - [2026-07-21T19:59:06.758+0000] {dagbag.py:587} INFO - Filling up the DagBag from /opt/airflow/dags/tmdb_incremental_sync.py
[2026-07-21T19:59:06.787+0000] {processor.py:925} INFO - DAG(s) 'tmdb_incremental_sync' retrieved from /opt/airflow/dags/tmdb_incremental_sync.py
[2026-07-21T19:59:06.828+0000] {logging_mixin.py:190} INFO - [2026-07-21T19:59:06.828+0000] {dag.py:3211} INFO - Sync 1 DAGs
[2026-07-21T19:59:06.866+0000] {logging_mixin.py:190} INFO - [2026-07-21T19:59:06.866+0000] {dag.py:4138} INFO - Setting next_dagrun for tmdb_incremental_sync to 2026-07-21 00:00:00+00:00, run_after=2026-07-22 00:00:00+00:00
[2026-07-21T19:59:06.893+0000] {processor.py:208} INFO - Processing /opt/airflow/dags/tmdb_incremental_sync.py took 0.151 seconds
[2026-07-21T19:59:37.205+0000] {processor.py:186} INFO - Started process (PID=39437) to work on /opt/airflow/dags/tmdb_incremental_sync.py
[2026-07-21T19:59:37.206+0000] {processor.py:914} INFO - Processing file /opt/airflow/dags/tmdb_incremental_sync.py for tasks to queue
[2026-07-21T19:59:37.209+0000] {logging_mixin.py:190} INFO - [2026-07-21T19:59:37.209+0000] {dagbag.py:587} INFO - Filling up the DagBag from /opt/airflow/dags/tmdb_incremental_sync.py
[2026-07-21T19:59:37.242+0000] {processor.py:925} INFO - DAG(s) 'tmdb_incremental_sync' retrieved from /opt/airflow/dags/tmdb_incremental_sync.py
[2026-07-21T19:59:37.286+0000] {logging_mixin.py:190} INFO - [2026-07-21T19:59:37.286+0000] {dag.py:3211} INFO - Sync 1 DAGs
[2026-07-21T19:59:37.326+0000] {logging_mixin.py:190} INFO - [2026-07-21T19:59:37.325+0000] {dag.py:4138} INFO - Setting next_dagrun for tmdb_incremental_sync to 2026-07-21 00:00:00+00:00, run_after=2026-07-22 00:00:00+00:00
[2026-07-21T19:59:37.352+0000] {processor.py:208} INFO - Processing /opt/airflow/dags/tmdb_incremental_sync.py took 0.156 seconds
[2026-07-21T20:00:07.649+0000] {processor.py:186} INFO - Started process (PID=39447) to work on /opt/airflow/dags/tmdb_incremental_sync.py
[2026-07-21T20:00:07.650+0000] {processor.py:914} INFO - Processing file /opt/airflow/dags/tmdb_incremental_sync.py for tasks to queue
[2026-07-21T20:00:07.654+0000] {logging_mixin.py:190} INFO - [2026-07-21T20:00:07.653+0000] {dagbag.py:587} INFO - Filling up the DagBag from /opt/airflow/dags/tmdb_incremental_sync.py
[2026-07-21T20:00:07.683+0000] {processor.py:925} INFO - DAG(s) 'tmdb_incremental_sync' retrieved from /opt/airflow/dags/tmdb_incremental_sync.py
[2026-07-21T20:00:07.724+0000] {logging_mixin.py:190} INFO - [2026-07-21T20:00:07.724+0000] {dag.py:3211} INFO - Sync 1 DAGs
[2026-07-21T20:00:07.760+0000] {logging_mixin.py:190} INFO - [2026-07-21T20:00:07.760+0000] {dag.py:4138} INFO - Setting next_dagrun for tmdb_incremental_sync to 2026-07-21 00:00:00+00:00, run_after=2026-07-22 00:00:00+00:00
[2026-07-21T20:00:07.784+0000] {processor.py:208} INFO - Processing /opt/airflow/dags/tmdb_incremental_sync.py took 0.143 seconds
[2026-07-21T20:00:38.088+0000] {processor.py:186} INFO - Started process (PID=39457) to work on /opt/airflow/dags/tmdb_incremental_sync.py
[2026-07-21T20:00:38.089+0000] {processor.py:914} INFO - Processing file /opt/airflow/dags/tmdb_incremental_sync.py for tasks to queue
[2026-07-21T20:00:38.092+0000] {logging_mixin.py:190} INFO - [2026-07-21T20:00:38.092+0000] {dagbag.py:587} INFO - Filling up the DagBag from /opt/airflow/dags/tmdb_incremental_sync.py
[2026-07-21T20:00:38.122+0000] {processor.py:925} INFO - DAG(s) 'tmdb_incremental_sync' retrieved from /opt/airflow/dags/tmdb_incremental_sync.py
[2026-07-21T20:00:38.162+0000] {logging_mixin.py:190} INFO - [2026-07-21T20:00:38.162+0000] {dag.py:3211} INFO - Sync 1 DAGs
[2026-07-21T20:00:38.199+0000] {logging_mixin.py:190} INFO - [2026-07-21T20:00:38.198+0000] {dag.py:4138} INFO - Setting next_dagrun for tmdb_incremental_sync to 2026-07-21 00:00:00+00:00, run_after=2026-07-22 00:00:00+00:00
[2026-07-21T20:00:38.225+0000] {processor.py:208} INFO - Processing /opt/airflow/dags/tmdb_incremental_sync.py took 0.145 seconds
[2026-07-21T20:01:08.532+0000] {processor.py:186} INFO - Started process (PID=39467) to work on /opt/airflow/dags/tmdb_incremental_sync.py
[2026-07-21T20:01:08.533+0000] {processor.py:914} INFO - Processing file /opt/airflow/dags/tmdb_incremental_sync.py for tasks to queue
[2026-07-21T20:01:08.537+0000] {logging_mixin.py:190} INFO - [2026-07-21T20:01:08.536+0000] {dagbag.py:587} INFO - Filling up the DagBag from /opt/airflow/dags/tmdb_incremental_sync.py
[2026-07-21T20:01:08.566+0000] {processor.py:925} INFO - DAG(s) 'tmdb_incremental_sync' retrieved from /opt/airflow/dags/tmdb_incremental_sync.py
[2026-07-21T20:01:08.605+0000] {logging_mixin.py:190} INFO - [2026-07-21T20:01:08.605+0000] {dag.py:3211} INFO - Sync 1 DAGs
[2026-07-21T20:01:08.643+0000] {logging_mixin.py:190} INFO - [2026-07-21T20:01:08.643+0000] {dag.py:4138} INFO - Setting next_dagrun for tmdb_incremental_sync to 2026-07-21 00:00:00+00:00, run_after=2026-07-22 00:00:00+00:00
[2026-07-21T20:01:08.678+0000] {processor.py:208} INFO - Processing /opt/airflow/dags/tmdb_incremental_sync.py took 0.155 seconds
[2026-07-21T20:01:38.967+0000] {processor.py:186} INFO - Started process (PID=39477) to work on /opt/airflow/dags/tmdb_incremental_sync.py
[2026-07-21T20:01:38.968+0000] {processor.py:914} INFO - Processing file /opt/airflow/dags/tmdb_incremental_sync.py for tasks to queue
[2026-07-21T20:01:38.971+0000] {logging_mixin.py:190} INFO - [2026-07-21T20:01:38.971+0000] {dagbag.py:587} INFO - Filling up the DagBag from /opt/airflow/dags/tmdb_incremental_sync.py
[2026-07-21T20:01:39.001+0000] {processor.py:925} INFO - DAG(s) 'tmdb_incremental_sync' retrieved from /opt/airflow/dags/tmdb_incremental_sync.py
[2026-07-21T20:01:39.041+0000] {logging_mixin.py:190} INFO - [2026-07-21T20:01:39.040+0000] {dag.py:3211} INFO - Sync 1 DAGs
[2026-07-21T20:01:39.153+0000] {logging_mixin.py:190} INFO - [2026-07-21T20:01:39.152+0000] {dag.py:4138} INFO - Setting next_dagrun for tmdb_incremental_sync to 2026-07-21 00:00:00+00:00, run_after=2026-07-22 00:00:00+00:00
[2026-07-21T20:01:39.179+0000] {processor.py:208} INFO - Processing /opt/airflow/dags/tmdb_incremental_sync.py took 0.221 seconds
[2026-07-21T20:02:09.526+0000] {processor.py:186} INFO - Started process (PID=39487) to work on /opt/airflow/dags/tmdb_incremental_sync.py
[2026-07-21T20:02:09.528+0000] {processor.py:914} INFO - Processing file /opt/airflow/dags/tmdb_incremental_sync.py for tasks to queue
[2026-07-21T20:02:09.531+0000] {logging_mixin.py:190} INFO - [2026-07-21T20:02:09.531+0000] {dagbag.py:587} INFO - Filling up the DagBag from /opt/airflow/dags/tmdb_incremental_sync.py
[2026-07-21T20:02:09.562+0000] {processor.py:925} INFO - DAG(s) 'tmdb_incremental_sync' retrieved from /opt/airflow/dags/tmdb_incremental_sync.py
[2026-07-21T20:02:09.604+0000] {logging_mixin.py:190} INFO - [2026-07-21T20:02:09.603+0000] {dag.py:3211} INFO - Sync 1 DAGs
[2026-07-21T20:02:09.641+0000] {logging_mixin.py:190} INFO - [2026-07-21T20:02:09.641+0000] {dag.py:4138} INFO - Setting next_dagrun for tmdb_incremental_sync to 2026-07-21 00:00:00+00:00, run_after=2026-07-22 00:00:00+00:00
[2026-07-21T20:02:09.667+0000] {processor.py:208} INFO - Processing /opt/airflow/dags/tmdb_incremental_sync.py took 0.150 seconds
[2026-07-21T20:02:39.975+0000] {processor.py:186} INFO - Started process (PID=39497) to work on /opt/airflow/dags/tmdb_incremental_sync.py
[2026-07-21T20:02:39.976+0000] {processor.py:914} INFO - Processing file /opt/airflow/dags/tmdb_incremental_sync.py for tasks to queue
[2026-07-21T20:02:39.980+0000] {logging_mixin.py:190} INFO - [2026-07-21T20:02:39.979+0000] {dagbag.py:587} INFO - Filling up the DagBag from /opt/airflow/dags/tmdb_incremental_sync.py
[2026-07-21T20:02:40.012+0000] {processor.py:925} INFO - DAG(s) 'tmdb_incremental_sync' retrieved from /opt/airflow/dags/tmdb_incremental_sync.py
[2026-07-21T20:02:40.061+0000] {logging_mixin.py:190} INFO - [2026-07-21T20:02:40.060+0000] {dag.py:3211} INFO - Sync 1 DAGs
[2026-07-21T20:02:40.097+0000] {logging_mixin.py:190} INFO - [2026-07-21T20:02:40.097+0000] {dag.py:4138} INFO - Setting next_dagrun for tmdb_incremental_sync to 2026-07-21 00:00:00+00:00, run_after=2026-07-22 00:00:00+00:00
[2026-07-21T20:02:40.124+0000] {processor.py:208} INFO - Processing /opt/airflow/dags/tmdb_incremental_sync.py took 0.159 seconds
[2026-07-21T20:03:10.445+0000] {processor.py:186} INFO - Started process (PID=39507) to work on /opt/airflow/dags/tmdb_incremental_sync.py
[2026-07-21T20:03:10.446+0000] {processor.py:914} INFO - Processing file /opt/airflow/dags/tmdb_incremental_sync.py for tasks to queue
[2026-07-21T20:03:10.449+0000] {logging_mixin.py:190} INFO - [2026-07-21T20:03:10.449+0000] {dagbag.py:587} INFO - Filling up the DagBag from /opt/airflow/dags/tmdb_incremental_sync.py
[2026-07-21T20:03:10.482+0000] {processor.py:925} INFO - DAG(s) 'tmdb_incremental_sync' retrieved from /opt/airflow/dags/tmdb_incremental_sync.py
[2026-07-21T20:03:10.526+0000] {logging_mixin.py:190} INFO - [2026-07-21T20:03:10.526+0000] {dag.py:3211} INFO - Sync 1 DAGs
[2026-07-21T20:03:10.564+0000] {logging_mixin.py:190} INFO - [2026-07-21T20:03:10.564+0000] {dag.py:4138} INFO - Setting next_dagrun for tmdb_incremental_sync to 2026-07-21 00:00:00+00:00, run_after=2026-07-22 00:00:00+00:00
[2026-07-21T20:03:10.590+0000] {processor.py:208} INFO - Processing /opt/airflow/dags/tmdb_incremental_sync.py took 0.156 seconds
[2026-07-21T20:03:40.888+0000] {processor.py:186} INFO - Started process (PID=39517) to work on /opt/airflow/dags/tmdb_incremental_sync.py
[2026-07-21T20:03:40.890+0000] {processor.py:914} INFO - Processing file /opt/airflow/dags/tmdb_incremental_sync.py for tasks to queue
[2026-07-21T20:03:40.893+0000] {logging_mixin.py:190} INFO - [2026-07-21T20:03:40.892+0000] {dagbag.py:587} INFO - Filling up the DagBag from /opt/airflow/dags/tmdb_incremental_sync.py
[2026-07-21T20:03:40.923+0000] {processor.py:925} INFO - DAG(s) 'tmdb_incremental_sync' retrieved from /opt/airflow/dags/tmdb_incremental_sync.py
[2026-07-21T20:03:40.967+0000] {logging_mixin.py:190} INFO - [2026-07-21T20:03:40.967+0000] {dag.py:3211} INFO - Sync 1 DAGs
[2026-07-21T20:03:41.003+0000] {logging_mixin.py:190} INFO - [2026-07-21T20:03:41.003+0000] {dag.py:4138} INFO - Setting next_dagrun for tmdb_incremental_sync to 2026-07-21 00:00:00+00:00, run_after=2026-07-22 00:00:00+00:00
[2026-07-21T20:03:41.032+0000] {processor.py:208} INFO - Processing /opt/airflow/dags/tmdb_incremental_sync.py took 0.152 seconds
[2026-07-21T20:04:11.332+0000] {processor.py:186} INFO - Started process (PID=39527) to work on /opt/airflow/dags/tmdb_incremental_sync.py
[2026-07-21T20:04:11.333+0000] {processor.py:914} INFO - Processing file /opt/airflow/dags/tmdb_incremental_sync.py for tasks to queue
[2026-07-21T20:04:11.337+0000] {logging_mixin.py:190} INFO - [2026-07-21T20:04:11.337+0000] {dagbag.py:587} INFO - Filling up the DagBag from /opt/airflow/dags/tmdb_incremental_sync.py
[2026-07-21T20:04:11.367+0000] {processor.py:925} INFO - DAG(s) 'tmdb_incremental_sync' retrieved from /opt/airflow/dags/tmdb_incremental_sync.py
[2026-07-21T20:04:11.409+0000] {logging_mixin.py:190} INFO - [2026-07-21T20:04:11.409+0000] {dag.py:3211} INFO - Sync 1 DAGs
[2026-07-21T20:04:11.461+0000] {logging_mixin.py:190} INFO - [2026-07-21T20:04:11.460+0000] {dag.py:4138} INFO - Setting next_dagrun for tmdb_incremental_sync to 2026-07-21 00:00:00+00:00, run_after=2026-07-22 00:00:00+00:00
[2026-07-21T20:04:11.488+0000] {processor.py:208} INFO - Processing /opt/airflow/dags/tmdb_incremental_sync.py took 0.165 seconds
[2026-07-21T20:04:41.788+0000] {processor.py:186} INFO - Started process (PID=39537) to work on /opt/airflow/dags/tmdb_incremental_sync.py
[2026-07-21T20:04:41.789+0000] {processor.py:914} INFO - Processing file /opt/airflow/dags/tmdb_incremental_sync.py for tasks to queue
[2026-07-21T20:04:41.794+0000] {logging_mixin.py:190} INFO - [2026-07-21T20:04:41.793+0000] {dagbag.py:587} INFO - Filling up the DagBag from /opt/airflow/dags/tmdb_incremental_sync.py
[2026-07-21T20:04:41.833+0000] {processor.py:925} INFO - DAG(s) 'tmdb_incremental_sync' retrieved from /opt/airflow/dags/tmdb_incremental_sync.py
[2026-07-21T20:04:41.885+0000] {logging_mixin.py:190} INFO - [2026-07-21T20:04:41.885+0000] {dag.py:3211} INFO - Sync 1 DAGs
[2026-07-21T20:04:42.003+0000] {logging_mixin.py:190} INFO - [2026-07-21T20:04:42.003+0000] {dag.py:4138} INFO - Setting next_dagrun for tmdb_incremental_sync to 2026-07-21 00:00:00+00:00, run_after=2026-07-22 00:00:00+00:00
[2026-07-21T20:04:42.037+0000] {processor.py:208} INFO - Processing /opt/airflow/dags/tmdb_incremental_sync.py took 0.258 seconds
[2026-07-21T20:05:12.406+0000] {processor.py:186} INFO - Started process (PID=39547) to work on /opt/airflow/dags/tmdb_incremental_sync.py
[2026-07-21T20:05:12.408+0000] {processor.py:914} INFO - Processing file /opt/airflow/dags/tmdb_incremental_sync.py for tasks to queue
[2026-07-21T20:05:12.411+0000] {logging_mixin.py:190} INFO - [2026-07-21T20:05:12.411+0000] {dagbag.py:587} INFO - Filling up the DagBag from /opt/airflow/dags/tmdb_incremental_sync.py
[2026-07-21T20:05:12.441+0000] {processor.py:925} INFO - DAG(s) 'tmdb_incremental_sync' retrieved from /opt/airflow/dags/tmdb_incremental_sync.py
[2026-07-21T20:05:12.487+0000] {logging_mixin.py:190} INFO - [2026-07-21T20:05:12.486+0000] {dag.py:3211} INFO - Sync 1 DAGs
[2026-07-21T20:05:12.528+0000] {logging_mixin.py:190} INFO - [2026-07-21T20:05:12.528+0000] {dag.py:4138} INFO - Setting next_dagrun for tmdb_incremental_sync to 2026-07-21 00:00:00+00:00, run_after=2026-07-22 00:00:00+00:00
[2026-07-21T20:05:12.558+0000] {processor.py:208} INFO - Processing /opt/airflow/dags/tmdb_incremental_sync.py took 0.161 seconds
[2026-07-21T20:05:42.874+0000] {processor.py:186} INFO - Started process (PID=39557) to work on /opt/airflow/dags/tmdb_incremental_sync.py
[2026-07-21T20:05:42.875+0000] {processor.py:914} INFO - Processing file /opt/airflow/dags/tmdb_incremental_sync.py for tasks to queue
[2026-07-21T20:05:42.879+0000] {logging_mixin.py:190} INFO - [2026-07-21T20:05:42.878+0000] {dagbag.py:587} INFO - Filling up the DagBag from /opt/airflow/dags/tmdb_incremental_sync.py
[2026-07-21T20:05:42.912+0000] {processor.py:925} INFO - DAG(s) 'tmdb_incremental_sync' retrieved from /opt/airflow/dags/tmdb_incremental_sync.py
[2026-07-21T20:05:42.954+0000] {logging_mixin.py:190} INFO - [2026-07-21T20:05:42.953+0000] {dag.py:3211} INFO - Sync 1 DAGs
[2026-07-21T20:05:42.990+0000] {logging_mixin.py:190} INFO - [2026-07-21T20:05:42.990+0000] {dag.py:4138} INFO - Setting next_dagrun for tmdb_incremental_sync to 2026-07-21 00:00:00+00:00, run_after=2026-07-22 00:00:00+00:00
[2026-07-21T20:05:43.018+0000] {processor.py:208} INFO - Processing /opt/airflow/dags/tmdb_incremental_sync.py took 0.155 seconds
[2026-07-21T20:06:13.337+0000] {processor.py:186} INFO - Started process (PID=39567) to work on /opt/airflow/dags/tmdb_incremental_sync.py
[2026-07-21T20:06:13.338+0000] {processor.py:914} INFO - Processing file /opt/airflow/dags/tmdb_incremental_sync.py for tasks to queue
[2026-07-21T20:06:13.342+0000] {logging_mixin.py:190} INFO - [2026-07-21T20:06:13.341+0000] {dagbag.py:587} INFO - Filling up the DagBag from /opt/airflow/dags/tmdb_incremental_sync.py
[2026-07-21T20:06:13.375+0000] {processor.py:925} INFO - DAG(s) 'tmdb_incremental_sync' retrieved from /opt/airflow/dags/tmdb_incremental_sync.py
[2026-07-21T20:06:13.417+0000] {logging_mixin.py:190} INFO - [2026-07-21T20:06:13.416+0000] {dag.py:3211} INFO - Sync 1 DAGs
[2026-07-21T20:06:13.455+0000] {logging_mixin.py:190} INFO - [2026-07-21T20:06:13.455+0000] {dag.py:4138} INFO - Setting next_dagrun for tmdb_incremental_sync to 2026-07-21 00:00:00+00:00, run_after=2026-07-22 00:00:00+00:00
[2026-07-21T20:06:13.482+0000] {processor.py:208} INFO - Processing /opt/airflow/dags/tmdb_incremental_sync.py took 0.154 seconds
[2026-07-21T20:06:43.909+0000] {processor.py:186} INFO - Started process (PID=39577) to work on /opt/airflow/dags/tmdb_incremental_sync.py
[2026-07-21T20:06:43.915+0000] {processor.py:914} INFO - Processing file /opt/airflow/dags/tmdb_incremental_sync.py for tasks to queue
[2026-07-21T20:06:43.922+0000] {logging_mixin.py:190} INFO - [2026-07-21T20:06:43.921+0000] {dagbag.py:587} INFO - Filling up the DagBag from /opt/airflow/dags/tmdb_incremental_sync.py
[2026-07-21T20:06:43.977+0000] {processor.py:925} INFO - DAG(s) 'tmdb_incremental_sync' retrieved from /opt/airflow/dags/tmdb_incremental_sync.py
[2026-07-21T20:06:44.060+0000] {logging_mixin.py:190} INFO - [2026-07-21T20:06:44.059+0000] {dag.py:3211} INFO - Sync 1 DAGs
[2026-07-21T20:06:44.131+0000] {logging_mixin.py:190} INFO - [2026-07-21T20:06:44.130+0000] {dag.py:4138} INFO - Setting next_dagrun for tmdb_incremental_sync to 2026-07-21 00:00:00+00:00, run_after=2026-07-22 00:00:00+00:00
[2026-07-21T20:06:44.161+0000] {processor.py:208} INFO - Processing /opt/airflow/dags/tmdb_incremental_sync.py took 0.272 seconds
[2026-07-21T20:07:14.543+0000] {processor.py:186} INFO - Started process (PID=39587) to work on /opt/airflow/dags/tmdb_incremental_sync.py
[2026-07-21T20:07:14.545+0000] {processor.py:914} INFO - Processing file /opt/airflow/dags/tmdb_incremental_sync.py for tasks to queue
[2026-07-21T20:07:14.549+0000] {logging_mixin.py:190} INFO - [2026-07-21T20:07:14.548+0000] {dagbag.py:587} INFO - Filling up the DagBag from /opt/airflow/dags/tmdb_incremental_sync.py
[2026-07-21T20:07:14.578+0000] {processor.py:925} INFO - DAG(s) 'tmdb_incremental_sync' retrieved from /opt/airflow/dags/tmdb_incremental_sync.py
[2026-07-21T20:07:14.621+0000] {logging_mixin.py:190} INFO - [2026-07-21T20:07:14.620+0000] {dag.py:3211} INFO - Sync 1 DAGs
[2026-07-21T20:07:14.659+0000] {logging_mixin.py:190} INFO - [2026-07-21T20:07:14.658+0000] {dag.py:4138} INFO - Setting next_dagrun for tmdb_incremental_sync to 2026-07-21 00:00:00+00:00, run_after=2026-07-22 00:00:00+00:00
[2026-07-21T20:07:14.685+0000] {processor.py:208} INFO - Processing /opt/airflow/dags/tmdb_incremental_sync.py took 0.151 seconds
[2026-07-21T20:07:45.161+0000] {processor.py:186} INFO - Started process (PID=39597) to work on /opt/airflow/dags/tmdb_incremental_sync.py
[2026-07-21T20:07:45.162+0000] {processor.py:914} INFO - Processing file /opt/airflow/dags/tmdb_incremental_sync.py for tasks to queue
[2026-07-21T20:07:45.167+0000] {logging_mixin.py:190} INFO - [2026-07-21T20:07:45.167+0000] {dagbag.py:587} INFO - Filling up the DagBag from /opt/airflow/dags/tmdb_incremental_sync.py
[2026-07-21T20:07:45.207+0000] {processor.py:925} INFO - DAG(s) 'tmdb_incremental_sync' retrieved from /opt/airflow/dags/tmdb_incremental_sync.py
[2026-07-21T20:07:45.259+0000] {logging_mixin.py:190} INFO - [2026-07-21T20:07:45.259+0000] {dag.py:3211} INFO - Sync 1 DAGs
[2026-07-21T20:07:45.313+0000] {logging_mixin.py:190} INFO - [2026-07-21T20:07:45.313+0000] {dag.py:4138} INFO - Setting next_dagrun for tmdb_incremental_sync to 2026-07-21 00:00:00+00:00, run_after=2026-07-22 00:00:00+00:00
[2026-07-21T20:07:45.354+0000] {processor.py:208} INFO - Processing /opt/airflow/dags/tmdb_incremental_sync.py took 0.206 seconds
[2026-07-21T20:08:15.729+0000] {processor.py:186} INFO - Started process (PID=39607) to work on /opt/airflow/dags/tmdb_incremental_sync.py
[2026-07-21T20:08:15.730+0000] {processor.py:914} INFO - Processing file /opt/airflow/dags/tmdb_incremental_sync.py for tasks to queue
[2026-07-21T20:08:15.733+0000] {logging_mixin.py:190} INFO - [2026-07-21T20:08:15.733+0000] {dagbag.py:587} INFO - Filling up the DagBag from /opt/airflow/dags/tmdb_incremental_sync.py
[2026-07-21T20:08:15.763+0000] {processor.py:925} INFO - DAG(s) 'tmdb_incremental_sync' retrieved from /opt/airflow/dags/tmdb_incremental_sync.py
[2026-07-21T20:08:15.805+0000] {logging_mixin.py:190} INFO - [2026-07-21T20:08:15.804+0000] {dag.py:3211} INFO - Sync 1 DAGs
[2026-07-21T20:08:15.842+0000] {logging_mixin.py:190} INFO - [2026-07-21T20:08:15.842+0000] {dag.py:4138} INFO - Setting next_dagrun for tmdb_incremental_sync to 2026-07-21 00:00:00+00:00, run_after=2026-07-22 00:00:00+00:00
[2026-07-21T20:08:15.870+0000] {processor.py:208} INFO - Processing /opt/airflow/dags/tmdb_incremental_sync.py took 0.151 seconds
[2026-07-21T20:08:46.175+0000] {processor.py:186} INFO - Started process (PID=39617) to work on /opt/airflow/dags/tmdb_incremental_sync.py
[2026-07-21T20:08:46.176+0000] {processor.py:914} INFO - Processing file /opt/airflow/dags/tmdb_incremental_sync.py for tasks to queue
[2026-07-21T20:08:46.179+0000] {logging_mixin.py:190} INFO - [2026-07-21T20:08:46.179+0000] {dagbag.py:587} INFO - Filling up the DagBag from /opt/airflow/dags/tmdb_incremental_sync.py
[2026-07-21T20:08:46.212+0000] {processor.py:925} INFO - DAG(s) 'tmdb_incremental_sync' retrieved from /opt/airflow/dags/tmdb_incremental_sync.py
[2026-07-21T20:08:46.252+0000] {logging_mixin.py:190} INFO - [2026-07-21T20:08:46.252+0000] {dag.py:3211} INFO - Sync 1 DAGs
[2026-07-21T20:08:46.294+0000] {logging_mixin.py:190} INFO - [2026-07-21T20:08:46.294+0000] {dag.py:4138} INFO - Setting next_dagrun for tmdb_incremental_sync to 2026-07-21 00:00:00+00:00, run_after=2026-07-22 00:00:00+00:00
[2026-07-21T20:08:46.327+0000] {processor.py:208} INFO - Processing /opt/airflow/dags/tmdb_incremental_sync.py took 0.164 seconds
[2026-07-21T20:09:16.638+0000] {processor.py:186} INFO - Started process (PID=39627) to work on /opt/airflow/dags/tmdb_incremental_sync.py
[2026-07-21T20:09:16.639+0000] {processor.py:914} INFO - Processing file /opt/airflow/dags/tmdb_incremental_sync.py for tasks to queue
[2026-07-21T20:09:16.643+0000] {logging_mixin.py:190} INFO - [2026-07-21T20:09:16.642+0000] {dagbag.py:587} INFO - Filling up the DagBag from /opt/airflow/dags/tmdb_incremental_sync.py
[2026-07-21T20:09:16.672+0000] {processor.py:925} INFO - DAG(s) 'tmdb_incremental_sync' retrieved from /opt/airflow/dags/tmdb_incremental_sync.py
[2026-07-21T20:09:16.713+0000] {logging_mixin.py:190} INFO - [2026-07-21T20:09:16.712+0000] {dag.py:3211} INFO - Sync 1 DAGs
[2026-07-21T20:09:16.749+0000] {logging_mixin.py:190} INFO - [2026-07-21T20:09:16.748+0000] {dag.py:4138} INFO - Setting next_dagrun for tmdb_incremental_sync to 2026-07-21 00:00:00+00:00, run_after=2026-07-22 00:00:00+00:00
[2026-07-21T20:09:16.774+0000] {processor.py:208} INFO - Processing /opt/airflow/dags/tmdb_incremental_sync.py took 0.144 seconds
[2026-07-21T20:09:47.079+0000] {processor.py:186} INFO - Started process (PID=39637) to work on /opt/airflow/dags/tmdb_incremental_sync.py
[2026-07-21T20:09:47.080+0000] {processor.py:914} INFO - Processing file /opt/airflow/dags/tmdb_incremental_sync.py for tasks to queue
[2026-07-21T20:09:47.084+0000] {logging_mixin.py:190} INFO - [2026-07-21T20:09:47.083+0000] {dagbag.py:587} INFO - Filling up the DagBag from /opt/airflow/dags/tmdb_incremental_sync.py
[2026-07-21T20:09:47.119+0000] {processor.py:925} INFO - DAG(s) 'tmdb_incremental_sync' retrieved from /opt/airflow/dags/tmdb_incremental_sync.py
[2026-07-21T20:09:47.162+0000] {logging_mixin.py:190} INFO - [2026-07-21T20:09:47.162+0000] {dag.py:3211} INFO - Sync 1 DAGs
[2026-07-21T20:09:47.202+0000] {logging_mixin.py:190} INFO - [2026-07-21T20:09:47.202+0000] {dag.py:4138} INFO - Setting next_dagrun for tmdb_incremental_sync to 2026-07-21 00:00:00+00:00, run_after=2026-07-22 00:00:00+00:00
[2026-07-21T20:09:47.233+0000] {processor.py:208} INFO - Processing /opt/airflow/dags/tmdb_incremental_sync.py took 0.163 seconds
[2026-07-21T20:10:17.546+0000] {processor.py:186} INFO - Started process (PID=39647) to work on /opt/airflow/dags/tmdb_incremental_sync.py
[2026-07-21T20:10:17.547+0000] {processor.py:914} INFO - Processing file /opt/airflow/dags/tmdb_incremental_sync.py for tasks to queue
[2026-07-21T20:10:17.550+0000] {logging_mixin.py:190} INFO - [2026-07-21T20:10:17.550+0000] {dagbag.py:587} INFO - Filling up the DagBag from /opt/airflow/dags/tmdb_incremental_sync.py
[2026-07-21T20:10:17.581+0000] {processor.py:925} INFO - DAG(s) 'tmdb_incremental_sync' retrieved from /opt/airflow/dags/tmdb_incremental_sync.py
[2026-07-21T20:10:17.621+0000] {logging_mixin.py:190} INFO - [2026-07-21T20:10:17.620+0000] {dag.py:3211} INFO - Sync 1 DAGs
[2026-07-21T20:10:17.658+0000] {logging_mixin.py:190} INFO - [2026-07-21T20:10:17.658+0000] {dag.py:4138} INFO - Setting next_dagrun for tmdb_incremental_sync to 2026-07-21 00:00:00+00:00, run_after=2026-07-22 00:00:00+00:00
[2026-07-21T20:10:17.683+0000] {processor.py:208} INFO - Processing /opt/airflow/dags/tmdb_incremental_sync.py took 0.146 seconds
[2026-07-21T20:10:48.149+0000] {processor.py:186} INFO - Started process (PID=39657) to work on /opt/airflow/dags/tmdb_incremental_sync.py
[2026-07-21T20:10:48.151+0000] {processor.py:914} INFO - Processing file /opt/airflow/dags/tmdb_incremental_sync.py for tasks to queue
[2026-07-21T20:10:48.155+0000] {logging_mixin.py:190} INFO - [2026-07-21T20:10:48.154+0000] {dagbag.py:587} INFO - Filling up the DagBag from /opt/airflow/dags/tmdb_incremental_sync.py
[2026-07-21T20:10:48.186+0000] {processor.py:925} INFO - DAG(s) 'tmdb_incremental_sync' retrieved from /opt/airflow/dags/tmdb_incremental_sync.py
[2026-07-21T20:10:48.232+0000] {logging_mixin.py:190} INFO - [2026-07-21T20:10:48.231+0000] {dag.py:3211} INFO - Sync 1 DAGs
[2026-07-21T20:10:48.274+0000] {logging_mixin.py:190} INFO - [2026-07-21T20:10:48.274+0000] {dag.py:4138} INFO - Setting next_dagrun for tmdb_incremental_sync to 2026-07-21 00:00:00+00:00, run_after=2026-07-22 00:00:00+00:00
[2026-07-21T20:10:48.303+0000] {processor.py:208} INFO - Processing /opt/airflow/dags/tmdb_incremental_sync.py took 0.162 seconds
[2026-07-21T20:11:18.621+0000] {processor.py:186} INFO - Started process (PID=39667) to work on /opt/airflow/dags/tmdb_incremental_sync.py
[2026-07-21T20:11:18.623+0000] {processor.py:914} INFO - Processing file /opt/airflow/dags/tmdb_incremental_sync.py for tasks to queue
[2026-07-21T20:11:18.626+0000] {logging_mixin.py:190} INFO - [2026-07-21T20:11:18.626+0000] {dagbag.py:587} INFO - Filling up the DagBag from /opt/airflow/dags/tmdb_incremental_sync.py
[2026-07-21T20:11:18.658+0000] {processor.py:925} INFO - DAG(s) 'tmdb_incremental_sync' retrieved from /opt/airflow/dags/tmdb_incremental_sync.py
[2026-07-21T20:11:18.701+0000] {logging_mixin.py:190} INFO - [2026-07-21T20:11:18.701+0000] {dag.py:3211} INFO - Sync 1 DAGs
[2026-07-21T20:11:18.743+0000] {logging_mixin.py:190} INFO - [2026-07-21T20:11:18.742+0000] {dag.py:4138} INFO - Setting next_dagrun for tmdb_incremental_sync to 2026-07-21 00:00:00+00:00, run_after=2026-07-22 00:00:00+00:00
[2026-07-21T20:11:18.771+0000] {processor.py:208} INFO - Processing /opt/airflow/dags/tmdb_incremental_sync.py took 0.161 seconds
[2026-07-21T20:11:49.079+0000] {processor.py:186} INFO - Started process (PID=39677) to work on /opt/airflow/dags/tmdb_incremental_sync.py
[2026-07-21T20:11:49.080+0000] {processor.py:914} INFO - Processing file /opt/airflow/dags/tmdb_incremental_sync.py for tasks to queue
[2026-07-21T20:11:49.083+0000] {logging_mixin.py:190} INFO - [2026-07-21T20:11:49.083+0000] {dagbag.py:587} INFO - Filling up the DagBag from /opt/airflow/dags/tmdb_incremental_sync.py
[2026-07-21T20:11:49.113+0000] {processor.py:925} INFO - DAG(s) 'tmdb_incremental_sync' retrieved from /opt/airflow/dags/tmdb_incremental_sync.py
[2026-07-21T20:11:49.153+0000] {logging_mixin.py:190} INFO - [2026-07-21T20:11:49.152+0000] {dag.py:3211} INFO - Sync 1 DAGs
[2026-07-21T20:11:49.194+0000] {logging_mixin.py:190} INFO - [2026-07-21T20:11:49.193+0000] {dag.py:4138} INFO - Setting next_dagrun for tmdb_incremental_sync to 2026-07-21 00:00:00+00:00, run_after=2026-07-22 00:00:00+00:00
[2026-07-21T20:11:49.225+0000] {processor.py:208} INFO - Processing /opt/airflow/dags/tmdb_incremental_sync.py took 0.154 seconds
[2026-07-21T20:12:19.526+0000] {processor.py:186} INFO - Started process (PID=39687) to work on /opt/airflow/dags/tmdb_incremental_sync.py
[2026-07-21T20:12:19.527+0000] {processor.py:914} INFO - Processing file /opt/airflow/dags/tmdb_incremental_sync.py for tasks to queue
[2026-07-21T20:12:19.531+0000] {logging_mixin.py:190} INFO - [2026-07-21T20:12:19.530+0000] {dagbag.py:587} INFO - Filling up the DagBag from /opt/airflow/dags/tmdb_incremental_sync.py
[2026-07-21T20:12:19.560+0000] {processor.py:925} INFO - DAG(s) 'tmdb_incremental_sync' retrieved from /opt/airflow/dags/tmdb_incremental_sync.py
[2026-07-21T20:12:19.600+0000] {logging_mixin.py:190} INFO - [2026-07-21T20:12:19.599+0000] {dag.py:3211} INFO - Sync 1 DAGs
[2026-07-21T20:12:19.636+0000] {logging_mixin.py:190} INFO - [2026-07-21T20:12:19.636+0000] {dag.py:4138} INFO - Setting next_dagrun for tmdb_incremental_sync to 2026-07-21 00:00:00+00:00, run_after=2026-07-22 00:00:00+00:00
[2026-07-21T20:12:19.666+0000] {processor.py:208} INFO - Processing /opt/airflow/dags/tmdb_incremental_sync.py took 0.149 seconds
[2026-07-21T20:12:50.114+0000] {processor.py:186} INFO - Started process (PID=39697) to work on /opt/airflow/dags/tmdb_incremental_sync.py
[2026-07-21T20:12:50.115+0000] {processor.py:914} INFO - Processing file /opt/airflow/dags/tmdb_incremental_sync.py for tasks to queue
[2026-07-21T20:12:50.119+0000] {logging_mixin.py:190} INFO - [2026-07-21T20:12:50.118+0000] {dagbag.py:587} INFO - Filling up the DagBag from /opt/airflow/dags/tmdb_incremental_sync.py
[2026-07-21T20:12:50.149+0000] {processor.py:925} INFO - DAG(s) 'tmdb_incremental_sync' retrieved from /opt/airflow/dags/tmdb_incremental_sync.py
[2026-07-21T20:12:50.188+0000] {logging_mixin.py:190} INFO - [2026-07-21T20:12:50.188+0000] {dag.py:3211} INFO - Sync 1 DAGs
[2026-07-21T20:12:50.226+0000] {logging_mixin.py:190} INFO - [2026-07-21T20:12:50.226+0000] {dag.py:4138} INFO - Setting next_dagrun for tmdb_incremental_sync to 2026-07-21 00:00:00+00:00, run_after=2026-07-22 00:00:00+00:00
[2026-07-21T20:12:50.252+0000] {processor.py:208} INFO - Processing /opt/airflow/dags/tmdb_incremental_sync.py took 0.146 seconds
[2026-07-21T20:13:20.546+0000] {processor.py:186} INFO - Started process (PID=39707) to work on /opt/airflow/dags/tmdb_incremental_sync.py
[2026-07-21T20:13:20.547+0000] {processor.py:914} INFO - Processing file /opt/airflow/dags/tmdb_incremental_sync.py for tasks to queue
[2026-07-21T20:13:20.551+0000] {logging_mixin.py:190} INFO - [2026-07-21T20:13:20.551+0000] {dagbag.py:587} INFO - Filling up the DagBag from /opt/airflow/dags/tmdb_incremental_sync.py
[2026-07-21T20:13:20.581+0000] {processor.py:925} INFO - DAG(s) 'tmdb_incremental_sync' retrieved from /opt/airflow/dags/tmdb_incremental_sync.py
[2026-07-21T20:13:20.622+0000] {logging_mixin.py:190} INFO - [2026-07-21T20:13:20.622+0000] {dag.py:3211} INFO - Sync 1 DAGs
[2026-07-21T20:13:20.671+0000] {logging_mixin.py:190} INFO - [2026-07-21T20:13:20.671+0000] {dag.py:4138} INFO - Setting next_dagrun for tmdb_incremental_sync to 2026-07-21 00:00:00+00:00, run_after=2026-07-22 00:00:00+00:00
[2026-07-21T20:13:20.699+0000] {processor.py:208} INFO - Processing /opt/airflow/dags/tmdb_incremental_sync.py took 0.161 seconds
[2026-07-21T20:13:51.005+0000] {processor.py:186} INFO - Started process (PID=39717) to work on /opt/airflow/dags/tmdb_incremental_sync.py
[2026-07-21T20:13:51.006+0000] {processor.py:914} INFO - Processing file /opt/airflow/dags/tmdb_incremental_sync.py for tasks to queue
[2026-07-21T20:13:51.011+0000] {logging_mixin.py:190} INFO - [2026-07-21T20:13:51.010+0000] {dagbag.py:587} INFO - Filling up the DagBag from /opt/airflow/dags/tmdb_incremental_sync.py
[2026-07-21T20:13:51.049+0000] {processor.py:925} INFO - DAG(s) 'tmdb_incremental_sync' retrieved from /opt/airflow/dags/tmdb_incremental_sync.py
[2026-07-21T20:13:51.095+0000] {logging_mixin.py:190} INFO - [2026-07-21T20:13:51.095+0000] {dag.py:3211} INFO - Sync 1 DAGs
[2026-07-21T20:13:51.143+0000] {logging_mixin.py:190} INFO - [2026-07-21T20:13:51.142+0000] {dag.py:4138} INFO - Setting next_dagrun for tmdb_incremental_sync to 2026-07-21 00:00:00+00:00, run_after=2026-07-22 00:00:00+00:00
[2026-07-21T20:13:51.173+0000] {processor.py:208} INFO - Processing /opt/airflow/dags/tmdb_incremental_sync.py took 0.178 seconds
[2026-07-21T20:14:21.526+0000] {processor.py:186} INFO - Started process (PID=39727) to work on /opt/airflow/dags/tmdb_incremental_sync.py
[2026-07-21T20:14:21.528+0000] {processor.py:914} INFO - Processing file /opt/airflow/dags/tmdb_incremental_sync.py for tasks to queue
[2026-07-21T20:14:21.532+0000] {logging_mixin.py:190} INFO - [2026-07-21T20:14:21.532+0000] {dagbag.py:587} INFO - Filling up the DagBag from /opt/airflow/dags/tmdb_incremental_sync.py
[2026-07-21T20:14:21.561+0000] {processor.py:925} INFO - DAG(s) 'tmdb_incremental_sync' retrieved from /opt/airflow/dags/tmdb_incremental_sync.py
[2026-07-21T20:14:21.601+0000] {logging_mixin.py:190} INFO - [2026-07-21T20:14:21.601+0000] {dag.py:3211} INFO - Sync 1 DAGs
[2026-07-21T20:14:21.638+0000] {logging_mixin.py:190} INFO - [2026-07-21T20:14:21.637+0000] {dag.py:4138} INFO - Setting next_dagrun for tmdb_incremental_sync to 2026-07-21 00:00:00+00:00, run_after=2026-07-22 00:00:00+00:00
[2026-07-21T20:14:21.663+0000] {processor.py:208} INFO - Processing /opt/airflow/dags/tmdb_incremental_sync.py took 0.146 seconds
[2026-07-21T20:14:52.031+0000] {processor.py:186} INFO - Started process (PID=39737) to work on /opt/airflow/dags/tmdb_incremental_sync.py
[2026-07-21T20:14:52.034+0000] {processor.py:914} INFO - Processing file /opt/airflow/dags/tmdb_incremental_sync.py for tasks to queue
[2026-07-21T20:14:52.045+0000] {logging_mixin.py:190} INFO - [2026-07-21T20:14:52.043+0000] {dagbag.py:587} INFO - Filling up the DagBag from /opt/airflow/dags/tmdb_incremental_sync.py
[2026-07-21T20:14:52.102+0000] {processor.py:925} INFO - DAG(s) 'tmdb_incremental_sync' retrieved from /opt/airflow/dags/tmdb_incremental_sync.py
[2026-07-21T20:14:52.181+0000] {logging_mixin.py:190} INFO - [2026-07-21T20:14:52.180+0000] {dag.py:3211} INFO - Sync 1 DAGs
[2026-07-21T20:14:52.223+0000] {logging_mixin.py:190} INFO - [2026-07-21T20:14:52.223+0000] {dag.py:4138} INFO - Setting next_dagrun for tmdb_incremental_sync to 2026-07-21 00:00:00+00:00, run_after=2026-07-22 00:00:00+00:00
[2026-07-21T20:14:52.265+0000] {processor.py:208} INFO - Processing /opt/airflow/dags/tmdb_incremental_sync.py took 0.247 seconds
[2026-07-21T20:15:22.598+0000] {processor.py:186} INFO - Started process (PID=39747) to work on /opt/airflow/dags/tmdb_incremental_sync.py
[2026-07-21T20:15:22.600+0000] {processor.py:914} INFO - Processing file /opt/airflow/dags/tmdb_incremental_sync.py for tasks to queue
[2026-07-21T20:15:22.604+0000] {logging_mixin.py:190} INFO - [2026-07-21T20:15:22.604+0000] {dagbag.py:587} INFO - Filling up the DagBag from /opt/airflow/dags/tmdb_incremental_sync.py
[2026-07-21T20:15:22.637+0000] {processor.py:925} INFO - DAG(s) 'tmdb_incremental_sync' retrieved from /opt/airflow/dags/tmdb_incremental_sync.py
[2026-07-21T20:15:22.680+0000] {logging_mixin.py:190} INFO - [2026-07-21T20:15:22.680+0000] {dag.py:3211} INFO - Sync 1 DAGs
[2026-07-21T20:15:22.730+0000] {logging_mixin.py:190} INFO - [2026-07-21T20:15:22.730+0000] {dag.py:4138} INFO - Setting next_dagrun for tmdb_incremental_sync to 2026-07-21 00:00:00+00:00, run_after=2026-07-22 00:00:00+00:00
[2026-07-21T20:15:22.762+0000] {processor.py:208} INFO - Processing /opt/airflow/dags/tmdb_incremental_sync.py took 0.174 seconds
[2026-07-21T20:15:53.047+0000] {processor.py:186} INFO - Started process (PID=39757) to work on /opt/airflow/dags/tmdb_incremental_sync.py
[2026-07-21T20:15:53.049+0000] {processor.py:914} INFO - Processing file /opt/airflow/dags/tmdb_incremental_sync.py for tasks to queue
[2026-07-21T20:15:53.052+0000] {logging_mixin.py:190} INFO - [2026-07-21T20:15:53.052+0000] {dagbag.py:587} INFO - Filling up the DagBag from /opt/airflow/dags/tmdb_incremental_sync.py
[2026-07-21T20:15:53.081+0000] {processor.py:925} INFO - DAG(s) 'tmdb_incremental_sync' retrieved from /opt/airflow/dags/tmdb_incremental_sync.py
[2026-07-21T20:15:53.121+0000] {logging_mixin.py:190} INFO - [2026-07-21T20:15:53.121+0000] {dag.py:3211} INFO - Sync 1 DAGs
[2026-07-21T20:15:53.160+0000] {logging_mixin.py:190} INFO - [2026-07-21T20:15:53.159+0000] {dag.py:4138} INFO - Setting next_dagrun for tmdb_incremental_sync to 2026-07-21 00:00:00+00:00, run_after=2026-07-22 00:00:00+00:00
[2026-07-21T20:15:53.186+0000] {processor.py:208} INFO - Processing /opt/airflow/dags/tmdb_incremental_sync.py took 0.148 seconds
[2026-07-21T20:16:23.524+0000] {processor.py:186} INFO - Started process (PID=39767) to work on /opt/airflow/dags/tmdb_incremental_sync.py
[2026-07-21T20:16:23.526+0000] {processor.py:914} INFO - Processing file /opt/airflow/dags/tmdb_incremental_sync.py for tasks to queue
[2026-07-21T20:16:23.532+0000] {logging_mixin.py:190} INFO - [2026-07-21T20:16:23.530+0000] {dagbag.py:587} INFO - Filling up the DagBag from /opt/airflow/dags/tmdb_incremental_sync.py
[2026-07-21T20:16:23.569+0000] {processor.py:925} INFO - DAG(s) 'tmdb_incremental_sync' retrieved from /opt/airflow/dags/tmdb_incremental_sync.py
[2026-07-21T20:16:23.616+0000] {logging_mixin.py:190} INFO - [2026-07-21T20:16:23.615+0000] {dag.py:3211} INFO - Sync 1 DAGs
[2026-07-21T20:16:23.654+0000] {logging_mixin.py:190} INFO - [2026-07-21T20:16:23.654+0000] {dag.py:4138} INFO - Setting next_dagrun for tmdb_incremental_sync to 2026-07-21 00:00:00+00:00, run_after=2026-07-22 00:00:00+00:00
[2026-07-21T20:16:23.682+0000] {processor.py:208} INFO - Processing /opt/airflow/dags/tmdb_incremental_sync.py took 0.165 seconds
[2026-07-21T20:16:54.081+0000] {processor.py:186} INFO - Started process (PID=39777) to work on /opt/airflow/dags/tmdb_incremental_sync.py
[2026-07-21T20:16:54.083+0000] {processor.py:914} INFO - Processing file /opt/airflow/dags/tmdb_incremental_sync.py for tasks to queue
[2026-07-21T20:16:54.087+0000] {logging_mixin.py:190} INFO - [2026-07-21T20:16:54.087+0000] {dagbag.py:587} INFO - Filling up the DagBag from /opt/airflow/dags/tmdb_incremental_sync.py
[2026-07-21T20:16:54.121+0000] {processor.py:925} INFO - DAG(s) 'tmdb_incremental_sync' retrieved from /opt/airflow/dags/tmdb_incremental_sync.py
[2026-07-21T20:16:54.166+0000] {logging_mixin.py:190} INFO - [2026-07-21T20:16:54.165+0000] {dag.py:3211} INFO - Sync 1 DAGs
[2026-07-21T20:16:54.205+0000] {logging_mixin.py:190} INFO - [2026-07-21T20:16:54.205+0000] {dag.py:4138} INFO - Setting next_dagrun for tmdb_incremental_sync to 2026-07-21 00:00:00+00:00, run_after=2026-07-22 00:00:00+00:00
[2026-07-21T20:16:54.230+0000] {processor.py:208} INFO - Processing /opt/airflow/dags/tmdb_incremental_sync.py took 0.160 seconds
[2026-07-21T20:17:24.628+0000] {processor.py:186} INFO - Started process (PID=39787) to work on /opt/airflow/dags/tmdb_incremental_sync.py
[2026-07-21T20:17:24.629+0000] {processor.py:914} INFO - Processing file /opt/airflow/dags/tmdb_incremental_sync.py for tasks to queue
[2026-07-21T20:17:24.633+0000] {logging_mixin.py:190} INFO - [2026-07-21T20:17:24.632+0000] {dagbag.py:587} INFO - Filling up the DagBag from /opt/airflow/dags/tmdb_incremental_sync.py
[2026-07-21T20:17:24.664+0000] {processor.py:925} INFO - DAG(s) 'tmdb_incremental_sync' retrieved from /opt/airflow/dags/tmdb_incremental_sync.py
[2026-07-21T20:17:24.708+0000] {logging_mixin.py:190} INFO - [2026-07-21T20:17:24.708+0000] {dag.py:3211} INFO - Sync 1 DAGs
[2026-07-21T20:17:24.749+0000] {logging_mixin.py:190} INFO - [2026-07-21T20:17:24.748+0000] {dag.py:4138} INFO - Setting next_dagrun for tmdb_incremental_sync to 2026-07-21 00:00:00+00:00, run_after=2026-07-22 00:00:00+00:00
[2026-07-21T20:17:24.773+0000] {processor.py:208} INFO - Processing /opt/airflow/dags/tmdb_incremental_sync.py took 0.155 seconds
[2026-07-21T20:17:55.093+0000] {processor.py:186} INFO - Started process (PID=39797) to work on /opt/airflow/dags/tmdb_incremental_sync.py
[2026-07-21T20:17:55.094+0000] {processor.py:914} INFO - Processing file /opt/airflow/dags/tmdb_incremental_sync.py for tasks to queue
[2026-07-21T20:17:55.098+0000] {logging_mixin.py:190} INFO - [2026-07-21T20:17:55.098+0000] {dagbag.py:587} INFO - Filling up the DagBag from /opt/airflow/dags/tmdb_incremental_sync.py
[2026-07-21T20:17:55.135+0000] {processor.py:925} INFO - DAG(s) 'tmdb_incremental_sync' retrieved from /opt/airflow/dags/tmdb_incremental_sync.py
[2026-07-21T20:17:55.182+0000] {logging_mixin.py:190} INFO - [2026-07-21T20:17:55.182+0000] {dag.py:3211} INFO - Sync 1 DAGs
[2026-07-21T20:17:55.226+0000] {logging_mixin.py:190} INFO - [2026-07-21T20:17:55.226+0000] {dag.py:4138} INFO - Setting next_dagrun for tmdb_incremental_sync to 2026-07-21 00:00:00+00:00, run_after=2026-07-22 00:00:00+00:00
[2026-07-21T20:17:55.253+0000] {processor.py:208} INFO - Processing /opt/airflow/dags/tmdb_incremental_sync.py took 0.171 seconds
[2026-07-21T20:18:25.572+0000] {processor.py:186} INFO - Started process (PID=39807) to work on /opt/airflow/dags/tmdb_incremental_sync.py
[2026-07-21T20:18:25.574+0000] {processor.py:914} INFO - Processing file /opt/airflow/dags/tmdb_incremental_sync.py for tasks to queue
[2026-07-21T20:18:25.578+0000] {logging_mixin.py:190} INFO - [2026-07-21T20:18:25.577+0000] {dagbag.py:587} INFO - Filling up the DagBag from /opt/airflow/dags/tmdb_incremental_sync.py
[2026-07-21T20:18:25.613+0000] {processor.py:925} INFO - DAG(s) 'tmdb_incremental_sync' retrieved from /opt/airflow/dags/tmdb_incremental_sync.py
[2026-07-21T20:18:25.688+0000] {logging_mixin.py:190} INFO - [2026-07-21T20:18:25.687+0000] {dag.py:3211} INFO - Sync 1 DAGs
[2026-07-21T20:18:25.948+0000] {logging_mixin.py:190} INFO - [2026-07-21T20:18:25.940+0000] {dag.py:4138} INFO - Setting next_dagrun for tmdb_incremental_sync to 2026-07-21 00:00:00+00:00, run_after=2026-07-22 00:00:00+00:00
[2026-07-21T20:18:26.252+0000] {processor.py:208} INFO - Processing /opt/airflow/dags/tmdb_incremental_sync.py took 0.698 seconds
[2026-07-21T20:18:56.525+0000] {processor.py:186} INFO - Started process (PID=39817) to work on /opt/airflow/dags/tmdb_incremental_sync.py
[2026-07-21T20:18:56.533+0000] {processor.py:914} INFO - Processing file /opt/airflow/dags/tmdb_incremental_sync.py for tasks to queue
[2026-07-21T20:18:56.540+0000] {logging_mixin.py:190} INFO - [2026-07-21T20:18:56.539+0000] {dagbag.py:587} INFO - Filling up the DagBag from /opt/airflow/dags/tmdb_incremental_sync.py
[2026-07-21T20:18:56.584+0000] {processor.py:925} INFO - DAG(s) 'tmdb_incremental_sync' retrieved from /opt/airflow/dags/tmdb_incremental_sync.py
[2026-07-21T20:18:56.661+0000] {logging_mixin.py:190} INFO - [2026-07-21T20:18:56.661+0000] {dag.py:3211} INFO - Sync 1 DAGs
[2026-07-21T20:18:56.755+0000] {logging_mixin.py:190} INFO - [2026-07-21T20:18:56.755+0000] {dag.py:4138} INFO - Setting next_dagrun for tmdb_incremental_sync to 2026-07-21 00:00:00+00:00, run_after=2026-07-22 00:00:00+00:00
[2026-07-21T20:18:56.789+0000] {processor.py:208} INFO - Processing /opt/airflow/dags/tmdb_incremental_sync.py took 0.275 seconds
[2026-07-21T20:19:27.153+0000] {processor.py:186} INFO - Started process (PID=39827) to work on /opt/airflow/dags/tmdb_incremental_sync.py
[2026-07-21T20:19:27.155+0000] {processor.py:914} INFO - Processing file /opt/airflow/dags/tmdb_incremental_sync.py for tasks to queue
[2026-07-21T20:19:27.158+0000] {logging_mixin.py:190} INFO - [2026-07-21T20:19:27.158+0000] {dagbag.py:587} INFO - Filling up the DagBag from /opt/airflow/dags/tmdb_incremental_sync.py
[2026-07-21T20:19:27.196+0000] {processor.py:925} INFO - DAG(s) 'tmdb_incremental_sync' retrieved from /opt/airflow/dags/tmdb_incremental_sync.py
[2026-07-21T20:19:27.245+0000] {logging_mixin.py:190} INFO - [2026-07-21T20:19:27.244+0000] {dag.py:3211} INFO - Sync 1 DAGs
[2026-07-21T20:19:27.290+0000] {logging_mixin.py:190} INFO - [2026-07-21T20:19:27.289+0000] {dag.py:4138} INFO - Setting next_dagrun for tmdb_incremental_sync to 2026-07-21 00:00:00+00:00, run_after=2026-07-22 00:00:00+00:00
[2026-07-21T20:19:27.316+0000] {processor.py:208} INFO - Processing /opt/airflow/dags/tmdb_incremental_sync.py took 0.174 seconds
[2026-07-21T20:19:57.725+0000] {processor.py:186} INFO - Started process (PID=39837) to work on /opt/airflow/dags/tmdb_incremental_sync.py
[2026-07-21T20:19:57.727+0000] {processor.py:914} INFO - Processing file /opt/airflow/dags/tmdb_incremental_sync.py for tasks to queue
[2026-07-21T20:19:57.734+0000] {logging_mixin.py:190} INFO - [2026-07-21T20:19:57.733+0000] {dagbag.py:587} INFO - Filling up the DagBag from /opt/airflow/dags/tmdb_incremental_sync.py
[2026-07-21T20:19:57.775+0000] {processor.py:925} INFO - DAG(s) 'tmdb_incremental_sync' retrieved from /opt/airflow/dags/tmdb_incremental_sync.py
[2026-07-21T20:19:57.830+0000] {logging_mixin.py:190} INFO - [2026-07-21T20:19:57.829+0000] {dag.py:3211} INFO - Sync 1 DAGs
[2026-07-21T20:19:57.873+0000] {logging_mixin.py:190} INFO - [2026-07-21T20:19:57.872+0000] {dag.py:4138} INFO - Setting next_dagrun for tmdb_incremental_sync to 2026-07-21 00:00:00+00:00, run_after=2026-07-22 00:00:00+00:00
[2026-07-21T20:19:57.901+0000] {processor.py:208} INFO - Processing /opt/airflow/dags/tmdb_incremental_sync.py took 0.187 seconds
[2026-07-21T20:20:28.301+0000] {processor.py:186} INFO - Started process (PID=39847) to work on /opt/airflow/dags/tmdb_incremental_sync.py
[2026-07-21T20:20:28.303+0000] {processor.py:914} INFO - Processing file /opt/airflow/dags/tmdb_incremental_sync.py for tasks to queue
[2026-07-21T20:20:28.307+0000] {logging_mixin.py:190} INFO - [2026-07-21T20:20:28.307+0000] {dagbag.py:587} INFO - Filling up the DagBag from /opt/airflow/dags/tmdb_incremental_sync.py
[2026-07-21T20:20:28.337+0000] {processor.py:925} INFO - DAG(s) 'tmdb_incremental_sync' retrieved from /opt/airflow/dags/tmdb_incremental_sync.py
[2026-07-21T20:20:28.378+0000] {logging_mixin.py:190} INFO - [2026-07-21T20:20:28.378+0000] {dag.py:3211} INFO - Sync 1 DAGs
[2026-07-21T20:20:28.418+0000] {logging_mixin.py:190} INFO - [2026-07-21T20:20:28.417+0000] {dag.py:4138} INFO - Setting next_dagrun for tmdb_incremental_sync to 2026-07-21 00:00:00+00:00, run_after=2026-07-22 00:00:00+00:00
[2026-07-21T20:20:28.444+0000] {processor.py:208} INFO - Processing /opt/airflow/dags/tmdb_incremental_sync.py took 0.152 seconds
[2026-07-21T20:20:58.887+0000] {processor.py:186} INFO - Started process (PID=39857) to work on /opt/airflow/dags/tmdb_incremental_sync.py
[2026-07-21T20:20:58.888+0000] {processor.py:914} INFO - Processing file /opt/airflow/dags/tmdb_incremental_sync.py for tasks to queue
[2026-07-21T20:20:58.891+0000] {logging_mixin.py:190} INFO - [2026-07-21T20:20:58.891+0000] {dagbag.py:587} INFO - Filling up the DagBag from /opt/airflow/dags/tmdb_incremental_sync.py
[2026-07-21T20:20:58.921+0000] {processor.py:925} INFO - DAG(s) 'tmdb_incremental_sync' retrieved from /opt/airflow/dags/tmdb_incremental_sync.py
[2026-07-21T20:20:58.962+0000] {logging_mixin.py:190} INFO - [2026-07-21T20:20:58.961+0000] {dag.py:3211} INFO - Sync 1 DAGs
[2026-07-21T20:20:58.998+0000] {logging_mixin.py:190} INFO - [2026-07-21T20:20:58.998+0000] {dag.py:4138} INFO - Setting next_dagrun for tmdb_incremental_sync to 2026-07-21 00:00:00+00:00, run_after=2026-07-22 00:00:00+00:00
[2026-07-21T20:20:59.028+0000] {processor.py:208} INFO - Processing /opt/airflow/dags/tmdb_incremental_sync.py took 0.151 seconds
[2026-07-21T20:21:29.325+0000] {processor.py:186} INFO - Started process (PID=39867) to work on /opt/airflow/dags/tmdb_incremental_sync.py
[2026-07-21T20:21:29.326+0000] {processor.py:914} INFO - Processing file /opt/airflow/dags/tmdb_incremental_sync.py for tasks to queue
[2026-07-21T20:21:29.329+0000] {logging_mixin.py:190} INFO - [2026-07-21T20:21:29.329+0000] {dagbag.py:587} INFO - Filling up the DagBag from /opt/airflow/dags/tmdb_incremental_sync.py
[2026-07-21T20:21:29.359+0000] {processor.py:925} INFO - DAG(s) 'tmdb_incremental_sync' retrieved from /opt/airflow/dags/tmdb_incremental_sync.py
[2026-07-21T20:21:29.401+0000] {logging_mixin.py:190} INFO - [2026-07-21T20:21:29.401+0000] {dag.py:3211} INFO - Sync 1 DAGs
[2026-07-21T20:21:29.475+0000] {logging_mixin.py:190} INFO - [2026-07-21T20:21:29.475+0000] {dag.py:4138} INFO - Setting next_dagrun for tmdb_incremental_sync to 2026-07-21 00:00:00+00:00, run_after=2026-07-22 00:00:00+00:00
[2026-07-21T20:21:29.522+0000] {processor.py:208} INFO - Processing /opt/airflow/dags/tmdb_incremental_sync.py took 0.207 seconds
[2026-07-21T20:22:00.181+0000] {processor.py:186} INFO - Started process (PID=39877) to work on /opt/airflow/dags/tmdb_incremental_sync.py
[2026-07-21T20:22:00.185+0000] {processor.py:914} INFO - Processing file /opt/airflow/dags/tmdb_incremental_sync.py for tasks to queue
[2026-07-21T20:22:00.191+0000] {logging_mixin.py:190} INFO - [2026-07-21T20:22:00.190+0000] {dagbag.py:587} INFO - Filling up the DagBag from /opt/airflow/dags/tmdb_incremental_sync.py
[2026-07-21T20:22:00.263+0000] {processor.py:925} INFO - DAG(s) 'tmdb_incremental_sync' retrieved from /opt/airflow/dags/tmdb_incremental_sync.py
[2026-07-21T20:22:00.405+0000] {logging_mixin.py:190} INFO - [2026-07-21T20:22:00.405+0000] {dag.py:3211} INFO - Sync 1 DAGs
[2026-07-21T20:22:00.453+0000] {logging_mixin.py:190} INFO - [2026-07-21T20:22:00.452+0000] {dag.py:4138} INFO - Setting next_dagrun for tmdb_incremental_sync to 2026-07-21 00:00:00+00:00, run_after=2026-07-22 00:00:00+00:00
[2026-07-21T20:22:00.502+0000] {processor.py:208} INFO - Processing /opt/airflow/dags/tmdb_incremental_sync.py took 0.336 seconds
[2026-07-21T20:22:30.893+0000] {processor.py:186} INFO - Started process (PID=39887) to work on /opt/airflow/dags/tmdb_incremental_sync.py
[2026-07-21T20:22:30.895+0000] {processor.py:914} INFO - Processing file /opt/airflow/dags/tmdb_incremental_sync.py for tasks to queue
[2026-07-21T20:22:30.905+0000] {logging_mixin.py:190} INFO - [2026-07-21T20:22:30.905+0000] {dagbag.py:587} INFO - Filling up the DagBag from /opt/airflow/dags/tmdb_incremental_sync.py
[2026-07-21T20:22:30.951+0000] {processor.py:925} INFO - DAG(s) 'tmdb_incremental_sync' retrieved from /opt/airflow/dags/tmdb_incremental_sync.py
[2026-07-21T20:22:31.013+0000] {logging_mixin.py:190} INFO - [2026-07-21T20:22:31.013+0000] {dag.py:3211} INFO - Sync 1 DAGs
[2026-07-21T20:22:31.058+0000] {logging_mixin.py:190} INFO - [2026-07-21T20:22:31.058+0000] {dag.py:4138} INFO - Setting next_dagrun for tmdb_incremental_sync to 2026-07-21 00:00:00+00:00, run_after=2026-07-22 00:00:00+00:00
[2026-07-21T20:22:31.100+0000] {processor.py:208} INFO - Processing /opt/airflow/dags/tmdb_incremental_sync.py took 0.218 seconds
[2026-07-21T20:23:01.664+0000] {processor.py:186} INFO - Started process (PID=39897) to work on /opt/airflow/dags/tmdb_incremental_sync.py
[2026-07-21T20:23:01.666+0000] {processor.py:914} INFO - Processing file /opt/airflow/dags/tmdb_incremental_sync.py for tasks to queue
[2026-07-21T20:23:01.671+0000] {logging_mixin.py:190} INFO - [2026-07-21T20:23:01.671+0000] {dagbag.py:587} INFO - Filling up the DagBag from /opt/airflow/dags/tmdb_incremental_sync.py
[2026-07-21T20:23:01.707+0000] {processor.py:925} INFO - DAG(s) 'tmdb_incremental_sync' retrieved from /opt/airflow/dags/tmdb_incremental_sync.py
[2026-07-21T20:23:01.756+0000] {logging_mixin.py:190} INFO - [2026-07-21T20:23:01.755+0000] {dag.py:3211} INFO - Sync 1 DAGs
[2026-07-21T20:23:01.797+0000] {logging_mixin.py:190} INFO - [2026-07-21T20:23:01.797+0000] {dag.py:4138} INFO - Setting next_dagrun for tmdb_incremental_sync to 2026-07-21 00:00:00+00:00, run_after=2026-07-22 00:00:00+00:00
[2026-07-21T20:23:01.831+0000] {processor.py:208} INFO - Processing /opt/airflow/dags/tmdb_incremental_sync.py took 0.290 seconds
[2026-07-21T20:23:32.153+0000] {processor.py:186} INFO - Started process (PID=39907) to work on /opt/airflow/dags/tmdb_incremental_sync.py
[2026-07-21T20:23:32.154+0000] {processor.py:914} INFO - Processing file /opt/airflow/dags/tmdb_incremental_sync.py for tasks to queue
[2026-07-21T20:23:32.158+0000] {logging_mixin.py:190} INFO - [2026-07-21T20:23:32.158+0000] {dagbag.py:587} INFO - Filling up the DagBag from /opt/airflow/dags/tmdb_incremental_sync.py
[2026-07-21T20:23:32.191+0000] {processor.py:925} INFO - DAG(s) 'tmdb_incremental_sync' retrieved from /opt/airflow/dags/tmdb_incremental_sync.py
[2026-07-21T20:23:32.236+0000] {logging_mixin.py:190} INFO - [2026-07-21T20:23:32.235+0000] {dag.py:3211} INFO - Sync 1 DAGs
[2026-07-21T20:23:32.275+0000] {logging_mixin.py:190} INFO - [2026-07-21T20:23:32.274+0000] {dag.py:4138} INFO - Setting next_dagrun for tmdb_incremental_sync to 2026-07-21 00:00:00+00:00, run_after=2026-07-22 00:00:00+00:00
[2026-07-21T20:23:32.304+0000] {processor.py:208} INFO - Processing /opt/airflow/dags/tmdb_incremental_sync.py took 0.161 seconds
[2026-07-21T20:24:02.639+0000] {processor.py:186} INFO - Started process (PID=39917) to work on /opt/airflow/dags/tmdb_incremental_sync.py
[2026-07-21T20:24:02.642+0000] {processor.py:914} INFO - Processing file /opt/airflow/dags/tmdb_incremental_sync.py for tasks to queue
[2026-07-21T20:24:02.645+0000] {logging_mixin.py:190} INFO - [2026-07-21T20:24:02.645+0000] {dagbag.py:587} INFO - Filling up the DagBag from /opt/airflow/dags/tmdb_incremental_sync.py
[2026-07-21T20:24:02.675+0000] {processor.py:925} INFO - DAG(s) 'tmdb_incremental_sync' retrieved from /opt/airflow/dags/tmdb_incremental_sync.py
[2026-07-21T20:24:02.720+0000] {logging_mixin.py:190} INFO - [2026-07-21T20:24:02.720+0000] {dag.py:3211} INFO - Sync 1 DAGs
[2026-07-21T20:24:02.784+0000] {logging_mixin.py:190} INFO - [2026-07-21T20:24:02.784+0000] {dag.py:4138} INFO - Setting next_dagrun for tmdb_incremental_sync to 2026-07-21 00:00:00+00:00, run_after=2026-07-22 00:00:00+00:00
[2026-07-21T20:24:02.820+0000] {processor.py:208} INFO - Processing /opt/airflow/dags/tmdb_incremental_sync.py took 0.191 seconds
[2026-07-21T20:24:33.134+0000] {processor.py:186} INFO - Started process (PID=39927) to work on /opt/airflow/dags/tmdb_incremental_sync.py
[2026-07-21T20:24:33.136+0000] {processor.py:914} INFO - Processing file /opt/airflow/dags/tmdb_incremental_sync.py for tasks to queue
[2026-07-21T20:24:33.375+0000] {logging_mixin.py:190} INFO - [2026-07-21T20:24:33.354+0000] {dagbag.py:587} INFO - Filling up the DagBag from /opt/airflow/dags/tmdb_incremental_sync.py
[2026-07-21T20:24:33.549+0000] {processor.py:925} INFO - DAG(s) 'tmdb_incremental_sync' retrieved from /opt/airflow/dags/tmdb_incremental_sync.py
[2026-07-21T20:24:33.662+0000] {logging_mixin.py:190} INFO - [2026-07-21T20:24:33.660+0000] {dag.py:3211} INFO - Sync 1 DAGs
[2026-07-21T20:24:33.790+0000] {logging_mixin.py:190} INFO - [2026-07-21T20:24:33.790+0000] {dag.py:4138} INFO - Setting next_dagrun for tmdb_incremental_sync to 2026-07-21 00:00:00+00:00, run_after=2026-07-22 00:00:00+00:00
[2026-07-21T20:24:33.815+0000] {processor.py:208} INFO - Processing /opt/airflow/dags/tmdb_incremental_sync.py took 0.716 seconds
[2026-07-21T20:25:04.114+0000] {processor.py:186} INFO - Started process (PID=39937) to work on /opt/airflow/dags/tmdb_incremental_sync.py
[2026-07-21T20:25:04.116+0000] {processor.py:914} INFO - Processing file /opt/airflow/dags/tmdb_incremental_sync.py for tasks to queue
[2026-07-21T20:25:04.119+0000] {logging_mixin.py:190} INFO - [2026-07-21T20:25:04.119+0000] {dagbag.py:587} INFO - Filling up the DagBag from /opt/airflow/dags/tmdb_incremental_sync.py
[2026-07-21T20:25:04.149+0000] {processor.py:925} INFO - DAG(s) 'tmdb_incremental_sync' retrieved from /opt/airflow/dags/tmdb_incremental_sync.py
[2026-07-21T20:25:04.193+0000] {logging_mixin.py:190} INFO - [2026-07-21T20:25:04.192+0000] {dag.py:3211} INFO - Sync 1 DAGs
[2026-07-21T20:25:04.231+0000] {logging_mixin.py:190} INFO - [2026-07-21T20:25:04.231+0000] {dag.py:4138} INFO - Setting next_dagrun for tmdb_incremental_sync to 2026-07-21 00:00:00+00:00, run_after=2026-07-22 00:00:00+00:00
[2026-07-21T20:25:04.257+0000] {processor.py:208} INFO - Processing /opt/airflow/dags/tmdb_incremental_sync.py took 0.152 seconds
[2026-07-21T20:25:34.558+0000] {processor.py:186} INFO - Started process (PID=39947) to work on /opt/airflow/dags/tmdb_incremental_sync.py
[2026-07-21T20:25:34.560+0000] {processor.py:914} INFO - Processing file /opt/airflow/dags/tmdb_incremental_sync.py for tasks to queue
[2026-07-21T20:25:34.563+0000] {logging_mixin.py:190} INFO - [2026-07-21T20:25:34.563+0000] {dagbag.py:587} INFO - Filling up the DagBag from /opt/airflow/dags/tmdb_incremental_sync.py
[2026-07-21T20:25:34.608+0000] {processor.py:925} INFO - DAG(s) 'tmdb_incremental_sync' retrieved from /opt/airflow/dags/tmdb_incremental_sync.py
[2026-07-21T20:25:34.651+0000] {logging_mixin.py:190} INFO - [2026-07-21T20:25:34.651+0000] {dag.py:3211} INFO - Sync 1 DAGs
[2026-07-21T20:25:34.689+0000] {logging_mixin.py:190} INFO - [2026-07-21T20:25:34.688+0000] {dag.py:4138} INFO - Setting next_dagrun for tmdb_incremental_sync to 2026-07-21 00:00:00+00:00, run_after=2026-07-22 00:00:00+00:00
[2026-07-21T20:25:34.714+0000] {processor.py:208} INFO - Processing /opt/airflow/dags/tmdb_incremental_sync.py took 0.164 seconds
[2026-07-21T20:26:05.086+0000] {processor.py:186} INFO - Started process (PID=39957) to work on /opt/airflow/dags/tmdb_incremental_sync.py
[2026-07-21T20:26:05.088+0000] {processor.py:914} INFO - Processing file /opt/airflow/dags/tmdb_incremental_sync.py for tasks to queue
[2026-07-21T20:26:05.094+0000] {logging_mixin.py:190} INFO - [2026-07-21T20:26:05.093+0000] {dagbag.py:587} INFO - Filling up the DagBag from /opt/airflow/dags/tmdb_incremental_sync.py
[2026-07-21T20:26:05.128+0000] {processor.py:925} INFO - DAG(s) 'tmdb_incremental_sync' retrieved from /opt/airflow/dags/tmdb_incremental_sync.py
[2026-07-21T20:26:05.170+0000] {logging_mixin.py:190} INFO - [2026-07-21T20:26:05.170+0000] {dag.py:3211} INFO - Sync 1 DAGs
[2026-07-21T20:26:05.208+0000] {logging_mixin.py:190} INFO - [2026-07-21T20:26:05.208+0000] {dag.py:4138} INFO - Setting next_dagrun for tmdb_incremental_sync to 2026-07-21 00:00:00+00:00, run_after=2026-07-22 00:00:00+00:00
[2026-07-21T20:26:05.234+0000] {processor.py:208} INFO - Processing /opt/airflow/dags/tmdb_incremental_sync.py took 0.156 seconds
[2026-07-21T20:26:35.538+0000] {processor.py:186} INFO - Started process (PID=39967) to work on /opt/airflow/dags/tmdb_incremental_sync.py
[2026-07-21T20:26:35.539+0000] {processor.py:914} INFO - Processing file /opt/airflow/dags/tmdb_incremental_sync.py for tasks to queue
[2026-07-21T20:26:35.543+0000] {logging_mixin.py:190} INFO - [2026-07-21T20:26:35.543+0000] {dagbag.py:587} INFO - Filling up the DagBag from /opt/airflow/dags/tmdb_incremental_sync.py
[2026-07-21T20:26:35.572+0000] {processor.py:925} INFO - DAG(s) 'tmdb_incremental_sync' retrieved from /opt/airflow/dags/tmdb_incremental_sync.py
[2026-07-21T20:26:35.614+0000] {logging_mixin.py:190} INFO - [2026-07-21T20:26:35.613+0000] {dag.py:3211} INFO - Sync 1 DAGs
[2026-07-21T20:26:35.651+0000] {logging_mixin.py:190} INFO - [2026-07-21T20:26:35.650+0000] {dag.py:4138} INFO - Setting next_dagrun for tmdb_incremental_sync to 2026-07-21 00:00:00+00:00, run_after=2026-07-22 00:00:00+00:00
[2026-07-21T20:26:35.678+0000] {processor.py:208} INFO - Processing /opt/airflow/dags/tmdb_incremental_sync.py took 0.148 seconds
[2026-07-21T20:27:05.988+0000] {processor.py:186} INFO - Started process (PID=39977) to work on /opt/airflow/dags/tmdb_incremental_sync.py
[2026-07-21T20:27:05.990+0000] {processor.py:914} INFO - Processing file /opt/airflow/dags/tmdb_incremental_sync.py for tasks to queue
[2026-07-21T20:27:05.996+0000] {logging_mixin.py:190} INFO - [2026-07-21T20:27:05.995+0000] {dagbag.py:587} INFO - Filling up the DagBag from /opt/airflow/dags/tmdb_incremental_sync.py
[2026-07-21T20:27:06.032+0000] {processor.py:925} INFO - DAG(s) 'tmdb_incremental_sync' retrieved from /opt/airflow/dags/tmdb_incremental_sync.py
[2026-07-21T20:27:06.080+0000] {logging_mixin.py:190} INFO - [2026-07-21T20:27:06.080+0000] {dag.py:3211} INFO - Sync 1 DAGs
[2026-07-21T20:27:06.121+0000] {logging_mixin.py:190} INFO - [2026-07-21T20:27:06.121+0000] {dag.py:4138} INFO - Setting next_dagrun for tmdb_incremental_sync to 2026-07-21 00:00:00+00:00, run_after=2026-07-22 00:00:00+00:00
[2026-07-21T20:27:06.150+0000] {processor.py:208} INFO - Processing /opt/airflow/dags/tmdb_incremental_sync.py took 0.175 seconds
[2026-07-21T20:27:36.461+0000] {processor.py:186} INFO - Started process (PID=39987) to work on /opt/airflow/dags/tmdb_incremental_sync.py
[2026-07-21T20:27:36.463+0000] {processor.py:914} INFO - Processing file /opt/airflow/dags/tmdb_incremental_sync.py for tasks to queue
[2026-07-21T20:27:36.466+0000] {logging_mixin.py:190} INFO - [2026-07-21T20:27:36.466+0000] {dagbag.py:587} INFO - Filling up the DagBag from /opt/airflow/dags/tmdb_incremental_sync.py
[2026-07-21T20:27:36.496+0000] {processor.py:925} INFO - DAG(s) 'tmdb_incremental_sync' retrieved from /opt/airflow/dags/tmdb_incremental_sync.py
[2026-07-21T20:27:36.540+0000] {logging_mixin.py:190} INFO - [2026-07-21T20:27:36.540+0000] {dag.py:3211} INFO - Sync 1 DAGs
[2026-07-21T20:27:36.581+0000] {logging_mixin.py:190} INFO - [2026-07-21T20:27:36.580+0000] {dag.py:4138} INFO - Setting next_dagrun for tmdb_incremental_sync to 2026-07-21 00:00:00+00:00, run_after=2026-07-22 00:00:00+00:00
[2026-07-21T20:27:36.609+0000] {processor.py:208} INFO - Processing /opt/airflow/dags/tmdb_incremental_sync.py took 0.157 seconds
[2026-07-21T20:28:06.923+0000] {processor.py:186} INFO - Started process (PID=39997) to work on /opt/airflow/dags/tmdb_incremental_sync.py
[2026-07-21T20:28:06.927+0000] {processor.py:914} INFO - Processing file /opt/airflow/dags/tmdb_incremental_sync.py for tasks to queue
[2026-07-21T20:28:06.933+0000] {logging_mixin.py:190} INFO - [2026-07-21T20:28:06.932+0000] {dagbag.py:587} INFO - Filling up the DagBag from /opt/airflow/dags/tmdb_incremental_sync.py
[2026-07-21T20:28:06.966+0000] {processor.py:925} INFO - DAG(s) 'tmdb_incremental_sync' retrieved from /opt/airflow/dags/tmdb_incremental_sync.py
[2026-07-21T20:28:07.008+0000] {logging_mixin.py:190} INFO - [2026-07-21T20:28:07.008+0000] {dag.py:3211} INFO - Sync 1 DAGs
[2026-07-21T20:28:07.045+0000] {logging_mixin.py:190} INFO - [2026-07-21T20:28:07.045+0000] {dag.py:4138} INFO - Setting next_dagrun for tmdb_incremental_sync to 2026-07-21 00:00:00+00:00, run_after=2026-07-22 00:00:00+00:00
[2026-07-21T20:28:07.071+0000] {processor.py:208} INFO - Processing /opt/airflow/dags/tmdb_incremental_sync.py took 0.158 seconds
[2026-07-21T20:28:37.398+0000] {processor.py:186} INFO - Started process (PID=40007) to work on /opt/airflow/dags/tmdb_incremental_sync.py
[2026-07-21T20:28:37.403+0000] {processor.py:914} INFO - Processing file /opt/airflow/dags/tmdb_incremental_sync.py for tasks to queue
[2026-07-21T20:28:37.407+0000] {logging_mixin.py:190} INFO - [2026-07-21T20:28:37.407+0000] {dagbag.py:587} INFO - Filling up the DagBag from /opt/airflow/dags/tmdb_incremental_sync.py
[2026-07-21T20:28:37.441+0000] {processor.py:925} INFO - DAG(s) 'tmdb_incremental_sync' retrieved from /opt/airflow/dags/tmdb_incremental_sync.py
[2026-07-21T20:28:37.485+0000] {logging_mixin.py:190} INFO - [2026-07-21T20:28:37.485+0000] {dag.py:3211} INFO - Sync 1 DAGs
[2026-07-21T20:28:37.535+0000] {logging_mixin.py:190} INFO - [2026-07-21T20:28:37.535+0000] {dag.py:4138} INFO - Setting next_dagrun for tmdb_incremental_sync to 2026-07-21 00:00:00+00:00, run_after=2026-07-22 00:00:00+00:00
[2026-07-21T20:28:37.568+0000] {processor.py:208} INFO - Processing /opt/airflow/dags/tmdb_incremental_sync.py took 0.179 seconds
[2026-07-21T20:29:07.882+0000] {processor.py:186} INFO - Started process (PID=40017) to work on /opt/airflow/dags/tmdb_incremental_sync.py
[2026-07-21T20:29:07.884+0000] {processor.py:914} INFO - Processing file /opt/airflow/dags/tmdb_incremental_sync.py for tasks to queue
[2026-07-21T20:29:07.887+0000] {logging_mixin.py:190} INFO - [2026-07-21T20:29:07.887+0000] {dagbag.py:587} INFO - Filling up the DagBag from /opt/airflow/dags/tmdb_incremental_sync.py
[2026-07-21T20:29:07.917+0000] {processor.py:925} INFO - DAG(s) 'tmdb_incremental_sync' retrieved from /opt/airflow/dags/tmdb_incremental_sync.py
[2026-07-21T20:29:07.959+0000] {logging_mixin.py:190} INFO - [2026-07-21T20:29:07.959+0000] {dag.py:3211} INFO - Sync 1 DAGs
[2026-07-21T20:29:07.998+0000] {logging_mixin.py:190} INFO - [2026-07-21T20:29:07.997+0000] {dag.py:4138} INFO - Setting next_dagrun for tmdb_incremental_sync to 2026-07-21 00:00:00+00:00, run_after=2026-07-22 00:00:00+00:00
[2026-07-21T20:29:08.023+0000] {processor.py:208} INFO - Processing /opt/airflow/dags/tmdb_incremental_sync.py took 0.150 seconds
[2026-07-21T20:29:38.368+0000] {processor.py:186} INFO - Started process (PID=40027) to work on /opt/airflow/dags/tmdb_incremental_sync.py
[2026-07-21T20:29:38.370+0000] {processor.py:914} INFO - Processing file /opt/airflow/dags/tmdb_incremental_sync.py for tasks to queue
[2026-07-21T20:29:38.374+0000] {logging_mixin.py:190} INFO - [2026-07-21T20:29:38.374+0000] {dagbag.py:587} INFO - Filling up the DagBag from /opt/airflow/dags/tmdb_incremental_sync.py
[2026-07-21T20:29:38.404+0000] {processor.py:925} INFO - DAG(s) 'tmdb_incremental_sync' retrieved from /opt/airflow/dags/tmdb_incremental_sync.py
[2026-07-21T20:29:38.448+0000] {logging_mixin.py:190} INFO - [2026-07-21T20:29:38.448+0000] {dag.py:3211} INFO - Sync 1 DAGs
[2026-07-21T20:29:38.488+0000] {logging_mixin.py:190} INFO - [2026-07-21T20:29:38.488+0000] {dag.py:4138} INFO - Setting next_dagrun for tmdb_incremental_sync to 2026-07-21 00:00:00+00:00, run_after=2026-07-22 00:00:00+00:00
[2026-07-21T20:29:38.515+0000] {processor.py:208} INFO - Processing /opt/airflow/dags/tmdb_incremental_sync.py took 0.155 seconds
[2026-07-21T21:26:41.745+0000] {processor.py:186} INFO - Started process (PID=40037) to work on /opt/airflow/dags/tmdb_incremental_sync.py
[2026-07-21T21:26:41.749+0000] {processor.py:914} INFO - Processing file /opt/airflow/dags/tmdb_incremental_sync.py for tasks to queue
[2026-07-21T21:26:41.754+0000] {logging_mixin.py:190} INFO - [2026-07-21T21:26:41.754+0000] {dagbag.py:587} INFO - Filling up the DagBag from /opt/airflow/dags/tmdb_incremental_sync.py
[2026-07-21T21:26:41.828+0000] {processor.py:925} INFO - DAG(s) 'tmdb_incremental_sync' retrieved from /opt/airflow/dags/tmdb_incremental_sync.py
[2026-07-21T21:26:41.927+0000] {logging_mixin.py:190} INFO - [2026-07-21T21:26:41.926+0000] {dag.py:3211} INFO - Sync 1 DAGs
[2026-07-21T21:26:41.973+0000] {logging_mixin.py:190} INFO - [2026-07-21T21:26:41.973+0000] {dag.py:4138} INFO - Setting next_dagrun for tmdb_incremental_sync to 2026-07-21 00:00:00+00:00, run_after=2026-07-22 00:00:00+00:00
[2026-07-21T21:26:42.002+0000] {processor.py:208} INFO - Processing /opt/airflow/dags/tmdb_incremental_sync.py took 0.270 seconds
[2026-07-21T21:27:12.355+0000] {processor.py:186} INFO - Started process (PID=40047) to work on /opt/airflow/dags/tmdb_incremental_sync.py
[2026-07-21T21:27:12.357+0000] {processor.py:914} INFO - Processing file /opt/airflow/dags/tmdb_incremental_sync.py for tasks to queue
[2026-07-21T21:27:12.360+0000] {logging_mixin.py:190} INFO - [2026-07-21T21:27:12.360+0000] {dagbag.py:587} INFO - Filling up the DagBag from /opt/airflow/dags/tmdb_incremental_sync.py
[2026-07-21T21:27:12.395+0000] {processor.py:925} INFO - DAG(s) 'tmdb_incremental_sync' retrieved from /opt/airflow/dags/tmdb_incremental_sync.py
[2026-07-21T21:27:12.436+0000] {logging_mixin.py:190} INFO - [2026-07-21T21:27:12.436+0000] {dag.py:3211} INFO - Sync 1 DAGs
[2026-07-21T21:27:12.478+0000] {logging_mixin.py:190} INFO - [2026-07-21T21:27:12.478+0000] {dag.py:4138} INFO - Setting next_dagrun for tmdb_incremental_sync to 2026-07-21 00:00:00+00:00, run_after=2026-07-22 00:00:00+00:00
[2026-07-21T21:27:12.505+0000] {processor.py:208} INFO - Processing /opt/airflow/dags/tmdb_incremental_sync.py took 0.159 seconds
[2026-07-21T21:27:42.924+0000] {processor.py:186} INFO - Started process (PID=40057) to work on /opt/airflow/dags/tmdb_incremental_sync.py
[2026-07-21T21:27:42.925+0000] {processor.py:914} INFO - Processing file /opt/airflow/dags/tmdb_incremental_sync.py for tasks to queue
[2026-07-21T21:27:42.928+0000] {logging_mixin.py:190} INFO - [2026-07-21T21:27:42.928+0000] {dagbag.py:587} INFO - Filling up the DagBag from /opt/airflow/dags/tmdb_incremental_sync.py
[2026-07-21T21:27:42.958+0000] {processor.py:925} INFO - DAG(s) 'tmdb_incremental_sync' retrieved from /opt/airflow/dags/tmdb_incremental_sync.py
[2026-07-21T21:27:43.000+0000] {logging_mixin.py:190} INFO - [2026-07-21T21:27:43.000+0000] {dag.py:3211} INFO - Sync 1 DAGs
[2026-07-21T21:27:43.036+0000] {logging_mixin.py:190} INFO - [2026-07-21T21:27:43.036+0000] {dag.py:4138} INFO - Setting next_dagrun for tmdb_incremental_sync to 2026-07-21 00:00:00+00:00, run_after=2026-07-22 00:00:00+00:00
[2026-07-21T21:27:43.063+0000] {processor.py:208} INFO - Processing /opt/airflow/dags/tmdb_incremental_sync.py took 0.148 seconds
